source,action,case,scope,decile,voxel_count,reliability_mean,pseudo_label_accuracy,aggregation
confidence_rank,blur,CYST_PA62.nii.gz,background,1,358640,0.06471922723439986,0.9219300691501227,case_voxel_bins
confidence_rank,blur,CYST_PA62.nii.gz,background,2,694679,0.15046083486459808,1.0,case_voxel_bins
confidence_rank,blur,CYST_PA62.nii.gz,background,3,704605,0.24985899307599468,1.0,case_voxel_bins
confidence_rank,blur,CYST_PA62.nii.gz,background,4,703686,0.349393291226019,1.0,case_voxel_bins
confidence_rank,blur,CYST_PA62.nii.gz,background,5,715999,0.4496893417743015,1.0,case_voxel_bins
confidence_rank,blur,CYST_PA62.nii.gz,background,6,7790698,0.5046319702368531,1.0,case_voxel_bins
confidence_rank,blur,CYST_PA62.nii.gz,background,7,694138,0.650015303906115,1.0,case_voxel_bins
confidence_rank,blur,CYST_PA62.nii.gz,background,8,720578,0.7499544332749357,1.0,case_voxel_bins
confidence_rank,blur,CYST_PA62.nii.gz,background,9,696334,0.8500487001758176,1.0,case_voxel_bins
confidence_rank,blur,CYST_PA62.nii.gz,background,10,713172,0.9496197941004476,1.0,case_voxel_bins
confidence_rank,blur,CYST_PA62.nii.gz,foreground,1,350154,0.03506793537144798,0.5831776875317717,case_voxel_bins
confidence_rank,blur,CYST_PA62.nii.gz,foreground,2,12120,0.12779503425109898,0.8226897689768977,case_voxel_bins
confidence_rank,blur,CYST_PA62.nii.gz,foreground,3,859,0.2326326463046257,0.7846332945285215,case_voxel_bins
confidence_rank,blur,CYST_PA62.nii.gz,foreground,4,99,0.33273161119884914,0.494949494949495,case_voxel_bins
confidence_rank,blur,CYST_PA62.nii.gz,foreground,5,12,0.4260639821489652,0.0,case_voxel_bins
confidence_rank,blur,CYST_PA62.nii.gz,foreground,6,3,0.5298837820688883,0.0,case_voxel_bins
confidence_rank,blur,CYST_PA62.nii.gz,overall,1,708794,0.050071080592385284,0.75458172614328,case_voxel_bins
confidence_rank,blur,CYST_PA62.nii.gz,overall,2,706799,0.15007216778465654,0.9969595316348778,case_voxel_bins
confidence_rank,blur,CYST_PA62.nii.gz,overall,3,705464,0.2498380176160469,0.9997377612464987,case_voxel_bins
confidence_rank,blur,CYST_PA62.nii.gz,overall,4,703785,0.3493909474614848,0.9999289555759217,case_voxel_bins
confidence_rank,blur,CYST_PA62.nii.gz,overall,5,716011,0.4496889458246366,0.9999832404809423,case_voxel_bins
confidence_rank,blur,CYST_PA62.nii.gz,overall,6,7790701,0.5046319799606811,0.9999996149255375,case_voxel_bins
confidence_rank,blur,CYST_PA62.nii.gz,overall,7,694138,0.650015303906115,1.0,case_voxel_bins
confidence_rank,blur,CYST_PA62.nii.gz,overall,8,720578,0.7499544332749357,1.0,case_voxel_bins
confidence_rank,blur,CYST_PA62.nii.gz,overall,9,696334,0.8500487001758176,1.0,case_voxel_bins
confidence_rank,blur,CYST_PA62.nii.gz,overall,10,713172,0.9496197941004476,1.0,case_voxel_bins
confidence_rank,gamma,CYST_PA62.nii.gz,background,1,358640,0.06471922723439986,0.9219300691501227,case_voxel_bins
confidence_rank,gamma,CYST_PA62.nii.gz,background,2,694679,0.15046083486459808,1.0,case_voxel_bins
confidence_rank,gamma,CYST_PA62.nii.gz,background,3,704605,0.24985899307599468,1.0,case_voxel_bins
confidence_rank,gamma,CYST_PA62.nii.gz,background,4,703686,0.349393291226019,1.0,case_voxel_bins
confidence_rank,gamma,CYST_PA62.nii.gz,background,5,715999,0.4496893417743015,1.0,case_voxel_bins
confidence_rank,gamma,CYST_PA62.nii.gz,background,6,7790698,0.5046319702368531,1.0,case_voxel_bins
confidence_rank,gamma,CYST_PA62.nii.gz,background,7,694138,0.650015303906115,1.0,case_voxel_bins
confidence_rank,gamma,CYST_PA62.nii.gz,background,8,720578,0.7499544332749357,1.0,case_voxel_bins
confidence_rank,gamma,CYST_PA62.nii.gz,background,9,696334,0.8500487001758176,1.0,case_voxel_bins
confidence_rank,gamma,CYST_PA62.nii.gz,background,10,713172,0.9496197941004476,1.0,case_voxel_bins
confidence_rank,gamma,CYST_PA62.nii.gz,foreground,1,350154,0.03506793537144798,0.5831776875317717,case_voxel_bins
confidence_rank,gamma,CYST_PA62.nii.gz,foreground,2,12120,0.12779503425109898,0.8226897689768977,case_voxel_bins
confidence_rank,gamma,CYST_PA62.nii.gz,foreground,3,859,0.2326326463046257,0.7846332945285215,case_voxel_bins
confidence_rank,gamma,CYST_PA62.nii.gz,foreground,4,99,0.33273161119884914,0.494949494949495,case_voxel_bins
confidence_rank,gamma,CYST_PA62.nii.gz,foreground,5,12,0.4260639821489652,0.0,case_voxel_bins
confidence_rank,gamma,CYST_PA62.nii.gz,foreground,6,3,0.5298837820688883,0.0,case_voxel_bins
confidence_rank,gamma,CYST_PA62.nii.gz,overall,1,708794,0.050071080592385284,0.75458172614328,case_voxel_bins
confidence_rank,gamma,CYST_PA62.nii.gz,overall,2,706799,0.15007216778465654,0.9969595316348778,case_voxel_bins
confidence_rank,gamma,CYST_PA62.nii.gz,overall,3,705464,0.2498380176160469,0.9997377612464987,case_voxel_bins
confidence_rank,gamma,CYST_PA62.nii.gz,overall,4,703785,0.3493909474614848,0.9999289555759217,case_voxel_bins
confidence_rank,gamma,CYST_PA62.nii.gz,overall,5,716011,0.4496889458246366,0.9999832404809423,case_voxel_bins
confidence_rank,gamma,CYST_PA62.nii.gz,overall,6,7790701,0.5046319799606811,0.9999996149255375,case_voxel_bins
confidence_rank,gamma,CYST_PA62.nii.gz,overall,7,694138,0.650015303906115,1.0,case_voxel_bins
confidence_rank,gamma,CYST_PA62.nii.gz,overall,8,720578,0.7499544332749357,1.0,case_voxel_bins
confidence_rank,gamma,CYST_PA62.nii.gz,overall,9,696334,0.8500487001758176,1.0,case_voxel_bins
confidence_rank,gamma,CYST_PA62.nii.gz,overall,10,713172,0.9496197941004476,1.0,case_voxel_bins
joint_product,blur,CYST_PA62.nii.gz,background,1,3252871,0.05389330355227473,0.9913925267863374,case_voxel_bins
joint_product,blur,CYST_PA62.nii.gz,background,2,3087546,0.14781543596699648,1.0,case_voxel_bins
joint_product,blur,CYST_PA62.nii.gz,background,3,2348427,0.24786143071267874,1.0,case_voxel_bins
joint_product,blur,CYST_PA62.nii.gz,background,4,1939137,0.3489618730403915,1.0,case_voxel_bins
joint_product,blur,CYST_PA62.nii.gz,background,5,1774055,0.4495070525954171,1.0,case_voxel_bins
joint_product,blur,CYST_PA62.nii.gz,background,6,281868,0.5482848060363343,1.0,case_voxel_bins
joint_product,blur,CYST_PA62.nii.gz,background,7,259326,0.6506035892361106,1.0,case_voxel_bins
joint_product,blur,CYST_PA62.nii.gz,background,8,285752,0.7508373319753932,1.0,case_voxel_bins
joint_product,blur,CYST_PA62.nii.gz,background,9,303423,0.8509107585423948,1.0,case_voxel_bins
joint_product,blur,CYST_PA62.nii.gz,background,10,260124,0.9439538217640706,1.0,case_voxel_bins
joint_product,blur,CYST_PA62.nii.gz,foreground,1,362249,0.005656465208007783,0.5908477318087835,case_voxel_bins
joint_product,blur,CYST_PA62.nii.gz,foreground,2,776,0.13649498947809652,0.8247422680412371,case_voxel_bins
joint_product,blur,CYST_PA62.nii.gz,foreground,3,197,0.23784580206507958,1.0,case_voxel_bins
joint_product,blur,CYST_PA62.nii.gz,foreground,4,25,0.3196710956096649,1.0,case_voxel_bins
joint_product,blur,CYST_PA62.nii.gz,overall,1,3615120,0.049059785867281734,0.9512563898293832,case_voxel_bins
joint_product,blur,CYST_PA62.nii.gz,overall,2,3088322,0.14781259148819037,0.9999559631411491,case_voxel_bins
joint_product,blur,CYST_PA62.nii.gz,overall,3,2348624,0.2478605906127549,1.0,case_voxel_bins
joint_product,blur,CYST_PA62.nii.gz,overall,4,1939162,0.3489614954188025,1.0,case_voxel_bins
joint_product,blur,CYST_PA62.nii.gz,overall,5,1774055,0.4495070525954171,1.0,case_voxel_bins
joint_product,blur,CYST_PA62.nii.gz,overall,6,281868,0.5482848060363343,1.0,case_voxel_bins
joint_product,blur,CYST_PA62.nii.gz,overall,7,259326,0.6506035892361106,1.0,case_voxel_bins
joint_product,blur,CYST_PA62.nii.gz,overall,8,285752,0.7508373319753932,1.0,case_voxel_bins
joint_product,blur,CYST_PA62.nii.gz,overall,9,303423,0.8509107585423948,1.0,case_voxel_bins
joint_product,blur,CYST_PA62.nii.gz,overall,10,260124,0.9439538217640706,1.0,case_voxel_bins
joint_product,gamma,CYST_PA62.nii.gz,background,1,3252871,0.05389330355227473,0.9913925267863374,case_voxel_bins
joint_product,gamma,CYST_PA62.nii.gz,background,2,3087546,0.14781543596699648,1.0,case_voxel_bins
joint_product,gamma,CYST_PA62.nii.gz,background,3,2348427,0.24786143071267874,1.0,case_voxel_bins
joint_product,gamma,CYST_PA62.nii.gz,background,4,1939137,0.3489618730403915,1.0,case_voxel_bins
joint_product,gamma,CYST_PA62.nii.gz,background,5,1774055,0.4495070525954171,1.0,case_voxel_bins
joint_product,gamma,CYST_PA62.nii.gz,background,6,281868,0.5482848060363343,1.0,case_voxel_bins
joint_product,gamma,CYST_PA62.nii.gz,background,7,259326,0.6506035892361106,1.0,case_voxel_bins
joint_product,gamma,CYST_PA62.nii.gz,background,8,285752,0.7508373319753932,1.0,case_voxel_bins
joint_product,gamma,CYST_PA62.nii.gz,background,9,303423,0.8509107585423948,1.0,case_voxel_bins
joint_product,gamma,CYST_PA62.nii.gz,background,10,260124,0.9439538217640706,1.0,case_voxel_bins
joint_product,gamma,CYST_PA62.nii.gz,foreground,1,362249,0.005656465208007783,0.5908477318087835,case_voxel_bins
joint_product,gamma,CYST_PA62.nii.gz,foreground,2,776,0.13649498947809652,0.8247422680412371,case_voxel_bins
joint_product,gamma,CYST_PA62.nii.gz,foreground,3,197,0.23784580206507958,1.0,case_voxel_bins
joint_product,gamma,CYST_PA62.nii.gz,foreground,4,25,0.3196710956096649,1.0,case_voxel_bins
joint_product,gamma,CYST_PA62.nii.gz,overall,1,3615120,0.049059785867281734,0.9512563898293832,case_voxel_bins
joint_product,gamma,CYST_PA62.nii.gz,overall,2,3088322,0.14781259148819037,0.9999559631411491,case_voxel_bins
joint_product,gamma,CYST_PA62.nii.gz,overall,3,2348624,0.2478605906127549,1.0,case_voxel_bins
joint_product,gamma,CYST_PA62.nii.gz,overall,4,1939162,0.3489614954188025,1.0,case_voxel_bins
joint_product,gamma,CYST_PA62.nii.gz,overall,5,1774055,0.4495070525954171,1.0,case_voxel_bins
joint_product,gamma,CYST_PA62.nii.gz,overall,6,281868,0.5482848060363343,1.0,case_voxel_bins
joint_product,gamma,CYST_PA62.nii.gz,overall,7,259326,0.6506035892361106,1.0,case_voxel_bins
joint_product,gamma,CYST_PA62.nii.gz,overall,8,285752,0.7508373319753932,1.0,case_voxel_bins
joint_product,gamma,CYST_PA62.nii.gz,overall,9,303423,0.8509107585423948,1.0,case_voxel_bins
joint_product,gamma,CYST_PA62.nii.gz,overall,10,260124,0.9439538217640706,1.0,case_voxel_bins
world_pairwise,blur,CYST_PA62.nii.gz,background,1,1146134,0.05485090852395539,0.9764966400089344,case_voxel_bins
world_pairwise,blur,CYST_PA62.nii.gz,background,2,1386677,0.15013811257117818,0.999442552230981,case_voxel_bins
world_pairwise,blur,CYST_PA62.nii.gz,background,3,1397783,0.25001969297131466,0.9998147065746257,case_voxel_bins
world_pairwise,blur,CYST_PA62.nii.gz,background,4,1398121,0.34998565168242185,0.9999842645951245,case_voxel_bins
world_pairwise,blur,CYST_PA62.nii.gz,background,5,1407621,0.45000483366034005,0.9999971583259982,case_voxel_bins
world_pairwise,blur,CYST_PA62.nii.gz,background,6,1408011,0.549997084541426,0.9999978693348276,case_voxel_bins
world_pairwise,blur,CYST_PA62.nii.gz,background,7,1408118,0.6500001321160763,1.0,case_voxel_bins
world_pairwise,blur,CYST_PA62.nii.gz,background,8,1411812,0.7500263358579718,1.0,case_voxel_bins
world_pairwise,blur,CYST_PA62.nii.gz,background,9,1414820,0.8500086988629253,1.0,case_voxel_bins
world_pairwise,blur,CYST_PA62.nii.gz,background,10,1413432,0.9499265226307416,1.0,case_voxel_bins
world_pairwise,blur,CYST_PA62.nii.gz,foreground,1,269444,0.029365392394486763,0.6774246225560785,case_voxel_bins
world_pairwise,blur,CYST_PA62.nii.gz,foreground,2,28901,0.14337194085529506,0.5056572436939898,case_voxel_bins
world_pairwise,blur,CYST_PA62.nii.gz,foreground,3,17795,0.248453129640822,0.43737004776622646,case_voxel_bins
world_pairwise,blur,CYST_PA62.nii.gz,foreground,4,17455,0.3511458467972787,0.4427957605270696,case_voxel_bins
world_pairwise,blur,CYST_PA62.nii.gz,foreground,5,7956,0.4491234365391815,0.016465560583207643,case_voxel_bins
world_pairwise,blur,CYST_PA62.nii.gz,foreground,6,7568,0.550525241765739,0.0005285412262156448,case_voxel_bins
world_pairwise,blur,CYST_PA62.nii.gz,foreground,7,7460,0.649969697326182,0.0,case_voxel_bins
world_pairwise,blur,CYST_PA62.nii.gz,foreground,8,3766,0.7401271157136827,0.0,case_voxel_bins
world_pairwise,blur,CYST_PA62.nii.gz,foreground,9,758,0.8338161890141882,0.0,case_voxel_bins
world_pairwise,blur,CYST_PA62.nii.gz,foreground,10,2144,0.9984306440090955,0.9827425373134329,case_voxel_bins
world_pairwise,blur,CYST_PA62.nii.gz,overall,1,1415578,0.04999994347081911,0.9195706630083259,case_voxel_bins
world_pairwise,blur,CYST_PA62.nii.gz,overall,2,1415578,0.14999997173488322,0.9893612361876208,case_voxel_bins
world_pairwise,blur,CYST_PA62.nii.gz,overall,3,1415578,0.2499999999593675,0.9927443065659398,case_voxel_bins
world_pairwise,blur,CYST_PA62.nii.gz,overall,4,1415576,0.34999995766509595,0.9931137572267402,case_voxel_bins
world_pairwise,blur,CYST_PA62.nii.gz,overall,5,1415577,0.4499998799238101,0.9944693930460865,case_voxel_bins
world_pairwise,blur,CYST_PA62.nii.gz,overall,6,1415579,0.5499999081873501,0.9946544841368796,case_voxel_bins
world_pairwise,blur,CYST_PA62.nii.gz,overall,7,1415578,0.6499999717267988,0.9947300678592066,case_voxel_bins
world_pairwise,blur,CYST_PA62.nii.gz,overall,8,1415578,0.7499999999986526,0.9973396026216853,case_voxel_bins
world_pairwise,blur,CYST_PA62.nii.gz,overall,9,1415578,0.8500000282545481,0.9994645296832814,case_voxel_bins
world_pairwise,blur,CYST_PA62.nii.gz,overall,10,1415576,0.9499999858967445,0.9999738622299332,case_voxel_bins
world_pairwise,gamma,CYST_PA62.nii.gz,background,1,1146134,0.05485090852395539,0.9764966400089344,case_voxel_bins
world_pairwise,gamma,CYST_PA62.nii.gz,background,2,1386677,0.15013811257117818,0.999442552230981,case_voxel_bins
world_pairwise,gamma,CYST_PA62.nii.gz,background,3,1397783,0.25001969297131466,0.9998147065746257,case_voxel_bins
world_pairwise,gamma,CYST_PA62.nii.gz,background,4,1398121,0.34998565168242185,0.9999842645951245,case_voxel_bins
world_pairwise,gamma,CYST_PA62.nii.gz,background,5,1407621,0.45000483366034005,0.9999971583259982,case_voxel_bins
world_pairwise,gamma,CYST_PA62.nii.gz,background,6,1408011,0.549997084541426,0.9999978693348276,case_voxel_bins
world_pairwise,gamma,CYST_PA62.nii.gz,background,7,1408118,0.6500001321160763,1.0,case_voxel_bins
world_pairwise,gamma,CYST_PA62.nii.gz,background,8,1411812,0.7500263358579718,1.0,case_voxel_bins
world_pairwise,gamma,CYST_PA62.nii.gz,background,9,1414820,0.8500086988629253,1.0,case_voxel_bins
world_pairwise,gamma,CYST_PA62.nii.gz,background,10,1413432,0.9499265226307416,1.0,case_voxel_bins
world_pairwise,gamma,CYST_PA62.nii.gz,foreground,1,269444,0.029365392394486763,0.6774246225560785,case_voxel_bins
world_pairwise,gamma,CYST_PA62.nii.gz,foreground,2,28901,0.14337194085529506,0.5056572436939898,case_voxel_bins
world_pairwise,gamma,CYST_PA62.nii.gz,foreground,3,17795,0.248453129640822,0.43737004776622646,case_voxel_bins
world_pairwise,gamma,CYST_PA62.nii.gz,foreground,4,17455,0.3511458467972787,0.4427957605270696,case_voxel_bins
world_pairwise,gamma,CYST_PA62.nii.gz,foreground,5,7956,0.4491234365391815,0.016465560583207643,case_voxel_bins
world_pairwise,gamma,CYST_PA62.nii.gz,foreground,6,7568,0.550525241765739,0.0005285412262156448,case_voxel_bins
world_pairwise,gamma,CYST_PA62.nii.gz,foreground,7,7460,0.649969697326182,0.0,case_voxel_bins
world_pairwise,gamma,CYST_PA62.nii.gz,foreground,8,3766,0.7401271157136827,0.0,case_voxel_bins
world_pairwise,gamma,CYST_PA62.nii.gz,foreground,9,758,0.8338161890141882,0.0,case_voxel_bins
world_pairwise,gamma,CYST_PA62.nii.gz,foreground,10,2144,0.9984306440090955,0.9827425373134329,case_voxel_bins
world_pairwise,gamma,CYST_PA62.nii.gz,overall,1,1415578,0.04999994347081911,0.9195706630083259,case_voxel_bins
world_pairwise,gamma,CYST_PA62.nii.gz,overall,2,1415578,0.14999997173488322,0.9893612361876208,case_voxel_bins
world_pairwise,gamma,CYST_PA62.nii.gz,overall,3,1415578,0.2499999999593675,0.9927443065659398,case_voxel_bins
world_pairwise,gamma,CYST_PA62.nii.gz,overall,4,1415576,0.34999995766509595,0.9931137572267402,case_voxel_bins
world_pairwise,gamma,CYST_PA62.nii.gz,overall,5,1415577,0.4499998799238101,0.9944693930460865,case_voxel_bins
world_pairwise,gamma,CYST_PA62.nii.gz,overall,6,1415579,0.5499999081873501,0.9946544841368796,case_voxel_bins
world_pairwise,gamma,CYST_PA62.nii.gz,overall,7,1415578,0.6499999717267988,0.9947300678592066,case_voxel_bins
world_pairwise,gamma,CYST_PA62.nii.gz,overall,8,1415578,0.7499999999986526,0.9973396026216853,case_voxel_bins
world_pairwise,gamma,CYST_PA62.nii.gz,overall,9,1415578,0.8500000282545481,0.9994645296832814,case_voxel_bins
world_pairwise,gamma,CYST_PA62.nii.gz,overall,10,1415576,0.9499999858967445,0.9999738622299332,case_voxel_bins
confidence_rank,all,CYST_PA62.nii.gz,overall,1,1417588,0.050071080592385284,0.75458172614328,case_voxel_bins
confidence_rank,all,CYST_PA62.nii.gz,overall,2,1413598,0.15007216778465654,0.9969595316348778,case_voxel_bins
confidence_rank,all,CYST_PA62.nii.gz,overall,3,1410928,0.2498380176160469,0.9997377612464987,case_voxel_bins
confidence_rank,all,CYST_PA62.nii.gz,overall,4,1407570,0.3493909474614848,0.9999289555759217,case_voxel_bins
confidence_rank,all,CYST_PA62.nii.gz,overall,5,1432022,0.4496889458246366,0.9999832404809423,case_voxel_bins
confidence_rank,all,CYST_PA62.nii.gz,overall,6,15581402,0.5046319799606811,0.9999996149255375,case_voxel_bins
confidence_rank,all,CYST_PA62.nii.gz,overall,7,1388276,0.650015303906115,1.0,case_voxel_bins
confidence_rank,all,CYST_PA62.nii.gz,overall,8,1441156,0.7499544332749357,1.0,case_voxel_bins
confidence_rank,all,CYST_PA62.nii.gz,overall,9,1392668,0.8500487001758176,1.0,case_voxel_bins
confidence_rank,all,CYST_PA62.nii.gz,overall,10,1426344,0.9496197941004476,1.0,case_voxel_bins
confidence_rank,all,CYST_PA62.nii.gz,foreground,1,700308,0.03506793537144798,0.5831776875317717,case_voxel_bins
confidence_rank,all,CYST_PA62.nii.gz,foreground,2,24240,0.12779503425109898,0.8226897689768977,case_voxel_bins
confidence_rank,all,CYST_PA62.nii.gz,foreground,3,1718,0.2326326463046257,0.7846332945285215,case_voxel_bins
confidence_rank,all,CYST_PA62.nii.gz,foreground,4,198,0.33273161119884914,0.494949494949495,case_voxel_bins
confidence_rank,all,CYST_PA62.nii.gz,foreground,5,24,0.4260639821489652,0.0,case_voxel_bins
confidence_rank,all,CYST_PA62.nii.gz,foreground,6,6,0.5298837820688883,0.0,case_voxel_bins
confidence_rank,all,CYST_PA62.nii.gz,background,1,717280,0.06471922723439986,0.9219300691501227,case_voxel_bins
confidence_rank,all,CYST_PA62.nii.gz,background,2,1389358,0.15046083486459808,1.0,case_voxel_bins
confidence_rank,all,CYST_PA62.nii.gz,background,3,1409210,0.24985899307599468,1.0,case_voxel_bins
confidence_rank,all,CYST_PA62.nii.gz,background,4,1407372,0.349393291226019,1.0,case_voxel_bins
confidence_rank,all,CYST_PA62.nii.gz,background,5,1431998,0.4496893417743015,1.0,case_voxel_bins
confidence_rank,all,CYST_PA62.nii.gz,background,6,15581396,0.5046319702368531,1.0,case_voxel_bins
confidence_rank,all,CYST_PA62.nii.gz,background,7,1388276,0.650015303906115,1.0,case_voxel_bins
confidence_rank,all,CYST_PA62.nii.gz,background,8,1441156,0.7499544332749357,1.0,case_voxel_bins
confidence_rank,all,CYST_PA62.nii.gz,background,9,1392668,0.8500487001758176,1.0,case_voxel_bins
confidence_rank,all,CYST_PA62.nii.gz,background,10,1426344,0.9496197941004476,1.0,case_voxel_bins
world_pairwise,all,CYST_PA62.nii.gz,overall,1,2831156,0.04999994347081911,0.9195706630083259,case_voxel_bins
world_pairwise,all,CYST_PA62.nii.gz,overall,2,2831156,0.14999997173488322,0.9893612361876208,case_voxel_bins
world_pairwise,all,CYST_PA62.nii.gz,overall,3,2831156,0.2499999999593675,0.9927443065659398,case_voxel_bins
world_pairwise,all,CYST_PA62.nii.gz,overall,4,2831152,0.34999995766509595,0.9931137572267402,case_voxel_bins
world_pairwise,all,CYST_PA62.nii.gz,overall,5,2831154,0.4499998799238101,0.9944693930460865,case_voxel_bins
world_pairwise,all,CYST_PA62.nii.gz,overall,6,2831158,0.5499999081873501,0.9946544841368796,case_voxel_bins
world_pairwise,all,CYST_PA62.nii.gz,overall,7,2831156,0.6499999717267988,0.9947300678592066,case_voxel_bins
world_pairwise,all,CYST_PA62.nii.gz,overall,8,2831156,0.7499999999986526,0.9973396026216853,case_voxel_bins
world_pairwise,all,CYST_PA62.nii.gz,overall,9,2831156,0.8500000282545481,0.9994645296832814,case_voxel_bins
world_pairwise,all,CYST_PA62.nii.gz,overall,10,2831152,0.9499999858967445,0.9999738622299332,case_voxel_bins
world_pairwise,all,CYST_PA62.nii.gz,foreground,1,538888,0.029365392394486763,0.6774246225560785,case_voxel_bins
world_pairwise,all,CYST_PA62.nii.gz,foreground,2,57802,0.14337194085529506,0.5056572436939898,case_voxel_bins
world_pairwise,all,CYST_PA62.nii.gz,foreground,3,35590,0.248453129640822,0.43737004776622646,case_voxel_bins
world_pairwise,all,CYST_PA62.nii.gz,foreground,4,34910,0.3511458467972787,0.4427957605270696,case_voxel_bins
world_pairwise,all,CYST_PA62.nii.gz,foreground,5,15912,0.4491234365391815,0.016465560583207643,case_voxel_bins
world_pairwise,all,CYST_PA62.nii.gz,foreground,6,15136,0.550525241765739,0.0005285412262156448,case_voxel_bins
world_pairwise,all,CYST_PA62.nii.gz,foreground,7,14920,0.649969697326182,0.0,case_voxel_bins
world_pairwise,all,CYST_PA62.nii.gz,foreground,8,7532,0.7401271157136827,0.0,case_voxel_bins
world_pairwise,all,CYST_PA62.nii.gz,foreground,9,1516,0.8338161890141882,0.0,case_voxel_bins
world_pairwise,all,CYST_PA62.nii.gz,foreground,10,4288,0.9984306440090955,0.9827425373134329,case_voxel_bins
world_pairwise,all,CYST_PA62.nii.gz,background,1,2292268,0.05485090852395539,0.9764966400089344,case_voxel_bins
world_pairwise,all,CYST_PA62.nii.gz,background,2,2773354,0.15013811257117818,0.999442552230981,case_voxel_bins
world_pairwise,all,CYST_PA62.nii.gz,background,3,2795566,0.25001969297131466,0.9998147065746257,case_voxel_bins
world_pairwise,all,CYST_PA62.nii.gz,background,4,2796242,0.34998565168242185,0.9999842645951245,case_voxel_bins
world_pairwise,all,CYST_PA62.nii.gz,background,5,2815242,0.45000483366034005,0.9999971583259982,case_voxel_bins
world_pairwise,all,CYST_PA62.nii.gz,background,6,2816022,0.549997084541426,0.9999978693348276,case_voxel_bins
world_pairwise,all,CYST_PA62.nii.gz,background,7,2816236,0.6500001321160763,1.0,case_voxel_bins
world_pairwise,all,CYST_PA62.nii.gz,background,8,2823624,0.7500263358579718,1.0,case_voxel_bins
world_pairwise,all,CYST_PA62.nii.gz,background,9,2829640,0.8500086988629253,1.0,case_voxel_bins
world_pairwise,all,CYST_PA62.nii.gz,background,10,2826864,0.9499265226307416,1.0,case_voxel_bins
joint_product,all,CYST_PA62.nii.gz,overall,1,7230240,0.049059785867281734,0.9512563898293832,case_voxel_bins
joint_product,all,CYST_PA62.nii.gz,overall,2,6176644,0.14781259148819037,0.9999559631411491,case_voxel_bins
joint_product,all,CYST_PA62.nii.gz,overall,3,4697248,0.2478605906127549,1.0,case_voxel_bins
joint_product,all,CYST_PA62.nii.gz,overall,4,3878324,0.3489614954188025,1.0,case_voxel_bins
joint_product,all,CYST_PA62.nii.gz,overall,5,3548110,0.4495070525954171,1.0,case_voxel_bins
joint_product,all,CYST_PA62.nii.gz,overall,6,563736,0.5482848060363343,1.0,case_voxel_bins
joint_product,all,CYST_PA62.nii.gz,overall,7,518652,0.6506035892361106,1.0,case_voxel_bins
joint_product,all,CYST_PA62.nii.gz,overall,8,571504,0.7508373319753932,1.0,case_voxel_bins
joint_product,all,CYST_PA62.nii.gz,overall,9,606846,0.8509107585423948,1.0,case_voxel_bins
joint_product,all,CYST_PA62.nii.gz,overall,10,520248,0.9439538217640706,1.0,case_voxel_bins
joint_product,all,CYST_PA62.nii.gz,foreground,1,724498,0.005656465208007783,0.5908477318087835,case_voxel_bins
joint_product,all,CYST_PA62.nii.gz,foreground,2,1552,0.13649498947809652,0.8247422680412371,case_voxel_bins
joint_product,all,CYST_PA62.nii.gz,foreground,3,394,0.23784580206507958,1.0,case_voxel_bins
joint_product,all,CYST_PA62.nii.gz,foreground,4,50,0.3196710956096649,1.0,case_voxel_bins
joint_product,all,CYST_PA62.nii.gz,background,1,6505742,0.05389330355227473,0.9913925267863374,case_voxel_bins
joint_product,all,CYST_PA62.nii.gz,background,2,6175092,0.14781543596699648,1.0,case_voxel_bins
joint_product,all,CYST_PA62.nii.gz,background,3,4696854,0.24786143071267874,1.0,case_voxel_bins
joint_product,all,CYST_PA62.nii.gz,background,4,3878274,0.3489618730403915,1.0,case_voxel_bins
joint_product,all,CYST_PA62.nii.gz,background,5,3548110,0.4495070525954171,1.0,case_voxel_bins
joint_product,all,CYST_PA62.nii.gz,background,6,563736,0.5482848060363343,1.0,case_voxel_bins
joint_product,all,CYST_PA62.nii.gz,background,7,518652,0.6506035892361106,1.0,case_voxel_bins
joint_product,all,CYST_PA62.nii.gz,background,8,571504,0.7508373319753932,1.0,case_voxel_bins
joint_product,all,CYST_PA62.nii.gz,background,9,606846,0.8509107585423948,1.0,case_voxel_bins
joint_product,all,CYST_PA62.nii.gz,background,10,520248,0.9439538217640706,1.0,case_voxel_bins
confidence_rank,blur,HEM_PA29.nii.gz,background,1,183210,0.0751998007379991,0.9649909939413788,case_voxel_bins
confidence_rank,blur,HEM_PA29.nii.gz,background,2,697484,0.15022331347662315,1.0,case_voxel_bins
confidence_rank,blur,HEM_PA29.nii.gz,background,3,706936,0.2498839691552852,1.0,case_voxel_bins
confidence_rank,blur,HEM_PA29.nii.gz,background,4,708372,0.34993929471816493,1.0,case_voxel_bins
confidence_rank,blur,HEM_PA29.nii.gz,background,5,706690,0.4499302694815616,1.0,case_voxel_bins
confidence_rank,blur,HEM_PA29.nii.gz,background,6,7785507,0.5045312980174578,1.0,case_voxel_bins
confidence_rank,blur,HEM_PA29.nii.gz,background,7,715345,0.6503830714874155,1.0,case_voxel_bins
confidence_rank,blur,HEM_PA29.nii.gz,background,8,696020,0.7500910389580427,1.0,case_voxel_bins
confidence_rank,blur,HEM_PA29.nii.gz,background,9,711277,0.8495091257501268,1.0,case_voxel_bins
confidence_rank,blur,HEM_PA29.nii.gz,background,10,709504,0.9498784732505016,1.0,case_voxel_bins
confidence_rank,blur,HEM_PA29.nii.gz,foreground,1,524381,0.041176849026985395,0.6569135800114801,case_voxel_bins
confidence_rank,blur,HEM_PA29.nii.gz,foreground,2,9529,0.12751986011385805,0.000209885612341274,case_voxel_bins
confidence_rank,blur,HEM_PA29.nii.gz,foreground,3,926,0.23743776508785994,0.0,case_voxel_bins
confidence_rank,blur,HEM_PA29.nii.gz,foreground,4,299,0.340179113440689,0.0,case_voxel_bins
confidence_rank,blur,HEM_PA29.nii.gz,foreground,5,131,0.4437884394904129,0.0,case_voxel_bins
confidence_rank,blur,HEM_PA29.nii.gz,foreground,6,70,0.5413676108632769,0.0,case_voxel_bins
confidence_rank,blur,HEM_PA29.nii.gz,foreground,7,41,0.6552784268448992,0.0,case_voxel_bins
confidence_rank,blur,HEM_PA29.nii.gz,foreground,8,30,0.7439968128999074,0.0,case_voxel_bins
confidence_rank,blur,HEM_PA29.nii.gz,foreground,9,15,0.8430609544118245,0.0,case_voxel_bins
confidence_rank,blur,HEM_PA29.nii.gz,foreground,10,9,0.9338544805844625,0.0,case_voxel_bins
confidence_rank,blur,HEM_PA29.nii.gz,overall,1,707591,0.04998609756600698,0.7366812183874583,case_voxel_bins
confidence_rank,blur,HEM_PA29.nii.gz,overall,2,707013,0.1499173202245984,0.9865250002475202,case_voxel_bins
confidence_rank,blur,HEM_PA29.nii.gz,overall,3,707862,0.24986768747189717,0.9986918354142474,case_voxel_bins
confidence_rank,blur,HEM_PA29.nii.gz,overall,4,708671,0.3499351767364753,0.9995780834830267,case_voxel_bins
confidence_rank,blur,HEM_PA29.nii.gz,overall,5,706821,0.4499291311739436,0.999814663118385,case_voxel_bins
confidence_rank,blur,HEM_PA29.nii.gz,overall,6,7785577,0.5045316292121655,0.9999910090157736,case_voxel_bins
confidence_rank,blur,HEM_PA29.nii.gz,overall,7,715386,0.6503833520486365,0.999942688282969,case_voxel_bins
confidence_rank,blur,HEM_PA29.nii.gz,overall,8,696050,0.7500907762947545,0.9999568996480138,case_voxel_bins
confidence_rank,blur,HEM_PA29.nii.gz,overall,9,711292,0.849508989768603,0.9999789116143581,case_voxel_bins
confidence_rank,blur,HEM_PA29.nii.gz,overall,10,709513,0.9498782699900482,0.9999873152429906,case_voxel_bins
confidence_rank,gamma,HEM_PA29.nii.gz,background,1,183210,0.0751998007379991,0.9649909939413788,case_voxel_bins
confidence_rank,gamma,HEM_PA29.nii.gz,background,2,697484,0.15022331347662315,1.0,case_voxel_bins
confidence_rank,gamma,HEM_PA29.nii.gz,background,3,706936,0.2498839691552852,1.0,case_voxel_bins
confidence_rank,gamma,HEM_PA29.nii.gz,background,4,708372,0.34993929471816493,1.0,case_voxel_bins
confidence_rank,gamma,HEM_PA29.nii.gz,background,5,706690,0.4499302694815616,1.0,case_voxel_bins
confidence_rank,gamma,HEM_PA29.nii.gz,background,6,7785507,0.5045312980174578,1.0,case_voxel_bins
confidence_rank,gamma,HEM_PA29.nii.gz,background,7,715345,0.6503830714874155,1.0,case_voxel_bins
confidence_rank,gamma,HEM_PA29.nii.gz,background,8,696020,0.7500910389580427,1.0,case_voxel_bins
confidence_rank,gamma,HEM_PA29.nii.gz,background,9,711277,0.8495091257501268,1.0,case_voxel_bins
confidence_rank,gamma,HEM_PA29.nii.gz,background,10,709504,0.9498784732505016,1.0,case_voxel_bins
confidence_rank,gamma,HEM_PA29.nii.gz,foreground,1,524381,0.041176849026985395,0.6569135800114801,case_voxel_bins
confidence_rank,gamma,HEM_PA29.nii.gz,foreground,2,9529,0.12751986011385805,0.000209885612341274,case_voxel_bins
confidence_rank,gamma,HEM_PA29.nii.gz,foreground,3,926,0.23743776508785994,0.0,case_voxel_bins
confidence_rank,gamma,HEM_PA29.nii.gz,foreground,4,299,0.340179113440689,0.0,case_voxel_bins
confidence_rank,gamma,HEM_PA29.nii.gz,foreground,5,131,0.4437884394904129,0.0,case_voxel_bins
confidence_rank,gamma,HEM_PA29.nii.gz,foreground,6,70,0.5413676108632769,0.0,case_voxel_bins
confidence_rank,gamma,HEM_PA29.nii.gz,foreground,7,41,0.6552784268448992,0.0,case_voxel_bins
confidence_rank,gamma,HEM_PA29.nii.gz,foreground,8,30,0.7439968128999074,0.0,case_voxel_bins
confidence_rank,gamma,HEM_PA29.nii.gz,foreground,9,15,0.8430609544118245,0.0,case_voxel_bins
confidence_rank,gamma,HEM_PA29.nii.gz,foreground,10,9,0.9338544805844625,0.0,case_voxel_bins
confidence_rank,gamma,HEM_PA29.nii.gz,overall,1,707591,0.04998609756600698,0.7366812183874583,case_voxel_bins
confidence_rank,gamma,HEM_PA29.nii.gz,overall,2,707013,0.1499173202245984,0.9865250002475202,case_voxel_bins
confidence_rank,gamma,HEM_PA29.nii.gz,overall,3,707862,0.24986768747189717,0.9986918354142474,case_voxel_bins
confidence_rank,gamma,HEM_PA29.nii.gz,overall,4,708671,0.3499351767364753,0.9995780834830267,case_voxel_bins
confidence_rank,gamma,HEM_PA29.nii.gz,overall,5,706821,0.4499291311739436,0.999814663118385,case_voxel_bins
confidence_rank,gamma,HEM_PA29.nii.gz,overall,6,7785577,0.5045316292121655,0.9999910090157736,case_voxel_bins
confidence_rank,gamma,HEM_PA29.nii.gz,overall,7,715386,0.6503833520486365,0.999942688282969,case_voxel_bins
confidence_rank,gamma,HEM_PA29.nii.gz,overall,8,696050,0.7500907762947545,0.9999568996480138,case_voxel_bins
confidence_rank,gamma,HEM_PA29.nii.gz,overall,9,711292,0.849508989768603,0.9999789116143581,case_voxel_bins
confidence_rank,gamma,HEM_PA29.nii.gz,overall,10,709513,0.9498782699900482,0.9999873152429906,case_voxel_bins
joint_product,blur,HEM_PA29.nii.gz,background,1,2586944,0.05446720891528302,0.9975206266544618,case_voxel_bins
joint_product,blur,HEM_PA29.nii.gz,background,2,3241242,0.14905637201727695,1.0,case_voxel_bins
joint_product,blur,HEM_PA29.nii.gz,background,3,2719020,0.24817460587276308,1.0,case_voxel_bins
joint_product,blur,HEM_PA29.nii.gz,background,4,2188841,0.34837110999582804,1.0,case_voxel_bins
joint_product,blur,HEM_PA29.nii.gz,background,5,1870022,0.4489291770524205,1.0,case_voxel_bins
joint_product,blur,HEM_PA29.nii.gz,background,6,281608,0.5468057420116701,1.0,case_voxel_bins
joint_product,blur,HEM_PA29.nii.gz,background,7,210901,0.6483774506221798,1.0,case_voxel_bins
joint_product,blur,HEM_PA29.nii.gz,background,8,183642,0.7495507194655056,1.0,case_voxel_bins
joint_product,blur,HEM_PA29.nii.gz,background,9,180689,0.8503111424851667,1.0,case_voxel_bins
joint_product,blur,HEM_PA29.nii.gz,background,10,157436,0.9430546992089485,1.0,case_voxel_bins
joint_product,blur,HEM_PA29.nii.gz,foreground,1,531293,0.005236862932448534,0.648371049496229,case_voxel_bins
joint_product,blur,HEM_PA29.nii.gz,foreground,2,3334,0.1303590599405029,0.0,case_voxel_bins
joint_product,blur,HEM_PA29.nii.gz,foreground,3,422,0.23876224447624378,0.0,case_voxel_bins
joint_product,blur,HEM_PA29.nii.gz,foreground,4,167,0.3388817451314298,0.0,case_voxel_bins
joint_product,blur,HEM_PA29.nii.gz,foreground,5,89,0.45090836018658753,0.0,case_voxel_bins
joint_product,blur,HEM_PA29.nii.gz,foreground,6,43,0.5385050177574158,0.0,case_voxel_bins
joint_product,blur,HEM_PA29.nii.gz,foreground,7,46,0.648312314696934,0.0,case_voxel_bins
joint_product,blur,HEM_PA29.nii.gz,foreground,8,24,0.7432292277614275,0.0,case_voxel_bins
joint_product,blur,HEM_PA29.nii.gz,foreground,9,13,0.8252400205685542,0.0,case_voxel_bins
joint_product,blur,HEM_PA29.nii.gz,overall,1,3118237,0.04607921973798238,0.9380316505769125,case_voxel_bins
joint_product,blur,HEM_PA29.nii.gz,overall,2,3244576,0.149037159387194,0.9989724389257642,case_voxel_bins
joint_product,blur,HEM_PA29.nii.gz,overall,3,2719442,0.24817314527293804,0.9998448211066829,case_voxel_bins
joint_product,blur,HEM_PA29.nii.gz,overall,4,2189008,0.34837038604966963,0.999923709735186,case_voxel_bins
joint_product,blur,HEM_PA29.nii.gz,overall,5,1870111,0.44892927124324605,0.9999524092420182,case_voxel_bins
joint_product,blur,HEM_PA29.nii.gz,overall,6,281651,0.5468044747300239,0.9998473287863349,case_voxel_bins
joint_product,blur,HEM_PA29.nii.gz,overall,7,210947,0.648377436418363,0.9997819357468938,case_voxel_bins
joint_product,blur,HEM_PA29.nii.gz,overall,8,183666,0.7495498934236638,0.9998693280193395,case_voxel_bins
joint_product,blur,HEM_PA29.nii.gz,overall,9,180702,0.850309338827294,0.9999280583502119,case_voxel_bins
joint_product,blur,HEM_PA29.nii.gz,overall,10,157436,0.9430546992089485,1.0,case_voxel_bins
joint_product,gamma,HEM_PA29.nii.gz,background,1,2586944,0.05446720891528302,0.9975206266544618,case_voxel_bins
joint_product,gamma,HEM_PA29.nii.gz,background,2,3241242,0.14905637201727695,1.0,case_voxel_bins
joint_product,gamma,HEM_PA29.nii.gz,background,3,2719020,0.24817460587276308,1.0,case_voxel_bins
joint_product,gamma,HEM_PA29.nii.gz,background,4,2188841,0.34837110999582804,1.0,case_voxel_bins
joint_product,gamma,HEM_PA29.nii.gz,background,5,1870022,0.4489291770524205,1.0,case_voxel_bins
joint_product,gamma,HEM_PA29.nii.gz,background,6,281608,0.5468057420116701,1.0,case_voxel_bins
joint_product,gamma,HEM_PA29.nii.gz,background,7,210901,0.6483774506221798,1.0,case_voxel_bins
joint_product,gamma,HEM_PA29.nii.gz,background,8,183642,0.7495507194655056,1.0,case_voxel_bins
joint_product,gamma,HEM_PA29.nii.gz,background,9,180689,0.8503111424851667,1.0,case_voxel_bins
joint_product,gamma,HEM_PA29.nii.gz,background,10,157436,0.9430546992089485,1.0,case_voxel_bins
joint_product,gamma,HEM_PA29.nii.gz,foreground,1,531293,0.005236862932448534,0.648371049496229,case_voxel_bins
joint_product,gamma,HEM_PA29.nii.gz,foreground,2,3334,0.1303590599405029,0.0,case_voxel_bins
joint_product,gamma,HEM_PA29.nii.gz,foreground,3,422,0.23876224447624378,0.0,case_voxel_bins
joint_product,gamma,HEM_PA29.nii.gz,foreground,4,167,0.3388817451314298,0.0,case_voxel_bins
joint_product,gamma,HEM_PA29.nii.gz,foreground,5,89,0.45090836018658753,0.0,case_voxel_bins
joint_product,gamma,HEM_PA29.nii.gz,foreground,6,43,0.5385050177574158,0.0,case_voxel_bins
joint_product,gamma,HEM_PA29.nii.gz,foreground,7,46,0.648312314696934,0.0,case_voxel_bins
joint_product,gamma,HEM_PA29.nii.gz,foreground,8,24,0.7432292277614275,0.0,case_voxel_bins
joint_product,gamma,HEM_PA29.nii.gz,foreground,9,13,0.8252400205685542,0.0,case_voxel_bins
joint_product,gamma,HEM_PA29.nii.gz,overall,1,3118237,0.04607921973798238,0.9380316505769125,case_voxel_bins
joint_product,gamma,HEM_PA29.nii.gz,overall,2,3244576,0.149037159387194,0.9989724389257642,case_voxel_bins
joint_product,gamma,HEM_PA29.nii.gz,overall,3,2719442,0.24817314527293804,0.9998448211066829,case_voxel_bins
joint_product,gamma,HEM_PA29.nii.gz,overall,4,2189008,0.34837038604966963,0.999923709735186,case_voxel_bins
joint_product,gamma,HEM_PA29.nii.gz,overall,5,1870111,0.44892927124324605,0.9999524092420182,case_voxel_bins
joint_product,gamma,HEM_PA29.nii.gz,overall,6,281651,0.5468044747300239,0.9998473287863349,case_voxel_bins
joint_product,gamma,HEM_PA29.nii.gz,overall,7,210947,0.648377436418363,0.9997819357468938,case_voxel_bins
joint_product,gamma,HEM_PA29.nii.gz,overall,8,183666,0.7495498934236638,0.9998693280193395,case_voxel_bins
joint_product,gamma,HEM_PA29.nii.gz,overall,9,180702,0.850309338827294,0.9999280583502119,case_voxel_bins
joint_product,gamma,HEM_PA29.nii.gz,overall,10,157436,0.9430546992089485,1.0,case_voxel_bins
world_pairwise,blur,HEM_PA29.nii.gz,background,1,954786,0.05431511865774664,0.9932822642979683,case_voxel_bins
world_pairwise,blur,HEM_PA29.nii.gz,background,2,1389555,0.15023768041360974,1.0,case_voxel_bins
world_pairwise,blur,HEM_PA29.nii.gz,background,3,1405654,0.25001627864993686,1.0,case_voxel_bins
world_pairwise,blur,HEM_PA29.nii.gz,background,4,1408209,0.3500036406972835,1.0,case_voxel_bins
world_pairwise,blur,HEM_PA29.nii.gz,background,5,1408551,0.44999144176475164,1.0,case_voxel_bins
world_pairwise,blur,HEM_PA29.nii.gz,background,6,1410266,0.5500130047756423,1.0,case_voxel_bins
world_pairwise,blur,HEM_PA29.nii.gz,background,7,1411741,0.6500032803351935,1.0,case_voxel_bins
world_pairwise,blur,HEM_PA29.nii.gz,background,8,1410550,0.7499958591178318,1.0,case_voxel_bins
world_pairwise,blur,HEM_PA29.nii.gz,background,9,1410484,0.8500015867838894,1.0,case_voxel_bins
world_pairwise,blur,HEM_PA29.nii.gz,background,10,1410549,0.9499763456246682,1.0,case_voxel_bins
world_pairwise,blur,HEM_PA29.nii.gz,foreground,1,460792,0.04105866665291611,0.7302383721939617,case_voxel_bins
world_pairwise,blur,HEM_PA29.nii.gz,foreground,2,26023,0.1373069970209126,0.25527418053260575,case_voxel_bins
world_pairwise,blur,HEM_PA29.nii.gz,foreground,3,9924,0.247694260756463,0.04201934703748488,case_voxel_bins
world_pairwise,blur,HEM_PA29.nii.gz,foreground,4,7369,0.3493096947847931,0.02781924277378206,case_voxel_bins
world_pairwise,blur,HEM_PA29.nii.gz,foreground,5,7025,0.4517131249760394,0.005409252669039146,case_voxel_bins
world_pairwise,blur,HEM_PA29.nii.gz,foreground,6,5312,0.5465323400896895,0.0,case_voxel_bins
world_pairwise,blur,HEM_PA29.nii.gz,foreground,7,3837,0.6487826403305187,0.0,case_voxel_bins
world_pairwise,blur,HEM_PA29.nii.gz,foreground,8,5028,0.7511616722994032,0.0,case_voxel_bins
world_pairwise,blur,HEM_PA29.nii.gz,foreground,9,5094,0.8495684869040402,0.0,case_voxel_bins
world_pairwise,blur,HEM_PA29.nii.gz,foreground,10,5027,0.9566333107761439,0.13606524766262185,case_voxel_bins
world_pairwise,blur,HEM_PA29.nii.gz,overall,1,1415578,0.04999994349098799,0.9076575080991651,case_voxel_bins
world_pairwise,blur,HEM_PA29.nii.gz,overall,2,1415578,0.14999997173635696,0.9863094792374564,case_voxel_bins
world_pairwise,blur,HEM_PA29.nii.gz,overall,3,1415578,0.2499999999951578,0.9932840154339782,case_voxel_bins
world_pairwise,blur,HEM_PA29.nii.gz,overall,4,1415578,0.35000002825951665,0.9949391697243105,case_voxel_bins
world_pairwise,blur,HEM_PA29.nii.gz,overall,5,1415576,0.44999998586592266,0.9950642000146936,case_voxel_bins
world_pairwise,blur,HEM_PA29.nii.gz,overall,6,1415578,0.5499999434743139,0.9962474692316495,case_voxel_bins
world_pairwise,blur,HEM_PA29.nii.gz,overall,7,1415578,0.6499999717250725,0.9972894464310691,case_voxel_bins
world_pairwise,blur,HEM_PA29.nii.gz,overall,8,1415578,0.7499999999766731,0.996448093994114,case_voxel_bins
world_pairwise,blur,HEM_PA29.nii.gz,overall,9,1415578,0.8500000282609482,0.9964014699295977,case_voxel_bins
world_pairwise,blur,HEM_PA29.nii.gz,overall,10,1415576,0.9499999858699227,0.9969319909351387,case_voxel_bins
world_pairwise,gamma,HEM_PA29.nii.gz,background,1,954786,0.05431511865774664,0.9932822642979683,case_voxel_bins
world_pairwise,gamma,HEM_PA29.nii.gz,background,2,1389555,0.15023768041360974,1.0,case_voxel_bins
world_pairwise,gamma,HEM_PA29.nii.gz,background,3,1405654,0.25001627864993686,1.0,case_voxel_bins
world_pairwise,gamma,HEM_PA29.nii.gz,background,4,1408209,0.3500036406972835,1.0,case_voxel_bins
world_pairwise,gamma,HEM_PA29.nii.gz,background,5,1408551,0.44999144176475164,1.0,case_voxel_bins
world_pairwise,gamma,HEM_PA29.nii.gz,background,6,1410266,0.5500130047756423,1.0,case_voxel_bins
world_pairwise,gamma,HEM_PA29.nii.gz,background,7,1411741,0.6500032803351935,1.0,case_voxel_bins
world_pairwise,gamma,HEM_PA29.nii.gz,background,8,1410550,0.7499958591178318,1.0,case_voxel_bins
world_pairwise,gamma,HEM_PA29.nii.gz,background,9,1410484,0.8500015867838894,1.0,case_voxel_bins
world_pairwise,gamma,HEM_PA29.nii.gz,background,10,1410549,0.9499763456246682,1.0,case_voxel_bins
world_pairwise,gamma,HEM_PA29.nii.gz,foreground,1,460792,0.04105866665291611,0.7302383721939617,case_voxel_bins
world_pairwise,gamma,HEM_PA29.nii.gz,foreground,2,26023,0.1373069970209126,0.25527418053260575,case_voxel_bins
world_pairwise,gamma,HEM_PA29.nii.gz,foreground,3,9924,0.247694260756463,0.04201934703748488,case_voxel_bins
world_pairwise,gamma,HEM_PA29.nii.gz,foreground,4,7369,0.3493096947847931,0.02781924277378206,case_voxel_bins
world_pairwise,gamma,HEM_PA29.nii.gz,foreground,5,7025,0.4517131249760394,0.005409252669039146,case_voxel_bins
world_pairwise,gamma,HEM_PA29.nii.gz,foreground,6,5312,0.5465323400896895,0.0,case_voxel_bins
world_pairwise,gamma,HEM_PA29.nii.gz,foreground,7,3837,0.6487826403305187,0.0,case_voxel_bins
world_pairwise,gamma,HEM_PA29.nii.gz,foreground,8,5028,0.7511616722994032,0.0,case_voxel_bins
world_pairwise,gamma,HEM_PA29.nii.gz,foreground,9,5094,0.8495684869040402,0.0,case_voxel_bins
world_pairwise,gamma,HEM_PA29.nii.gz,foreground,10,5027,0.9566333107761439,0.13606524766262185,case_voxel_bins
world_pairwise,gamma,HEM_PA29.nii.gz,overall,1,1415578,0.04999994349098799,0.9076575080991651,case_voxel_bins
world_pairwise,gamma,HEM_PA29.nii.gz,overall,2,1415578,0.14999997173635696,0.9863094792374564,case_voxel_bins
world_pairwise,gamma,HEM_PA29.nii.gz,overall,3,1415578,0.2499999999951578,0.9932840154339782,case_voxel_bins
world_pairwise,gamma,HEM_PA29.nii.gz,overall,4,1415578,0.35000002825951665,0.9949391697243105,case_voxel_bins
world_pairwise,gamma,HEM_PA29.nii.gz,overall,5,1415576,0.44999998586592266,0.9950642000146936,case_voxel_bins
world_pairwise,gamma,HEM_PA29.nii.gz,overall,6,1415578,0.5499999434743139,0.9962474692316495,case_voxel_bins
world_pairwise,gamma,HEM_PA29.nii.gz,overall,7,1415578,0.6499999717250725,0.9972894464310691,case_voxel_bins
world_pairwise,gamma,HEM_PA29.nii.gz,overall,8,1415578,0.7499999999766731,0.996448093994114,case_voxel_bins
world_pairwise,gamma,HEM_PA29.nii.gz,overall,9,1415578,0.8500000282609482,0.9964014699295977,case_voxel_bins
world_pairwise,gamma,HEM_PA29.nii.gz,overall,10,1415576,0.9499999858699227,0.9969319909351387,case_voxel_bins
confidence_rank,all,HEM_PA29.nii.gz,overall,1,1415182,0.04998609756600698,0.7366812183874583,case_voxel_bins
confidence_rank,all,HEM_PA29.nii.gz,overall,2,1414026,0.1499173202245984,0.9865250002475202,case_voxel_bins
confidence_rank,all,HEM_PA29.nii.gz,overall,3,1415724,0.24986768747189717,0.9986918354142474,case_voxel_bins
confidence_rank,all,HEM_PA29.nii.gz,overall,4,1417342,0.3499351767364753,0.9995780834830267,case_voxel_bins
confidence_rank,all,HEM_PA29.nii.gz,overall,5,1413642,0.4499291311739436,0.999814663118385,case_voxel_bins
confidence_rank,all,HEM_PA29.nii.gz,overall,6,15571154,0.5045316292121655,0.9999910090157736,case_voxel_bins
confidence_rank,all,HEM_PA29.nii.gz,overall,7,1430772,0.6503833520486365,0.999942688282969,case_voxel_bins
confidence_rank,all,HEM_PA29.nii.gz,overall,8,1392100,0.7500907762947545,0.9999568996480138,case_voxel_bins
confidence_rank,all,HEM_PA29.nii.gz,overall,9,1422584,0.849508989768603,0.9999789116143581,case_voxel_bins
confidence_rank,all,HEM_PA29.nii.gz,overall,10,1419026,0.9498782699900482,0.9999873152429906,case_voxel_bins
confidence_rank,all,HEM_PA29.nii.gz,foreground,1,1048762,0.041176849026985395,0.6569135800114801,case_voxel_bins
confidence_rank,all,HEM_PA29.nii.gz,foreground,2,19058,0.12751986011385805,0.000209885612341274,case_voxel_bins
confidence_rank,all,HEM_PA29.nii.gz,foreground,3,1852,0.23743776508785994,0.0,case_voxel_bins
confidence_rank,all,HEM_PA29.nii.gz,foreground,4,598,0.340179113440689,0.0,case_voxel_bins
confidence_rank,all,HEM_PA29.nii.gz,foreground,5,262,0.4437884394904129,0.0,case_voxel_bins
confidence_rank,all,HEM_PA29.nii.gz,foreground,6,140,0.5413676108632769,0.0,case_voxel_bins
confidence_rank,all,HEM_PA29.nii.gz,foreground,7,82,0.6552784268448992,0.0,case_voxel_bins
confidence_rank,all,HEM_PA29.nii.gz,foreground,8,60,0.7439968128999074,0.0,case_voxel_bins
confidence_rank,all,HEM_PA29.nii.gz,foreground,9,30,0.8430609544118245,0.0,case_voxel_bins
confidence_rank,all,HEM_PA29.nii.gz,foreground,10,18,0.9338544805844625,0.0,case_voxel_bins
confidence_rank,all,HEM_PA29.nii.gz,background,1,366420,0.0751998007379991,0.9649909939413788,case_voxel_bins
confidence_rank,all,HEM_PA29.nii.gz,background,2,1394968,0.15022331347662315,1.0,case_voxel_bins
confidence_rank,all,HEM_PA29.nii.gz,background,3,1413872,0.2498839691552852,1.0,case_voxel_bins
confidence_rank,all,HEM_PA29.nii.gz,background,4,1416744,0.34993929471816493,1.0,case_voxel_bins
confidence_rank,all,HEM_PA29.nii.gz,background,5,1413380,0.4499302694815616,1.0,case_voxel_bins
confidence_rank,all,HEM_PA29.nii.gz,background,6,15571014,0.5045312980174578,1.0,case_voxel_bins
confidence_rank,all,HEM_PA29.nii.gz,background,7,1430690,0.6503830714874155,1.0,case_voxel_bins
confidence_rank,all,HEM_PA29.nii.gz,background,8,1392040,0.7500910389580427,1.0,case_voxel_bins
confidence_rank,all,HEM_PA29.nii.gz,background,9,1422554,0.8495091257501268,1.0,case_voxel_bins
confidence_rank,all,HEM_PA29.nii.gz,background,10,1419008,0.9498784732505016,1.0,case_voxel_bins
world_pairwise,all,HEM_PA29.nii.gz,overall,1,2831156,0.04999994349098799,0.9076575080991651,case_voxel_bins
world_pairwise,all,HEM_PA29.nii.gz,overall,2,2831156,0.14999997173635696,0.9863094792374564,case_voxel_bins
world_pairwise,all,HEM_PA29.nii.gz,overall,3,2831156,0.2499999999951578,0.9932840154339782,case_voxel_bins
world_pairwise,all,HEM_PA29.nii.gz,overall,4,2831156,0.35000002825951665,0.9949391697243105,case_voxel_bins
world_pairwise,all,HEM_PA29.nii.gz,overall,5,2831152,0.44999998586592266,0.9950642000146936,case_voxel_bins
world_pairwise,all,HEM_PA29.nii.gz,overall,6,2831156,0.5499999434743139,0.9962474692316495,case_voxel_bins
world_pairwise,all,HEM_PA29.nii.gz,overall,7,2831156,0.6499999717250725,0.9972894464310691,case_voxel_bins
world_pairwise,all,HEM_PA29.nii.gz,overall,8,2831156,0.7499999999766731,0.996448093994114,case_voxel_bins
world_pairwise,all,HEM_PA29.nii.gz,overall,9,2831156,0.8500000282609482,0.9964014699295977,case_voxel_bins
world_pairwise,all,HEM_PA29.nii.gz,overall,10,2831152,0.9499999858699227,0.9969319909351387,case_voxel_bins
world_pairwise,all,HEM_PA29.nii.gz,foreground,1,921584,0.04105866665291611,0.7302383721939617,case_voxel_bins
world_pairwise,all,HEM_PA29.nii.gz,foreground,2,52046,0.1373069970209126,0.25527418053260575,case_voxel_bins
world_pairwise,all,HEM_PA29.nii.gz,foreground,3,19848,0.247694260756463,0.04201934703748488,case_voxel_bins
world_pairwise,all,HEM_PA29.nii.gz,foreground,4,14738,0.3493096947847931,0.02781924277378206,case_voxel_bins
world_pairwise,all,HEM_PA29.nii.gz,foreground,5,14050,0.4517131249760394,0.005409252669039146,case_voxel_bins
world_pairwise,all,HEM_PA29.nii.gz,foreground,6,10624,0.5465323400896895,0.0,case_voxel_bins
world_pairwise,all,HEM_PA29.nii.gz,foreground,7,7674,0.6487826403305187,0.0,case_voxel_bins
world_pairwise,all,HEM_PA29.nii.gz,foreground,8,10056,0.7511616722994032,0.0,case_voxel_bins
world_pairwise,all,HEM_PA29.nii.gz,foreground,9,10188,0.8495684869040402,0.0,case_voxel_bins
world_pairwise,all,HEM_PA29.nii.gz,foreground,10,10054,0.9566333107761439,0.13606524766262185,case_voxel_bins
world_pairwise,all,HEM_PA29.nii.gz,background,1,1909572,0.05431511865774664,0.9932822642979683,case_voxel_bins
world_pairwise,all,HEM_PA29.nii.gz,background,2,2779110,0.15023768041360974,1.0,case_voxel_bins
world_pairwise,all,HEM_PA29.nii.gz,background,3,2811308,0.25001627864993686,1.0,case_voxel_bins
world_pairwise,all,HEM_PA29.nii.gz,background,4,2816418,0.3500036406972835,1.0,case_voxel_bins
world_pairwise,all,HEM_PA29.nii.gz,background,5,2817102,0.44999144176475164,1.0,case_voxel_bins
world_pairwise,all,HEM_PA29.nii.gz,background,6,2820532,0.5500130047756423,1.0,case_voxel_bins
world_pairwise,all,HEM_PA29.nii.gz,background,7,2823482,0.6500032803351935,1.0,case_voxel_bins
world_pairwise,all,HEM_PA29.nii.gz,background,8,2821100,0.7499958591178318,1.0,case_voxel_bins
world_pairwise,all,HEM_PA29.nii.gz,background,9,2820968,0.8500015867838894,1.0,case_voxel_bins
world_pairwise,all,HEM_PA29.nii.gz,background,10,2821098,0.9499763456246682,1.0,case_voxel_bins
joint_product,all,HEM_PA29.nii.gz,overall,1,6236474,0.04607921973798238,0.9380316505769125,case_voxel_bins
joint_product,all,HEM_PA29.nii.gz,overall,2,6489152,0.149037159387194,0.9989724389257642,case_voxel_bins
joint_product,all,HEM_PA29.nii.gz,overall,3,5438884,0.24817314527293804,0.9998448211066829,case_voxel_bins
joint_product,all,HEM_PA29.nii.gz,overall,4,4378016,0.34837038604966963,0.999923709735186,case_voxel_bins
joint_product,all,HEM_PA29.nii.gz,overall,5,3740222,0.44892927124324605,0.9999524092420182,case_voxel_bins
joint_product,all,HEM_PA29.nii.gz,overall,6,563302,0.5468044747300239,0.9998473287863349,case_voxel_bins
joint_product,all,HEM_PA29.nii.gz,overall,7,421894,0.648377436418363,0.9997819357468938,case_voxel_bins
joint_product,all,HEM_PA29.nii.gz,overall,8,367332,0.7495498934236638,0.9998693280193395,case_voxel_bins
joint_product,all,HEM_PA29.nii.gz,overall,9,361404,0.850309338827294,0.9999280583502119,case_voxel_bins
joint_product,all,HEM_PA29.nii.gz,overall,10,314872,0.9430546992089485,1.0,case_voxel_bins
joint_product,all,HEM_PA29.nii.gz,foreground,1,1062586,0.005236862932448534,0.648371049496229,case_voxel_bins
joint_product,all,HEM_PA29.nii.gz,foreground,2,6668,0.1303590599405029,0.0,case_voxel_bins
joint_product,all,HEM_PA29.nii.gz,foreground,3,844,0.23876224447624378,0.0,case_voxel_bins
joint_product,all,HEM_PA29.nii.gz,foreground,4,334,0.3388817451314298,0.0,case_voxel_bins
joint_product,all,HEM_PA29.nii.gz,foreground,5,178,0.45090836018658753,0.0,case_voxel_bins
joint_product,all,HEM_PA29.nii.gz,foreground,6,86,0.5385050177574158,0.0,case_voxel_bins
joint_product,all,HEM_PA29.nii.gz,foreground,7,92,0.648312314696934,0.0,case_voxel_bins
joint_product,all,HEM_PA29.nii.gz,foreground,8,48,0.7432292277614275,0.0,case_voxel_bins
joint_product,all,HEM_PA29.nii.gz,foreground,9,26,0.8252400205685542,0.0,case_voxel_bins
joint_product,all,HEM_PA29.nii.gz,background,1,5173888,0.05446720891528302,0.9975206266544618,case_voxel_bins
joint_product,all,HEM_PA29.nii.gz,background,2,6482484,0.14905637201727695,1.0,case_voxel_bins
joint_product,all,HEM_PA29.nii.gz,background,3,5438040,0.24817460587276308,1.0,case_voxel_bins
joint_product,all,HEM_PA29.nii.gz,background,4,4377682,0.34837110999582804,1.0,case_voxel_bins
joint_product,all,HEM_PA29.nii.gz,background,5,3740044,0.4489291770524205,1.0,case_voxel_bins
joint_product,all,HEM_PA29.nii.gz,background,6,563216,0.5468057420116701,1.0,case_voxel_bins
joint_product,all,HEM_PA29.nii.gz,background,7,421802,0.6483774506221798,1.0,case_voxel_bins
joint_product,all,HEM_PA29.nii.gz,background,8,367284,0.7495507194655056,1.0,case_voxel_bins
joint_product,all,HEM_PA29.nii.gz,background,9,361378,0.8503111424851667,1.0,case_voxel_bins
joint_product,all,HEM_PA29.nii.gz,background,10,314872,0.9430546992089485,1.0,case_voxel_bins
confidence_rank,blur,HEP_PA28.nii.gz,background,1,1023043,0.055924861953264585,0.8285194268471608,case_voxel_bins
confidence_rank,blur,HEP_PA28.nii.gz,background,2,1410860,0.1501473355601075,1.0,case_voxel_bins
confidence_rank,blur,HEP_PA28.nii.gz,background,3,1410997,0.2501416551438752,1.0,case_voxel_bins
confidence_rank,blur,HEP_PA28.nii.gz,background,4,1433868,0.3507554836496454,1.0,case_voxel_bins
confidence_rank,blur,HEP_PA28.nii.gz,background,5,1361550,0.4495370522218176,1.0,case_voxel_bins
confidence_rank,blur,HEP_PA28.nii.gz,background,6,1451863,0.549063548158273,1.0,case_voxel_bins
confidence_rank,blur,HEP_PA28.nii.gz,background,7,1300609,0.646150392773234,1.0,case_voxel_bins
confidence_rank,blur,HEP_PA28.nii.gz,background,8,1661907,0.7513502392504823,1.0,case_voxel_bins
confidence_rank,blur,HEP_PA28.nii.gz,background,9,1202608,0.851605676836739,1.0,case_voxel_bins
confidence_rank,blur,HEP_PA28.nii.gz,background,10,1492207,0.9472020120547764,1.0,case_voxel_bins
confidence_rank,blur,HEP_PA28.nii.gz,foreground,1,392294,0.03451865873757671,0.5296639765074154,case_voxel_bins
confidence_rank,blur,HEP_PA28.nii.gz,foreground,2,7590,0.13840114762012667,0.0,case_voxel_bins
confidence_rank,blur,HEP_PA28.nii.gz,foreground,3,2634,0.24147971636342025,0.0,case_voxel_bins
confidence_rank,blur,HEP_PA28.nii.gz,foreground,4,1290,0.34585316469965055,0.0,case_voxel_bins
confidence_rank,blur,HEP_PA28.nii.gz,foreground,5,876,0.44580384877990914,0.0,case_voxel_bins
confidence_rank,blur,HEP_PA28.nii.gz,foreground,6,660,0.546041888088891,0.0,case_voxel_bins
confidence_rank,blur,HEP_PA28.nii.gz,foreground,7,402,0.6452139326885565,0.0,case_voxel_bins
confidence_rank,blur,HEP_PA28.nii.gz,foreground,8,332,0.740849776081292,0.0,case_voxel_bins
confidence_rank,blur,HEP_PA28.nii.gz,foreground,9,171,0.8388774760982447,0.0,case_voxel_bins
confidence_rank,blur,HEP_PA28.nii.gz,foreground,10,15,0.9224467436472575,0.0,case_voxel_bins
confidence_rank,blur,HEP_PA28.nii.gz,overall,1,1415337,0.04999162832459871,0.7456845966720294,case_voxel_bins
confidence_rank,blur,HEP_PA28.nii.gz,overall,2,1418450,0.15008448275143293,0.9946490887941063,case_voxel_bins
confidence_rank,blur,HEP_PA28.nii.gz,overall,3,1413631,0.25012551546757517,0.9981367131875292,case_voxel_bins
confidence_rank,blur,HEP_PA28.nii.gz,overall,4,1435158,0.35075107717213877,0.9991011442642552,case_voxel_bins
confidence_rank,blur,HEP_PA28.nii.gz,overall,5,1362426,0.44953465188138436,0.999357029299206,case_voxel_bins
confidence_rank,blur,HEP_PA28.nii.gz,overall,6,1452523,0.5490621751709635,0.9995456182105206,case_voxel_bins
confidence_rank,blur,HEP_PA28.nii.gz,overall,7,1301011,0.6461501034159927,0.9996910095302807,case_voxel_bins
confidence_rank,blur,HEP_PA28.nii.gz,overall,8,1662239,0.7513481419866278,0.9998002693956766,case_voxel_bins
confidence_rank,blur,HEP_PA28.nii.gz,overall,9,1202779,0.8516038672588147,0.9998578292437763,case_voxel_bins
confidence_rank,blur,HEP_PA28.nii.gz,overall,10,1492222,0.9472017632117583,0.9999899478763884,case_voxel_bins
confidence_rank,gamma,HEP_PA28.nii.gz,background,1,1023043,0.055924861953264585,0.8285194268471608,case_voxel_bins
confidence_rank,gamma,HEP_PA28.nii.gz,background,2,1410860,0.1501473355601075,1.0,case_voxel_bins
confidence_rank,gamma,HEP_PA28.nii.gz,background,3,1410997,0.2501416551438752,1.0,case_voxel_bins
confidence_rank,gamma,HEP_PA28.nii.gz,background,4,1433868,0.3507554836496454,1.0,case_voxel_bins
confidence_rank,gamma,HEP_PA28.nii.gz,background,5,1361550,0.4495370522218176,1.0,case_voxel_bins
confidence_rank,gamma,HEP_PA28.nii.gz,background,6,1451863,0.549063548158273,1.0,case_voxel_bins
confidence_rank,gamma,HEP_PA28.nii.gz,background,7,1300609,0.646150392773234,1.0,case_voxel_bins
confidence_rank,gamma,HEP_PA28.nii.gz,background,8,1661907,0.7513502392504823,1.0,case_voxel_bins
confidence_rank,gamma,HEP_PA28.nii.gz,background,9,1202608,0.851605676836739,1.0,case_voxel_bins
confidence_rank,gamma,HEP_PA28.nii.gz,background,10,1492207,0.9472020120547764,1.0,case_voxel_bins
confidence_rank,gamma,HEP_PA28.nii.gz,foreground,1,392294,0.03451865873757671,0.5296639765074154,case_voxel_bins
confidence_rank,gamma,HEP_PA28.nii.gz,foreground,2,7590,0.13840114762012667,0.0,case_voxel_bins
confidence_rank,gamma,HEP_PA28.nii.gz,foreground,3,2634,0.24147971636342025,0.0,case_voxel_bins
confidence_rank,gamma,HEP_PA28.nii.gz,foreground,4,1290,0.34585316469965055,0.0,case_voxel_bins
confidence_rank,gamma,HEP_PA28.nii.gz,foreground,5,876,0.44580384877990914,0.0,case_voxel_bins
confidence_rank,gamma,HEP_PA28.nii.gz,foreground,6,660,0.546041888088891,0.0,case_voxel_bins
confidence_rank,gamma,HEP_PA28.nii.gz,foreground,7,402,0.6452139326885565,0.0,case_voxel_bins
confidence_rank,gamma,HEP_PA28.nii.gz,foreground,8,332,0.740849776081292,0.0,case_voxel_bins
confidence_rank,gamma,HEP_PA28.nii.gz,foreground,9,171,0.8388774760982447,0.0,case_voxel_bins
confidence_rank,gamma,HEP_PA28.nii.gz,foreground,10,15,0.9224467436472575,0.0,case_voxel_bins
confidence_rank,gamma,HEP_PA28.nii.gz,overall,1,1415337,0.04999162832459871,0.7456845966720294,case_voxel_bins
confidence_rank,gamma,HEP_PA28.nii.gz,overall,2,1418450,0.15008448275143293,0.9946490887941063,case_voxel_bins
confidence_rank,gamma,HEP_PA28.nii.gz,overall,3,1413631,0.25012551546757517,0.9981367131875292,case_voxel_bins
confidence_rank,gamma,HEP_PA28.nii.gz,overall,4,1435158,0.35075107717213877,0.9991011442642552,case_voxel_bins
confidence_rank,gamma,HEP_PA28.nii.gz,overall,5,1362426,0.44953465188138436,0.999357029299206,case_voxel_bins
confidence_rank,gamma,HEP_PA28.nii.gz,overall,6,1452523,0.5490621751709635,0.9995456182105206,case_voxel_bins
confidence_rank,gamma,HEP_PA28.nii.gz,overall,7,1301011,0.6461501034159927,0.9996910095302807,case_voxel_bins
confidence_rank,gamma,HEP_PA28.nii.gz,overall,8,1662239,0.7513481419866278,0.9998002693956766,case_voxel_bins
confidence_rank,gamma,HEP_PA28.nii.gz,overall,9,1202779,0.8516038672588147,0.9998578292437763,case_voxel_bins
confidence_rank,gamma,HEP_PA28.nii.gz,overall,10,1492222,0.9472017632117583,0.9999899478763884,case_voxel_bins
joint_product,blur,HEP_PA28.nii.gz,background,1,4124670,0.052061026609918556,0.9574676277132473,case_voxel_bins
joint_product,blur,HEP_PA28.nii.gz,background,2,3139632,0.14527287772170278,1.0,case_voxel_bins
joint_product,blur,HEP_PA28.nii.gz,background,3,1754975,0.24539453982411105,1.0,case_voxel_bins
joint_product,blur,HEP_PA28.nii.gz,background,4,1092425,0.3467692978974597,1.0,case_voxel_bins
joint_product,blur,HEP_PA28.nii.gz,background,5,812805,0.4482920576939348,1.0,case_voxel_bins
joint_product,blur,HEP_PA28.nii.gz,background,6,680173,0.5488275877158821,1.0,case_voxel_bins
joint_product,blur,HEP_PA28.nii.gz,background,7,611473,0.6493616936365405,1.0,case_voxel_bins
joint_product,blur,HEP_PA28.nii.gz,background,8,565432,0.7492000276728313,1.0,case_voxel_bins
joint_product,blur,HEP_PA28.nii.gz,background,9,516356,0.8486346867080966,1.0,case_voxel_bins
joint_product,blur,HEP_PA28.nii.gz,background,10,451571,0.9435955775376451,1.0,case_voxel_bins
joint_product,blur,HEP_PA28.nii.gz,foreground,1,396883,0.004784144105805891,0.5235396829796187,case_voxel_bins
joint_product,blur,HEP_PA28.nii.gz,foreground,2,4606,0.14335266381819198,0.0,case_voxel_bins
joint_product,blur,HEP_PA28.nii.gz,foreground,3,1985,0.24254990443024288,0.0,case_voxel_bins
joint_product,blur,HEP_PA28.nii.gz,foreground,4,1133,0.34767569800130266,0.0,case_voxel_bins
joint_product,blur,HEP_PA28.nii.gz,foreground,5,762,0.4463296249469747,0.0,case_voxel_bins
joint_product,blur,HEP_PA28.nii.gz,foreground,6,484,0.5494024442000822,0.0,case_voxel_bins
joint_product,blur,HEP_PA28.nii.gz,foreground,7,308,0.6466821981714918,0.0,case_voxel_bins
joint_product,blur,HEP_PA28.nii.gz,foreground,8,103,0.7312453568560405,0.0,case_voxel_bins
joint_product,blur,HEP_PA28.nii.gz,overall,1,4521553,0.047911259713703976,0.9193792486784961,case_voxel_bins
joint_product,blur,HEP_PA28.nii.gz,overall,2,3144238,0.14527006479684165,0.9985350981700495,case_voxel_bins
joint_product,blur,HEP_PA28.nii.gz,overall,3,1756960,0.2453913259767515,0.9988702076313632,case_voxel_bins
joint_product,blur,HEP_PA28.nii.gz,overall,4,1093558,0.34677023698922954,0.9989639324114497,case_voxel_bins
joint_product,blur,HEP_PA28.nii.gz,overall,5,813567,0.44829021964770976,0.999063383839315,case_voxel_bins
joint_product,blur,HEP_PA28.nii.gz,overall,6,680657,0.5488279964834969,0.9992889223206403,case_voxel_bins
joint_product,blur,HEP_PA28.nii.gz,overall,7,611781,0.6493603446495612,0.9994965518706858,case_voxel_bins
joint_product,blur,HEP_PA28.nii.gz,overall,8,565535,0.749196757616877,0.9998178715729353,case_voxel_bins
joint_product,blur,HEP_PA28.nii.gz,overall,9,516356,0.8486346867080966,1.0,case_voxel_bins
joint_product,blur,HEP_PA28.nii.gz,overall,10,451571,0.9435955775376451,1.0,case_voxel_bins
joint_product,gamma,HEP_PA28.nii.gz,background,1,4124670,0.052061026609918556,0.9574676277132473,case_voxel_bins
joint_product,gamma,HEP_PA28.nii.gz,background,2,3139632,0.14527287772170278,1.0,case_voxel_bins
joint_product,gamma,HEP_PA28.nii.gz,background,3,1754975,0.24539453982411105,1.0,case_voxel_bins
joint_product,gamma,HEP_PA28.nii.gz,background,4,1092425,0.3467692978974597,1.0,case_voxel_bins
joint_product,gamma,HEP_PA28.nii.gz,background,5,812805,0.4482920576939348,1.0,case_voxel_bins
joint_product,gamma,HEP_PA28.nii.gz,background,6,680173,0.5488275877158821,1.0,case_voxel_bins
joint_product,gamma,HEP_PA28.nii.gz,background,7,611473,0.6493616936365405,1.0,case_voxel_bins
joint_product,gamma,HEP_PA28.nii.gz,background,8,565432,0.7492000276728313,1.0,case_voxel_bins
joint_product,gamma,HEP_PA28.nii.gz,background,9,516356,0.8486346867080966,1.0,case_voxel_bins
joint_product,gamma,HEP_PA28.nii.gz,background,10,451571,0.9435955775376451,1.0,case_voxel_bins
joint_product,gamma,HEP_PA28.nii.gz,foreground,1,396883,0.004784144105805891,0.5235396829796187,case_voxel_bins
joint_product,gamma,HEP_PA28.nii.gz,foreground,2,4606,0.14335266381819198,0.0,case_voxel_bins
joint_product,gamma,HEP_PA28.nii.gz,foreground,3,1985,0.24254990443024288,0.0,case_voxel_bins
joint_product,gamma,HEP_PA28.nii.gz,foreground,4,1133,0.34767569800130266,0.0,case_voxel_bins
joint_product,gamma,HEP_PA28.nii.gz,foreground,5,762,0.4463296249469747,0.0,case_voxel_bins
joint_product,gamma,HEP_PA28.nii.gz,foreground,6,484,0.5494024442000822,0.0,case_voxel_bins
joint_product,gamma,HEP_PA28.nii.gz,foreground,7,308,0.6466821981714918,0.0,case_voxel_bins
joint_product,gamma,HEP_PA28.nii.gz,foreground,8,103,0.7312453568560405,0.0,case_voxel_bins
joint_product,gamma,HEP_PA28.nii.gz,overall,1,4521553,0.047911259713703976,0.9193792486784961,case_voxel_bins
joint_product,gamma,HEP_PA28.nii.gz,overall,2,3144238,0.14527006479684165,0.9985350981700495,case_voxel_bins
joint_product,gamma,HEP_PA28.nii.gz,overall,3,1756960,0.2453913259767515,0.9988702076313632,case_voxel_bins
joint_product,gamma,HEP_PA28.nii.gz,overall,4,1093558,0.34677023698922954,0.9989639324114497,case_voxel_bins
joint_product,gamma,HEP_PA28.nii.gz,overall,5,813567,0.44829021964770976,0.999063383839315,case_voxel_bins
joint_product,gamma,HEP_PA28.nii.gz,overall,6,680657,0.5488279964834969,0.9992889223206403,case_voxel_bins
joint_product,gamma,HEP_PA28.nii.gz,overall,7,611781,0.6493603446495612,0.9994965518706858,case_voxel_bins
joint_product,gamma,HEP_PA28.nii.gz,overall,8,565535,0.749196757616877,0.9998178715729353,case_voxel_bins
joint_product,gamma,HEP_PA28.nii.gz,overall,9,516356,0.8486346867080966,1.0,case_voxel_bins
joint_product,gamma,HEP_PA28.nii.gz,overall,10,451571,0.9435955775376451,1.0,case_voxel_bins
world_pairwise,blur,HEP_PA28.nii.gz,background,1,1085069,0.055771201137096875,0.86510627434753,case_voxel_bins
world_pairwise,blur,HEP_PA28.nii.gz,background,2,1395097,0.15009376122328233,0.9893921354572478,case_voxel_bins
world_pairwise,blur,HEP_PA28.nii.gz,background,3,1401415,0.2500180346078841,0.996635543361531,case_voxel_bins
world_pairwise,blur,HEP_PA28.nii.gz,background,4,1403984,0.35002256877227295,0.9999707973880044,case_voxel_bins
world_pairwise,blur,HEP_PA28.nii.gz,background,5,1407765,0.45002408882817746,0.9999801103167076,case_voxel_bins
world_pairwise,blur,HEP_PA28.nii.gz,background,6,1409662,0.5499966287736855,0.9999964530504476,case_voxel_bins
world_pairwise,blur,HEP_PA28.nii.gz,background,7,1411872,0.6500072049184766,1.0,case_voxel_bins
world_pairwise,blur,HEP_PA28.nii.gz,background,8,1411855,0.7499907275496961,1.0,case_voxel_bins
world_pairwise,blur,HEP_PA28.nii.gz,background,9,1411833,0.8500038813819053,1.0,case_voxel_bins
world_pairwise,blur,HEP_PA28.nii.gz,background,10,1410960,0.9499878167551837,0.9932847139536203,case_voxel_bins
world_pairwise,blur,HEP_PA28.nii.gz,foreground,1,330509,0.031052765678238645,0.6217803448620158,case_voxel_bins
world_pairwise,blur,HEP_PA28.nii.gz,foreground,2,20481,0.14361134655895505,0.07377569454616474,case_voxel_bins
world_pairwise,blur,HEP_PA28.nii.gz,foreground,3,14163,0.2482154920412088,0.030219586245851866,case_voxel_bins
world_pairwise,blur,HEP_PA28.nii.gz,foreground,4,11594,0.34727046856576665,0.0255304467828187,case_voxel_bins
world_pairwise,blur,HEP_PA28.nii.gz,foreground,5,7811,0.44565594264997316,0.0057611061323774165,case_voxel_bins
world_pairwise,blur,HEP_PA28.nii.gz,foreground,6,5916,0.5507897828341014,0.0,case_voxel_bins
world_pairwise,blur,HEP_PA28.nii.gz,foreground,7,3706,0.6472443481650921,0.0,case_voxel_bins
world_pairwise,blur,HEP_PA28.nii.gz,foreground,8,3723,0.7535163373707636,0.0,case_voxel_bins
world_pairwise,blur,HEP_PA28.nii.gz,foreground,9,3743,0.8485199439152976,0.0,case_voxel_bins
world_pairwise,blur,HEP_PA28.nii.gz,foreground,10,4618,0.9536963919764114,0.0,case_voxel_bins
world_pairwise,blur,HEP_PA28.nii.gz,overall,1,1415578,0.04999994347056647,0.808294562362512,case_voxel_bins
world_pairwise,blur,HEP_PA28.nii.gz,overall,2,1415578,0.1499999717360622,0.9761447267476606,case_voxel_bins
world_pairwise,blur,HEP_PA28.nii.gz,overall,3,1415578,0.2499999999885471,0.9869664546920057,case_voxel_bins
world_pairwise,blur,HEP_PA28.nii.gz,overall,4,1415578,0.35000002826246407,0.9919898444310381,case_voxel_bins
world_pairwise,blur,HEP_PA28.nii.gz,overall,5,1415576,0.4499999858553961,0.9944941140567515,case_voxel_bins
world_pairwise,blur,HEP_PA28.nii.gz,overall,6,1415578,0.5499999435323363,0.9958172562727028,case_voxel_bins
world_pairwise,blur,HEP_PA28.nii.gz,overall,7,1415578,0.6499999717267146,0.997381988134882,case_voxel_bins
world_pairwise,blur,HEP_PA28.nii.gz,overall,8,1415578,0.7499999999778942,0.997369978906143,case_voxel_bins
world_pairwise,blur,HEP_PA28.nii.gz,overall,9,1415576,0.8499999576237055,0.9973558466659508,case_voxel_bins
world_pairwise,blur,HEP_PA28.nii.gz,overall,10,1415578,0.9499999151350481,0.9900443493753082,case_voxel_bins
world_pairwise,gamma,HEP_PA28.nii.gz,background,1,1085069,0.055771201137096875,0.86510627434753,case_voxel_bins
world_pairwise,gamma,HEP_PA28.nii.gz,background,2,1395097,0.15009376122328233,0.9893921354572478,case_voxel_bins
world_pairwise,gamma,HEP_PA28.nii.gz,background,3,1401415,0.2500180346078841,0.996635543361531,case_voxel_bins
world_pairwise,gamma,HEP_PA28.nii.gz,background,4,1403984,0.35002256877227295,0.9999707973880044,case_voxel_bins
world_pairwise,gamma,HEP_PA28.nii.gz,background,5,1407765,0.45002408882817746,0.9999801103167076,case_voxel_bins
world_pairwise,gamma,HEP_PA28.nii.gz,background,6,1409662,0.5499966287736855,0.9999964530504476,case_voxel_bins
world_pairwise,gamma,HEP_PA28.nii.gz,background,7,1411872,0.6500072049184766,1.0,case_voxel_bins
world_pairwise,gamma,HEP_PA28.nii.gz,background,8,1411855,0.7499907275496961,1.0,case_voxel_bins
world_pairwise,gamma,HEP_PA28.nii.gz,background,9,1411833,0.8500038813819053,1.0,case_voxel_bins
world_pairwise,gamma,HEP_PA28.nii.gz,background,10,1410960,0.9499878167551837,0.9932847139536203,case_voxel_bins
world_pairwise,gamma,HEP_PA28.nii.gz,foreground,1,330509,0.031052765678238645,0.6217803448620158,case_voxel_bins
world_pairwise,gamma,HEP_PA28.nii.gz,foreground,2,20481,0.14361134655895505,0.07377569454616474,case_voxel_bins
world_pairwise,gamma,HEP_PA28.nii.gz,foreground,3,14163,0.2482154920412088,0.030219586245851866,case_voxel_bins
world_pairwise,gamma,HEP_PA28.nii.gz,foreground,4,11594,0.34727046856576665,0.0255304467828187,case_voxel_bins
world_pairwise,gamma,HEP_PA28.nii.gz,foreground,5,7811,0.44565594264997316,0.0057611061323774165,case_voxel_bins
world_pairwise,gamma,HEP_PA28.nii.gz,foreground,6,5916,0.5507897828341014,0.0,case_voxel_bins
world_pairwise,gamma,HEP_PA28.nii.gz,foreground,7,3706,0.6472443481650921,0.0,case_voxel_bins
world_pairwise,gamma,HEP_PA28.nii.gz,foreground,8,3723,0.7535163373707636,0.0,case_voxel_bins
world_pairwise,gamma,HEP_PA28.nii.gz,foreground,9,3743,0.8485199439152976,0.0,case_voxel_bins
world_pairwise,gamma,HEP_PA28.nii.gz,foreground,10,4618,0.9536963919764114,0.0,case_voxel_bins
world_pairwise,gamma,HEP_PA28.nii.gz,overall,1,1415578,0.04999994347056647,0.808294562362512,case_voxel_bins
world_pairwise,gamma,HEP_PA28.nii.gz,overall,2,1415578,0.1499999717360622,0.9761447267476606,case_voxel_bins
world_pairwise,gamma,HEP_PA28.nii.gz,overall,3,1415578,0.2499999999885471,0.9869664546920057,case_voxel_bins
world_pairwise,gamma,HEP_PA28.nii.gz,overall,4,1415578,0.35000002826246407,0.9919898444310381,case_voxel_bins
world_pairwise,gamma,HEP_PA28.nii.gz,overall,5,1415576,0.4499999858553961,0.9944941140567515,case_voxel_bins
world_pairwise,gamma,HEP_PA28.nii.gz,overall,6,1415578,0.5499999435323363,0.9958172562727028,case_voxel_bins
world_pairwise,gamma,HEP_PA28.nii.gz,overall,7,1415578,0.6499999717267146,0.997381988134882,case_voxel_bins
world_pairwise,gamma,HEP_PA28.nii.gz,overall,8,1415578,0.7499999999778942,0.997369978906143,case_voxel_bins
world_pairwise,gamma,HEP_PA28.nii.gz,overall,9,1415576,0.8499999576237055,0.9973558466659508,case_voxel_bins
world_pairwise,gamma,HEP_PA28.nii.gz,overall,10,1415578,0.9499999151350481,0.9900443493753082,case_voxel_bins
confidence_rank,all,HEP_PA28.nii.gz,overall,1,2830674,0.04999162832459871,0.7456845966720294,case_voxel_bins
confidence_rank,all,HEP_PA28.nii.gz,overall,2,2836900,0.15008448275143293,0.9946490887941063,case_voxel_bins
confidence_rank,all,HEP_PA28.nii.gz,overall,3,2827262,0.25012551546757517,0.9981367131875292,case_voxel_bins
confidence_rank,all,HEP_PA28.nii.gz,overall,4,2870316,0.35075107717213877,0.9991011442642552,case_voxel_bins
confidence_rank,all,HEP_PA28.nii.gz,overall,5,2724852,0.44953465188138436,0.999357029299206,case_voxel_bins
confidence_rank,all,HEP_PA28.nii.gz,overall,6,2905046,0.5490621751709635,0.9995456182105206,case_voxel_bins
confidence_rank,all,HEP_PA28.nii.gz,overall,7,2602022,0.6461501034159927,0.9996910095302807,case_voxel_bins
confidence_rank,all,HEP_PA28.nii.gz,overall,8,3324478,0.7513481419866278,0.9998002693956766,case_voxel_bins
confidence_rank,all,HEP_PA28.nii.gz,overall,9,2405558,0.8516038672588147,0.9998578292437763,case_voxel_bins
confidence_rank,all,HEP_PA28.nii.gz,overall,10,2984444,0.9472017632117583,0.9999899478763884,case_voxel_bins
confidence_rank,all,HEP_PA28.nii.gz,foreground,1,784588,0.03451865873757671,0.5296639765074154,case_voxel_bins
confidence_rank,all,HEP_PA28.nii.gz,foreground,2,15180,0.13840114762012667,0.0,case_voxel_bins
confidence_rank,all,HEP_PA28.nii.gz,foreground,3,5268,0.24147971636342025,0.0,case_voxel_bins
confidence_rank,all,HEP_PA28.nii.gz,foreground,4,2580,0.34585316469965055,0.0,case_voxel_bins
confidence_rank,all,HEP_PA28.nii.gz,foreground,5,1752,0.44580384877990914,0.0,case_voxel_bins
confidence_rank,all,HEP_PA28.nii.gz,foreground,6,1320,0.546041888088891,0.0,case_voxel_bins
confidence_rank,all,HEP_PA28.nii.gz,foreground,7,804,0.6452139326885565,0.0,case_voxel_bins
confidence_rank,all,HEP_PA28.nii.gz,foreground,8,664,0.740849776081292,0.0,case_voxel_bins
confidence_rank,all,HEP_PA28.nii.gz,foreground,9,342,0.8388774760982447,0.0,case_voxel_bins
confidence_rank,all,HEP_PA28.nii.gz,foreground,10,30,0.9224467436472575,0.0,case_voxel_bins
confidence_rank,all,HEP_PA28.nii.gz,background,1,2046086,0.055924861953264585,0.8285194268471608,case_voxel_bins
confidence_rank,all,HEP_PA28.nii.gz,background,2,2821720,0.1501473355601075,1.0,case_voxel_bins
confidence_rank,all,HEP_PA28.nii.gz,background,3,2821994,0.2501416551438752,1.0,case_voxel_bins
confidence_rank,all,HEP_PA28.nii.gz,background,4,2867736,0.3507554836496454,1.0,case_voxel_bins
confidence_rank,all,HEP_PA28.nii.gz,background,5,2723100,0.4495370522218176,1.0,case_voxel_bins
confidence_rank,all,HEP_PA28.nii.gz,background,6,2903726,0.549063548158273,1.0,case_voxel_bins
confidence_rank,all,HEP_PA28.nii.gz,background,7,2601218,0.646150392773234,1.0,case_voxel_bins
confidence_rank,all,HEP_PA28.nii.gz,background,8,3323814,0.7513502392504823,1.0,case_voxel_bins
confidence_rank,all,HEP_PA28.nii.gz,background,9,2405216,0.851605676836739,1.0,case_voxel_bins
confidence_rank,all,HEP_PA28.nii.gz,background,10,2984414,0.9472020120547764,1.0,case_voxel_bins
world_pairwise,all,HEP_PA28.nii.gz,overall,1,2831156,0.04999994347056647,0.808294562362512,case_voxel_bins
world_pairwise,all,HEP_PA28.nii.gz,overall,2,2831156,0.1499999717360622,0.9761447267476606,case_voxel_bins
world_pairwise,all,HEP_PA28.nii.gz,overall,3,2831156,0.2499999999885471,0.9869664546920057,case_voxel_bins
world_pairwise,all,HEP_PA28.nii.gz,overall,4,2831156,0.35000002826246407,0.9919898444310381,case_voxel_bins
world_pairwise,all,HEP_PA28.nii.gz,overall,5,2831152,0.4499999858553961,0.9944941140567515,case_voxel_bins
world_pairwise,all,HEP_PA28.nii.gz,overall,6,2831156,0.5499999435323363,0.9958172562727028,case_voxel_bins
world_pairwise,all,HEP_PA28.nii.gz,overall,7,2831156,0.6499999717267146,0.997381988134882,case_voxel_bins
world_pairwise,all,HEP_PA28.nii.gz,overall,8,2831156,0.7499999999778942,0.997369978906143,case_voxel_bins
world_pairwise,all,HEP_PA28.nii.gz,overall,9,2831152,0.8499999576237055,0.9973558466659508,case_voxel_bins
world_pairwise,all,HEP_PA28.nii.gz,overall,10,2831156,0.9499999151350481,0.9900443493753082,case_voxel_bins
world_pairwise,all,HEP_PA28.nii.gz,foreground,1,661018,0.031052765678238645,0.6217803448620158,case_voxel_bins
world_pairwise,all,HEP_PA28.nii.gz,foreground,2,40962,0.14361134655895505,0.07377569454616474,case_voxel_bins
world_pairwise,all,HEP_PA28.nii.gz,foreground,3,28326,0.2482154920412088,0.030219586245851866,case_voxel_bins
world_pairwise,all,HEP_PA28.nii.gz,foreground,4,23188,0.34727046856576665,0.0255304467828187,case_voxel_bins
world_pairwise,all,HEP_PA28.nii.gz,foreground,5,15622,0.44565594264997316,0.0057611061323774165,case_voxel_bins
world_pairwise,all,HEP_PA28.nii.gz,foreground,6,11832,0.5507897828341014,0.0,case_voxel_bins
world_pairwise,all,HEP_PA28.nii.gz,foreground,7,7412,0.6472443481650921,0.0,case_voxel_bins
world_pairwise,all,HEP_PA28.nii.gz,foreground,8,7446,0.7535163373707636,0.0,case_voxel_bins
world_pairwise,all,HEP_PA28.nii.gz,foreground,9,7486,0.8485199439152976,0.0,case_voxel_bins
world_pairwise,all,HEP_PA28.nii.gz,foreground,10,9236,0.9536963919764114,0.0,case_voxel_bins
world_pairwise,all,HEP_PA28.nii.gz,background,1,2170138,0.055771201137096875,0.86510627434753,case_voxel_bins
world_pairwise,all,HEP_PA28.nii.gz,background,2,2790194,0.15009376122328233,0.9893921354572478,case_voxel_bins
world_pairwise,all,HEP_PA28.nii.gz,background,3,2802830,0.2500180346078841,0.996635543361531,case_voxel_bins
world_pairwise,all,HEP_PA28.nii.gz,background,4,2807968,0.35002256877227295,0.9999707973880044,case_voxel_bins
world_pairwise,all,HEP_PA28.nii.gz,background,5,2815530,0.45002408882817746,0.9999801103167076,case_voxel_bins
world_pairwise,all,HEP_PA28.nii.gz,background,6,2819324,0.5499966287736855,0.9999964530504476,case_voxel_bins
world_pairwise,all,HEP_PA28.nii.gz,background,7,2823744,0.6500072049184766,1.0,case_voxel_bins
world_pairwise,all,HEP_PA28.nii.gz,background,8,2823710,0.7499907275496961,1.0,case_voxel_bins
world_pairwise,all,HEP_PA28.nii.gz,background,9,2823666,0.8500038813819053,1.0,case_voxel_bins
world_pairwise,all,HEP_PA28.nii.gz,background,10,2821920,0.9499878167551837,0.9932847139536203,case_voxel_bins
joint_product,all,HEP_PA28.nii.gz,overall,1,9043106,0.047911259713703976,0.9193792486784961,case_voxel_bins
joint_product,all,HEP_PA28.nii.gz,overall,2,6288476,0.14527006479684165,0.9985350981700495,case_voxel_bins
joint_product,all,HEP_PA28.nii.gz,overall,3,3513920,0.2453913259767515,0.9988702076313632,case_voxel_bins
joint_product,all,HEP_PA28.nii.gz,overall,4,2187116,0.34677023698922954,0.9989639324114497,case_voxel_bins
joint_product,all,HEP_PA28.nii.gz,overall,5,1627134,0.44829021964770976,0.999063383839315,case_voxel_bins
joint_product,all,HEP_PA28.nii.gz,overall,6,1361314,0.5488279964834969,0.9992889223206403,case_voxel_bins
joint_product,all,HEP_PA28.nii.gz,overall,7,1223562,0.6493603446495612,0.9994965518706858,case_voxel_bins
joint_product,all,HEP_PA28.nii.gz,overall,8,1131070,0.749196757616877,0.9998178715729353,case_voxel_bins
joint_product,all,HEP_PA28.nii.gz,overall,9,1032712,0.8486346867080966,1.0,case_voxel_bins
joint_product,all,HEP_PA28.nii.gz,overall,10,903142,0.9435955775376451,1.0,case_voxel_bins
joint_product,all,HEP_PA28.nii.gz,foreground,1,793766,0.004784144105805891,0.5235396829796187,case_voxel_bins
joint_product,all,HEP_PA28.nii.gz,foreground,2,9212,0.14335266381819198,0.0,case_voxel_bins
joint_product,all,HEP_PA28.nii.gz,foreground,3,3970,0.24254990443024288,0.0,case_voxel_bins
joint_product,all,HEP_PA28.nii.gz,foreground,4,2266,0.34767569800130266,0.0,case_voxel_bins
joint_product,all,HEP_PA28.nii.gz,foreground,5,1524,0.4463296249469747,0.0,case_voxel_bins
joint_product,all,HEP_PA28.nii.gz,foreground,6,968,0.5494024442000822,0.0,case_voxel_bins
joint_product,all,HEP_PA28.nii.gz,foreground,7,616,0.6466821981714918,0.0,case_voxel_bins
joint_product,all,HEP_PA28.nii.gz,foreground,8,206,0.7312453568560405,0.0,case_voxel_bins
joint_product,all,HEP_PA28.nii.gz,background,1,8249340,0.052061026609918556,0.9574676277132473,case_voxel_bins
joint_product,all,HEP_PA28.nii.gz,background,2,6279264,0.14527287772170278,1.0,case_voxel_bins
joint_product,all,HEP_PA28.nii.gz,background,3,3509950,0.24539453982411105,1.0,case_voxel_bins
joint_product,all,HEP_PA28.nii.gz,background,4,2184850,0.3467692978974597,1.0,case_voxel_bins
joint_product,all,HEP_PA28.nii.gz,background,5,1625610,0.4482920576939348,1.0,case_voxel_bins
joint_product,all,HEP_PA28.nii.gz,background,6,1360346,0.5488275877158821,1.0,case_voxel_bins
joint_product,all,HEP_PA28.nii.gz,background,7,1222946,0.6493616936365405,1.0,case_voxel_bins
joint_product,all,HEP_PA28.nii.gz,background,8,1130864,0.7492000276728313,1.0,case_voxel_bins
joint_product,all,HEP_PA28.nii.gz,background,9,1032712,0.8486346867080966,1.0,case_voxel_bins
joint_product,all,HEP_PA28.nii.gz,background,10,903142,0.9435955775376451,1.0,case_voxel_bins
confidence_rank,blur,HEM_PA107.nii.gz,background,1,465866,0.06316598177582679,0.9777876041608531,case_voxel_bins
confidence_rank,blur,HEM_PA107.nii.gz,background,2,707206,0.14986203507436854,1.0,case_voxel_bins
confidence_rank,blur,HEM_PA107.nii.gz,background,3,709361,0.24994136735899797,1.0,case_voxel_bins
confidence_rank,blur,HEM_PA107.nii.gz,background,4,704892,0.34984934969042036,1.0,case_voxel_bins
confidence_rank,blur,HEM_PA107.nii.gz,background,5,711686,0.4499202749389297,1.0,case_voxel_bins
confidence_rank,blur,HEM_PA107.nii.gz,background,6,7783288,0.5045339920123941,1.0,case_voxel_bins
confidence_rank,blur,HEM_PA107.nii.gz,background,7,717233,0.6505252693295495,1.0,case_voxel_bins
confidence_rank,blur,HEM_PA107.nii.gz,background,8,702927,0.7508489807947597,1.0,case_voxel_bins
confidence_rank,blur,HEM_PA107.nii.gz,background,9,699091,0.8498911016100359,1.0,case_voxel_bins
confidence_rank,blur,HEM_PA107.nii.gz,background,10,712909,0.94963836615301,1.0,case_voxel_bins
confidence_rank,blur,HEM_PA107.nii.gz,foreground,1,241086,0.024385389939476403,0.8410069435802991,case_voxel_bins
confidence_rank,blur,HEM_PA107.nii.gz,foreground,2,201,0.12465231728494464,0.22388059701492538,case_voxel_bins
confidence_rank,blur,HEM_PA107.nii.gz,foreground,3,26,0.2345042354785479,0.0,case_voxel_bins
confidence_rank,blur,HEM_PA107.nii.gz,foreground,4,3,0.332746426264445,0.0,case_voxel_bins
confidence_rank,blur,HEM_PA107.nii.gz,foreground,5,1,0.4185575544834137,0.0,case_voxel_bins
confidence_rank,blur,HEM_PA107.nii.gz,overall,1,706952,0.04994095693190757,0.9311424255112086,case_voxel_bins
confidence_rank,blur,HEM_PA107.nii.gz,overall,2,707407,0.1498548720787017,0.9997794763127874,case_voxel_bins
confidence_rank,blur,HEM_PA107.nii.gz,overall,3,709387,0.24994080156708343,0.9999633486376266,case_voxel_bins
confidence_rank,blur,HEM_PA107.nii.gz,overall,4,704895,0.34984927690118184,0.9999957440469858,case_voxel_bins
confidence_rank,blur,HEM_PA107.nii.gz,overall,5,711687,0.44992023087079236,0.9999985948879212,case_voxel_bins
confidence_rank,blur,HEM_PA107.nii.gz,overall,6,7783288,0.5045339920123941,1.0,case_voxel_bins
confidence_rank,blur,HEM_PA107.nii.gz,overall,7,717233,0.6505252693295495,1.0,case_voxel_bins
confidence_rank,blur,HEM_PA107.nii.gz,overall,8,702927,0.7508489807947597,1.0,case_voxel_bins
confidence_rank,blur,HEM_PA107.nii.gz,overall,9,699091,0.8498911016100359,1.0,case_voxel_bins
confidence_rank,blur,HEM_PA107.nii.gz,overall,10,712909,0.94963836615301,1.0,case_voxel_bins
confidence_rank,gamma,HEM_PA107.nii.gz,background,1,465866,0.06316598177582679,0.9777876041608531,case_voxel_bins
confidence_rank,gamma,HEM_PA107.nii.gz,background,2,707206,0.14986203507436854,1.0,case_voxel_bins
confidence_rank,gamma,HEM_PA107.nii.gz,background,3,709361,0.24994136735899797,1.0,case_voxel_bins
confidence_rank,gamma,HEM_PA107.nii.gz,background,4,704892,0.34984934969042036,1.0,case_voxel_bins
confidence_rank,gamma,HEM_PA107.nii.gz,background,5,711686,0.4499202749389297,1.0,case_voxel_bins
confidence_rank,gamma,HEM_PA107.nii.gz,background,6,7783288,0.5045339920123941,1.0,case_voxel_bins
confidence_rank,gamma,HEM_PA107.nii.gz,background,7,717233,0.6505252693295495,1.0,case_voxel_bins
confidence_rank,gamma,HEM_PA107.nii.gz,background,8,702927,0.7508489807947597,1.0,case_voxel_bins
confidence_rank,gamma,HEM_PA107.nii.gz,background,9,699091,0.8498911016100359,1.0,case_voxel_bins
confidence_rank,gamma,HEM_PA107.nii.gz,background,10,712909,0.94963836615301,1.0,case_voxel_bins
confidence_rank,gamma,HEM_PA107.nii.gz,foreground,1,241086,0.024385389939476403,0.8410069435802991,case_voxel_bins
confidence_rank,gamma,HEM_PA107.nii.gz,foreground,2,201,0.12465231728494464,0.22388059701492538,case_voxel_bins
confidence_rank,gamma,HEM_PA107.nii.gz,foreground,3,26,0.2345042354785479,0.0,case_voxel_bins
confidence_rank,gamma,HEM_PA107.nii.gz,foreground,4,3,0.332746426264445,0.0,case_voxel_bins
confidence_rank,gamma,HEM_PA107.nii.gz,foreground,5,1,0.4185575544834137,0.0,case_voxel_bins
confidence_rank,gamma,HEM_PA107.nii.gz,overall,1,706952,0.04994095693190757,0.9311424255112086,case_voxel_bins
confidence_rank,gamma,HEM_PA107.nii.gz,overall,2,707407,0.1498548720787017,0.9997794763127874,case_voxel_bins
confidence_rank,gamma,HEM_PA107.nii.gz,overall,3,709387,0.24994080156708343,0.9999633486376266,case_voxel_bins
confidence_rank,gamma,HEM_PA107.nii.gz,overall,4,704895,0.34984927690118184,0.9999957440469858,case_voxel_bins
confidence_rank,gamma,HEM_PA107.nii.gz,overall,5,711687,0.44992023087079236,0.9999985948879212,case_voxel_bins
confidence_rank,gamma,HEM_PA107.nii.gz,overall,6,7783288,0.5045339920123941,1.0,case_voxel_bins
confidence_rank,gamma,HEM_PA107.nii.gz,overall,7,717233,0.6505252693295495,1.0,case_voxel_bins
confidence_rank,gamma,HEM_PA107.nii.gz,overall,8,702927,0.7508489807947597,1.0,case_voxel_bins
confidence_rank,gamma,HEM_PA107.nii.gz,overall,9,699091,0.8498911016100359,1.0,case_voxel_bins
confidence_rank,gamma,HEM_PA107.nii.gz,overall,10,712909,0.94963836615301,1.0,case_voxel_bins
joint_product,blur,HEM_PA107.nii.gz,background,1,3244868,0.05285245510659555,0.9968109642672676,case_voxel_bins
joint_product,blur,HEM_PA107.nii.gz,background,2,3222249,0.14829197721421172,1.0,case_voxel_bins
joint_product,blur,HEM_PA107.nii.gz,background,3,2530086,0.24782202131807135,1.0,case_voxel_bins
joint_product,blur,HEM_PA107.nii.gz,background,4,2031642,0.3485867683067,1.0,case_voxel_bins
joint_product,blur,HEM_PA107.nii.gz,background,5,1787075,0.4492137119828518,1.0,case_voxel_bins
joint_product,blur,HEM_PA107.nii.gz,background,6,252443,0.5474893241931972,1.0,case_voxel_bins
joint_product,blur,HEM_PA107.nii.gz,background,7,201084,0.6489107771450836,1.0,case_voxel_bins
joint_product,blur,HEM_PA107.nii.gz,background,8,189627,0.7499670582840267,1.0,case_voxel_bins
joint_product,blur,HEM_PA107.nii.gz,background,9,206216,0.8516981465080163,1.0,case_voxel_bins
joint_product,blur,HEM_PA107.nii.gz,background,10,249169,0.9470444552521473,1.0,case_voxel_bins
joint_product,blur,HEM_PA107.nii.gz,foreground,1,241280,0.002321864769007157,0.8405130968169762,case_voxel_bins
joint_product,blur,HEM_PA107.nii.gz,foreground,2,36,0.13244441606932217,0.027777777777777776,case_voxel_bins
joint_product,blur,HEM_PA107.nii.gz,foreground,3,1,0.22542813420295715,0.0,case_voxel_bins
joint_product,blur,HEM_PA107.nii.gz,overall,1,3486148,0.04935517936366849,0.9859934231134192,case_voxel_bins
joint_product,blur,HEM_PA107.nii.gz,overall,2,3222285,0.14829180016215046,0.9999891381426534,case_voxel_bins
joint_product,blur,HEM_PA107.nii.gz,overall,3,2530087,0.24782201246703695,0.9999996047566744,case_voxel_bins
joint_product,blur,HEM_PA107.nii.gz,overall,4,2031642,0.3485867683067,1.0,case_voxel_bins
joint_product,blur,HEM_PA107.nii.gz,overall,5,1787075,0.4492137119828518,1.0,case_voxel_bins
joint_product,blur,HEM_PA107.nii.gz,overall,6,252443,0.5474893241931972,1.0,case_voxel_bins
joint_product,blur,HEM_PA107.nii.gz,overall,7,201084,0.6489107771450836,1.0,case_voxel_bins
joint_product,blur,HEM_PA107.nii.gz,overall,8,189627,0.7499670582840267,1.0,case_voxel_bins
joint_product,blur,HEM_PA107.nii.gz,overall,9,206216,0.8516981465080163,1.0,case_voxel_bins
joint_product,blur,HEM_PA107.nii.gz,overall,10,249169,0.9470444552521473,1.0,case_voxel_bins
joint_product,gamma,HEM_PA107.nii.gz,background,1,3244868,0.05285245510659555,0.9968109642672676,case_voxel_bins
joint_product,gamma,HEM_PA107.nii.gz,background,2,3222249,0.14829197721421172,1.0,case_voxel_bins
joint_product,gamma,HEM_PA107.nii.gz,background,3,2530086,0.24782202131807135,1.0,case_voxel_bins
joint_product,gamma,HEM_PA107.nii.gz,background,4,2031642,0.3485867683067,1.0,case_voxel_bins
joint_product,gamma,HEM_PA107.nii.gz,background,5,1787075,0.4492137119828518,1.0,case_voxel_bins
joint_product,gamma,HEM_PA107.nii.gz,background,6,252443,0.5474893241931972,1.0,case_voxel_bins
joint_product,gamma,HEM_PA107.nii.gz,background,7,201084,0.6489107771450836,1.0,case_voxel_bins
joint_product,gamma,HEM_PA107.nii.gz,background,8,189627,0.7499670582840267,1.0,case_voxel_bins
joint_product,gamma,HEM_PA107.nii.gz,background,9,206216,0.8516981465080163,1.0,case_voxel_bins
joint_product,gamma,HEM_PA107.nii.gz,background,10,249169,0.9470444552521473,1.0,case_voxel_bins
joint_product,gamma,HEM_PA107.nii.gz,foreground,1,241280,0.002321864769007157,0.8405130968169762,case_voxel_bins
joint_product,gamma,HEM_PA107.nii.gz,foreground,2,36,0.13244441606932217,0.027777777777777776,case_voxel_bins
joint_product,gamma,HEM_PA107.nii.gz,foreground,3,1,0.22542813420295715,0.0,case_voxel_bins
joint_product,gamma,HEM_PA107.nii.gz,overall,1,3486148,0.04935517936366849,0.9859934231134192,case_voxel_bins
joint_product,gamma,HEM_PA107.nii.gz,overall,2,3222285,0.14829180016215046,0.9999891381426534,case_voxel_bins
joint_product,gamma,HEM_PA107.nii.gz,overall,3,2530087,0.24782201246703695,0.9999996047566744,case_voxel_bins
joint_product,gamma,HEM_PA107.nii.gz,overall,4,2031642,0.3485867683067,1.0,case_voxel_bins
joint_product,gamma,HEM_PA107.nii.gz,overall,5,1787075,0.4492137119828518,1.0,case_voxel_bins
joint_product,gamma,HEM_PA107.nii.gz,overall,6,252443,0.5474893241931972,1.0,case_voxel_bins
joint_product,gamma,HEM_PA107.nii.gz,overall,7,201084,0.6489107771450836,1.0,case_voxel_bins
joint_product,gamma,HEM_PA107.nii.gz,overall,8,189627,0.7499670582840267,1.0,case_voxel_bins
joint_product,gamma,HEM_PA107.nii.gz,overall,9,206216,0.8516981465080163,1.0,case_voxel_bins
joint_product,gamma,HEM_PA107.nii.gz,overall,10,249169,0.9470444552521473,1.0,case_voxel_bins
world_pairwise,blur,HEM_PA107.nii.gz,background,1,1208975,0.054522437682708216,0.9924911598668293,case_voxel_bins
world_pairwise,blur,HEM_PA107.nii.gz,background,2,1399196,0.15008156167572703,0.9997741560153116,case_voxel_bins
world_pairwise,blur,HEM_PA107.nii.gz,background,3,1407538,0.2500610239071775,0.9998174116791163,case_voxel_bins
world_pairwise,blur,HEM_PA107.nii.gz,background,4,1411044,0.3500934594329361,0.9998171566584741,case_voxel_bins
world_pairwise,blur,HEM_PA107.nii.gz,background,5,1414848,0.45000483889900983,0.9999003426516488,case_voxel_bins
world_pairwise,blur,HEM_PA107.nii.gz,background,6,1415341,0.5499997416537223,0.9999434765190862,case_voxel_bins
world_pairwise,blur,HEM_PA107.nii.gz,background,7,1415315,0.6500008882912031,0.9999590197235244,case_voxel_bins
world_pairwise,blur,HEM_PA107.nii.gz,background,8,1415446,0.7500010938930761,0.9999943480712087,case_voxel_bins
world_pairwise,blur,HEM_PA107.nii.gz,background,9,1415574,0.8500001389248101,1.0,case_voxel_bins
world_pairwise,blur,HEM_PA107.nii.gz,background,10,1411182,0.9498453008925848,0.9998922888755667,case_voxel_bins
world_pairwise,blur,HEM_PA107.nii.gz,foreground,1,206603,0.02353574696349625,0.8482548656118256,case_voxel_bins
world_pairwise,blur,HEM_PA107.nii.gz,foreground,2,16382,0.14303133192188705,0.8212062019289464,case_voxel_bins
world_pairwise,blur,HEM_PA107.nii.gz,foreground,3,8040,0.23931674029103558,0.7830845771144279,case_voxel_bins
world_pairwise,blur,HEM_PA107.nii.gz,foreground,4,4534,0.32092295352404054,0.7262902514336127,case_voxel_bins
world_pairwise,blur,HEM_PA107.nii.gz,foreground,5,729,0.44064978300625735,0.09602194787379972,case_voxel_bins
world_pairwise,blur,HEM_PA107.nii.gz,foreground,6,236,0.5514223873615265,0.1483050847457627,case_voxel_bins
world_pairwise,blur,HEM_PA107.nii.gz,foreground,7,263,0.6450676947492157,0.026615969581749048,case_voxel_bins
world_pairwise,blur,HEM_PA107.nii.gz,foreground,8,132,0.7382698898965662,0.0,case_voxel_bins
world_pairwise,blur,HEM_PA107.nii.gz,foreground,9,4,0.8108389973640442,0.0,case_voxel_bins
world_pairwise,blur,HEM_PA107.nii.gz,foreground,10,4394,0.9996787905693054,1.0,case_voxel_bins
world_pairwise,blur,HEM_PA107.nii.gz,overall,1,1415578,0.04999994350530411,0.9714399347828236,case_voxel_bins
world_pairwise,blur,HEM_PA107.nii.gz,overall,2,1415578,0.14999997177829474,0.9977076501612768,case_voxel_bins
world_pairwise,blur,HEM_PA107.nii.gz,overall,3,1415578,0.25000000004252726,0.9985864431348891,case_voxel_bins
world_pairwise,blur,HEM_PA107.nii.gz,overall,4,1415578,0.3500000282876436,0.9989410685953017,case_voxel_bins
world_pairwise,blur,HEM_PA107.nii.gz,overall,5,1415577,0.45000002119163973,0.999434859424814,case_voxel_bins
world_pairwise,blur,HEM_PA107.nii.gz,overall,6,1415577,0.5499999788321924,0.999801494372966,case_voxel_bins
world_pairwise,blur,HEM_PA107.nii.gz,overall,7,1415578,0.6499999717539995,0.9997781824809371,case_voxel_bins
world_pairwise,blur,HEM_PA107.nii.gz,overall,8,1415578,0.7499999999802521,0.9999011004692077,case_voxel_bins
world_pairwise,blur,HEM_PA107.nii.gz,overall,9,1415578,0.8500000282671378,0.9999971742991203,case_voxel_bins
world_pairwise,blur,HEM_PA107.nii.gz,overall,10,1415576,0.9499999858785124,0.9998926232148609,case_voxel_bins
world_pairwise,gamma,HEM_PA107.nii.gz,background,1,1208975,0.054522437682708216,0.9924911598668293,case_voxel_bins
world_pairwise,gamma,HEM_PA107.nii.gz,background,2,1399196,0.15008156167572703,0.9997741560153116,case_voxel_bins
world_pairwise,gamma,HEM_PA107.nii.gz,background,3,1407538,0.2500610239071775,0.9998174116791163,case_voxel_bins
world_pairwise,gamma,HEM_PA107.nii.gz,background,4,1411044,0.3500934594329361,0.9998171566584741,case_voxel_bins
world_pairwise,gamma,HEM_PA107.nii.gz,background,5,1414848,0.45000483889900983,0.9999003426516488,case_voxel_bins
world_pairwise,gamma,HEM_PA107.nii.gz,background,6,1415341,0.5499997416537223,0.9999434765190862,case_voxel_bins
world_pairwise,gamma,HEM_PA107.nii.gz,background,7,1415315,0.6500008882912031,0.9999590197235244,case_voxel_bins
world_pairwise,gamma,HEM_PA107.nii.gz,background,8,1415446,0.7500010938930761,0.9999943480712087,case_voxel_bins
world_pairwise,gamma,HEM_PA107.nii.gz,background,9,1415574,0.8500001389248101,1.0,case_voxel_bins
world_pairwise,gamma,HEM_PA107.nii.gz,background,10,1411182,0.9498453008925848,0.9998922888755667,case_voxel_bins
world_pairwise,gamma,HEM_PA107.nii.gz,foreground,1,206603,0.02353574696349625,0.8482548656118256,case_voxel_bins
world_pairwise,gamma,HEM_PA107.nii.gz,foreground,2,16382,0.14303133192188705,0.8212062019289464,case_voxel_bins
world_pairwise,gamma,HEM_PA107.nii.gz,foreground,3,8040,0.23931674029103558,0.7830845771144279,case_voxel_bins
world_pairwise,gamma,HEM_PA107.nii.gz,foreground,4,4534,0.32092295352404054,0.7262902514336127,case_voxel_bins
world_pairwise,gamma,HEM_PA107.nii.gz,foreground,5,729,0.44064978300625735,0.09602194787379972,case_voxel_bins
world_pairwise,gamma,HEM_PA107.nii.gz,foreground,6,236,0.5514223873615265,0.1483050847457627,case_voxel_bins
world_pairwise,gamma,HEM_PA107.nii.gz,foreground,7,263,0.6450676947492157,0.026615969581749048,case_voxel_bins
world_pairwise,gamma,HEM_PA107.nii.gz,foreground,8,132,0.7382698898965662,0.0,case_voxel_bins
world_pairwise,gamma,HEM_PA107.nii.gz,foreground,9,4,0.8108389973640442,0.0,case_voxel_bins
world_pairwise,gamma,HEM_PA107.nii.gz,foreground,10,4394,0.9996787905693054,1.0,case_voxel_bins
world_pairwise,gamma,HEM_PA107.nii.gz,overall,1,1415578,0.04999994350530411,0.9714399347828236,case_voxel_bins
world_pairwise,gamma,HEM_PA107.nii.gz,overall,2,1415578,0.14999997177829474,0.9977076501612768,case_voxel_bins
world_pairwise,gamma,HEM_PA107.nii.gz,overall,3,1415578,0.25000000004252726,0.9985864431348891,case_voxel_bins
world_pairwise,gamma,HEM_PA107.nii.gz,overall,4,1415578,0.3500000282876436,0.9989410685953017,case_voxel_bins
world_pairwise,gamma,HEM_PA107.nii.gz,overall,5,1415577,0.45000002119163973,0.999434859424814,case_voxel_bins
world_pairwise,gamma,HEM_PA107.nii.gz,overall,6,1415577,0.5499999788321924,0.999801494372966,case_voxel_bins
world_pairwise,gamma,HEM_PA107.nii.gz,overall,7,1415578,0.6499999717539995,0.9997781824809371,case_voxel_bins
world_pairwise,gamma,HEM_PA107.nii.gz,overall,8,1415578,0.7499999999802521,0.9999011004692077,case_voxel_bins
world_pairwise,gamma,HEM_PA107.nii.gz,overall,9,1415578,0.8500000282671378,0.9999971742991203,case_voxel_bins
world_pairwise,gamma,HEM_PA107.nii.gz,overall,10,1415576,0.9499999858785124,0.9998926232148609,case_voxel_bins
confidence_rank,all,HEM_PA107.nii.gz,overall,1,1413904,0.04994095693190757,0.9311424255112086,case_voxel_bins
confidence_rank,all,HEM_PA107.nii.gz,overall,2,1414814,0.1498548720787017,0.9997794763127874,case_voxel_bins
confidence_rank,all,HEM_PA107.nii.gz,overall,3,1418774,0.24994080156708343,0.9999633486376266,case_voxel_bins
confidence_rank,all,HEM_PA107.nii.gz,overall,4,1409790,0.34984927690118184,0.9999957440469858,case_voxel_bins
confidence_rank,all,HEM_PA107.nii.gz,overall,5,1423374,0.44992023087079236,0.9999985948879212,case_voxel_bins
confidence_rank,all,HEM_PA107.nii.gz,overall,6,15566576,0.5045339920123941,1.0,case_voxel_bins
confidence_rank,all,HEM_PA107.nii.gz,overall,7,1434466,0.6505252693295495,1.0,case_voxel_bins
confidence_rank,all,HEM_PA107.nii.gz,overall,8,1405854,0.7508489807947597,1.0,case_voxel_bins
confidence_rank,all,HEM_PA107.nii.gz,overall,9,1398182,0.8498911016100359,1.0,case_voxel_bins
confidence_rank,all,HEM_PA107.nii.gz,overall,10,1425818,0.94963836615301,1.0,case_voxel_bins
confidence_rank,all,HEM_PA107.nii.gz,foreground,1,482172,0.024385389939476403,0.8410069435802991,case_voxel_bins
confidence_rank,all,HEM_PA107.nii.gz,foreground,2,402,0.12465231728494464,0.22388059701492538,case_voxel_bins
confidence_rank,all,HEM_PA107.nii.gz,foreground,3,52,0.2345042354785479,0.0,case_voxel_bins
confidence_rank,all,HEM_PA107.nii.gz,foreground,4,6,0.332746426264445,0.0,case_voxel_bins
confidence_rank,all,HEM_PA107.nii.gz,foreground,5,2,0.4185575544834137,0.0,case_voxel_bins
confidence_rank,all,HEM_PA107.nii.gz,background,1,931732,0.06316598177582679,0.9777876041608531,case_voxel_bins
confidence_rank,all,HEM_PA107.nii.gz,background,2,1414412,0.14986203507436854,1.0,case_voxel_bins
confidence_rank,all,HEM_PA107.nii.gz,background,3,1418722,0.24994136735899797,1.0,case_voxel_bins
confidence_rank,all,HEM_PA107.nii.gz,background,4,1409784,0.34984934969042036,1.0,case_voxel_bins
confidence_rank,all,HEM_PA107.nii.gz,background,5,1423372,0.4499202749389297,1.0,case_voxel_bins
confidence_rank,all,HEM_PA107.nii.gz,background,6,15566576,0.5045339920123941,1.0,case_voxel_bins
confidence_rank,all,HEM_PA107.nii.gz,background,7,1434466,0.6505252693295495,1.0,case_voxel_bins
confidence_rank,all,HEM_PA107.nii.gz,background,8,1405854,0.7508489807947597,1.0,case_voxel_bins
confidence_rank,all,HEM_PA107.nii.gz,background,9,1398182,0.8498911016100359,1.0,case_voxel_bins
confidence_rank,all,HEM_PA107.nii.gz,background,10,1425818,0.94963836615301,1.0,case_voxel_bins
world_pairwise,all,HEM_PA107.nii.gz,overall,1,2831156,0.04999994350530411,0.9714399347828236,case_voxel_bins
world_pairwise,all,HEM_PA107.nii.gz,overall,2,2831156,0.14999997177829474,0.9977076501612768,case_voxel_bins
world_pairwise,all,HEM_PA107.nii.gz,overall,3,2831156,0.25000000004252726,0.9985864431348891,case_voxel_bins
world_pairwise,all,HEM_PA107.nii.gz,overall,4,2831156,0.3500000282876436,0.9989410685953017,case_voxel_bins
world_pairwise,all,HEM_PA107.nii.gz,overall,5,2831154,0.45000002119163973,0.999434859424814,case_voxel_bins
world_pairwise,all,HEM_PA107.nii.gz,overall,6,2831154,0.5499999788321924,0.999801494372966,case_voxel_bins
world_pairwise,all,HEM_PA107.nii.gz,overall,7,2831156,0.6499999717539995,0.9997781824809371,case_voxel_bins
world_pairwise,all,HEM_PA107.nii.gz,overall,8,2831156,0.7499999999802521,0.9999011004692077,case_voxel_bins
world_pairwise,all,HEM_PA107.nii.gz,overall,9,2831156,0.8500000282671378,0.9999971742991203,case_voxel_bins
world_pairwise,all,HEM_PA107.nii.gz,overall,10,2831152,0.9499999858785124,0.9998926232148609,case_voxel_bins
world_pairwise,all,HEM_PA107.nii.gz,foreground,1,413206,0.02353574696349625,0.8482548656118256,case_voxel_bins
world_pairwise,all,HEM_PA107.nii.gz,foreground,2,32764,0.14303133192188705,0.8212062019289464,case_voxel_bins
world_pairwise,all,HEM_PA107.nii.gz,foreground,3,16080,0.23931674029103558,0.7830845771144279,case_voxel_bins
world_pairwise,all,HEM_PA107.nii.gz,foreground,4,9068,0.32092295352404054,0.7262902514336127,case_voxel_bins
world_pairwise,all,HEM_PA107.nii.gz,foreground,5,1458,0.44064978300625735,0.09602194787379972,case_voxel_bins
world_pairwise,all,HEM_PA107.nii.gz,foreground,6,472,0.5514223873615265,0.1483050847457627,case_voxel_bins
world_pairwise,all,HEM_PA107.nii.gz,foreground,7,526,0.6450676947492157,0.026615969581749048,case_voxel_bins
world_pairwise,all,HEM_PA107.nii.gz,foreground,8,264,0.7382698898965662,0.0,case_voxel_bins
world_pairwise,all,HEM_PA107.nii.gz,foreground,9,8,0.8108389973640442,0.0,case_voxel_bins
world_pairwise,all,HEM_PA107.nii.gz,foreground,10,8788,0.9996787905693054,1.0,case_voxel_bins
world_pairwise,all,HEM_PA107.nii.gz,background,1,2417950,0.054522437682708216,0.9924911598668293,case_voxel_bins
world_pairwise,all,HEM_PA107.nii.gz,background,2,2798392,0.15008156167572703,0.9997741560153116,case_voxel_bins
world_pairwise,all,HEM_PA107.nii.gz,background,3,2815076,0.2500610239071775,0.9998174116791163,case_voxel_bins
world_pairwise,all,HEM_PA107.nii.gz,background,4,2822088,0.3500934594329361,0.9998171566584741,case_voxel_bins
world_pairwise,all,HEM_PA107.nii.gz,background,5,2829696,0.45000483889900983,0.9999003426516488,case_voxel_bins
world_pairwise,all,HEM_PA107.nii.gz,background,6,2830682,0.5499997416537223,0.9999434765190862,case_voxel_bins
world_pairwise,all,HEM_PA107.nii.gz,background,7,2830630,0.6500008882912031,0.9999590197235244,case_voxel_bins
world_pairwise,all,HEM_PA107.nii.gz,background,8,2830892,0.7500010938930761,0.9999943480712087,case_voxel_bins
world_pairwise,all,HEM_PA107.nii.gz,background,9,2831148,0.8500001389248101,1.0,case_voxel_bins
world_pairwise,all,HEM_PA107.nii.gz,background,10,2822364,0.9498453008925848,0.9998922888755667,case_voxel_bins
joint_product,all,HEM_PA107.nii.gz,overall,1,6972296,0.04935517936366849,0.9859934231134192,case_voxel_bins
joint_product,all,HEM_PA107.nii.gz,overall,2,6444570,0.14829180016215046,0.9999891381426534,case_voxel_bins
joint_product,all,HEM_PA107.nii.gz,overall,3,5060174,0.24782201246703695,0.9999996047566744,case_voxel_bins
joint_product,all,HEM_PA107.nii.gz,overall,4,4063284,0.3485867683067,1.0,case_voxel_bins
joint_product,all,HEM_PA107.nii.gz,overall,5,3574150,0.4492137119828518,1.0,case_voxel_bins
joint_product,all,HEM_PA107.nii.gz,overall,6,504886,0.5474893241931972,1.0,case_voxel_bins
joint_product,all,HEM_PA107.nii.gz,overall,7,402168,0.6489107771450836,1.0,case_voxel_bins
joint_product,all,HEM_PA107.nii.gz,overall,8,379254,0.7499670582840267,1.0,case_voxel_bins
joint_product,all,HEM_PA107.nii.gz,overall,9,412432,0.8516981465080163,1.0,case_voxel_bins
joint_product,all,HEM_PA107.nii.gz,overall,10,498338,0.9470444552521473,1.0,case_voxel_bins
joint_product,all,HEM_PA107.nii.gz,foreground,1,482560,0.002321864769007157,0.8405130968169762,case_voxel_bins
joint_product,all,HEM_PA107.nii.gz,foreground,2,72,0.13244441606932217,0.027777777777777776,case_voxel_bins
joint_product,all,HEM_PA107.nii.gz,foreground,3,2,0.22542813420295715,0.0,case_voxel_bins
joint_product,all,HEM_PA107.nii.gz,background,1,6489736,0.05285245510659555,0.9968109642672676,case_voxel_bins
joint_product,all,HEM_PA107.nii.gz,background,2,6444498,0.14829197721421172,1.0,case_voxel_bins
joint_product,all,HEM_PA107.nii.gz,background,3,5060172,0.24782202131807135,1.0,case_voxel_bins
joint_product,all,HEM_PA107.nii.gz,background,4,4063284,0.3485867683067,1.0,case_voxel_bins
joint_product,all,HEM_PA107.nii.gz,background,5,3574150,0.4492137119828518,1.0,case_voxel_bins
joint_product,all,HEM_PA107.nii.gz,background,6,504886,0.5474893241931972,1.0,case_voxel_bins
joint_product,all,HEM_PA107.nii.gz,background,7,402168,0.6489107771450836,1.0,case_voxel_bins
joint_product,all,HEM_PA107.nii.gz,background,8,379254,0.7499670582840267,1.0,case_voxel_bins
joint_product,all,HEM_PA107.nii.gz,background,9,412432,0.8516981465080163,1.0,case_voxel_bins
joint_product,all,HEM_PA107.nii.gz,background,10,498338,0.9470444552521473,1.0,case_voxel_bins
confidence_rank,blur,HEM_PA81.nii.gz,background,1,162950,0.0823316739099648,0.994746854863455,case_voxel_bins
confidence_rank,blur,HEM_PA81.nii.gz,background,2,705641,0.15013015167495872,1.0,case_voxel_bins
confidence_rank,blur,HEM_PA81.nii.gz,background,3,708705,0.2500959936796506,1.0,case_voxel_bins
confidence_rank,blur,HEM_PA81.nii.gz,background,4,702379,0.3497797617370061,1.0,case_voxel_bins
confidence_rank,blur,HEM_PA81.nii.gz,background,5,713101,0.4497730098151809,1.0,case_voxel_bins
confidence_rank,blur,HEM_PA81.nii.gz,background,6,7765244,0.5043112611644114,1.0,case_voxel_bins
confidence_rank,blur,HEM_PA81.nii.gz,background,7,705455,0.6470965542701077,1.0,case_voxel_bins
confidence_rank,blur,HEM_PA81.nii.gz,background,8,734829,0.7488418865432338,1.0,case_voxel_bins
confidence_rank,blur,HEM_PA81.nii.gz,background,9,726944,0.8521052464744732,1.0,case_voxel_bins
confidence_rank,blur,HEM_PA81.nii.gz,background,10,683311,0.9517292497471241,1.0,case_voxel_bins
confidence_rank,blur,HEM_PA81.nii.gz,foreground,1,545235,0.040373737633655385,0.6416957825524774,case_voxel_bins
confidence_rank,blur,HEM_PA81.nii.gz,foreground,2,1953,0.11829568795894148,0.0,case_voxel_bins
confidence_rank,blur,HEM_PA81.nii.gz,foreground,3,25,0.22234622478485108,0.0,case_voxel_bins
confidence_rank,blur,HEM_PA81.nii.gz,foreground,4,4,0.32577355951070786,0.0,case_voxel_bins
confidence_rank,blur,HEM_PA81.nii.gz,overall,1,708185,0.05002805919684101,0.7229311549948106,case_voxel_bins
confidence_rank,blur,HEM_PA81.nii.gz,overall,2,707594,0.15004228673031902,0.9972399426789939,case_voxel_bins
confidence_rank,blur,HEM_PA81.nii.gz,overall,3,708730,0.2500950148242016,0.9999647256359968,case_voxel_bins
confidence_rank,blur,HEM_PA81.nii.gz,overall,4,702383,0.34977962502411736,0.9999943051013478,case_voxel_bins
confidence_rank,blur,HEM_PA81.nii.gz,overall,5,713101,0.4497730098151809,1.0,case_voxel_bins
confidence_rank,blur,HEM_PA81.nii.gz,overall,6,7765244,0.5043112611644114,1.0,case_voxel_bins
confidence_rank,blur,HEM_PA81.nii.gz,overall,7,705455,0.6470965542701077,1.0,case_voxel_bins
confidence_rank,blur,HEM_PA81.nii.gz,overall,8,734829,0.7488418865432338,1.0,case_voxel_bins
confidence_rank,blur,HEM_PA81.nii.gz,overall,9,726944,0.8521052464744732,1.0,case_voxel_bins
confidence_rank,blur,HEM_PA81.nii.gz,overall,10,683311,0.9517292497471241,1.0,case_voxel_bins
confidence_rank,gamma,HEM_PA81.nii.gz,background,1,162950,0.0823316739099648,0.994746854863455,case_voxel_bins
confidence_rank,gamma,HEM_PA81.nii.gz,background,2,705641,0.15013015167495872,1.0,case_voxel_bins
confidence_rank,gamma,HEM_PA81.nii.gz,background,3,708705,0.2500959936796506,1.0,case_voxel_bins
confidence_rank,gamma,HEM_PA81.nii.gz,background,4,702379,0.3497797617370061,1.0,case_voxel_bins
confidence_rank,gamma,HEM_PA81.nii.gz,background,5,713101,0.4497730098151809,1.0,case_voxel_bins
confidence_rank,gamma,HEM_PA81.nii.gz,background,6,7765244,0.5043112611644114,1.0,case_voxel_bins
confidence_rank,gamma,HEM_PA81.nii.gz,background,7,705455,0.6470965542701077,1.0,case_voxel_bins
confidence_rank,gamma,HEM_PA81.nii.gz,background,8,734829,0.7488418865432338,1.0,case_voxel_bins
confidence_rank,gamma,HEM_PA81.nii.gz,background,9,726944,0.8521052464744732,1.0,case_voxel_bins
confidence_rank,gamma,HEM_PA81.nii.gz,background,10,683311,0.9517292497471241,1.0,case_voxel_bins
confidence_rank,gamma,HEM_PA81.nii.gz,foreground,1,545235,0.040373737633655385,0.6416957825524774,case_voxel_bins
confidence_rank,gamma,HEM_PA81.nii.gz,foreground,2,1953,0.11829568795894148,0.0,case_voxel_bins
confidence_rank,gamma,HEM_PA81.nii.gz,foreground,3,25,0.22234622478485108,0.0,case_voxel_bins
confidence_rank,gamma,HEM_PA81.nii.gz,foreground,4,4,0.32577355951070786,0.0,case_voxel_bins
confidence_rank,gamma,HEM_PA81.nii.gz,overall,1,708185,0.05002805919684101,0.7229311549948106,case_voxel_bins
confidence_rank,gamma,HEM_PA81.nii.gz,overall,2,707594,0.15004228673031902,0.9972399426789939,case_voxel_bins
confidence_rank,gamma,HEM_PA81.nii.gz,overall,3,708730,0.2500950148242016,0.9999647256359968,case_voxel_bins
confidence_rank,gamma,HEM_PA81.nii.gz,overall,4,702383,0.34977962502411736,0.9999943051013478,case_voxel_bins
confidence_rank,gamma,HEM_PA81.nii.gz,overall,5,713101,0.4497730098151809,1.0,case_voxel_bins
confidence_rank,gamma,HEM_PA81.nii.gz,overall,6,7765244,0.5043112611644114,1.0,case_voxel_bins
confidence_rank,gamma,HEM_PA81.nii.gz,overall,7,705455,0.6470965542701077,1.0,case_voxel_bins
confidence_rank,gamma,HEM_PA81.nii.gz,overall,8,734829,0.7488418865432338,1.0,case_voxel_bins
confidence_rank,gamma,HEM_PA81.nii.gz,overall,9,726944,0.8521052464744732,1.0,case_voxel_bins
confidence_rank,gamma,HEM_PA81.nii.gz,overall,10,683311,0.9517292497471241,1.0,case_voxel_bins
joint_product,blur,HEM_PA81.nii.gz,background,1,2700400,0.053805556320201994,0.9996830099244557,case_voxel_bins
joint_product,blur,HEM_PA81.nii.gz,background,2,3095014,0.14926840871958738,1.0,case_voxel_bins
joint_product,blur,HEM_PA81.nii.gz,background,3,2633315,0.248262822661385,1.0,case_voxel_bins
joint_product,blur,HEM_PA81.nii.gz,background,4,2125206,0.3484015452101198,1.0,case_voxel_bins
joint_product,blur,HEM_PA81.nii.gz,background,5,1843323,0.4491361679738901,1.0,case_voxel_bins
joint_product,blur,HEM_PA81.nii.gz,background,6,304874,0.5483625379280743,1.0,case_voxel_bins
joint_product,blur,HEM_PA81.nii.gz,background,7,265192,0.6492551009607673,1.0,case_voxel_bins
joint_product,blur,HEM_PA81.nii.gz,background,8,255396,0.7497874200999887,1.0,case_voxel_bins
joint_product,blur,HEM_PA81.nii.gz,background,9,231051,0.8491339230103403,1.0,case_voxel_bins
joint_product,blur,HEM_PA81.nii.gz,background,10,154788,0.9376461773114996,1.0,case_voxel_bins
joint_product,blur,HEM_PA81.nii.gz,foreground,1,546688,0.004162371029115334,0.639990268672442,case_voxel_bins
joint_product,blur,HEM_PA81.nii.gz,foreground,2,525,0.11994597382488704,0.0,case_voxel_bins
joint_product,blur,HEM_PA81.nii.gz,foreground,3,4,0.2059927098453045,0.0,case_voxel_bins
joint_product,blur,HEM_PA81.nii.gz,overall,1,3247088,0.045447503295333536,0.9391242245359535,case_voxel_bins
joint_product,blur,HEM_PA81.nii.gz,overall,2,3095539,0.1492634356669721,0.9998304011030066,case_voxel_bins
joint_product,blur,HEM_PA81.nii.gz,overall,3,2633319,0.2482627584532692,0.9999984810043903,case_voxel_bins
joint_product,blur,HEM_PA81.nii.gz,overall,4,2125206,0.3484015452101198,1.0,case_voxel_bins
joint_product,blur,HEM_PA81.nii.gz,overall,5,1843323,0.4491361679738901,1.0,case_voxel_bins
joint_product,blur,HEM_PA81.nii.gz,overall,6,304874,0.5483625379280743,1.0,case_voxel_bins
joint_product,blur,HEM_PA81.nii.gz,overall,7,265192,0.6492551009607673,1.0,case_voxel_bins
joint_product,blur,HEM_PA81.nii.gz,overall,8,255396,0.7497874200999887,1.0,case_voxel_bins
joint_product,blur,HEM_PA81.nii.gz,overall,9,231051,0.8491339230103403,1.0,case_voxel_bins
joint_product,blur,HEM_PA81.nii.gz,overall,10,154788,0.9376461773114996,1.0,case_voxel_bins
joint_product,gamma,HEM_PA81.nii.gz,background,1,2700400,0.053805556320201994,0.9996830099244557,case_voxel_bins
joint_product,gamma,HEM_PA81.nii.gz,background,2,3095014,0.14926840871958738,1.0,case_voxel_bins
joint_product,gamma,HEM_PA81.nii.gz,background,3,2633315,0.248262822661385,1.0,case_voxel_bins
joint_product,gamma,HEM_PA81.nii.gz,background,4,2125206,0.3484015452101198,1.0,case_voxel_bins
joint_product,gamma,HEM_PA81.nii.gz,background,5,1843323,0.4491361679738901,1.0,case_voxel_bins
joint_product,gamma,HEM_PA81.nii.gz,background,6,304874,0.5483625379280743,1.0,case_voxel_bins
joint_product,gamma,HEM_PA81.nii.gz,background,7,265192,0.6492551009607673,1.0,case_voxel_bins
joint_product,gamma,HEM_PA81.nii.gz,background,8,255396,0.7497874200999887,1.0,case_voxel_bins
joint_product,gamma,HEM_PA81.nii.gz,background,9,231051,0.8491339230103403,1.0,case_voxel_bins
joint_product,gamma,HEM_PA81.nii.gz,background,10,154788,0.9376461773114996,1.0,case_voxel_bins
joint_product,gamma,HEM_PA81.nii.gz,foreground,1,546688,0.004162371029115334,0.639990268672442,case_voxel_bins
joint_product,gamma,HEM_PA81.nii.gz,foreground,2,525,0.11994597382488704,0.0,case_voxel_bins
joint_product,gamma,HEM_PA81.nii.gz,foreground,3,4,0.2059927098453045,0.0,case_voxel_bins
joint_product,gamma,HEM_PA81.nii.gz,overall,1,3247088,0.045447503295333536,0.9391242245359535,case_voxel_bins
joint_product,gamma,HEM_PA81.nii.gz,overall,2,3095539,0.1492634356669721,0.9998304011030066,case_voxel_bins
joint_product,gamma,HEM_PA81.nii.gz,overall,3,2633319,0.2482627584532692,0.9999984810043903,case_voxel_bins
joint_product,gamma,HEM_PA81.nii.gz,overall,4,2125206,0.3484015452101198,1.0,case_voxel_bins
joint_product,gamma,HEM_PA81.nii.gz,overall,5,1843323,0.4491361679738901,1.0,case_voxel_bins
joint_product,gamma,HEM_PA81.nii.gz,overall,6,304874,0.5483625379280743,1.0,case_voxel_bins
joint_product,gamma,HEM_PA81.nii.gz,overall,7,265192,0.6492551009607673,1.0,case_voxel_bins
joint_product,gamma,HEM_PA81.nii.gz,overall,8,255396,0.7497874200999887,1.0,case_voxel_bins
joint_product,gamma,HEM_PA81.nii.gz,overall,9,231051,0.8491339230103403,1.0,case_voxel_bins
joint_product,gamma,HEM_PA81.nii.gz,overall,10,154788,0.9376461773114996,1.0,case_voxel_bins
world_pairwise,blur,HEM_PA81.nii.gz,background,1,939419,0.055377809317772475,0.9990887985020529,case_voxel_bins
world_pairwise,blur,HEM_PA81.nii.gz,background,2,1381118,0.15039878007583143,1.0,case_voxel_bins
world_pairwise,blur,HEM_PA81.nii.gz,background,3,1406353,0.25004998467520906,1.0,case_voxel_bins
world_pairwise,blur,HEM_PA81.nii.gz,background,4,1410600,0.3500050026328787,1.0,case_voxel_bins
world_pairwise,blur,HEM_PA81.nii.gz,background,5,1410189,0.4499994822125929,1.0,case_voxel_bins
world_pairwise,blur,HEM_PA81.nii.gz,background,6,1410613,0.5500040841732968,1.0,case_voxel_bins
world_pairwise,blur,HEM_PA81.nii.gz,background,7,1411456,0.6499919582460182,1.0,case_voxel_bins
world_pairwise,blur,HEM_PA81.nii.gz,background,8,1412113,0.7500114484373116,1.0,case_voxel_bins
world_pairwise,blur,HEM_PA81.nii.gz,background,9,1412640,0.8499985341398706,1.0,case_voxel_bins
world_pairwise,blur,HEM_PA81.nii.gz,background,10,1414058,0.9499992452877496,1.0,case_voxel_bins
world_pairwise,blur,HEM_PA81.nii.gz,foreground,1,476159,0.039389896589827444,0.7147486448854269,case_voxel_bins
world_pairwise,blur,HEM_PA81.nii.gz,foreground,2,34460,0.13401618325910938,0.22681369704004642,case_voxel_bins
world_pairwise,blur,HEM_PA81.nii.gz,foreground,3,9223,0.24236733043812936,0.09237775127398894,case_voxel_bins
world_pairwise,blur,HEM_PA81.nii.gz,foreground,4,4980,0.34857094206484446,0.07228915662650602,case_voxel_bins
world_pairwise,blur,HEM_PA81.nii.gz,foreground,5,5387,0.4501318288398227,0.025988490811212177,case_voxel_bins
world_pairwise,blur,HEM_PA81.nii.gz,foreground,6,4965,0.5488235216246391,0.0036253776435045317,case_voxel_bins
world_pairwise,blur,HEM_PA81.nii.gz,foreground,7,4122,0.6527439476013878,0.0,case_voxel_bins
world_pairwise,blur,HEM_PA81.nii.gz,foreground,8,3465,0.7453343465386703,0.0,case_voxel_bins
world_pairwise,blur,HEM_PA81.nii.gz,foreground,9,2938,0.8507184172423216,0.0,case_voxel_bins
world_pairwise,blur,HEM_PA81.nii.gz,foreground,10,1518,0.9506898765821545,0.23386034255599472,case_voxel_bins
world_pairwise,blur,HEM_PA81.nii.gz,overall,1,1415578,0.04999994350138823,0.9034450945126302,case_voxel_bins
world_pairwise,blur,HEM_PA81.nii.gz,overall,2,1415578,0.14999997175420998,0.9811780064397723,case_voxel_bins
world_pairwise,blur,HEM_PA81.nii.gz,overall,3,1415576,0.24999992934788745,0.9940865061289539,case_voxel_bins
world_pairwise,blur,HEM_PA81.nii.gz,overall,4,1415580,0.34999995761837666,0.9967363200949434,case_voxel_bins
world_pairwise,blur,HEM_PA81.nii.gz,overall,5,1415576,0.4499999858600699,0.9962933816340486,case_voxel_bins
world_pairwise,blur,HEM_PA81.nii.gz,overall,6,1415578,0.5499999434667769,0.9965053144369297,case_voxel_bins
world_pairwise,blur,HEM_PA81.nii.gz,overall,7,1415578,0.6499999717218724,0.9970881152433847,case_voxel_bins
world_pairwise,blur,HEM_PA81.nii.gz,overall,8,1415578,0.7499999999985263,0.9975522366128888,case_voxel_bins
world_pairwise,blur,HEM_PA81.nii.gz,overall,9,1415578,0.8500000282409057,0.9979245227038002,case_voxel_bins
world_pairwise,blur,HEM_PA81.nii.gz,overall,10,1415576,0.9499999858896706,0.9991784263084427,case_voxel_bins
world_pairwise,gamma,HEM_PA81.nii.gz,background,1,939419,0.055377809317772475,0.9990887985020529,case_voxel_bins
world_pairwise,gamma,HEM_PA81.nii.gz,background,2,1381118,0.15039878007583143,1.0,case_voxel_bins
world_pairwise,gamma,HEM_PA81.nii.gz,background,3,1406353,0.25004998467520906,1.0,case_voxel_bins
world_pairwise,gamma,HEM_PA81.nii.gz,background,4,1410600,0.3500050026328787,1.0,case_voxel_bins
world_pairwise,gamma,HEM_PA81.nii.gz,background,5,1410189,0.4499994822125929,1.0,case_voxel_bins
world_pairwise,gamma,HEM_PA81.nii.gz,background,6,1410613,0.5500040841732968,1.0,case_voxel_bins
world_pairwise,gamma,HEM_PA81.nii.gz,background,7,1411456,0.6499919582460182,1.0,case_voxel_bins
world_pairwise,gamma,HEM_PA81.nii.gz,background,8,1412113,0.7500114484373116,1.0,case_voxel_bins
world_pairwise,gamma,HEM_PA81.nii.gz,background,9,1412640,0.8499985341398706,1.0,case_voxel_bins
world_pairwise,gamma,HEM_PA81.nii.gz,background,10,1414058,0.9499992452877496,1.0,case_voxel_bins
world_pairwise,gamma,HEM_PA81.nii.gz,foreground,1,476159,0.039389896589827444,0.7147486448854269,case_voxel_bins
world_pairwise,gamma,HEM_PA81.nii.gz,foreground,2,34460,0.13401618325910938,0.22681369704004642,case_voxel_bins
world_pairwise,gamma,HEM_PA81.nii.gz,foreground,3,9223,0.24236733043812936,0.09237775127398894,case_voxel_bins
world_pairwise,gamma,HEM_PA81.nii.gz,foreground,4,4980,0.34857094206484446,0.07228915662650602,case_voxel_bins
world_pairwise,gamma,HEM_PA81.nii.gz,foreground,5,5387,0.4501318288398227,0.025988490811212177,case_voxel_bins
world_pairwise,gamma,HEM_PA81.nii.gz,foreground,6,4965,0.5488235216246391,0.0036253776435045317,case_voxel_bins
world_pairwise,gamma,HEM_PA81.nii.gz,foreground,7,4122,0.6527439476013878,0.0,case_voxel_bins
world_pairwise,gamma,HEM_PA81.nii.gz,foreground,8,3465,0.7453343465386703,0.0,case_voxel_bins
world_pairwise,gamma,HEM_PA81.nii.gz,foreground,9,2938,0.8507184172423216,0.0,case_voxel_bins
world_pairwise,gamma,HEM_PA81.nii.gz,foreground,10,1518,0.9506898765821545,0.23386034255599472,case_voxel_bins
world_pairwise,gamma,HEM_PA81.nii.gz,overall,1,1415578,0.04999994350138823,0.9034450945126302,case_voxel_bins
world_pairwise,gamma,HEM_PA81.nii.gz,overall,2,1415578,0.14999997175420998,0.9811780064397723,case_voxel_bins
world_pairwise,gamma,HEM_PA81.nii.gz,overall,3,1415576,0.24999992934788745,0.9940865061289539,case_voxel_bins
world_pairwise,gamma,HEM_PA81.nii.gz,overall,4,1415580,0.34999995761837666,0.9967363200949434,case_voxel_bins
world_pairwise,gamma,HEM_PA81.nii.gz,overall,5,1415576,0.4499999858600699,0.9962933816340486,case_voxel_bins
world_pairwise,gamma,HEM_PA81.nii.gz,overall,6,1415578,0.5499999434667769,0.9965053144369297,case_voxel_bins
world_pairwise,gamma,HEM_PA81.nii.gz,overall,7,1415578,0.6499999717218724,0.9970881152433847,case_voxel_bins
world_pairwise,gamma,HEM_PA81.nii.gz,overall,8,1415578,0.7499999999985263,0.9975522366128888,case_voxel_bins
world_pairwise,gamma,HEM_PA81.nii.gz,overall,9,1415578,0.8500000282409057,0.9979245227038002,case_voxel_bins
world_pairwise,gamma,HEM_PA81.nii.gz,overall,10,1415576,0.9499999858896706,0.9991784263084427,case_voxel_bins
confidence_rank,all,HEM_PA81.nii.gz,overall,1,1416370,0.05002805919684101,0.7229311549948106,case_voxel_bins
confidence_rank,all,HEM_PA81.nii.gz,overall,2,1415188,0.15004228673031902,0.9972399426789939,case_voxel_bins
confidence_rank,all,HEM_PA81.nii.gz,overall,3,1417460,0.2500950148242016,0.9999647256359968,case_voxel_bins
confidence_rank,all,HEM_PA81.nii.gz,overall,4,1404766,0.34977962502411736,0.9999943051013478,case_voxel_bins
confidence_rank,all,HEM_PA81.nii.gz,overall,5,1426202,0.4497730098151809,1.0,case_voxel_bins
confidence_rank,all,HEM_PA81.nii.gz,overall,6,15530488,0.5043112611644114,1.0,case_voxel_bins
confidence_rank,all,HEM_PA81.nii.gz,overall,7,1410910,0.6470965542701077,1.0,case_voxel_bins
confidence_rank,all,HEM_PA81.nii.gz,overall,8,1469658,0.7488418865432338,1.0,case_voxel_bins
confidence_rank,all,HEM_PA81.nii.gz,overall,9,1453888,0.8521052464744732,1.0,case_voxel_bins
confidence_rank,all,HEM_PA81.nii.gz,overall,10,1366622,0.9517292497471241,1.0,case_voxel_bins
confidence_rank,all,HEM_PA81.nii.gz,foreground,1,1090470,0.040373737633655385,0.6416957825524774,case_voxel_bins
confidence_rank,all,HEM_PA81.nii.gz,foreground,2,3906,0.11829568795894148,0.0,case_voxel_bins
confidence_rank,all,HEM_PA81.nii.gz,foreground,3,50,0.22234622478485108,0.0,case_voxel_bins
confidence_rank,all,HEM_PA81.nii.gz,foreground,4,8,0.32577355951070786,0.0,case_voxel_bins
confidence_rank,all,HEM_PA81.nii.gz,background,1,325900,0.0823316739099648,0.994746854863455,case_voxel_bins
confidence_rank,all,HEM_PA81.nii.gz,background,2,1411282,0.15013015167495872,1.0,case_voxel_bins
confidence_rank,all,HEM_PA81.nii.gz,background,3,1417410,0.2500959936796506,1.0,case_voxel_bins
confidence_rank,all,HEM_PA81.nii.gz,background,4,1404758,0.3497797617370061,1.0,case_voxel_bins
confidence_rank,all,HEM_PA81.nii.gz,background,5,1426202,0.4497730098151809,1.0,case_voxel_bins
confidence_rank,all,HEM_PA81.nii.gz,background,6,15530488,0.5043112611644114,1.0,case_voxel_bins
confidence_rank,all,HEM_PA81.nii.gz,background,7,1410910,0.6470965542701077,1.0,case_voxel_bins
confidence_rank,all,HEM_PA81.nii.gz,background,8,1469658,0.7488418865432338,1.0,case_voxel_bins
confidence_rank,all,HEM_PA81.nii.gz,background,9,1453888,0.8521052464744732,1.0,case_voxel_bins
confidence_rank,all,HEM_PA81.nii.gz,background,10,1366622,0.9517292497471241,1.0,case_voxel_bins
world_pairwise,all,HEM_PA81.nii.gz,overall,1,2831156,0.04999994350138823,0.9034450945126302,case_voxel_bins
world_pairwise,all,HEM_PA81.nii.gz,overall,2,2831156,0.14999997175420998,0.9811780064397723,case_voxel_bins
world_pairwise,all,HEM_PA81.nii.gz,overall,3,2831152,0.24999992934788745,0.9940865061289539,case_voxel_bins
world_pairwise,all,HEM_PA81.nii.gz,overall,4,2831160,0.34999995761837666,0.9967363200949434,case_voxel_bins
world_pairwise,all,HEM_PA81.nii.gz,overall,5,2831152,0.4499999858600699,0.9962933816340486,case_voxel_bins
world_pairwise,all,HEM_PA81.nii.gz,overall,6,2831156,0.5499999434667769,0.9965053144369297,case_voxel_bins
world_pairwise,all,HEM_PA81.nii.gz,overall,7,2831156,0.6499999717218724,0.9970881152433847,case_voxel_bins
world_pairwise,all,HEM_PA81.nii.gz,overall,8,2831156,0.7499999999985263,0.9975522366128888,case_voxel_bins
world_pairwise,all,HEM_PA81.nii.gz,overall,9,2831156,0.8500000282409057,0.9979245227038002,case_voxel_bins
world_pairwise,all,HEM_PA81.nii.gz,overall,10,2831152,0.9499999858896706,0.9991784263084427,case_voxel_bins
world_pairwise,all,HEM_PA81.nii.gz,foreground,1,952318,0.039389896589827444,0.7147486448854269,case_voxel_bins
world_pairwise,all,HEM_PA81.nii.gz,foreground,2,68920,0.13401618325910938,0.22681369704004642,case_voxel_bins
world_pairwise,all,HEM_PA81.nii.gz,foreground,3,18446,0.24236733043812936,0.09237775127398894,case_voxel_bins
world_pairwise,all,HEM_PA81.nii.gz,foreground,4,9960,0.34857094206484446,0.07228915662650602,case_voxel_bins
world_pairwise,all,HEM_PA81.nii.gz,foreground,5,10774,0.4501318288398227,0.025988490811212177,case_voxel_bins
world_pairwise,all,HEM_PA81.nii.gz,foreground,6,9930,0.5488235216246391,0.0036253776435045317,case_voxel_bins
world_pairwise,all,HEM_PA81.nii.gz,foreground,7,8244,0.6527439476013878,0.0,case_voxel_bins
world_pairwise,all,HEM_PA81.nii.gz,foreground,8,6930,0.7453343465386703,0.0,case_voxel_bins
world_pairwise,all,HEM_PA81.nii.gz,foreground,9,5876,0.8507184172423216,0.0,case_voxel_bins
world_pairwise,all,HEM_PA81.nii.gz,foreground,10,3036,0.9506898765821545,0.23386034255599472,case_voxel_bins
world_pairwise,all,HEM_PA81.nii.gz,background,1,1878838,0.055377809317772475,0.9990887985020529,case_voxel_bins
world_pairwise,all,HEM_PA81.nii.gz,background,2,2762236,0.15039878007583143,1.0,case_voxel_bins
world_pairwise,all,HEM_PA81.nii.gz,background,3,2812706,0.25004998467520906,1.0,case_voxel_bins
world_pairwise,all,HEM_PA81.nii.gz,background,4,2821200,0.3500050026328787,1.0,case_voxel_bins
world_pairwise,all,HEM_PA81.nii.gz,background,5,2820378,0.4499994822125929,1.0,case_voxel_bins
world_pairwise,all,HEM_PA81.nii.gz,background,6,2821226,0.5500040841732968,1.0,case_voxel_bins
world_pairwise,all,HEM_PA81.nii.gz,background,7,2822912,0.6499919582460182,1.0,case_voxel_bins
world_pairwise,all,HEM_PA81.nii.gz,background,8,2824226,0.7500114484373116,1.0,case_voxel_bins
world_pairwise,all,HEM_PA81.nii.gz,background,9,2825280,0.8499985341398706,1.0,case_voxel_bins
world_pairwise,all,HEM_PA81.nii.gz,background,10,2828116,0.9499992452877496,1.0,case_voxel_bins
joint_product,all,HEM_PA81.nii.gz,overall,1,6494176,0.045447503295333536,0.9391242245359535,case_voxel_bins
joint_product,all,HEM_PA81.nii.gz,overall,2,6191078,0.1492634356669721,0.9998304011030066,case_voxel_bins
joint_product,all,HEM_PA81.nii.gz,overall,3,5266638,0.2482627584532692,0.9999984810043903,case_voxel_bins
joint_product,all,HEM_PA81.nii.gz,overall,4,4250412,0.3484015452101198,1.0,case_voxel_bins
joint_product,all,HEM_PA81.nii.gz,overall,5,3686646,0.4491361679738901,1.0,case_voxel_bins
joint_product,all,HEM_PA81.nii.gz,overall,6,609748,0.5483625379280743,1.0,case_voxel_bins
joint_product,all,HEM_PA81.nii.gz,overall,7,530384,0.6492551009607673,1.0,case_voxel_bins
joint_product,all,HEM_PA81.nii.gz,overall,8,510792,0.7497874200999887,1.0,case_voxel_bins
joint_product,all,HEM_PA81.nii.gz,overall,9,462102,0.8491339230103403,1.0,case_voxel_bins
joint_product,all,HEM_PA81.nii.gz,overall,10,309576,0.9376461773114996,1.0,case_voxel_bins
joint_product,all,HEM_PA81.nii.gz,foreground,1,1093376,0.004162371029115334,0.639990268672442,case_voxel_bins
joint_product,all,HEM_PA81.nii.gz,foreground,2,1050,0.11994597382488704,0.0,case_voxel_bins
joint_product,all,HEM_PA81.nii.gz,foreground,3,8,0.2059927098453045,0.0,case_voxel_bins
joint_product,all,HEM_PA81.nii.gz,background,1,5400800,0.053805556320201994,0.9996830099244557,case_voxel_bins
joint_product,all,HEM_PA81.nii.gz,background,2,6190028,0.14926840871958738,1.0,case_voxel_bins
joint_product,all,HEM_PA81.nii.gz,background,3,5266630,0.248262822661385,1.0,case_voxel_bins
joint_product,all,HEM_PA81.nii.gz,background,4,4250412,0.3484015452101198,1.0,case_voxel_bins
joint_product,all,HEM_PA81.nii.gz,background,5,3686646,0.4491361679738901,1.0,case_voxel_bins
joint_product,all,HEM_PA81.nii.gz,background,6,609748,0.5483625379280743,1.0,case_voxel_bins
joint_product,all,HEM_PA81.nii.gz,background,7,530384,0.6492551009607673,1.0,case_voxel_bins
joint_product,all,HEM_PA81.nii.gz,background,8,510792,0.7497874200999887,1.0,case_voxel_bins
joint_product,all,HEM_PA81.nii.gz,background,9,462102,0.8491339230103403,1.0,case_voxel_bins
joint_product,all,HEM_PA81.nii.gz,background,10,309576,0.9376461773114996,1.0,case_voxel_bins
confidence_rank,blur,HEM_PA89.nii.gz,background,1,1090052,0.05347475201970709,0.9380772660386844,case_voxel_bins
confidence_rank,blur,HEM_PA89.nii.gz,background,2,1218607,0.14193841798985266,1.0,case_voxel_bins
confidence_rank,blur,HEM_PA89.nii.gz,background,3,703135,0.24971220375706968,1.0,case_voxel_bins
confidence_rank,blur,HEM_PA89.nii.gz,background,4,712172,0.3496950227747833,1.0,case_voxel_bins
confidence_rank,blur,HEM_PA89.nii.gz,background,5,721745,0.4509906029227035,1.0,case_voxel_bins
confidence_rank,blur,HEM_PA89.nii.gz,background,6,6578775,0.5800417122134788,1.0,case_voxel_bins
confidence_rank,blur,HEM_PA89.nii.gz,background,7,740341,0.6507511795878531,1.0,case_voxel_bins
confidence_rank,blur,HEM_PA89.nii.gz,background,8,709494,0.7531712174653505,1.0,case_voxel_bins
confidence_rank,blur,HEM_PA89.nii.gz,background,9,709129,0.8533863435950606,1.0,case_voxel_bins
confidence_rank,blur,HEM_PA89.nii.gz,background,10,683151,0.9517405461216519,1.0,case_voxel_bins
confidence_rank,blur,HEM_PA89.nii.gz,foreground,1,285905,0.030207100204563683,0.7134887462618702,case_voxel_bins
confidence_rank,blur,HEM_PA89.nii.gz,foreground,2,3217,0.1252089382482494,0.850170966739198,case_voxel_bins
confidence_rank,blur,HEM_PA89.nii.gz,foreground,3,50,0.22186585247516633,0.82,case_voxel_bins
confidence_rank,blur,HEM_PA89.nii.gz,foreground,4,3,0.3094690938790639,0.0,case_voxel_bins
confidence_rank,blur,HEM_PA89.nii.gz,overall,1,1375957,0.048640052975908066,0.8914108507751333,case_voxel_bins
confidence_rank,blur,HEM_PA89.nii.gz,overall,2,1221824,0.14189437012671627,0.9996055078309151,case_voxel_bins
confidence_rank,blur,HEM_PA89.nii.gz,overall,3,703185,0.249710223741051,0.9999872010921734,case_voxel_bins
confidence_rank,blur,HEM_PA89.nii.gz,overall,4,712175,0.3496948533251583,0.9999957875522169,case_voxel_bins
confidence_rank,blur,HEM_PA89.nii.gz,overall,5,721745,0.4509906029227035,1.0,case_voxel_bins
confidence_rank,blur,HEM_PA89.nii.gz,overall,6,6578775,0.5800417122134788,1.0,case_voxel_bins
confidence_rank,blur,HEM_PA89.nii.gz,overall,7,740341,0.6507511795878531,1.0,case_voxel_bins
confidence_rank,blur,HEM_PA89.nii.gz,overall,8,709494,0.7531712174653505,1.0,case_voxel_bins
confidence_rank,blur,HEM_PA89.nii.gz,overall,9,709129,0.8533863435950606,1.0,case_voxel_bins
confidence_rank,blur,HEM_PA89.nii.gz,overall,10,683151,0.9517405461216519,1.0,case_voxel_bins
confidence_rank,gamma,HEM_PA89.nii.gz,background,1,1090052,0.05347475201970709,0.9380772660386844,case_voxel_bins
confidence_rank,gamma,HEM_PA89.nii.gz,background,2,1218607,0.14193841798985266,1.0,case_voxel_bins
confidence_rank,gamma,HEM_PA89.nii.gz,background,3,703135,0.24971220375706968,1.0,case_voxel_bins
confidence_rank,gamma,HEM_PA89.nii.gz,background,4,712172,0.3496950227747833,1.0,case_voxel_bins
confidence_rank,gamma,HEM_PA89.nii.gz,background,5,721745,0.4509906029227035,1.0,case_voxel_bins
confidence_rank,gamma,HEM_PA89.nii.gz,background,6,6578775,0.5800417122134788,1.0,case_voxel_bins
confidence_rank,gamma,HEM_PA89.nii.gz,background,7,740341,0.6507511795878531,1.0,case_voxel_bins
confidence_rank,gamma,HEM_PA89.nii.gz,background,8,709494,0.7531712174653505,1.0,case_voxel_bins
confidence_rank,gamma,HEM_PA89.nii.gz,background,9,709129,0.8533863435950606,1.0,case_voxel_bins
confidence_rank,gamma,HEM_PA89.nii.gz,background,10,683151,0.9517405461216519,1.0,case_voxel_bins
confidence_rank,gamma,HEM_PA89.nii.gz,foreground,1,285905,0.030207100204563683,0.7134887462618702,case_voxel_bins
confidence_rank,gamma,HEM_PA89.nii.gz,foreground,2,3217,0.1252089382482494,0.850170966739198,case_voxel_bins
confidence_rank,gamma,HEM_PA89.nii.gz,foreground,3,50,0.22186585247516633,0.82,case_voxel_bins
confidence_rank,gamma,HEM_PA89.nii.gz,foreground,4,3,0.3094690938790639,0.0,case_voxel_bins
confidence_rank,gamma,HEM_PA89.nii.gz,overall,1,1375957,0.048640052975908066,0.8914108507751333,case_voxel_bins
confidence_rank,gamma,HEM_PA89.nii.gz,overall,2,1221824,0.14189437012671627,0.9996055078309151,case_voxel_bins
confidence_rank,gamma,HEM_PA89.nii.gz,overall,3,703185,0.249710223741051,0.9999872010921734,case_voxel_bins
confidence_rank,gamma,HEM_PA89.nii.gz,overall,4,712175,0.3496948533251583,0.9999957875522169,case_voxel_bins
confidence_rank,gamma,HEM_PA89.nii.gz,overall,5,721745,0.4509906029227035,1.0,case_voxel_bins
confidence_rank,gamma,HEM_PA89.nii.gz,overall,6,6578775,0.5800417122134788,1.0,case_voxel_bins
confidence_rank,gamma,HEM_PA89.nii.gz,overall,7,740341,0.6507511795878531,1.0,case_voxel_bins
confidence_rank,gamma,HEM_PA89.nii.gz,overall,8,709494,0.7531712174653505,1.0,case_voxel_bins
confidence_rank,gamma,HEM_PA89.nii.gz,overall,9,709129,0.8533863435950606,1.0,case_voxel_bins
confidence_rank,gamma,HEM_PA89.nii.gz,overall,10,683151,0.9517405461216519,1.0,case_voxel_bins
joint_product,blur,HEM_PA89.nii.gz,background,1,3928282,0.050129425994684014,0.9828171704577218,case_voxel_bins
joint_product,blur,HEM_PA89.nii.gz,background,2,2935701,0.14645839969551033,1.0,case_voxel_bins
joint_product,blur,HEM_PA89.nii.gz,background,3,2028948,0.24671529412317506,1.0,case_voxel_bins
joint_product,blur,HEM_PA89.nii.gz,background,4,1486163,0.348623610987066,1.0,case_voxel_bins
joint_product,blur,HEM_PA89.nii.gz,background,5,1347783,0.4495450527950408,1.0,case_voxel_bins
joint_product,blur,HEM_PA89.nii.gz,background,6,1176362,0.5445253119733731,1.0,case_voxel_bins
joint_product,blur,HEM_PA89.nii.gz,background,7,249698,0.6496432167919775,1.0,case_voxel_bins
joint_product,blur,HEM_PA89.nii.gz,background,8,233949,0.7491197016614309,1.0,case_voxel_bins
joint_product,blur,HEM_PA89.nii.gz,background,9,220619,0.8510252587716984,1.0,case_voxel_bins
joint_product,blur,HEM_PA89.nii.gz,background,10,259096,0.9469752766395092,1.0,case_voxel_bins
joint_product,blur,HEM_PA89.nii.gz,foreground,1,289137,0.0026085588209854497,0.7151142883823239,case_voxel_bins
joint_product,blur,HEM_PA89.nii.gz,foreground,2,38,0.11630001487700563,0.0,case_voxel_bins
joint_product,blur,HEM_PA89.nii.gz,overall,1,4217419,0.04687149953018013,0.9644640477979541,case_voxel_bins
joint_product,blur,HEM_PA89.nii.gz,overall,2,2935739,0.1464580093274895,0.9999870560700389,case_voxel_bins
joint_product,blur,HEM_PA89.nii.gz,overall,3,2028948,0.24671529412317506,1.0,case_voxel_bins
joint_product,blur,HEM_PA89.nii.gz,overall,4,1486163,0.348623610987066,1.0,case_voxel_bins
joint_product,blur,HEM_PA89.nii.gz,overall,5,1347783,0.4495450527950408,1.0,case_voxel_bins
joint_product,blur,HEM_PA89.nii.gz,overall,6,1176362,0.5445253119733731,1.0,case_voxel_bins
joint_product,blur,HEM_PA89.nii.gz,overall,7,249698,0.6496432167919775,1.0,case_voxel_bins
joint_product,blur,HEM_PA89.nii.gz,overall,8,233949,0.7491197016614309,1.0,case_voxel_bins
joint_product,blur,HEM_PA89.nii.gz,overall,9,220619,0.8510252587716984,1.0,case_voxel_bins
joint_product,blur,HEM_PA89.nii.gz,overall,10,259096,0.9469752766395092,1.0,case_voxel_bins
joint_product,gamma,HEM_PA89.nii.gz,background,1,3928282,0.050129425994684014,0.9828171704577218,case_voxel_bins
joint_product,gamma,HEM_PA89.nii.gz,background,2,2935701,0.14645839969551033,1.0,case_voxel_bins
joint_product,gamma,HEM_PA89.nii.gz,background,3,2028948,0.24671529412317506,1.0,case_voxel_bins
joint_product,gamma,HEM_PA89.nii.gz,background,4,1486163,0.348623610987066,1.0,case_voxel_bins
joint_product,gamma,HEM_PA89.nii.gz,background,5,1347783,0.4495450527950408,1.0,case_voxel_bins
joint_product,gamma,HEM_PA89.nii.gz,background,6,1176362,0.5445253119733731,1.0,case_voxel_bins
joint_product,gamma,HEM_PA89.nii.gz,background,7,249698,0.6496432167919775,1.0,case_voxel_bins
joint_product,gamma,HEM_PA89.nii.gz,background,8,233949,0.7491197016614309,1.0,case_voxel_bins
joint_product,gamma,HEM_PA89.nii.gz,background,9,220619,0.8510252587716984,1.0,case_voxel_bins
joint_product,gamma,HEM_PA89.nii.gz,background,10,259096,0.9469752766395092,1.0,case_voxel_bins
joint_product,gamma,HEM_PA89.nii.gz,foreground,1,289137,0.0026085588209854497,0.7151142883823239,case_voxel_bins
joint_product,gamma,HEM_PA89.nii.gz,foreground,2,38,0.11630001487700563,0.0,case_voxel_bins
joint_product,gamma,HEM_PA89.nii.gz,overall,1,4217419,0.04687149953018013,0.9644640477979541,case_voxel_bins
joint_product,gamma,HEM_PA89.nii.gz,overall,2,2935739,0.1464580093274895,0.9999870560700389,case_voxel_bins
joint_product,gamma,HEM_PA89.nii.gz,overall,3,2028948,0.24671529412317506,1.0,case_voxel_bins
joint_product,gamma,HEM_PA89.nii.gz,overall,4,1486163,0.348623610987066,1.0,case_voxel_bins
joint_product,gamma,HEM_PA89.nii.gz,overall,5,1347783,0.4495450527950408,1.0,case_voxel_bins
joint_product,gamma,HEM_PA89.nii.gz,overall,6,1176362,0.5445253119733731,1.0,case_voxel_bins
joint_product,gamma,HEM_PA89.nii.gz,overall,7,249698,0.6496432167919775,1.0,case_voxel_bins
joint_product,gamma,HEM_PA89.nii.gz,overall,8,233949,0.7491197016614309,1.0,case_voxel_bins
joint_product,gamma,HEM_PA89.nii.gz,overall,9,220619,0.8510252587716984,1.0,case_voxel_bins
joint_product,gamma,HEM_PA89.nii.gz,overall,10,259096,0.9469752766395092,1.0,case_voxel_bins
world_pairwise,blur,HEM_PA89.nii.gz,background,1,1171234,0.05432486346907893,0.9465777120541241,case_voxel_bins
world_pairwise,blur,HEM_PA89.nii.gz,background,2,1396659,0.15009647442376076,0.9994830520549397,case_voxel_bins
world_pairwise,blur,HEM_PA89.nii.gz,background,3,1406342,0.2500132503878265,0.9997945023330029,case_voxel_bins
world_pairwise,blur,HEM_PA89.nii.gz,background,4,1406596,0.3500179639580671,0.9999175314020515,case_voxel_bins
world_pairwise,blur,HEM_PA89.nii.gz,background,5,1411148,0.45002291281101003,0.9999893703566175,case_voxel_bins
world_pairwise,blur,HEM_PA89.nii.gz,background,6,1414035,0.5500088590883855,0.999997878411779,case_voxel_bins
world_pairwise,blur,HEM_PA89.nii.gz,background,7,1414381,0.6500006482845945,1.0,case_voxel_bins
world_pairwise,blur,HEM_PA89.nii.gz,background,8,1415130,0.7500008112782123,1.0,case_voxel_bins
world_pairwise,blur,HEM_PA89.nii.gz,background,9,1415499,0.8500010411686743,1.0,case_voxel_bins
world_pairwise,blur,HEM_PA89.nii.gz,background,10,1415577,0.9499999505222293,0.9973268850793705,case_voxel_bins
world_pairwise,blur,HEM_PA89.nii.gz,foreground,1,244344,0.029268952219330818,0.8195126542906722,case_voxel_bins
world_pairwise,blur,HEM_PA89.nii.gz,foreground,2,18919,0.14287584642003182,0.28278450235213276,case_voxel_bins
world_pairwise,blur,HEM_PA89.nii.gz,foreground,3,9236,0.2479823969204532,0.11585101775660459,case_voxel_bins
world_pairwise,blur,HEM_PA89.nii.gz,foreground,4,8980,0.3471795057533579,0.011469933184855233,case_voxel_bins
world_pairwise,blur,HEM_PA89.nii.gz,foreground,5,4430,0.442674190249992,0.0,case_voxel_bins
world_pairwise,blur,HEM_PA89.nii.gz,foreground,6,1541,0.5417540399073626,0.0,case_voxel_bins
world_pairwise,blur,HEM_PA89.nii.gz,foreground,7,1199,0.649118471781943,0.0,case_voxel_bins
world_pairwise,blur,HEM_PA89.nii.gz,foreground,8,448,0.7474372818001679,0.0,case_voxel_bins
world_pairwise,blur,HEM_PA89.nii.gz,foreground,9,78,0.8309770982999068,0.0,case_voxel_bins
world_pairwise,blur,HEM_PA89.nii.gz,overall,1,1415578,0.0499999434869879,0.9246449153631944,case_voxel_bins
world_pairwise,blur,HEM_PA89.nii.gz,overall,2,1415578,0.14999997175050464,0.989904477181759,case_voxel_bins
world_pairwise,blur,HEM_PA89.nii.gz,overall,3,1415578,0.24999999999637887,0.9940271747653608,case_voxel_bins
world_pairwise,blur,HEM_PA89.nii.gz,overall,4,1415576,0.349999957609642,0.9936471090213453,case_voxel_bins
world_pairwise,blur,HEM_PA89.nii.gz,overall,5,1415578,0.44999991525033495,0.9968599398973423,case_voxel_bins
world_pairwise,blur,HEM_PA89.nii.gz,overall,6,1415576,0.5499998728690952,0.998909277919377,case_voxel_bins
world_pairwise,blur,HEM_PA89.nii.gz,overall,7,1415580,0.6499999010787659,0.9991529973579734,case_voxel_bins
world_pairwise,blur,HEM_PA89.nii.gz,overall,8,1415578,0.7499999999762521,0.9996835215014644,case_voxel_bins
world_pairwise,blur,HEM_PA89.nii.gz,overall,9,1415577,0.8499999929264778,0.9999448987939193,case_voxel_bins
world_pairwise,blur,HEM_PA89.nii.gz,overall,10,1415577,0.9499999505222293,0.9973268850793705,case_voxel_bins
world_pairwise,gamma,HEM_PA89.nii.gz,background,1,1171234,0.05432486346907893,0.9465777120541241,case_voxel_bins
world_pairwise,gamma,HEM_PA89.nii.gz,background,2,1396659,0.15009647442376076,0.9994830520549397,case_voxel_bins
world_pairwise,gamma,HEM_PA89.nii.gz,background,3,1406342,0.2500132503878265,0.9997945023330029,case_voxel_bins
world_pairwise,gamma,HEM_PA89.nii.gz,background,4,1406596,0.3500179639580671,0.9999175314020515,case_voxel_bins
world_pairwise,gamma,HEM_PA89.nii.gz,background,5,1411148,0.45002291281101003,0.9999893703566175,case_voxel_bins
world_pairwise,gamma,HEM_PA89.nii.gz,background,6,1414035,0.5500088590883855,0.999997878411779,case_voxel_bins
world_pairwise,gamma,HEM_PA89.nii.gz,background,7,1414381,0.6500006482845945,1.0,case_voxel_bins
world_pairwise,gamma,HEM_PA89.nii.gz,background,8,1415130,0.7500008112782123,1.0,case_voxel_bins
world_pairwise,gamma,HEM_PA89.nii.gz,background,9,1415499,0.8500010411686743,1.0,case_voxel_bins
world_pairwise,gamma,HEM_PA89.nii.gz,background,10,1415577,0.9499999505222293,0.9973268850793705,case_voxel_bins
world_pairwise,gamma,HEM_PA89.nii.gz,foreground,1,244344,0.029268952219330818,0.8195126542906722,case_voxel_bins
world_pairwise,gamma,HEM_PA89.nii.gz,foreground,2,18919,0.14287584642003182,0.28278450235213276,case_voxel_bins
world_pairwise,gamma,HEM_PA89.nii.gz,foreground,3,9236,0.2479823969204532,0.11585101775660459,case_voxel_bins
world_pairwise,gamma,HEM_PA89.nii.gz,foreground,4,8980,0.3471795057533579,0.011469933184855233,case_voxel_bins
world_pairwise,gamma,HEM_PA89.nii.gz,foreground,5,4430,0.442674190249992,0.0,case_voxel_bins
world_pairwise,gamma,HEM_PA89.nii.gz,foreground,6,1541,0.5417540399073626,0.0,case_voxel_bins
world_pairwise,gamma,HEM_PA89.nii.gz,foreground,7,1199,0.649118471781943,0.0,case_voxel_bins
world_pairwise,gamma,HEM_PA89.nii.gz,foreground,8,448,0.7474372818001679,0.0,case_voxel_bins
world_pairwise,gamma,HEM_PA89.nii.gz,foreground,9,78,0.8309770982999068,0.0,case_voxel_bins
world_pairwise,gamma,HEM_PA89.nii.gz,overall,1,1415578,0.0499999434869879,0.9246449153631944,case_voxel_bins
world_pairwise,gamma,HEM_PA89.nii.gz,overall,2,1415578,0.14999997175050464,0.989904477181759,case_voxel_bins
world_pairwise,gamma,HEM_PA89.nii.gz,overall,3,1415578,0.24999999999637887,0.9940271747653608,case_voxel_bins
world_pairwise,gamma,HEM_PA89.nii.gz,overall,4,1415576,0.349999957609642,0.9936471090213453,case_voxel_bins
world_pairwise,gamma,HEM_PA89.nii.gz,overall,5,1415578,0.44999991525033495,0.9968599398973423,case_voxel_bins
world_pairwise,gamma,HEM_PA89.nii.gz,overall,6,1415576,0.5499998728690952,0.998909277919377,case_voxel_bins
world_pairwise,gamma,HEM_PA89.nii.gz,overall,7,1415580,0.6499999010787659,0.9991529973579734,case_voxel_bins
world_pairwise,gamma,HEM_PA89.nii.gz,overall,8,1415578,0.7499999999762521,0.9996835215014644,case_voxel_bins
world_pairwise,gamma,HEM_PA89.nii.gz,overall,9,1415577,0.8499999929264778,0.9999448987939193,case_voxel_bins
world_pairwise,gamma,HEM_PA89.nii.gz,overall,10,1415577,0.9499999505222293,0.9973268850793705,case_voxel_bins
confidence_rank,all,HEM_PA89.nii.gz,overall,1,2751914,0.048640052975908066,0.8914108507751333,case_voxel_bins
confidence_rank,all,HEM_PA89.nii.gz,overall,2,2443648,0.14189437012671627,0.9996055078309151,case_voxel_bins
confidence_rank,all,HEM_PA89.nii.gz,overall,3,1406370,0.249710223741051,0.9999872010921734,case_voxel_bins
confidence_rank,all,HEM_PA89.nii.gz,overall,4,1424350,0.3496948533251583,0.9999957875522169,case_voxel_bins
confidence_rank,all,HEM_PA89.nii.gz,overall,5,1443490,0.4509906029227035,1.0,case_voxel_bins
confidence_rank,all,HEM_PA89.nii.gz,overall,6,13157550,0.5800417122134788,1.0,case_voxel_bins
confidence_rank,all,HEM_PA89.nii.gz,overall,7,1480682,0.6507511795878531,1.0,case_voxel_bins
confidence_rank,all,HEM_PA89.nii.gz,overall,8,1418988,0.7531712174653505,1.0,case_voxel_bins
confidence_rank,all,HEM_PA89.nii.gz,overall,9,1418258,0.8533863435950606,1.0,case_voxel_bins
confidence_rank,all,HEM_PA89.nii.gz,overall,10,1366302,0.9517405461216519,1.0,case_voxel_bins
confidence_rank,all,HEM_PA89.nii.gz,foreground,1,571810,0.030207100204563683,0.7134887462618702,case_voxel_bins
confidence_rank,all,HEM_PA89.nii.gz,foreground,2,6434,0.1252089382482494,0.850170966739198,case_voxel_bins
confidence_rank,all,HEM_PA89.nii.gz,foreground,3,100,0.22186585247516633,0.82,case_voxel_bins
confidence_rank,all,HEM_PA89.nii.gz,foreground,4,6,0.3094690938790639,0.0,case_voxel_bins
confidence_rank,all,HEM_PA89.nii.gz,background,1,2180104,0.05347475201970709,0.9380772660386844,case_voxel_bins
confidence_rank,all,HEM_PA89.nii.gz,background,2,2437214,0.14193841798985266,1.0,case_voxel_bins
confidence_rank,all,HEM_PA89.nii.gz,background,3,1406270,0.24971220375706968,1.0,case_voxel_bins
confidence_rank,all,HEM_PA89.nii.gz,background,4,1424344,0.3496950227747833,1.0,case_voxel_bins
confidence_rank,all,HEM_PA89.nii.gz,background,5,1443490,0.4509906029227035,1.0,case_voxel_bins
confidence_rank,all,HEM_PA89.nii.gz,background,6,13157550,0.5800417122134788,1.0,case_voxel_bins
confidence_rank,all,HEM_PA89.nii.gz,background,7,1480682,0.6507511795878531,1.0,case_voxel_bins
confidence_rank,all,HEM_PA89.nii.gz,background,8,1418988,0.7531712174653505,1.0,case_voxel_bins
confidence_rank,all,HEM_PA89.nii.gz,background,9,1418258,0.8533863435950606,1.0,case_voxel_bins
confidence_rank,all,HEM_PA89.nii.gz,background,10,1366302,0.9517405461216519,1.0,case_voxel_bins
world_pairwise,all,HEM_PA89.nii.gz,overall,1,2831156,0.0499999434869879,0.9246449153631944,case_voxel_bins
world_pairwise,all,HEM_PA89.nii.gz,overall,2,2831156,0.14999997175050464,0.989904477181759,case_voxel_bins
world_pairwise,all,HEM_PA89.nii.gz,overall,3,2831156,0.24999999999637887,0.9940271747653608,case_voxel_bins
world_pairwise,all,HEM_PA89.nii.gz,overall,4,2831152,0.349999957609642,0.9936471090213453,case_voxel_bins
world_pairwise,all,HEM_PA89.nii.gz,overall,5,2831156,0.44999991525033495,0.9968599398973423,case_voxel_bins
world_pairwise,all,HEM_PA89.nii.gz,overall,6,2831152,0.5499998728690952,0.998909277919377,case_voxel_bins
world_pairwise,all,HEM_PA89.nii.gz,overall,7,2831160,0.6499999010787659,0.9991529973579734,case_voxel_bins
world_pairwise,all,HEM_PA89.nii.gz,overall,8,2831156,0.7499999999762521,0.9996835215014644,case_voxel_bins
world_pairwise,all,HEM_PA89.nii.gz,overall,9,2831154,0.8499999929264778,0.9999448987939193,case_voxel_bins
world_pairwise,all,HEM_PA89.nii.gz,overall,10,2831154,0.9499999505222293,0.9973268850793705,case_voxel_bins
world_pairwise,all,HEM_PA89.nii.gz,foreground,1,488688,0.029268952219330818,0.8195126542906722,case_voxel_bins
world_pairwise,all,HEM_PA89.nii.gz,foreground,2,37838,0.14287584642003182,0.28278450235213276,case_voxel_bins
world_pairwise,all,HEM_PA89.nii.gz,foreground,3,18472,0.2479823969204532,0.11585101775660459,case_voxel_bins
world_pairwise,all,HEM_PA89.nii.gz,foreground,4,17960,0.3471795057533579,0.011469933184855233,case_voxel_bins
world_pairwise,all,HEM_PA89.nii.gz,foreground,5,8860,0.442674190249992,0.0,case_voxel_bins
world_pairwise,all,HEM_PA89.nii.gz,foreground,6,3082,0.5417540399073626,0.0,case_voxel_bins
world_pairwise,all,HEM_PA89.nii.gz,foreground,7,2398,0.649118471781943,0.0,case_voxel_bins
world_pairwise,all,HEM_PA89.nii.gz,foreground,8,896,0.7474372818001679,0.0,case_voxel_bins
world_pairwise,all,HEM_PA89.nii.gz,foreground,9,156,0.8309770982999068,0.0,case_voxel_bins
world_pairwise,all,HEM_PA89.nii.gz,background,1,2342468,0.05432486346907893,0.9465777120541241,case_voxel_bins
world_pairwise,all,HEM_PA89.nii.gz,background,2,2793318,0.15009647442376076,0.9994830520549397,case_voxel_bins
world_pairwise,all,HEM_PA89.nii.gz,background,3,2812684,0.2500132503878265,0.9997945023330029,case_voxel_bins
world_pairwise,all,HEM_PA89.nii.gz,background,4,2813192,0.3500179639580671,0.9999175314020515,case_voxel_bins
world_pairwise,all,HEM_PA89.nii.gz,background,5,2822296,0.45002291281101003,0.9999893703566175,case_voxel_bins
world_pairwise,all,HEM_PA89.nii.gz,background,6,2828070,0.5500088590883855,0.999997878411779,case_voxel_bins
world_pairwise,all,HEM_PA89.nii.gz,background,7,2828762,0.6500006482845945,1.0,case_voxel_bins
world_pairwise,all,HEM_PA89.nii.gz,background,8,2830260,0.7500008112782123,1.0,case_voxel_bins
world_pairwise,all,HEM_PA89.nii.gz,background,9,2830998,0.8500010411686743,1.0,case_voxel_bins
world_pairwise,all,HEM_PA89.nii.gz,background,10,2831154,0.9499999505222293,0.9973268850793705,case_voxel_bins
joint_product,all,HEM_PA89.nii.gz,overall,1,8434838,0.04687149953018013,0.9644640477979541,case_voxel_bins
joint_product,all,HEM_PA89.nii.gz,overall,2,5871478,0.1464580093274895,0.9999870560700389,case_voxel_bins
joint_product,all,HEM_PA89.nii.gz,overall,3,4057896,0.24671529412317506,1.0,case_voxel_bins
joint_product,all,HEM_PA89.nii.gz,overall,4,2972326,0.348623610987066,1.0,case_voxel_bins
joint_product,all,HEM_PA89.nii.gz,overall,5,2695566,0.4495450527950408,1.0,case_voxel_bins
joint_product,all,HEM_PA89.nii.gz,overall,6,2352724,0.5445253119733731,1.0,case_voxel_bins
joint_product,all,HEM_PA89.nii.gz,overall,7,499396,0.6496432167919775,1.0,case_voxel_bins
joint_product,all,HEM_PA89.nii.gz,overall,8,467898,0.7491197016614309,1.0,case_voxel_bins
joint_product,all,HEM_PA89.nii.gz,overall,9,441238,0.8510252587716984,1.0,case_voxel_bins
joint_product,all,HEM_PA89.nii.gz,overall,10,518192,0.9469752766395092,1.0,case_voxel_bins
joint_product,all,HEM_PA89.nii.gz,foreground,1,578274,0.0026085588209854497,0.7151142883823239,case_voxel_bins
joint_product,all,HEM_PA89.nii.gz,foreground,2,76,0.11630001487700563,0.0,case_voxel_bins
joint_product,all,HEM_PA89.nii.gz,background,1,7856564,0.050129425994684014,0.9828171704577218,case_voxel_bins
joint_product,all,HEM_PA89.nii.gz,background,2,5871402,0.14645839969551033,1.0,case_voxel_bins
joint_product,all,HEM_PA89.nii.gz,background,3,4057896,0.24671529412317506,1.0,case_voxel_bins
joint_product,all,HEM_PA89.nii.gz,background,4,2972326,0.348623610987066,1.0,case_voxel_bins
joint_product,all,HEM_PA89.nii.gz,background,5,2695566,0.4495450527950408,1.0,case_voxel_bins
joint_product,all,HEM_PA89.nii.gz,background,6,2352724,0.5445253119733731,1.0,case_voxel_bins
joint_product,all,HEM_PA89.nii.gz,background,7,499396,0.6496432167919775,1.0,case_voxel_bins
joint_product,all,HEM_PA89.nii.gz,background,8,467898,0.7491197016614309,1.0,case_voxel_bins
joint_product,all,HEM_PA89.nii.gz,background,9,441238,0.8510252587716984,1.0,case_voxel_bins
joint_product,all,HEM_PA89.nii.gz,background,10,518192,0.9469752766395092,1.0,case_voxel_bins
confidence_rank,blur,HEM_PA101.nii.gz,background,1,269824,0.07568103910761989,0.9930917931688804,case_voxel_bins
confidence_rank,blur,HEM_PA101.nii.gz,background,2,700359,0.150104001925506,1.0,case_voxel_bins
confidence_rank,blur,HEM_PA101.nii.gz,background,3,708055,0.2501931022861261,1.0,case_voxel_bins
confidence_rank,blur,HEM_PA101.nii.gz,background,4,708554,0.35042372844908043,1.0,case_voxel_bins
confidence_rank,blur,HEM_PA101.nii.gz,background,5,703770,0.4502452710933565,1.0,case_voxel_bins
confidence_rank,blur,HEM_PA101.nii.gz,background,6,7773310,0.504393806812132,1.0,case_voxel_bins
confidence_rank,blur,HEM_PA101.nii.gz,background,7,712345,0.6485747863675729,1.0,case_voxel_bins
confidence_rank,blur,HEM_PA101.nii.gz,background,8,717083,0.7495603451034155,1.0,case_voxel_bins
confidence_rank,blur,HEM_PA101.nii.gz,background,9,711071,0.8504536375575558,1.0,case_voxel_bins
confidence_rank,blur,HEM_PA101.nii.gz,background,10,702921,0.9503438239770052,1.0,case_voxel_bins
confidence_rank,blur,HEM_PA101.nii.gz,foreground,1,437093,0.034047223233633676,0.6979063952065121,case_voxel_bins
confidence_rank,blur,HEM_PA101.nii.gz,foreground,2,8265,0.13569119863631288,0.0,case_voxel_bins
confidence_rank,blur,HEM_PA101.nii.gz,foreground,3,2070,0.23881432753110277,0.0,case_voxel_bins
confidence_rank,blur,HEM_PA101.nii.gz,foreground,4,547,0.34256453264565967,0.0,case_voxel_bins
confidence_rank,blur,HEM_PA101.nii.gz,foreground,5,237,0.44411633110247584,0.0,case_voxel_bins
confidence_rank,blur,HEM_PA101.nii.gz,foreground,6,134,0.5453313219903121,0.0,case_voxel_bins
confidence_rank,blur,HEM_PA101.nii.gz,foreground,7,66,0.6428913148966703,0.0,case_voxel_bins
confidence_rank,blur,HEM_PA101.nii.gz,foreground,8,39,0.7452193406911997,0.0,case_voxel_bins
confidence_rank,blur,HEM_PA101.nii.gz,foreground,9,26,0.8363757614906018,0.0,case_voxel_bins
confidence_rank,blur,HEM_PA101.nii.gz,foreground,10,7,0.9129089287349156,0.0,case_voxel_bins
confidence_rank,blur,HEM_PA101.nii.gz,overall,1,706917,0.049938484491153935,0.8105760647996866,case_voxel_bins
confidence_rank,blur,HEM_PA101.nii.gz,overall,2,708624,0.1499358989270397,0.9883365508365508,case_voxel_bins
confidence_rank,blur,HEM_PA101.nii.gz,overall,3,710125,0.2501599333880548,0.997085020242915,case_voxel_bins
confidence_rank,blur,HEM_PA101.nii.gz,overall,4,709101,0.3504176658711057,0.9992286007211949,case_voxel_bins
confidence_rank,blur,HEM_PA101.nii.gz,overall,5,704007,0.4502432078201535,0.9996633556200436,case_voxel_bins
confidence_rank,blur,HEM_PA101.nii.gz,overall,6,7773444,0.5043945125002457,0.9999827618234595,case_voxel_bins
confidence_rank,blur,HEM_PA101.nii.gz,overall,7,712411,0.6485742598328661,0.9999073568487853,case_voxel_bins
confidence_rank,blur,HEM_PA101.nii.gz,overall,8,717122,0.7495601090220066,0.9999456159481929,case_voxel_bins
confidence_rank,blur,HEM_PA101.nii.gz,overall,9,711097,0.8504531228249979,0.9999634367744485,case_voxel_bins
confidence_rank,blur,HEM_PA101.nii.gz,overall,10,702928,0.9503434511873785,0.9999900416543372,case_voxel_bins
confidence_rank,gamma,HEM_PA101.nii.gz,background,1,269824,0.07568103910761989,0.9930917931688804,case_voxel_bins
confidence_rank,gamma,HEM_PA101.nii.gz,background,2,700359,0.150104001925506,1.0,case_voxel_bins
confidence_rank,gamma,HEM_PA101.nii.gz,background,3,708055,0.2501931022861261,1.0,case_voxel_bins
confidence_rank,gamma,HEM_PA101.nii.gz,background,4,708554,0.35042372844908043,1.0,case_voxel_bins
confidence_rank,gamma,HEM_PA101.nii.gz,background,5,703770,0.4502452710933565,1.0,case_voxel_bins
confidence_rank,gamma,HEM_PA101.nii.gz,background,6,7773310,0.504393806812132,1.0,case_voxel_bins
confidence_rank,gamma,HEM_PA101.nii.gz,background,7,712345,0.6485747863675729,1.0,case_voxel_bins
confidence_rank,gamma,HEM_PA101.nii.gz,background,8,717083,0.7495603451034155,1.0,case_voxel_bins
confidence_rank,gamma,HEM_PA101.nii.gz,background,9,711071,0.8504536375575558,1.0,case_voxel_bins
confidence_rank,gamma,HEM_PA101.nii.gz,background,10,702921,0.9503438239770052,1.0,case_voxel_bins
confidence_rank,gamma,HEM_PA101.nii.gz,foreground,1,437093,0.034047223233633676,0.6979063952065121,case_voxel_bins
confidence_rank,gamma,HEM_PA101.nii.gz,foreground,2,8265,0.13569119863631288,0.0,case_voxel_bins
confidence_rank,gamma,HEM_PA101.nii.gz,foreground,3,2070,0.23881432753110277,0.0,case_voxel_bins
confidence_rank,gamma,HEM_PA101.nii.gz,foreground,4,547,0.34256453264565967,0.0,case_voxel_bins
confidence_rank,gamma,HEM_PA101.nii.gz,foreground,5,237,0.44411633110247584,0.0,case_voxel_bins
confidence_rank,gamma,HEM_PA101.nii.gz,foreground,6,134,0.5453313219903121,0.0,case_voxel_bins
confidence_rank,gamma,HEM_PA101.nii.gz,foreground,7,66,0.6428913148966703,0.0,case_voxel_bins
confidence_rank,gamma,HEM_PA101.nii.gz,foreground,8,39,0.7452193406911997,0.0,case_voxel_bins
confidence_rank,gamma,HEM_PA101.nii.gz,foreground,9,26,0.8363757614906018,0.0,case_voxel_bins
confidence_rank,gamma,HEM_PA101.nii.gz,foreground,10,7,0.9129089287349156,0.0,case_voxel_bins
confidence_rank,gamma,HEM_PA101.nii.gz,overall,1,706917,0.049938484491153935,0.8105760647996866,case_voxel_bins
confidence_rank,gamma,HEM_PA101.nii.gz,overall,2,708624,0.1499358989270397,0.9883365508365508,case_voxel_bins
confidence_rank,gamma,HEM_PA101.nii.gz,overall,3,710125,0.2501599333880548,0.997085020242915,case_voxel_bins
confidence_rank,gamma,HEM_PA101.nii.gz,overall,4,709101,0.3504176658711057,0.9992286007211949,case_voxel_bins
confidence_rank,gamma,HEM_PA101.nii.gz,overall,5,704007,0.4502432078201535,0.9996633556200436,case_voxel_bins
confidence_rank,gamma,HEM_PA101.nii.gz,overall,6,7773444,0.5043945125002457,0.9999827618234595,case_voxel_bins
confidence_rank,gamma,HEM_PA101.nii.gz,overall,7,712411,0.6485742598328661,0.9999073568487853,case_voxel_bins
confidence_rank,gamma,HEM_PA101.nii.gz,overall,8,717122,0.7495601090220066,0.9999456159481929,case_voxel_bins
confidence_rank,gamma,HEM_PA101.nii.gz,overall,9,711097,0.8504531228249979,0.9999634367744485,case_voxel_bins
confidence_rank,gamma,HEM_PA101.nii.gz,overall,10,702928,0.9503434511873785,0.9999900416543372,case_voxel_bins
joint_product,blur,HEM_PA101.nii.gz,background,1,2634206,0.054457812903696605,0.9992923863965081,case_voxel_bins
joint_product,blur,HEM_PA101.nii.gz,background,2,3409425,0.14926095469049117,1.0,case_voxel_bins
joint_product,blur,HEM_PA101.nii.gz,background,3,2789835,0.24767121194236824,1.0,case_voxel_bins
joint_product,blur,HEM_PA101.nii.gz,background,4,2134648,0.3482012833739391,1.0,case_voxel_bins
joint_product,blur,HEM_PA101.nii.gz,background,5,1805113,0.4491047918196799,1.0,case_voxel_bins
joint_product,blur,HEM_PA101.nii.gz,background,6,262540,0.5475186790062884,1.0,case_voxel_bins
joint_product,blur,HEM_PA101.nii.gz,background,7,203830,0.6483823347309823,1.0,case_voxel_bins
joint_product,blur,HEM_PA101.nii.gz,background,8,171614,0.7483875853843053,1.0,case_voxel_bins
joint_product,blur,HEM_PA101.nii.gz,background,9,147143,0.8496396526878913,1.0,case_voxel_bins
joint_product,blur,HEM_PA101.nii.gz,background,10,148938,0.9491259216414649,1.0,case_voxel_bins
joint_product,blur,HEM_PA101.nii.gz,foreground,1,445159,0.006056031743481024,0.685260771993827,case_voxel_bins
joint_product,blur,HEM_PA101.nii.gz,foreground,2,2733,0.13453383030600918,0.0,case_voxel_bins
joint_product,blur,HEM_PA101.nii.gz,foreground,3,493,0.23339668868400504,0.0,case_voxel_bins
joint_product,blur,HEM_PA101.nii.gz,foreground,4,81,0.33289313905033063,0.0,case_voxel_bins
joint_product,blur,HEM_PA101.nii.gz,foreground,5,16,0.42785886861383915,0.0,case_voxel_bins
joint_product,blur,HEM_PA101.nii.gz,foreground,6,2,0.5313645303249359,0.0,case_voxel_bins
joint_product,blur,HEM_PA101.nii.gz,overall,1,3079365,0.04746075717970799,0.9538953647911177,case_voxel_bins
joint_product,blur,HEM_PA101.nii.gz,overall,2,3412158,0.1492491588618857,0.9991990406071466,case_voxel_bins
joint_product,blur,HEM_PA101.nii.gz,overall,3,2790328,0.24766868989479304,0.9998233182622258,case_voxel_bins
joint_product,blur,HEM_PA101.nii.gz,overall,4,2134729,0.34820070252283797,0.9999620560736281,case_voxel_bins
joint_product,blur,HEM_PA101.nii.gz,overall,5,1805129,0.4491046035036253,0.9999911363675393,case_voxel_bins
joint_product,blur,HEM_PA101.nii.gz,overall,6,262542,0.5475185559467499,0.9999923821712335,case_voxel_bins
joint_product,blur,HEM_PA101.nii.gz,overall,7,203830,0.6483823347309823,1.0,case_voxel_bins
joint_product,blur,HEM_PA101.nii.gz,overall,8,171614,0.7483875853843053,1.0,case_voxel_bins
joint_product,blur,HEM_PA101.nii.gz,overall,9,147143,0.8496396526878913,1.0,case_voxel_bins
joint_product,blur,HEM_PA101.nii.gz,overall,10,148938,0.9491259216414649,1.0,case_voxel_bins
joint_product,gamma,HEM_PA101.nii.gz,background,1,2634206,0.054457812903696605,0.9992923863965081,case_voxel_bins
joint_product,gamma,HEM_PA101.nii.gz,background,2,3409425,0.14926095469049117,1.0,case_voxel_bins
joint_product,gamma,HEM_PA101.nii.gz,background,3,2789835,0.24767121194236824,1.0,case_voxel_bins
joint_product,gamma,HEM_PA101.nii.gz,background,4,2134648,0.3482012833739391,1.0,case_voxel_bins
joint_product,gamma,HEM_PA101.nii.gz,background,5,1805113,0.4491047918196799,1.0,case_voxel_bins
joint_product,gamma,HEM_PA101.nii.gz,background,6,262540,0.5475186790062884,1.0,case_voxel_bins
joint_product,gamma,HEM_PA101.nii.gz,background,7,203830,0.6483823347309823,1.0,case_voxel_bins
joint_product,gamma,HEM_PA101.nii.gz,background,8,171614,0.7483875853843053,1.0,case_voxel_bins
joint_product,gamma,HEM_PA101.nii.gz,background,9,147143,0.8496396526878913,1.0,case_voxel_bins
joint_product,gamma,HEM_PA101.nii.gz,background,10,148938,0.9491259216414649,1.0,case_voxel_bins
joint_product,gamma,HEM_PA101.nii.gz,foreground,1,445159,0.006056031743481024,0.685260771993827,case_voxel_bins
joint_product,gamma,HEM_PA101.nii.gz,foreground,2,2733,0.13453383030600918,0.0,case_voxel_bins
joint_product,gamma,HEM_PA101.nii.gz,foreground,3,493,0.23339668868400504,0.0,case_voxel_bins
joint_product,gamma,HEM_PA101.nii.gz,foreground,4,81,0.33289313905033063,0.0,case_voxel_bins
joint_product,gamma,HEM_PA101.nii.gz,foreground,5,16,0.42785886861383915,0.0,case_voxel_bins
joint_product,gamma,HEM_PA101.nii.gz,foreground,6,2,0.5313645303249359,0.0,case_voxel_bins
joint_product,gamma,HEM_PA101.nii.gz,overall,1,3079365,0.04746075717970799,0.9538953647911177,case_voxel_bins
joint_product,gamma,HEM_PA101.nii.gz,overall,2,3412158,0.1492491588618857,0.9991990406071466,case_voxel_bins
joint_product,gamma,HEM_PA101.nii.gz,overall,3,2790328,0.24766868989479304,0.9998233182622258,case_voxel_bins
joint_product,gamma,HEM_PA101.nii.gz,overall,4,2134729,0.34820070252283797,0.9999620560736281,case_voxel_bins
joint_product,gamma,HEM_PA101.nii.gz,overall,5,1805129,0.4491046035036253,0.9999911363675393,case_voxel_bins
joint_product,gamma,HEM_PA101.nii.gz,overall,6,262542,0.5475185559467499,0.9999923821712335,case_voxel_bins
joint_product,gamma,HEM_PA101.nii.gz,overall,7,203830,0.6483823347309823,1.0,case_voxel_bins
joint_product,gamma,HEM_PA101.nii.gz,overall,8,171614,0.7483875853843053,1.0,case_voxel_bins
joint_product,gamma,HEM_PA101.nii.gz,overall,9,147143,0.8496396526878913,1.0,case_voxel_bins
joint_product,gamma,HEM_PA101.nii.gz,overall,10,148938,0.9491259216414649,1.0,case_voxel_bins
world_pairwise,blur,HEM_PA101.nii.gz,background,1,1047595,0.05391884211562066,0.998220686429393,case_voxel_bins
world_pairwise,blur,HEM_PA101.nii.gz,background,2,1389184,0.15009955273682693,1.0,case_voxel_bins
world_pairwise,blur,HEM_PA101.nii.gz,background,3,1405901,0.25000570458334825,1.0,case_voxel_bins
world_pairwise,blur,HEM_PA101.nii.gz,background,4,1406625,0.35001475401500126,1.0,case_voxel_bins
world_pairwise,blur,HEM_PA101.nii.gz,background,5,1409070,0.4500098798710302,1.0,case_voxel_bins
world_pairwise,blur,HEM_PA101.nii.gz,background,6,1409898,0.5500013679943869,1.0,case_voxel_bins
world_pairwise,blur,HEM_PA101.nii.gz,background,7,1410763,0.6500195652359304,1.0,case_voxel_bins
world_pairwise,blur,HEM_PA101.nii.gz,background,8,1410978,0.7499917856674554,1.0,case_voxel_bins
world_pairwise,blur,HEM_PA101.nii.gz,background,9,1411984,0.850014754189992,1.0,case_voxel_bins
world_pairwise,blur,HEM_PA101.nii.gz,background,10,1405294,0.9496751735082877,1.0,case_voxel_bins
world_pairwise,blur,HEM_PA101.nii.gz,foreground,1,367983,0.03884339911128679,0.7674158860599538,case_voxel_bins
world_pairwise,blur,HEM_PA101.nii.gz,foreground,2,26394,0.1447587636141847,0.4833674319921194,case_voxel_bins
world_pairwise,blur,HEM_PA101.nii.gz,foreground,3,9677,0.24917122133140096,0.02159760256277772,case_voxel_bins
world_pairwise,blur,HEM_PA101.nii.gz,foreground,4,8953,0.34768643601438953,0.004020998547972747,case_voxel_bins
world_pairwise,blur,HEM_PA101.nii.gz,foreground,5,6506,0.4478571424750303,0.0,case_voxel_bins
world_pairwise,blur,HEM_PA101.nii.gz,foreground,6,5680,0.5496463539524817,0.0,case_voxel_bins
world_pairwise,blur,HEM_PA101.nii.gz,foreground,7,4815,0.6442592153420453,0.0,case_voxel_bins
world_pairwise,blur,HEM_PA101.nii.gz,foreground,8,4600,0.7525196081788643,0.0,case_voxel_bins
world_pairwise,blur,HEM_PA101.nii.gz,foreground,9,3592,0.8441835718192077,0.0,case_voxel_bins
world_pairwise,blur,HEM_PA101.nii.gz,foreground,10,10284,0.9943754341133092,0.9384480746791132,case_voxel_bins
world_pairwise,blur,HEM_PA101.nii.gz,overall,1,1415578,0.04999994344450272,0.9382224080905468,case_voxel_bins
world_pairwise,blur,HEM_PA101.nii.gz,overall,2,1415578,0.14999997165538667,0.9903671857008233,case_voxel_bins
world_pairwise,blur,HEM_PA101.nii.gz,overall,3,1415578,0.24999999999170508,0.9933115660175561,case_voxel_bins
world_pairwise,blur,HEM_PA101.nii.gz,overall,4,1415578,0.3500000282767802,0.993700806313746,case_voxel_bins
world_pairwise,blur,HEM_PA101.nii.gz,overall,5,1415576,0.44999998587063855,0.9954039910255613,case_voxel_bins
world_pairwise,blur,HEM_PA101.nii.gz,overall,6,1415578,0.5499999435022304,0.9959875047507096,case_voxel_bins
world_pairwise,blur,HEM_PA101.nii.gz,overall,7,1415578,0.6499999717661682,0.9965985625659625,case_voxel_bins
world_pairwise,blur,HEM_PA101.nii.gz,overall,8,1415578,0.749999999968294,0.9967504439882507,case_voxel_bins
world_pairwise,blur,HEM_PA101.nii.gz,overall,9,1415576,0.8499999576640012,0.9974625170248719,case_voxel_bins
world_pairwise,blur,HEM_PA101.nii.gz,overall,10,1415578,0.9499999154017489,0.9995528328357745,case_voxel_bins
world_pairwise,gamma,HEM_PA101.nii.gz,background,1,1047595,0.05391884211562066,0.998220686429393,case_voxel_bins
world_pairwise,gamma,HEM_PA101.nii.gz,background,2,1389184,0.15009955273682693,1.0,case_voxel_bins
world_pairwise,gamma,HEM_PA101.nii.gz,background,3,1405901,0.25000570458334825,1.0,case_voxel_bins
world_pairwise,gamma,HEM_PA101.nii.gz,background,4,1406625,0.35001475401500126,1.0,case_voxel_bins
world_pairwise,gamma,HEM_PA101.nii.gz,background,5,1409070,0.4500098798710302,1.0,case_voxel_bins
world_pairwise,gamma,HEM_PA101.nii.gz,background,6,1409898,0.5500013679943869,1.0,case_voxel_bins
world_pairwise,gamma,HEM_PA101.nii.gz,background,7,1410763,0.6500195652359304,1.0,case_voxel_bins
world_pairwise,gamma,HEM_PA101.nii.gz,background,8,1410978,0.7499917856674554,1.0,case_voxel_bins
world_pairwise,gamma,HEM_PA101.nii.gz,background,9,1411984,0.850014754189992,1.0,case_voxel_bins
world_pairwise,gamma,HEM_PA101.nii.gz,background,10,1405294,0.9496751735082877,1.0,case_voxel_bins
world_pairwise,gamma,HEM_PA101.nii.gz,foreground,1,367983,0.03884339911128679,0.7674158860599538,case_voxel_bins
world_pairwise,gamma,HEM_PA101.nii.gz,foreground,2,26394,0.1447587636141847,0.4833674319921194,case_voxel_bins
world_pairwise,gamma,HEM_PA101.nii.gz,foreground,3,9677,0.24917122133140096,0.02159760256277772,case_voxel_bins
world_pairwise,gamma,HEM_PA101.nii.gz,foreground,4,8953,0.34768643601438953,0.004020998547972747,case_voxel_bins
world_pairwise,gamma,HEM_PA101.nii.gz,foreground,5,6506,0.4478571424750303,0.0,case_voxel_bins
world_pairwise,gamma,HEM_PA101.nii.gz,foreground,6,5680,0.5496463539524817,0.0,case_voxel_bins
world_pairwise,gamma,HEM_PA101.nii.gz,foreground,7,4815,0.6442592153420453,0.0,case_voxel_bins
world_pairwise,gamma,HEM_PA101.nii.gz,foreground,8,4600,0.7525196081788643,0.0,case_voxel_bins
world_pairwise,gamma,HEM_PA101.nii.gz,foreground,9,3592,0.8441835718192077,0.0,case_voxel_bins
world_pairwise,gamma,HEM_PA101.nii.gz,foreground,10,10284,0.9943754341133092,0.9384480746791132,case_voxel_bins
world_pairwise,gamma,HEM_PA101.nii.gz,overall,1,1415578,0.04999994344450272,0.9382224080905468,case_voxel_bins
world_pairwise,gamma,HEM_PA101.nii.gz,overall,2,1415578,0.14999997165538667,0.9903671857008233,case_voxel_bins
world_pairwise,gamma,HEM_PA101.nii.gz,overall,3,1415578,0.24999999999170508,0.9933115660175561,case_voxel_bins
world_pairwise,gamma,HEM_PA101.nii.gz,overall,4,1415578,0.3500000282767802,0.993700806313746,case_voxel_bins
world_pairwise,gamma,HEM_PA101.nii.gz,overall,5,1415576,0.44999998587063855,0.9954039910255613,case_voxel_bins
world_pairwise,gamma,HEM_PA101.nii.gz,overall,6,1415578,0.5499999435022304,0.9959875047507096,case_voxel_bins
world_pairwise,gamma,HEM_PA101.nii.gz,overall,7,1415578,0.6499999717661682,0.9965985625659625,case_voxel_bins
world_pairwise,gamma,HEM_PA101.nii.gz,overall,8,1415578,0.749999999968294,0.9967504439882507,case_voxel_bins
world_pairwise,gamma,HEM_PA101.nii.gz,overall,9,1415576,0.8499999576640012,0.9974625170248719,case_voxel_bins
world_pairwise,gamma,HEM_PA101.nii.gz,overall,10,1415578,0.9499999154017489,0.9995528328357745,case_voxel_bins
confidence_rank,all,HEM_PA101.nii.gz,overall,1,1413834,0.049938484491153935,0.8105760647996866,case_voxel_bins
confidence_rank,all,HEM_PA101.nii.gz,overall,2,1417248,0.1499358989270397,0.9883365508365508,case_voxel_bins
confidence_rank,all,HEM_PA101.nii.gz,overall,3,1420250,0.2501599333880548,0.997085020242915,case_voxel_bins
confidence_rank,all,HEM_PA101.nii.gz,overall,4,1418202,0.3504176658711057,0.9992286007211949,case_voxel_bins
confidence_rank,all,HEM_PA101.nii.gz,overall,5,1408014,0.4502432078201535,0.9996633556200436,case_voxel_bins
confidence_rank,all,HEM_PA101.nii.gz,overall,6,15546888,0.5043945125002457,0.9999827618234595,case_voxel_bins
confidence_rank,all,HEM_PA101.nii.gz,overall,7,1424822,0.6485742598328661,0.9999073568487853,case_voxel_bins
confidence_rank,all,HEM_PA101.nii.gz,overall,8,1434244,0.7495601090220066,0.9999456159481929,case_voxel_bins
confidence_rank,all,HEM_PA101.nii.gz,overall,9,1422194,0.8504531228249979,0.9999634367744485,case_voxel_bins
confidence_rank,all,HEM_PA101.nii.gz,overall,10,1405856,0.9503434511873785,0.9999900416543372,case_voxel_bins
confidence_rank,all,HEM_PA101.nii.gz,foreground,1,874186,0.034047223233633676,0.6979063952065121,case_voxel_bins
confidence_rank,all,HEM_PA101.nii.gz,foreground,2,16530,0.13569119863631288,0.0,case_voxel_bins
confidence_rank,all,HEM_PA101.nii.gz,foreground,3,4140,0.23881432753110277,0.0,case_voxel_bins
confidence_rank,all,HEM_PA101.nii.gz,foreground,4,1094,0.34256453264565967,0.0,case_voxel_bins
confidence_rank,all,HEM_PA101.nii.gz,foreground,5,474,0.44411633110247584,0.0,case_voxel_bins
confidence_rank,all,HEM_PA101.nii.gz,foreground,6,268,0.5453313219903121,0.0,case_voxel_bins
confidence_rank,all,HEM_PA101.nii.gz,foreground,7,132,0.6428913148966703,0.0,case_voxel_bins
confidence_rank,all,HEM_PA101.nii.gz,foreground,8,78,0.7452193406911997,0.0,case_voxel_bins
confidence_rank,all,HEM_PA101.nii.gz,foreground,9,52,0.8363757614906018,0.0,case_voxel_bins
confidence_rank,all,HEM_PA101.nii.gz,foreground,10,14,0.9129089287349156,0.0,case_voxel_bins
confidence_rank,all,HEM_PA101.nii.gz,background,1,539648,0.07568103910761989,0.9930917931688804,case_voxel_bins
confidence_rank,all,HEM_PA101.nii.gz,background,2,1400718,0.150104001925506,1.0,case_voxel_bins
confidence_rank,all,HEM_PA101.nii.gz,background,3,1416110,0.2501931022861261,1.0,case_voxel_bins
confidence_rank,all,HEM_PA101.nii.gz,background,4,1417108,0.35042372844908043,1.0,case_voxel_bins
confidence_rank,all,HEM_PA101.nii.gz,background,5,1407540,0.4502452710933565,1.0,case_voxel_bins
confidence_rank,all,HEM_PA101.nii.gz,background,6,15546620,0.504393806812132,1.0,case_voxel_bins
confidence_rank,all,HEM_PA101.nii.gz,background,7,1424690,0.6485747863675729,1.0,case_voxel_bins
confidence_rank,all,HEM_PA101.nii.gz,background,8,1434166,0.7495603451034155,1.0,case_voxel_bins
confidence_rank,all,HEM_PA101.nii.gz,background,9,1422142,0.8504536375575558,1.0,case_voxel_bins
confidence_rank,all,HEM_PA101.nii.gz,background,10,1405842,0.9503438239770052,1.0,case_voxel_bins
world_pairwise,all,HEM_PA101.nii.gz,overall,1,2831156,0.04999994344450272,0.9382224080905468,case_voxel_bins
world_pairwise,all,HEM_PA101.nii.gz,overall,2,2831156,0.14999997165538667,0.9903671857008233,case_voxel_bins
world_pairwise,all,HEM_PA101.nii.gz,overall,3,2831156,0.24999999999170508,0.9933115660175561,case_voxel_bins
world_pairwise,all,HEM_PA101.nii.gz,overall,4,2831156,0.3500000282767802,0.993700806313746,case_voxel_bins
world_pairwise,all,HEM_PA101.nii.gz,overall,5,2831152,0.44999998587063855,0.9954039910255613,case_voxel_bins
world_pairwise,all,HEM_PA101.nii.gz,overall,6,2831156,0.5499999435022304,0.9959875047507096,case_voxel_bins
world_pairwise,all,HEM_PA101.nii.gz,overall,7,2831156,0.6499999717661682,0.9965985625659625,case_voxel_bins
world_pairwise,all,HEM_PA101.nii.gz,overall,8,2831156,0.749999999968294,0.9967504439882507,case_voxel_bins
world_pairwise,all,HEM_PA101.nii.gz,overall,9,2831152,0.8499999576640012,0.9974625170248719,case_voxel_bins
world_pairwise,all,HEM_PA101.nii.gz,overall,10,2831156,0.9499999154017489,0.9995528328357745,case_voxel_bins
world_pairwise,all,HEM_PA101.nii.gz,foreground,1,735966,0.03884339911128679,0.7674158860599538,case_voxel_bins
world_pairwise,all,HEM_PA101.nii.gz,foreground,2,52788,0.1447587636141847,0.4833674319921194,case_voxel_bins
world_pairwise,all,HEM_PA101.nii.gz,foreground,3,19354,0.24917122133140096,0.02159760256277772,case_voxel_bins
world_pairwise,all,HEM_PA101.nii.gz,foreground,4,17906,0.34768643601438953,0.004020998547972747,case_voxel_bins
world_pairwise,all,HEM_PA101.nii.gz,foreground,5,13012,0.4478571424750303,0.0,case_voxel_bins
world_pairwise,all,HEM_PA101.nii.gz,foreground,6,11360,0.5496463539524817,0.0,case_voxel_bins
world_pairwise,all,HEM_PA101.nii.gz,foreground,7,9630,0.6442592153420453,0.0,case_voxel_bins
world_pairwise,all,HEM_PA101.nii.gz,foreground,8,9200,0.7525196081788643,0.0,case_voxel_bins
world_pairwise,all,HEM_PA101.nii.gz,foreground,9,7184,0.8441835718192077,0.0,case_voxel_bins
world_pairwise,all,HEM_PA101.nii.gz,foreground,10,20568,0.9943754341133092,0.9384480746791132,case_voxel_bins
world_pairwise,all,HEM_PA101.nii.gz,background,1,2095190,0.05391884211562066,0.998220686429393,case_voxel_bins
world_pairwise,all,HEM_PA101.nii.gz,background,2,2778368,0.15009955273682693,1.0,case_voxel_bins
world_pairwise,all,HEM_PA101.nii.gz,background,3,2811802,0.25000570458334825,1.0,case_voxel_bins
world_pairwise,all,HEM_PA101.nii.gz,background,4,2813250,0.35001475401500126,1.0,case_voxel_bins
world_pairwise,all,HEM_PA101.nii.gz,background,5,2818140,0.4500098798710302,1.0,case_voxel_bins
world_pairwise,all,HEM_PA101.nii.gz,background,6,2819796,0.5500013679943869,1.0,case_voxel_bins
world_pairwise,all,HEM_PA101.nii.gz,background,7,2821526,0.6500195652359304,1.0,case_voxel_bins
world_pairwise,all,HEM_PA101.nii.gz,background,8,2821956,0.7499917856674554,1.0,case_voxel_bins
world_pairwise,all,HEM_PA101.nii.gz,background,9,2823968,0.850014754189992,1.0,case_voxel_bins
world_pairwise,all,HEM_PA101.nii.gz,background,10,2810588,0.9496751735082877,1.0,case_voxel_bins
joint_product,all,HEM_PA101.nii.gz,overall,1,6158730,0.04746075717970799,0.9538953647911177,case_voxel_bins
joint_product,all,HEM_PA101.nii.gz,overall,2,6824316,0.1492491588618857,0.9991990406071466,case_voxel_bins
joint_product,all,HEM_PA101.nii.gz,overall,3,5580656,0.24766868989479304,0.9998233182622258,case_voxel_bins
joint_product,all,HEM_PA101.nii.gz,overall,4,4269458,0.34820070252283797,0.9999620560736281,case_voxel_bins
joint_product,all,HEM_PA101.nii.gz,overall,5,3610258,0.4491046035036253,0.9999911363675393,case_voxel_bins
joint_product,all,HEM_PA101.nii.gz,overall,6,525084,0.5475185559467499,0.9999923821712335,case_voxel_bins
joint_product,all,HEM_PA101.nii.gz,overall,7,407660,0.6483823347309823,1.0,case_voxel_bins
joint_product,all,HEM_PA101.nii.gz,overall,8,343228,0.7483875853843053,1.0,case_voxel_bins
joint_product,all,HEM_PA101.nii.gz,overall,9,294286,0.8496396526878913,1.0,case_voxel_bins
joint_product,all,HEM_PA101.nii.gz,overall,10,297876,0.9491259216414649,1.0,case_voxel_bins
joint_product,all,HEM_PA101.nii.gz,foreground,1,890318,0.006056031743481024,0.685260771993827,case_voxel_bins
joint_product,all,HEM_PA101.nii.gz,foreground,2,5466,0.13453383030600918,0.0,case_voxel_bins
joint_product,all,HEM_PA101.nii.gz,foreground,3,986,0.23339668868400504,0.0,case_voxel_bins
joint_product,all,HEM_PA101.nii.gz,foreground,4,162,0.33289313905033063,0.0,case_voxel_bins
joint_product,all,HEM_PA101.nii.gz,foreground,5,32,0.42785886861383915,0.0,case_voxel_bins
joint_product,all,HEM_PA101.nii.gz,foreground,6,4,0.5313645303249359,0.0,case_voxel_bins
joint_product,all,HEM_PA101.nii.gz,background,1,5268412,0.054457812903696605,0.9992923863965081,case_voxel_bins
joint_product,all,HEM_PA101.nii.gz,background,2,6818850,0.14926095469049117,1.0,case_voxel_bins
joint_product,all,HEM_PA101.nii.gz,background,3,5579670,0.24767121194236824,1.0,case_voxel_bins
joint_product,all,HEM_PA101.nii.gz,background,4,4269296,0.3482012833739391,1.0,case_voxel_bins
joint_product,all,HEM_PA101.nii.gz,background,5,3610226,0.4491047918196799,1.0,case_voxel_bins
joint_product,all,HEM_PA101.nii.gz,background,6,525080,0.5475186790062884,1.0,case_voxel_bins
joint_product,all,HEM_PA101.nii.gz,background,7,407660,0.6483823347309823,1.0,case_voxel_bins
joint_product,all,HEM_PA101.nii.gz,background,8,343228,0.7483875853843053,1.0,case_voxel_bins
joint_product,all,HEM_PA101.nii.gz,background,9,294286,0.8496396526878913,1.0,case_voxel_bins
joint_product,all,HEM_PA101.nii.gz,background,10,297876,0.9491259216414649,1.0,case_voxel_bins
confidence_rank,blur,HCC_10020116_20180118.nii.gz,background,1,533664,0.055300985224768874,0.9545556754812017,case_voxel_bins
confidence_rank,blur,HCC_10020116_20180118.nii.gz,background,2,697564,0.1500339991620965,1.0,case_voxel_bins
confidence_rank,blur,HCC_10020116_20180118.nii.gz,background,3,712655,0.2501962114571722,1.0,case_voxel_bins
confidence_rank,blur,HCC_10020116_20180118.nii.gz,background,4,701809,0.3502100757210494,1.0,case_voxel_bins
confidence_rank,blur,HCC_10020116_20180118.nii.gz,background,5,715953,0.45038287678027145,1.0,case_voxel_bins
confidence_rank,blur,HCC_10020116_20180118.nii.gz,background,6,7744849,0.5061848462455015,1.0,case_voxel_bins
confidence_rank,blur,HCC_10020116_20180118.nii.gz,background,7,717339,0.6496296293110269,1.0,case_voxel_bins
confidence_rank,blur,HCC_10020116_20180118.nii.gz,background,8,701953,0.7498920612767526,1.0,case_voxel_bins
confidence_rank,blur,HCC_10020116_20180118.nii.gz,background,9,707589,0.8494656910125391,1.0,case_voxel_bins
confidence_rank,blur,HCC_10020116_20180118.nii.gz,background,10,711671,0.9497258179667556,1.0,case_voxel_bins
confidence_rank,blur,HCC_10020116_20180118.nii.gz,foreground,1,200131,0.029320192378264803,0.9078703449240747,case_voxel_bins
confidence_rank,blur,HCC_10020116_20180118.nii.gz,foreground,2,8939,0.1335314655404974,0.9937353171495693,case_voxel_bins
confidence_rank,blur,HCC_10020116_20180118.nii.gz,foreground,3,1327,0.2371011232647037,0.987189148455162,case_voxel_bins
confidence_rank,blur,HCC_10020116_20180118.nii.gz,foreground,4,257,0.3366281077091796,0.9961089494163424,case_voxel_bins
confidence_rank,blur,HCC_10020116_20180118.nii.gz,foreground,5,60,0.4376334523161252,1.0,case_voxel_bins
confidence_rank,blur,HCC_10020116_20180118.nii.gz,foreground,6,14,0.5271533897944859,0.9285714285714286,case_voxel_bins
confidence_rank,blur,HCC_10020116_20180118.nii.gz,foreground,7,2,0.6117268204689026,1.0,case_voxel_bins
confidence_rank,blur,HCC_10020116_20180118.nii.gz,overall,1,733795,0.048215134199395694,0.9418229887093806,case_voxel_bins
confidence_rank,blur,HCC_10020116_20180118.nii.gz,overall,2,706503,0.14982520153767953,0.9999207363592229,case_voxel_bins
confidence_rank,blur,HCC_10020116_20180118.nii.gz,overall,3,713982,0.2501718730536391,0.9999761898759353,case_voxel_bins
confidence_rank,blur,HCC_10020116_20180118.nii.gz,overall,4,702066,0.3502051038725636,0.9999985756324904,case_voxel_bins
confidence_rank,blur,HCC_10020116_20180118.nii.gz,overall,5,716013,0.45038180841214426,1.0,case_voxel_bins
confidence_rank,blur,HCC_10020116_20180118.nii.gz,overall,6,7744863,0.5061848841492849,0.9999998708821576,case_voxel_bins
confidence_rank,blur,HCC_10020116_20180118.nii.gz,overall,7,717341,0.64962952363518,1.0,case_voxel_bins
confidence_rank,blur,HCC_10020116_20180118.nii.gz,overall,8,701953,0.7498920612767526,1.0,case_voxel_bins
confidence_rank,blur,HCC_10020116_20180118.nii.gz,overall,9,707589,0.8494656910125391,1.0,case_voxel_bins
confidence_rank,blur,HCC_10020116_20180118.nii.gz,overall,10,711671,0.9497258179667556,1.0,case_voxel_bins
confidence_rank,gamma,HCC_10020116_20180118.nii.gz,background,1,533664,0.055300985224768874,0.9545556754812017,case_voxel_bins
confidence_rank,gamma,HCC_10020116_20180118.nii.gz,background,2,697564,0.1500339991620965,1.0,case_voxel_bins
confidence_rank,gamma,HCC_10020116_20180118.nii.gz,background,3,712655,0.2501962114571722,1.0,case_voxel_bins
confidence_rank,gamma,HCC_10020116_20180118.nii.gz,background,4,701809,0.3502100757210494,1.0,case_voxel_bins
confidence_rank,gamma,HCC_10020116_20180118.nii.gz,background,5,715953,0.45038287678027145,1.0,case_voxel_bins
confidence_rank,gamma,HCC_10020116_20180118.nii.gz,background,6,7744849,0.5061848462455015,1.0,case_voxel_bins
confidence_rank,gamma,HCC_10020116_20180118.nii.gz,background,7,717339,0.6496296293110269,1.0,case_voxel_bins
confidence_rank,gamma,HCC_10020116_20180118.nii.gz,background,8,701953,0.7498920612767526,1.0,case_voxel_bins
confidence_rank,gamma,HCC_10020116_20180118.nii.gz,background,9,707589,0.8494656910125391,1.0,case_voxel_bins
confidence_rank,gamma,HCC_10020116_20180118.nii.gz,background,10,711671,0.9497258179667556,1.0,case_voxel_bins
confidence_rank,gamma,HCC_10020116_20180118.nii.gz,foreground,1,200131,0.029320192378264803,0.9078703449240747,case_voxel_bins
confidence_rank,gamma,HCC_10020116_20180118.nii.gz,foreground,2,8939,0.1335314655404974,0.9937353171495693,case_voxel_bins
confidence_rank,gamma,HCC_10020116_20180118.nii.gz,foreground,3,1327,0.2371011232647037,0.987189148455162,case_voxel_bins
confidence_rank,gamma,HCC_10020116_20180118.nii.gz,foreground,4,257,0.3366281077091796,0.9961089494163424,case_voxel_bins
confidence_rank,gamma,HCC_10020116_20180118.nii.gz,foreground,5,60,0.4376334523161252,1.0,case_voxel_bins
confidence_rank,gamma,HCC_10020116_20180118.nii.gz,foreground,6,14,0.5271533897944859,0.9285714285714286,case_voxel_bins
confidence_rank,gamma,HCC_10020116_20180118.nii.gz,foreground,7,2,0.6117268204689026,1.0,case_voxel_bins
confidence_rank,gamma,HCC_10020116_20180118.nii.gz,overall,1,733795,0.048215134199395694,0.9418229887093806,case_voxel_bins
confidence_rank,gamma,HCC_10020116_20180118.nii.gz,overall,2,706503,0.14982520153767953,0.9999207363592229,case_voxel_bins
confidence_rank,gamma,HCC_10020116_20180118.nii.gz,overall,3,713982,0.2501718730536391,0.9999761898759353,case_voxel_bins
confidence_rank,gamma,HCC_10020116_20180118.nii.gz,overall,4,702066,0.3502051038725636,0.9999985756324904,case_voxel_bins
confidence_rank,gamma,HCC_10020116_20180118.nii.gz,overall,5,716013,0.45038180841214426,1.0,case_voxel_bins
confidence_rank,gamma,HCC_10020116_20180118.nii.gz,overall,6,7744863,0.5061848841492849,0.9999998708821576,case_voxel_bins
confidence_rank,gamma,HCC_10020116_20180118.nii.gz,overall,7,717341,0.64962952363518,1.0,case_voxel_bins
confidence_rank,gamma,HCC_10020116_20180118.nii.gz,overall,8,701953,0.7498920612767526,1.0,case_voxel_bins
confidence_rank,gamma,HCC_10020116_20180118.nii.gz,overall,9,707589,0.8494656910125391,1.0,case_voxel_bins
confidence_rank,gamma,HCC_10020116_20180118.nii.gz,overall,10,711671,0.9497258179667556,1.0,case_voxel_bins
joint_product,blur,HCC_10020116_20180118.nii.gz,background,1,3506696,0.05277531791594716,0.9930840882699841,case_voxel_bins
joint_product,blur,HCC_10020116_20180118.nii.gz,background,2,3047242,0.14727332279586913,1.0,case_voxel_bins
joint_product,blur,HCC_10020116_20180118.nii.gz,background,3,2281681,0.2479967740382575,1.0,case_voxel_bins
joint_product,blur,HCC_10020116_20180118.nii.gz,background,4,1918564,0.3489747960356978,1.0,case_voxel_bins
joint_product,blur,HCC_10020116_20180118.nii.gz,background,5,1784449,0.4503116560382599,1.0,case_voxel_bins
joint_product,blur,HCC_10020116_20180118.nii.gz,background,6,286860,0.5491755926599897,1.0,case_voxel_bins
joint_product,blur,HCC_10020116_20180118.nii.gz,background,7,280280,0.6499365491768901,1.0,case_voxel_bins
joint_product,blur,HCC_10020116_20180118.nii.gz,background,8,281963,0.7499233770942848,1.0,case_voxel_bins
joint_product,blur,HCC_10020116_20180118.nii.gz,background,9,297082,0.8512241847268359,1.0,case_voxel_bins
joint_product,blur,HCC_10020116_20180118.nii.gz,background,10,260229,0.9439905942762379,1.0,case_voxel_bins
joint_product,blur,HCC_10020116_20180118.nii.gz,foreground,1,210657,0.0014820745119394005,0.912117802873866,case_voxel_bins
joint_product,blur,HCC_10020116_20180118.nii.gz,foreground,2,71,0.12025274535719778,1.0,case_voxel_bins
joint_product,blur,HCC_10020116_20180118.nii.gz,foreground,3,2,0.26098616421222687,1.0,case_voxel_bins
joint_product,blur,HCC_10020116_20180118.nii.gz,overall,1,3717353,0.04986860424744212,0.9884958463724053,case_voxel_bins
joint_product,blur,HCC_10020116_20180118.nii.gz,overall,2,3047313,0.1472726932376327,1.0,case_voxel_bins
joint_product,blur,HCC_10020116_20180118.nii.gz,overall,3,2281683,0.24799678542405493,1.0,case_voxel_bins
joint_product,blur,HCC_10020116_20180118.nii.gz,overall,4,1918564,0.3489747960356978,1.0,case_voxel_bins
joint_product,blur,HCC_10020116_20180118.nii.gz,overall,5,1784449,0.4503116560382599,1.0,case_voxel_bins
joint_product,blur,HCC_10020116_20180118.nii.gz,overall,6,286860,0.5491755926599897,1.0,case_voxel_bins
joint_product,blur,HCC_10020116_20180118.nii.gz,overall,7,280280,0.6499365491768901,1.0,case_voxel_bins
joint_product,blur,HCC_10020116_20180118.nii.gz,overall,8,281963,0.7499233770942848,1.0,case_voxel_bins
joint_product,blur,HCC_10020116_20180118.nii.gz,overall,9,297082,0.8512241847268359,1.0,case_voxel_bins
joint_product,blur,HCC_10020116_20180118.nii.gz,overall,10,260229,0.9439905942762379,1.0,case_voxel_bins
joint_product,gamma,HCC_10020116_20180118.nii.gz,background,1,3506696,0.05277531791594716,0.9930840882699841,case_voxel_bins
joint_product,gamma,HCC_10020116_20180118.nii.gz,background,2,3047242,0.14727332279586913,1.0,case_voxel_bins
joint_product,gamma,HCC_10020116_20180118.nii.gz,background,3,2281681,0.2479967740382575,1.0,case_voxel_bins
joint_product,gamma,HCC_10020116_20180118.nii.gz,background,4,1918564,0.3489747960356978,1.0,case_voxel_bins
joint_product,gamma,HCC_10020116_20180118.nii.gz,background,5,1784449,0.4503116560382599,1.0,case_voxel_bins
joint_product,gamma,HCC_10020116_20180118.nii.gz,background,6,286860,0.5491755926599897,1.0,case_voxel_bins
joint_product,gamma,HCC_10020116_20180118.nii.gz,background,7,280280,0.6499365491768901,1.0,case_voxel_bins
joint_product,gamma,HCC_10020116_20180118.nii.gz,background,8,281963,0.7499233770942848,1.0,case_voxel_bins
joint_product,gamma,HCC_10020116_20180118.nii.gz,background,9,297082,0.8512241847268359,1.0,case_voxel_bins
joint_product,gamma,HCC_10020116_20180118.nii.gz,background,10,260229,0.9439905942762379,1.0,case_voxel_bins
joint_product,gamma,HCC_10020116_20180118.nii.gz,foreground,1,210657,0.0014820745119394005,0.912117802873866,case_voxel_bins
joint_product,gamma,HCC_10020116_20180118.nii.gz,foreground,2,71,0.12025274535719778,1.0,case_voxel_bins
joint_product,gamma,HCC_10020116_20180118.nii.gz,foreground,3,2,0.26098616421222687,1.0,case_voxel_bins
joint_product,gamma,HCC_10020116_20180118.nii.gz,overall,1,3717353,0.04986860424744212,0.9884958463724053,case_voxel_bins
joint_product,gamma,HCC_10020116_20180118.nii.gz,overall,2,3047313,0.1472726932376327,1.0,case_voxel_bins
joint_product,gamma,HCC_10020116_20180118.nii.gz,overall,3,2281683,0.24799678542405493,1.0,case_voxel_bins
joint_product,gamma,HCC_10020116_20180118.nii.gz,overall,4,1918564,0.3489747960356978,1.0,case_voxel_bins
joint_product,gamma,HCC_10020116_20180118.nii.gz,overall,5,1784449,0.4503116560382599,1.0,case_voxel_bins
joint_product,gamma,HCC_10020116_20180118.nii.gz,overall,6,286860,0.5491755926599897,1.0,case_voxel_bins
joint_product,gamma,HCC_10020116_20180118.nii.gz,overall,7,280280,0.6499365491768901,1.0,case_voxel_bins
joint_product,gamma,HCC_10020116_20180118.nii.gz,overall,8,281963,0.7499233770942848,1.0,case_voxel_bins
joint_product,gamma,HCC_10020116_20180118.nii.gz,overall,9,297082,0.8512241847268359,1.0,case_voxel_bins
joint_product,gamma,HCC_10020116_20180118.nii.gz,overall,10,260229,0.9439905942762379,1.0,case_voxel_bins
world_pairwise,blur,HCC_10020116_20180118.nii.gz,background,1,1216519,0.05426909982218416,0.9806949172187199,case_voxel_bins
world_pairwise,blur,HCC_10020116_20180118.nii.gz,background,2,1409703,0.15005031399930047,0.9996928431024124,case_voxel_bins
world_pairwise,blur,HCC_10020116_20180118.nii.gz,background,3,1413318,0.25000804634996443,0.9998705174631611,case_voxel_bins
world_pairwise,blur,HCC_10020116_20180118.nii.gz,background,4,1414047,0.35000477210761527,0.9999391816537923,case_voxel_bins
world_pairwise,blur,HCC_10020116_20180118.nii.gz,background,5,1414813,0.45000161190894405,0.9999717277124256,case_voxel_bins
world_pairwise,blur,HCC_10020116_20180118.nii.gz,background,6,1415156,0.5500003552580639,0.9999872805542287,case_voxel_bins
world_pairwise,blur,HCC_10020116_20180118.nii.gz,background,7,1415412,0.6500020296769783,0.9999957609515816,case_voxel_bins
world_pairwise,blur,HCC_10020116_20180118.nii.gz,background,8,1415560,0.7500003228088206,0.9999992935657973,case_voxel_bins
world_pairwise,blur,HCC_10020116_20180118.nii.gz,background,9,1415576,0.849999957608084,1.0,case_voxel_bins
world_pairwise,blur,HCC_10020116_20180118.nii.gz,background,10,1414942,0.9499774612555079,1.0,case_voxel_bins
world_pairwise,blur,HCC_10020116_20180118.nii.gz,foreground,1,199059,0.02390963966967353,0.9180594698054346,case_voxel_bins
world_pairwise,blur,HCC_10020116_20180118.nii.gz,foreground,2,5875,0.13792037101502114,0.8062978723404255,case_voxel_bins
world_pairwise,blur,HCC_10020116_20180118.nii.gz,foreground,3,2260,0.24496811082405326,0.879646017699115,case_voxel_bins
world_pairwise,blur,HCC_10020116_20180118.nii.gz,foreground,4,1531,0.3456185486174969,0.8843892880470281,case_voxel_bins
world_pairwise,blur,HCC_10020116_20180118.nii.gz,foreground,5,763,0.446984872983605,0.6985583224115334,case_voxel_bins
world_pairwise,blur,HCC_10020116_20180118.nii.gz,foreground,6,422,0.5486191909460095,0.44075829383886256,case_voxel_bins
world_pairwise,blur,HCC_10020116_20180118.nii.gz,foreground,7,168,0.6332566436557543,0.17261904761904762,case_voxel_bins
world_pairwise,blur,HCC_10020116_20180118.nii.gz,foreground,8,16,0.7276931218802929,0.375,case_voxel_bins
world_pairwise,blur,HCC_10020116_20180118.nii.gz,foreground,10,636,0.9999549984931946,1.0,case_voxel_bins
world_pairwise,blur,HCC_10020116_20180118.nii.gz,overall,1,1415578,0.04999994349275645,0.9718871019470492,case_voxel_bins
world_pairwise,blur,HCC_10020116_20180118.nii.gz,overall,2,1415578,0.14999997172566196,0.9988902059794657,case_voxel_bins
world_pairwise,blur,HCC_10020116_20180118.nii.gz,overall,3,1415578,0.2499999999870734,0.9996785765249248,case_voxel_bins
world_pairwise,blur,HCC_10020116_20180118.nii.gz,overall,4,1415578,0.35000002824456894,0.9998142101671543,case_voxel_bins
world_pairwise,blur,HCC_10020116_20180118.nii.gz,overall,5,1415576,0.44999998587699663,0.9998092649211345,case_voxel_bins
world_pairwise,blur,HCC_10020116_20180118.nii.gz,overall,6,1415578,0.5499999435171781,0.9998205679941339,case_voxel_bins
world_pairwise,blur,HCC_10020116_20180118.nii.gz,overall,7,1415580,0.6500000423468015,0.9998975684878283,case_voxel_bins
world_pairwise,blur,HCC_10020116_20180118.nii.gz,overall,8,1415576,0.7500000706745552,0.9999922293116018,case_voxel_bins
world_pairwise,blur,HCC_10020116_20180118.nii.gz,overall,9,1415576,0.849999957608084,1.0,case_voxel_bins
world_pairwise,blur,HCC_10020116_20180118.nii.gz,overall,10,1415578,0.9499999154852876,1.0,case_voxel_bins
world_pairwise,gamma,HCC_10020116_20180118.nii.gz,background,1,1216519,0.05426909982218416,0.9806949172187199,case_voxel_bins
world_pairwise,gamma,HCC_10020116_20180118.nii.gz,background,2,1409703,0.15005031399930047,0.9996928431024124,case_voxel_bins
world_pairwise,gamma,HCC_10020116_20180118.nii.gz,background,3,1413318,0.25000804634996443,0.9998705174631611,case_voxel_bins
world_pairwise,gamma,HCC_10020116_20180118.nii.gz,background,4,1414047,0.35000477210761527,0.9999391816537923,case_voxel_bins
world_pairwise,gamma,HCC_10020116_20180118.nii.gz,background,5,1414813,0.45000161190894405,0.9999717277124256,case_voxel_bins
world_pairwise,gamma,HCC_10020116_20180118.nii.gz,background,6,1415156,0.5500003552580639,0.9999872805542287,case_voxel_bins
world_pairwise,gamma,HCC_10020116_20180118.nii.gz,background,7,1415412,0.6500020296769783,0.9999957609515816,case_voxel_bins
world_pairwise,gamma,HCC_10020116_20180118.nii.gz,background,8,1415560,0.7500003228088206,0.9999992935657973,case_voxel_bins
world_pairwise,gamma,HCC_10020116_20180118.nii.gz,background,9,1415576,0.849999957608084,1.0,case_voxel_bins
world_pairwise,gamma,HCC_10020116_20180118.nii.gz,background,10,1414942,0.9499774612555079,1.0,case_voxel_bins
world_pairwise,gamma,HCC_10020116_20180118.nii.gz,foreground,1,199059,0.02390963966967353,0.9180594698054346,case_voxel_bins
world_pairwise,gamma,HCC_10020116_20180118.nii.gz,foreground,2,5875,0.13792037101502114,0.8062978723404255,case_voxel_bins
world_pairwise,gamma,HCC_10020116_20180118.nii.gz,foreground,3,2260,0.24496811082405326,0.879646017699115,case_voxel_bins
world_pairwise,gamma,HCC_10020116_20180118.nii.gz,foreground,4,1531,0.3456185486174969,0.8843892880470281,case_voxel_bins
world_pairwise,gamma,HCC_10020116_20180118.nii.gz,foreground,5,763,0.446984872983605,0.6985583224115334,case_voxel_bins
world_pairwise,gamma,HCC_10020116_20180118.nii.gz,foreground,6,422,0.5486191909460095,0.44075829383886256,case_voxel_bins
world_pairwise,gamma,HCC_10020116_20180118.nii.gz,foreground,7,168,0.6332566436557543,0.17261904761904762,case_voxel_bins
world_pairwise,gamma,HCC_10020116_20180118.nii.gz,foreground,8,16,0.7276931218802929,0.375,case_voxel_bins
world_pairwise,gamma,HCC_10020116_20180118.nii.gz,foreground,10,636,0.9999549984931946,1.0,case_voxel_bins
world_pairwise,gamma,HCC_10020116_20180118.nii.gz,overall,1,1415578,0.04999994349275645,0.9718871019470492,case_voxel_bins
world_pairwise,gamma,HCC_10020116_20180118.nii.gz,overall,2,1415578,0.14999997172566196,0.9988902059794657,case_voxel_bins
world_pairwise,gamma,HCC_10020116_20180118.nii.gz,overall,3,1415578,0.2499999999870734,0.9996785765249248,case_voxel_bins
world_pairwise,gamma,HCC_10020116_20180118.nii.gz,overall,4,1415578,0.35000002824456894,0.9998142101671543,case_voxel_bins
world_pairwise,gamma,HCC_10020116_20180118.nii.gz,overall,5,1415576,0.44999998587699663,0.9998092649211345,case_voxel_bins
world_pairwise,gamma,HCC_10020116_20180118.nii.gz,overall,6,1415578,0.5499999435171781,0.9998205679941339,case_voxel_bins
world_pairwise,gamma,HCC_10020116_20180118.nii.gz,overall,7,1415580,0.6500000423468015,0.9998975684878283,case_voxel_bins
world_pairwise,gamma,HCC_10020116_20180118.nii.gz,overall,8,1415576,0.7500000706745552,0.9999922293116018,case_voxel_bins
world_pairwise,gamma,HCC_10020116_20180118.nii.gz,overall,9,1415576,0.849999957608084,1.0,case_voxel_bins
world_pairwise,gamma,HCC_10020116_20180118.nii.gz,overall,10,1415578,0.9499999154852876,1.0,case_voxel_bins
confidence_rank,all,HCC_10020116_20180118.nii.gz,overall,1,1467590,0.048215134199395694,0.9418229887093806,case_voxel_bins
confidence_rank,all,HCC_10020116_20180118.nii.gz,overall,2,1413006,0.14982520153767953,0.9999207363592229,case_voxel_bins
confidence_rank,all,HCC_10020116_20180118.nii.gz,overall,3,1427964,0.2501718730536391,0.9999761898759353,case_voxel_bins
confidence_rank,all,HCC_10020116_20180118.nii.gz,overall,4,1404132,0.3502051038725636,0.9999985756324904,case_voxel_bins
confidence_rank,all,HCC_10020116_20180118.nii.gz,overall,5,1432026,0.45038180841214426,1.0,case_voxel_bins
confidence_rank,all,HCC_10020116_20180118.nii.gz,overall,6,15489726,0.5061848841492849,0.9999998708821576,case_voxel_bins
confidence_rank,all,HCC_10020116_20180118.nii.gz,overall,7,1434682,0.64962952363518,1.0,case_voxel_bins
confidence_rank,all,HCC_10020116_20180118.nii.gz,overall,8,1403906,0.7498920612767526,1.0,case_voxel_bins
confidence_rank,all,HCC_10020116_20180118.nii.gz,overall,9,1415178,0.8494656910125391,1.0,case_voxel_bins
confidence_rank,all,HCC_10020116_20180118.nii.gz,overall,10,1423342,0.9497258179667556,1.0,case_voxel_bins
confidence_rank,all,HCC_10020116_20180118.nii.gz,foreground,1,400262,0.029320192378264803,0.9078703449240747,case_voxel_bins
confidence_rank,all,HCC_10020116_20180118.nii.gz,foreground,2,17878,0.1335314655404974,0.9937353171495693,case_voxel_bins
confidence_rank,all,HCC_10020116_20180118.nii.gz,foreground,3,2654,0.2371011232647037,0.987189148455162,case_voxel_bins
confidence_rank,all,HCC_10020116_20180118.nii.gz,foreground,4,514,0.3366281077091796,0.9961089494163424,case_voxel_bins
confidence_rank,all,HCC_10020116_20180118.nii.gz,foreground,5,120,0.4376334523161252,1.0,case_voxel_bins
confidence_rank,all,HCC_10020116_20180118.nii.gz,foreground,6,28,0.5271533897944859,0.9285714285714286,case_voxel_bins
confidence_rank,all,HCC_10020116_20180118.nii.gz,foreground,7,4,0.6117268204689026,1.0,case_voxel_bins
confidence_rank,all,HCC_10020116_20180118.nii.gz,background,1,1067328,0.055300985224768874,0.9545556754812017,case_voxel_bins
confidence_rank,all,HCC_10020116_20180118.nii.gz,background,2,1395128,0.1500339991620965,1.0,case_voxel_bins
confidence_rank,all,HCC_10020116_20180118.nii.gz,background,3,1425310,0.2501962114571722,1.0,case_voxel_bins
confidence_rank,all,HCC_10020116_20180118.nii.gz,background,4,1403618,0.3502100757210494,1.0,case_voxel_bins
confidence_rank,all,HCC_10020116_20180118.nii.gz,background,5,1431906,0.45038287678027145,1.0,case_voxel_bins
confidence_rank,all,HCC_10020116_20180118.nii.gz,background,6,15489698,0.5061848462455015,1.0,case_voxel_bins
confidence_rank,all,HCC_10020116_20180118.nii.gz,background,7,1434678,0.6496296293110269,1.0,case_voxel_bins
confidence_rank,all,HCC_10020116_20180118.nii.gz,background,8,1403906,0.7498920612767526,1.0,case_voxel_bins
confidence_rank,all,HCC_10020116_20180118.nii.gz,background,9,1415178,0.8494656910125391,1.0,case_voxel_bins
confidence_rank,all,HCC_10020116_20180118.nii.gz,background,10,1423342,0.9497258179667556,1.0,case_voxel_bins
world_pairwise,all,HCC_10020116_20180118.nii.gz,overall,1,2831156,0.04999994349275645,0.9718871019470492,case_voxel_bins
world_pairwise,all,HCC_10020116_20180118.nii.gz,overall,2,2831156,0.14999997172566196,0.9988902059794657,case_voxel_bins
world_pairwise,all,HCC_10020116_20180118.nii.gz,overall,3,2831156,0.2499999999870734,0.9996785765249248,case_voxel_bins
world_pairwise,all,HCC_10020116_20180118.nii.gz,overall,4,2831156,0.35000002824456894,0.9998142101671543,case_voxel_bins
world_pairwise,all,HCC_10020116_20180118.nii.gz,overall,5,2831152,0.44999998587699663,0.9998092649211345,case_voxel_bins
world_pairwise,all,HCC_10020116_20180118.nii.gz,overall,6,2831156,0.5499999435171781,0.9998205679941339,case_voxel_bins
world_pairwise,all,HCC_10020116_20180118.nii.gz,overall,7,2831160,0.6500000423468015,0.9998975684878283,case_voxel_bins
world_pairwise,all,HCC_10020116_20180118.nii.gz,overall,8,2831152,0.7500000706745552,0.9999922293116018,case_voxel_bins
world_pairwise,all,HCC_10020116_20180118.nii.gz,overall,9,2831152,0.849999957608084,1.0,case_voxel_bins
world_pairwise,all,HCC_10020116_20180118.nii.gz,overall,10,2831156,0.9499999154852876,1.0,case_voxel_bins
world_pairwise,all,HCC_10020116_20180118.nii.gz,foreground,1,398118,0.02390963966967353,0.9180594698054346,case_voxel_bins
world_pairwise,all,HCC_10020116_20180118.nii.gz,foreground,2,11750,0.13792037101502114,0.8062978723404255,case_voxel_bins
world_pairwise,all,HCC_10020116_20180118.nii.gz,foreground,3,4520,0.24496811082405326,0.879646017699115,case_voxel_bins
world_pairwise,all,HCC_10020116_20180118.nii.gz,foreground,4,3062,0.3456185486174969,0.8843892880470281,case_voxel_bins
world_pairwise,all,HCC_10020116_20180118.nii.gz,foreground,5,1526,0.446984872983605,0.6985583224115334,case_voxel_bins
world_pairwise,all,HCC_10020116_20180118.nii.gz,foreground,6,844,0.5486191909460095,0.44075829383886256,case_voxel_bins
world_pairwise,all,HCC_10020116_20180118.nii.gz,foreground,7,336,0.6332566436557543,0.17261904761904762,case_voxel_bins
world_pairwise,all,HCC_10020116_20180118.nii.gz,foreground,8,32,0.7276931218802929,0.375,case_voxel_bins
world_pairwise,all,HCC_10020116_20180118.nii.gz,foreground,10,1272,0.9999549984931946,1.0,case_voxel_bins
world_pairwise,all,HCC_10020116_20180118.nii.gz,background,1,2433038,0.05426909982218416,0.9806949172187199,case_voxel_bins
world_pairwise,all,HCC_10020116_20180118.nii.gz,background,2,2819406,0.15005031399930047,0.9996928431024124,case_voxel_bins
world_pairwise,all,HCC_10020116_20180118.nii.gz,background,3,2826636,0.25000804634996443,0.9998705174631611,case_voxel_bins
world_pairwise,all,HCC_10020116_20180118.nii.gz,background,4,2828094,0.35000477210761527,0.9999391816537923,case_voxel_bins
world_pairwise,all,HCC_10020116_20180118.nii.gz,background,5,2829626,0.45000161190894405,0.9999717277124256,case_voxel_bins
world_pairwise,all,HCC_10020116_20180118.nii.gz,background,6,2830312,0.5500003552580639,0.9999872805542287,case_voxel_bins
world_pairwise,all,HCC_10020116_20180118.nii.gz,background,7,2830824,0.6500020296769783,0.9999957609515816,case_voxel_bins
world_pairwise,all,HCC_10020116_20180118.nii.gz,background,8,2831120,0.7500003228088206,0.9999992935657973,case_voxel_bins
world_pairwise,all,HCC_10020116_20180118.nii.gz,background,9,2831152,0.849999957608084,1.0,case_voxel_bins
world_pairwise,all,HCC_10020116_20180118.nii.gz,background,10,2829884,0.9499774612555079,1.0,case_voxel_bins
joint_product,all,HCC_10020116_20180118.nii.gz,overall,1,7434706,0.04986860424744212,0.9884958463724053,case_voxel_bins
joint_product,all,HCC_10020116_20180118.nii.gz,overall,2,6094626,0.1472726932376327,1.0,case_voxel_bins
joint_product,all,HCC_10020116_20180118.nii.gz,overall,3,4563366,0.24799678542405493,1.0,case_voxel_bins
joint_product,all,HCC_10020116_20180118.nii.gz,overall,4,3837128,0.3489747960356978,1.0,case_voxel_bins
joint_product,all,HCC_10020116_20180118.nii.gz,overall,5,3568898,0.4503116560382599,1.0,case_voxel_bins
joint_product,all,HCC_10020116_20180118.nii.gz,overall,6,573720,0.5491755926599897,1.0,case_voxel_bins
joint_product,all,HCC_10020116_20180118.nii.gz,overall,7,560560,0.6499365491768901,1.0,case_voxel_bins
joint_product,all,HCC_10020116_20180118.nii.gz,overall,8,563926,0.7499233770942848,1.0,case_voxel_bins
joint_product,all,HCC_10020116_20180118.nii.gz,overall,9,594164,0.8512241847268359,1.0,case_voxel_bins
joint_product,all,HCC_10020116_20180118.nii.gz,overall,10,520458,0.9439905942762379,1.0,case_voxel_bins
joint_product,all,HCC_10020116_20180118.nii.gz,foreground,1,421314,0.0014820745119394005,0.912117802873866,case_voxel_bins
joint_product,all,HCC_10020116_20180118.nii.gz,foreground,2,142,0.12025274535719778,1.0,case_voxel_bins
joint_product,all,HCC_10020116_20180118.nii.gz,foreground,3,4,0.26098616421222687,1.0,case_voxel_bins
joint_product,all,HCC_10020116_20180118.nii.gz,background,1,7013392,0.05277531791594716,0.9930840882699841,case_voxel_bins
joint_product,all,HCC_10020116_20180118.nii.gz,background,2,6094484,0.14727332279586913,1.0,case_voxel_bins
joint_product,all,HCC_10020116_20180118.nii.gz,background,3,4563362,0.2479967740382575,1.0,case_voxel_bins
joint_product,all,HCC_10020116_20180118.nii.gz,background,4,3837128,0.3489747960356978,1.0,case_voxel_bins
joint_product,all,HCC_10020116_20180118.nii.gz,background,5,3568898,0.4503116560382599,1.0,case_voxel_bins
joint_product,all,HCC_10020116_20180118.nii.gz,background,6,573720,0.5491755926599897,1.0,case_voxel_bins
joint_product,all,HCC_10020116_20180118.nii.gz,background,7,560560,0.6499365491768901,1.0,case_voxel_bins
joint_product,all,HCC_10020116_20180118.nii.gz,background,8,563926,0.7499233770942848,1.0,case_voxel_bins
joint_product,all,HCC_10020116_20180118.nii.gz,background,9,594164,0.8512241847268359,1.0,case_voxel_bins
joint_product,all,HCC_10020116_20180118.nii.gz,background,10,520458,0.9439905942762379,1.0,case_voxel_bins
confidence_rank,all,__all__,background,1,,,0.9467124604564671,case_level_macro
confidence_rank,all,__all__,background,2,,,1.0,case_level_macro
confidence_rank,all,__all__,background,3,,,1.0,case_level_macro
confidence_rank,all,__all__,background,4,,,1.0,case_level_macro
confidence_rank,all,__all__,background,5,,,1.0,case_level_macro
confidence_rank,all,__all__,background,6,,,1.0,case_level_macro
confidence_rank,all,__all__,background,7,,,1.0,case_level_macro
confidence_rank,all,__all__,background,8,,,1.0,case_level_macro
confidence_rank,all,__all__,background,9,,,1.0,case_level_macro
confidence_rank,all,__all__,background,10,,,1.0,case_level_macro
confidence_rank,all,__all__,foreground,1,,,0.6964654320719875,case_level_macro
confidence_rank,all,__all__,foreground,2,,,0.3613358169366165,case_level_macro
confidence_rank,all,__all__,foreground,3,,,0.3239778053729604,case_level_macro
confidence_rank,all,__all__,foreground,4,,,0.18638230554572968,case_level_macro
confidence_rank,all,__all__,foreground,5,,,0.16666666666666666,case_level_macro
confidence_rank,all,__all__,foreground,6,,,0.18571428571428572,case_level_macro
confidence_rank,all,__all__,foreground,7,,,0.25,case_level_macro
confidence_rank,all,__all__,foreground,8,,,0.0,case_level_macro
confidence_rank,all,__all__,foreground,9,,,0.0,case_level_macro
confidence_rank,all,__all__,foreground,10,,,0.0,case_level_macro
confidence_rank,all,__all__,overall,1,,,0.8168538782491235,case_level_macro
confidence_rank,all,__all__,overall,2,,,0.9953769793368717,case_level_macro
confidence_rank,all,__all__,overall,3,,,0.9991928494166153,case_level_macro
confidence_rank,all,__all__,overall,4,,,0.99972764954718,case_level_macro
confidence_rank,all,__all__,overall,5,,,0.9998521104258122,case_level_macro
confidence_rank,all,__all__,overall,6,,,0.9999398593571811,case_level_macro
confidence_rank,all,__all__,overall,7,,,0.9999426318327544,case_level_macro
confidence_rank,all,__all__,overall,8,,,0.9999628481239854,case_level_macro
confidence_rank,all,__all__,overall,9,,,0.9999750222040729,case_level_macro
confidence_rank,all,__all__,overall,10,,,0.9999959130967145,case_level_macro
confidence_rank,blur,__all__,background,1,,,0.9467124604564671,case_level_macro
confidence_rank,blur,__all__,background,2,,,1.0,case_level_macro
confidence_rank,blur,__all__,background,3,,,1.0,case_level_macro
confidence_rank,blur,__all__,background,4,,,1.0,case_level_macro
confidence_rank,blur,__all__,background,5,,,1.0,case_level_macro
confidence_rank,blur,__all__,background,6,,,1.0,case_level_macro
confidence_rank,blur,__all__,background,7,,,1.0,case_level_macro
confidence_rank,blur,__all__,background,8,,,1.0,case_level_macro
confidence_rank,blur,__all__,background,9,,,1.0,case_level_macro
confidence_rank,blur,__all__,background,10,,,1.0,case_level_macro
confidence_rank,blur,__all__,foreground,1,,,0.6964654320719875,case_level_macro
confidence_rank,blur,__all__,foreground,2,,,0.3613358169366165,case_level_macro
confidence_rank,blur,__all__,foreground,3,,,0.3239778053729604,case_level_macro
confidence_rank,blur,__all__,foreground,4,,,0.18638230554572968,case_level_macro
confidence_rank,blur,__all__,foreground,5,,,0.16666666666666666,case_level_macro
confidence_rank,blur,__all__,foreground,6,,,0.18571428571428572,case_level_macro
confidence_rank,blur,__all__,foreground,7,,,0.25,case_level_macro
confidence_rank,blur,__all__,foreground,8,,,0.0,case_level_macro
confidence_rank,blur,__all__,foreground,9,,,0.0,case_level_macro
confidence_rank,blur,__all__,foreground,10,,,0.0,case_level_macro
confidence_rank,blur,__all__,overall,1,,,0.8168538782491235,case_level_macro
confidence_rank,blur,__all__,overall,2,,,0.9953769793368717,case_level_macro
confidence_rank,blur,__all__,overall,3,,,0.9991928494166153,case_level_macro
confidence_rank,blur,__all__,overall,4,,,0.99972764954718,case_level_macro
confidence_rank,blur,__all__,overall,5,,,0.9998521104258122,case_level_macro
confidence_rank,blur,__all__,overall,6,,,0.9999398593571811,case_level_macro
confidence_rank,blur,__all__,overall,7,,,0.9999426318327544,case_level_macro
confidence_rank,blur,__all__,overall,8,,,0.9999628481239854,case_level_macro
confidence_rank,blur,__all__,overall,9,,,0.9999750222040729,case_level_macro
confidence_rank,blur,__all__,overall,10,,,0.9999959130967145,case_level_macro
confidence_rank,gamma,__all__,background,1,,,0.9467124604564671,case_level_macro
confidence_rank,gamma,__all__,background,2,,,1.0,case_level_macro
confidence_rank,gamma,__all__,background,3,,,1.0,case_level_macro
confidence_rank,gamma,__all__,background,4,,,1.0,case_level_macro
confidence_rank,gamma,__all__,background,5,,,1.0,case_level_macro
confidence_rank,gamma,__all__,background,6,,,1.0,case_level_macro
confidence_rank,gamma,__all__,background,7,,,1.0,case_level_macro
confidence_rank,gamma,__all__,background,8,,,1.0,case_level_macro
confidence_rank,gamma,__all__,background,9,,,1.0,case_level_macro
confidence_rank,gamma,__all__,background,10,,,1.0,case_level_macro
confidence_rank,gamma,__all__,foreground,1,,,0.6964654320719875,case_level_macro
confidence_rank,gamma,__all__,foreground,2,,,0.3613358169366165,case_level_macro
confidence_rank,gamma,__all__,foreground,3,,,0.3239778053729604,case_level_macro
confidence_rank,gamma,__all__,foreground,4,,,0.18638230554572968,case_level_macro
confidence_rank,gamma,__all__,foreground,5,,,0.16666666666666666,case_level_macro
confidence_rank,gamma,__all__,foreground,6,,,0.18571428571428572,case_level_macro
confidence_rank,gamma,__all__,foreground,7,,,0.25,case_level_macro
confidence_rank,gamma,__all__,foreground,8,,,0.0,case_level_macro
confidence_rank,gamma,__all__,foreground,9,,,0.0,case_level_macro
confidence_rank,gamma,__all__,foreground,10,,,0.0,case_level_macro
confidence_rank,gamma,__all__,overall,1,,,0.8168538782491235,case_level_macro
confidence_rank,gamma,__all__,overall,2,,,0.9953769793368717,case_level_macro
confidence_rank,gamma,__all__,overall,3,,,0.9991928494166153,case_level_macro
confidence_rank,gamma,__all__,overall,4,,,0.99972764954718,case_level_macro
confidence_rank,gamma,__all__,overall,5,,,0.9998521104258122,case_level_macro
confidence_rank,gamma,__all__,overall,6,,,0.9999398593571811,case_level_macro
confidence_rank,gamma,__all__,overall,7,,,0.9999426318327544,case_level_macro
confidence_rank,gamma,__all__,overall,8,,,0.9999628481239854,case_level_macro
confidence_rank,gamma,__all__,overall,9,,,0.9999750222040729,case_level_macro
confidence_rank,gamma,__all__,overall,10,,,0.9999959130967145,case_level_macro
joint_product,all,__all__,background,1,,,0.989758550058748,case_level_macro
joint_product,all,__all__,background,2,,,1.0,case_level_macro
joint_product,all,__all__,background,3,,,1.0,case_level_macro
joint_product,all,__all__,background,4,,,1.0,case_level_macro
joint_product,all,__all__,background,5,,,1.0,case_level_macro
joint_product,all,__all__,background,6,,,1.0,case_level_macro
joint_product,all,__all__,background,7,,,1.0,case_level_macro
joint_product,all,__all__,background,8,,,1.0,case_level_macro
joint_product,all,__all__,background,9,,,1.0,case_level_macro
joint_product,all,__all__,background,10,,,1.0,case_level_macro
joint_product,all,__all__,foreground,1,,,0.6944693366280084,case_level_macro
joint_product,all,__all__,foreground,2,,,0.23156500572737687,case_level_macro
joint_product,all,__all__,foreground,3,,,0.2857142857142857,case_level_macro
joint_product,all,__all__,foreground,4,,,0.25,case_level_macro
joint_product,all,__all__,foreground,5,,,0.0,case_level_macro
joint_product,all,__all__,foreground,6,,,0.0,case_level_macro
joint_product,all,__all__,foreground,7,,,0.0,case_level_macro
joint_product,all,__all__,foreground,8,,,0.0,case_level_macro
joint_product,all,__all__,foreground,9,,,0.0,case_level_macro
joint_product,all,__all__,overall,1,,,0.9550800244619552,case_level_macro
joint_product,all,__all__,overall,2,,,0.9995586420199761,case_level_macro
joint_product,all,__all__,overall,3,,,0.9998170540951671,case_level_macro
joint_product,all,__all__,overall,4,,,0.9998562122775331,case_level_macro
joint_product,all,__all__,overall,5,,,0.999875866181109,case_level_macro
joint_product,all,__all__,overall,6,,,0.9998910791597762,case_level_macro
joint_product,all,__all__,overall,7,,,0.9999098109521974,case_level_macro
joint_product,all,__all__,overall,8,,,0.9999608999490344,case_level_macro
joint_product,all,__all__,overall,9,,,0.9999910072937765,case_level_macro
joint_product,all,__all__,overall,10,,,1.0,case_level_macro
joint_product,blur,__all__,background,1,,,0.989758550058748,case_level_macro
joint_product,blur,__all__,background,2,,,1.0,case_level_macro
joint_product,blur,__all__,background,3,,,1.0,case_level_macro
joint_product,blur,__all__,background,4,,,1.0,case_level_macro
joint_product,blur,__all__,background,5,,,1.0,case_level_macro
joint_product,blur,__all__,background,6,,,1.0,case_level_macro
joint_product,blur,__all__,background,7,,,1.0,case_level_macro
joint_product,blur,__all__,background,8,,,1.0,case_level_macro
joint_product,blur,__all__,background,9,,,1.0,case_level_macro
joint_product,blur,__all__,background,10,,,1.0,case_level_macro
joint_product,blur,__all__,foreground,1,,,0.6944693366280084,case_level_macro
joint_product,blur,__all__,foreground,2,,,0.23156500572737687,case_level_macro
joint_product,blur,__all__,foreground,3,,,0.2857142857142857,case_level_macro
joint_product,blur,__all__,foreground,4,,,0.25,case_level_macro
joint_product,blur,__all__,foreground,5,,,0.0,case_level_macro
joint_product,blur,__all__,foreground,6,,,0.0,case_level_macro
joint_product,blur,__all__,foreground,7,,,0.0,case_level_macro
joint_product,blur,__all__,foreground,8,,,0.0,case_level_macro
joint_product,blur,__all__,foreground,9,,,0.0,case_level_macro
joint_product,blur,__all__,overall,1,,,0.9550800244619552,case_level_macro
joint_product,blur,__all__,overall,2,,,0.9995586420199761,case_level_macro
joint_product,blur,__all__,overall,3,,,0.9998170540951671,case_level_macro
joint_product,blur,__all__,overall,4,,,0.9998562122775331,case_level_macro
joint_product,blur,__all__,overall,5,,,0.999875866181109,case_level_macro
joint_product,blur,__all__,overall,6,,,0.9998910791597762,case_level_macro
joint_product,blur,__all__,overall,7,,,0.9999098109521974,case_level_macro
joint_product,blur,__all__,overall,8,,,0.9999608999490344,case_level_macro
joint_product,blur,__all__,overall,9,,,0.9999910072937765,case_level_macro
joint_product,blur,__all__,overall,10,,,1.0,case_level_macro
joint_product,gamma,__all__,background,1,,,0.989758550058748,case_level_macro
joint_product,gamma,__all__,background,2,,,1.0,case_level_macro
joint_product,gamma,__all__,background,3,,,1.0,case_level_macro
joint_product,gamma,__all__,background,4,,,1.0,case_level_macro
joint_product,gamma,__all__,background,5,,,1.0,case_level_macro
joint_product,gamma,__all__,background,6,,,1.0,case_level_macro
joint_product,gamma,__all__,background,7,,,1.0,case_level_macro
joint_product,gamma,__all__,background,8,,,1.0,case_level_macro
joint_product,gamma,__all__,background,9,,,1.0,case_level_macro
joint_product,gamma,__all__,background,10,,,1.0,case_level_macro
joint_product,gamma,__all__,foreground,1,,,0.6944693366280084,case_level_macro
joint_product,gamma,__all__,foreground,2,,,0.23156500572737687,case_level_macro
joint_product,gamma,__all__,foreground,3,,,0.2857142857142857,case_level_macro
joint_product,gamma,__all__,foreground,4,,,0.25,case_level_macro
joint_product,gamma,__all__,foreground,5,,,0.0,case_level_macro
joint_product,gamma,__all__,foreground,6,,,0.0,case_level_macro
joint_product,gamma,__all__,foreground,7,,,0.0,case_level_macro
joint_product,gamma,__all__,foreground,8,,,0.0,case_level_macro
joint_product,gamma,__all__,foreground,9,,,0.0,case_level_macro
joint_product,gamma,__all__,overall,1,,,0.9550800244619552,case_level_macro
joint_product,gamma,__all__,overall,2,,,0.9995586420199761,case_level_macro
joint_product,gamma,__all__,overall,3,,,0.9998170540951671,case_level_macro
joint_product,gamma,__all__,overall,4,,,0.9998562122775331,case_level_macro
joint_product,gamma,__all__,overall,5,,,0.999875866181109,case_level_macro
joint_product,gamma,__all__,overall,6,,,0.9998910791597762,case_level_macro
joint_product,gamma,__all__,overall,7,,,0.9999098109521974,case_level_macro
joint_product,gamma,__all__,overall,8,,,0.9999608999490344,case_level_macro
joint_product,gamma,__all__,overall,9,,,0.9999910072937765,case_level_macro
joint_product,gamma,__all__,overall,10,,,1.0,case_level_macro
world_pairwise,all,__all__,background,1,,,0.9689948065906939,case_level_macro
world_pairwise,all,__all__,background,2,,,0.9984730923576115,case_level_macro
world_pairwise,all,__all__,background,3,,,0.9994915851764296,case_level_macro
world_pairwise,all,__all__,background,4,,,0.9999536164621807,case_level_macro
world_pairwise,all,__all__,background,5,,,0.9999798386704247,case_level_macro
world_pairwise,all,__all__,background,6,,,0.9999903697337962,case_level_macro
world_pairwise,all,__all__,background,7,,,0.9999943475843883,case_level_macro
world_pairwise,all,__all__,background,8,,,0.9999992052046257,case_level_macro
world_pairwise,all,__all__,background,9,,,1.0,case_level_macro
world_pairwise,all,__all__,background,10,,,0.9988129859885697,case_level_macro
world_pairwise,all,__all__,foreground,1,,,0.7621793575331712,case_level_macro
world_pairwise,all,__all__,foreground,2,,,0.43189710305330387,case_level_macro
world_pairwise,all,__all__,foreground,3,,,0.3002707434320597,case_level_macro
world_pairwise,all,__all__,foreground,4,,,0.2743256347404557,case_level_macro
world_pairwise,all,__all__,foreground,5,,,0.10602558506014619,case_level_macro
world_pairwise,all,__all__,foreground,6,,,0.07415216218179319,case_level_macro
world_pairwise,all,__all__,foreground,7,,,0.024904377150099584,case_level_macro
world_pairwise,all,__all__,foreground,8,,,0.046875,case_level_macro
world_pairwise,all,__all__,foreground,9,,,0.0,case_level_macro
world_pairwise,all,__all__,foreground,10,,,0.6130166003158803,case_level_macro
world_pairwise,all,__all__,overall,1,,,0.9181452735207809,case_level_macro
world_pairwise,all,__all__,overall,2,,,0.9887328709544795,case_level_macro
world_pairwise,all,__all__,overall,3,,,0.994085630407951,case_level_macro
world_pairwise,all,__all__,overall,4,,,0.9953602856968224,case_level_macro
world_pairwise,all,__all__,overall,5,,,0.9964786430025541,case_level_macro
world_pairwise,all,__all__,overall,6,,,0.9972179211394184,case_level_macro
world_pairwise,all,__all__,overall,7,,,0.9977396160701554,case_level_macro
world_pairwise,all,__all__,overall,8,,,0.9981296509256695,case_level_macro
world_pairwise,all,__all__,overall,9,,,0.9985688698875677,case_level_macro
world_pairwise,all,__all__,overall,10,,,0.9978626212473536,case_level_macro
world_pairwise,blur,__all__,background,1,,,0.9689948065906939,case_level_macro
world_pairwise,blur,__all__,background,2,,,0.9984730923576115,case_level_macro
world_pairwise,blur,__all__,background,3,,,0.9994915851764296,case_level_macro
world_pairwise,blur,__all__,background,4,,,0.9999536164621807,case_level_macro
world_pairwise,blur,__all__,background,5,,,0.9999798386704247,case_level_macro
world_pairwise,blur,__all__,background,6,,,0.9999903697337962,case_level_macro
world_pairwise,blur,__all__,background,7,,,0.9999943475843883,case_level_macro
world_pairwise,blur,__all__,background,8,,,0.9999992052046257,case_level_macro
world_pairwise,blur,__all__,background,9,,,1.0,case_level_macro
world_pairwise,blur,__all__,background,10,,,0.9988129859885697,case_level_macro
world_pairwise,blur,__all__,foreground,1,,,0.7621793575331712,case_level_macro
world_pairwise,blur,__all__,foreground,2,,,0.43189710305330387,case_level_macro
world_pairwise,blur,__all__,foreground,3,,,0.3002707434320597,case_level_macro
world_pairwise,blur,__all__,foreground,4,,,0.2743256347404557,case_level_macro
world_pairwise,blur,__all__,foreground,5,,,0.10602558506014619,case_level_macro
world_pairwise,blur,__all__,foreground,6,,,0.07415216218179319,case_level_macro
world_pairwise,blur,__all__,foreground,7,,,0.024904377150099584,case_level_macro
world_pairwise,blur,__all__,foreground,8,,,0.046875,case_level_macro
world_pairwise,blur,__all__,foreground,9,,,0.0,case_level_macro
world_pairwise,blur,__all__,foreground,10,,,0.6130166003158803,case_level_macro
world_pairwise,blur,__all__,overall,1,,,0.9181452735207809,case_level_macro
world_pairwise,blur,__all__,overall,2,,,0.9887328709544795,case_level_macro
world_pairwise,blur,__all__,overall,3,,,0.994085630407951,case_level_macro
world_pairwise,blur,__all__,overall,4,,,0.9953602856968224,case_level_macro
world_pairwise,blur,__all__,overall,5,,,0.9964786430025541,case_level_macro
world_pairwise,blur,__all__,overall,6,,,0.9972179211394184,case_level_macro
world_pairwise,blur,__all__,overall,7,,,0.9977396160701554,case_level_macro
world_pairwise,blur,__all__,overall,8,,,0.9981296509256695,case_level_macro
world_pairwise,blur,__all__,overall,9,,,0.9985688698875677,case_level_macro
world_pairwise,blur,__all__,overall,10,,,0.9978626212473536,case_level_macro
world_pairwise,gamma,__all__,background,1,,,0.9689948065906939,case_level_macro
world_pairwise,gamma,__all__,background,2,,,0.9984730923576115,case_level_macro
world_pairwise,gamma,__all__,background,3,,,0.9994915851764296,case_level_macro
world_pairwise,gamma,__all__,background,4,,,0.9999536164621807,case_level_macro
world_pairwise,gamma,__all__,background,5,,,0.9999798386704247,case_level_macro
world_pairwise,gamma,__all__,background,6,,,0.9999903697337962,case_level_macro
world_pairwise,gamma,__all__,background,7,,,0.9999943475843883,case_level_macro
world_pairwise,gamma,__all__,background,8,,,0.9999992052046257,case_level_macro
world_pairwise,gamma,__all__,background,9,,,1.0,case_level_macro
world_pairwise,gamma,__all__,background,10,,,0.9988129859885697,case_level_macro
world_pairwise,gamma,__all__,foreground,1,,,0.7621793575331712,case_level_macro
world_pairwise,gamma,__all__,foreground,2,,,0.43189710305330387,case_level_macro
world_pairwise,gamma,__all__,foreground,3,,,0.3002707434320597,case_level_macro
world_pairwise,gamma,__all__,foreground,4,,,0.2743256347404557,case_level_macro
world_pairwise,gamma,__all__,foreground,5,,,0.10602558506014619,case_level_macro
world_pairwise,gamma,__all__,foreground,6,,,0.07415216218179319,case_level_macro
world_pairwise,gamma,__all__,foreground,7,,,0.024904377150099584,case_level_macro
world_pairwise,gamma,__all__,foreground,8,,,0.046875,case_level_macro
world_pairwise,gamma,__all__,foreground,9,,,0.0,case_level_macro
world_pairwise,gamma,__all__,foreground,10,,,0.6130166003158803,case_level_macro
world_pairwise,gamma,__all__,overall,1,,,0.9181452735207809,case_level_macro
world_pairwise,gamma,__all__,overall,2,,,0.9887328709544795,case_level_macro
world_pairwise,gamma,__all__,overall,3,,,0.994085630407951,case_level_macro
world_pairwise,gamma,__all__,overall,4,,,0.9953602856968224,case_level_macro
world_pairwise,gamma,__all__,overall,5,,,0.9964786430025541,case_level_macro
world_pairwise,gamma,__all__,overall,6,,,0.9972179211394184,case_level_macro
world_pairwise,gamma,__all__,overall,7,,,0.9977396160701554,case_level_macro
world_pairwise,gamma,__all__,overall,8,,,0.9981296509256695,case_level_macro
world_pairwise,gamma,__all__,overall,9,,,0.9985688698875677,case_level_macro
world_pairwise,gamma,__all__,overall,10,,,0.9978626212473536,case_level_macro
