case,patch_index,patch_kind,action,comparison_group,context_mode,probability_mse,mean_absolute_probability_error,logits_mse,imagined_vs_real_mask_dice,imagined_vs_real_mask_iou
HEM_PA99.nii.gz,0,context,gamma,identity_source,source-side native skip and mask context,4.239792208613632e-30,7.111552967526647e-17,0.7679390907287598,1.0,0.0
HEM_PA99.nii.gz,0,context,gamma,existing_WP_predicted,source-side native skip and mask context,4.150489996821211e-30,7.128243487054497e-17,0.7737875580787659,1.0,0.0
HEM_PA99.nii.gz,0,context,gamma,real_A_state_oracle,source-side native skip and mask context,2.923314331568411e-30,5.088495505837536e-17,0.25756514072418213,1.0,0.0
HEM_PA99.nii.gz,0,context,blur,identity_source,source-side native skip and mask context,9.504000246805033e-29,1.9623467722413532e-16,26.421119689941406,1.0,0.0
HEM_PA99.nii.gz,0,context,blur,existing_WP_predicted,source-side native skip and mask context,8.947302372289504e-29,1.875113760679389e-16,25.933292388916016,1.0,0.0
HEM_PA99.nii.gz,0,context,blur,real_A_state_oracle,source-side native skip and mask context,1.0678668855163665e-28,1.9219225218803358e-16,22.530832290649414,1.0,0.0
HEM_PA99.nii.gz,1,context,gamma,identity_source,source-side native skip and mask context,0.0002642658946570009,0.0012296253116801381,0.3526822626590729,0.9857548297918566,0.9719098091337818
HEM_PA99.nii.gz,1,context,gamma,existing_WP_predicted,source-side native skip and mask context,0.00026194495148956776,0.001225649961270392,0.35364875197410583,0.9858371486029694,0.9720698675217281
HEM_PA99.nii.gz,1,context,gamma,real_A_state_oracle,source-side native skip and mask context,0.00016519009659532458,0.0010020163608714938,0.2809983491897583,0.9888836078522556,0.9780116468606909
HEM_PA99.nii.gz,1,context,blur,identity_source,source-side native skip and mask context,0.002712758956477046,0.004988506902009249,2.8553249835968018,0.940092438451195,0.8869570069652787
HEM_PA99.nii.gz,1,context,blur,existing_WP_predicted,source-side native skip and mask context,0.0026531170587986708,0.004938754718750715,2.788811206817627,0.9404023253539038,0.8875088610099079
HEM_PA99.nii.gz,1,context,blur,real_A_state_oracle,source-side native skip and mask context,0.0016532372683286667,0.003681662492454052,2.1629014015197754,0.9558014532084391,0.9153445541034954
HEM_PA99.nii.gz,2,foreground,gamma,identity_source,source-side native skip and mask context,0.0005243031191639602,0.00227771932259202,0.46382296085357666,0.980224354389292,0.9612156934795887
HEM_PA99.nii.gz,2,foreground,gamma,existing_WP_predicted,source-side native skip and mask context,0.0005226294742897153,0.0022724790032953024,0.46230337023735046,0.9802102479070846,0.9611885645010633
HEM_PA99.nii.gz,2,foreground,gamma,real_A_state_oracle,source-side native skip and mask context,0.00023586909810546786,0.0015062631573528051,0.3405769467353821,0.986599733009832,0.9735538514708165
HEM_PA99.nii.gz,2,foreground,blur,identity_source,source-side native skip and mask context,0.004317841958254576,0.007775684352964163,1.5635740756988525,0.9308503014854171,0.8706454323269125
HEM_PA99.nii.gz,2,foreground,blur,existing_WP_predicted,source-side native skip and mask context,0.004501006565988064,0.008110006339848042,1.5205345153808594,0.9281774882526101,0.8659805873450115
HEM_PA99.nii.gz,2,foreground,blur,real_A_state_oracle,source-side native skip and mask context,0.003266524523496628,0.0064199576154351234,0.8790813088417053,0.9438102127169258,0.8935990710010255
HEM_PA99.nii.gz,3,foreground,gamma,identity_source,source-side native skip and mask context,0.0005461850669234991,0.002099919132888317,0.5134210586547852,0.9817476431810793,0.9641496399263105
HEM_PA99.nii.gz,3,foreground,gamma,existing_WP_predicted,source-side native skip and mask context,0.0005292404093779624,0.002067323075607419,0.5145306587219238,0.982032575704054,0.9646994120497073
HEM_PA99.nii.gz,3,foreground,gamma,real_A_state_oracle,source-side native skip and mask context,0.0003092469123657793,0.0016123001696541905,0.32458996772766113,0.9859679665738161,0.9723242797788689
HEM_PA99.nii.gz,3,foreground,blur,identity_source,source-side native skip and mask context,0.003758228151127696,0.006661348044872284,1.5835661888122559,0.9391090718210257,0.885207938796321
HEM_PA99.nii.gz,3,foreground,blur,existing_WP_predicted,source-side native skip and mask context,0.0033952395897358656,0.006248392164707184,1.455055832862854,0.9435776220548266,0.8931821606147355
HEM_PA99.nii.gz,3,foreground,blur,real_A_state_oracle,source-side native skip and mask context,0.0027187371160835028,0.005290704779326916,0.6540531516075134,0.9517739321294395,0.9079853681400419
HCC_10140276_20170721.nii.gz,0,context,gamma,identity_source,source-side native skip and mask context,0.00014317620662041008,0.00033112798701040447,0.20838326215744019,0.9628227574567422,0.9283107244966239
HCC_10140276_20170721.nii.gz,0,context,gamma,existing_WP_predicted,source-side native skip and mask context,0.00014469485904555768,0.000333234085701406,0.21072062849998474,0.9624150276800782,0.9275529747970693
HCC_10140276_20170721.nii.gz,0,context,gamma,real_A_state_oracle,source-side native skip and mask context,7.487595576094463e-05,0.00022644722776021808,0.10636566579341888,0.9739736299443854,0.9492676390876702
HCC_10140276_20170721.nii.gz,0,context,blur,identity_source,source-side native skip and mask context,0.0015873699449002743,0.0019740285351872444,8.474790573120117,0.7956399228829898,0.660632926979436
HCC_10140276_20170721.nii.gz,0,context,blur,existing_WP_predicted,source-side native skip and mask context,0.001416365965269506,0.0018183888169005513,7.763823509216309,0.8162468495505601,0.6895414379599774
HCC_10140276_20170721.nii.gz,0,context,blur,real_A_state_oracle,source-side native skip and mask context,0.0009998013265430927,0.0013833625707775354,6.804954528808594,0.867113980672659,0.7654026670639946
HCC_10140276_20170721.nii.gz,1,context,gamma,identity_source,source-side native skip and mask context,0.00031635313644073904,0.0008480517426505685,0.18584153056144714,0.9725066722189624,0.9464846592426797
HCC_10140276_20170721.nii.gz,1,context,gamma,existing_WP_predicted,source-side native skip and mask context,0.00032219456625171006,0.0008551830542273819,0.1859726756811142,0.9721497407240783,0.945808722574938
HCC_10140276_20170721.nii.gz,1,context,gamma,real_A_state_oracle,source-side native skip and mask context,0.00011528190952958539,0.0004826156364288181,0.12154889851808548,0.9843700700262304,0.9692212103789157
HCC_10140276_20170721.nii.gz,1,context,blur,identity_source,source-side native skip and mask context,0.005043952725827694,0.006476952228695154,2.181018590927124,0.7576055160885917,0.609794655320294
HCC_10140276_20170721.nii.gz,1,context,blur,existing_WP_predicted,source-side native skip and mask context,0.004457066301256418,0.0058525195345282555,1.5629812479019165,0.7810445960562443,0.6407491147988567
HCC_10140276_20170721.nii.gz,1,context,blur,real_A_state_oracle,source-side native skip and mask context,0.002526527037844062,0.003875420894473791,0.5955206751823425,0.849211438054647,0.7379387197063341
HCC_10140276_20170721.nii.gz,2,foreground,gamma,identity_source,source-side native skip and mask context,0.0006308889715000987,0.002047689398750663,0.1813409924507141,0.9577010585178523,0.9188352980153683
HCC_10140276_20170721.nii.gz,2,foreground,gamma,existing_WP_predicted,source-side native skip and mask context,0.0006265082629397511,0.002039192710071802,0.1811499446630478,0.9577499351650711,0.9189252824050044
HCC_10140276_20170721.nii.gz,2,foreground,gamma,real_A_state_oracle,source-side native skip and mask context,0.00025369119248352945,0.001243773614987731,0.0780494213104248,0.9740094024725855,0.9493356028991874
HCC_10140276_20170721.nii.gz,2,foreground,blur,identity_source,source-side native skip and mask context,0.008212961256504059,0.011710218153893948,2.6356139183044434,0.7292252340546257,0.5738430236393065
HCC_10140276_20170721.nii.gz,2,foreground,blur,existing_WP_predicted,source-side native skip and mask context,0.007630278822034597,0.011234804056584835,2.2026262283325195,0.7317291786121491,0.5769502587873371
HCC_10140276_20170721.nii.gz,2,foreground,blur,real_A_state_oracle,source-side native skip and mask context,0.00565838860347867,0.008985749445855618,1.4529331922531128,0.7803864576083842,0.639863719517312
HCC_10140276_20170721.nii.gz,3,foreground,gamma,identity_source,source-side native skip and mask context,0.00040722463745623827,0.0014654797269031405,0.1657445728778839,0.9674534638265209,0.9369587034903171
HCC_10140276_20170721.nii.gz,3,foreground,gamma,existing_WP_predicted,source-side native skip and mask context,0.0004046593967359513,0.0014648891519755125,0.16563895344734192,0.9675128398888277,0.937070093718794
HCC_10140276_20170721.nii.gz,3,foreground,gamma,real_A_state_oracle,source-side native skip and mask context,0.00020918120571877807,0.0010480283526703715,0.08111745119094849,0.9769205153820538,0.9548823234852278
HCC_10140276_20170721.nii.gz,3,foreground,blur,identity_source,source-side native skip and mask context,0.008304828777909279,0.01158057153224945,3.7159621715545654,0.6981008126720747,0.5362172581925388
HCC_10140276_20170721.nii.gz,3,foreground,blur,existing_WP_predicted,source-side native skip and mask context,0.00739371357485652,0.010752541013062,3.2248332500457764,0.7118391209357097,0.5526011016984027
HCC_10140276_20170721.nii.gz,3,foreground,blur,real_A_state_oracle,source-side native skip and mask context,0.004428688436746597,0.007582578342407942,2.3986144065856934,0.7875031073831423,0.6494887633761458
HEM_PA97.nii.gz,0,context,gamma,identity_source,source-side native skip and mask context,0.003595697460696101,0.0038212516810745,923.6390380859375,0.1437883797827114,0.07746335504885994
HEM_PA97.nii.gz,0,context,gamma,existing_WP_predicted,source-side native skip and mask context,0.003579431213438511,0.00380159099586308,923.6129150390625,0.14442054655870445,0.07783042989124876
HEM_PA97.nii.gz,0,context,gamma,real_A_state_oracle,source-side native skip and mask context,0.0006191986030898988,0.0007310670334845781,916.6724853515625,0.4660610390936001,0.3038328453553367
HEM_PA97.nii.gz,0,context,blur,identity_source,source-side native skip and mask context,0.003932766150683165,0.004143460653722286,406.8731689453125,0.0,0.0
HEM_PA97.nii.gz,0,context,blur,existing_WP_predicted,source-side native skip and mask context,0.002630030969157815,0.0027610685210675,404.2968444824219,0.0,0.0
HEM_PA97.nii.gz,0,context,blur,real_A_state_oracle,source-side native skip and mask context,2.1027796203495347e-14,6.536683638813656e-09,397.4290771484375,1.0,0.0
HEM_PA97.nii.gz,1,context,gamma,identity_source,source-side native skip and mask context,0.0009174863225780427,0.0030272509902715683,0.31337398290634155,0.9650285167255302,0.9324203925622645
HEM_PA97.nii.gz,1,context,gamma,existing_WP_predicted,source-side native skip and mask context,0.0009456108673475683,0.0030877762474119663,0.31365087628364563,0.9641406043520395,0.9307639708658926
HEM_PA97.nii.gz,1,context,gamma,real_A_state_oracle,source-side native skip and mask context,0.0004044944071210921,0.0020968897733837366,0.18900609016418457,0.9754136785027112,0.9520073204542506
HEM_PA97.nii.gz,1,context,blur,identity_source,source-side native skip and mask context,0.004852132871747017,0.008561343885958195,1.4841901063919067,0.8977181093363666,0.8144179061092002
HEM_PA97.nii.gz,1,context,blur,existing_WP_predicted,source-side native skip and mask context,0.0036977154668420553,0.007234338670969009,1.2244004011154175,0.9173796172174926,0.8473696152474798
HEM_PA97.nii.gz,1,context,blur,real_A_state_oracle,source-side native skip and mask context,0.002396885072812438,0.005322104785591364,0.7918294072151184,0.9396573524377384,0.886182739700247
HEM_PA97.nii.gz,2,foreground,gamma,identity_source,source-side native skip and mask context,0.004568454343825579,0.009339445270597935,2.9246301651000977,0.8974894790306196,0.8140416458262038
HEM_PA97.nii.gz,2,foreground,gamma,existing_WP_predicted,source-side native skip and mask context,0.00461061904206872,0.009411191567778587,2.92319917678833,0.8965830023290008,0.8125513783288038
HEM_PA97.nii.gz,2,foreground,gamma,real_A_state_oracle,source-side native skip and mask context,0.001309167710132897,0.004821162670850754,2.644073963165283,0.9526820070212015,0.9096396828928417
HEM_PA97.nii.gz,2,foreground,blur,identity_source,source-side native skip and mask context,0.007470335811376572,0.012862949632108212,2.3066108226776123,0.8133617208130314,0.685433577425389
HEM_PA97.nii.gz,2,foreground,blur,existing_WP_predicted,source-side native skip and mask context,0.006984933745115995,0.012517139315605164,2.035315752029419,0.8101737468380514,0.6809176925496683
HEM_PA97.nii.gz,2,foreground,blur,real_A_state_oracle,source-side native skip and mask context,0.0033022300340235233,0.007440137676894665,1.4902007579803467,0.8859008802393902,0.7951724083847644
HEM_PA97.nii.gz,3,context_fill,gamma,identity_source,source-side native skip and mask context,4.977106125494589e-28,3.4315951671231876e-16,2.1739702224731445,1.0,0.0
HEM_PA97.nii.gz,3,context_fill,gamma,existing_WP_predicted,source-side native skip and mask context,5.016694096983954e-28,3.434547871037757e-16,2.1667513847351074,1.0,0.0
HEM_PA97.nii.gz,3,context_fill,gamma,real_A_state_oracle,source-side native skip and mask context,3.7955789194921296e-28,3.432696309954618e-16,1.7224137783050537,1.0,0.0
HEM_PA97.nii.gz,3,context_fill,blur,identity_source,source-side native skip and mask context,0.014313025400042534,0.01630232110619545,911.29833984375,0.0,0.0
HEM_PA97.nii.gz,3,context_fill,blur,existing_WP_predicted,source-side native skip and mask context,0.014313025400042534,0.01630232110619545,910.371826171875,0.0,0.0
HEM_PA97.nii.gz,3,context_fill,blur,real_A_state_oracle,source-side native skip and mask context,0.004776290152221918,0.006981562823057175,907.3394165039062,0.7837169168026864,0.6443540386523213
CYST_PA69.nii.gz,0,context,gamma,identity_source,source-side native skip and mask context,5.418948459437601e-30,4.645659732695842e-17,0.996756374835968,1.0,0.0
CYST_PA69.nii.gz,0,context,gamma,existing_WP_predicted,source-side native skip and mask context,5.454730883634824e-30,4.6540734830144865e-17,1.0161352157592773,1.0,0.0
CYST_PA69.nii.gz,0,context,gamma,real_A_state_oracle,source-side native skip and mask context,5.498479586027795e-30,3.969160987503434e-17,0.3530218005180359,1.0,0.0
CYST_PA69.nii.gz,0,context,blur,identity_source,source-side native skip and mask context,3.261552956864977e-30,4.7656694120707505e-17,2.216583490371704,1.0,0.0
CYST_PA69.nii.gz,0,context,blur,existing_WP_predicted,source-side native skip and mask context,3.0527202728707737e-30,4.70654188014097e-17,2.1889755725860596,1.0,0.0
CYST_PA69.nii.gz,0,context,blur,real_A_state_oracle,source-side native skip and mask context,3.3830686039264286e-30,3.8451097036555916e-17,0.9125128388404846,1.0,0.0
CYST_PA69.nii.gz,1,context,gamma,identity_source,source-side native skip and mask context,2.7632950943310864e-29,2.1724220604678524e-16,0.46244826912879944,1.0,0.0
CYST_PA69.nii.gz,1,context,gamma,existing_WP_predicted,source-side native skip and mask context,2.766475286151756e-29,2.1666955883488213e-16,0.46081236004829407,1.0,0.0
CYST_PA69.nii.gz,1,context,gamma,real_A_state_oracle,source-side native skip and mask context,1.906870008785263e-29,1.9043974102016443e-16,0.3104766011238098,1.0,0.0
CYST_PA69.nii.gz,1,context,blur,identity_source,source-side native skip and mask context,5.003380366686279e-25,1.227433156877249e-14,5.664474010467529,1.0,0.0
CYST_PA69.nii.gz,1,context,blur,existing_WP_predicted,source-side native skip and mask context,5.002533820327364e-25,1.2263752127261284e-14,5.180793285369873,1.0,0.0
CYST_PA69.nii.gz,1,context,blur,real_A_state_oracle,source-side native skip and mask context,4.899440053814358e-25,1.178692594103279e-14,3.1681625843048096,1.0,0.0
CYST_PA69.nii.gz,2,foreground,gamma,identity_source,source-side native skip and mask context,0.0012787975138053298,0.004546462092548609,0.4526312053203583,0.9635076153256146,0.9295848474837572
CYST_PA69.nii.gz,2,foreground,gamma,existing_WP_predicted,source-side native skip and mask context,0.001302693854086101,0.004592623561620712,0.44978609681129456,0.9628980152678737,0.9284506533044397
CYST_PA69.nii.gz,2,foreground,gamma,real_A_state_oracle,source-side native skip and mask context,0.0005696212174370885,0.0030814255587756634,0.27948591113090515,0.9758956280004312,0.9529259464980022
CYST_PA69.nii.gz,2,foreground,blur,identity_source,source-side native skip and mask context,0.00940665788948536,0.015685154125094414,2.7912731170654297,0.8699053669263516,0.7697632936813176
CYST_PA69.nii.gz,2,foreground,blur,existing_WP_predicted,source-side native skip and mask context,0.008372403681278229,0.014682769775390625,2.6564743518829346,0.8779686375182466,0.7824813698400737
CYST_PA69.nii.gz,2,foreground,blur,real_A_state_oracle,source-side native skip and mask context,0.003598615527153015,0.008507270365953445,1.8186156749725342,0.9309632613646893,0.8708430942729991
CYST_PA69.nii.gz,3,foreground,gamma,identity_source,source-side native skip and mask context,0.0007105617551133037,0.002808133140206337,0.18979814648628235,0.9605577467918449,0.9241088129977019
CYST_PA69.nii.gz,3,foreground,gamma,existing_WP_predicted,source-side native skip and mask context,0.0007122427341528237,0.0028065566439181566,0.1896386295557022,0.960558719408958,0.924110613408359
CYST_PA69.nii.gz,3,foreground,gamma,real_A_state_oracle,source-side native skip and mask context,0.000356312986696139,0.0019732611253857613,0.10273469239473343,0.9725244219024325,0.9465182848463606
CYST_PA69.nii.gz,3,foreground,blur,identity_source,source-side native skip and mask context,0.006983912084251642,0.011102166958153248,2.276385545730591,0.8282443243523899,0.7068404630467293
CYST_PA69.nii.gz,3,foreground,blur,existing_WP_predicted,source-side native skip and mask context,0.0064680567011237144,0.010682493448257446,2.072479486465454,0.8317528530865957,0.7119665177733568
CYST_PA69.nii.gz,3,foreground,blur,real_A_state_oracle,source-side native skip and mask context,0.0038399966433644295,0.007679970934987068,1.546276569366455,0.8787395784994833,0.7837069441223279
HCC_10076307_20130925.nii.gz,0,context,gamma,identity_source,source-side native skip and mask context,0.0006628951523452997,0.0009115432621911168,35.71340560913086,0.8096753285015615,0.6802138507994654
HCC_10076307_20130925.nii.gz,0,context,gamma,existing_WP_predicted,source-side native skip and mask context,0.0006672579329460859,0.0009154830477200449,35.71870040893555,0.8089874388158282,0.6792434145375322
HCC_10076307_20130925.nii.gz,0,context,gamma,real_A_state_oracle,source-side native skip and mask context,0.000201309536350891,0.0004266772884875536,35.47555160522461,0.9227976452892819,0.856661370311522
HCC_10076307_20130925.nii.gz,0,context,blur,identity_source,source-side native skip and mask context,0.00285123148933053,0.0032527176663279533,139.6537628173828,0.5257020857283626,0.3565779213545728
HCC_10076307_20130925.nii.gz,0,context,blur,existing_WP_predicted,source-side native skip and mask context,0.0022776667028665543,0.002690195571631193,138.4706573486328,0.6378462237021341,0.4682630073057585
HCC_10076307_20130925.nii.gz,0,context,blur,real_A_state_oracle,source-side native skip and mask context,0.0011639305157586932,0.001573468092828989,137.40274047851562,0.8281961689648718,0.7067703202790128
HCC_10076307_20130925.nii.gz,1,context,gamma,identity_source,source-side native skip and mask context,0.00014501489931717515,0.0006187016260810196,0.09896045923233032,0.984929925570262,0.9703073220078836
HCC_10076307_20130925.nii.gz,1,context,gamma,existing_WP_predicted,source-side native skip and mask context,0.00014712652773596346,0.0006239538197405636,0.09927476942539215,0.9847718972607835,0.9700006280398875
HCC_10076307_20130925.nii.gz,1,context,gamma,real_A_state_oracle,source-side native skip and mask context,5.549513298319653e-05,0.00035927302087657154,0.03972456604242325,0.9914278647397619,0.9830014434058774
HCC_10076307_20130925.nii.gz,1,context,blur,identity_source,source-side native skip and mask context,0.007234962657094002,0.009406059049069881,4.2856035232543945,0.7815825617983565,0.641473551914978
HCC_10076307_20130925.nii.gz,1,context,blur,existing_WP_predicted,source-side native skip and mask context,0.00624442333355546,0.00840703397989273,3.2551674842834473,0.8070368627765042,0.6764977371009158
HCC_10076307_20130925.nii.gz,1,context,blur,real_A_state_oracle,source-side native skip and mask context,0.0035532277543097734,0.005762828979641199,1.8332520723342896,0.8707907753581293,0.7711509579939017
HCC_10076307_20130925.nii.gz,2,foreground,gamma,identity_source,source-side native skip and mask context,0.0007457826868630946,0.002162548014894128,0.30386897921562195,0.9675713645452665,0.9371798992373932
HCC_10076307_20130925.nii.gz,2,foreground,gamma,existing_WP_predicted,source-side native skip and mask context,0.0007475627935491502,0.0021682290825992823,0.3018169403076172,0.9674609352258933,0.9369727192235086
HCC_10076307_20130925.nii.gz,2,foreground,gamma,real_A_state_oracle,source-side native skip and mask context,0.0003003173624165356,0.0013938284246250987,0.16229037940502167,0.9794700952356499,0.9597661868241075
HCC_10076307_20130925.nii.gz,2,foreground,blur,identity_source,source-side native skip and mask context,0.006427806802093983,0.010303271934390068,3.698974132537842,0.8486431958476388,0.7370809750609127
HCC_10076307_20130925.nii.gz,2,foreground,blur,existing_WP_predicted,source-side native skip and mask context,0.005587244406342506,0.009422595612704754,3.0506691932678223,0.8597647495657017,0.7540240044659472
HCC_10076307_20130925.nii.gz,2,foreground,blur,real_A_state_oracle,source-side native skip and mask context,0.0037770767230540514,0.00728237209841609,2.546962022781372,0.8928146291368059,0.8063822487473271
HCC_10076307_20130925.nii.gz,3,foreground,gamma,identity_source,source-side native skip and mask context,0.0003102039045188576,0.0011554696829989552,0.20694366097450256,0.9769585773444817,0.9549550543208515
HCC_10076307_20130925.nii.gz,3,foreground,gamma,existing_WP_predicted,source-side native skip and mask context,0.0002978624834213406,0.0011318414472043514,0.2051217257976532,0.9775114135924741,0.9560120539114502
HCC_10076307_20130925.nii.gz,3,foreground,gamma,real_A_state_oracle,source-side native skip and mask context,0.00011765077942982316,0.0007192132179625332,0.13378764688968658,0.9859462317507727,0.9722820057688041
HCC_10076307_20130925.nii.gz,3,foreground,blur,identity_source,source-side native skip and mask context,0.004677680786699057,0.007096125744283199,3.303549289703369,0.85332192979046,0.744168700840792
HCC_10076307_20130925.nii.gz,3,foreground,blur,existing_WP_predicted,source-side native skip and mask context,0.003771631745621562,0.006135788280516863,2.7363662719726562,0.871567166448709,0.7723695558430358
HCC_10076307_20130925.nii.gz,3,foreground,blur,real_A_state_oracle,source-side native skip and mask context,0.0025816205888986588,0.004721574019640684,2.285377264022827,0.9029221165007724,0.8230246275868964
CYST_PA20.nii.gz,0,context,gamma,identity_source,source-side native skip and mask context,0.00029842392541468143,0.0004830146790482104,3.8611676692962646,0.7943304826266372,0.6588293650793651
CYST_PA20.nii.gz,0,context,gamma,existing_WP_predicted,source-side native skip and mask context,0.0003006711194757372,0.0004854075377807021,3.861917018890381,0.7933577123673641,0.6574920508744038
CYST_PA20.nii.gz,0,context,gamma,real_A_state_oracle,source-side native skip and mask context,4.836262814933434e-05,0.00016408634837716818,3.5641677379608154,0.9370296171963831,0.881519967400163
CYST_PA20.nii.gz,0,context,blur,identity_source,source-side native skip and mask context,0.0018606005469337106,0.0022393688559532166,88.48176574707031,0.4377047447955194,0.2801677489177489
CYST_PA20.nii.gz,0,context,blur,existing_WP_predicted,source-side native skip and mask context,0.001826424733735621,0.0022299548145383596,87.45478057861328,0.46251433969903505,0.3008251404494382
CYST_PA20.nii.gz,0,context,blur,real_A_state_oracle,source-side native skip and mask context,0.0012631840072572231,0.0017086853040382266,86.40052032470703,0.7456611789697292,0.5944655195772931
CYST_PA20.nii.gz,1,context,gamma,identity_source,source-side native skip and mask context,9.934893751051277e-05,0.0005373941967263818,0.09184189140796661,0.9904407774189562,0.9810625818332783
CYST_PA20.nii.gz,1,context,gamma,existing_WP_predicted,source-side native skip and mask context,9.868988854577765e-05,0.000537044950760901,0.09085164219141006,0.9904914966352045,0.981162113378733
CYST_PA20.nii.gz,1,context,gamma,real_A_state_oracle,source-side native skip and mask context,4.991653986508027e-05,0.00039108461351133883,0.05713198706507683,0.9929376287341312,0.9859743120835873
CYST_PA20.nii.gz,1,context,blur,identity_source,source-side native skip and mask context,0.003807851579040289,0.00570028368383646,1.6079292297363281,0.8920769955730062,0.8051795946184719
CYST_PA20.nii.gz,1,context,blur,existing_WP_predicted,source-side native skip and mask context,0.003116576699540019,0.004956161603331566,1.1198903322219849,0.906992155764501,0.8298130343235496
CYST_PA20.nii.gz,1,context,blur,real_A_state_oracle,source-side native skip and mask context,0.0021599058527499437,0.003912197891622782,0.5782238841056824,0.9263899174223477,0.8628737122123138
CYST_PA20.nii.gz,2,foreground,gamma,identity_source,source-side native skip and mask context,0.00011930309847230092,0.0006702872342430055,0.05848279595375061,0.9901809009321108,0.9805527562769356
CYST_PA20.nii.gz,2,foreground,gamma,existing_WP_predicted,source-side native skip and mask context,0.0001194790456793271,0.0006703480030409992,0.05777177959680557,0.9901948255883213,0.980580067006705
CYST_PA20.nii.gz,2,foreground,gamma,real_A_state_oracle,source-side native skip and mask context,5.657529254676774e-05,0.0004780863528139889,0.025764837861061096,0.9931514563443246,0.986396079730503
CYST_PA20.nii.gz,2,foreground,blur,identity_source,source-side native skip and mask context,0.004399543162435293,0.006732393056154251,1.7202057838439941,0.8956653305840427,0.8110451979722124
CYST_PA20.nii.gz,2,foreground,blur,existing_WP_predicted,source-side native skip and mask context,0.003909303806722164,0.0062148855067789555,1.255637526512146,0.9043682528560617,0.8254308577800371
CYST_PA20.nii.gz,2,foreground,blur,real_A_state_oracle,source-side native skip and mask context,0.0027501347940415144,0.004958424251526594,0.7024088501930237,0.9228209685899026,0.8567015711231122
CYST_PA20.nii.gz,3,foreground,gamma,identity_source,source-side native skip and mask context,0.00030066518229432404,0.0013126120902597904,0.16151078045368195,0.9800079344206758,0.9607995664790406
CYST_PA20.nii.gz,3,foreground,gamma,existing_WP_predicted,source-side native skip and mask context,0.0003038430877495557,0.001321078510954976,0.16036652028560638,0.9799106495638423,0.9606125670705843
CYST_PA20.nii.gz,3,foreground,gamma,real_A_state_oracle,source-side native skip and mask context,0.00012253382010385394,0.0008857198990881443,0.12262599915266037,0.9867983347166193,0.9739406956468268
CYST_PA20.nii.gz,3,foreground,blur,identity_source,source-side native skip and mask context,0.0060774581506848335,0.009400878101587296,1.496764063835144,0.8387833180818131,0.7223314400687444
CYST_PA20.nii.gz,3,foreground,blur,existing_WP_predicted,source-side native skip and mask context,0.005280808545649052,0.008629239164292812,1.188169002532959,0.8478922186343231,0.7359486953809607
CYST_PA20.nii.gz,3,foreground,blur,real_A_state_oracle,source-side native skip and mask context,0.003983166068792343,0.007135618478059769,0.7777288556098938,0.8752862804330552,0.778230286699154
CYST_PA56.nii.gz,0,context,gamma,identity_source,source-side native skip and mask context,1.483468727949942e-32,1.4630687808155376e-18,0.35461390018463135,1.0,0.0
CYST_PA56.nii.gz,0,context,gamma,existing_WP_predicted,source-side native skip and mask context,1.5115551083477266e-32,1.4646213988252996e-18,0.35396474599838257,1.0,0.0
CYST_PA56.nii.gz,0,context,gamma,real_A_state_oracle,source-side native skip and mask context,1.43565681766139e-32,1.294149917733354e-18,0.15165796875953674,1.0,0.0
CYST_PA56.nii.gz,0,context,blur,identity_source,source-side native skip and mask context,8.460330948235372e-31,2.696739656895776e-17,13.500639915466309,1.0,0.0
CYST_PA56.nii.gz,0,context,blur,existing_WP_predicted,source-side native skip and mask context,2.710345412092082e-30,2.976182939948238e-17,13.051383018493652,1.0,0.0
CYST_PA56.nii.gz,0,context,blur,real_A_state_oracle,source-side native skip and mask context,9.163801310705307e-31,2.728167887961361e-17,11.250632286071777,1.0,0.0
CYST_PA56.nii.gz,1,context,gamma,identity_source,source-side native skip and mask context,0.00014330034900922328,0.00042799190850928426,0.24691720306873322,0.942089836013626,0.8905196944735659
CYST_PA56.nii.gz,1,context,gamma,existing_WP_predicted,source-side native skip and mask context,0.00014523968275170773,0.00043036587885580957,0.2458728551864624,0.9419342053111376,0.8902416182805769
CYST_PA56.nii.gz,1,context,gamma,real_A_state_oracle,source-side native skip and mask context,4.4642856664722785e-05,0.0002308189868927002,0.1493544727563858,0.9697680680026155,0.9413104349449318
CYST_PA56.nii.gz,1,context,blur,identity_source,source-side native skip and mask context,0.0010826413054019213,0.0017018296057358384,9.302264213562012,0.7628451739762332,0.6166125354156589
CYST_PA56.nii.gz,1,context,blur,existing_WP_predicted,source-side native skip and mask context,0.0008716601296328008,0.0014430445153266191,8.764668464660645,0.78804741223308,0.6502295718391877
CYST_PA56.nii.gz,1,context,blur,real_A_state_oracle,source-side native skip and mask context,0.0009173756698146462,0.001578719005919993,8.018641471862793,0.7780466795192584,0.6367237327962404
CYST_PA56.nii.gz,2,foreground,gamma,identity_source,source-side native skip and mask context,0.0002675376017577946,0.0012000295100733638,0.1615448296070099,0.9839552195201757,0.9684171784785959
CYST_PA56.nii.gz,2,foreground,gamma,existing_WP_predicted,source-side native skip and mask context,0.0002617837453726679,0.001181931234896183,0.15973684191703796,0.9842279283544634,0.9689456481708815
CYST_PA56.nii.gz,2,foreground,gamma,real_A_state_oracle,source-side native skip and mask context,0.00013867738016415387,0.0008215370471589267,0.0891752764582634,0.9886691368404588,0.9775921736944879
CYST_PA56.nii.gz,2,foreground,blur,identity_source,source-side native skip and mask context,0.003943424206227064,0.006685762666165829,2.6597986221313477,0.9128229022066228,0.8396266846122514
CYST_PA56.nii.gz,2,foreground,blur,existing_WP_predicted,source-side native skip and mask context,0.003465399146080017,0.006145294290035963,1.941076397895813,0.9195767748323751,0.8511264413903219
CYST_PA56.nii.gz,2,foreground,blur,real_A_state_oracle,source-side native skip and mask context,0.002643835498020053,0.00524343503639102,1.3826559782028198,0.9307242255425281,0.870424868659124
CYST_PA56.nii.gz,3,foreground,gamma,identity_source,source-side native skip and mask context,0.0003100948815699667,0.001104207942262292,0.09860384464263916,0.9828274067649609,0.9662346521145976
CYST_PA56.nii.gz,3,foreground,gamma,existing_WP_predicted,source-side native skip and mask context,0.000305087654851377,0.0010932903969660401,0.0969606265425682,0.9830004371253408,0.9665691835174282
CYST_PA56.nii.gz,3,foreground,gamma,real_A_state_oracle,source-side native skip and mask context,0.00014488035230897367,0.0007637427188456059,0.04626908898353577,0.9880390242606576,0.9763607964613386
CYST_PA56.nii.gz,3,foreground,blur,identity_source,source-side native skip and mask context,0.004300098866224289,0.006748262792825699,2.107940196990967,0.8934792448095219,0.8074672260943873
CYST_PA56.nii.gz,3,foreground,blur,existing_WP_predicted,source-side native skip and mask context,0.003873042296618223,0.006283800583332777,1.5579283237457275,0.900755196449503,0.8194309343470315
CYST_PA56.nii.gz,3,foreground,blur,real_A_state_oracle,source-side native skip and mask context,0.0024762649554759264,0.004712766036391258,0.8298736810684204,0.9229639994036218,0.8569481418379299
HCC_10136895_20170421.nii.gz,0,context,gamma,identity_source,source-side native skip and mask context,0.012109826318919659,0.013203950598835945,155.68603515625,0.3946901525304742,0.24586540296418802
HCC_10136895_20170421.nii.gz,0,context,gamma,existing_WP_predicted,source-side native skip and mask context,0.01212462317198515,0.013219124637544155,155.70428466796875,0.3935979971387697,0.24501836802849827
HCC_10136895_20170421.nii.gz,0,context,gamma,real_A_state_oracle,source-side native skip and mask context,0.0016180903185158968,0.0027499222196638584,153.63043212890625,0.9163502027952156,0.8456147042696737
HCC_10136895_20170421.nii.gz,0,context,blur,identity_source,source-side native skip and mask context,0.011497857049107552,0.012758152559399605,217.8439483642578,0.37638300918256745,0.231817609270689
HCC_10136895_20170421.nii.gz,0,context,blur,existing_WP_predicted,source-side native skip and mask context,0.010869452729821205,0.01216790173202753,216.12664794921875,0.4129391360464647,0.26019111517739146
HCC_10136895_20170421.nii.gz,0,context,blur,real_A_state_oracle,source-side native skip and mask context,0.0024793739430606365,0.0037997604813426733,215.85693359375,0.8868413323923535,0.7966890598788718
HCC_10136895_20170421.nii.gz,1,context,gamma,identity_source,source-side native skip and mask context,0.00011838525824714452,0.000469805410830304,0.11398223787546158,0.9874780423768023,0.9752658052915871
HCC_10136895_20170421.nii.gz,1,context,gamma,existing_WP_predicted,source-side native skip and mask context,0.00011915723735000938,0.00047133537009358406,0.11443044245243073,0.9874324588732861,0.975176883286759
HCC_10136895_20170421.nii.gz,1,context,gamma,real_A_state_oracle,source-side native skip and mask context,5.863223486812785e-05,0.00032196560641750693,0.06151161342859268,0.9915908971461607,0.9833220409652369
HCC_10136895_20170421.nii.gz,1,context,blur,identity_source,source-side native skip and mask context,0.001606485340744257,0.002525369869545102,1.4669407606124878,0.9314596025458863,0.8717121081853023
HCC_10136895_20170421.nii.gz,1,context,blur,existing_WP_predicted,source-side native skip and mask context,0.0014650747179985046,0.0023779096081852913,1.3799476623535156,0.935762523075485,0.8792798067774281
HCC_10136895_20170421.nii.gz,1,context,blur,real_A_state_oracle,source-side native skip and mask context,0.001069393940269947,0.0019328804919496179,1.0540733337402344,0.9475422926076984,0.9003138900046117
HCC_10136895_20170421.nii.gz,2,foreground,gamma,identity_source,source-side native skip and mask context,0.0006098755402490497,0.0022326295729726553,0.22156617045402527,0.9703572669798464,0.9424213233007426
HCC_10136895_20170421.nii.gz,2,foreground,gamma,existing_WP_predicted,source-side native skip and mask context,0.0006027888739481568,0.0022213587071746588,0.2193497270345688,0.9704584133633719,0.9426121547296862
HCC_10136895_20170421.nii.gz,2,foreground,gamma,real_A_state_oracle,source-side native skip and mask context,0.00018704120884649456,0.001226732274517417,0.09776435047388077,0.9838778796838585,0.9682673568583952
HCC_10136895_20170421.nii.gz,2,foreground,blur,identity_source,source-side native skip and mask context,0.005915208254009485,0.010176967829465866,2.248957633972168,0.8662336484349428,0.7640318900267141
HCC_10136895_20170421.nii.gz,2,foreground,blur,existing_WP_predicted,source-side native skip and mask context,0.005286271218210459,0.009473116137087345,1.9827513694763184,0.8740850297786624,0.7763330738970731
HCC_10136895_20170421.nii.gz,2,foreground,blur,real_A_state_oracle,source-side native skip and mask context,0.00410649785771966,0.008132942020893097,1.515559434890747,0.8944656237158907,0.8090798829090624
HCC_10136895_20170421.nii.gz,3,foreground,gamma,identity_source,source-side native skip and mask context,0.00024383366690017283,0.0011482398258522153,0.15032312273979187,0.982699194571312,0.9659868441342727
HCC_10136895_20170421.nii.gz,3,foreground,gamma,existing_WP_predicted,source-side native skip and mask context,0.00024347405997104943,0.0011460481910035014,0.14903858304023743,0.9827780294298362,0.9661392084158176
HCC_10136895_20170421.nii.gz,3,foreground,gamma,real_A_state_oracle,source-side native skip and mask context,0.0001258039119420573,0.0007956756744533777,0.07797504216432571,0.9881711422584651,0.9766188567344529
HCC_10136895_20170421.nii.gz,3,foreground,blur,identity_source,source-side native skip and mask context,0.005065255798399448,0.008008169941604137,2.3037350177764893,0.8823585872908531,0.7894827242952894
HCC_10136895_20170421.nii.gz,3,foreground,blur,existing_WP_predicted,source-side native skip and mask context,0.004743382800370455,0.007684864569455385,1.8963778018951416,0.8856444595438754,0.7947593271545688
HCC_10136895_20170421.nii.gz,3,foreground,blur,real_A_state_oracle,source-side native skip and mask context,0.002918126992881298,0.005662206094712019,1.4306877851486206,0.9195726359432308,0.8511193501157134
MET_PA13.nii.gz,0,context,gamma,identity_source,source-side native skip and mask context,7.053932949037276e-33,1.6026042239858827e-18,0.9913458228111267,1.0,0.0
MET_PA13.nii.gz,0,context,gamma,existing_WP_predicted,source-side native skip and mask context,6.881266787896898e-33,1.5880016944397544e-18,0.987655520439148,1.0,0.0
MET_PA13.nii.gz,0,context,gamma,real_A_state_oracle,source-side native skip and mask context,7.382531374550108e-33,1.408107385399911e-18,0.28516560792922974,1.0,0.0
MET_PA13.nii.gz,0,context,blur,identity_source,source-side native skip and mask context,1.5943805872434588e-31,6.592176600662258e-18,9.065329551696777,1.0,0.0
MET_PA13.nii.gz,0,context,blur,existing_WP_predicted,source-side native skip and mask context,2.468955907419086e-31,6.954267055591526e-18,7.162291526794434,1.0,0.0
MET_PA13.nii.gz,0,context,blur,real_A_state_oracle,source-side native skip and mask context,2.0274268286146354e-31,6.317160140093996e-18,3.5493838787078857,1.0,0.0
MET_PA13.nii.gz,1,context,gamma,identity_source,source-side native skip and mask context,6.989851681282744e-05,0.00021569941600318998,0.5134252905845642,0.9629053581149389,0.9284643071385723
MET_PA13.nii.gz,1,context,gamma,existing_WP_predicted,source-side native skip and mask context,6.91156237735413e-05,0.0002141141303582117,0.5084244608879089,0.963037843442198,0.9287106933959905
MET_PA13.nii.gz,1,context,gamma,real_A_state_oracle,source-side native skip and mask context,1.4291284969658591e-05,9.445229807170108e-05,0.3020648956298828,0.9849655030377922,0.9703763822664097
MET_PA13.nii.gz,1,context,blur,identity_source,source-side native skip and mask context,0.000967497646342963,0.0012122007319703698,8.350577354431152,0.7412178684320391,0.5888372974509618
MET_PA13.nii.gz,1,context,blur,existing_WP_predicted,source-side native skip and mask context,0.0007797927828505635,0.001040311180986464,7.105841636657715,0.7457835019932536,0.5946210268948655
MET_PA13.nii.gz,1,context,blur,real_A_state_oracle,source-side native skip and mask context,0.0003270933229941875,0.000528323114849627,5.63467264175415,0.8705704778566773,0.7708054914348196
MET_PA13.nii.gz,2,foreground,gamma,identity_source,source-side native skip and mask context,0.0001646726013859734,0.0009147996897809207,0.13590586185455322,0.9855101169801622,0.9714341497882547
MET_PA13.nii.gz,2,foreground,gamma,existing_WP_predicted,source-side native skip and mask context,0.000159880451974459,0.0008970130584202707,0.13373838365077972,0.985806366373168,0.9720100123758921
MET_PA13.nii.gz,2,foreground,gamma,real_A_state_oracle,source-side native skip and mask context,6.071513416827656e-05,0.0005315980524756014,0.06691423803567886,0.991570812066398,0.9832825387553994
MET_PA13.nii.gz,2,foreground,blur,identity_source,source-side native skip and mask context,0.004159776959568262,0.006928646937012672,2.5511066913604736,0.8926525529265256,0.8061178587494376
MET_PA13.nii.gz,2,foreground,blur,existing_WP_predicted,source-side native skip and mask context,0.00353801972232759,0.006367440801113844,1.9263052940368652,0.9030740486847588,0.8232771296931674
MET_PA13.nii.gz,2,foreground,blur,real_A_state_oracle,source-side native skip and mask context,0.00251652835868299,0.005088241770863533,1.359936237335205,0.9224665933479824,0.8560909459078023
MET_PA13.nii.gz,3,foreground,gamma,identity_source,source-side native skip and mask context,0.00021593717974610627,0.0009632020373828709,0.18704690039157867,0.9829462416805586,0.9664643915231762
MET_PA13.nii.gz,3,foreground,gamma,existing_WP_predicted,source-side native skip and mask context,0.0002117903932230547,0.000951053632888943,0.18514986336231232,0.983146659176293,0.9668519733434618
MET_PA13.nii.gz,3,foreground,gamma,real_A_state_oracle,source-side native skip and mask context,7.368507067440078e-05,0.0005395259358920157,0.11585772037506104,0.9902171043534012,0.9806237643977233
MET_PA13.nii.gz,3,foreground,blur,identity_source,source-side native skip and mask context,0.0034602987580001354,0.005563119426369667,2.3004090785980225,0.9064420024420025,0.8288924816664136
MET_PA13.nii.gz,3,foreground,blur,existing_WP_predicted,source-side native skip and mask context,0.0029348682146519423,0.0050665163435041904,1.7607300281524658,0.9154140388758347,0.8440216559017737
MET_PA13.nii.gz,3,foreground,blur,real_A_state_oracle,source-side native skip and mask context,0.002065128181129694,0.004045323468744755,1.1695607900619507,0.9328710084582239,0.8741876716426027
HCC_10074592_20130816.nii.gz,0,context,gamma,identity_source,source-side native skip and mask context,7.308140629902482e-05,9.76033988990821e-05,4.874805450439453,0.9172987521409347,0.8472316384180791
HCC_10074592_20130816.nii.gz,0,context,gamma,existing_WP_predicted,source-side native skip and mask context,7.48120728530921e-05,9.93536232272163e-05,4.895782470703125,0.9152625753289878,0.8437641723356009
HCC_10074592_20130816.nii.gz,0,context,gamma,real_A_state_oracle,source-side native skip and mask context,3.041088166355621e-05,5.391560262069106e-05,3.606274127960205,0.9582320953372672,0.9198134162594402
HCC_10074592_20130816.nii.gz,0,context,blur,identity_source,source-side native skip and mask context,0.001315823057666421,0.0014355047605931759,1290.5037841796875,0.4172752889757893,0.26364363055010537
HCC_10074592_20130816.nii.gz,0,context,blur,existing_WP_predicted,source-side native skip and mask context,0.001253734459169209,0.001375476480461657,1278.38818359375,0.4667917034421889,0.3044541987479312
HCC_10074592_20130816.nii.gz,0,context,blur,real_A_state_oracle,source-side native skip and mask context,0.000760406837798655,0.0008989330381155014,1277.6710205078125,0.7433693516699411,0.5915575532538597
HCC_10074592_20130816.nii.gz,1,context,gamma,identity_source,source-side native skip and mask context,8.664921188028529e-05,0.0003072095278184861,0.11424712836742401,0.9862977552443598,0.9729659378253755
HCC_10074592_20130816.nii.gz,1,context,gamma,existing_WP_predicted,source-side native skip and mask context,8.603365859016776e-05,0.00030652599525637925,0.11381615698337555,0.986363179327334,0.9730932807598358
HCC_10074592_20130816.nii.gz,1,context,gamma,real_A_state_oracle,source-side native skip and mask context,4.407286542118527e-05,0.00021368617308326066,0.0633915588259697,0.9903657493585551,0.9809153648753021
HCC_10074592_20130816.nii.gz,1,context,blur,identity_source,source-side native skip and mask context,0.0009740836685523391,0.0014936206862330437,2.7674028873443604,0.9317674041560393,0.8722514251869401
HCC_10074592_20130816.nii.gz,1,context,blur,existing_WP_predicted,source-side native skip and mask context,0.0009883465245366096,0.0015056831762194633,2.654651403427124,0.9313535273543193,0.8715263196897464
HCC_10074592_20130816.nii.gz,1,context,blur,real_A_state_oracle,source-side native skip and mask context,0.0006849057972431183,0.0011800234206020832,2.247331380844116,0.9449775343346346,0.8956942293533727
HCC_10074592_20130816.nii.gz,2,foreground,gamma,identity_source,source-side native skip and mask context,0.0005978070548735559,0.0018826840678229928,0.37914127111434937,0.9739491338819671,0.9492211020364052
HCC_10074592_20130816.nii.gz,2,foreground,gamma,existing_WP_predicted,source-side native skip and mask context,0.0005951601197011769,0.0018797812517732382,0.3768128454685211,0.9739110793208599,0.9491488112709128
HCC_10074592_20130816.nii.gz,2,foreground,gamma,real_A_state_oracle,source-side native skip and mask context,0.00037935280124656856,0.0014886052813380957,0.2818250358104706,0.9793667712718763,0.9595677895891433
HCC_10074592_20130816.nii.gz,2,foreground,blur,identity_source,source-side native skip and mask context,0.0054941908456385136,0.00824550911784172,1.999528169631958,0.8887236401423113,0.7997323368384461
HCC_10074592_20130816.nii.gz,2,foreground,blur,existing_WP_predicted,source-side native skip and mask context,0.0048079900443553925,0.007594699505716562,1.54044508934021,0.8991196686623913,0.8167278886433814
HCC_10074592_20130816.nii.gz,2,foreground,blur,real_A_state_oracle,source-side native skip and mask context,0.0028123583178967237,0.005372121464461088,0.8878487348556519,0.9306652922441413,0.8703217855869153
HCC_10074592_20130816.nii.gz,3,foreground,gamma,identity_source,source-side native skip and mask context,0.0007884085644036531,0.001979803666472435,0.26031410694122314,0.9708945041190894,0.9434353504137175
HCC_10074592_20130816.nii.gz,3,foreground,gamma,existing_WP_predicted,source-side native skip and mask context,0.0007816485012881458,0.0019687102176249027,0.25804072618484497,0.9710427286556887,0.9437153083986097
HCC_10074592_20130816.nii.gz,3,foreground,gamma,real_A_state_oracle,source-side native skip and mask context,0.00035131702315993607,0.0013210322940722108,0.1482270210981369,0.9805650244769611,0.9618710835125753
HCC_10074592_20130816.nii.gz,3,foreground,blur,identity_source,source-side native skip and mask context,0.005627117585390806,0.00816757045686245,1.7921257019042969,0.8844005435774699,0.792758134190508
HCC_10074592_20130816.nii.gz,3,foreground,blur,existing_WP_predicted,source-side native skip and mask context,0.0050475201569497585,0.007616657763719559,1.3863974809646606,0.8940865527518698,0.8084597894859185
HCC_10074592_20130816.nii.gz,3,foreground,blur,real_A_state_oracle,source-side native skip and mask context,0.003161707427352667,0.005538984667509794,0.762686550617218,0.9244418157622357,0.8594995875721748
CYST_PA19.nii.gz,0,context,gamma,identity_source,source-side native skip and mask context,2.593916364185509e-31,3.51351127677462e-18,3.9654488563537598,1.0,0.0
CYST_PA19.nii.gz,0,context,gamma,existing_WP_predicted,source-side native skip and mask context,2.5996899222390077e-31,3.505528156682871e-18,3.948821544647217,1.0,0.0
CYST_PA19.nii.gz,0,context,gamma,real_A_state_oracle,source-side native skip and mask context,2.3193690791018063e-31,3.236842316137631e-18,3.1409294605255127,1.0,0.0
CYST_PA19.nii.gz,0,context,blur,identity_source,source-side native skip and mask context,7.456421344893008e-30,1.3703404899798478e-17,12.384903907775879,1.0,0.0
CYST_PA19.nii.gz,0,context,blur,existing_WP_predicted,source-side native skip and mask context,7.672578393127863e-30,1.4661344569222663e-17,11.099079132080078,1.0,0.0
CYST_PA19.nii.gz,0,context,blur,real_A_state_oracle,source-side native skip and mask context,7.381248387118375e-30,1.2408928452518318e-17,6.328920841217041,1.0,0.0
CYST_PA19.nii.gz,1,context,gamma,identity_source,source-side native skip and mask context,0.00010249392653349787,0.0002511196944396943,0.3775400221347809,0.9535191859232564,0.9111673841478856
CYST_PA19.nii.gz,1,context,gamma,existing_WP_predicted,source-side native skip and mask context,0.00010398466838523746,0.00025301435380242765,0.3738195598125458,0.952999840857249,0.9102193849115874
CYST_PA19.nii.gz,1,context,gamma,real_A_state_oracle,source-side native skip and mask context,2.424779268039856e-05,0.00011496482329675928,0.26317405700683594,0.9789173192258335,0.9587052426387607
CYST_PA19.nii.gz,1,context,blur,identity_source,source-side native skip and mask context,0.0007907437975518405,0.0010613504564389586,3.2354578971862793,0.8032431315843834,0.671183222577026
CYST_PA19.nii.gz,1,context,blur,existing_WP_predicted,source-side native skip and mask context,0.000807134376373142,0.0010800572345033288,2.919354200363159,0.7856669976828865,0.6469946844759439
CYST_PA19.nii.gz,1,context,blur,real_A_state_oracle,source-side native skip and mask context,0.00039173406548798084,0.0006314057973213494,1.9054056406021118,0.8937979127361306,0.8079879101899827
CYST_PA19.nii.gz,2,foreground,gamma,identity_source,source-side native skip and mask context,0.00017859581566881388,0.0008513756329193711,0.09697416424751282,0.9857807108271627,0.9719601286928113
CYST_PA19.nii.gz,2,foreground,gamma,existing_WP_predicted,source-side native skip and mask context,0.0001802526239771396,0.0008570768986828625,0.09607936441898346,0.9857022515634586,0.971807591097229
CYST_PA19.nii.gz,2,foreground,gamma,real_A_state_oracle,source-side native skip and mask context,9.207279072143137e-05,0.0006037731072865427,0.062152329832315445,0.9898891070730531,0.9799806278741355
CYST_PA19.nii.gz,2,foreground,blur,identity_source,source-side native skip and mask context,0.004045727197080851,0.00605402747169137,2.031825542449951,0.9069099708950586,0.8296754583313388
CYST_PA19.nii.gz,2,foreground,blur,existing_WP_predicted,source-side native skip and mask context,0.0035985365975648165,0.005632958374917507,1.3817085027694702,0.9141817363572241,0.8419288632061372
CYST_PA19.nii.gz,2,foreground,blur,real_A_state_oracle,source-side native skip and mask context,0.0021134591661393642,0.003964943345636129,0.7600563764572144,0.9407100669742078,0.8880572142200306
CYST_PA19.nii.gz,3,foreground,gamma,identity_source,source-side native skip and mask context,0.00020392402075231075,0.0007824846543371677,0.17351026833057404,0.9846370492276109,0.9697389967583464
CYST_PA19.nii.gz,3,foreground,gamma,existing_WP_predicted,source-side native skip and mask context,0.00020452971511986107,0.0007825894863344729,0.1723300665616989,0.9846235658844561,0.9697128402848196
CYST_PA19.nii.gz,3,foreground,gamma,real_A_state_oracle,source-side native skip and mask context,8.81561209098436e-05,0.000492167950142175,0.11090753972530365,0.9906575861191963,0.9814881179026587
CYST_PA19.nii.gz,3,foreground,blur,identity_source,source-side native skip and mask context,0.002040376653894782,0.003223505336791277,1.8033634424209595,0.9355915172518134,0.8789778852910098
CYST_PA19.nii.gz,3,foreground,blur,existing_WP_predicted,source-side native skip and mask context,0.001861152588389814,0.0030646738596260548,1.4581022262573242,0.9388482622080315,0.8847445928530215
CYST_PA19.nii.gz,3,foreground,blur,real_A_state_oracle,source-side native skip and mask context,0.0013627418084070086,0.0024986625649034977,0.9442671537399292,0.9503655536828679,0.9054252716433132
HEM_PA13.nii.gz,0,context,gamma,identity_source,source-side native skip and mask context,1.468972972425983e-32,2.391373360626515e-18,0.7533978223800659,1.0,0.0
HEM_PA13.nii.gz,0,context,gamma,existing_WP_predicted,source-side native skip and mask context,1.5365023310816403e-32,2.3839448651354827e-18,0.7393993735313416,1.0,0.0
HEM_PA13.nii.gz,0,context,gamma,real_A_state_oracle,source-side native skip and mask context,1.7708718070014126e-32,2.0982350271984418e-18,0.19793249666690826,1.0,0.0
HEM_PA13.nii.gz,0,context,blur,identity_source,source-side native skip and mask context,8.801558620567209e-32,8.359330933325125e-18,9.10340690612793,1.0,0.0
HEM_PA13.nii.gz,0,context,blur,existing_WP_predicted,source-side native skip and mask context,1.1149315888241374e-31,8.471657097426151e-18,8.481925010681152,1.0,0.0
HEM_PA13.nii.gz,0,context,blur,real_A_state_oracle,source-side native skip and mask context,1.0123463143773114e-31,7.784030126016945e-18,5.717482089996338,1.0,0.0
HEM_PA13.nii.gz,1,context,gamma,identity_source,source-side native skip and mask context,0.0001468818518333137,0.0003895493282470852,0.6401425004005432,0.9508325032019354,0.9062733129874534
HEM_PA13.nii.gz,1,context,gamma,existing_WP_predicted,source-side native skip and mask context,0.00015491896192543209,0.0004042794171255082,0.6387134790420532,0.9488223269042751,0.9026279297865863
HEM_PA13.nii.gz,1,context,gamma,real_A_state_oracle,source-side native skip and mask context,8.03148650447838e-05,0.00028160709189251065,0.5341507792472839,0.9639974511469839,0.9304971809328549
HEM_PA13.nii.gz,1,context,blur,identity_source,source-side native skip and mask context,0.0008859850931912661,0.0012191443238407373,2.6585662364959717,0.8254020146707259,0.7027102250982848
HEM_PA13.nii.gz,1,context,blur,existing_WP_predicted,source-side native skip and mask context,0.000674219336360693,0.0009759232634678483,2.118187427520752,0.8545146557454382,0.7459848002695518
HEM_PA13.nii.gz,1,context,blur,real_A_state_oracle,source-side native skip and mask context,0.000512292142957449,0.0007807150250300765,1.349491834640503,0.8811144057853532,0.7874928503336511
HEM_PA13.nii.gz,2,foreground,gamma,identity_source,source-side native skip and mask context,0.00035079653025604784,0.0018582743359729648,0.1835147589445114,0.9827178988271015,0.9660229917483603
HEM_PA13.nii.gz,2,foreground,gamma,existing_WP_predicted,source-side native skip and mask context,0.0003620024654082954,0.0018945435294881463,0.18241961300373077,0.9823299735631705,0.9652735641655918
HEM_PA13.nii.gz,2,foreground,gamma,real_A_state_oracle,source-side native skip and mask context,0.00016841890465002507,0.0012579149333760142,0.12593431770801544,0.9881606940766271,0.9765984463065137
HEM_PA13.nii.gz,2,foreground,blur,identity_source,source-side native skip and mask context,0.004369343165308237,0.00821468885987997,2.357316017150879,0.9241123865736117,0.858930221931437
HEM_PA13.nii.gz,2,foreground,blur,existing_WP_predicted,source-side native skip and mask context,0.004138159099966288,0.008139798417687416,1.9055451154708862,0.925662894686769,0.8616130729440691
HEM_PA13.nii.gz,2,foreground,blur,real_A_state_oracle,source-side native skip and mask context,0.002882164204493165,0.006578641012310982,1.4182095527648926,0.9395341075029553,0.8859635318309623
HEM_PA13.nii.gz,3,foreground,gamma,identity_source,source-side native skip and mask context,0.00025351287331432104,0.001183931715786457,0.20127007365226746,0.9859407265636805,0.9722712985234537
HEM_PA13.nii.gz,3,foreground,gamma,existing_WP_predicted,source-side native skip and mask context,0.0002554280508775264,0.0011936543742194772,0.19969655573368073,0.985829169058463,0.9720543511818791
HEM_PA13.nii.gz,3,foreground,gamma,real_A_state_oracle,source-side native skip and mask context,0.00012716911442112178,0.0008218985167331994,0.14058974385261536,0.9903510189424545,0.9808864640314124
HEM_PA13.nii.gz,3,foreground,blur,identity_source,source-side native skip and mask context,0.005440016742795706,0.008312024176120758,3.52036714553833,0.9027625466159361,0.8227595073715953
HEM_PA13.nii.gz,3,foreground,blur,existing_WP_predicted,source-side native skip and mask context,0.004942324012517929,0.007881056517362595,2.9605982303619385,0.9076478852601729,0.8309114552099838
HEM_PA13.nii.gz,3,foreground,blur,real_A_state_oracle,source-side native skip and mask context,0.002521175192669034,0.005213414318859577,2.0958614349365234,0.9408222853137402,0.8882572511379002
HCC_10142924_20170911.nii.gz,0,context,gamma,identity_source,source-side native skip and mask context,0.0004734892281703651,0.000620160368271172,4.856535911560059,0.8191093117408906,0.6936368623148657
HCC_10142924_20170911.nii.gz,0,context,gamma,existing_WP_predicted,source-side native skip and mask context,0.0004778330330736935,0.0006248060963116586,4.862478733062744,0.8177619317721416,0.6917066483893077
HCC_10142924_20170911.nii.gz,0,context,gamma,real_A_state_oracle,source-side native skip and mask context,8.247179357567802e-05,0.00018798683595377952,4.354183197021484,0.94964884248077,0.9041250972900304
HCC_10142924_20170911.nii.gz,0,context,blur,identity_source,source-side native skip and mask context,0.0019217936787754297,0.002246570074930787,168.9210205078125,0.500400859442645,0.3336897480860528
HCC_10142924_20170911.nii.gz,0,context,blur,existing_WP_predicted,source-side native skip and mask context,0.001663418486714363,0.0020088732708245516,167.3641815185547,0.5843985186954963,0.41282700421940927
HCC_10142924_20170911.nii.gz,0,context,blur,real_A_state_oracle,source-side native skip and mask context,0.0009460542933084071,0.0012994074495509267,166.3307342529297,0.7665766497994284,0.6215032735311623
HCC_10142924_20170911.nii.gz,1,context,gamma,identity_source,source-side native skip and mask context,8.731925481697544e-05,0.0003252795431762934,0.20770412683486938,0.9877306777712034,0.9757587788953591
HCC_10142924_20170911.nii.gz,1,context,gamma,existing_WP_predicted,source-side native skip and mask context,8.671258547110483e-05,0.0003244969411753118,0.20888987183570862,0.9876984415047771,0.9756958617874518
HCC_10142924_20170911.nii.gz,1,context,gamma,real_A_state_oracle,source-side native skip and mask context,5.1736715249717236e-05,0.0002440169919282198,0.13221870362758636,0.9906667336919184,0.9815060761006706
HCC_10142924_20170911.nii.gz,1,context,blur,identity_source,source-side native skip and mask context,0.0012823936995118856,0.0019507294055074453,1.9621976613998413,0.9249251262795584,0.860335543959585
HCC_10142924_20170911.nii.gz,1,context,blur,existing_WP_predicted,source-side native skip and mask context,0.0011191770900040865,0.0017776635941118002,1.6695098876953125,0.9317627719187174,0.8722433064725761
HCC_10142924_20170911.nii.gz,1,context,blur,real_A_state_oracle,source-side native skip and mask context,0.0007666089804843068,0.0013630982721224427,1.2266789674758911,0.947787187162681,0.9007561736555444
HCC_10142924_20170911.nii.gz,2,foreground,gamma,identity_source,source-side native skip and mask context,0.00017286476213485003,0.0007431120029650629,0.15950722992420197,0.9859493773816099,0.9722881238766763
HCC_10142924_20170911.nii.gz,2,foreground,gamma,existing_WP_predicted,source-side native skip and mask context,0.00017052085604518652,0.000736945599783212,0.1595526486635208,0.9860865662430923,0.9725549868584866
HCC_10142924_20170911.nii.gz,2,foreground,gamma,real_A_state_oracle,source-side native skip and mask context,0.0001166576475952752,0.0005955100059509277,0.07492679357528687,0.9883908081491865,0.9770480696610245
HCC_10142924_20170911.nii.gz,2,foreground,blur,identity_source,source-side native skip and mask context,0.003572072833776474,0.005676412954926491,3.7740657329559326,0.8913290819582965,0.8039618136035283
HCC_10142924_20170911.nii.gz,2,foreground,blur,existing_WP_predicted,source-side native skip and mask context,0.0031122746877372265,0.00523054925724864,3.293412446975708,0.8998245254714841,0.8178918238993711
HCC_10142924_20170911.nii.gz,2,foreground,blur,real_A_state_oracle,source-side native skip and mask context,0.0020942131523042917,0.004066099878400564,2.6050167083740234,0.9218187927966639,0.8549757560584307
HCC_10142924_20170911.nii.gz,3,foreground,gamma,identity_source,source-side native skip and mask context,0.00018837375682778656,0.0007467018440365791,0.11053057014942169,0.9842378858045426,0.9689649496172794
HCC_10142924_20170911.nii.gz,3,foreground,gamma,existing_WP_predicted,source-side native skip and mask context,0.00018469739006832242,0.0007377051515504718,0.11029984056949615,0.9843806474160411,0.9692417192637777
HCC_10142924_20170911.nii.gz,3,foreground,gamma,real_A_state_oracle,source-side native skip and mask context,0.00012068580690538511,0.0005912623601034284,0.04948994889855385,0.9876109167921574,0.9755250557056844
HCC_10142924_20170911.nii.gz,3,foreground,blur,identity_source,source-side native skip and mask context,0.003184874774888158,0.004948743153363466,3.3485240936279297,0.8996918087903047,0.8176725539061653
HCC_10142924_20170911.nii.gz,3,foreground,blur,existing_WP_predicted,source-side native skip and mask context,0.0028235989157110453,0.004596225451678038,2.937523126602173,0.9058740395007185,0.8279430999766625
HCC_10142924_20170911.nii.gz,3,foreground,blur,real_A_state_oracle,source-side native skip and mask context,0.0018848244799301028,0.0035686371847987175,2.3248376846313477,0.9278563765788086,0.8654217180512022
MET_PA25.nii.gz,0,context,gamma,identity_source,source-side native skip and mask context,1.4360665509110486e-33,1.1139311470982368e-18,1.2623227834701538,1.0,0.0
MET_PA25.nii.gz,0,context,gamma,existing_WP_predicted,source-side native skip and mask context,1.466102727461962e-33,1.1066814260170924e-18,1.2484124898910522,1.0,0.0
MET_PA25.nii.gz,0,context,gamma,real_A_state_oracle,source-side native skip and mask context,1.1097282887941614e-33,8.304260039875912e-19,0.36520206928253174,1.0,0.0
MET_PA25.nii.gz,0,context,blur,identity_source,source-side native skip and mask context,6.788542177199304e-32,7.718125337892395e-18,12.679804801940918,1.0,0.0
MET_PA25.nii.gz,0,context,blur,existing_WP_predicted,source-side native skip and mask context,6.948720914914103e-32,7.776269517509972e-18,11.344880104064941,1.0,0.0
MET_PA25.nii.gz,0,context,blur,real_A_state_oracle,source-side native skip and mask context,6.959227483421753e-32,7.448826763308406e-18,8.068323135375977,1.0,0.0
MET_PA25.nii.gz,1,context,gamma,identity_source,source-side native skip and mask context,0.0002064598520519212,0.00047195612569339573,0.29679813981056213,0.9601080850458651,0.9232768052516411
MET_PA25.nii.gz,1,context,gamma,existing_WP_predicted,source-side native skip and mask context,0.00020878034410998225,0.0004747913626488298,0.2958916425704956,0.9600246585735963,0.9231225206328941
MET_PA25.nii.gz,1,context,gamma,real_A_state_oracle,source-side native skip and mask context,8.701510523678735e-05,0.0002811863669194281,0.20769183337688446,0.9757486570235574,0.9526457189580656
MET_PA25.nii.gz,1,context,blur,identity_source,source-side native skip and mask context,0.002328852191567421,0.002907820511609316,2.9104342460632324,0.7059576821211327,0.5455445099185822
MET_PA25.nii.gz,1,context,blur,existing_WP_predicted,source-side native skip and mask context,0.002195498440414667,0.0027809629682451487,2.1307010650634766,0.7124080227866129,0.5532870935778971
MET_PA25.nii.gz,1,context,blur,real_A_state_oracle,source-side native skip and mask context,0.0009199873311445117,0.0014471947215497494,1.3272837400436401,0.8333222414481565,0.7142694161604062
MET_PA25.nii.gz,2,foreground,gamma,identity_source,source-side native skip and mask context,0.0001219775149365887,0.0006506667705252767,0.09924879670143127,0.9880975940742416,0.9764751899865892
MET_PA25.nii.gz,2,foreground,gamma,existing_WP_predicted,source-side native skip and mask context,0.0001229421322932467,0.0006545365904457867,0.09856902062892914,0.9880990639164338,0.9764780609263447
MET_PA25.nii.gz,2,foreground,gamma,real_A_state_oracle,source-side native skip and mask context,7.19464587746188e-05,0.0005033715278841555,0.05778483301401138,0.9908032829961204,0.981774183667218
MET_PA25.nii.gz,2,foreground,blur,identity_source,source-side native skip and mask context,0.0026476681232452393,0.004397826734930277,1.7176827192306519,0.9184848734954033,0.8492575378616303
MET_PA25.nii.gz,2,foreground,blur,existing_WP_predicted,source-side native skip and mask context,0.002315385965630412,0.004035026300698519,1.1581904888153076,0.9249522854979901,0.860382542114842
MET_PA25.nii.gz,2,foreground,blur,real_A_state_oracle,source-side native skip and mask context,0.0018748199800029397,0.003528858767822385,0.7637374401092529,0.9337341510013761,0.8757048271575856
MET_PA25.nii.gz,3,foreground,gamma,identity_source,source-side native skip and mask context,0.00015747276484034956,0.0007344160694628954,0.10531604290008545,0.9863589825672047,0.9730851115963257
MET_PA25.nii.gz,3,foreground,gamma,existing_WP_predicted,source-side native skip and mask context,0.00015679487842135131,0.000732059997972101,0.10379628092050552,0.9864009805870271,0.973166865491151
MET_PA25.nii.gz,3,foreground,gamma,real_A_state_oracle,source-side native skip and mask context,8.281487680505961e-05,0.0005141639267094433,0.05624621361494064,0.9902983029642075,0.9807830430229562
MET_PA25.nii.gz,3,foreground,blur,identity_source,source-side native skip and mask context,0.002728697145357728,0.0047601619735360146,2.04353666305542,0.9100442288486232,0.8349368414163231
MET_PA25.nii.gz,3,foreground,blur,existing_WP_predicted,source-side native skip and mask context,0.002464878838509321,0.004498189780861139,1.4544684886932373,0.9137145024131129,0.8411366113630998
MET_PA25.nii.gz,3,foreground,blur,real_A_state_oracle,source-side native skip and mask context,0.0017654412658885121,0.0036282124929130077,0.9777430891990662,0.9311562513665982,0.8711808929576024
HCC_10147777_20171222.nii.gz,0,context,gamma,identity_source,source-side native skip and mask context,0.0003146478265989572,0.0007434900035150349,1.0611448287963867,0.9446628493291171,0.8951289630319472
HCC_10147777_20171222.nii.gz,0,context,gamma,existing_WP_predicted,source-side native skip and mask context,0.000307325622998178,0.0007330027292482555,1.0603163242340088,0.9452905404683275,0.8962568145430962
HCC_10147777_20171222.nii.gz,0,context,gamma,real_A_state_oracle,source-side native skip and mask context,0.00021056513651274145,0.0006005315808579326,0.97203129529953,0.9544749763114825,0.9129145211122555
HCC_10147777_20171222.nii.gz,0,context,blur,identity_source,source-side native skip and mask context,0.0025504888035357,0.0032724826596677303,3.7486367225646973,0.7505371768960749,0.6006878820384465
HCC_10147777_20171222.nii.gz,0,context,blur,existing_WP_predicted,source-side native skip and mask context,0.002454532776027918,0.0031715051736682653,3.822249174118042,0.7557144845454643,0.6073481328514886
HCC_10147777_20171222.nii.gz,0,context,blur,real_A_state_oracle,source-side native skip and mask context,0.0013752641389146447,0.002058047568425536,2.73091721534729,0.8471300354831977,0.7348010283521019
HCC_10147777_20171222.nii.gz,1,context,gamma,identity_source,source-side native skip and mask context,0.0001343519688816741,0.000606318237259984,0.1346181035041809,0.984370031164536,0.9692211350293543
HCC_10147777_20171222.nii.gz,1,context,gamma,existing_WP_predicted,source-side native skip and mask context,0.00013540638610720634,0.0006108477246016264,0.13490839302539825,0.98424376431662,0.9689763446585596
HCC_10147777_20171222.nii.gz,1,context,gamma,real_A_state_oracle,source-side native skip and mask context,7.035939052002504e-05,0.00041564099956303835,0.07872169464826584,0.9887524466306967,0.977755094028503
HCC_10147777_20171222.nii.gz,1,context,blur,identity_source,source-side native skip and mask context,0.0020565728191286325,0.0031776868272572756,1.450421690940857,0.9136525735944608,0.8410316546866743
HCC_10147777_20171222.nii.gz,1,context,blur,existing_WP_predicted,source-side native skip and mask context,0.0014816076727584004,0.0025461087934672832,1.267606258392334,0.9321228110215812,0.872874540857356
HCC_10147777_20171222.nii.gz,1,context,blur,real_A_state_oracle,source-side native skip and mask context,0.0010859610047191381,0.002061047125607729,0.6072530150413513,0.9443628600101518,0.8945904082336791
HCC_10147777_20171222.nii.gz,2,foreground,gamma,identity_source,source-side native skip and mask context,0.00027126504573971033,0.0011876175412908196,0.176362544298172,0.9827011690182667,0.9659906598633573
HCC_10147777_20171222.nii.gz,2,foreground,gamma,existing_WP_predicted,source-side native skip and mask context,0.00026914692716673017,0.0011813901364803314,0.17507806420326233,0.9827223518021388,0.9660315977089066
HCC_10147777_20171222.nii.gz,2,foreground,gamma,real_A_state_oracle,source-side native skip and mask context,0.0001402199559379369,0.0008364295936189592,0.09375224262475967,0.9874556756172315,0.975222172342104
HCC_10147777_20171222.nii.gz,2,foreground,blur,identity_source,source-side native skip and mask context,0.008862750604748726,0.012341935187578201,3.2541770935058594,0.7982899937691107,0.6642950375963933
HCC_10147777_20171222.nii.gz,2,foreground,blur,existing_WP_predicted,source-side native skip and mask context,0.008329533040523529,0.011864723637700081,2.597519874572754,0.8053038206547084,0.6740657872497968
HCC_10147777_20171222.nii.gz,2,foreground,blur,real_A_state_oracle,source-side native skip and mask context,0.005242085549980402,0.008668449707329273,1.532166838645935,0.8578325875373413,0.7510567874526771
HCC_10147777_20171222.nii.gz,3,foreground,gamma,identity_source,source-side native skip and mask context,0.0002149637439288199,0.0010112352902069688,0.14976471662521362,0.9822585516014506,0.9651356473169759
HCC_10147777_20171222.nii.gz,3,foreground,gamma,existing_WP_predicted,source-side native skip and mask context,0.0002171381638618186,0.0010162355611100793,0.14879541099071503,0.9821301618898661,0.9648877735815169
HCC_10147777_20171222.nii.gz,3,foreground,gamma,real_A_state_oracle,source-side native skip and mask context,0.00010975755867548287,0.0007113629253581166,0.10220947116613388,0.9874268597611281,0.9751659613726159
HCC_10147777_20171222.nii.gz,3,foreground,blur,identity_source,source-side native skip and mask context,0.007811329327523708,0.011044001206755638,2.970397472381592,0.7992247478548848,0.6655906227473595
HCC_10147777_20171222.nii.gz,3,foreground,blur,existing_WP_predicted,source-side native skip and mask context,0.007293986156582832,0.010602659545838833,2.37174391746521,0.808367129135539,0.678369277065272
HCC_10147777_20171222.nii.gz,3,foreground,blur,real_A_state_oracle,source-side native skip and mask context,0.005314966198056936,0.008511428721249104,1.5712473392486572,0.8457945562500169,0.7327937680678862
HCC_PA0.nii.gz,0,context,gamma,identity_source,source-side native skip and mask context,1.3022872857322073e-31,1.9746695465243517e-17,2.8363077640533447,1.0,0.0
HCC_PA0.nii.gz,0,context,gamma,existing_WP_predicted,source-side native skip and mask context,1.27727417653993e-31,1.966006814841329e-17,2.857743501663208,1.0,0.0
HCC_PA0.nii.gz,0,context,gamma,real_A_state_oracle,source-side native skip and mask context,8.120825140028619e-32,1.5496431374070472e-17,1.129946231842041,1.0,0.0
HCC_PA0.nii.gz,0,context,blur,identity_source,source-side native skip and mask context,1.205098000553396e-30,7.512779901495698e-17,12.608362197875977,1.0,0.0
HCC_PA0.nii.gz,0,context,blur,existing_WP_predicted,source-side native skip and mask context,1.195926041311896e-30,7.447214257422295e-17,11.57273006439209,1.0,0.0
HCC_PA0.nii.gz,0,context,blur,real_A_state_oracle,source-side native skip and mask context,1.1038494747724381e-30,6.89306611273832e-17,6.961647987365723,1.0,0.0
HCC_PA0.nii.gz,1,context,gamma,identity_source,source-side native skip and mask context,0.0001035932800732553,0.001108461176045239,0.13200779259204865,0.9960532845703658,0.992137599796927
HCC_PA0.nii.gz,1,context,gamma,existing_WP_predicted,source-side native skip and mask context,0.0001069206336978823,0.0011225154157727957,0.13345782458782196,0.9960061065970262,0.9920439886552759
HCC_PA0.nii.gz,1,context,gamma,real_A_state_oracle,source-side native skip and mask context,5.614887777483091e-05,0.0007721842266619205,0.062331560999155045,0.9972199657412177,0.9944553458110338
HCC_PA0.nii.gz,1,context,blur,identity_source,source-side native skip and mask context,0.0030058526899665594,0.007202653679996729,1.496264100074768,0.9745742662649258,0.9504094096752147
HCC_PA0.nii.gz,1,context,blur,existing_WP_predicted,source-side native skip and mask context,0.0028241935651749372,0.007138669025152922,1.3065282106399536,0.9736949127580203,0.9487382698010975
HCC_PA0.nii.gz,1,context,blur,real_A_state_oracle,source-side native skip and mask context,0.0012985544744879007,0.00463937409222126,0.6935072541236877,0.9831318667846562,0.9668233615267172
HCC_PA0.nii.gz,2,foreground,gamma,identity_source,source-side native skip and mask context,0.0002688522799871862,0.0025758622214198112,0.1737937182188034,0.993572947269054,0.987227980977844
HCC_PA0.nii.gz,2,foreground,gamma,existing_WP_predicted,source-side native skip and mask context,0.0002524655719753355,0.002483390737324953,0.17435786128044128,0.9937793839586316,0.987635681594676
HCC_PA0.nii.gz,2,foreground,gamma,real_A_state_oracle,source-side native skip and mask context,6.557820597663522e-05,0.0012332581682130694,0.05823003128170967,0.9967963641471976,0.9936131893101064
HCC_PA0.nii.gz,2,foreground,blur,identity_source,source-side native skip and mask context,0.021093832328915596,0.03581799939274788,3.8451321125030518,0.8981960510763627,0.8152049663225648
HCC_PA0.nii.gz,2,foreground,blur,existing_WP_predicted,source-side native skip and mask context,0.01312968134880066,0.027138395234942436,2.977020263671875,0.9218868343877309,0.8550928267944711
HCC_PA0.nii.gz,2,foreground,blur,real_A_state_oracle,source-side native skip and mask context,0.004311046563088894,0.015499562956392765,1.681007981300354,0.9573641307589789,0.9182152264298032
HCC_PA0.nii.gz,3,context_fill,gamma,identity_source,source-side native skip and mask context,0.0007094249594956636,0.002458639210090041,0.3455811142921448,0.9508880989383303,0.9063743324006334
HCC_PA0.nii.gz,3,context_fill,gamma,existing_WP_predicted,source-side native skip and mask context,0.0006624101661145687,0.002357523189857602,0.34085583686828613,0.9525365212994792,0.9093744466214634
HCC_PA0.nii.gz,3,context_fill,gamma,real_A_state_oracle,source-side native skip and mask context,0.00020044975099153817,0.0014098432147875428,0.21280696988105774,0.9703623648695432,0.9424309405187941
HCC_PA0.nii.gz,3,context_fill,blur,identity_source,source-side native skip and mask context,0.01163463294506073,0.016887953504920006,3.7116029262542725,0.7054880059146177,0.5449837538300056
HCC_PA0.nii.gz,3,context_fill,blur,existing_WP_predicted,source-side native skip and mask context,0.010292303748428822,0.015408314764499664,3.0886528491973877,0.7240242486779311,0.5674279059988031
HCC_PA0.nii.gz,3,context_fill,blur,real_A_state_oracle,source-side native skip and mask context,0.0029740494210273027,0.007121344096958637,1.5482689142227173,0.8899562652915531,0.8017308124578536
CYST_PA37.nii.gz,0,context,gamma,identity_source,source-side native skip and mask context,4.232791998695163e-31,1.429607050291083e-18,1.1660284996032715,1.0,0.0
CYST_PA37.nii.gz,0,context,gamma,existing_WP_predicted,source-side native skip and mask context,3.9163545618266873e-31,1.4100292361556014e-18,1.1491889953613281,1.0,0.0
CYST_PA37.nii.gz,0,context,gamma,real_A_state_oracle,source-side native skip and mask context,7.796967042422272e-31,1.4343872236534505e-18,0.4164082705974579,1.0,0.0
CYST_PA37.nii.gz,0,context,blur,identity_source,source-side native skip and mask context,8.254767078931935e-31,5.984790698164064e-18,14.205265998840332,1.0,0.0
CYST_PA37.nii.gz,0,context,blur,existing_WP_predicted,source-side native skip and mask context,1.29516776313713e-30,6.469714165335007e-18,12.788097381591797,1.0,0.0
CYST_PA37.nii.gz,0,context,blur,real_A_state_oracle,source-side native skip and mask context,1.5775004883656508e-31,5.041886277143949e-18,8.665533065795898,1.0,0.0
CYST_PA37.nii.gz,1,context,gamma,identity_source,source-side native skip and mask context,8.414428884861991e-05,0.0002949365589302033,0.31345248222351074,0.9733222015284825,0.948030826202272
CYST_PA37.nii.gz,1,context,gamma,existing_WP_predicted,source-side native skip and mask context,8.37298430269584e-05,0.0002938255784101784,0.31120774149894714,0.9736203019595245,0.9485966098299907
CYST_PA37.nii.gz,1,context,gamma,real_A_state_oracle,source-side native skip and mask context,4.311994052841328e-05,0.00021076668053865433,0.20157390832901,0.9809104637505324,0.9625360960534981
CYST_PA37.nii.gz,1,context,blur,identity_source,source-side native skip and mask context,0.001467115362174809,0.0019335877150297165,3.311183214187622,0.8062319351427565,0.6753673170501252
CYST_PA37.nii.gz,1,context,blur,existing_WP_predicted,source-side native skip and mask context,0.0011485065333545208,0.0016074002487584949,2.372420072555542,0.8342173144364258,0.7155856102230067
CYST_PA37.nii.gz,1,context,blur,real_A_state_oracle,source-side native skip and mask context,0.0006591756246052682,0.0010458071483299136,1.5728285312652588,0.8932056032001418,0.8070203515510389
CYST_PA37.nii.gz,2,foreground,gamma,identity_source,source-side native skip and mask context,0.0008226101053878665,0.00238237832672894,0.18432913720607758,0.9589054379024126,0.921055082614608
CYST_PA37.nii.gz,2,foreground,gamma,existing_WP_predicted,source-side native skip and mask context,0.0008379437495023012,0.002402742626145482,0.18555963039398193,0.9585047436672225,0.9203159955257271
CYST_PA37.nii.gz,2,foreground,gamma,real_A_state_oracle,source-side native skip and mask context,0.00019023001368623227,0.001129755051806569,0.08947683125734329,0.9810019496805817,0.9627122930932731
CYST_PA37.nii.gz,2,foreground,blur,identity_source,source-side native skip and mask context,0.0029343292117118835,0.005730815697461367,2.865757942199707,0.9050189162576164,0.8265155715425496
CYST_PA37.nii.gz,2,foreground,blur,existing_WP_predicted,source-side native skip and mask context,0.002874664729461074,0.005726841278374195,2.505078077316284,0.9045978769918623,0.8258135144997725
CYST_PA37.nii.gz,2,foreground,blur,real_A_state_oracle,source-side native skip and mask context,0.001950450474396348,0.004426213447004557,2.1878151893615723,0.9277003766201762,0.8651503333519045
CYST_PA37.nii.gz,3,foreground,gamma,identity_source,source-side native skip and mask context,0.00034515277366153896,0.0011653929250314832,0.2464306801557541,0.9795686575108039,0.9599554783580898
CYST_PA37.nii.gz,3,foreground,gamma,existing_WP_predicted,source-side native skip and mask context,0.00035099813248962164,0.0011757311876863241,0.2450496256351471,0.9793691763213078,0.9595724071818018
CYST_PA37.nii.gz,3,foreground,gamma,real_A_state_oracle,source-side native skip and mask context,0.0001436995662515983,0.0007286873296834528,0.1599591225385666,0.9873742951515567,0.9750634320499835
CYST_PA37.nii.gz,3,foreground,blur,identity_source,source-side native skip and mask context,0.002706472994759679,0.004435234237462282,4.233508110046387,0.9222967270718572,0.8557983911155407
CYST_PA37.nii.gz,3,foreground,blur,existing_WP_predicted,source-side native skip and mask context,0.002512517850846052,0.004273050464689732,3.7566990852355957,0.9244056253407816,0.8594370211667033
CYST_PA37.nii.gz,3,foreground,blur,real_A_state_oracle,source-side native skip and mask context,0.0018605805234983563,0.003504660911858082,3.297104835510254,0.9385097464697025,0.8841435362674437
ICC_PA18.nii.gz,0,context,gamma,identity_source,source-side native skip and mask context,1.520949453487987e-31,1.1659160364771678e-17,9.199317932128906,1.0,0.0
ICC_PA18.nii.gz,0,context,gamma,existing_WP_predicted,source-side native skip and mask context,1.5300534221362354e-31,1.1601285846033793e-17,9.215991020202637,1.0,0.0
ICC_PA18.nii.gz,0,context,gamma,real_A_state_oracle,source-side native skip and mask context,9.056602691129244e-32,1.0099336784693696e-17,7.274468421936035,1.0,0.0
ICC_PA18.nii.gz,0,context,blur,identity_source,source-side native skip and mask context,1.1278415025518172e-30,5.916588002297842e-17,29.132112503051758,1.0,0.0
ICC_PA18.nii.gz,0,context,blur,existing_WP_predicted,source-side native skip and mask context,1.0450002779092557e-30,5.754738534923266e-17,27.03366470336914,1.0,0.0
ICC_PA18.nii.gz,0,context,blur,real_A_state_oracle,source-side native skip and mask context,1.0820450889997134e-30,5.346631443491244e-17,20.341054916381836,1.0,0.0
ICC_PA18.nii.gz,1,context,gamma,identity_source,source-side native skip and mask context,9.383106225868687e-05,0.0006096657016314566,0.15975648164749146,0.984603547355513,0.9696740074196859
ICC_PA18.nii.gz,1,context,gamma,existing_WP_predicted,source-side native skip and mask context,8.933372009778395e-05,0.0005913265631534159,0.1592756062746048,0.9850767817825244,0.9705924193089495
ICC_PA18.nii.gz,1,context,gamma,real_A_state_oracle,source-side native skip and mask context,2.0108989701839164e-05,0.0002595142286736518,0.09821067750453949,0.9937179905628826,0.9875144156842645
ICC_PA18.nii.gz,1,context,blur,identity_source,source-side native skip and mask context,0.004093652591109276,0.006306126713752747,2.391096830368042,0.8304903622879823,0.7101184423864355
ICC_PA18.nii.gz,1,context,blur,existing_WP_predicted,source-side native skip and mask context,0.0036986428312957287,0.00583861256018281,2.162221908569336,0.8395355857803741,0.7234479364409759
ICC_PA18.nii.gz,1,context,blur,real_A_state_oracle,source-side native skip and mask context,0.0009001042344607413,0.0024993806146085262,1.3741453886032104,0.9322066980042615,0.873021675882344
ICC_PA18.nii.gz,2,foreground,gamma,identity_source,source-side native skip and mask context,0.0006162399658933282,0.003377624787390232,0.16779737174510956,0.9868965571763653,0.974132073251841
ICC_PA18.nii.gz,2,foreground,gamma,existing_WP_predicted,source-side native skip and mask context,0.000552043376956135,0.003184347879141569,0.16610488295555115,0.9877066672349286,0.9757119159690755
ICC_PA18.nii.gz,2,foreground,gamma,real_A_state_oracle,source-side native skip and mask context,0.00015536499267909676,0.0017647526692599058,0.06917393952608109,0.9932553176405591,0.9866010072312795
ICC_PA18.nii.gz,2,foreground,blur,identity_source,source-side native skip and mask context,0.004722293466329575,0.011930165812373161,1.7264063358306885,0.9560843627541568,0.9158636279044433
ICC_PA18.nii.gz,2,foreground,blur,existing_WP_predicted,source-side native skip and mask context,0.0047120461240410805,0.012022345326840878,1.3945363759994507,0.9531886626633864,0.9105639465928694
ICC_PA18.nii.gz,2,foreground,blur,real_A_state_oracle,source-side native skip and mask context,0.0017723512137308717,0.007060176692903042,0.6594082117080688,0.9738189142546286,0.948973751106795
ICC_PA18.nii.gz,3,foreground,gamma,identity_source,source-side native skip and mask context,0.0005463962443172932,0.0030885813757777214,0.15544717013835907,0.9867766484974129,0.9738984470048442
ICC_PA18.nii.gz,3,foreground,gamma,existing_WP_predicted,source-side native skip and mask context,0.00048592541133984923,0.002899031387642026,0.15336550772190094,0.9876340553734979,0.975570208199636
ICC_PA18.nii.gz,3,foreground,gamma,real_A_state_oracle,source-side native skip and mask context,0.00014405330875888467,0.0016398645238950849,0.06803392618894577,0.9933393963363668,0.9867669328880209
ICC_PA18.nii.gz,3,foreground,blur,identity_source,source-side native skip and mask context,0.004358445294201374,0.01138907577842474,2.440932035446167,0.956576394356361,0.9167670629478368
ICC_PA18.nii.gz,3,foreground,blur,existing_WP_predicted,source-side native skip and mask context,0.003993592690676451,0.010948359966278076,2.1620304584503174,0.9584234476522979,0.9201661130831161
ICC_PA18.nii.gz,3,foreground,blur,real_A_state_oracle,source-side native skip and mask context,0.00152772746514529,0.006563523318618536,1.4415780305862427,0.9756231658231352,0.9524065102537141
HCC_10081574_20140213.nii.gz,0,context,gamma,identity_source,source-side native skip and mask context,9.724015022996462e-30,1.5885296424657164e-18,9.796640396118164,1.0,0.0
HCC_10081574_20140213.nii.gz,0,context,gamma,existing_WP_predicted,source-side native skip and mask context,9.883093074820925e-30,1.5985569326462373e-18,9.894622802734375,1.0,0.0
HCC_10081574_20140213.nii.gz,0,context,gamma,real_A_state_oracle,source-side native skip and mask context,9.386671089960194e-30,1.5092977339020183e-18,6.025337219238281,1.0,0.0
HCC_10081574_20140213.nii.gz,0,context,blur,identity_source,source-side native skip and mask context,1.4494307265522366e-07,2.8363245974105666e-07,76.78379821777344,0.0,0.0
HCC_10081574_20140213.nii.gz,0,context,blur,existing_WP_predicted,source-side native skip and mask context,1.4494307265522366e-07,2.8363245974105666e-07,66.12438201904297,0.0,0.0
HCC_10081574_20140213.nii.gz,0,context,blur,real_A_state_oracle,source-side native skip and mask context,1.4494307265522366e-07,2.8363245974105666e-07,47.42192459106445,0.0,0.0
HCC_10081574_20140213.nii.gz,1,context,gamma,identity_source,source-side native skip and mask context,0.00016859166498761624,0.0005647121579386294,0.1246897503733635,0.9827775291939743,0.9661382415345604
HCC_10081574_20140213.nii.gz,1,context,gamma,existing_WP_predicted,source-side native skip and mask context,0.00016794529801700264,0.0005634671542793512,0.12462073564529419,0.9827369825263509,0.9660598740402037
HCC_10081574_20140213.nii.gz,1,context,gamma,real_A_state_oracle,source-side native skip and mask context,8.520783012500033e-05,0.0003833348455373198,0.05345778912305832,0.987913778818207,0.9761162222568741
HCC_10081574_20140213.nii.gz,1,context,blur,identity_source,source-side native skip and mask context,0.001031464897096157,0.0017822098452597857,1.2295557260513306,0.9434248091825439,0.892908348957759
HCC_10081574_20140213.nii.gz,1,context,blur,existing_WP_predicted,source-side native skip and mask context,0.0010114515898749232,0.0017459531081840396,1.2284690141677856,0.9448052239677365,0.895384667767582
HCC_10081574_20140213.nii.gz,1,context,blur,real_A_state_oracle,source-side native skip and mask context,0.0008118136902339756,0.0015118273440748453,0.7670146226882935,0.9522081663890515,0.9087760906739536
HCC_10081574_20140213.nii.gz,2,foreground,gamma,identity_source,source-side native skip and mask context,0.00020920812676195055,0.0009382486459799111,0.12543927133083344,0.9857353528949654,0.9718719426024568
HCC_10081574_20140213.nii.gz,2,foreground,gamma,existing_WP_predicted,source-side native skip and mask context,0.0002068597823381424,0.0009332322515547276,0.12568597495555878,0.9858708242172418,0.9721353529310455
HCC_10081574_20140213.nii.gz,2,foreground,gamma,real_A_state_oracle,source-side native skip and mask context,0.00010466746607562527,0.0006439561839215457,0.07556422054767609,0.9903235220449517,0.9808325178087803
HCC_10081574_20140213.nii.gz,2,foreground,blur,identity_source,source-side native skip and mask context,0.00357154686935246,0.00531809963285923,1.833143711090088,0.9190093409583627,0.8501547476581521
HCC_10081574_20140213.nii.gz,2,foreground,blur,existing_WP_predicted,source-side native skip and mask context,0.0031896757427603006,0.004974824376404285,1.525377869606018,0.9235115972335359,0.857892750967132
HCC_10081574_20140213.nii.gz,2,foreground,blur,real_A_state_oracle,source-side native skip and mask context,0.0019694757647812366,0.0037192227318882942,1.018390417098999,0.9454441439567298,0.8965330177047887
HCC_10081574_20140213.nii.gz,3,foreground,gamma,identity_source,source-side native skip and mask context,0.0009003253653645515,0.002360261743888259,0.5433358550071716,0.960862391171289,0.9246729047314034
HCC_10081574_20140213.nii.gz,3,foreground,gamma,existing_WP_predicted,source-side native skip and mask context,0.00088883115677163,0.002346199471503496,0.542454183101654,0.9610956174371342,0.9251049794074545
HCC_10081574_20140213.nii.gz,3,foreground,gamma,real_A_state_oracle,source-side native skip and mask context,0.00025646857102401555,0.0012148814275860786,0.41117405891418457,0.9811063368524034,0.9629133758880595
HCC_10081574_20140213.nii.gz,3,foreground,blur,identity_source,source-side native skip and mask context,0.004336169455200434,0.006988602224737406,3.153996229171753,0.8885578413235128,0.799463862682349
HCC_10081574_20140213.nii.gz,3,foreground,blur,existing_WP_predicted,source-side native skip and mask context,0.0038183419965207577,0.006457967218011618,2.754342555999756,0.8959984051110627,0.8115915857904175
HCC_10081574_20140213.nii.gz,3,foreground,blur,real_A_state_oracle,source-side native skip and mask context,0.0026559922844171524,0.00514180026948452,2.0588295459747314,0.9180296866207253,0.8484795518589413
MET_PA19.nii.gz,0,context,gamma,identity_source,source-side native skip and mask context,1.9677456579922432e-32,1.968090358727258e-18,1.1589354276657104,1.0,0.0
MET_PA19.nii.gz,0,context,gamma,existing_WP_predicted,source-side native skip and mask context,1.9691876956871145e-32,1.934965911097572e-18,1.1565035581588745,1.0,0.0
MET_PA19.nii.gz,0,context,gamma,real_A_state_oracle,source-side native skip and mask context,1.351518752386171e-32,1.740691377301224e-18,0.4063577950000763,1.0,0.0
MET_PA19.nii.gz,0,context,blur,identity_source,source-side native skip and mask context,8.532779486262991e-32,7.285348577307713e-18,25.833446502685547,1.0,0.0
MET_PA19.nii.gz,0,context,blur,existing_WP_predicted,source-side native skip and mask context,8.625232116955164e-32,7.545053511147312e-18,24.97797393798828,1.0,0.0
MET_PA19.nii.gz,0,context,blur,real_A_state_oracle,source-side native skip and mask context,7.976258730534266e-32,6.8360774217184184e-18,21.558115005493164,1.0,0.0
MET_PA19.nii.gz,1,context,gamma,identity_source,source-side native skip and mask context,0.000181579525815323,0.0005402161041274667,0.3345752954483032,0.9208536743422474,0.8533167861003242
MET_PA19.nii.gz,1,context,gamma,existing_WP_predicted,source-side native skip and mask context,0.0001848180836532265,0.0005437021027319133,0.3328796625137329,0.9205217917152607,0.8527469889160098
MET_PA19.nii.gz,1,context,gamma,real_A_state_oracle,source-side native skip and mask context,5.4424563131760806e-05,0.00028137967456132174,0.23239171504974365,0.9616218922075755,0.9260806684878676
MET_PA19.nii.gz,1,context,blur,identity_source,source-side native skip and mask context,0.0015140705509111285,0.002033752389252186,2.876023530960083,0.5827844522968197,0.411217935931703
MET_PA19.nii.gz,1,context,blur,existing_WP_predicted,source-side native skip and mask context,0.0011372981825843453,0.001663546310737729,2.569809913635254,0.58321170360816,0.4116435074269286
MET_PA19.nii.gz,1,context,blur,real_A_state_oracle,source-side native skip and mask context,0.0006338193779811263,0.001045712037011981,1.4381505250930786,0.7676481691204228,0.6229131566855568
MET_PA19.nii.gz,2,foreground,gamma,identity_source,source-side native skip and mask context,0.00014963791181799024,0.0008877571090124547,0.07602527737617493,0.9837385266575035,0.9679974617378492
MET_PA19.nii.gz,2,foreground,gamma,existing_WP_predicted,source-side native skip and mask context,0.0001521203957963735,0.00089329166803509,0.07507126778364182,0.9835819018086159,0.9676942033586406
MET_PA19.nii.gz,2,foreground,gamma,real_A_state_oracle,source-side native skip and mask context,6.254464824451134e-05,0.0005511936033144593,0.03933897241950035,0.9897014431116257,0.9796128445039197
MET_PA19.nii.gz,2,foreground,blur,identity_source,source-side native skip and mask context,0.0034282952547073364,0.0058175669983029366,1.7038583755493164,0.886817508409849,0.7966506077031936
MET_PA19.nii.gz,2,foreground,blur,existing_WP_predicted,source-side native skip and mask context,0.0030728434212505817,0.0054965452291071415,1.3716379404067993,0.8919254873346351,0.8049327704408572
MET_PA19.nii.gz,2,foreground,blur,real_A_state_oracle,source-side native skip and mask context,0.0019719491247087717,0.00408833846449852,0.8268439173698425,0.917909569963301,0.8482743627371053
MET_PA19.nii.gz,3,foreground,gamma,identity_source,source-side native skip and mask context,0.00014565378660336137,0.000807650969363749,0.14374591410160065,0.9854335809412785,0.971285430337354
MET_PA19.nii.gz,3,foreground,gamma,existing_WP_predicted,source-side native skip and mask context,0.00014888167788740247,0.0008184145553968847,0.14261609315872192,0.9851663054535804,0.9707662553458092
MET_PA19.nii.gz,3,foreground,gamma,real_A_state_oracle,source-side native skip and mask context,5.839784353156574e-05,0.0005079867551103234,0.07474763691425323,0.9907645555632295,0.9816981369656026
MET_PA19.nii.gz,3,foreground,blur,identity_source,source-side native skip and mask context,0.0029854283202439547,0.004907137248665094,3.425314426422119,0.9069537002856088,0.8297486579686445
MET_PA19.nii.gz,3,foreground,blur,existing_WP_predicted,source-side native skip and mask context,0.002815447049215436,0.004881288390606642,3.0820138454437256,0.9059445291243465,0.8280608737317973
MET_PA19.nii.gz,3,foreground,blur,real_A_state_oracle,source-side native skip and mask context,0.0019319739658385515,0.003754150355234742,2.636359453201294,0.9295954249694431,0.8684524026281427
HEM_PA24.nii.gz,0,context,gamma,identity_source,source-side native skip and mask context,2.3463936942272107e-32,6.491984865954655e-19,7.052478790283203,1.0,0.0
HEM_PA24.nii.gz,0,context,gamma,existing_WP_predicted,source-side native skip and mask context,2.341488650174817e-32,6.49464373463613e-19,6.996088027954102,1.0,0.0
HEM_PA24.nii.gz,0,context,gamma,real_A_state_oracle,source-side native skip and mask context,2.9126613552393665e-32,6.35664364208026e-19,3.726635456085205,1.0,0.0
HEM_PA24.nii.gz,0,context,blur,identity_source,source-side native skip and mask context,3.5378380927969357e-31,2.87487097521657e-18,26.998525619506836,1.0,0.0
HEM_PA24.nii.gz,0,context,blur,existing_WP_predicted,source-side native skip and mask context,4.360693777426214e-31,3.1984042670480573e-18,23.985654830932617,1.0,0.0
HEM_PA24.nii.gz,0,context,blur,real_A_state_oracle,source-side native skip and mask context,4.022119901140793e-31,2.8834633138294644e-18,12.082508087158203,1.0,0.0
HEM_PA24.nii.gz,1,context,gamma,identity_source,source-side native skip and mask context,0.00012352308840490878,0.0003694063052535057,0.25876671075820923,0.9760061033759299,0.9531366413351214
HEM_PA24.nii.gz,1,context,gamma,existing_WP_predicted,source-side native skip and mask context,0.0001247143663931638,0.00037153251469135284,0.25669196248054504,0.9757224109630874,0.95259568441844
HEM_PA24.nii.gz,1,context,gamma,real_A_state_oracle,source-side native skip and mask context,6.096619472373277e-05,0.0002543805167078972,0.1715635508298874,0.9831682788269615,0.9668937921141542
HEM_PA24.nii.gz,1,context,blur,identity_source,source-side native skip and mask context,0.0016118173953145742,0.0021418477408587933,2.8746705055236816,0.8471551521710278,0.7348388239461565
HEM_PA24.nii.gz,1,context,blur,existing_WP_predicted,source-side native skip and mask context,0.0014860337832942605,0.002025947906076908,2.3534533977508545,0.8550343939409426,0.7467773611855026
HEM_PA24.nii.gz,1,context,blur,real_A_state_oracle,source-side native skip and mask context,0.000889589253347367,0.001415447099134326,1.6825697422027588,0.8992708836807519,0.8169774655256176
HEM_PA24.nii.gz,2,foreground,gamma,identity_source,source-side native skip and mask context,0.0001080080182873644,0.0006656572222709656,0.09527739882469177,0.9909964945964422,0.9821536687328817
HEM_PA24.nii.gz,2,foreground,gamma,existing_WP_predicted,source-side native skip and mask context,0.00010668053437257186,0.0006635457393713295,0.09435354173183441,0.9910889669063313,0.9823353441455697
HEM_PA24.nii.gz,2,foreground,gamma,real_A_state_oracle,source-side native skip and mask context,4.893892401014455e-05,0.0004506681580096483,0.061930228024721146,0.994062613199652,0.988195315377961
HEM_PA24.nii.gz,2,foreground,blur,identity_source,source-side native skip and mask context,0.003973017912358046,0.006106770597398281,2.8995864391326904,0.9146328685336724,0.8426944597981388
HEM_PA24.nii.gz,2,foreground,blur,existing_WP_predicted,source-side native skip and mask context,0.003561560297384858,0.005723284557461739,2.278284788131714,0.9199239989986909,0.8517215438041901
HEM_PA24.nii.gz,2,foreground,blur,real_A_state_oracle,source-side native skip and mask context,0.0026549098547548056,0.004689463879913092,1.7804348468780518,0.9337695269956476,0.8757670603472201
HEM_PA24.nii.gz,3,foreground,gamma,identity_source,source-side native skip and mask context,0.00017010279407259077,0.0009357485687360168,0.14744414389133453,0.9856443343770671,0.9716950057865219
HEM_PA24.nii.gz,3,foreground,gamma,existing_WP_predicted,source-side native skip and mask context,0.00016786489868536592,0.0009305877611041069,0.14558115601539612,0.9857799139025283,0.9719585792228037
HEM_PA24.nii.gz,3,foreground,gamma,real_A_state_oracle,source-side native skip and mask context,7.622663542861119e-05,0.0006080991588532925,0.08973199129104614,0.9907994515361731,0.9817666598024908
HEM_PA24.nii.gz,3,foreground,blur,identity_source,source-side native skip and mask context,0.004000216722488403,0.0063766129314899445,2.813389539718628,0.8973925054541961,0.813882102101853
HEM_PA24.nii.gz,3,foreground,blur,existing_WP_predicted,source-side native skip and mask context,0.003661686321720481,0.00604276591911912,2.295320510864258,0.9024010421564198,0.822159164517922
HEM_PA24.nii.gz,3,foreground,blur,real_A_state_oracle,source-side native skip and mask context,0.0025432512629777193,0.004673555493354797,1.9549251794815063,0.9241876071251879,0.8590601978989582
CYST_PA74.nii.gz,0,context,gamma,identity_source,source-side native skip and mask context,6.645841718050088e-33,1.813230981119062e-18,1.8340984582901,1.0,0.0
CYST_PA74.nii.gz,0,context,gamma,existing_WP_predicted,source-side native skip and mask context,6.639695351963226e-33,1.816125492877538e-18,1.8135205507278442,1.0,0.0
CYST_PA74.nii.gz,0,context,gamma,real_A_state_oracle,source-side native skip and mask context,5.4288623348773585e-33,1.4369661660082377e-18,0.9944363236427307,1.0,0.0
CYST_PA74.nii.gz,0,context,blur,identity_source,source-side native skip and mask context,2.94889773184499e-32,6.773046259041878e-18,7.39122200012207,1.0,0.0
CYST_PA74.nii.gz,0,context,blur,existing_WP_predicted,source-side native skip and mask context,6.759262963909022e-32,7.237348113541874e-18,5.708993911743164,1.0,0.0
CYST_PA74.nii.gz,0,context,blur,real_A_state_oracle,source-side native skip and mask context,6.100496534051424e-32,6.3719927021292176e-18,2.1327946186065674,1.0,0.0
CYST_PA74.nii.gz,1,context,gamma,identity_source,source-side native skip and mask context,2.7802550903288648e-05,0.0001325495250057429,0.2525339722633362,0.9799128449885869,0.9606167866878229
CYST_PA74.nii.gz,1,context,gamma,existing_WP_predicted,source-side native skip and mask context,2.7605961804511026e-05,0.00013148784637451172,0.25061318278312683,0.9801698540252082,0.9611108848800749
CYST_PA74.nii.gz,1,context,gamma,real_A_state_oracle,source-side native skip and mask context,1.25508677228936e-05,8.801122748991475e-05,0.13846461474895477,0.9874537525061491,0.9752184208377562
CYST_PA74.nii.gz,1,context,blur,identity_source,source-side native skip and mask context,0.0008740744087845087,0.0011327174725010991,9.854390144348145,0.8231934112646121,0.6995146179026979
CYST_PA74.nii.gz,1,context,blur,existing_WP_predicted,source-side native skip and mask context,0.0007903928053565323,0.0010553350439295173,9.205706596374512,0.831162336038555,0.7111016026139723
CYST_PA74.nii.gz,1,context,blur,real_A_state_oracle,source-side native skip and mask context,0.0005262370104901493,0.0007569149020127952,8.197339057922363,0.8792659729215621,0.7845447284345048
CYST_PA74.nii.gz,2,foreground,gamma,identity_source,source-side native skip and mask context,8.299339970108122e-05,0.0005866676801815629,0.1169576644897461,0.9923300458418485,0.984776852526958
CYST_PA74.nii.gz,2,foreground,gamma,existing_WP_predicted,source-side native skip and mask context,8.359624189324677e-05,0.0005885183345526457,0.1161491647362709,0.9923223899993812,0.984761773161529
CYST_PA74.nii.gz,2,foreground,gamma,real_A_state_oracle,source-side native skip and mask context,5.274049181025475e-05,0.0004538403882179409,0.09110843390226364,0.9940916119468265,0.9882526319029736
CYST_PA74.nii.gz,2,foreground,blur,identity_source,source-side native skip and mask context,0.0031772786751389503,0.0051400200463831425,1.9104599952697754,0.9302303556454398,0.8695613682389438
CYST_PA74.nii.gz,2,foreground,blur,existing_WP_predicted,source-side native skip and mask context,0.0030145852360874414,0.004970154725015163,1.3340438604354858,0.9326675918187123,0.8738304811787346
CYST_PA74.nii.gz,2,foreground,blur,real_A_state_oracle,source-side native skip and mask context,0.0020332876592874527,0.0038361300248652697,0.7878658175468445,0.9470340199917213,0.8993965977744841
CYST_PA74.nii.gz,3,foreground,gamma,identity_source,source-side native skip and mask context,9.475931437918916e-05,0.0005124653689563274,0.11598636209964752,0.991231198730799,0.9826148444357748
CYST_PA74.nii.gz,3,foreground,gamma,existing_WP_predicted,source-side native skip and mask context,9.418869012733921e-05,0.0005116007523611188,0.11514896899461746,0.9911801391988073,0.9825144980904954
CYST_PA74.nii.gz,3,foreground,gamma,real_A_state_oracle,source-side native skip and mask context,5.812415110995062e-05,0.00038723929901607335,0.06475258618593216,0.9933207495959633,0.9867301319633718
CYST_PA74.nii.gz,3,foreground,blur,identity_source,source-side native skip and mask context,0.002160552190616727,0.0034520404879003763,2.225058078765869,0.9407112867374661,0.8880593883041972
CYST_PA74.nii.gz,3,foreground,blur,existing_WP_predicted,source-side native skip and mask context,0.0018618827452883124,0.0031510714907199144,1.5716179609298706,0.9467272422992489,0.8988433768722107
CYST_PA74.nii.gz,3,foreground,blur,real_A_state_oracle,source-side native skip and mask context,0.001374326879158616,0.0025693841744214296,0.9499868750572205,0.9559810428409121,0.9156740270715598
HEM_PA34.nii.gz,0,context,gamma,identity_source,source-side native skip and mask context,1.758438750189559e-32,1.5378916099191748e-18,2.905809164047241,1.0,0.0
HEM_PA34.nii.gz,0,context,gamma,existing_WP_predicted,source-side native skip and mask context,1.7889281349140122e-32,1.519276117028822e-18,2.8499276638031006,1.0,0.0
HEM_PA34.nii.gz,0,context,gamma,real_A_state_oracle,source-side native skip and mask context,5.622860265470505e-32,1.3915368897789425e-18,1.014561653137207,1.0,0.0
HEM_PA34.nii.gz,0,context,blur,identity_source,source-side native skip and mask context,9.76453475995716e-32,6.708550986681118e-18,34.58777618408203,1.0,0.0
HEM_PA34.nii.gz,0,context,blur,existing_WP_predicted,source-side native skip and mask context,2.814507753269858e-31,7.192993861916168e-18,33.46552276611328,1.0,0.0
HEM_PA34.nii.gz,0,context,blur,real_A_state_oracle,source-side native skip and mask context,7.08177841186786e-31,6.698065645236396e-18,30.336584091186523,1.0,0.0
HEM_PA34.nii.gz,1,context,gamma,identity_source,source-side native skip and mask context,8.524725853931159e-05,0.000336855388013646,0.33466580510139465,0.9702769920998732,0.9422698965215126
HEM_PA34.nii.gz,1,context,gamma,existing_WP_predicted,source-side native skip and mask context,8.854010229697451e-05,0.0003439484571572393,0.3334885239601135,0.9696770342214588,0.9411389112235728
HEM_PA34.nii.gz,1,context,gamma,real_A_state_oracle,source-side native skip and mask context,4.3985597585560754e-05,0.00023860052169766277,0.24683405458927155,0.9788343744314392,0.9585461456229956
HEM_PA34.nii.gz,1,context,blur,identity_source,source-side native skip and mask context,0.0018093062099069357,0.00232239649631083,6.579683780670166,0.7643472594308884,0.6185777236077254
HEM_PA34.nii.gz,1,context,blur,existing_WP_predicted,source-side native skip and mask context,0.0016569506842643023,0.002171794418245554,5.8113017082214355,0.7728085867620751,0.6297376093294461
HEM_PA34.nii.gz,1,context,blur,real_A_state_oracle,source-side native skip and mask context,0.001461335108615458,0.0019702648278325796,4.8810272216796875,0.7989391775711829,0.6651946035135398
HEM_PA34.nii.gz,2,foreground,gamma,identity_source,source-side native skip and mask context,0.00013007150846533477,0.0007892426219768822,0.1222245991230011,0.9913956590774253,0.9829381243497243
HEM_PA34.nii.gz,2,foreground,gamma,existing_WP_predicted,source-side native skip and mask context,0.000125894250231795,0.0007726690964773297,0.12096522003412247,0.9915376910622651,0.9832174016564907
HEM_PA34.nii.gz,2,foreground,gamma,real_A_state_oracle,source-side native skip and mask context,6.838121043983847e-05,0.000548937008716166,0.08327775448560715,0.9939343133027673,0.9879417680625894
HEM_PA34.nii.gz,2,foreground,blur,identity_source,source-side native skip and mask context,0.003067990066483617,0.0051760440692305565,2.319701671600342,0.9428060561025451,0.8918004700507391
HEM_PA34.nii.gz,2,foreground,blur,existing_WP_predicted,source-side native skip and mask context,0.002611578442156315,0.004674836061894894,1.529457926750183,0.9486609938240276,0.9023359622835505
HEM_PA34.nii.gz,2,foreground,blur,real_A_state_oracle,source-side native skip and mask context,0.0017242194153368473,0.0035707547795027494,0.9516656994819641,0.9611306269553166,0.9251698547416671
HEM_PA34.nii.gz,3,foreground,gamma,identity_source,source-side native skip and mask context,5.773279917775653e-05,0.0004089116118848324,0.13450613617897034,0.9946900607345994,0.9894362145284654
HEM_PA34.nii.gz,3,foreground,gamma,existing_WP_predicted,source-side native skip and mask context,5.6387903896393254e-05,0.00040408581844531,0.13390138745307922,0.9948105593835153,0.9896747012915257
HEM_PA34.nii.gz,3,foreground,gamma,real_A_state_oracle,source-side native skip and mask context,4.503806121647358e-05,0.00035657710395753384,0.09377484768629074,0.995374745881055,0.9907920807286467
HEM_PA34.nii.gz,3,foreground,blur,identity_source,source-side native skip and mask context,0.0022387930657714605,0.0036353387404233217,2.073213577270508,0.9513197001971777,0.9071589314455981
HEM_PA34.nii.gz,3,foreground,blur,existing_WP_predicted,source-side native skip and mask context,0.0018584751524031162,0.0032259109430015087,1.5333527326583862,0.957069202169993,0.9176727776774227
HEM_PA34.nii.gz,3,foreground,blur,real_A_state_oracle,source-side native skip and mask context,0.001640874776057899,0.002989998087286949,0.9577261209487915,0.9605158460054721,0.9240312536890568
FNH_PA32.nii.gz,0,context,gamma,identity_source,source-side native skip and mask context,0.00011899809760507196,0.00043738255044445395,0.18228252232074738,0.9819490686583281,0.9645382548437279
FNH_PA32.nii.gz,0,context,gamma,existing_WP_predicted,source-side native skip and mask context,0.00012181633792351931,0.00044277822598814964,0.18299943208694458,0.9818718786016135,0.9643893120769756
FNH_PA32.nii.gz,0,context,gamma,real_A_state_oracle,source-side native skip and mask context,7.09791129338555e-05,0.00033607962541282177,0.111179880797863,0.9863356566309789,0.97303970794986
FNH_PA32.nii.gz,0,context,blur,identity_source,source-side native skip and mask context,0.0010965310502797365,0.0017497222870588303,1.291930913925171,0.9253070820603729,0.8609967243799719
FNH_PA32.nii.gz,0,context,blur,existing_WP_predicted,source-side native skip and mask context,0.0009305115672759712,0.0015542850596830249,1.2483307123184204,0.9328435982816908,0.8741395326679846
FNH_PA32.nii.gz,0,context,blur,real_A_state_oracle,source-side native skip and mask context,0.0006464705802500248,0.001232354436069727,0.8419569730758667,0.9474537953584612,0.9001541131214581
FNH_PA32.nii.gz,1,context,gamma,identity_source,source-side native skip and mask context,0.00013350683730095625,0.0006961019826121628,0.1175088882446289,0.991276364764268,0.9827036168658954
FNH_PA32.nii.gz,1,context,gamma,existing_WP_predicted,source-side native skip and mask context,0.00013141449016984552,0.0006860003340989351,0.11749843508005142,0.991394129812702,0.9829351177864949
FNH_PA32.nii.gz,1,context,gamma,real_A_state_oracle,source-side native skip and mask context,0.00010149446461582556,0.0006132239941507578,0.0658349096775055,0.9924007414082877,0.9849161092033087
FNH_PA32.nii.gz,1,context,blur,identity_source,source-side native skip and mask context,0.0016686266753822565,0.003082979004830122,1.0542126893997192,0.9611373286327,0.9251822739647564
FNH_PA32.nii.gz,1,context,blur,existing_WP_predicted,source-side native skip and mask context,0.0014828552957624197,0.0028586562257260084,1.0117934942245483,0.9638179000108136,0.9301626615832023
FNH_PA32.nii.gz,1,context,blur,real_A_state_oracle,source-side native skip and mask context,0.0012166060041636229,0.0024926606565713882,0.7235804200172424,0.9687200043139863,0.9393375304148975
FNH_PA32.nii.gz,2,foreground,gamma,identity_source,source-side native skip and mask context,0.00015104468911886215,0.0006882073939777911,0.16382543742656708,0.991219332566168,0.9825915231778409
FNH_PA32.nii.gz,2,foreground,gamma,existing_WP_predicted,source-side native skip and mask context,0.00014953881327528507,0.0006858343840576708,0.16464269161224365,0.9913119698883704,0.9827736032305884
FNH_PA32.nii.gz,2,foreground,gamma,real_A_state_oracle,source-side native skip and mask context,8.632087701698765e-05,0.0005269491230137646,0.08966408669948578,0.9933302019727571,0.986748786860769
FNH_PA32.nii.gz,2,foreground,blur,identity_source,source-side native skip and mask context,0.0018315311754122376,0.003336181165650487,1.9430701732635498,0.9572232757239668,0.9179561198861018
FNH_PA32.nii.gz,2,foreground,blur,existing_WP_predicted,source-side native skip and mask context,0.0016788382781669497,0.0031770924106240273,1.7749093770980835,0.9588108514293299,0.9208805650208436
FNH_PA32.nii.gz,2,foreground,blur,real_A_state_oracle,source-side native skip and mask context,0.0012351003242656589,0.002622567117214203,1.343779444694519,0.9657764330076534,0.9338178550854858
FNH_PA32.nii.gz,3,repeat_fill,gamma,identity_source,source-side native skip and mask context,0.00011899809760507196,0.00043738255044445395,0.18228252232074738,0.9819490686583281,0.9645382548437279
FNH_PA32.nii.gz,3,repeat_fill,gamma,existing_WP_predicted,source-side native skip and mask context,0.00012181633792351931,0.00044277822598814964,0.18299943208694458,0.9818718786016135,0.9643893120769756
FNH_PA32.nii.gz,3,repeat_fill,gamma,real_A_state_oracle,source-side native skip and mask context,7.09791129338555e-05,0.00033607962541282177,0.111179880797863,0.9863356566309789,0.97303970794986
FNH_PA32.nii.gz,3,repeat_fill,blur,identity_source,source-side native skip and mask context,0.0010965310502797365,0.0017497222870588303,1.291930913925171,0.9253070820603729,0.8609967243799719
FNH_PA32.nii.gz,3,repeat_fill,blur,existing_WP_predicted,source-side native skip and mask context,0.0009305115672759712,0.0015542850596830249,1.2483307123184204,0.9328435982816908,0.8741395326679846
FNH_PA32.nii.gz,3,repeat_fill,blur,real_A_state_oracle,source-side native skip and mask context,0.0006464705802500248,0.001232354436069727,0.8419569730758667,0.9474537953584612,0.9001541131214581
FNH_PA10.nii.gz,0,context,gamma,identity_source,source-side native skip and mask context,1.3860741015404573e-30,2.412843495169819e-17,2.847456693649292,1.0,0.0
FNH_PA10.nii.gz,0,context,gamma,existing_WP_predicted,source-side native skip and mask context,1.3936027196795077e-30,2.4275345537210058e-17,2.8301503658294678,1.0,0.0
FNH_PA10.nii.gz,0,context,gamma,real_A_state_oracle,source-side native skip and mask context,1.74688861306208e-30,2.423535466331557e-17,0.9566845297813416,1.0,0.0
FNH_PA10.nii.gz,0,context,blur,identity_source,source-side native skip and mask context,6.197229915501212e-30,1.2777263045737566e-16,21.808021545410156,1.0,0.0
FNH_PA10.nii.gz,0,context,blur,existing_WP_predicted,source-side native skip and mask context,5.96190083652309e-30,1.281475748854337e-16,20.866178512573242,1.0,0.0
FNH_PA10.nii.gz,0,context,blur,real_A_state_oracle,source-side native skip and mask context,5.8140330511444526e-30,1.217317635311254e-16,16.463966369628906,1.0,0.0
FNH_PA10.nii.gz,1,context,gamma,identity_source,source-side native skip and mask context,0.0002490462502464652,0.0009102875483222306,0.3825055658817291,0.9750556809380339,0.9513255137902608
FNH_PA10.nii.gz,1,context,gamma,existing_WP_predicted,source-side native skip and mask context,0.000250492274062708,0.0009179288754239678,0.382721871137619,0.9749620778026266,0.9511473250790572
FNH_PA10.nii.gz,1,context,gamma,real_A_state_oracle,source-side native skip and mask context,4.582954716170207e-05,0.0003719738160725683,0.29328492283821106,0.9904988297249854,0.9811765046841376
FNH_PA10.nii.gz,1,context,blur,identity_source,source-side native skip and mask context,0.0013985498808324337,0.0024939195718616247,1.3294587135314941,0.931117753480689,0.8711134987158448
FNH_PA10.nii.gz,1,context,blur,existing_WP_predicted,source-side native skip and mask context,0.0011554305674508214,0.0021484403405338526,1.1973165273666382,0.9367711905928466,0.8810626483260754
FNH_PA10.nii.gz,1,context,blur,real_A_state_oracle,source-side native skip and mask context,0.0007581318495795131,0.0016788886860013008,0.8747717142105103,0.9536844358300534,0.9114692244749523
FNH_PA10.nii.gz,2,foreground,gamma,identity_source,source-side native skip and mask context,0.00015215155144687742,0.0014022326795384288,0.28006958961486816,0.9950420703508631,0.9901330602946377
FNH_PA10.nii.gz,2,foreground,gamma,existing_WP_predicted,source-side native skip and mask context,0.00015103248006198555,0.0013973243767395616,0.28106367588043213,0.9950733781755517,0.9901950615747367
FNH_PA10.nii.gz,2,foreground,gamma,real_A_state_oracle,source-side native skip and mask context,6.015708277118392e-05,0.000879908911883831,0.15738408267498016,0.9967692673591843,0.9935593427599422
FNH_PA10.nii.gz,2,foreground,blur,identity_source,source-side native skip and mask context,0.002551134442910552,0.007779269944876432,2.0355629920959473,0.9735265310825604,0.9484186007352735
FNH_PA10.nii.gz,2,foreground,blur,existing_WP_predicted,source-side native skip and mask context,0.00246313214302063,0.0075519997626543045,1.694476842880249,0.9737255375000718,0.9487964215032194
FNH_PA10.nii.gz,2,foreground,blur,real_A_state_oracle,source-side native skip and mask context,0.0016220267862081528,0.006027969531714916,1.0268800258636475,0.978398016036196,0.9577095888557529
FNH_PA10.nii.gz,3,foreground,gamma,identity_source,source-side native skip and mask context,0.00010233820648863912,0.0011734837898984551,0.16536791622638702,0.9959982333027083,0.9920283672199985
FNH_PA10.nii.gz,3,foreground,gamma,existing_WP_predicted,source-side native skip and mask context,0.00010898476466536522,0.0011970014311373234,0.1701432317495346,0.9958931558597577,0.9918199060902552
FNH_PA10.nii.gz,3,foreground,gamma,real_A_state_oracle,source-side native skip and mask context,4.3731175537686795e-05,0.0007749265059828758,0.09792998433113098,0.9974024435841402,0.9948183468047823
FNH_PA10.nii.gz,3,foreground,blur,identity_source,source-side native skip and mask context,0.002701324410736561,0.007921875454485416,2.617556571960449,0.9730087029338065,0.9474361717702972
FNH_PA10.nii.gz,3,foreground,blur,existing_WP_predicted,source-side native skip and mask context,0.0021825211588293314,0.0070129395462572575,2.2331368923187256,0.9753316680288043,0.951851089369103
FNH_PA10.nii.gz,3,foreground,blur,real_A_state_oracle,source-side native skip and mask context,0.001380974194034934,0.0054987105540931225,1.799359917640686,0.9806572442930366,0.9620485737527054
CYST_PA54.nii.gz,0,context,gamma,identity_source,source-side native skip and mask context,6.845408643130213e-05,0.00035850584390573204,0.1715707629919052,0.9855006877497187,0.9714158263584819
CYST_PA54.nii.gz,0,context,gamma,existing_WP_predicted,source-side native skip and mask context,6.782316631870344e-05,0.0003567111270967871,0.1714531034231186,0.9855974066989638,0.9716037924268948
CYST_PA54.nii.gz,0,context,gamma,real_A_state_oracle,source-side native skip and mask context,3.9087644836399704e-05,0.00027133937692269683,0.12776939570903778,0.9885506377573733,0.9773604835396984
CYST_PA54.nii.gz,0,context,blur,identity_source,source-side native skip and mask context,0.0010025836527347565,0.0017698714509606361,1.6018089056015015,0.9256395075593425,0.8615725485740257
CYST_PA54.nii.gz,0,context,blur,existing_WP_predicted,source-side native skip and mask context,0.0009228482958860695,0.0016777974087744951,1.4925717115402222,0.9284003684372122,0.8663686894733826
CYST_PA54.nii.gz,0,context,blur,real_A_state_oracle,source-side native skip and mask context,0.0007089112768881023,0.0014009642181918025,1.228561520576477,0.940951805408672,0.8884881823265581
CYST_PA54.nii.gz,1,context,gamma,identity_source,source-side native skip and mask context,7.482644286938012e-05,0.0004939374048262835,0.12235494703054428,0.9929193604667543,0.9859382868555048
CYST_PA54.nii.gz,1,context,gamma,existing_WP_predicted,source-side native skip and mask context,7.65878867241554e-05,0.0004995596827939153,0.12235505878925323,0.9928670540282716,0.9858351452005253
CYST_PA54.nii.gz,1,context,gamma,real_A_state_oracle,source-side native skip and mask context,4.766012716572732e-05,0.0003877200069837272,0.08922034502029419,0.9942208560763385,0.9885081253502306
CYST_PA54.nii.gz,1,context,blur,identity_source,source-side native skip and mask context,0.001877918723039329,0.0034353546798229218,1.9030961990356445,0.9471448765283256,0.8995965878051855
CYST_PA54.nii.gz,1,context,blur,existing_WP_predicted,source-side native skip and mask context,0.001596315880306065,0.003110927762463689,1.7181625366210938,0.9521075684494255,0.9085928476843605
CYST_PA54.nii.gz,1,context,blur,real_A_state_oracle,source-side native skip and mask context,0.0012683153618127108,0.0026993858627974987,1.5363255739212036,0.9584710757471171,0.9202539203936698
CYST_PA54.nii.gz,2,repeat_fill,gamma,identity_source,source-side native skip and mask context,6.845408643130213e-05,0.00035850584390573204,0.1715707629919052,0.9855006877497187,0.9714158263584819
CYST_PA54.nii.gz,2,repeat_fill,gamma,existing_WP_predicted,source-side native skip and mask context,6.782316631870344e-05,0.0003567111270967871,0.1714531034231186,0.9855974066989638,0.9716037924268948
CYST_PA54.nii.gz,2,repeat_fill,gamma,real_A_state_oracle,source-side native skip and mask context,3.9087644836399704e-05,0.00027133937692269683,0.12776939570903778,0.9885506377573733,0.9773604835396984
CYST_PA54.nii.gz,2,repeat_fill,blur,identity_source,source-side native skip and mask context,0.0010025836527347565,0.0017698714509606361,1.6018089056015015,0.9256395075593425,0.8615725485740257
CYST_PA54.nii.gz,2,repeat_fill,blur,existing_WP_predicted,source-side native skip and mask context,0.0009228482958860695,0.0016777974087744951,1.4925717115402222,0.9284003684372122,0.8663686894733826
CYST_PA54.nii.gz,2,repeat_fill,blur,real_A_state_oracle,source-side native skip and mask context,0.0007089112768881023,0.0014009642181918025,1.228561520576477,0.940951805408672,0.8884881823265581
CYST_PA54.nii.gz,3,repeat_fill,gamma,identity_source,source-side native skip and mask context,7.482644286938012e-05,0.0004939374048262835,0.12235494703054428,0.9929193604667543,0.9859382868555048
CYST_PA54.nii.gz,3,repeat_fill,gamma,existing_WP_predicted,source-side native skip and mask context,7.65878867241554e-05,0.0004995596827939153,0.12235505878925323,0.9928670540282716,0.9858351452005253
CYST_PA54.nii.gz,3,repeat_fill,gamma,real_A_state_oracle,source-side native skip and mask context,4.766012716572732e-05,0.0003877200069837272,0.08922034502029419,0.9942208560763385,0.9885081253502306
CYST_PA54.nii.gz,3,repeat_fill,blur,identity_source,source-side native skip and mask context,0.001877918723039329,0.0034353546798229218,1.9030961990356445,0.9471448765283256,0.8995965878051855
CYST_PA54.nii.gz,3,repeat_fill,blur,existing_WP_predicted,source-side native skip and mask context,0.001596315880306065,0.003110927762463689,1.7181625366210938,0.9521075684494255,0.9085928476843605
CYST_PA54.nii.gz,3,repeat_fill,blur,real_A_state_oracle,source-side native skip and mask context,0.0012683153618127108,0.0026993858627974987,1.5363255739212036,0.9584710757471171,0.9202539203936698
CYST_PA53.nii.gz,0,context,gamma,identity_source,source-side native skip and mask context,6.569238030351698e-05,0.0004999679513275623,0.10194528102874756,0.9931003984001378,0.9862953534018695
CYST_PA53.nii.gz,0,context,gamma,existing_WP_predicted,source-side native skip and mask context,6.113602285040542e-05,0.000482379924505949,0.10081429034471512,0.993397090960359,0.986880806760353
CYST_PA53.nii.gz,0,context,gamma,real_A_state_oracle,source-side native skip and mask context,3.789554102695547e-05,0.000358373683411628,0.06951630115509033,0.9950324304599122,0.9901139704590445
CYST_PA53.nii.gz,0,context,blur,identity_source,source-side native skip and mask context,0.0013919867342337966,0.002764495089650154,0.9942032098770142,0.9618926586715465,0.9265830424054452
CYST_PA53.nii.gz,0,context,blur,existing_WP_predicted,source-side native skip and mask context,0.0013193425256758928,0.002675575204193592,0.8405727744102478,0.9631917049941789,0.9289969125765639
CYST_PA53.nii.gz,0,context,blur,real_A_state_oracle,source-side native skip and mask context,0.0010996279306709766,0.002421723213046789,0.6023658514022827,0.9670464826126292,0.9361955463964737
CYST_PA53.nii.gz,1,context,gamma,identity_source,source-side native skip and mask context,5.911923653911799e-05,0.0005285341758280993,0.0945783406496048,0.9955351602961027,0.9911100129593118
CYST_PA53.nii.gz,1,context,gamma,existing_WP_predicted,source-side native skip and mask context,5.948860780335963e-05,0.0005314191221259534,0.09512091428041458,0.9954960947150377,0.9910325778500889
CYST_PA53.nii.gz,1,context,gamma,real_A_state_oracle,source-side native skip and mask context,3.409377677598968e-05,0.00038165366277098656,0.06647949665784836,0.9967524977373959,0.9935260197403333
CYST_PA53.nii.gz,1,context,blur,identity_source,source-side native skip and mask context,0.0026794986333698034,0.004690579138696194,1.3137403726577759,0.9572399984397956,0.9179868780999928
CYST_PA53.nii.gz,1,context,blur,existing_WP_predicted,source-side native skip and mask context,0.002496005268767476,0.004511648789048195,1.1147346496582031,0.9589452281963236,0.9211285075182988
CYST_PA53.nii.gz,1,context,blur,real_A_state_oracle,source-side native skip and mask context,0.001716373022645712,0.003535072086378932,0.815906822681427,0.9677896139002681,0.9375894942862555
CYST_PA53.nii.gz,2,repeat_fill,gamma,identity_source,source-side native skip and mask context,6.569238030351698e-05,0.0004999679513275623,0.10194528102874756,0.9931003984001378,0.9862953534018695
CYST_PA53.nii.gz,2,repeat_fill,gamma,existing_WP_predicted,source-side native skip and mask context,6.113602285040542e-05,0.000482379924505949,0.10081429034471512,0.993397090960359,0.986880806760353
CYST_PA53.nii.gz,2,repeat_fill,gamma,real_A_state_oracle,source-side native skip and mask context,3.789554102695547e-05,0.000358373683411628,0.06951630115509033,0.9950324304599122,0.9901139704590445
CYST_PA53.nii.gz,2,repeat_fill,blur,identity_source,source-side native skip and mask context,0.0013919867342337966,0.002764495089650154,0.9942032098770142,0.9618926586715465,0.9265830424054452
CYST_PA53.nii.gz,2,repeat_fill,blur,existing_WP_predicted,source-side native skip and mask context,0.0013193425256758928,0.002675575204193592,0.8405727744102478,0.9631917049941789,0.9289969125765639
CYST_PA53.nii.gz,2,repeat_fill,blur,real_A_state_oracle,source-side native skip and mask context,0.0010996279306709766,0.002421723213046789,0.6023658514022827,0.9670464826126292,0.9361955463964737
CYST_PA53.nii.gz,3,repeat_fill,gamma,identity_source,source-side native skip and mask context,5.911923653911799e-05,0.0005285341758280993,0.0945783406496048,0.9955351602961027,0.9911100129593118
CYST_PA53.nii.gz,3,repeat_fill,gamma,existing_WP_predicted,source-side native skip and mask context,5.948860780335963e-05,0.0005314191221259534,0.09512091428041458,0.9954960947150377,0.9910325778500889
CYST_PA53.nii.gz,3,repeat_fill,gamma,real_A_state_oracle,source-side native skip and mask context,3.409377677598968e-05,0.00038165366277098656,0.06647949665784836,0.9967524977373959,0.9935260197403333
CYST_PA53.nii.gz,3,repeat_fill,blur,identity_source,source-side native skip and mask context,0.0026794986333698034,0.004690579138696194,1.3137403726577759,0.9572399984397956,0.9179868780999928
CYST_PA53.nii.gz,3,repeat_fill,blur,existing_WP_predicted,source-side native skip and mask context,0.002496005268767476,0.004511648789048195,1.1147346496582031,0.9589452281963236,0.9211285075182988
CYST_PA53.nii.gz,3,repeat_fill,blur,real_A_state_oracle,source-side native skip and mask context,0.001716373022645712,0.003535072086378932,0.815906822681427,0.9677896139002681,0.9375894942862555
CYST_PA38.nii.gz,0,context,gamma,identity_source,source-side native skip and mask context,2.230749487353023e-05,0.00013951789878774434,0.18507441878318787,0.9896930900888671,0.9795964774465622
CYST_PA38.nii.gz,0,context,gamma,existing_WP_predicted,source-side native skip and mask context,2.1662084691342898e-05,0.00013704060984309763,0.1845276802778244,0.9899080651901379,0.9800177895455392
CYST_PA38.nii.gz,0,context,gamma,real_A_state_oracle,source-side native skip and mask context,1.4117330465523992e-05,0.00010870712867472321,0.1436896175146103,0.9921114854261263,0.9843464540773957
CYST_PA38.nii.gz,0,context,blur,identity_source,source-side native skip and mask context,0.0006030628574080765,0.0009601186611689627,1.4027715921401978,0.9279358560672729,0.8655600145932142
CYST_PA38.nii.gz,0,context,blur,existing_WP_predicted,source-side native skip and mask context,0.0006171311251819134,0.0009828974725678563,1.2398042678833008,0.9255885329937636,0.8614842278004011
CYST_PA38.nii.gz,0,context,blur,real_A_state_oracle,source-side native skip and mask context,0.0005107673932798207,0.0008555144304409623,0.9239379167556763,0.9353300680507997,0.8785164678581606
CYST_PA38.nii.gz,1,context,gamma,identity_source,source-side native skip and mask context,4.303518289816566e-05,0.00030447833705693483,0.09642184525728226,0.9951229390620517,0.9902932186880731
CYST_PA38.nii.gz,1,context,gamma,existing_WP_predicted,source-side native skip and mask context,4.158722731517628e-05,0.00029829717823304236,0.09605888277292252,0.9952552675696211,0.9905553474883082
CYST_PA38.nii.gz,1,context,gamma,real_A_state_oracle,source-side native skip and mask context,2.5312891011708416e-05,0.00023514214262831956,0.06222434341907501,0.996155730326775,0.9923409042829394
CYST_PA38.nii.gz,1,context,blur,identity_source,source-side native skip and mask context,0.0015080396551638842,0.0025298292748630047,0.9509009718894958,0.9562726656836568,0.9162092763528412
CYST_PA38.nii.gz,1,context,blur,existing_WP_predicted,source-side native skip and mask context,0.0014171056682243943,0.002443085191771388,0.852392852306366,0.9573841422743613,0.9182520438187063
CYST_PA38.nii.gz,1,context,blur,real_A_state_oracle,source-side native skip and mask context,0.0009897287236526608,0.0019033093703910708,0.6128814220428467,0.9665667384743627,0.9352967186748363
CYST_PA38.nii.gz,2,foreground,gamma,identity_source,source-side native skip and mask context,4.561576497508213e-05,0.00034718625829555094,0.12082875519990921,0.9948776498227048,0.9898075091527082
CYST_PA38.nii.gz,2,foreground,gamma,existing_WP_predicted,source-side native skip and mask context,4.669653208111413e-05,0.0003518506418913603,0.12059229612350464,0.9948092515261415,0.9896721125184661
CYST_PA38.nii.gz,2,foreground,gamma,real_A_state_oracle,source-side native skip and mask context,2.654099080245942e-05,0.0002744607627391815,0.08391343802213669,0.9959431825919264,0.9919191477260298
CYST_PA38.nii.gz,2,foreground,blur,identity_source,source-side native skip and mask context,0.0017363064689561725,0.002972641959786415,1.7399981021881104,0.9529951991424769,0.9102109162841947
CYST_PA38.nii.gz,2,foreground,blur,existing_WP_predicted,source-side native skip and mask context,0.0016685125883668661,0.0029151500202715397,1.6216275691986084,0.9537993200689046,0.9116791246319238
CYST_PA38.nii.gz,2,foreground,blur,real_A_state_oracle,source-side native skip and mask context,0.0011053169146180153,0.0022262290585786104,1.3667199611663818,0.9646713477532851,0.9317537437603993
CYST_PA38.nii.gz,3,repeat_fill,gamma,identity_source,source-side native skip and mask context,2.230749487353023e-05,0.00013951789878774434,0.18507441878318787,0.9896930900888671,0.9795964774465622
CYST_PA38.nii.gz,3,repeat_fill,gamma,existing_WP_predicted,source-side native skip and mask context,2.1662084691342898e-05,0.00013704060984309763,0.1845276802778244,0.9899080651901379,0.9800177895455392
CYST_PA38.nii.gz,3,repeat_fill,gamma,real_A_state_oracle,source-side native skip and mask context,1.4117330465523992e-05,0.00010870712867472321,0.1436896175146103,0.9921114854261263,0.9843464540773957
CYST_PA38.nii.gz,3,repeat_fill,blur,identity_source,source-side native skip and mask context,0.0006030628574080765,0.0009601186611689627,1.4027715921401978,0.9279358560672729,0.8655600145932142
CYST_PA38.nii.gz,3,repeat_fill,blur,existing_WP_predicted,source-side native skip and mask context,0.0006171311251819134,0.0009828974725678563,1.2398042678833008,0.9255885329937636,0.8614842278004011
CYST_PA38.nii.gz,3,repeat_fill,blur,real_A_state_oracle,source-side native skip and mask context,0.0005107673932798207,0.0008555144304409623,0.9239379167556763,0.9353300680507997,0.8785164678581606
HEM_PA66.nii.gz,0,context,gamma,identity_source,source-side native skip and mask context,0.00013823641347698867,0.0003985756484325975,0.1792241632938385,0.9735996758028328,0.9485574515619584
HEM_PA66.nii.gz,0,context,gamma,existing_WP_predicted,source-side native skip and mask context,0.00014159828424453735,0.0004037820326630026,0.18021036684513092,0.9732038681353452,0.9478063248719233
HEM_PA66.nii.gz,0,context,gamma,real_A_state_oracle,source-side native skip and mask context,4.161429387750104e-05,0.00021819719404447824,0.10992854833602905,0.985689292524228,0.9717823988836993
HEM_PA66.nii.gz,0,context,blur,identity_source,source-side native skip and mask context,0.0006186372484080493,0.001051799044944346,1.4900696277618408,0.9237768527621478,0.8583506637383141
HEM_PA66.nii.gz,0,context,blur,existing_WP_predicted,source-side native skip and mask context,0.0006096786819398403,0.001053079147823155,1.3454324007034302,0.923220482925653,0.8573904576436222
HEM_PA66.nii.gz,0,context,blur,real_A_state_oracle,source-side native skip and mask context,0.0004007244424428791,0.0007753853569738567,0.8473507761955261,0.9430806525029904,0.8922919754817515
HEM_PA66.nii.gz,1,context,gamma,identity_source,source-side native skip and mask context,0.00013464275980368257,0.0005625325138680637,0.13517743349075317,0.9920853421034055,0.984294984035431
HEM_PA66.nii.gz,1,context,gamma,existing_WP_predicted,source-side native skip and mask context,0.0001354829000774771,0.0005604473990388215,0.1345123052597046,0.9921047876019616,0.9843332673854981
HEM_PA66.nii.gz,1,context,gamma,real_A_state_oracle,source-side native skip and mask context,6.146716623334214e-05,0.0003879801370203495,0.0930938720703125,0.9945503352922277,0.9891597463322915
HEM_PA66.nii.gz,1,context,blur,identity_source,source-side native skip and mask context,0.0011462754337117076,0.0021672281436622143,1.1989929676055908,0.9682695660443148,0.938490844291508
HEM_PA66.nii.gz,1,context,blur,existing_WP_predicted,source-side native skip and mask context,0.0010705275926738977,0.002087604720145464,1.0296227931976318,0.9694454443432782,0.940702691596466
HEM_PA66.nii.gz,1,context,blur,real_A_state_oracle,source-side native skip and mask context,0.0009382400312460959,0.001899212715215981,0.7518022656440735,0.9721709925214037,0.94584895488236
HEM_PA66.nii.gz,2,foreground,gamma,identity_source,source-side native skip and mask context,0.0001388995151501149,0.0005991964717395604,0.14142435789108276,0.9914414654703353,0.9830281848070308
HEM_PA66.nii.gz,2,foreground,gamma,existing_WP_predicted,source-side native skip and mask context,0.0001410643308190629,0.0006000776775181293,0.14131484925746918,0.9914123054000227,0.9829708519230281
HEM_PA66.nii.gz,2,foreground,gamma,real_A_state_oracle,source-side native skip and mask context,5.254190182313323e-05,0.0003859184798784554,0.08958690613508224,0.994426434260698,0.9889146534292509
HEM_PA66.nii.gz,2,foreground,blur,identity_source,source-side native skip and mask context,0.0015313958283513784,0.0028350620996207,1.4929418563842773,0.9580514148879327,0.9194805085174993
HEM_PA66.nii.gz,2,foreground,blur,existing_WP_predicted,source-side native skip and mask context,0.0014096470549702644,0.0027099349536001682,1.2521647214889526,0.9594544190511923,0.922068611522358
HEM_PA66.nii.gz,2,foreground,blur,real_A_state_oracle,source-side native skip and mask context,0.0011358334450051188,0.002338184043765068,0.9083777666091919,0.9655209033948104,0.9333401772576395
HEM_PA66.nii.gz,3,repeat_fill,gamma,identity_source,source-side native skip and mask context,0.00013823641347698867,0.0003985756484325975,0.1792241632938385,0.9735996758028328,0.9485574515619584
HEM_PA66.nii.gz,3,repeat_fill,gamma,existing_WP_predicted,source-side native skip and mask context,0.00014159828424453735,0.0004037820326630026,0.18021036684513092,0.9732038681353452,0.9478063248719233
HEM_PA66.nii.gz,3,repeat_fill,gamma,real_A_state_oracle,source-side native skip and mask context,4.161429387750104e-05,0.00021819719404447824,0.10992854833602905,0.985689292524228,0.9717823988836993
HEM_PA66.nii.gz,3,repeat_fill,blur,identity_source,source-side native skip and mask context,0.0006186372484080493,0.001051799044944346,1.4900696277618408,0.9237768527621478,0.8583506637383141
HEM_PA66.nii.gz,3,repeat_fill,blur,existing_WP_predicted,source-side native skip and mask context,0.0006096786819398403,0.001053079147823155,1.3454324007034302,0.923220482925653,0.8573904576436222
HEM_PA66.nii.gz,3,repeat_fill,blur,real_A_state_oracle,source-side native skip and mask context,0.0004007244424428791,0.0007753853569738567,0.8473507761955261,0.9430806525029904,0.8922919754817515
HEM_PA56.nii.gz,0,context,gamma,identity_source,source-side native skip and mask context,0.00011187267955392599,0.00040490381070412695,0.29858267307281494,0.9829967042332426,0.9665619652610112
HEM_PA56.nii.gz,0,context,gamma,existing_WP_predicted,source-side native skip and mask context,0.00011692480620695278,0.0004208047466818243,0.2997228801250458,0.982067026795233,0.9647659056601565
HEM_PA56.nii.gz,0,context,gamma,real_A_state_oracle,source-side native skip and mask context,5.6908214901341125e-05,0.0002848088333848864,0.21197903156280518,0.9880531396349039,0.9763883641858708
HEM_PA56.nii.gz,0,context,blur,identity_source,source-side native skip and mask context,0.0006219710339792073,0.0012048857752233744,1.3407690525054932,0.9501037995461787,0.9049502218747845
HEM_PA56.nii.gz,0,context,blur,existing_WP_predicted,source-side native skip and mask context,0.000690407061483711,0.001291294931434095,1.2237884998321533,0.9462433007589961,0.8979713262468964
HEM_PA56.nii.gz,0,context,blur,real_A_state_oracle,source-side native skip and mask context,0.0005588433123193681,0.0011333171278238297,0.793515682220459,0.9535932239683087,0.9113026079443396
HEM_PA56.nii.gz,1,context,gamma,identity_source,source-side native skip and mask context,0.00017420096264686435,0.0007572448812425137,0.15890423953533173,0.9920853262414543,0.9842949528077973
HEM_PA56.nii.gz,1,context,gamma,existing_WP_predicted,source-side native skip and mask context,0.00016513449372723699,0.0007304566097445786,0.1592625379562378,0.992283195083626,0.9846845763041245
HEM_PA56.nii.gz,1,context,gamma,real_A_state_oracle,source-side native skip and mask context,8.326704119099304e-05,0.0005309981643222272,0.09713630378246307,0.9943101991663672,0.9886847796827283
HEM_PA56.nii.gz,1,context,blur,identity_source,source-side native skip and mask context,0.0017994717927649617,0.003274771850556135,0.9237008094787598,0.9645168770813384,0.9314655697745278
HEM_PA56.nii.gz,1,context,blur,existing_WP_predicted,source-side native skip and mask context,0.0018068827921524644,0.00330030033364892,0.7779719233512878,0.9640929662990854,0.9306751812030235
HEM_PA56.nii.gz,1,context,blur,real_A_state_oracle,source-side native skip and mask context,0.0009143625502474606,0.0022009145468473434,0.4538111090660095,0.9760617099865152,0.953242709552019
HEM_PA56.nii.gz,2,foreground,gamma,identity_source,source-side native skip and mask context,0.00013596842472907156,0.0007419742178171873,0.1429443508386612,0.9934518047116899,0.9869888092414006
HEM_PA56.nii.gz,2,foreground,gamma,existing_WP_predicted,source-side native skip and mask context,0.00013225057045929134,0.0007297181291505694,0.14355100691318512,0.9935814714320952,0.9872448124001888
HEM_PA56.nii.gz,2,foreground,gamma,real_A_state_oracle,source-side native skip and mask context,6.937194848433137e-05,0.0005311211571097374,0.08510283380746841,0.9953327297360842,0.9907088239020871
HEM_PA56.nii.gz,2,foreground,blur,identity_source,source-side native skip and mask context,0.001820885925553739,0.0035216400865465403,0.9566040635108948,0.9680165611751556,0.9380155967206895
HEM_PA56.nii.gz,2,foreground,blur,existing_WP_predicted,source-side native skip and mask context,0.0017566992901265621,0.003470743540674448,0.7803247570991516,0.968367534829624,0.9386749327142359
HEM_PA56.nii.gz,2,foreground,blur,real_A_state_oracle,source-side native skip and mask context,0.0011515386868268251,0.002670958871021867,0.4962207078933716,0.9756358227445955,0.9524306339554283
HEM_PA56.nii.gz,3,repeat_fill,gamma,identity_source,source-side native skip and mask context,0.00011187267955392599,0.00040490381070412695,0.29858267307281494,0.9829967042332426,0.9665619652610112
HEM_PA56.nii.gz,3,repeat_fill,gamma,existing_WP_predicted,source-side native skip and mask context,0.00011692480620695278,0.0004208047466818243,0.2997228801250458,0.982067026795233,0.9647659056601565
HEM_PA56.nii.gz,3,repeat_fill,gamma,real_A_state_oracle,source-side native skip and mask context,5.6908214901341125e-05,0.0002848088333848864,0.21197903156280518,0.9880531396349039,0.9763883641858708
HEM_PA56.nii.gz,3,repeat_fill,blur,identity_source,source-side native skip and mask context,0.0006219710339792073,0.0012048857752233744,1.3407690525054932,0.9501037995461787,0.9049502218747845
HEM_PA56.nii.gz,3,repeat_fill,blur,existing_WP_predicted,source-side native skip and mask context,0.000690407061483711,0.001291294931434095,1.2237884998321533,0.9462433007589961,0.8979713262468964
HEM_PA56.nii.gz,3,repeat_fill,blur,real_A_state_oracle,source-side native skip and mask context,0.0005588433123193681,0.0011333171278238297,0.793515682220459,0.9535932239683087,0.9113026079443396
