case,patch_index,patch_kind,action,comparison_group,state_shape,channels,spatial_resolution,normalized_mse_to_real_A,group_delta_norm,true_delta_norm,predicted_delta_norm,magnitude_ratio,delta_cosine_to_true,delta_cosine_valid,group_delta_rms,true_delta_rms
HEM_PA99.nii.gz,0,context,gamma,identity_source,1x288x24x24x24,288,24x24x24,0.00840381346642971,0.0,394.4923400878906,0.0,0.0,,False,0.0,0.19770854711532593
HEM_PA99.nii.gz,0,context,gamma,existing_WP_predicted,1x288x24x24x24,288,24x24x24,0.008430196903645992,19.814735412597656,394.4923400878906,19.814735412597656,0.05022844146525899,-0.00613737665116787,True,0.009930592030286789,0.19770854711532593
HEM_PA99.nii.gz,0,context,gamma,real_A_state_oracle,1x288x24x24x24,288,24x24x24,0.0,394.4923400878906,394.4923400878906,394.4923400878906,1.0,1.0,True,0.19770854711532593,0.19770854711532593
HEM_PA99.nii.gz,0,context,blur,identity_source,1x288x24x24x24,288,24x24x24,0.05311252176761627,0.0,1022.6587524414062,0.0,0.0,,False,0.0,0.5125280022621155
HEM_PA99.nii.gz,0,context,blur,existing_WP_predicted,1x288x24x24x24,288,24x24x24,0.05849222466349602,336.2851867675781,1022.6587524414062,336.2851867675781,0.32883421372452953,0.010405338369309902,True,0.16853676736354828,0.5125280022621155
HEM_PA99.nii.gz,0,context,blur,real_A_state_oracle,1x288x24x24x24,288,24x24x24,0.0,1022.6587524414062,1022.6587524414062,1022.6587524414062,1.0,0.9999999403953552,True,0.5125280022621155,0.5125280022621155
HEM_PA99.nii.gz,1,context,gamma,identity_source,1x288x24x24x24,288,24x24x24,0.02149142324924469,0.0,366.4800109863281,0.0,0.0,,False,0.0,0.1836695522069931
HEM_PA99.nii.gz,1,context,gamma,existing_WP_predicted,1x288x24x24x24,288,24x24x24,0.021583179011940956,15.104799270629883,366.4800109863281,15.104799270629883,0.04121588850092395,-0.031182780861854553,True,0.007570104207843542,0.1836695522069931
HEM_PA99.nii.gz,1,context,gamma,real_A_state_oracle,1x288x24x24x24,288,24x24x24,0.0,366.4800109863281,366.4800109863281,366.4800109863281,1.0,1.0,True,0.1836695522069931,0.1836695522069931
HEM_PA99.nii.gz,1,context,blur,identity_source,1x288x24x24x24,288,24x24x24,0.13124272227287292,0.0,894.4793090820312,0.0,0.0,,False,0.0,0.44828808307647705
HEM_PA99.nii.gz,1,context,blur,existing_WP_predicted,1x288x24x24x24,288,24x24x24,0.12812867760658264,338.0735778808594,894.4793090820312,338.0735778808594,0.37795572736926797,0.22036676108837128,True,0.16943304240703583,0.44828808307647705
HEM_PA99.nii.gz,1,context,blur,real_A_state_oracle,1x288x24x24x24,288,24x24x24,0.0,894.4793090820312,894.4793090820312,894.4793090820312,1.0,1.0,True,0.44828808307647705,0.44828808307647705
HEM_PA99.nii.gz,2,foreground,gamma,identity_source,1x288x24x24x24,288,24x24x24,0.03331604599952698,0.0,432.45751953125,0.0,0.0,,False,0.0,0.21673564612865448
HEM_PA99.nii.gz,2,foreground,gamma,existing_WP_predicted,1x288x24x24x24,288,24x24x24,0.03329578787088394,16.270841598510742,432.45751953125,16.270841598510742,0.03762413847294656,0.026893582195043564,True,0.008154491893947124,0.21673564612865448
HEM_PA99.nii.gz,2,foreground,gamma,real_A_state_oracle,1x288x24x24x24,288,24x24x24,0.0,432.45751953125,432.45751953125,432.45751953125,1.0,1.0,True,0.21673564612865448,0.21673564612865448
HEM_PA99.nii.gz,2,foreground,blur,identity_source,1x288x24x24x24,288,24x24x24,0.1308262199163437,0.0,851.6400146484375,0.0,0.0,,False,0.0,0.42681822180747986
HEM_PA99.nii.gz,2,foreground,blur,existing_WP_predicted,1x288x24x24x24,288,24x24x24,0.1209147647023201,303.0129699707031,851.6400146484375,303.0129699707031,0.3557993574266104,0.28436464071273804,True,0.15186163783073425,0.42681822180747986
HEM_PA99.nii.gz,2,foreground,blur,real_A_state_oracle,1x288x24x24x24,288,24x24x24,0.0,851.6400146484375,851.6400146484375,851.6400146484375,1.0,1.0000001192092896,True,0.42681822180747986,0.42681822180747986
HEM_PA99.nii.gz,3,foreground,gamma,identity_source,1x288x24x24x24,288,24x24x24,0.02566169574856758,0.0,372.0265808105469,0.0,0.0,,False,0.0,0.186449334025383
HEM_PA99.nii.gz,3,foreground,gamma,existing_WP_predicted,1x288x24x24x24,288,24x24x24,0.025706034153699875,13.438566207885742,372.0265808105469,13.438566207885742,0.03612259688167088,-0.005853357724845409,True,0.006735034286975861,0.186449334025383
HEM_PA99.nii.gz,3,foreground,gamma,real_A_state_oracle,1x288x24x24x24,288,24x24x24,0.0,372.0265808105469,372.0265808105469,372.0265808105469,1.0,0.9999998807907104,True,0.186449334025383,0.186449334025383
HEM_PA99.nii.gz,3,foreground,blur,identity_source,1x288x24x24x24,288,24x24x24,0.1256394237279892,0.0,817.672119140625,0.0,0.0,,False,0.0,0.4097944498062134
HEM_PA99.nii.gz,3,foreground,blur,existing_WP_predicted,1x288x24x24x24,288,24x24x24,0.11565577238798141,275.3896789550781,817.672119140625,275.3896789550781,0.3367971984228999,0.2863667905330658,True,0.13801760971546173,0.4097944498062134
HEM_PA99.nii.gz,3,foreground,blur,real_A_state_oracle,1x288x24x24x24,288,24x24x24,0.0,817.672119140625,817.672119140625,817.672119140625,1.0,1.0,True,0.4097944498062134,0.4097944498062134
HCC_10140276_20170721.nii.gz,0,context,gamma,identity_source,1x288x24x24x24,288,24x24x24,0.006153158377856016,0.0,230.39242553710938,0.0,0.0,,False,0.0,0.11546625196933746
HCC_10140276_20170721.nii.gz,0,context,gamma,existing_WP_predicted,1x288x24x24x24,288,24x24x24,0.0061885216273367405,12.810663223266602,230.39242553710938,12.810663223266602,0.05560366489220013,-0.023878026753664017,True,0.006420346908271313,0.11546625196933746
HCC_10140276_20170721.nii.gz,0,context,gamma,real_A_state_oracle,1x288x24x24x24,288,24x24x24,0.0,230.39242553710938,230.39242553710938,230.39242553710938,1.0,1.0,True,0.11546625196933746,0.11546625196933746
HCC_10140276_20170721.nii.gz,0,context,blur,identity_source,1x288x24x24x24,288,24x24x24,0.11443550884723663,0.0,932.7703857421875,0.0,0.0,,False,0.0,0.467478483915329
HCC_10140276_20170721.nii.gz,0,context,blur,existing_WP_predicted,1x288x24x24x24,288,24x24x24,0.0859186127781868,384.262939453125,932.7703857421875,384.262939453125,0.41195876855307145,0.5084323287010193,True,0.19258186221122742,0.467478483915329
HCC_10140276_20170721.nii.gz,0,context,blur,real_A_state_oracle,1x288x24x24x24,288,24x24x24,0.0,932.7703857421875,932.7703857421875,932.7703857421875,1.0,1.0,True,0.467478483915329,0.467478483915329
HCC_10140276_20170721.nii.gz,1,context,gamma,identity_source,1x288x24x24x24,288,24x24x24,0.009670048952102661,0.0,254.43338012695312,0.0,0.0,,False,0.0,0.12751491367816925
HCC_10140276_20170721.nii.gz,1,context,gamma,existing_WP_predicted,1x288x24x24x24,288,24x24x24,0.009647221304476261,12.012533187866211,254.43338012695312,12.012533187866211,0.047212882137840514,0.04860789701342583,True,0.0060203466564416885,0.12751491367816925
HCC_10140276_20170721.nii.gz,1,context,gamma,real_A_state_oracle,1x288x24x24x24,288,24x24x24,0.0,254.43338012695312,254.43338012695312,254.43338012695312,1.0,1.0000001192092896,True,0.12751491367816925,0.12751491367816925
HCC_10140276_20170721.nii.gz,1,context,blur,identity_source,1x288x24x24x24,288,24x24x24,0.11397970467805862,0.0,847.4901733398438,0.0,0.0,,False,0.0,0.42473843693733215
HCC_10140276_20170721.nii.gz,1,context,blur,existing_WP_predicted,1x288x24x24x24,288,24x24x24,0.0927400067448616,329.79486083984375,847.4901733398438,329.79486083984375,0.3891429909330594,0.43400296568870544,True,0.16528397798538208,0.42473843693733215
HCC_10140276_20170721.nii.gz,1,context,blur,real_A_state_oracle,1x288x24x24x24,288,24x24x24,0.0,847.4901733398438,847.4901733398438,847.4901733398438,1.0,1.0,True,0.42473843693733215,0.42473843693733215
HCC_10140276_20170721.nii.gz,2,foreground,gamma,identity_source,1x288x24x24x24,288,24x24x24,0.013302252627909184,0.0,285.74530029296875,0.0,0.0,,False,0.0,0.14320756494998932
HCC_10140276_20170721.nii.gz,2,foreground,gamma,existing_WP_predicted,1x288x24x24x24,288,24x24x24,0.013303772546350956,12.825444221496582,285.74530029296875,12.825444221496582,0.04488418255119828,0.0211704820394516,True,0.006427754648029804,0.14320756494998932
HCC_10140276_20170721.nii.gz,2,foreground,gamma,real_A_state_oracle,1x288x24x24x24,288,24x24x24,0.0,285.74530029296875,285.74530029296875,285.74530029296875,1.0,1.0,True,0.14320756494998932,0.14320756494998932
HCC_10140276_20170721.nii.gz,2,foreground,blur,identity_source,1x288x24x24x24,288,24x24x24,0.12637190520763397,0.0,868.442626953125,0.0,0.0,,False,0.0,0.4352392256259918
HCC_10140276_20170721.nii.gz,2,foreground,blur,existing_WP_predicted,1x288x24x24x24,288,24x24x24,0.10763030499219894,341.1940002441406,868.442626953125,341.1940002441406,0.3928803004997553,0.38518083095550537,True,0.17099690437316895,0.4352392256259918
HCC_10140276_20170721.nii.gz,2,foreground,blur,real_A_state_oracle,1x288x24x24x24,288,24x24x24,0.0,868.442626953125,868.442626953125,868.442626953125,1.0,1.0,True,0.4352392256259918,0.4352392256259918
HCC_10140276_20170721.nii.gz,3,foreground,gamma,identity_source,1x288x24x24x24,288,24x24x24,0.012382113374769688,0.0,281.2280578613281,0.0,0.0,,False,0.0,0.14094366133213043
HCC_10140276_20170721.nii.gz,3,foreground,gamma,existing_WP_predicted,1x288x24x24x24,288,24x24x24,0.012395462021231651,12.5995454788208,281.2280578613281,12.5995454788208,0.04480187921019446,0.01036917045712471,True,0.00631454074755311,0.14094366133213043
HCC_10140276_20170721.nii.gz,3,foreground,gamma,real_A_state_oracle,1x288x24x24x24,288,24x24x24,0.0,281.2280578613281,281.2280578613281,281.2280578613281,1.0,1.0,True,0.14094366133213043,0.14094366133213043
HCC_10140276_20170721.nii.gz,3,foreground,blur,identity_source,1x288x24x24x24,288,24x24x24,0.12384100258350372,0.0,847.0374755859375,0.0,0.0,,False,0.0,0.42451155185699463
HCC_10140276_20170721.nii.gz,3,foreground,blur,existing_WP_predicted,1x288x24x24x24,288,24x24x24,0.0954858735203743,353.66656494140625,847.0374755859375,353.66656494140625,0.41753355091728106,0.48295316100120544,True,0.1772478222846985,0.42451155185699463
HCC_10140276_20170721.nii.gz,3,foreground,blur,real_A_state_oracle,1x288x24x24x24,288,24x24x24,0.0,847.0374755859375,847.0374755859375,847.0374755859375,1.0,1.0,True,0.42451155185699463,0.42451155185699463
HEM_PA97.nii.gz,0,context,gamma,identity_source,1x288x24x24x24,288,24x24x24,0.20944413542747498,0.0,1970.9912109375,0.0,0.0,,False,0.0,0.9878058433532715
HEM_PA97.nii.gz,0,context,gamma,existing_WP_predicted,1x288x24x24x24,288,24x24x24,0.20863820612430573,15.091910362243652,1970.9912109375,15.091910362243652,0.007657015555673229,0.2550942897796631,True,0.007563644554466009,0.9878058433532715
HEM_PA97.nii.gz,0,context,gamma,real_A_state_oracle,1x288x24x24x24,288,24x24x24,0.0,1970.9912109375,1970.9912109375,1970.9912109375,1.0,1.0000001192092896,True,0.9878058433532715,0.9878058433532715
HEM_PA97.nii.gz,0,context,blur,identity_source,1x288x24x24x24,288,24x24x24,0.37704676389694214,0.0,2681.9697265625,0.0,0.0,,False,0.0,1.3441284894943237
HEM_PA97.nii.gz,0,context,blur,existing_WP_predicted,1x288x24x24x24,288,24x24x24,0.404112845659256,319.762939453125,2681.9697265625,319.762939453125,0.11922690114141127,-0.24142785370349884,True,0.1602562516927719,1.3441284894943237
HEM_PA97.nii.gz,0,context,blur,real_A_state_oracle,1x288x24x24x24,288,24x24x24,0.0,2681.9697265625,2681.9697265625,2681.9697265625,1.0,1.0000001192092896,True,1.3441284894943237,1.3441284894943237
HEM_PA97.nii.gz,1,context,gamma,identity_source,1x288x24x24x24,288,24x24x24,0.02522151544690132,0.0,388.9452209472656,0.0,0.0,,False,0.0,0.19492848217487335
HEM_PA97.nii.gz,1,context,gamma,existing_WP_predicted,1x288x24x24x24,288,24x24x24,0.02516344003379345,14.900596618652344,388.9452209472656,14.900596618652344,0.03831027048580862,0.04920647665858269,True,0.007467763032764196,0.19492848217487335
HEM_PA97.nii.gz,1,context,gamma,real_A_state_oracle,1x288x24x24x24,288,24x24x24,0.0,388.9452209472656,388.9452209472656,388.9452209472656,1.0,0.9999998807907104,True,0.19492848217487335,0.19492848217487335
HEM_PA97.nii.gz,1,context,blur,identity_source,1x288x24x24x24,288,24x24x24,0.1347196400165558,0.0,893.6390991210938,0.0,0.0,,False,0.0,0.4478669762611389
HEM_PA97.nii.gz,1,context,blur,existing_WP_predicted,1x288x24x24x24,288,24x24x24,0.12066735327243805,336.44012451171875,893.6390991210938,336.44012451171875,0.3764832188325379,0.326770544052124,True,0.16861440241336823,0.4478669762611389
HEM_PA97.nii.gz,1,context,blur,real_A_state_oracle,1x288x24x24x24,288,24x24x24,0.0,893.6390991210938,893.6390991210938,893.6390991210938,1.0,1.0,True,0.4478669762611389,0.4478669762611389
HEM_PA97.nii.gz,2,foreground,gamma,identity_source,1x288x24x24x24,288,24x24x24,0.044732362031936646,0.0,531.5584106445312,0.0,0.0,,False,0.0,0.2664022445678711
HEM_PA97.nii.gz,2,foreground,gamma,existing_WP_predicted,1x288x24x24x24,288,24x24x24,0.044362615793943405,17.48897933959961,531.5584106445312,17.48897933959961,0.03290133123543972,0.1420665979385376,True,0.008764988742768764,0.2664022445678711
HEM_PA97.nii.gz,2,foreground,gamma,real_A_state_oracle,1x288x24x24x24,288,24x24x24,0.0,531.5584106445312,531.5584106445312,531.5584106445312,1.0,1.0,True,0.2664022445678711,0.2664022445678711
HEM_PA97.nii.gz,2,foreground,blur,identity_source,1x288x24x24x24,288,24x24x24,0.13099952042102814,0.0,915.236328125,0.0,0.0,,False,0.0,0.45869091153144836
HEM_PA97.nii.gz,2,foreground,blur,existing_WP_predicted,1x288x24x24x24,288,24x24x24,0.11341197788715363,342.57012939453125,915.236328125,342.57012939453125,0.3742969098444092,0.36649319529533386,True,0.171686589717865,0.45869091153144836
HEM_PA97.nii.gz,2,foreground,blur,real_A_state_oracle,1x288x24x24x24,288,24x24x24,0.0,915.236328125,915.236328125,915.236328125,1.0,0.9999999403953552,True,0.45869091153144836,0.45869091153144836
HEM_PA97.nii.gz,3,context_fill,gamma,identity_source,1x288x24x24x24,288,24x24x24,0.008715607225894928,0.0,416.17462158203125,0.0,0.0,,False,0.0,0.20857511460781097
HEM_PA97.nii.gz,3,context_fill,gamma,existing_WP_predicted,1x288x24x24x24,288,24x24x24,0.008708867244422436,14.831395149230957,416.17462158203125,14.831395149230957,0.035637432894998315,0.028670242056250572,True,0.007433081511408091,0.20857511460781097
HEM_PA97.nii.gz,3,context_fill,gamma,real_A_state_oracle,1x288x24x24x24,288,24x24x24,0.0,416.17462158203125,416.17462158203125,416.17462158203125,1.0,1.0000001192092896,True,0.20857511460781097,0.20857511460781097
HEM_PA97.nii.gz,3,context_fill,blur,identity_source,1x288x24x24x24,288,24x24x24,2.1485674381256104,0.0,3592.316162109375,0.0,0.0,,False,0.0,1.8003686666488647
HEM_PA97.nii.gz,3,context_fill,blur,existing_WP_predicted,1x288x24x24x24,288,24x24x24,1.8230979442596436,402.4423828125,3592.316162109375,402.4423828125,0.11202866469753862,0.732100784778595,True,0.20169289410114288,1.8003686666488647
HEM_PA97.nii.gz,3,context_fill,blur,real_A_state_oracle,1x288x24x24x24,288,24x24x24,0.0,3592.316162109375,3592.316162109375,3592.316162109375,1.0,1.0000001192092896,True,1.8003686666488647,1.8003686666488647
CYST_PA69.nii.gz,0,context,gamma,identity_source,1x288x24x24x24,288,24x24x24,0.0076834652572870255,0.0,382.8065490722656,0.0,0.0,,False,0.0,0.19185195863246918
CYST_PA69.nii.gz,0,context,gamma,existing_WP_predicted,1x288x24x24x24,288,24x24x24,0.00771561311557889,19.7025203704834,382.8065490722656,19.7025203704834,0.05146860840869258,-0.014910760335624218,True,0.009874353185296059,0.19185195863246918
CYST_PA69.nii.gz,0,context,gamma,real_A_state_oracle,1x288x24x24x24,288,24x24x24,0.0,382.8065490722656,382.8065490722656,382.8065490722656,1.0,1.0,True,0.19185195863246918,0.19185195863246918
CYST_PA69.nii.gz,0,context,blur,identity_source,1x288x24x24x24,288,24x24x24,0.036530137062072754,0.0,827.9601440429688,0.0,0.0,,False,0.0,0.41495051980018616
CYST_PA69.nii.gz,0,context,blur,existing_WP_predicted,1x288x24x24x24,288,24x24x24,0.03997888043522835,335.24835205078125,827.9601440429688,335.24835205078125,0.4049088044428656,0.08587495982646942,True,0.16801711916923523,0.41495051980018616
CYST_PA69.nii.gz,0,context,blur,real_A_state_oracle,1x288x24x24x24,288,24x24x24,0.0,827.9601440429688,827.9601440429688,827.9601440429688,1.0,1.0,True,0.41495051980018616,0.41495051980018616
CYST_PA69.nii.gz,1,context,gamma,identity_source,1x288x24x24x24,288,24x24x24,0.0041345651261508465,0.0,278.8692932128906,0.0,0.0,,False,0.0,0.13976150751113892
CYST_PA69.nii.gz,1,context,gamma,existing_WP_predicted,1x288x24x24x24,288,24x24x24,0.004143152851611376,15.21950626373291,278.8692932128906,15.21950626373291,0.05457576948823204,0.008258138783276081,True,0.007627591956406832,0.13976150751113892
CYST_PA69.nii.gz,1,context,gamma,real_A_state_oracle,1x288x24x24x24,288,24x24x24,0.0,278.8692932128906,278.8692932128906,278.8692932128906,1.0,0.9999998807907104,True,0.13976150751113892,0.13976150751113892
CYST_PA69.nii.gz,1,context,blur,identity_source,1x288x24x24x24,288,24x24x24,0.05947991460561752,0.0,1035.239013671875,0.0,0.0,,False,0.0,0.5188328623771667
CYST_PA69.nii.gz,1,context,blur,existing_WP_predicted,1x288x24x24x24,288,24x24x24,0.05862157419323921,370.562255859375,1035.239013671875,370.562255859375,0.3579485036455812,0.19913192093372345,True,0.185715451836586,0.5188328623771667
CYST_PA69.nii.gz,1,context,blur,real_A_state_oracle,1x288x24x24x24,288,24x24x24,0.0,1035.239013671875,1035.239013671875,1035.239013671875,1.0,0.9999998807907104,True,0.5188328623771667,0.5188328623771667
CYST_PA69.nii.gz,2,foreground,gamma,identity_source,1x288x24x24x24,288,24x24x24,0.0419403612613678,0.0,478.3322448730469,0.0,0.0,,False,0.0,0.23972678184509277
CYST_PA69.nii.gz,2,foreground,gamma,existing_WP_predicted,1x288x24x24x24,288,24x24x24,0.04178258404135704,16.356090545654297,478.3322448730469,16.356090545654297,0.034193995326397726,0.07210668176412582,True,0.00819721631705761,0.23972678184509277
CYST_PA69.nii.gz,2,foreground,gamma,real_A_state_oracle,1x288x24x24x24,288,24x24x24,0.0,478.3322448730469,478.3322448730469,478.3322448730469,1.0,1.0,True,0.23972678184509277,0.23972678184509277
CYST_PA69.nii.gz,2,foreground,blur,identity_source,1x288x24x24x24,288,24x24x24,0.14042501151561737,0.0,873.3351440429688,0.0,0.0,,False,0.0,0.43769121170043945
CYST_PA69.nii.gz,2,foreground,blur,existing_WP_predicted,1x288x24x24x24,288,24x24x24,0.13063552975654602,284.261474609375,873.3351440429688,284.261474609375,0.3254895632545266,0.2698344886302948,True,0.14246392250061035,0.43769121170043945
CYST_PA69.nii.gz,2,foreground,blur,real_A_state_oracle,1x288x24x24x24,288,24x24x24,0.0,873.3351440429688,873.3351440429688,873.3351440429688,1.0,1.0,True,0.43769121170043945,0.43769121170043945
CYST_PA69.nii.gz,3,foreground,gamma,identity_source,1x288x24x24x24,288,24x24x24,0.025879031047225,0.0,397.1106872558594,0.0,0.0,,False,0.0,0.19902080297470093
CYST_PA69.nii.gz,3,foreground,gamma,existing_WP_predicted,1x288x24x24x24,288,24x24x24,0.0258049163967371,15.742624282836914,397.1106872558594,15.742624282836914,0.03964291263884798,0.05594196543097496,True,0.00788976438343525,0.19902080297470093
CYST_PA69.nii.gz,3,foreground,gamma,real_A_state_oracle,1x288x24x24x24,288,24x24x24,0.0,397.1106872558594,397.1106872558594,397.1106872558594,1.0,1.0000001192092896,True,0.19902080297470093,0.19902080297470093
CYST_PA69.nii.gz,3,foreground,blur,identity_source,1x288x24x24x24,288,24x24x24,0.14264258742332458,0.0,924.353759765625,0.0,0.0,,False,0.0,0.46326032280921936
CYST_PA69.nii.gz,3,foreground,blur,existing_WP_predicted,1x288x24x24x24,288,24x24x24,0.1345241516828537,351.1883544921875,924.353759765625,351.1883544921875,0.3799285184724442,0.264865905046463,True,0.1760057955980301,0.46326032280921936
CYST_PA69.nii.gz,3,foreground,blur,real_A_state_oracle,1x288x24x24x24,288,24x24x24,0.0,924.353759765625,924.353759765625,924.353759765625,1.0,1.0,True,0.46326032280921936,0.46326032280921936
HCC_10076307_20130925.nii.gz,0,context,gamma,identity_source,1x288x24x24x24,288,24x24x24,0.01903800666332245,0.0,443.1872863769531,0.0,0.0,,False,0.0,0.22211310267448425
HCC_10076307_20130925.nii.gz,0,context,gamma,existing_WP_predicted,1x288x24x24x24,288,24x24x24,0.01912478357553482,12.465291976928711,443.1872863769531,12.465291976928711,0.02812646562773092,-0.06696520000696182,True,0.006247256882488728,0.22211310267448425
HCC_10076307_20130925.nii.gz,0,context,gamma,real_A_state_oracle,1x288x24x24x24,288,24x24x24,0.0,443.1872863769531,443.1872863769531,443.1872863769531,1.0,1.0,True,0.22211310267448425,0.22211310267448425
HCC_10076307_20130925.nii.gz,0,context,blur,identity_source,1x288x24x24x24,288,24x24x24,0.20783710479736328,0.0,1308.0206298828125,0.0,0.0,,False,0.0,0.6555434465408325
HCC_10076307_20130925.nii.gz,0,context,blur,existing_WP_predicted,1x288x24x24x24,288,24x24x24,0.13771909475326538,435.5284118652344,1308.0206298828125,435.5284118652344,0.3329675403546609,0.6730948090553284,True,0.21827468276023865,0.6555434465408325
HCC_10076307_20130925.nii.gz,0,context,blur,real_A_state_oracle,1x288x24x24x24,288,24x24x24,0.0,1308.0206298828125,1308.0206298828125,1308.0206298828125,1.0,1.0000001192092896,True,0.6555434465408325,0.6555434465408325
HCC_10076307_20130925.nii.gz,1,context,gamma,identity_source,1x288x24x24x24,288,24x24x24,0.011112757958471775,0.0,270.321044921875,0.0,0.0,,False,0.0,0.13547736406326294
HCC_10076307_20130925.nii.gz,1,context,gamma,existing_WP_predicted,1x288x24x24x24,288,24x24x24,0.011122437193989754,11.211679458618164,270.321044921875,11.211679458618164,0.04147542216647776,0.010234246961772442,True,0.005618980620056391,0.13547736406326294
HCC_10076307_20130925.nii.gz,1,context,gamma,real_A_state_oracle,1x288x24x24x24,288,24x24x24,0.0,270.321044921875,270.321044921875,270.321044921875,1.0,1.0,True,0.13547736406326294,0.13547736406326294
HCC_10076307_20130925.nii.gz,1,context,blur,identity_source,1x288x24x24x24,288,24x24x24,0.19699113070964813,0.0,1068.9732666015625,0.0,0.0,,False,0.0,0.535739541053772
HCC_10076307_20130925.nii.gz,1,context,blur,existing_WP_predicted,1x288x24x24x24,288,24x24x24,0.14294013381004333,345.0984191894531,1068.9732666015625,345.0984191894531,0.32283166471185604,0.5863784551620483,True,0.17295369505882263,0.535739541053772
HCC_10076307_20130925.nii.gz,1,context,blur,real_A_state_oracle,1x288x24x24x24,288,24x24x24,0.0,1068.9732666015625,1068.9732666015625,1068.9732666015625,1.0,0.9999998807907104,True,0.535739541053772,0.535739541053772
HCC_10076307_20130925.nii.gz,2,foreground,gamma,identity_source,1x288x24x24x24,288,24x24x24,0.018812745809555054,0.0,344.725830078125,0.0,0.0,,False,0.0,0.17276698350906372
HCC_10076307_20130925.nii.gz,2,foreground,gamma,existing_WP_predicted,1x288x24x24x24,288,24x24x24,0.01878921501338482,13.114581108093262,344.725830078125,13.114581108093262,0.038043511578813555,0.03545999899506569,True,0.006572662387043238,0.17276698350906372
HCC_10076307_20130925.nii.gz,2,foreground,gamma,real_A_state_oracle,1x288x24x24x24,288,24x24x24,0.0,344.725830078125,344.725830078125,344.725830078125,1.0,1.0000001192092896,True,0.17276698350906372,0.17276698350906372
HCC_10076307_20130925.nii.gz,2,foreground,blur,identity_source,1x288x24x24x24,288,24x24x24,0.13893811404705048,0.0,900.1700439453125,0.0,0.0,,False,0.0,0.4511401057243347
HCC_10076307_20130925.nii.gz,2,foreground,blur,existing_WP_predicted,1x288x24x24x24,288,24x24x24,0.10280589014291763,360.6468200683594,900.1700439453125,360.6468200683594,0.4006429923925235,0.5248745083808899,True,0.18074612319469452,0.4511401057243347
HCC_10076307_20130925.nii.gz,2,foreground,blur,real_A_state_oracle,1x288x24x24x24,288,24x24x24,0.0,900.1700439453125,900.1700439453125,900.1700439453125,1.0,1.0,True,0.4511401057243347,0.4511401057243347
HCC_10076307_20130925.nii.gz,3,foreground,gamma,identity_source,1x288x24x24x24,288,24x24x24,0.011545244604349136,0.0,270.4486083984375,0.0,0.0,,False,0.0,0.13554130494594574
HCC_10076307_20130925.nii.gz,3,foreground,gamma,existing_WP_predicted,1x288x24x24x24,288,24x24x24,0.011525647714734077,11.963022232055664,270.4486083984375,11.963022232055664,0.04423399440987761,0.04130358248949051,True,0.005995532963424921,0.13554130494594574
HCC_10076307_20130925.nii.gz,3,foreground,gamma,real_A_state_oracle,1x288x24x24x24,288,24x24x24,0.0,270.4486083984375,270.4486083984375,270.4486083984375,1.0,1.0,True,0.13554130494594574,0.13554130494594574
HCC_10076307_20130925.nii.gz,3,foreground,blur,identity_source,1x288x24x24x24,288,24x24x24,0.11967381834983826,0.0,843.3177490234375,0.0,0.0,,False,0.0,0.4226473271846771
HCC_10076307_20130925.nii.gz,3,foreground,blur,existing_WP_predicted,1x288x24x24x24,288,24x24x24,0.09162171930074692,343.7579040527344,843.3177490234375,343.7579040527344,0.40762560073093,0.49133723974227905,True,0.172281876206398,0.4226473271846771
HCC_10076307_20130925.nii.gz,3,foreground,blur,real_A_state_oracle,1x288x24x24x24,288,24x24x24,0.0,843.3177490234375,843.3177490234375,843.3177490234375,1.0,1.0000001192092896,True,0.4226473271846771,0.4226473271846771
CYST_PA20.nii.gz,0,context,gamma,identity_source,1x288x24x24x24,288,24x24x24,0.006214811932295561,0.0,253.7897186279297,0.0,0.0,,False,0.0,0.12719231843948364
CYST_PA20.nii.gz,0,context,gamma,existing_WP_predicted,1x288x24x24x24,288,24x24x24,0.006210107821971178,12.852691650390625,253.7897186279297,12.852691650390625,0.050643074588980534,0.03279408812522888,True,0.006441410165280104,0.12719231843948364
CYST_PA20.nii.gz,0,context,gamma,real_A_state_oracle,1x288x24x24x24,288,24x24x24,0.0,253.7897186279297,253.7897186279297,253.7897186279297,1.0,0.9999999403953552,True,0.12719231843948364,0.12719231843948364
CYST_PA20.nii.gz,0,context,blur,identity_source,1x288x24x24x24,288,24x24x24,0.16058222949504852,0.0,1150.2557373046875,0.0,0.0,,False,0.0,0.5764760971069336
CYST_PA20.nii.gz,0,context,blur,existing_WP_predicted,1x288x24x24x24,288,24x24x24,0.10625506937503815,427.4525146484375,1150.2557373046875,427.4525146484375,0.3716151989383305,0.6410011053085327,True,0.21422727406024933,0.5764760971069336
CYST_PA20.nii.gz,0,context,blur,real_A_state_oracle,1x288x24x24x24,288,24x24x24,0.0,1150.2557373046875,1150.2557373046875,1150.2557373046875,1.0,1.0,True,0.5764760971069336,0.5764760971069336
CYST_PA20.nii.gz,1,context,gamma,identity_source,1x288x24x24x24,288,24x24x24,0.007617247756570578,0.0,217.6310272216797,0.0,0.0,,False,0.0,0.10907059907913208
CYST_PA20.nii.gz,1,context,gamma,existing_WP_predicted,1x288x24x24x24,288,24x24x24,0.007592970971018076,12.063539505004883,217.6310272216797,12.063539505004883,0.0554311563889138,0.056464143097400665,True,0.006045909598469734,0.10907059907913208
CYST_PA20.nii.gz,1,context,gamma,real_A_state_oracle,1x288x24x24x24,288,24x24x24,0.0,217.6310272216797,217.6310272216797,217.6310272216797,1.0,0.9999999403953552,True,0.10907059907913208,0.10907059907913208
CYST_PA20.nii.gz,1,context,blur,identity_source,1x288x24x24x24,288,24x24x24,0.1196015253663063,0.0,841.4833374023438,0.0,0.0,,False,0.0,0.4217279851436615
CYST_PA20.nii.gz,1,context,blur,existing_WP_predicted,1x288x24x24x24,288,24x24x24,0.09617966413497925,329.632080078125,841.4833374023438,329.632080078125,0.39172740020699415,0.4458238184452057,True,0.16520240902900696,0.4217279851436615
CYST_PA20.nii.gz,1,context,blur,real_A_state_oracle,1x288x24x24x24,288,24x24x24,0.0,841.4833374023438,841.4833374023438,841.4833374023438,1.0,1.0000001192092896,True,0.4217279851436615,0.4217279851436615
CYST_PA20.nii.gz,2,foreground,gamma,identity_source,1x288x24x24x24,288,24x24x24,0.005541136488318443,0.0,185.6106414794922,0.0,0.0,,False,0.0,0.09302288293838501
CYST_PA20.nii.gz,2,foreground,gamma,existing_WP_predicted,1x288x24x24x24,288,24x24x24,0.005517071112990379,11.912640571594238,185.6106414794922,11.912640571594238,0.06418080599603146,0.06592486053705215,True,0.0059702834114432335,0.09302288293838501
CYST_PA20.nii.gz,2,foreground,gamma,real_A_state_oracle,1x288x24x24x24,288,24x24x24,0.0,185.6106414794922,185.6106414794922,185.6106414794922,1.0,1.0000001192092896,True,0.09302288293838501,0.09302288293838501
CYST_PA20.nii.gz,2,foreground,blur,identity_source,1x288x24x24x24,288,24x24x24,0.1110544428229332,0.0,807.3309326171875,0.0,0.0,,False,0.0,0.404611736536026
CYST_PA20.nii.gz,2,foreground,blur,existing_WP_predicted,1x288x24x24x24,288,24x24x24,0.09304545074701309,337.5608825683594,807.3309326171875,337.5608825683594,0.41811959498945744,0.4029800295829773,True,0.16917608678340912,0.404611736536026
CYST_PA20.nii.gz,2,foreground,blur,real_A_state_oracle,1x288x24x24x24,288,24x24x24,0.0,807.3309326171875,807.3309326171875,807.3309326171875,1.0,0.9999998807907104,True,0.404611736536026,0.404611736536026
CYST_PA20.nii.gz,3,foreground,gamma,identity_source,1x288x24x24x24,288,24x24x24,0.006103732623159885,0.0,200.2176513671875,0.0,0.0,,False,0.0,0.1003435030579567
CYST_PA20.nii.gz,3,foreground,gamma,existing_WP_predicted,1x288x24x24x24,288,24x24x24,0.006087190005928278,13.929089546203613,200.2176513671875,13.929089546203613,0.06956973798807815,0.05426451936364174,True,0.006980870850384235,0.1003435030579567
CYST_PA20.nii.gz,3,foreground,gamma,real_A_state_oracle,1x288x24x24x24,288,24x24x24,0.0,200.2176513671875,200.2176513671875,200.2176513671875,1.0,1.0,True,0.1003435030579567,0.1003435030579567
CYST_PA20.nii.gz,3,foreground,blur,identity_source,1x288x24x24x24,288,24x24x24,0.08417428284883499,0.0,746.91064453125,0.0,0.0,,False,0.0,0.3743307888507843
CYST_PA20.nii.gz,3,foreground,blur,existing_WP_predicted,1x288x24x24x24,288,24x24x24,0.08081246167421341,365.14288330078125,746.91064453125,365.14288330078125,0.4888709057425999,0.2852833867073059,True,0.18299943208694458,0.3743307888507843
CYST_PA20.nii.gz,3,foreground,blur,real_A_state_oracle,1x288x24x24x24,288,24x24x24,0.0,746.91064453125,746.91064453125,746.91064453125,1.0,1.0,True,0.3743307888507843,0.3743307888507843
CYST_PA56.nii.gz,0,context,gamma,identity_source,1x288x24x24x24,288,24x24x24,0.0026034642942249775,0.0,230.31190490722656,0.0,0.0,,False,0.0,0.11542589962482452
CYST_PA56.nii.gz,0,context,gamma,existing_WP_predicted,1x288x24x24x24,288,24x24x24,0.0026058154180645943,13.864770889282227,230.31190490722656,13.864770889282227,0.06019997487697036,0.022599253803491592,True,0.006948636379092932,0.11542589962482452
CYST_PA56.nii.gz,0,context,gamma,real_A_state_oracle,1x288x24x24x24,288,24x24x24,0.0,230.31190490722656,230.31190490722656,230.31190490722656,1.0,0.9999999403953552,True,0.11542589962482452,0.11542589962482452
CYST_PA56.nii.gz,0,context,blur,identity_source,1x288x24x24x24,288,24x24x24,0.04120229184627533,0.0,901.6394653320312,0.0,0.0,,False,0.0,0.45187655091285706
CYST_PA56.nii.gz,0,context,blur,existing_WP_predicted,1x288x24x24x24,288,24x24x24,0.04142273962497711,390.07147216796875,901.6394653320312,390.07147216796875,0.43262466558551077,0.21012859046459198,True,0.1954929381608963,0.45187655091285706
CYST_PA56.nii.gz,0,context,blur,real_A_state_oracle,1x288x24x24x24,288,24x24x24,0.0,901.6394653320312,901.6394653320312,901.6394653320312,1.0,1.0,True,0.45187655091285706,0.45187655091285706
CYST_PA56.nii.gz,1,context,gamma,identity_source,1x288x24x24x24,288,24x24x24,0.00686158100143075,0.0,239.545654296875,0.0,0.0,,False,0.0,0.12005359679460526
CYST_PA56.nii.gz,1,context,gamma,existing_WP_predicted,1x288x24x24x24,288,24x24x24,0.006847314070910215,14.466639518737793,239.545654296875,14.466639518737793,0.06039199317224482,0.04741101339459419,True,0.007250275928527117,0.12005359679460526
CYST_PA56.nii.gz,1,context,gamma,real_A_state_oracle,1x288x24x24x24,288,24x24x24,0.0,239.545654296875,239.545654296875,239.545654296875,1.0,0.9999999403953552,True,0.12005359679460526,0.12005359679460526
CYST_PA56.nii.gz,1,context,blur,identity_source,1x288x24x24x24,288,24x24x24,0.12528598308563232,0.0,984.9114990234375,0.0,0.0,,False,0.0,0.493610143661499
CYST_PA56.nii.gz,1,context,blur,existing_WP_predicted,1x288x24x24x24,288,24x24x24,0.10105592757463455,382.64453125,984.9114990234375,382.64453125,0.38850651213779197,0.443152517080307,True,0.1917707771062851,0.493610143661499
CYST_PA56.nii.gz,1,context,blur,real_A_state_oracle,1x288x24x24x24,288,24x24x24,0.0,984.9114990234375,984.9114990234375,984.9114990234375,1.0,0.9999999403953552,True,0.493610143661499,0.493610143661499
CYST_PA56.nii.gz,2,foreground,gamma,identity_source,1x288x24x24x24,288,24x24x24,0.009246554225683212,0.0,237.7168426513672,0.0,0.0,,False,0.0,0.11913704872131348
CYST_PA56.nii.gz,2,foreground,gamma,existing_WP_predicted,1x288x24x24x24,288,24x24x24,0.009243390522897243,12.882469177246094,237.7168426513672,12.882469177246094,0.054192496558350206,0.030253540724515915,True,0.006456334143877029,0.11913704872131348
CYST_PA56.nii.gz,2,foreground,gamma,real_A_state_oracle,1x288x24x24x24,288,24x24x24,0.0,237.7168426513672,237.7168426513672,237.7168426513672,1.0,1.0,True,0.11913704872131348,0.11913704872131348
CYST_PA56.nii.gz,2,foreground,blur,identity_source,1x288x24x24x24,288,24x24x24,0.1423698514699936,0.0,896.9266357421875,0.0,0.0,,False,0.0,0.44951462745666504
CYST_PA56.nii.gz,2,foreground,blur,existing_WP_predicted,1x288x24x24x24,288,24x24x24,0.11179976910352707,340.00152587890625,896.9266357421875,340.00152587890625,0.3790739535765512,0.4727574288845062,True,0.1703992784023285,0.44951462745666504
CYST_PA56.nii.gz,2,foreground,blur,real_A_state_oracle,1x288x24x24x24,288,24x24x24,0.0,896.9266357421875,896.9266357421875,896.9266357421875,1.0,1.0000001192092896,True,0.44951462745666504,0.44951462745666504
CYST_PA56.nii.gz,3,foreground,gamma,identity_source,1x288x24x24x24,288,24x24x24,0.0069758351892232895,0.0,213.15756225585938,0.0,0.0,,False,0.0,0.10682862251996994
CYST_PA56.nii.gz,3,foreground,gamma,existing_WP_predicted,1x288x24x24x24,288,24x24x24,0.006963056046515703,12.595556259155273,213.15756225585938,12.595556259155273,0.059090356100228114,0.04504551738500595,True,0.006312541197985411,0.10682862251996994
CYST_PA56.nii.gz,3,foreground,gamma,real_A_state_oracle,1x288x24x24x24,288,24x24x24,0.0,213.15756225585938,213.15756225585938,213.15756225585938,1.0,1.0000001192092896,True,0.10682862251996994,0.10682862251996994
CYST_PA56.nii.gz,3,foreground,blur,identity_source,1x288x24x24x24,288,24x24x24,0.12535040080547333,0.0,881.863525390625,0.0,0.0,,False,0.0,0.44196540117263794
CYST_PA56.nii.gz,3,foreground,blur,existing_WP_predicted,1x288x24x24x24,288,24x24x24,0.109418123960495,358.5682373046875,881.863525390625,358.5682373046875,0.4066028665216177,0.3595988154411316,True,0.17970441281795502,0.44196540117263794
CYST_PA56.nii.gz,3,foreground,blur,real_A_state_oracle,1x288x24x24x24,288,24x24x24,0.0,881.863525390625,881.863525390625,881.863525390625,1.0,1.0,True,0.44196540117263794,0.44196540117263794
HCC_10136895_20170421.nii.gz,0,context,gamma,identity_source,1x288x24x24x24,288,24x24x24,0.08558424562215805,0.0,864.0866088867188,0.0,0.0,,False,0.0,0.4330560863018036
HCC_10136895_20170421.nii.gz,0,context,gamma,existing_WP_predicted,1x288x24x24x24,288,24x24x24,0.08570634573698044,11.542645454406738,864.0866088867188,11.542645454406738,0.013358204300004345,-0.04672327637672424,True,0.005784851964563131,0.4330560863018036
HCC_10136895_20170421.nii.gz,0,context,gamma,real_A_state_oracle,1x288x24x24x24,288,24x24x24,0.0,864.0866088867188,864.0866088867188,864.0866088867188,1.0,0.9999999403953552,True,0.4330560863018036,0.4330560863018036
HCC_10136895_20170421.nii.gz,0,context,blur,identity_source,1x288x24x24x24,288,24x24x24,0.27871498465538025,0.0,1445.6033935546875,0.0,0.0,,False,0.0,0.7244961261749268
HCC_10136895_20170421.nii.gz,0,context,blur,existing_WP_predicted,1x288x24x24x24,288,24x24x24,0.18171945214271545,445.3193359375,1445.6033935546875,445.3193359375,0.308050837403249,0.7188830375671387,True,0.22318163514137268,0.7244961261749268
HCC_10136895_20170421.nii.gz,0,context,blur,real_A_state_oracle,1x288x24x24x24,288,24x24x24,0.0,1445.6033935546875,1445.6033935546875,1445.6033935546875,1.0,1.0000001192092896,True,0.7244961261749268,0.7244961261749268
HCC_10136895_20170421.nii.gz,1,context,gamma,identity_source,1x288x24x24x24,288,24x24x24,0.009206082671880722,0.0,253.00982666015625,0.0,0.0,,False,0.0,0.12680146098136902
HCC_10136895_20170421.nii.gz,1,context,gamma,existing_WP_predicted,1x288x24x24x24,288,24x24x24,0.009202161803841591,12.170452117919922,253.00982666015625,12.170452117919922,0.048102685490818184,0.028478829190135002,True,0.006099490914493799,0.12680146098136902
HCC_10136895_20170421.nii.gz,1,context,gamma,real_A_state_oracle,1x288x24x24x24,288,24x24x24,0.0,253.00982666015625,253.00982666015625,253.00982666015625,1.0,0.9999999403953552,True,0.12680146098136902,0.12680146098136902
HCC_10136895_20170421.nii.gz,1,context,blur,identity_source,1x288x24x24x24,288,24x24x24,0.08324580639600754,0.0,731.265869140625,0.0,0.0,,False,0.0,0.36649003624916077
HCC_10136895_20170421.nii.gz,1,context,blur,existing_WP_predicted,1x288x24x24x24,288,24x24x24,0.06709899753332138,350.9851989746094,731.265869140625,350.9851989746094,0.47996934328014385,0.4420449137687683,True,0.17590399086475372,0.36649003624916077
HCC_10136895_20170421.nii.gz,1,context,blur,real_A_state_oracle,1x288x24x24x24,288,24x24x24,0.0,731.265869140625,731.265869140625,731.265869140625,1.0,1.0,True,0.36649003624916077,0.36649003624916077
HCC_10136895_20170421.nii.gz,2,foreground,gamma,identity_source,1x288x24x24x24,288,24x24x24,0.01735718734562397,0.0,328.2230224609375,0.0,0.0,,False,0.0,0.16449621319770813
HCC_10136895_20170421.nii.gz,2,foreground,gamma,existing_WP_predicted,1x288x24x24x24,288,24x24x24,0.01731324940919876,13.32243824005127,328.2230224609375,13.32243824005127,0.04058959100480772,0.051477763801813126,True,0.006676834542304277,0.16449621319770813
HCC_10136895_20170421.nii.gz,2,foreground,gamma,real_A_state_oracle,1x288x24x24x24,288,24x24x24,0.0,328.2230224609375,328.2230224609375,328.2230224609375,1.0,0.9999999403953552,True,0.16449621319770813,0.16449621319770813
HCC_10136895_20170421.nii.gz,2,foreground,blur,identity_source,1x288x24x24x24,288,24x24x24,0.12223999202251434,0.0,832.2550048828125,0.0,0.0,,False,0.0,0.41710299253463745
HCC_10136895_20170421.nii.gz,2,foreground,blur,existing_WP_predicted,1x288x24x24x24,288,24x24x24,0.09497339278459549,345.91351318359375,832.2550048828125,345.91351318359375,0.4156340438376827,0.4761514365673065,True,0.17336219549179077,0.41710299253463745
HCC_10136895_20170421.nii.gz,2,foreground,blur,real_A_state_oracle,1x288x24x24x24,288,24x24x24,0.0,832.2550048828125,832.2550048828125,832.2550048828125,1.0,1.0000001192092896,True,0.41710299253463745,0.41710299253463745
HCC_10136895_20170421.nii.gz,3,foreground,gamma,identity_source,1x288x24x24x24,288,24x24x24,0.010872545652091503,0.0,266.336669921875,0.0,0.0,,False,0.0,0.133480504155159
HCC_10136895_20170421.nii.gz,3,foreground,gamma,existing_WP_predicted,1x288x24x24x24,288,24x24x24,0.01084755640476942,12.725630760192871,266.336669921875,12.725630760192871,0.04778024281795557,0.047942254692316055,True,0.00637773098424077,0.133480504155159
HCC_10136895_20170421.nii.gz,3,foreground,gamma,real_A_state_oracle,1x288x24x24x24,288,24x24x24,0.0,266.336669921875,266.336669921875,266.336669921875,1.0,1.0000001192092896,True,0.133480504155159,0.133480504155159
HCC_10136895_20170421.nii.gz,3,foreground,blur,identity_source,1x288x24x24x24,288,24x24x24,0.10249368101358414,0.0,780.8214721679688,0.0,0.0,,False,0.0,0.3913259506225586
HCC_10136895_20170421.nii.gz,3,foreground,blur,existing_WP_predicted,1x288x24x24x24,288,24x24x24,0.08253386616706848,355.3308410644531,780.8214721679688,355.3308410644531,0.45507309126357515,0.44150421023368835,True,0.17808189988136292,0.3913259506225586
HCC_10136895_20170421.nii.gz,3,foreground,blur,real_A_state_oracle,1x288x24x24x24,288,24x24x24,0.0,780.8214721679688,780.8214721679688,780.8214721679688,1.0,1.0,True,0.3913259506225586,0.3913259506225586
MET_PA13.nii.gz,0,context,gamma,identity_source,1x288x24x24x24,288,24x24x24,0.0063330307602882385,0.0,365.36865234375,0.0,0.0,,False,0.0,0.18311256170272827
MET_PA13.nii.gz,0,context,gamma,existing_WP_predicted,1x288x24x24x24,288,24x24x24,0.006318769883364439,17.26418685913086,365.36865234375,17.26418685913086,0.0472514178443754,0.04745480790734291,True,0.00865232851356268,0.18311256170272827
MET_PA13.nii.gz,0,context,gamma,real_A_state_oracle,1x288x24x24x24,288,24x24x24,0.0,365.36865234375,365.36865234375,365.36865234375,1.0,1.0,True,0.18311256170272827,0.18311256170272827
MET_PA13.nii.gz,0,context,blur,identity_source,1x288x24x24x24,288,24x24x24,0.04127564653754234,0.0,929.0746459960938,0.0,0.0,,False,0.0,0.4656262993812561
MET_PA13.nii.gz,0,context,blur,existing_WP_predicted,1x288x24x24x24,288,24x24x24,0.04090111702680588,389.158935546875,929.0746459960938,389.158935546875,0.41886724304013695,0.22026512026786804,True,0.19503559172153473,0.4656262993812561
MET_PA13.nii.gz,0,context,blur,real_A_state_oracle,1x288x24x24x24,288,24x24x24,0.0,929.0746459960938,929.0746459960938,929.0746459960938,1.0,1.0000001192092896,True,0.4656262993812561,0.4656262993812561
MET_PA13.nii.gz,1,context,gamma,identity_source,1x288x24x24x24,288,24x24x24,0.007012978196144104,0.0,253.98211669921875,0.0,0.0,,False,0.0,0.12728875875473022
MET_PA13.nii.gz,1,context,gamma,existing_WP_predicted,1x288x24x24x24,288,24x24x24,0.007020364049822092,14.597787857055664,253.98211669921875,14.597787857055664,0.057475652407225436,0.019575469195842743,True,0.007316004019230604,0.12728875875473022
MET_PA13.nii.gz,1,context,gamma,real_A_state_oracle,1x288x24x24x24,288,24x24x24,0.0,253.98211669921875,253.98211669921875,253.98211669921875,1.0,1.0000001192092896,True,0.12728875875473022,0.12728875875473022
MET_PA13.nii.gz,1,context,blur,identity_source,1x288x24x24x24,288,24x24x24,0.09556461125612259,0.0,956.3424072265625,0.0,0.0,,False,0.0,0.4792921245098114
MET_PA13.nii.gz,1,context,blur,existing_WP_predicted,1x288x24x24x24,288,24x24x24,0.09094653278589249,382.4811096191406,956.3424072265625,382.4811096191406,0.3999415969938567,0.260384738445282,True,0.19168886542320251,0.4792921245098114
MET_PA13.nii.gz,1,context,blur,real_A_state_oracle,1x288x24x24x24,288,24x24x24,0.0,956.3424072265625,956.3424072265625,956.3424072265625,1.0,1.0,True,0.4792921245098114,0.4792921245098114
MET_PA13.nii.gz,2,foreground,gamma,identity_source,1x288x24x24x24,288,24x24x24,0.008880320936441422,0.0,241.2227783203125,0.0,0.0,,False,0.0,0.12089412659406662
MET_PA13.nii.gz,2,foreground,gamma,existing_WP_predicted,1x288x24x24x24,288,24x24x24,0.008864475414156914,12.178452491760254,241.2227783203125,12.178452491760254,0.050486328764478665,0.04291464388370514,True,0.006103500723838806,0.12089412659406662
MET_PA13.nii.gz,2,foreground,gamma,real_A_state_oracle,1x288x24x24x24,288,24x24x24,0.0,241.2227783203125,241.2227783203125,241.2227783203125,1.0,0.9999999403953552,True,0.12089412659406662,0.12089412659406662
MET_PA13.nii.gz,2,foreground,blur,identity_source,1x288x24x24x24,288,24x24x24,0.14298176765441895,0.0,922.0987548828125,0.0,0.0,,False,0.0,0.4621301591396332
MET_PA13.nii.gz,2,foreground,blur,existing_WP_predicted,1x288x24x24x24,288,24x24x24,0.11356541514396667,340.4671936035156,922.0987548828125,340.4671936035156,0.3692307269700032,0.4632149636745453,True,0.17063266038894653,0.4621301591396332
MET_PA13.nii.gz,2,foreground,blur,real_A_state_oracle,1x288x24x24x24,288,24x24x24,0.0,922.0987548828125,922.0987548828125,922.0987548828125,1.0,1.0,True,0.4621301591396332,0.4621301591396332
MET_PA13.nii.gz,3,foreground,gamma,identity_source,1x288x24x24x24,288,24x24x24,0.0074579729698598385,0.0,221.02401733398438,0.0,0.0,,False,0.0,0.1107710748910904
MET_PA13.nii.gz,3,foreground,gamma,existing_WP_predicted,1x288x24x24x24,288,24x24x24,0.007448670454323292,12.207648277282715,221.02401733398438,12.207648277282715,0.05523222509722106,0.038908567279577255,True,0.00611813273280859,0.1107710748910904
MET_PA13.nii.gz,3,foreground,gamma,real_A_state_oracle,1x288x24x24x24,288,24x24x24,0.0,221.02401733398438,221.02401733398438,221.02401733398438,1.0,1.0,True,0.1107710748910904,0.1107710748910904
MET_PA13.nii.gz,3,foreground,blur,identity_source,1x288x24x24x24,288,24x24x24,0.13823753595352173,0.0,912.1681518554688,0.0,0.0,,False,0.0,0.45715323090553284
MET_PA13.nii.gz,3,foreground,blur,existing_WP_predicted,1x288x24x24x24,288,24x24x24,0.10889285057783127,339.3306579589844,912.1681518554688,339.3306579589844,0.3720045007806309,0.47131767868995667,True,0.1700630635023117,0.45715323090553284
MET_PA13.nii.gz,3,foreground,blur,real_A_state_oracle,1x288x24x24x24,288,24x24x24,0.0,912.1681518554688,912.1681518554688,912.1681518554688,1.0,1.0,True,0.45715323090553284,0.45715323090553284
HCC_10074592_20130816.nii.gz,0,context,gamma,identity_source,1x288x24x24x24,288,24x24x24,0.00413824338465929,0.0,279.0604248046875,0.0,0.0,,False,0.0,0.13985730707645416
HCC_10074592_20130816.nii.gz,0,context,gamma,existing_WP_predicted,1x288x24x24x24,288,24x24x24,0.004136399365961552,13.50278377532959,279.0604248046875,13.50278377532959,0.04838659507087075,0.0287987869232893,True,0.006767218466848135,0.13985730707645416
HCC_10074592_20130816.nii.gz,0,context,gamma,real_A_state_oracle,1x288x24x24x24,288,24x24x24,0.0,279.0604248046875,279.0604248046875,279.0604248046875,1.0,1.0000001192092896,True,0.13985730707645416,0.13985730707645416
HCC_10074592_20130816.nii.gz,0,context,blur,identity_source,1x288x24x24x24,288,24x24x24,0.512071430683136,0.0,2163.572998046875,0.0,0.0,,False,0.0,1.084322452545166
HCC_10074592_20130816.nii.gz,0,context,blur,existing_WP_predicted,1x288x24x24x24,288,24x24x24,0.35116198658943176,530.6163940429688,2163.572998046875,530.6163940429688,0.2452500537407209,0.7632617354393005,True,0.2659301161766052,1.084322452545166
HCC_10074592_20130816.nii.gz,0,context,blur,real_A_state_oracle,1x288x24x24x24,288,24x24x24,0.0,2163.572998046875,2163.572998046875,2163.572998046875,1.0,1.0,True,1.084322452545166,1.084322452545166
HCC_10074592_20130816.nii.gz,1,context,gamma,identity_source,1x288x24x24x24,288,24x24x24,0.007257167249917984,0.0,235.61013793945312,0.0,0.0,,False,0.0,0.118081234395504
HCC_10074592_20130816.nii.gz,1,context,gamma,existing_WP_predicted,1x288x24x24x24,288,24x24x24,0.007244265638291836,11.9363431930542,235.61013793945312,11.9363431930542,0.05066141591972409,0.042876388877630234,True,0.005982161965221167,0.118081234395504
HCC_10074592_20130816.nii.gz,1,context,gamma,real_A_state_oracle,1x288x24x24x24,288,24x24x24,0.0,235.61013793945312,235.61013793945312,235.61013793945312,1.0,1.0000001192092896,True,0.118081234395504,0.118081234395504
HCC_10074592_20130816.nii.gz,1,context,blur,identity_source,1x288x24x24x24,288,24x24x24,0.08116204291582108,0.0,753.1165771484375,0.0,0.0,,False,0.0,0.37744101881980896
HCC_10074592_20130816.nii.gz,1,context,blur,existing_WP_predicted,1x288x24x24x24,288,24x24x24,0.06406094878911972,363.93121337890625,753.1165771484375,363.93121337890625,0.48323357156321933,0.45963048934936523,True,0.1823921799659729,0.37744101881980896
HCC_10074592_20130816.nii.gz,1,context,blur,real_A_state_oracle,1x288x24x24x24,288,24x24x24,0.0,753.1165771484375,753.1165771484375,753.1165771484375,1.0,1.0,True,0.37744101881980896,0.37744101881980896
HCC_10074592_20130816.nii.gz,2,foreground,gamma,identity_source,1x288x24x24x24,288,24x24x24,0.015687445178627968,0.0,298.7980041503906,0.0,0.0,,False,0.0,0.14974921941757202
HCC_10074592_20130816.nii.gz,2,foreground,gamma,existing_WP_predicted,1x288x24x24x24,288,24x24x24,0.015672484412789345,12.515026092529297,298.7980041503906,12.515026092529297,0.04188457057507737,0.032327137887477875,True,0.006272181402891874,0.14974921941757202
HCC_10074592_20130816.nii.gz,2,foreground,gamma,real_A_state_oracle,1x288x24x24x24,288,24x24x24,0.0,298.7980041503906,298.7980041503906,298.7980041503906,1.0,0.9999999403953552,True,0.14974921941757202,0.14974921941757202
HCC_10074592_20130816.nii.gz,2,foreground,blur,identity_source,1x288x24x24x24,288,24x24x24,0.10253376513719559,0.0,750.1124267578125,0.0,0.0,,False,0.0,0.375935435295105
HCC_10074592_20130816.nii.gz,2,foreground,blur,existing_WP_predicted,1x288x24x24x24,288,24x24x24,0.08960136026144028,312.7466125488281,750.1124267578125,312.7466125488281,0.4169329841669242,0.3597237467765808,True,0.15673987567424774,0.375935435295105
HCC_10074592_20130816.nii.gz,2,foreground,blur,real_A_state_oracle,1x288x24x24x24,288,24x24x24,0.0,750.1124267578125,750.1124267578125,750.1124267578125,1.0,1.0,True,0.375935435295105,0.375935435295105
HCC_10074592_20130816.nii.gz,3,foreground,gamma,identity_source,1x288x24x24x24,288,24x24x24,0.014434647746384144,0.0,290.1047668457031,0.0,0.0,,False,0.0,0.14539241790771484
HCC_10074592_20130816.nii.gz,3,foreground,gamma,existing_WP_predicted,1x288x24x24x24,288,24x24x24,0.014423064887523651,12.623468399047852,290.1047668457031,12.623468399047852,0.04351348147878537,0.030978195369243622,True,0.0063265301287174225,0.14539241790771484
HCC_10074592_20130816.nii.gz,3,foreground,gamma,real_A_state_oracle,1x288x24x24x24,288,24x24x24,0.0,290.1047668457031,290.1047668457031,290.1047668457031,1.0,1.0,True,0.14539241790771484,0.14539241790771484
HCC_10074592_20130816.nii.gz,3,foreground,blur,identity_source,1x288x24x24x24,288,24x24x24,0.09709077328443527,0.0,746.41845703125,0.0,0.0,,False,0.0,0.37408411502838135
HCC_10074592_20130816.nii.gz,3,foreground,blur,existing_WP_predicted,1x288x24x24x24,288,24x24x24,0.08698044717311859,323.6426086425781,746.41845703125,323.6426086425781,0.43359405919544175,0.33687785267829895,True,0.16220064461231232,0.37408411502838135
HCC_10074592_20130816.nii.gz,3,foreground,blur,real_A_state_oracle,1x288x24x24x24,288,24x24x24,0.0,746.41845703125,746.41845703125,746.41845703125,1.0,1.0,True,0.37408411502838135,0.37408411502838135
CYST_PA19.nii.gz,0,context,gamma,identity_source,1x288x24x24x24,288,24x24x24,0.00736830523237586,0.0,405.13653564453125,0.0,0.0,,False,0.0,0.2030431181192398
CYST_PA19.nii.gz,0,context,gamma,existing_WP_predicted,1x288x24x24x24,288,24x24x24,0.007347467355430126,17.663917541503906,405.13653564453125,17.663917541503906,0.043599912590955046,0.05423256754875183,True,0.008852663449943066,0.2030431181192398
CYST_PA19.nii.gz,0,context,gamma,real_A_state_oracle,1x288x24x24x24,288,24x24x24,0.0,405.13653564453125,405.13653564453125,405.13653564453125,1.0,1.0,True,0.2030431181192398,0.2030431181192398
CYST_PA19.nii.gz,0,context,blur,identity_source,1x288x24x24x24,288,24x24x24,0.03768114745616913,0.0,910.7572021484375,0.0,0.0,,False,0.0,0.45644611120224
CYST_PA19.nii.gz,0,context,blur,existing_WP_predicted,1x288x24x24x24,288,24x24x24,0.03680957108736038,396.5176086425781,910.7572021484375,396.5176086425781,0.4353713675908463,0.24424949288368225,True,0.19872356951236725,0.45644611120224
CYST_PA19.nii.gz,0,context,blur,real_A_state_oracle,1x288x24x24x24,288,24x24x24,0.0,910.7572021484375,910.7572021484375,910.7572021484375,1.0,1.0,True,0.45644611120224,0.45644611120224
CYST_PA19.nii.gz,1,context,gamma,identity_source,1x288x24x24x24,288,24x24x24,0.005838319659233093,0.0,229.26611328125,0.0,0.0,,False,0.0,0.11490178108215332
CYST_PA19.nii.gz,1,context,gamma,existing_WP_predicted,1x288x24x24x24,288,24x24x24,0.005824400577694178,13.054340362548828,229.26611328125,13.054340362548828,0.05693968539752991,0.049404773861169815,True,0.00654247123748064,0.11490178108215332
CYST_PA19.nii.gz,1,context,gamma,real_A_state_oracle,1x288x24x24x24,288,24x24x24,0.0,229.26611328125,229.26611328125,229.26611328125,1.0,1.0000001192092896,True,0.11490178108215332,0.11490178108215332
CYST_PA19.nii.gz,1,context,blur,identity_source,1x288x24x24x24,288,24x24x24,0.08546244353055954,0.0,880.7939453125,0.0,0.0,,False,0.0,0.44142934679985046
CYST_PA19.nii.gz,1,context,blur,existing_WP_predicted,1x288x24x24x24,288,24x24x24,0.07865083962678909,375.1833190917969,880.7939453125,375.1833190917969,0.42596037482828547,0.306537002325058,True,0.188031405210495,0.44142934679985046
CYST_PA19.nii.gz,1,context,blur,real_A_state_oracle,1x288x24x24x24,288,24x24x24,0.0,880.7939453125,880.7939453125,880.7939453125,1.0,1.0,True,0.44142934679985046,0.44142934679985046
CYST_PA19.nii.gz,2,foreground,gamma,identity_source,1x288x24x24x24,288,24x24x24,0.006606476381421089,0.0,205.6036834716797,0.0,0.0,,False,0.0,0.103042833507061
CYST_PA19.nii.gz,2,foreground,gamma,existing_WP_predicted,1x288x24x24x24,288,24x24x24,0.006590136326849461,12.006404876708984,205.6036834716797,12.006404876708984,0.05839586467507414,0.05037546902894974,True,0.006017275154590607,0.103042833507061
CYST_PA19.nii.gz,2,foreground,gamma,real_A_state_oracle,1x288x24x24x24,288,24x24x24,0.0,205.6036834716797,205.6036834716797,205.6036834716797,1.0,1.0,True,0.103042833507061,0.103042833507061
CYST_PA19.nii.gz,2,foreground,blur,identity_source,1x288x24x24x24,288,24x24x24,0.12355100363492966,0.0,867.3025512695312,0.0,0.0,,False,0.0,0.4346678555011749
CYST_PA19.nii.gz,2,foreground,blur,existing_WP_predicted,1x288x24x24x24,288,24x24x24,0.10306023806333542,344.2630615234375,867.3025512695312,344.2630615234375,0.39693537280562086,0.4073791205883026,True,0.1725350320339203,0.4346678555011749
CYST_PA19.nii.gz,2,foreground,blur,real_A_state_oracle,1x288x24x24x24,288,24x24x24,0.0,867.3025512695312,867.3025512695312,867.3025512695312,1.0,1.0000001192092896,True,0.4346678555011749,0.4346678555011749
CYST_PA19.nii.gz,3,foreground,gamma,identity_source,1x288x24x24x24,288,24x24x24,0.006966345477849245,0.0,218.86817932128906,0.0,0.0,,False,0.0,0.10969062149524689
CYST_PA19.nii.gz,3,foreground,gamma,existing_WP_predicted,1x288x24x24x24,288,24x24x24,0.006961044389754534,11.783257484436035,218.86817932128906,11.783257484436035,0.05383723445306648,0.03398507460951805,True,0.005905440077185631,0.10969062149524689
CYST_PA19.nii.gz,3,foreground,gamma,real_A_state_oracle,1x288x24x24x24,288,24x24x24,0.0,218.86817932128906,218.86817932128906,218.86817932128906,1.0,0.9999999403953552,True,0.10969062149524689,0.10969062149524689
CYST_PA19.nii.gz,3,foreground,blur,identity_source,1x288x24x24x24,288,24x24x24,0.10857458412647247,0.0,855.3208618164062,0.0,0.0,,False,0.0,0.4286629557609558
CYST_PA19.nii.gz,3,foreground,blur,existing_WP_predicted,1x288x24x24x24,288,24x24x24,0.09499968588352203,358.8434143066406,855.3208618164062,358.8434143066406,0.41954245514903155,0.3587767779827118,True,0.17984230816364288,0.4286629557609558
CYST_PA19.nii.gz,3,foreground,blur,real_A_state_oracle,1x288x24x24x24,288,24x24x24,0.0,855.3208618164062,855.3208618164062,855.3208618164062,1.0,1.0,True,0.4286629557609558,0.4286629557609558
HEM_PA13.nii.gz,0,context,gamma,identity_source,1x288x24x24x24,288,24x24x24,0.005686590913683176,0.0,346.3614807128906,0.0,0.0,,False,0.0,0.17358671128749847
HEM_PA13.nii.gz,0,context,gamma,existing_WP_predicted,1x288x24x24x24,288,24x24x24,0.005679574329406023,16.236658096313477,346.3614807128906,16.236658096313477,0.04687778231833039,0.03659998998045921,True,0.008137360215187073,0.17358671128749847
HEM_PA13.nii.gz,0,context,gamma,real_A_state_oracle,1x288x24x24x24,288,24x24x24,0.0,346.3614807128906,346.3614807128906,346.3614807128906,1.0,1.0000001192092896,True,0.17358671128749847,0.17358671128749847
HEM_PA13.nii.gz,0,context,blur,identity_source,1x288x24x24x24,288,24x24x24,0.04152178019285202,0.0,947.65234375,0.0,0.0,,False,0.0,0.47493693232536316
HEM_PA13.nii.gz,0,context,blur,existing_WP_predicted,1x288x24x24x24,288,24x24x24,0.044823262840509415,368.4903259277344,947.65234375,368.4903259277344,0.3888454751977543,0.09218154102563858,True,0.18467706441879272,0.47493693232536316
HEM_PA13.nii.gz,0,context,blur,real_A_state_oracle,1x288x24x24x24,288,24x24x24,0.0,947.65234375,947.65234375,947.65234375,1.0,1.0000001192092896,True,0.47493693232536316,0.47493693232536316
HEM_PA13.nii.gz,1,context,gamma,identity_source,1x288x24x24x24,288,24x24x24,0.007723621558398008,0.0,258.4788513183594,0.0,0.0,,False,0.0,0.12954239547252655
HEM_PA13.nii.gz,1,context,gamma,existing_WP_predicted,1x288x24x24x24,288,24x24x24,0.007705324329435825,13.737152099609375,258.4788513183594,13.737152099609375,0.05314613566852247,0.04885905608534813,True,0.006884676869958639,0.12954239547252655
HEM_PA13.nii.gz,1,context,gamma,real_A_state_oracle,1x288x24x24x24,288,24x24x24,0.0,258.4788513183594,258.4788513183594,258.4788513183594,1.0,1.0,True,0.12954239547252655,0.12954239547252655
HEM_PA13.nii.gz,1,context,blur,identity_source,1x288x24x24x24,288,24x24x24,0.07853320986032486,0.0,846.152587890625,0.0,0.0,,False,0.0,0.4240680932998657
HEM_PA13.nii.gz,1,context,blur,existing_WP_predicted,1x288x24x24x24,288,24x24x24,0.07529590278863907,372.322998046875,846.152587890625,372.322998046875,0.4400187429255987,0.26685070991516113,True,0.18659788370132446,0.4240680932998657
HEM_PA13.nii.gz,1,context,blur,real_A_state_oracle,1x288x24x24x24,288,24x24x24,0.0,846.152587890625,846.152587890625,846.152587890625,1.0,1.0000001192092896,True,0.4240680932998657,0.4240680932998657
HEM_PA13.nii.gz,2,foreground,gamma,identity_source,1x288x24x24x24,288,24x24x24,0.009868930093944073,0.0,241.89578247070312,0.0,0.0,,False,0.0,0.12123142182826996
HEM_PA13.nii.gz,2,foreground,gamma,existing_WP_predicted,1x288x24x24x24,288,24x24x24,0.009857545606791973,13.93763256072998,241.89578247070312,13.93763256072998,0.05761833636937435,0.038819216191768646,True,0.006985153071582317,0.12123142182826996
HEM_PA13.nii.gz,2,foreground,gamma,real_A_state_oracle,1x288x24x24x24,288,24x24x24,0.0,241.89578247070312,241.89578247070312,241.89578247070312,1.0,1.0,True,0.12123142182826996,0.12123142182826996
HEM_PA13.nii.gz,2,foreground,blur,identity_source,1x288x24x24x24,288,24x24x24,0.12150987237691879,0.0,828.1729736328125,0.0,0.0,,False,0.0,0.4150571823120117
HEM_PA13.nii.gz,2,foreground,blur,existing_WP_predicted,1x288x24x24x24,288,24x24x24,0.10363664478063583,326.9632873535156,828.1729736328125,326.9632873535156,0.3948007213025543,0.3836877942085266,True,0.1638648808002472,0.4150571823120117
HEM_PA13.nii.gz,2,foreground,blur,real_A_state_oracle,1x288x24x24x24,288,24x24x24,0.0,828.1729736328125,828.1729736328125,828.1729736328125,1.0,1.0,True,0.4150571823120117,0.4150571823120117
HEM_PA13.nii.gz,3,foreground,gamma,identity_source,1x288x24x24x24,288,24x24x24,0.011398641392588615,0.0,257.130126953125,0.0,0.0,,False,0.0,0.12886644899845123
HEM_PA13.nii.gz,3,foreground,gamma,existing_WP_predicted,1x288x24x24x24,288,24x24x24,0.011363613419234753,12.32911491394043,257.130126953125,12.32911491394043,0.047948931772541906,0.05601753294467926,True,0.006179008632898331,0.12886644899845123
HEM_PA13.nii.gz,3,foreground,gamma,real_A_state_oracle,1x288x24x24x24,288,24x24x24,0.0,257.130126953125,257.130126953125,257.130126953125,1.0,1.0000001192092896,True,0.12886644899845123,0.12886644899845123
HEM_PA13.nii.gz,3,foreground,blur,identity_source,1x288x24x24x24,288,24x24x24,0.1527484953403473,0.0,928.0492553710938,0.0,0.0,,False,0.0,0.4651123881340027
HEM_PA13.nii.gz,3,foreground,blur,existing_WP_predicted,1x288x24x24x24,288,24x24x24,0.13039618730545044,299.6117858886719,928.0492553710938,299.6117858886719,0.32284039252729946,0.3880556523799896,True,0.15015706419944763,0.4651123881340027
HEM_PA13.nii.gz,3,foreground,blur,real_A_state_oracle,1x288x24x24x24,288,24x24x24,0.0,928.0492553710938,928.0492553710938,928.0492553710938,1.0,1.0,True,0.4651123881340027,0.4651123881340027
HCC_10142924_20170911.nii.gz,0,context,gamma,identity_source,1x288x24x24x24,288,24x24x24,0.008421842008829117,0.0,310.6457214355469,0.0,0.0,,False,0.0,0.15568697452545166
HCC_10142924_20170911.nii.gz,0,context,gamma,existing_WP_predicted,1x288x24x24x24,288,24x24x24,0.008452075533568859,12.190730094909668,310.6457214355469,12.190730094909668,0.03924319330256417,-0.02611646056175232,True,0.006109653506428003,0.15568697452545166
HCC_10142924_20170911.nii.gz,0,context,gamma,real_A_state_oracle,1x288x24x24x24,288,24x24x24,0.0,310.6457214355469,310.6457214355469,310.6457214355469,1.0,1.0,True,0.15568697452545166,0.15568697452545166
HCC_10142924_20170911.nii.gz,0,context,blur,identity_source,1x288x24x24x24,288,24x24x24,0.20851048827171326,0.0,1313.1982421875,0.0,0.0,,False,0.0,0.6581383347511292
HCC_10142924_20170911.nii.gz,0,context,blur,existing_WP_predicted,1x288x24x24x24,288,24x24x24,0.1310567557811737,444.6814880371094,1313.1982421875,444.6814880371094,0.3386247968900473,0.7177984714508057,True,0.22286196053028107,0.6581383347511292
HCC_10142924_20170911.nii.gz,0,context,blur,real_A_state_oracle,1x288x24x24x24,288,24x24x24,0.0,1313.1982421875,1313.1982421875,1313.1982421875,1.0,1.0,True,0.6581383347511292,0.6581383347511292
HCC_10142924_20170911.nii.gz,1,context,gamma,identity_source,1x288x24x24x24,288,24x24x24,0.01083457563072443,0.0,276.3692932128906,0.0,0.0,,False,0.0,0.13850858807563782
HCC_10142924_20170911.nii.gz,1,context,gamma,existing_WP_predicted,1x288x24x24x24,288,24x24x24,0.010844127275049686,12.211421012878418,276.3692932128906,12.211421012878418,0.044185158455616894,0.012117115780711174,True,0.006120023317635059,0.13850858807563782
HCC_10142924_20170911.nii.gz,1,context,gamma,real_A_state_oracle,1x288x24x24x24,288,24x24x24,0.0,276.3692932128906,276.3692932128906,276.3692932128906,1.0,1.0000001192092896,True,0.13850858807563782,0.13850858807563782
HCC_10142924_20170911.nii.gz,1,context,blur,identity_source,1x288x24x24x24,288,24x24x24,0.09443987905979156,0.0,782.5035400390625,0.0,0.0,,False,0.0,0.39216890931129456
HCC_10142924_20170911.nii.gz,1,context,blur,existing_WP_predicted,1x288x24x24x24,288,24x24x24,0.0748048946261406,346.0035705566406,782.5035400390625,346.0035705566406,0.44217508656813,0.4561865031719208,True,0.17340733110904694,0.39216890931129456
HCC_10142924_20170911.nii.gz,1,context,blur,real_A_state_oracle,1x288x24x24x24,288,24x24x24,0.0,782.5035400390625,782.5035400390625,782.5035400390625,1.0,0.9999998807907104,True,0.39216890931129456,0.39216890931129456
HCC_10142924_20170911.nii.gz,2,foreground,gamma,identity_source,1x288x24x24x24,288,24x24x24,0.011257621459662914,0.0,267.6375732421875,0.0,0.0,,False,0.0,0.1341324895620346
HCC_10142924_20170911.nii.gz,2,foreground,gamma,existing_WP_predicted,1x288x24x24x24,288,24x24x24,0.011245304718613625,12.373122215270996,267.6375732421875,12.373122215270996,0.04623088628917754,0.03494968265295029,True,0.0062010632827878,0.1341324895620346
HCC_10142924_20170911.nii.gz,2,foreground,gamma,real_A_state_oracle,1x288x24x24x24,288,24x24x24,0.0,267.6375732421875,267.6375732421875,267.6375732421875,1.0,1.0000001192092896,True,0.1341324895620346,0.1341324895620346
HCC_10142924_20170911.nii.gz,2,foreground,blur,identity_source,1x288x24x24x24,288,24x24x24,0.12657231092453003,0.0,853.4664916992188,0.0,0.0,,False,0.0,0.4277336001396179
HCC_10142924_20170911.nii.gz,2,foreground,blur,existing_WP_predicted,1x288x24x24x24,288,24x24x24,0.0947197824716568,353.0645751953125,853.4664916992188,353.0645751953125,0.4136829959104482,0.5110053420066833,True,0.17694611847400665,0.4277336001396179
HCC_10142924_20170911.nii.gz,2,foreground,blur,real_A_state_oracle,1x288x24x24x24,288,24x24x24,0.0,853.4664916992188,853.4664916992188,853.4664916992188,1.0,1.0,True,0.4277336001396179,0.4277336001396179
HCC_10142924_20170911.nii.gz,3,foreground,gamma,identity_source,1x288x24x24x24,288,24x24x24,0.010196677409112453,0.0,259.8514709472656,0.0,0.0,,False,0.0,0.13023030757904053
HCC_10142924_20170911.nii.gz,3,foreground,gamma,existing_WP_predicted,1x288x24x24x24,288,24x24x24,0.010183312930166721,12.099827766418457,259.8514709472656,12.099827766418457,0.04656439974078115,0.037356290966272354,True,0.006064096000045538,0.13023030757904053
HCC_10142924_20170911.nii.gz,3,foreground,gamma,real_A_state_oracle,1x288x24x24x24,288,24x24x24,0.0,259.8514709472656,259.8514709472656,259.8514709472656,1.0,0.9999998807907104,True,0.13023030757904053,0.13023030757904053
HCC_10142924_20170911.nii.gz,3,foreground,blur,identity_source,1x288x24x24x24,288,24x24x24,0.1258014440536499,0.0,861.2062377929688,0.0,0.0,,False,0.0,0.4316125512123108
HCC_10142924_20170911.nii.gz,3,foreground,blur,existing_WP_predicted,1x288x24x24x24,288,24x24x24,0.09323101490736008,353.57135009765625,861.2062377929688,353.57135009765625,0.41055363347548546,0.5205870866775513,True,0.1772000938653946,0.4316125512123108
HCC_10142924_20170911.nii.gz,3,foreground,blur,real_A_state_oracle,1x288x24x24x24,288,24x24x24,0.0,861.2062377929688,861.2062377929688,861.2062377929688,1.0,1.0,True,0.4316125512123108,0.4316125512123108
MET_PA25.nii.gz,0,context,gamma,identity_source,1x288x24x24x24,288,24x24x24,0.005823957733809948,0.0,355.3017272949219,0.0,0.0,,False,0.0,0.17806731164455414
MET_PA25.nii.gz,0,context,gamma,existing_WP_predicted,1x288x24x24x24,288,24x24x24,0.005815406329929829,16.172361373901367,355.3017272949219,16.172361373901367,0.045517260771652066,0.03888745605945587,True,0.008105136454105377,0.17806731164455414
MET_PA25.nii.gz,0,context,gamma,real_A_state_oracle,1x288x24x24x24,288,24x24x24,0.0,355.3017272949219,355.3017272949219,355.3017272949219,1.0,0.9999999403953552,True,0.17806731164455414,0.17806731164455414
MET_PA25.nii.gz,0,context,blur,identity_source,1x288x24x24x24,288,24x24x24,0.044966574758291245,0.0,968.9132690429688,0.0,0.0,,False,0.0,0.4855922758579254
MET_PA25.nii.gz,0,context,blur,existing_WP_predicted,1x288x24x24x24,288,24x24x24,0.043418798595666885,390.982421875,968.9132690429688,390.982421875,0.40352674936652244,0.24441303312778473,True,0.1959494799375534,0.4855922758579254
MET_PA25.nii.gz,0,context,blur,real_A_state_oracle,1x288x24x24x24,288,24x24x24,0.0,968.9132690429688,968.9132690429688,968.9132690429688,1.0,0.9999999403953552,True,0.4855922758579254,0.4855922758579254
MET_PA25.nii.gz,1,context,gamma,identity_source,1x288x24x24x24,288,24x24x24,0.007430416997522116,0.0,248.19094848632812,0.0,0.0,,False,0.0,0.12438638508319855
MET_PA25.nii.gz,1,context,gamma,existing_WP_predicted,1x288x24x24x24,288,24x24x24,0.007401612121611834,12.808528900146484,248.19094848632812,12.808528900146484,0.05160755852807443,0.06336235255002975,True,0.006419277284294367,0.12438638508319855
MET_PA25.nii.gz,1,context,gamma,real_A_state_oracle,1x288x24x24x24,288,24x24x24,0.0,248.19094848632812,248.19094848632812,248.19094848632812,1.0,1.0000001192092896,True,0.12438638508319855,0.12438638508319855
MET_PA25.nii.gz,1,context,blur,identity_source,1x288x24x24x24,288,24x24x24,0.11037479341030121,0.0,963.647216796875,0.0,0.0,,False,0.0,0.48295310139656067
MET_PA25.nii.gz,1,context,blur,existing_WP_predicted,1x288x24x24x24,288,24x24x24,0.0992051512002945,381.5487060546875,963.647216796875,381.5487060546875,0.39594231104920347,0.3257642686367035,True,0.19122156500816345,0.48295310139656067
MET_PA25.nii.gz,1,context,blur,real_A_state_oracle,1x288x24x24x24,288,24x24x24,0.0,963.647216796875,963.647216796875,963.647216796875,1.0,1.0,True,0.48295310139656067,0.48295310139656067
MET_PA25.nii.gz,2,foreground,gamma,identity_source,1x288x24x24x24,288,24x24x24,0.00820090901106596,0.0,230.08444213867188,0.0,0.0,,False,0.0,0.11531189829111099
MET_PA25.nii.gz,2,foreground,gamma,existing_WP_predicted,1x288x24x24x24,288,24x24x24,0.00816228985786438,12.615703582763672,230.08444213867188,12.615703582763672,0.05483075459382946,0.07035811990499496,True,0.006322638597339392,0.11531189829111099
MET_PA25.nii.gz,2,foreground,gamma,real_A_state_oracle,1x288x24x24x24,288,24x24x24,0.0,230.08444213867188,230.08444213867188,230.08444213867188,1.0,0.9999999403953552,True,0.11531189829111099,0.11531189829111099
MET_PA25.nii.gz,2,foreground,blur,identity_source,1x288x24x24x24,288,24x24x24,0.11838416010141373,0.0,874.5543823242188,0.0,0.0,,False,0.0,0.43830224871635437
MET_PA25.nii.gz,2,foreground,blur,existing_WP_predicted,1x288x24x24x24,288,24x24x24,0.10642711073160172,358.1056823730469,874.5543823242188,358.1056823730469,0.40947217189781154,0.3280681073665619,True,0.17947258055210114,0.43830224871635437
MET_PA25.nii.gz,2,foreground,blur,real_A_state_oracle,1x288x24x24x24,288,24x24x24,0.0,874.5543823242188,874.5543823242188,874.5543823242188,1.0,1.0,True,0.43830224871635437,0.43830224871635437
MET_PA25.nii.gz,3,foreground,gamma,identity_source,1x288x24x24x24,288,24x24x24,0.006766632664948702,0.0,213.1317596435547,0.0,0.0,,False,0.0,0.10681569576263428
MET_PA25.nii.gz,3,foreground,gamma,existing_WP_predicted,1x288x24x24x24,288,24x24x24,0.0067178294993937016,12.371408462524414,213.1317596435547,12.371408462524414,0.0580458233123706,0.09114963561296463,True,0.006200204603374004,0.10681569576263428
MET_PA25.nii.gz,3,foreground,gamma,real_A_state_oracle,1x288x24x24x24,288,24x24x24,0.0,213.1317596435547,213.1317596435547,213.1317596435547,1.0,1.0,True,0.10681569576263428,0.10681569576263428
MET_PA25.nii.gz,3,foreground,blur,identity_source,1x288x24x24x24,288,24x24x24,0.12718957662582397,0.0,887.3041381835938,0.0,0.0,,False,0.0,0.44469210505485535
MET_PA25.nii.gz,3,foreground,blur,existing_WP_predicted,1x288x24x24x24,288,24x24x24,0.10332803428173065,363.5826110839844,887.3041381835938,363.5826110839844,0.40976097759250485,0.4338018298149109,True,0.18221746385097504,0.44469210505485535
MET_PA25.nii.gz,3,foreground,blur,real_A_state_oracle,1x288x24x24x24,288,24x24x24,0.0,887.3041381835938,887.3041381835938,887.3041381835938,1.0,1.0000001192092896,True,0.44469210505485535,0.44469210505485535
HCC_10147777_20171222.nii.gz,0,context,gamma,identity_source,1x288x24x24x24,288,24x24x24,0.00945142563432455,0.0,290.0445861816406,0.0,0.0,,False,0.0,0.1453622430562973
HCC_10147777_20171222.nii.gz,0,context,gamma,existing_WP_predicted,1x288x24x24x24,288,24x24x24,0.009446291252970695,11.58821964263916,290.0445861816406,11.58821964263916,0.03995323544974575,0.026775795966386795,True,0.005807692650705576,0.1453622430562973
HCC_10147777_20171222.nii.gz,0,context,gamma,real_A_state_oracle,1x288x24x24x24,288,24x24x24,0.0,290.0445861816406,290.0445861816406,290.0445861816406,1.0,1.0,True,0.1453622430562973,0.1453622430562973
HCC_10147777_20171222.nii.gz,0,context,blur,identity_source,1x288x24x24x24,288,24x24x24,0.08639681339263916,0.0,826.7449951171875,0.0,0.0,,False,0.0,0.4143415093421936
HCC_10147777_20171222.nii.gz,0,context,blur,existing_WP_predicted,1x288x24x24x24,288,24x24x24,0.07434673607349396,406.5061950683594,826.7449951171875,406.5061950683594,0.4916947758610125,0.3876768946647644,True,0.2037295699119568,0.4143415093421936
HCC_10147777_20171222.nii.gz,0,context,blur,real_A_state_oracle,1x288x24x24x24,288,24x24x24,0.0,826.7449951171875,826.7449951171875,826.7449951171875,1.0,0.9999998807907104,True,0.4143415093421936,0.4143415093421936
HCC_10147777_20171222.nii.gz,1,context,gamma,identity_source,1x288x24x24x24,288,24x24x24,0.011400601826608181,0.0,269.6475524902344,0.0,0.0,,False,0.0,0.1351398229598999
HCC_10147777_20171222.nii.gz,1,context,gamma,existing_WP_predicted,1x288x24x24x24,288,24x24x24,0.011420900002121925,11.658349990844727,269.6475524902344,11.658349990844727,0.043235511997710224,0.0010278674308210611,True,0.0058428398333489895,0.1351398229598999
HCC_10147777_20171222.nii.gz,1,context,gamma,real_A_state_oracle,1x288x24x24x24,288,24x24x24,0.0,269.6475524902344,269.6475524902344,269.6475524902344,1.0,0.9999998807907104,True,0.1351398229598999,0.1351398229598999
HCC_10147777_20171222.nii.gz,1,context,blur,identity_source,1x288x24x24x24,288,24x24x24,0.10976099967956543,0.0,819.267578125,0.0,0.0,,False,0.0,0.41059404611587524
HCC_10147777_20171222.nii.gz,1,context,blur,existing_WP_predicted,1x288x24x24x24,288,24x24x24,0.09410229325294495,322.0789794921875,819.267578125,322.0789794921875,0.39313038632543834,0.37800872325897217,True,0.16141700744628906,0.41059404611587524
HCC_10147777_20171222.nii.gz,1,context,blur,real_A_state_oracle,1x288x24x24x24,288,24x24x24,0.0,819.267578125,819.267578125,819.267578125,1.0,1.0,True,0.41059404611587524,0.41059404611587524
HCC_10147777_20171222.nii.gz,2,foreground,gamma,identity_source,1x288x24x24x24,288,24x24x24,0.013418200425803661,0.0,288.9085998535156,0.0,0.0,,False,0.0,0.14479292929172516
HCC_10147777_20171222.nii.gz,2,foreground,gamma,existing_WP_predicted,1x288x24x24x24,288,24x24x24,0.01340812910348177,13.262768745422363,288.9085998535156,13.262768745422363,0.04590645190952066,0.031129272654652596,True,0.006646929774433374,0.14479292929172516
HCC_10147777_20171222.nii.gz,2,foreground,gamma,real_A_state_oracle,1x288x24x24x24,288,24x24x24,0.0,288.9085998535156,288.9085998535156,288.9085998535156,1.0,0.9999998807907104,True,0.14479292929172516,0.14479292929172516
HCC_10147777_20171222.nii.gz,2,foreground,blur,identity_source,1x288x24x24x24,288,24x24x24,0.15978458523750305,0.0,982.3356323242188,0.0,0.0,,False,0.0,0.4923191964626312
HCC_10147777_20171222.nii.gz,2,foreground,blur,existing_WP_predicted,1x288x24x24x24,288,24x24x24,0.12960349023342133,351.7411193847656,982.3356323242188,351.7411193847656,0.35806613117814085,0.4427919089794159,True,0.1762828379869461,0.4923191964626312
HCC_10147777_20171222.nii.gz,2,foreground,blur,real_A_state_oracle,1x288x24x24x24,288,24x24x24,0.0,982.3356323242188,982.3356323242188,982.3356323242188,1.0,0.9999999403953552,True,0.4923191964626312,0.4923191964626312
HCC_10147777_20171222.nii.gz,3,foreground,gamma,identity_source,1x288x24x24x24,288,24x24x24,0.01002551894634962,0.0,251.35372924804688,0.0,0.0,,False,0.0,0.1259714812040329
HCC_10147777_20171222.nii.gz,3,foreground,gamma,existing_WP_predicted,1x288x24x24x24,288,24x24x24,0.010006263852119446,12.462233543395996,251.35372924804688,12.462233543395996,0.049580460097720366,0.044158656150102615,True,0.0062457239255309105,0.1259714812040329
HCC_10147777_20171222.nii.gz,3,foreground,gamma,real_A_state_oracle,1x288x24x24x24,288,24x24x24,0.0,251.35372924804688,251.35372924804688,251.35372924804688,1.0,1.0,True,0.1259714812040329,0.1259714812040329
HCC_10147777_20171222.nii.gz,3,foreground,blur,identity_source,1x288x24x24x24,288,24x24x24,0.1544761061668396,0.0,941.4085083007812,0.0,0.0,,False,0.0,0.47180765867233276
HCC_10147777_20171222.nii.gz,3,foreground,blur,existing_WP_predicted,1x288x24x24x24,288,24x24x24,0.11769801378250122,355.1419677734375,941.4085083007812,355.1419677734375,0.37724533466821947,0.5041770339012146,True,0.1779872477054596,0.47180765867233276
HCC_10147777_20171222.nii.gz,3,foreground,blur,real_A_state_oracle,1x288x24x24x24,288,24x24x24,0.0,941.4085083007812,941.4085083007812,941.4085083007812,1.0,0.9999999403953552,True,0.47180765867233276,0.47180765867233276
HCC_PA0.nii.gz,0,context,gamma,identity_source,1x288x24x24x24,288,24x24x24,0.009239316917955875,0.0,454.2386169433594,0.0,0.0,,False,0.0,0.22765173017978668
HCC_PA0.nii.gz,0,context,gamma,existing_WP_predicted,1x288x24x24x24,288,24x24x24,0.009218406863510609,20.741310119628906,454.2386169433594,20.741310119628906,0.04566170586552137,0.047611549496650696,True,0.010394967161118984,0.22765173017978668
HCC_PA0.nii.gz,0,context,gamma,real_A_state_oracle,1x288x24x24x24,288,24x24x24,0.0,454.2386169433594,454.2386169433594,454.2386169433594,1.0,1.0000001192092896,True,0.22765173017978668,0.22765173017978668
HCC_PA0.nii.gz,0,context,blur,identity_source,1x288x24x24x24,288,24x24x24,0.04250625893473625,0.0,959.2482299804688,0.0,0.0,,False,0.0,0.4807484447956085
HCC_PA0.nii.gz,0,context,blur,existing_WP_predicted,1x288x24x24x24,288,24x24x24,0.04227522388100624,378.0872802734375,959.2482299804688,378.0872802734375,0.39414957302671877,0.20396971702575684,True,0.1894868016242981,0.4807484447956085
HCC_PA0.nii.gz,0,context,blur,real_A_state_oracle,1x288x24x24x24,288,24x24x24,0.0,959.2482299804688,959.2482299804688,959.2482299804688,1.0,0.9999999403953552,True,0.4807484447956085,0.4807484447956085
HCC_PA0.nii.gz,1,context,gamma,identity_source,1x288x24x24x24,288,24x24x24,0.00967343058437109,0.0,225.9648895263672,0.0,0.0,,False,0.0,0.11324729770421982
HCC_PA0.nii.gz,1,context,gamma,existing_WP_predicted,1x288x24x24x24,288,24x24x24,0.009659885428845882,16.319515228271484,225.9648895263672,16.319515228271484,0.07222146441634335,0.04580490663647652,True,0.008178886026144028,0.11324729770421982
HCC_PA0.nii.gz,1,context,gamma,real_A_state_oracle,1x288x24x24x24,288,24x24x24,0.0,225.9648895263672,225.9648895263672,225.9648895263672,1.0,1.0,True,0.11324729770421982,0.11324729770421982
HCC_PA0.nii.gz,1,context,blur,identity_source,1x288x24x24x24,288,24x24x24,0.07722437381744385,0.0,640.052001953125,0.0,0.0,,False,0.0,0.32077619433403015
HCC_PA0.nii.gz,1,context,blur,existing_WP_predicted,1x288x24x24x24,288,24x24x24,0.06968291103839874,233.22457885742188,640.052001953125,233.22457885742188,0.36438379716919056,0.316194087266922,True,0.11688564717769623,0.32077619433403015
HCC_PA0.nii.gz,1,context,blur,real_A_state_oracle,1x288x24x24x24,288,24x24x24,0.0,640.052001953125,640.052001953125,640.052001953125,1.0,1.0,True,0.32077619433403015,0.32077619433403015
HCC_PA0.nii.gz,2,foreground,gamma,identity_source,1x288x24x24x24,288,24x24x24,0.01590009592473507,0.0,291.31475830078125,0.0,0.0,,False,0.0,0.14599882066249847
HCC_PA0.nii.gz,2,foreground,gamma,existing_WP_predicted,1x288x24x24x24,288,24x24x24,0.015969811007380486,17.52799415588379,291.31475830078125,17.52799415588379,0.06016857593526453,-0.00635127117857337,True,0.008784541860222816,0.14599882066249847
HCC_PA0.nii.gz,2,foreground,gamma,real_A_state_oracle,1x288x24x24x24,288,24x24x24,0.0,291.31475830078125,291.31475830078125,291.31475830078125,1.0,0.9999998807907104,True,0.14599882066249847,0.14599882066249847
HCC_PA0.nii.gz,2,foreground,blur,identity_source,1x288x24x24x24,288,24x24x24,0.12572211027145386,0.0,809.2294311523438,0.0,0.0,,False,0.0,0.40556323528289795
HCC_PA0.nii.gz,2,foreground,blur,existing_WP_predicted,1x288x24x24x24,288,24x24x24,0.11266658455133438,237.2152557373047,809.2294311523438,237.2152557373047,0.2931372075772255,0.3236941993236542,True,0.11888567358255386,0.40556323528289795
HCC_PA0.nii.gz,2,foreground,blur,real_A_state_oracle,1x288x24x24x24,288,24x24x24,0.0,809.2294311523438,809.2294311523438,809.2294311523438,1.0,1.0000001192092896,True,0.40556323528289795,0.40556323528289795
HCC_PA0.nii.gz,3,context_fill,gamma,identity_source,1x288x24x24x24,288,24x24x24,0.014927590265870094,0.0,307.8934326171875,0.0,0.0,,False,0.0,0.15430758893489838
HCC_PA0.nii.gz,3,context_fill,gamma,existing_WP_predicted,1x288x24x24x24,288,24x24x24,0.014966364949941635,14.457993507385254,307.8934326171875,14.457993507385254,0.04695778466103654,-0.004179181065410376,True,0.007245942950248718,0.15430758893489838
HCC_PA0.nii.gz,3,context_fill,gamma,real_A_state_oracle,1x288x24x24x24,288,24x24x24,0.0,307.8934326171875,307.8934326171875,307.8934326171875,1.0,0.9999999403953552,True,0.15430758893489838,0.15430758893489838
HCC_PA0.nii.gz,3,context_fill,blur,identity_source,1x288x24x24x24,288,24x24x24,0.11734365671873093,0.0,836.5848999023438,0.0,0.0,,False,0.0,0.4192729890346527
HCC_PA0.nii.gz,3,context_fill,blur,existing_WP_predicted,1x288x24x24x24,288,24x24x24,0.098188117146492,267.303466796875,836.5848999023438,267.303466796875,0.31951744147913486,0.41521137952804565,True,0.13396503031253815,0.4192729890346527
HCC_PA0.nii.gz,3,context_fill,blur,real_A_state_oracle,1x288x24x24x24,288,24x24x24,0.0,836.5848999023438,836.5848999023438,836.5848999023438,1.0,0.9999999403953552,True,0.4192729890346527,0.4192729890346527
CYST_PA37.nii.gz,0,context,gamma,identity_source,1x288x24x24x24,288,24x24x24,0.003960673231631517,0.0,309.3125,0.0,0.0,,False,0.0,0.15501879155635834
CYST_PA37.nii.gz,0,context,gamma,existing_WP_predicted,1x288x24x24x24,288,24x24x24,0.0039633093401789665,18.92206382751465,309.3125,18.92206382751465,0.061174585015201934,0.025147048756480217,True,0.009483210742473602,0.15501879155635834
CYST_PA37.nii.gz,0,context,gamma,real_A_state_oracle,1x288x24x24x24,288,24x24x24,0.0,309.3125,309.3125,309.3125,1.0,1.0,True,0.15501879155635834,0.15501879155635834
CYST_PA37.nii.gz,0,context,blur,identity_source,1x288x24x24x24,288,24x24x24,0.036920636892318726,0.0,919.241455078125,0.0,0.0,,False,0.0,0.4606981575489044
CYST_PA37.nii.gz,0,context,blur,existing_WP_predicted,1x288x24x24x24,288,24x24x24,0.03489303216338158,410.4925537109375,919.241455078125,410.4925537109375,0.4465557459830294,0.28476840257644653,True,0.20572742819786072,0.4606981575489044
CYST_PA37.nii.gz,0,context,blur,real_A_state_oracle,1x288x24x24x24,288,24x24x24,0.0,919.241455078125,919.241455078125,919.241455078125,1.0,0.9999999403953552,True,0.4606981575489044,0.4606981575489044
CYST_PA37.nii.gz,1,context,gamma,identity_source,1x288x24x24x24,288,24x24x24,0.007472444791346788,0.0,240.58001708984375,0.0,0.0,,False,0.0,0.12057199329137802
CYST_PA37.nii.gz,1,context,gamma,existing_WP_predicted,1x288x24x24x24,288,24x24x24,0.007459793705493212,12.718888282775879,240.58001708984375,12.718888282775879,0.052867600711933006,0.04244571924209595,True,0.006374351680278778,0.12057199329137802
CYST_PA37.nii.gz,1,context,gamma,real_A_state_oracle,1x288x24x24x24,288,24x24x24,0.0,240.58001708984375,240.58001708984375,240.58001708984375,1.0,1.0,True,0.12057199329137802,0.12057199329137802
CYST_PA37.nii.gz,1,context,blur,identity_source,1x288x24x24x24,288,24x24x24,0.09958214312791824,0.0,860.0573120117188,0.0,0.0,,False,0.0,0.43103674054145813
CYST_PA37.nii.gz,1,context,blur,existing_WP_predicted,1x288x24x24x24,288,24x24x24,0.08191908150911331,354.1551208496094,860.0573120117188,354.1551208496094,0.41178083821091194,0.4212620258331299,True,0.1774926632642746,0.43103674054145813
CYST_PA37.nii.gz,1,context,blur,real_A_state_oracle,1x288x24x24x24,288,24x24x24,0.0,860.0573120117188,860.0573120117188,860.0573120117188,1.0,1.0000001192092896,True,0.43103674054145813,0.43103674054145813
CYST_PA37.nii.gz,2,foreground,gamma,identity_source,1x288x24x24x24,288,24x24x24,0.010119656100869179,0.0,251.06216430664062,0.0,0.0,,False,0.0,0.12582536041736603
CYST_PA37.nii.gz,2,foreground,gamma,existing_WP_predicted,1x288x24x24x24,288,24x24x24,0.010098091326653957,14.073055267333984,251.06216430664062,14.073055267333984,0.05605406655439141,0.04703550785779953,True,0.007053022272884846,0.12582536041736603
CYST_PA37.nii.gz,2,foreground,gamma,real_A_state_oracle,1x288x24x24x24,288,24x24x24,0.0,251.06216430664062,251.06216430664062,251.06216430664062,1.0,1.0,True,0.12582536041736603,0.12582536041736603
CYST_PA37.nii.gz,2,foreground,blur,identity_source,1x288x24x24x24,288,24x24x24,0.126712366938591,0.0,855.07080078125,0.0,0.0,,False,0.0,0.42853763699531555
CYST_PA37.nii.gz,2,foreground,blur,existing_WP_predicted,1x288x24x24x24,288,24x24x24,0.10499805212020874,336.2964782714844,855.07080078125,336.2964782714844,0.3932966462709537,0.4145079255104065,True,0.16854240000247955,0.42853763699531555
CYST_PA37.nii.gz,2,foreground,blur,real_A_state_oracle,1x288x24x24x24,288,24x24x24,0.0,855.07080078125,855.07080078125,855.07080078125,1.0,1.0,True,0.42853763699531555,0.42853763699531555
CYST_PA37.nii.gz,3,foreground,gamma,identity_source,1x288x24x24x24,288,24x24x24,0.010465536266565323,0.0,262.0409240722656,0.0,0.0,,False,0.0,0.13132759928703308
CYST_PA37.nii.gz,3,foreground,gamma,existing_WP_predicted,1x288x24x24x24,288,24x24x24,0.010438666678965092,12.637191772460938,262.0409240722656,12.637191772460938,0.04822602353888759,0.05073171108961105,True,0.006333407945930958,0.13132759928703308
CYST_PA37.nii.gz,3,foreground,gamma,real_A_state_oracle,1x288x24x24x24,288,24x24x24,0.0,262.0409240722656,262.0409240722656,262.0409240722656,1.0,1.0,True,0.13132759928703308,0.13132759928703308
CYST_PA37.nii.gz,3,foreground,blur,identity_source,1x288x24x24x24,288,24x24x24,0.1376289278268814,0.0,922.7412109375,0.0,0.0,,False,0.0,0.46245214343070984
CYST_PA37.nii.gz,3,foreground,blur,existing_WP_predicted,1x288x24x24x24,288,24x24x24,0.10855867713689804,346.64031982421875,922.7412109375,346.64031982421875,0.3756636375566602,0.4689636528491974,True,0.17372645437717438,0.46245214343070984
CYST_PA37.nii.gz,3,foreground,blur,real_A_state_oracle,1x288x24x24x24,288,24x24x24,0.0,922.7412109375,922.7412109375,922.7412109375,1.0,0.9999999403953552,True,0.46245214343070984,0.46245214343070984
ICC_PA18.nii.gz,0,context,gamma,identity_source,1x288x24x24x24,288,24x24x24,0.014940856024622917,0.0,600.0196533203125,0.0,0.0,,False,0.0,0.30071309208869934
ICC_PA18.nii.gz,0,context,gamma,existing_WP_predicted,1x288x24x24x24,288,24x24x24,0.014945013448596,19.5705509185791,600.0196533203125,19.5705509185791,0.03261651649288831,0.012042899616062641,True,0.009808213450014591,0.30071309208869934
ICC_PA18.nii.gz,0,context,gamma,real_A_state_oracle,1x288x24x24x24,288,24x24x24,0.0,600.0196533203125,600.0196533203125,600.0196533203125,1.0,0.9999999403953552,True,0.30071309208869934,0.30071309208869934
ICC_PA18.nii.gz,0,context,blur,identity_source,1x288x24x24x24,288,24x24x24,0.054892491549253464,0.0,1093.556640625,0.0,0.0,,False,0.0,0.5480600595474243
ICC_PA18.nii.gz,0,context,blur,existing_WP_predicted,1x288x24x24x24,288,24x24x24,0.05181530490517616,396.2391662597656,1093.556640625,396.2391662597656,0.36233986566375126,0.2585258483886719,True,0.19858402013778687,0.5480600595474243
ICC_PA18.nii.gz,0,context,blur,real_A_state_oracle,1x288x24x24x24,288,24x24x24,0.0,1093.556640625,1093.556640625,1093.556640625,1.0,1.0,True,0.5480600595474243,0.5480600595474243
ICC_PA18.nii.gz,1,context,gamma,identity_source,1x288x24x24x24,288,24x24x24,0.010095017030835152,0.0,258.73565673828125,0.0,0.0,,False,0.0,0.1296710968017578
ICC_PA18.nii.gz,1,context,gamma,existing_WP_predicted,1x288x24x24x24,288,24x24x24,0.010107047855854034,14.017589569091797,258.73565673828125,14.017589569091797,0.054177262406746675,0.016090678051114082,True,0.0070252250880002975,0.1296710968017578
ICC_PA18.nii.gz,1,context,gamma,real_A_state_oracle,1x288x24x24x24,288,24x24x24,0.0,258.73565673828125,258.73565673828125,258.73565673828125,1.0,1.0,True,0.1296710968017578,0.1296710968017578
ICC_PA18.nii.gz,1,context,blur,identity_source,1x288x24x24x24,288,24x24x24,0.11031334102153778,0.0,832.2503662109375,0.0,0.0,,False,0.0,0.4171006679534912
ICC_PA18.nii.gz,1,context,blur,existing_WP_predicted,1x288x24x24x24,288,24x24x24,0.09844928234815598,268.9869689941406,832.2503662109375,268.9869689941406,0.32320438646219196,0.32798105478286743,True,0.1348087638616562,0.4171006679534912
ICC_PA18.nii.gz,1,context,blur,real_A_state_oracle,1x288x24x24x24,288,24x24x24,0.0,832.2503662109375,832.2503662109375,832.2503662109375,1.0,1.0,True,0.4171006679534912,0.4171006679534912
ICC_PA18.nii.gz,2,foreground,gamma,identity_source,1x288x24x24x24,288,24x24x24,0.013139228336513042,0.0,267.7672119140625,0.0,0.0,,False,0.0,0.13419745862483978
ICC_PA18.nii.gz,2,foreground,gamma,existing_WP_predicted,1x288x24x24x24,288,24x24x24,0.013170392252504826,15.945162773132324,267.7672119140625,15.945162773132324,0.05954860066381011,0.009858241304755211,True,0.00799127109348774,0.13419745862483978
ICC_PA18.nii.gz,2,foreground,gamma,real_A_state_oracle,1x288x24x24x24,288,24x24x24,0.0,267.7672119140625,267.7672119140625,267.7672119140625,1.0,1.0,True,0.13419745862483978,0.13419745862483978
ICC_PA18.nii.gz,2,foreground,blur,identity_source,1x288x24x24x24,288,24x24x24,0.09925483167171478,0.0,729.0143432617188,0.0,0.0,,False,0.0,0.36536166071891785
ICC_PA18.nii.gz,2,foreground,blur,existing_WP_predicted,1x288x24x24x24,288,24x24x24,0.0934666246175766,238.91561889648438,729.0143432617188,238.91561889648438,0.327724167713272,0.25283417105674744,True,0.11973784118890762,0.36536166071891785
ICC_PA18.nii.gz,2,foreground,blur,real_A_state_oracle,1x288x24x24x24,288,24x24x24,0.0,729.0143432617188,729.0143432617188,729.0143432617188,1.0,1.0,True,0.36536166071891785,0.36536166071891785
ICC_PA18.nii.gz,3,foreground,gamma,identity_source,1x288x24x24x24,288,24x24x24,0.012497964315116405,0.0,258.0710144042969,0.0,0.0,,False,0.0,0.12933799624443054
ICC_PA18.nii.gz,3,foreground,gamma,existing_WP_predicted,1x288x24x24x24,288,24x24x24,0.012478146702051163,15.12479019165039,258.0710144042969,15.12479019165039,0.05860708621835278,0.0428323857486248,True,0.007580122910439968,0.12933799624443054
ICC_PA18.nii.gz,3,foreground,gamma,real_A_state_oracle,1x288x24x24x24,288,24x24x24,0.0,258.0710144042969,258.0710144042969,258.0710144042969,1.0,1.0000001192092896,True,0.12933799624443054,0.12933799624443054
ICC_PA18.nii.gz,3,foreground,blur,identity_source,1x288x24x24x24,288,24x24x24,0.09564308822154999,0.0,706.1380004882812,0.0,0.0,,False,0.0,0.3538966476917267
ICC_PA18.nii.gz,3,foreground,blur,existing_WP_predicted,1x288x24x24x24,288,24x24x24,0.09145289659500122,226.0647430419922,706.1380004882812,226.0647430419922,0.3201424408340475,0.22849512100219727,True,0.11329734325408936,0.3538966476917267
ICC_PA18.nii.gz,3,foreground,blur,real_A_state_oracle,1x288x24x24x24,288,24x24x24,0.0,706.1380004882812,706.1380004882812,706.1380004882812,1.0,1.0,True,0.3538966476917267,0.3538966476917267
HCC_10081574_20140213.nii.gz,0,context,gamma,identity_source,1x288x24x24x24,288,24x24x24,0.002778192749246955,0.0,278.7958068847656,0.0,0.0,,False,0.0,0.13972467184066772
HCC_10081574_20140213.nii.gz,0,context,gamma,existing_WP_predicted,1x288x24x24x24,288,24x24x24,0.00277779926545918,15.670475959777832,278.7958068847656,15.670475959777832,0.05620771752229004,0.029364731162786484,True,0.007853604853153229,0.13972467184066772
HCC_10081574_20140213.nii.gz,0,context,gamma,real_A_state_oracle,1x288x24x24x24,288,24x24x24,0.0,278.7958068847656,278.7958068847656,278.7958068847656,1.0,0.9999998807907104,True,0.13972467184066772,0.13972467184066772
HCC_10081574_20140213.nii.gz,0,context,blur,identity_source,1x288x24x24x24,288,24x24x24,0.03385487198829651,0.0,939.3558959960938,0.0,0.0,,False,0.0,0.4707789719104767
HCC_10081574_20140213.nii.gz,0,context,blur,existing_WP_predicted,1x288x24x24x24,288,24x24x24,0.030367542058229446,553.4126586914062,939.3558959960938,553.4126586914062,0.5891405600904511,0.38199278712272644,True,0.27735498547554016,0.4707789719104767
HCC_10081574_20140213.nii.gz,0,context,blur,real_A_state_oracle,1x288x24x24x24,288,24x24x24,0.0,939.3558959960938,939.3558959960938,939.3558959960938,1.0,1.0,True,0.4707789719104767,0.4707789719104767
HCC_10081574_20140213.nii.gz,1,context,gamma,identity_source,1x288x24x24x24,288,24x24x24,0.009634915739297867,0.0,261.7543029785156,0.0,0.0,,False,0.0,0.13118396699428558
HCC_10081574_20140213.nii.gz,1,context,gamma,existing_WP_predicted,1x288x24x24x24,288,24x24x24,0.009642169810831547,12.035981178283691,261.7543029785156,12.035981178283691,0.045981980205580746,0.01480442937463522,True,0.006032098084688187,0.13118396699428558
HCC_10081574_20140213.nii.gz,1,context,gamma,real_A_state_oracle,1x288x24x24x24,288,24x24x24,0.0,261.7543029785156,261.7543029785156,261.7543029785156,1.0,1.0000001192092896,True,0.13118396699428558,0.13118396699428558
HCC_10081574_20140213.nii.gz,1,context,blur,identity_source,1x288x24x24x24,288,24x24x24,0.07055588066577911,0.0,695.6541748046875,0.0,0.0,,False,0.0,0.3486424684524536
HCC_10081574_20140213.nii.gz,1,context,blur,existing_WP_predicted,1x288x24x24x24,288,24x24x24,0.06352207064628601,350.0506286621094,695.6541748046875,350.0506286621094,0.5031963313673635,0.35065630078315735,True,0.1754356026649475,0.3486424684524536
HCC_10081574_20140213.nii.gz,1,context,blur,real_A_state_oracle,1x288x24x24x24,288,24x24x24,0.0,695.6541748046875,695.6541748046875,695.6541748046875,1.0,1.0000001192092896,True,0.3486424684524536,0.3486424684524536
HCC_10081574_20140213.nii.gz,2,foreground,gamma,identity_source,1x288x24x24x24,288,24x24x24,0.011103130877017975,0.0,261.5027160644531,0.0,0.0,,False,0.0,0.13105787336826324
HCC_10081574_20140213.nii.gz,2,foreground,gamma,existing_WP_predicted,1x288x24x24x24,288,24x24x24,0.01111186295747757,11.989960670471191,261.5027160644531,11.989960670471191,0.04585023379839772,0.014348259195685387,True,0.006009033881127834,0.13105787336826324
HCC_10081574_20140213.nii.gz,2,foreground,gamma,real_A_state_oracle,1x288x24x24x24,288,24x24x24,0.0,261.5027160644531,261.5027160644531,261.5027160644531,1.0,1.0,True,0.13105787336826324,0.13105787336826324
HCC_10081574_20140213.nii.gz,2,foreground,blur,identity_source,1x288x24x24x24,288,24x24x24,0.1062319353222847,0.0,786.0101318359375,0.0,0.0,,False,0.0,0.39392635226249695
HCC_10081574_20140213.nii.gz,2,foreground,blur,existing_WP_predicted,1x288x24x24x24,288,24x24x24,0.08461984246969223,321.29144287109375,786.0101318359375,321.29144287109375,0.408762469919607,0.4532330632209778,True,0.16102230548858643,0.39392635226249695
HCC_10081574_20140213.nii.gz,2,foreground,blur,real_A_state_oracle,1x288x24x24x24,288,24x24x24,0.0,786.0101318359375,786.0101318359375,786.0101318359375,1.0,1.0,True,0.39392635226249695,0.39392635226249695
HCC_10081574_20140213.nii.gz,3,foreground,gamma,identity_source,1x288x24x24x24,288,24x24x24,0.017636092379689217,0.0,328.5738830566406,0.0,0.0,,False,0.0,0.16467206180095673
HCC_10081574_20140213.nii.gz,3,foreground,gamma,existing_WP_predicted,1x288x24x24x24,288,24x24x24,0.017620641738176346,12.220999717712402,328.5738830566406,12.220999717712402,0.037194069120842776,0.030374333262443542,True,0.006124823819845915,0.16467206180095673
HCC_10081574_20140213.nii.gz,3,foreground,gamma,real_A_state_oracle,1x288x24x24x24,288,24x24x24,0.0,328.5738830566406,328.5738830566406,328.5738830566406,1.0,1.0,True,0.16467206180095673,0.16467206180095673
HCC_10081574_20140213.nii.gz,3,foreground,blur,identity_source,1x288x24x24x24,288,24x24x24,0.15135948359966278,0.0,924.1737670898438,0.0,0.0,,False,0.0,0.4631701111793518
HCC_10081574_20140213.nii.gz,3,foreground,blur,existing_WP_predicted,1x288x24x24x24,288,24x24x24,0.11634895205497742,346.504150390625,924.1737670898438,346.504150390625,0.37493398182220805,0.49593085050582886,True,0.17365820705890656,0.4631701111793518
HCC_10081574_20140213.nii.gz,3,foreground,blur,real_A_state_oracle,1x288x24x24x24,288,24x24x24,0.0,924.1737670898438,924.1737670898438,924.1737670898438,1.0,1.0,True,0.4631701111793518,0.4631701111793518
MET_PA19.nii.gz,0,context,gamma,identity_source,1x288x24x24x24,288,24x24x24,0.005313430912792683,0.0,343.9067687988281,0.0,0.0,,False,0.0,0.1723564714193344
MET_PA19.nii.gz,0,context,gamma,existing_WP_predicted,1x288x24x24x24,288,24x24x24,0.0053061796352267265,14.500364303588867,343.9067687988281,14.500364303588867,0.04216364904428795,0.03726506978273392,True,0.007267178036272526,0.1723564714193344
MET_PA19.nii.gz,0,context,gamma,real_A_state_oracle,1x288x24x24x24,288,24x24x24,0.0,343.9067687988281,343.9067687988281,343.9067687988281,1.0,0.9999999403953552,True,0.1723564714193344,0.1723564714193344
MET_PA19.nii.gz,0,context,blur,identity_source,1x288x24x24x24,288,24x24x24,0.04158693179488182,0.0,919.23828125,0.0,0.0,,False,0.0,0.46069657802581787
MET_PA19.nii.gz,0,context,blur,existing_WP_predicted,1x288x24x24x24,288,24x24x24,0.03620639443397522,397.9880676269531,919.23828125,397.9880676269531,0.43295419234038035,0.3658929765224457,True,0.19946052134037018,0.46069657802581787
MET_PA19.nii.gz,0,context,blur,real_A_state_oracle,1x288x24x24x24,288,24x24x24,0.0,919.23828125,919.23828125,919.23828125,1.0,1.0,True,0.46069657802581787,0.46069657802581787
MET_PA19.nii.gz,1,context,gamma,identity_source,1x288x24x24x24,288,24x24x24,0.0075551182962954044,0.0,254.7555389404297,0.0,0.0,,False,0.0,0.1276763677597046
MET_PA19.nii.gz,1,context,gamma,existing_WP_predicted,1x288x24x24x24,288,24x24x24,0.0075131552293896675,14.011218070983887,254.7555389404297,14.011218070983887,0.05499867884819641,0.0779944434762001,True,0.007022031582891941,0.1276763677597046
MET_PA19.nii.gz,1,context,gamma,real_A_state_oracle,1x288x24x24x24,288,24x24x24,0.0,254.7555389404297,254.7555389404297,254.7555389404297,1.0,1.0000001192092896,True,0.1276763677597046,0.1276763677597046
MET_PA19.nii.gz,1,context,blur,identity_source,1x288x24x24x24,288,24x24x24,0.0972864106297493,0.0,919.3265380859375,0.0,0.0,,False,0.0,0.4607408046722412
MET_PA19.nii.gz,1,context,blur,existing_WP_predicted,1x288x24x24x24,288,24x24x24,0.09599976986646652,388.0509338378906,919.3265380859375,388.0509338378906,0.4221034831060388,0.2267175018787384,True,0.194480299949646,0.4607408046722412
MET_PA19.nii.gz,1,context,blur,real_A_state_oracle,1x288x24x24x24,288,24x24x24,0.0,919.3265380859375,919.3265380859375,919.3265380859375,1.0,0.9999999403953552,True,0.4607408046722412,0.4607408046722412
MET_PA19.nii.gz,2,foreground,gamma,identity_source,1x288x24x24x24,288,24x24x24,0.004844755865633488,0.0,179.21994018554688,0.0,0.0,,False,0.0,0.08982003480195999
MET_PA19.nii.gz,2,foreground,gamma,existing_WP_predicted,1x288x24x24x24,288,24x24x24,0.004836017265915871,12.985832214355469,179.21994018554688,12.985832214355469,0.07245751896195927,0.04867582023143768,True,0.006508136633783579,0.08982003480195999
MET_PA19.nii.gz,2,foreground,gamma,real_A_state_oracle,1x288x24x24x24,288,24x24x24,0.0,179.21994018554688,179.21994018554688,179.21994018554688,1.0,1.0000001192092896,True,0.08982003480195999,0.08982003480195999
MET_PA19.nii.gz,2,foreground,blur,identity_source,1x288x24x24x24,288,24x24x24,0.10874995589256287,0.0,833.0313110351562,0.0,0.0,,False,0.0,0.4174920320510864
MET_PA19.nii.gz,2,foreground,blur,existing_WP_predicted,1x288x24x24x24,288,24x24x24,0.10073281079530716,349.39825439453125,833.0313110351562,349.39825439453125,0.4194299178987111,0.2975974380970001,True,0.1751086562871933,0.4174920320510864
MET_PA19.nii.gz,2,foreground,blur,real_A_state_oracle,1x288x24x24x24,288,24x24x24,0.0,833.0313110351562,833.0313110351562,833.0313110351562,1.0,0.9999998807907104,True,0.4174920320510864,0.4174920320510864
MET_PA19.nii.gz,3,foreground,gamma,identity_source,1x288x24x24x24,288,24x24x24,0.006751153618097305,0.0,215.09530639648438,0.0,0.0,,False,0.0,0.10779976844787598
MET_PA19.nii.gz,3,foreground,gamma,existing_WP_predicted,1x288x24x24x24,288,24x24x24,0.006728004664182663,13.140594482421875,215.09530639648438,13.140594482421875,0.06109196291898562,0.058610592037439346,True,0.0065856995061039925,0.10779976844787598
MET_PA19.nii.gz,3,foreground,gamma,real_A_state_oracle,1x288x24x24x24,288,24x24x24,0.0,215.09530639648438,215.09530639648438,215.09530639648438,1.0,1.0,True,0.10779976844787598,0.10779976844787598
MET_PA19.nii.gz,3,foreground,blur,identity_source,1x288x24x24x24,288,24x24x24,0.13363122940063477,0.0,928.009521484375,0.0,0.0,,False,0.0,0.4650924801826477
MET_PA19.nii.gz,3,foreground,blur,existing_WP_predicted,1x288x24x24x24,288,24x24x24,0.11115712672472,357.7115478515625,928.009521484375,357.7115478515625,0.38546107509693833,0.4108847975730896,True,0.1792750507593155,0.4650924801826477
MET_PA19.nii.gz,3,foreground,blur,real_A_state_oracle,1x288x24x24x24,288,24x24x24,0.0,928.009521484375,928.009521484375,928.009521484375,1.0,1.0,True,0.4650924801826477,0.4650924801826477
HEM_PA24.nii.gz,0,context,gamma,identity_source,1x288x24x24x24,288,24x24x24,0.005546959117054939,0.0,381.8926086425781,0.0,0.0,,False,0.0,0.1913939267396927
HEM_PA24.nii.gz,0,context,gamma,existing_WP_predicted,1x288x24x24x24,288,24x24x24,0.0055245147086679935,17.212055206298828,381.8926086425781,17.212055206298828,0.045070406749893335,0.06742436438798904,True,0.008626203052699566,0.1913939267396927
HEM_PA24.nii.gz,0,context,gamma,real_A_state_oracle,1x288x24x24x24,288,24x24x24,0.0,381.8926086425781,381.8926086425781,381.8926086425781,1.0,1.0,True,0.1913939267396927,0.1913939267396927
HEM_PA24.nii.gz,0,context,blur,identity_source,1x288x24x24x24,288,24x24x24,0.0360352024435997,0.0,965.01318359375,0.0,0.0,,False,0.0,0.4836376905441284
HEM_PA24.nii.gz,0,context,blur,existing_WP_predicted,1x288x24x24x24,288,24x24x24,0.03535623475909233,465.0464782714844,965.01318359375,465.0464782714844,0.48190686529238036,0.26050272583961487,True,0.2330683320760727,0.4836376905441284
HEM_PA24.nii.gz,0,context,blur,real_A_state_oracle,1x288x24x24x24,288,24x24x24,0.0,965.01318359375,965.01318359375,965.01318359375,1.0,1.0000001192092896,True,0.4836376905441284,0.4836376905441284
HEM_PA24.nii.gz,1,context,gamma,identity_source,1x288x24x24x24,288,24x24x24,0.006896441802382469,0.0,232.8134307861328,0.0,0.0,,False,0.0,0.1166795939207077
HEM_PA24.nii.gz,1,context,gamma,existing_WP_predicted,1x288x24x24x24,288,24x24x24,0.006870727986097336,12.800298690795898,232.8134307861328,12.800298690795898,0.05498092892482013,0.061396583914756775,True,0.006415152922272682,0.1166795939207077
HEM_PA24.nii.gz,1,context,gamma,real_A_state_oracle,1x288x24x24x24,288,24x24x24,0.0,232.8134307861328,232.8134307861328,232.8134307861328,1.0,1.0,True,0.1166795939207077,0.1166795939207077
HEM_PA24.nii.gz,1,context,blur,identity_source,1x288x24x24x24,288,24x24x24,0.08809061348438263,0.0,824.3934936523438,0.0,0.0,,False,0.0,0.4131630063056946
HEM_PA24.nii.gz,1,context,blur,existing_WP_predicted,1x288x24x24x24,288,24x24x24,0.07847617566585541,366.14532470703125,824.3934936523438,366.14532470703125,0.44413902769281066,0.34493935108184814,True,0.18350182473659515,0.4131630063056946
HEM_PA24.nii.gz,1,context,blur,real_A_state_oracle,1x288x24x24x24,288,24x24x24,0.0,824.3934936523438,824.3934936523438,824.3934936523438,1.0,1.0,True,0.4131630063056946,0.4131630063056946
HEM_PA24.nii.gz,2,foreground,gamma,identity_source,1x288x24x24x24,288,24x24x24,0.005641720723360777,0.0,194.73666381835938,0.0,0.0,,False,0.0,0.09759657829999924
HEM_PA24.nii.gz,2,foreground,gamma,existing_WP_predicted,1x288x24x24x24,288,24x24x24,0.005629225168377161,12.869138717651367,194.73666381835938,12.869138717651367,0.06608482689040548,0.049800679087638855,True,0.006449653301388025,0.09759657829999924
HEM_PA24.nii.gz,2,foreground,gamma,real_A_state_oracle,1x288x24x24x24,288,24x24x24,0.0,194.73666381835938,194.73666381835938,194.73666381835938,1.0,1.0,True,0.09759657829999924,0.09759657829999924
HEM_PA24.nii.gz,2,foreground,blur,identity_source,1x288x24x24x24,288,24x24x24,0.13774408400058746,0.0,900.2494506835938,0.0,0.0,,False,0.0,0.4511798918247223
HEM_PA24.nii.gz,2,foreground,blur,existing_WP_predicted,1x288x24x24x24,288,24x24x24,0.1001468226313591,357.97381591796875,900.2494506835938,357.97381591796875,0.39763847192147195,0.5420331954956055,True,0.17940647900104523,0.4511798918247223
HEM_PA24.nii.gz,2,foreground,blur,real_A_state_oracle,1x288x24x24x24,288,24x24x24,0.0,900.2494506835938,900.2494506835938,900.2494506835938,1.0,1.0,True,0.4511798918247223,0.4511798918247223
HEM_PA24.nii.gz,3,foreground,gamma,identity_source,1x288x24x24x24,288,24x24x24,0.00788043811917305,0.0,232.46409606933594,0.0,0.0,,False,0.0,0.11650452017784119
HEM_PA24.nii.gz,3,foreground,gamma,existing_WP_predicted,1x288x24x24x24,288,24x24x24,0.007869025692343712,14.434089660644531,232.46409606933594,14.434089660644531,0.06209169460878529,0.04270756617188454,True,0.007233963347971439,0.11650452017784119
HEM_PA24.nii.gz,3,foreground,gamma,real_A_state_oracle,1x288x24x24x24,288,24x24x24,0.0,232.46409606933594,232.46409606933594,232.46409606933594,1.0,1.0,True,0.11650452017784119,0.11650452017784119
HEM_PA24.nii.gz,3,foreground,blur,identity_source,1x288x24x24x24,288,24x24x24,0.12052685022354126,0.0,859.1862182617188,0.0,0.0,,False,0.0,0.4306001365184784
HEM_PA24.nii.gz,3,foreground,blur,existing_WP_predicted,1x288x24x24x24,288,24x24x24,0.08940153568983078,366.3055114746094,859.1862182617188,366.3055114746094,0.42634006888018794,0.5160312056541443,True,0.1835820972919464,0.4306001365184784
HEM_PA24.nii.gz,3,foreground,blur,real_A_state_oracle,1x288x24x24x24,288,24x24x24,0.0,859.1862182617188,859.1862182617188,859.1862182617188,1.0,1.0,True,0.4306001365184784,0.4306001365184784
CYST_PA74.nii.gz,0,context,gamma,identity_source,1x288x24x24x24,288,24x24x24,0.006238419562578201,0.0,358.4750671386719,0.0,0.0,,False,0.0,0.1796577125787735
CYST_PA74.nii.gz,0,context,gamma,existing_WP_predicted,1x288x24x24x24,288,24x24x24,0.0062553477473556995,16.652606964111328,358.4750671386719,16.652606964111328,0.0464540172822381,-0.005979273933917284,True,0.008345822803676128,0.1796577125787735
CYST_PA74.nii.gz,0,context,gamma,real_A_state_oracle,1x288x24x24x24,288,24x24x24,0.0,358.4750671386719,358.4750671386719,358.4750671386719,1.0,1.0,True,0.1796577125787735,0.1796577125787735
CYST_PA74.nii.gz,0,context,blur,identity_source,1x288x24x24x24,288,24x24x24,0.043323732912540436,0.0,931.2421875,0.0,0.0,,False,0.0,0.46671262383461
CYST_PA74.nii.gz,0,context,blur,existing_WP_predicted,1x288x24x24x24,288,24x24x24,0.04327193647623062,366.3079528808594,931.2421875,366.3079528808594,0.39335412183617313,0.19819675385951996,True,0.1835833340883255,0.46671262383461
CYST_PA74.nii.gz,0,context,blur,real_A_state_oracle,1x288x24x24x24,288,24x24x24,0.0,931.2421875,931.2421875,931.2421875,1.0,1.0000001192092896,True,0.46671262383461,0.46671262383461
CYST_PA74.nii.gz,1,context,gamma,identity_source,1x288x24x24x24,288,24x24x24,0.005473931320011616,0.0,220.22299194335938,0.0,0.0,,False,0.0,0.11036962270736694
CYST_PA74.nii.gz,1,context,gamma,existing_WP_predicted,1x288x24x24x24,288,24x24x24,0.0054649715311825275,12.812262535095215,220.22299194335938,12.812262535095215,0.058178587176721704,0.04315708950161934,True,0.006421148777008057,0.11036962270736694
CYST_PA74.nii.gz,1,context,gamma,real_A_state_oracle,1x288x24x24x24,288,24x24x24,0.0,220.22299194335938,220.22299194335938,220.22299194335938,1.0,1.0,True,0.11036962270736694,0.11036962270736694
CYST_PA74.nii.gz,1,context,blur,identity_source,1x288x24x24x24,288,24x24x24,0.08172617852687836,0.0,890.6859130859375,0.0,0.0,,False,0.0,0.4463869333267212
CYST_PA74.nii.gz,1,context,blur,existing_WP_predicted,1x288x24x24x24,288,24x24x24,0.08854653686285019,382.83856201171875,890.6859130859375,382.83856201171875,0.4298244267559003,0.11783310770988464,True,0.19186800718307495,0.4463869333267212
CYST_PA74.nii.gz,1,context,blur,real_A_state_oracle,1x288x24x24x24,288,24x24x24,0.0,890.6859130859375,890.6859130859375,890.6859130859375,1.0,1.0,True,0.4463869333267212,0.4463869333267212
CYST_PA74.nii.gz,2,foreground,gamma,identity_source,1x288x24x24x24,288,24x24x24,0.005453156307339668,0.0,190.0012664794922,0.0,0.0,,False,0.0,0.0952233299612999
CYST_PA74.nii.gz,2,foreground,gamma,existing_WP_predicted,1x288x24x24x24,288,24x24x24,0.005431929137557745,12.261513710021973,190.0012664794922,12.261513710021973,0.06453385252221686,0.06242666393518448,True,0.0061451285146176815,0.0952233299612999
CYST_PA74.nii.gz,2,foreground,gamma,real_A_state_oracle,1x288x24x24x24,288,24x24x24,0.0,190.0012664794922,190.0012664794922,190.0012664794922,1.0,1.0,True,0.0952233299612999,0.0952233299612999
CYST_PA74.nii.gz,2,foreground,blur,identity_source,1x288x24x24x24,288,24x24x24,0.11696722358465195,0.0,859.8361206054688,0.0,0.0,,False,0.0,0.4309258759021759
CYST_PA74.nii.gz,2,foreground,blur,existing_WP_predicted,1x288x24x24x24,288,24x24x24,0.09831104427576065,351.77593994140625,859.8361206054688,351.77593994140625,0.4091197514401896,0.39948952198028564,True,0.1763002872467041,0.4309258759021759
CYST_PA74.nii.gz,2,foreground,blur,real_A_state_oracle,1x288x24x24x24,288,24x24x24,0.0,859.8361206054688,859.8361206054688,859.8361206054688,1.0,1.0,True,0.4309258759021759,0.4309258759021759
CYST_PA74.nii.gz,3,foreground,gamma,identity_source,1x288x24x24x24,288,24x24x24,0.00623104814440012,0.0,202.33474731445312,0.0,0.0,,False,0.0,0.10140453279018402
CYST_PA74.nii.gz,3,foreground,gamma,existing_WP_predicted,1x288x24x24x24,288,24x24x24,0.006221339572221041,11.401667594909668,202.33474731445312,11.401667594909668,0.05635051688472505,0.04200129210948944,True,0.005714197643101215,0.10140453279018402
CYST_PA74.nii.gz,3,foreground,gamma,real_A_state_oracle,1x288x24x24x24,288,24x24x24,0.0,202.33474731445312,202.33474731445312,202.33474731445312,1.0,1.0,True,0.10140453279018402,0.10140453279018402
CYST_PA74.nii.gz,3,foreground,blur,identity_source,1x288x24x24x24,288,24x24x24,0.1206090897321701,0.0,881.3317260742188,0.0,0.0,,False,0.0,0.4416988790035248
CYST_PA74.nii.gz,3,foreground,blur,existing_WP_predicted,1x288x24x24x24,288,24x24x24,0.09998152405023575,342.05535888671875,881.3317260742188,342.05535888671875,0.38811193194004406,0.41438964009284973,True,0.1714286059141159,0.4416988790035248
CYST_PA74.nii.gz,3,foreground,blur,real_A_state_oracle,1x288x24x24x24,288,24x24x24,0.0,881.3317260742188,881.3317260742188,881.3317260742188,1.0,1.0,True,0.4416988790035248,0.4416988790035248
HEM_PA34.nii.gz,0,context,gamma,identity_source,1x288x24x24x24,288,24x24x24,0.00676281563937664,0.0,394.34197998046875,0.0,0.0,,False,0.0,0.19763319194316864
HEM_PA34.nii.gz,0,context,gamma,existing_WP_predicted,1x288x24x24x24,288,24x24x24,0.006746986880898476,17.38758087158203,394.34197998046875,17.38758087158203,0.04409264484710255,0.04858693853020668,True,0.008714170195162296,0.19763319194316864
HEM_PA34.nii.gz,0,context,gamma,real_A_state_oracle,1x288x24x24x24,288,24x24x24,0.0,394.34197998046875,394.34197998046875,394.34197998046875,1.0,1.0,True,0.19763319194316864,0.19763319194316864
HEM_PA34.nii.gz,0,context,blur,identity_source,1x288x24x24x24,288,24x24x24,0.0455777645111084,0.0,984.5897827148438,0.0,0.0,,False,0.0,0.4934489130973816
HEM_PA34.nii.gz,0,context,blur,existing_WP_predicted,1x288x24x24x24,288,24x24x24,0.03847586736083031,406.3872375488281,984.5897827148438,406.3872375488281,0.41274777037425925,0.3951323330402374,True,0.203669935464859,0.4934489130973816
HEM_PA34.nii.gz,0,context,blur,real_A_state_oracle,1x288x24x24x24,288,24x24x24,0.0,984.5897827148438,984.5897827148438,984.5897827148438,1.0,0.9999999403953552,True,0.4934489130973816,0.4934489130973816
HEM_PA34.nii.gz,1,context,gamma,identity_source,1x288x24x24x24,288,24x24x24,0.004958498757332563,0.0,209.77877807617188,0.0,0.0,,False,0.0,0.10513526946306229
HEM_PA34.nii.gz,1,context,gamma,existing_WP_predicted,1x288x24x24x24,288,24x24x24,0.004951342940330505,12.986115455627441,209.77877807617188,12.986115455627441,0.061903856885428654,0.04260775446891785,True,0.006508278660476208,0.10513526946306229
HEM_PA34.nii.gz,1,context,gamma,real_A_state_oracle,1x288x24x24x24,288,24x24x24,0.0,209.77877807617188,209.77877807617188,209.77877807617188,1.0,1.0,True,0.10513526946306229,0.10513526946306229
HEM_PA34.nii.gz,1,context,blur,identity_source,1x288x24x24x24,288,24x24x24,0.08466608077287674,0.0,901.9132690429688,0.0,0.0,,False,0.0,0.45201376080513
HEM_PA34.nii.gz,1,context,blur,existing_WP_predicted,1x288x24x24x24,288,24x24x24,0.08426608890295029,376.35858154296875,901.9132690429688,376.35858154296875,0.417289105794316,0.21430519223213196,True,0.1886204183101654,0.45201376080513
HEM_PA34.nii.gz,1,context,blur,real_A_state_oracle,1x288x24x24x24,288,24x24x24,0.0,901.9132690429688,901.9132690429688,901.9132690429688,1.0,1.0,True,0.45201376080513,0.45201376080513
HEM_PA34.nii.gz,2,foreground,gamma,identity_source,1x288x24x24x24,288,24x24x24,0.007307570427656174,0.0,217.48922729492188,0.0,0.0,,False,0.0,0.10899953544139862
HEM_PA34.nii.gz,2,foreground,gamma,existing_WP_predicted,1x288x24x24x24,288,24x24x24,0.007305308245122433,12.035476684570312,217.48922729492188,12.035476684570312,0.05533826587304873,0.030466720461845398,True,0.0060318452306091785,0.10899953544139862
HEM_PA34.nii.gz,2,foreground,gamma,real_A_state_oracle,1x288x24x24x24,288,24x24x24,0.0,217.48922729492188,217.48922729492188,217.48922729492188,1.0,1.0,True,0.10899953544139862,0.10899953544139862
HEM_PA34.nii.gz,2,foreground,blur,identity_source,1x288x24x24x24,288,24x24x24,0.13648539781570435,0.0,903.7182006835938,0.0,0.0,,False,0.0,0.4529183804988861
HEM_PA34.nii.gz,2,foreground,blur,existing_WP_predicted,1x288x24x24x24,288,24x24x24,0.11054299026727676,334.1258544921875,903.7182006835938,334.1258544921875,0.36972349814294636,0.44191136956214905,True,0.1674545407295227,0.4529183804988861
HEM_PA34.nii.gz,2,foreground,blur,real_A_state_oracle,1x288x24x24x24,288,24x24x24,0.0,903.7182006835938,903.7182006835938,903.7182006835938,1.0,1.0000001192092896,True,0.4529183804988861,0.4529183804988861
HEM_PA34.nii.gz,3,foreground,gamma,identity_source,1x288x24x24x24,288,24x24x24,0.007337409071624279,0.0,217.64852905273438,0.0,0.0,,False,0.0,0.10907936841249466
HEM_PA34.nii.gz,3,foreground,gamma,existing_WP_predicted,1x288x24x24x24,288,24x24x24,0.007333801127970219,11.57419204711914,217.64852905273438,11.57419204711914,0.05317836099096637,0.03121223859488964,True,0.005800662096589804,0.10907936841249466
HEM_PA34.nii.gz,3,foreground,gamma,real_A_state_oracle,1x288x24x24x24,288,24x24x24,0.0,217.64852905273438,217.64852905273438,217.64852905273438,1.0,0.9999999403953552,True,0.10907936841249466,0.10907936841249466
HEM_PA34.nii.gz,3,foreground,blur,identity_source,1x288x24x24x24,288,24x24x24,0.14608432352542877,0.0,948.98193359375,0.0,0.0,,False,0.0,0.47560328245162964
HEM_PA34.nii.gz,3,foreground,blur,existing_WP_predicted,1x288x24x24x24,288,24x24x24,0.12100046128034592,334.88275146484375,948.98193359375,334.88275146484375,0.35288632966558015,0.41973403096199036,True,0.16783389449119568,0.47560328245162964
HEM_PA34.nii.gz,3,foreground,blur,real_A_state_oracle,1x288x24x24x24,288,24x24x24,0.0,948.98193359375,948.98193359375,948.98193359375,1.0,1.0000001192092896,True,0.47560328245162964,0.47560328245162964
FNH_PA32.nii.gz,0,context,gamma,identity_source,1x288x24x24x24,288,24x24x24,0.007780374493449926,0.0,232.10931396484375,0.0,0.0,,False,0.0,0.1163267120718956
FNH_PA32.nii.gz,0,context,gamma,existing_WP_predicted,1x288x24x24x24,288,24x24x24,0.007758085150271654,12.434014320373535,232.10931396484375,12.434014320373535,0.053569648317761356,0.053523678332567215,True,0.0062315808609128,0.1163267120718956
FNH_PA32.nii.gz,0,context,gamma,real_A_state_oracle,1x288x24x24x24,288,24x24x24,0.0,232.10931396484375,232.10931396484375,232.10931396484375,1.0,1.0,True,0.1163267120718956,0.1163267120718956
FNH_PA32.nii.gz,0,context,blur,identity_source,1x288x24x24x24,288,24x24x24,0.07515335083007812,0.0,714.479248046875,0.0,0.0,,False,0.0,0.3580770790576935
FNH_PA32.nii.gz,0,context,blur,existing_WP_predicted,1x288x24x24x24,288,24x24x24,0.07045164704322815,262.5303039550781,714.479248046875,262.5303039550781,0.3674428678967793,0.2688523232936859,True,0.13157285749912262,0.3580770790576935
FNH_PA32.nii.gz,0,context,blur,real_A_state_oracle,1x288x24x24x24,288,24x24x24,0.0,714.479248046875,714.479248046875,714.479248046875,1.0,1.0000001192092896,True,0.3580770790576935,0.3580770790576935
FNH_PA32.nii.gz,1,context,gamma,identity_source,1x288x24x24x24,288,24x24x24,0.006718503311276436,0.0,206.49456787109375,0.0,0.0,,False,0.0,0.10348931699991226
FNH_PA32.nii.gz,1,context,gamma,existing_WP_predicted,1x288x24x24x24,288,24x24x24,0.0066965073347091675,13.061195373535156,206.49456787109375,13.061195373535156,0.06325200468076592,0.05750619247555733,True,0.00654590642079711,0.10348931699991226
FNH_PA32.nii.gz,1,context,gamma,real_A_state_oracle,1x288x24x24x24,288,24x24x24,0.0,206.49456787109375,206.49456787109375,206.49456787109375,1.0,1.0,True,0.10348931699991226,0.10348931699991226
FNH_PA32.nii.gz,1,context,blur,identity_source,1x288x24x24x24,288,24x24x24,0.060114361345767975,0.0,608.3969116210938,0.0,0.0,,False,0.0,0.3049115538597107
FNH_PA32.nii.gz,1,context,blur,existing_WP_predicted,1x288x24x24x24,288,24x24x24,0.05517158657312393,256.313720703125,608.3969116210938,256.313720703125,0.42129359273072015,0.30823051929473877,True,0.12845727801322937,0.3049115538597107
FNH_PA32.nii.gz,1,context,blur,real_A_state_oracle,1x288x24x24x24,288,24x24x24,0.0,608.3969116210938,608.3969116210938,608.3969116210938,1.0,0.9999999403953552,True,0.3049115538597107,0.3049115538597107
FNH_PA32.nii.gz,2,foreground,gamma,identity_source,1x288x24x24x24,288,24x24x24,0.009967530146241188,0.0,245.10562133789062,0.0,0.0,,False,0.0,0.12284009903669357
FNH_PA32.nii.gz,2,foreground,gamma,existing_WP_predicted,1x288x24x24x24,288,24x24x24,0.009958090260624886,11.840679168701172,245.10562133789062,11.840679168701172,0.04830847658274712,0.033956144005060196,True,0.005934218410402536,0.12284009903669357
FNH_PA32.nii.gz,2,foreground,gamma,real_A_state_oracle,1x288x24x24x24,288,24x24x24,0.0,245.10562133789062,245.10562133789062,245.10562133789062,1.0,1.0,True,0.12284009903669357,0.12284009903669357
FNH_PA32.nii.gz,2,foreground,blur,identity_source,1x288x24x24x24,288,24x24x24,0.11703579872846603,0.0,816.9931030273438,0.0,0.0,,False,0.0,0.4094541668891907
FNH_PA32.nii.gz,2,foreground,blur,existing_WP_predicted,1x288x24x24x24,288,24x24x24,0.10135044157505035,252.9730682373047,816.9931030273438,252.9730682373047,0.30963917235031785,0.37123581767082214,True,0.12678304314613342,0.4094541668891907
FNH_PA32.nii.gz,2,foreground,blur,real_A_state_oracle,1x288x24x24x24,288,24x24x24,0.0,816.9931030273438,816.9931030273438,816.9931030273438,1.0,1.0,True,0.4094541668891907,0.4094541668891907
FNH_PA32.nii.gz,3,repeat_fill,gamma,identity_source,1x288x24x24x24,288,24x24x24,0.007780374493449926,0.0,232.10931396484375,0.0,0.0,,False,0.0,0.1163267120718956
FNH_PA32.nii.gz,3,repeat_fill,gamma,existing_WP_predicted,1x288x24x24x24,288,24x24x24,0.007758085150271654,12.434014320373535,232.10931396484375,12.434014320373535,0.053569648317761356,0.053523678332567215,True,0.0062315808609128,0.1163267120718956
FNH_PA32.nii.gz,3,repeat_fill,gamma,real_A_state_oracle,1x288x24x24x24,288,24x24x24,0.0,232.10931396484375,232.10931396484375,232.10931396484375,1.0,1.0,True,0.1163267120718956,0.1163267120718956
FNH_PA32.nii.gz,3,repeat_fill,blur,identity_source,1x288x24x24x24,288,24x24x24,0.07515335083007812,0.0,714.479248046875,0.0,0.0,,False,0.0,0.3580770790576935
FNH_PA32.nii.gz,3,repeat_fill,blur,existing_WP_predicted,1x288x24x24x24,288,24x24x24,0.07045164704322815,262.5303039550781,714.479248046875,262.5303039550781,0.3674428678967793,0.2688523232936859,True,0.13157285749912262,0.3580770790576935
FNH_PA32.nii.gz,3,repeat_fill,blur,real_A_state_oracle,1x288x24x24x24,288,24x24x24,0.0,714.479248046875,714.479248046875,714.479248046875,1.0,1.0000001192092896,True,0.3580770790576935,0.3580770790576935
FNH_PA10.nii.gz,0,context,gamma,identity_source,1x288x24x24x24,288,24x24x24,0.007951346226036549,0.0,426.9381103515625,0.0,0.0,,False,0.0,0.21396946907043457
FNH_PA10.nii.gz,0,context,gamma,existing_WP_predicted,1x288x24x24x24,288,24x24x24,0.007944478653371334,20.098167419433594,426.9381103515625,20.098167419433594,0.0470751308729121,0.03271102532744408,True,0.010072640143334866,0.21396946907043457
FNH_PA10.nii.gz,0,context,gamma,real_A_state_oracle,1x288x24x24x24,288,24x24x24,0.0,426.9381103515625,426.9381103515625,426.9381103515625,1.0,0.9999999403953552,True,0.21396946907043457,0.21396946907043457
FNH_PA10.nii.gz,0,context,blur,identity_source,1x288x24x24x24,288,24x24x24,0.03380929306149483,0.0,858.2503051757812,0.0,0.0,,False,0.0,0.43013113737106323
FNH_PA10.nii.gz,0,context,blur,existing_WP_predicted,1x288x24x24x24,288,24x24x24,0.03249724209308624,382.13128662109375,858.2503051757812,382.13128662109375,0.4452445682997201,0.2662021219730377,True,0.1915135532617569,0.43013113737106323
FNH_PA10.nii.gz,0,context,blur,real_A_state_oracle,1x288x24x24x24,288,24x24x24,0.0,858.2503051757812,858.2503051757812,858.2503051757812,1.0,1.0000001192092896,True,0.43013113737106323,0.43013113737106323
FNH_PA10.nii.gz,1,context,gamma,identity_source,1x288x24x24x24,288,24x24x24,0.010973136872053146,0.0,275.4691162109375,0.0,0.0,,False,0.0,0.1380574256181717
FNH_PA10.nii.gz,1,context,gamma,existing_WP_predicted,1x288x24x24x24,288,24x24x24,0.010986114852130413,13.97311782836914,275.4691162109375,13.97311782836914,0.05072480726902749,0.013704178854823112,True,0.0070029366761446,0.1380574256181717
FNH_PA10.nii.gz,1,context,gamma,real_A_state_oracle,1x288x24x24x24,288,24x24x24,0.0,275.4691162109375,275.4691162109375,275.4691162109375,1.0,0.9999998807907104,True,0.1380574256181717,0.1380574256181717
FNH_PA10.nii.gz,1,context,blur,identity_source,1x288x24x24x24,288,24x24x24,0.06314326822757721,0.0,653.517333984375,0.0,0.0,,False,0.0,0.3275246322154999
FNH_PA10.nii.gz,1,context,blur,existing_WP_predicted,1x288x24x24x24,288,24x24x24,0.05791246145963669,270.1861572265625,653.517333984375,270.1861572265625,0.41343380378189387,0.3069026470184326,True,0.13540975749492645,0.3275246322154999
FNH_PA10.nii.gz,1,context,blur,real_A_state_oracle,1x288x24x24x24,288,24x24x24,0.0,653.517333984375,653.517333984375,653.517333984375,1.0,0.9999998807907104,True,0.3275246322154999,0.3275246322154999
FNH_PA10.nii.gz,2,foreground,gamma,identity_source,1x288x24x24x24,288,24x24x24,0.016256002709269524,0.0,297.5910339355469,0.0,0.0,,False,0.0,0.14914432168006897
FNH_PA10.nii.gz,2,foreground,gamma,existing_WP_predicted,1x288x24x24x24,288,24x24x24,0.016309615224599838,15.598307609558105,297.5910339355469,15.598307609558105,0.05241524720444512,-0.005254954099655151,True,0.007817436009645462,0.14914432168006897
FNH_PA10.nii.gz,2,foreground,gamma,real_A_state_oracle,1x288x24x24x24,288,24x24x24,0.0,297.5910339355469,297.5910339355469,297.5910339355469,1.0,1.0,True,0.14914432168006897,0.14914432168006897
FNH_PA10.nii.gz,2,foreground,blur,identity_source,1x288x24x24x24,288,24x24x24,0.1177772581577301,0.0,791.4828491210938,0.0,0.0,,False,0.0,0.3966691195964813
FNH_PA10.nii.gz,2,foreground,blur,existing_WP_predicted,1x288x24x24x24,288,24x24x24,0.10072427242994308,247.5668182373047,791.4828491210938,247.5668182373047,0.31278860750073934,0.38784462213516235,True,0.1240735799074173,0.3966691195964813
FNH_PA10.nii.gz,2,foreground,blur,real_A_state_oracle,1x288x24x24x24,288,24x24x24,0.0,791.4828491210938,791.4828491210938,791.4828491210938,1.0,1.0,True,0.3966691195964813,0.3966691195964813
FNH_PA10.nii.gz,3,foreground,gamma,identity_source,1x288x24x24x24,288,24x24x24,0.014421118423342705,0.0,277.0838317871094,0.0,0.0,,False,0.0,0.13886667788028717
FNH_PA10.nii.gz,3,foreground,gamma,existing_WP_predicted,1x288x24x24x24,288,24x24x24,0.014477978460490704,15.757318496704102,277.0838317871094,15.757318496704102,0.056868415580490654,-0.00623246468603611,True,0.007897128351032734,0.13886667788028717
FNH_PA10.nii.gz,3,foreground,gamma,real_A_state_oracle,1x288x24x24x24,288,24x24x24,0.0,277.0838317871094,277.0838317871094,277.0838317871094,1.0,0.9999998807907104,True,0.13886667788028717,0.13886667788028717
FNH_PA10.nii.gz,3,foreground,blur,identity_source,1x288x24x24x24,288,24x24x24,0.10165347903966904,0.0,727.89697265625,0.0,0.0,,False,0.0,0.36480164527893066
FNH_PA10.nii.gz,3,foreground,blur,existing_WP_predicted,1x288x24x24x24,288,24x24x24,0.08607250452041626,240.7926025390625,727.89697265625,240.7926025390625,0.33080588542683365,0.3970724642276764,True,0.12067853659391403,0.36480164527893066
FNH_PA10.nii.gz,3,foreground,blur,real_A_state_oracle,1x288x24x24x24,288,24x24x24,0.0,727.89697265625,727.89697265625,727.89697265625,1.0,1.0,True,0.36480164527893066,0.36480164527893066
CYST_PA54.nii.gz,0,context,gamma,identity_source,1x288x24x24x24,288,24x24x24,0.005264876410365105,0.0,189.66580200195312,0.0,0.0,,False,0.0,0.09505521506071091
CYST_PA54.nii.gz,0,context,gamma,existing_WP_predicted,1x288x24x24x24,288,24x24x24,0.005243095103651285,12.617191314697266,189.66580200195312,12.617191314697266,0.06652328032529205,0.06435616314411163,True,0.006323384121060371,0.09505521506071091
CYST_PA54.nii.gz,0,context,gamma,real_A_state_oracle,1x288x24x24x24,288,24x24x24,0.0,189.66580200195312,189.66580200195312,189.66580200195312,1.0,1.0,True,0.09505521506071091,0.09505521506071091
CYST_PA54.nii.gz,0,context,blur,identity_source,1x288x24x24x24,288,24x24x24,0.05894498899579048,0.0,626.6132202148438,0.0,0.0,,False,0.0,0.31404104828834534
CYST_PA54.nii.gz,0,context,blur,existing_WP_predicted,1x288x24x24x24,288,24x24x24,0.053314197808504105,275.9896240234375,626.6132202148438,275.9896240234375,0.44044653882152424,0.32866573333740234,True,0.13831830024719238,0.31404104828834534
CYST_PA54.nii.gz,0,context,blur,real_A_state_oracle,1x288x24x24x24,288,24x24x24,0.0,626.6132202148438,626.6132202148438,626.6132202148438,1.0,1.0,True,0.31404104828834534,0.31404104828834534
CYST_PA54.nii.gz,1,context,gamma,identity_source,1x288x24x24x24,288,24x24x24,0.004860682412981987,0.0,173.96482849121094,0.0,0.0,,False,0.0,0.0871863141655922
CYST_PA54.nii.gz,1,context,gamma,existing_WP_predicted,1x288x24x24x24,288,24x24x24,0.004842013586312532,12.656486511230469,173.96482849121094,12.656486511230469,0.07275313418809769,0.06277281790971756,True,0.00634307786822319,0.0871863141655922
CYST_PA54.nii.gz,1,context,gamma,real_A_state_oracle,1x288x24x24x24,288,24x24x24,0.0,173.96482849121094,173.96482849121094,173.96482849121094,1.0,0.9999999403953552,True,0.0871863141655922,0.0871863141655922
CYST_PA54.nii.gz,1,context,blur,identity_source,1x288x24x24x24,288,24x24x24,0.07738729566335678,0.0,678.58056640625,0.0,0.0,,False,0.0,0.3400856554508209
CYST_PA54.nii.gz,1,context,blur,existing_WP_predicted,1x288x24x24x24,288,24x24x24,0.06450772285461426,267.5807189941406,678.58056640625,267.5807189941406,0.39432417054211133,0.40819409489631653,True,0.13410398364067078,0.3400856554508209
CYST_PA54.nii.gz,1,context,blur,real_A_state_oracle,1x288x24x24x24,288,24x24x24,0.0,678.58056640625,678.58056640625,678.58056640625,1.0,1.0,True,0.3400856554508209,0.3400856554508209
CYST_PA54.nii.gz,2,repeat_fill,gamma,identity_source,1x288x24x24x24,288,24x24x24,0.005264876410365105,0.0,189.66580200195312,0.0,0.0,,False,0.0,0.09505521506071091
CYST_PA54.nii.gz,2,repeat_fill,gamma,existing_WP_predicted,1x288x24x24x24,288,24x24x24,0.005243095103651285,12.617191314697266,189.66580200195312,12.617191314697266,0.06652328032529205,0.06435616314411163,True,0.006323384121060371,0.09505521506071091
CYST_PA54.nii.gz,2,repeat_fill,gamma,real_A_state_oracle,1x288x24x24x24,288,24x24x24,0.0,189.66580200195312,189.66580200195312,189.66580200195312,1.0,1.0,True,0.09505521506071091,0.09505521506071091
CYST_PA54.nii.gz,2,repeat_fill,blur,identity_source,1x288x24x24x24,288,24x24x24,0.05894498899579048,0.0,626.6132202148438,0.0,0.0,,False,0.0,0.31404104828834534
CYST_PA54.nii.gz,2,repeat_fill,blur,existing_WP_predicted,1x288x24x24x24,288,24x24x24,0.053314197808504105,275.9896240234375,626.6132202148438,275.9896240234375,0.44044653882152424,0.32866573333740234,True,0.13831830024719238,0.31404104828834534
CYST_PA54.nii.gz,2,repeat_fill,blur,real_A_state_oracle,1x288x24x24x24,288,24x24x24,0.0,626.6132202148438,626.6132202148438,626.6132202148438,1.0,1.0,True,0.31404104828834534,0.31404104828834534
CYST_PA54.nii.gz,3,repeat_fill,gamma,identity_source,1x288x24x24x24,288,24x24x24,0.004860682412981987,0.0,173.96482849121094,0.0,0.0,,False,0.0,0.0871863141655922
CYST_PA54.nii.gz,3,repeat_fill,gamma,existing_WP_predicted,1x288x24x24x24,288,24x24x24,0.004842013586312532,12.656486511230469,173.96482849121094,12.656486511230469,0.07275313418809769,0.06277281790971756,True,0.00634307786822319,0.0871863141655922
CYST_PA54.nii.gz,3,repeat_fill,gamma,real_A_state_oracle,1x288x24x24x24,288,24x24x24,0.0,173.96482849121094,173.96482849121094,173.96482849121094,1.0,0.9999999403953552,True,0.0871863141655922,0.0871863141655922
CYST_PA54.nii.gz,3,repeat_fill,blur,identity_source,1x288x24x24x24,288,24x24x24,0.07738729566335678,0.0,678.58056640625,0.0,0.0,,False,0.0,0.3400856554508209
CYST_PA54.nii.gz,3,repeat_fill,blur,existing_WP_predicted,1x288x24x24x24,288,24x24x24,0.06450772285461426,267.5807189941406,678.58056640625,267.5807189941406,0.39432417054211133,0.40819409489631653,True,0.13410398364067078,0.3400856554508209
CYST_PA54.nii.gz,3,repeat_fill,blur,real_A_state_oracle,1x288x24x24x24,288,24x24x24,0.0,678.58056640625,678.58056640625,678.58056640625,1.0,1.0,True,0.3400856554508209,0.3400856554508209
CYST_PA53.nii.gz,0,context,gamma,identity_source,1x288x24x24x24,288,24x24x24,0.0044361287727952,0.0,162.003662109375,0.0,0.0,,False,0.0,0.08119171112775803
CYST_PA53.nii.gz,0,context,gamma,existing_WP_predicted,1x288x24x24x24,288,24x24x24,0.0044234818778932095,12.58469009399414,162.003662109375,12.58469009399414,0.07768151614682466,0.05719072371721268,True,0.006307095289230347,0.08119171112775803
CYST_PA53.nii.gz,0,context,gamma,real_A_state_oracle,1x288x24x24x24,288,24x24x24,0.0,162.003662109375,162.003662109375,162.003662109375,1.0,0.9999999403953552,True,0.08119171112775803,0.08119171112775803
CYST_PA53.nii.gz,0,context,blur,identity_source,1x288x24x24x24,288,24x24x24,0.06819700449705124,0.0,630.7623901367188,0.0,0.0,,False,0.0,0.3161205053329468
CYST_PA53.nii.gz,0,context,blur,existing_WP_predicted,1x288x24x24x24,288,24x24x24,0.06360752135515213,249.49020385742188,630.7623901367188,249.49020385742188,0.39553753958498455,0.28283965587615967,True,0.1250375360250473,0.3161205053329468
CYST_PA53.nii.gz,0,context,blur,real_A_state_oracle,1x288x24x24x24,288,24x24x24,0.0,630.7623901367188,630.7623901367188,630.7623901367188,1.0,1.0,True,0.3161205053329468,0.3161205053329468
CYST_PA53.nii.gz,1,context,gamma,identity_source,1x288x24x24x24,288,24x24x24,0.005310461390763521,0.0,175.74490356445312,0.0,0.0,,False,0.0,0.08807843923568726
CYST_PA53.nii.gz,1,context,gamma,existing_WP_predicted,1x288x24x24x24,288,24x24x24,0.005302701145410538,12.390653610229492,175.74490356445312,12.390653610229492,0.07050362974358065,0.04561486095190048,True,0.00620984984561801,0.08807843923568726
CYST_PA53.nii.gz,1,context,gamma,real_A_state_oracle,1x288x24x24x24,288,24x24x24,0.0,175.74490356445312,175.74490356445312,175.74490356445312,1.0,0.9999999403953552,True,0.08807843923568726,0.08807843923568726
CYST_PA53.nii.gz,1,context,blur,identity_source,1x288x24x24x24,288,24x24x24,0.08808618783950806,0.0,704.9176635742188,0.0,0.0,,False,0.0,0.3532850742340088
CYST_PA53.nii.gz,1,context,blur,existing_WP_predicted,1x288x24x24x24,288,24x24x24,0.07800433039665222,250.34007263183594,704.9176635742188,250.34007263183594,0.3551337774152376,0.3387095332145691,True,0.12546345591545105,0.3532850742340088
CYST_PA53.nii.gz,1,context,blur,real_A_state_oracle,1x288x24x24x24,288,24x24x24,0.0,704.9176635742188,704.9176635742188,704.9176635742188,1.0,1.0,True,0.3532850742340088,0.3532850742340088
CYST_PA53.nii.gz,2,repeat_fill,gamma,identity_source,1x288x24x24x24,288,24x24x24,0.0044361287727952,0.0,162.003662109375,0.0,0.0,,False,0.0,0.08119171112775803
CYST_PA53.nii.gz,2,repeat_fill,gamma,existing_WP_predicted,1x288x24x24x24,288,24x24x24,0.0044234818778932095,12.58469009399414,162.003662109375,12.58469009399414,0.07768151614682466,0.05719072371721268,True,0.006307095289230347,0.08119171112775803
CYST_PA53.nii.gz,2,repeat_fill,gamma,real_A_state_oracle,1x288x24x24x24,288,24x24x24,0.0,162.003662109375,162.003662109375,162.003662109375,1.0,0.9999999403953552,True,0.08119171112775803,0.08119171112775803
CYST_PA53.nii.gz,2,repeat_fill,blur,identity_source,1x288x24x24x24,288,24x24x24,0.06819700449705124,0.0,630.7623901367188,0.0,0.0,,False,0.0,0.3161205053329468
CYST_PA53.nii.gz,2,repeat_fill,blur,existing_WP_predicted,1x288x24x24x24,288,24x24x24,0.06360752135515213,249.49020385742188,630.7623901367188,249.49020385742188,0.39553753958498455,0.28283965587615967,True,0.1250375360250473,0.3161205053329468
CYST_PA53.nii.gz,2,repeat_fill,blur,real_A_state_oracle,1x288x24x24x24,288,24x24x24,0.0,630.7623901367188,630.7623901367188,630.7623901367188,1.0,1.0,True,0.3161205053329468,0.3161205053329468
CYST_PA53.nii.gz,3,repeat_fill,gamma,identity_source,1x288x24x24x24,288,24x24x24,0.005310461390763521,0.0,175.74490356445312,0.0,0.0,,False,0.0,0.08807843923568726
CYST_PA53.nii.gz,3,repeat_fill,gamma,existing_WP_predicted,1x288x24x24x24,288,24x24x24,0.005302701145410538,12.390653610229492,175.74490356445312,12.390653610229492,0.07050362974358065,0.04561486095190048,True,0.00620984984561801,0.08807843923568726
CYST_PA53.nii.gz,3,repeat_fill,gamma,real_A_state_oracle,1x288x24x24x24,288,24x24x24,0.0,175.74490356445312,175.74490356445312,175.74490356445312,1.0,0.9999999403953552,True,0.08807843923568726,0.08807843923568726
CYST_PA53.nii.gz,3,repeat_fill,blur,identity_source,1x288x24x24x24,288,24x24x24,0.08808618783950806,0.0,704.9176635742188,0.0,0.0,,False,0.0,0.3532850742340088
CYST_PA53.nii.gz,3,repeat_fill,blur,existing_WP_predicted,1x288x24x24x24,288,24x24x24,0.07800433039665222,250.34007263183594,704.9176635742188,250.34007263183594,0.3551337774152376,0.3387095332145691,True,0.12546345591545105,0.3532850742340088
CYST_PA53.nii.gz,3,repeat_fill,blur,real_A_state_oracle,1x288x24x24x24,288,24x24x24,0.0,704.9176635742188,704.9176635742188,704.9176635742188,1.0,1.0,True,0.3532850742340088,0.3532850742340088
CYST_PA38.nii.gz,0,context,gamma,identity_source,1x288x24x24x24,288,24x24x24,0.006189244333654642,0.0,204.32579040527344,0.0,0.0,,False,0.0,0.10240238904953003
CYST_PA38.nii.gz,0,context,gamma,existing_WP_predicted,1x288x24x24x24,288,24x24x24,0.0061847493052482605,12.273159980773926,204.32579040527344,12.273159980773926,0.06006662182209362,0.0360790379345417,True,0.006150965578854084,0.10240238904953003
CYST_PA38.nii.gz,0,context,gamma,real_A_state_oracle,1x288x24x24x24,288,24x24x24,0.0,204.32579040527344,204.32579040527344,204.32579040527344,1.0,1.0000001192092896,True,0.10240238904953003,0.10240238904953003
CYST_PA38.nii.gz,0,context,blur,identity_source,1x288x24x24x24,288,24x24x24,0.07656660676002502,0.0,721.7464599609375,0.0,0.0,,False,0.0,0.36171919107437134
CYST_PA38.nii.gz,0,context,blur,existing_WP_predicted,1x288x24x24x24,288,24x24x24,0.07156089693307877,268.9972839355469,721.7464599609375,268.9972839355469,0.3727032952127061,0.27405837178230286,True,0.13481394946575165,0.36171919107437134
CYST_PA38.nii.gz,0,context,blur,real_A_state_oracle,1x288x24x24x24,288,24x24x24,0.0,721.7464599609375,721.7464599609375,721.7464599609375,1.0,1.0,True,0.36171919107437134,0.36171919107437134
CYST_PA38.nii.gz,1,context,gamma,identity_source,1x288x24x24x24,288,24x24x24,0.004496288951486349,0.0,165.62640380859375,0.0,0.0,,False,0.0,0.0830073356628418
CYST_PA38.nii.gz,1,context,gamma,existing_WP_predicted,1x288x24x24x24,288,24x24x24,0.004487896803766489,13.014782905578613,165.62640380859375,13.014782905578613,0.07857915529349509,0.05116592347621918,True,0.006522646173834801,0.0830073356628418
CYST_PA38.nii.gz,1,context,gamma,real_A_state_oracle,1x288x24x24x24,288,24x24x24,0.0,165.62640380859375,165.62640380859375,165.62640380859375,1.0,1.0,True,0.0830073356628418,0.0830073356628418
CYST_PA38.nii.gz,1,context,blur,identity_source,1x288x24x24x24,288,24x24x24,0.06159865856170654,0.0,608.8147583007812,0.0,0.0,,False,0.0,0.30512094497680664
CYST_PA38.nii.gz,1,context,blur,existing_WP_predicted,1x288x24x24x24,288,24x24x24,0.057609088718891144,253.5442352294922,608.8147583007812,253.5442352294922,0.4164554682234398,0.28598788380622864,True,0.12706929445266724,0.30512094497680664
CYST_PA38.nii.gz,1,context,blur,real_A_state_oracle,1x288x24x24x24,288,24x24x24,0.0,608.8147583007812,608.8147583007812,608.8147583007812,1.0,0.9999999403953552,True,0.30512094497680664,0.30512094497680664
CYST_PA38.nii.gz,2,foreground,gamma,identity_source,1x288x24x24x24,288,24x24x24,0.0060536982491612434,0.0,189.3223114013672,0.0,0.0,,False,0.0,0.09488306194543839
CYST_PA38.nii.gz,2,foreground,gamma,existing_WP_predicted,1x288x24x24x24,288,24x24x24,0.006048593204468489,12.237369537353516,189.3223114013672,12.237369537353516,0.06463775688545256,0.03884187340736389,True,0.00613302830606699,0.09488306194543839
CYST_PA38.nii.gz,2,foreground,gamma,real_A_state_oracle,1x288x24x24x24,288,24x24x24,0.0,189.3223114013672,189.3223114013672,189.3223114013672,1.0,1.0,True,0.09488306194543839,0.09488306194543839
CYST_PA38.nii.gz,2,foreground,blur,identity_source,1x288x24x24x24,288,24x24x24,0.08782392740249634,0.0,711.1295776367188,0.0,0.0,,False,0.0,0.3563983142375946
CYST_PA38.nii.gz,2,foreground,blur,existing_WP_predicted,1x288x24x24x24,288,24x24x24,0.07667652517557144,254.20285034179688,711.1295776367188,254.20285034179688,0.35746347548443086,0.3562730550765991,True,0.12739937007427216,0.3563983142375946
CYST_PA38.nii.gz,2,foreground,blur,real_A_state_oracle,1x288x24x24x24,288,24x24x24,0.0,711.1295776367188,711.1295776367188,711.1295776367188,1.0,1.0,True,0.3563983142375946,0.3563983142375946
CYST_PA38.nii.gz,3,repeat_fill,gamma,identity_source,1x288x24x24x24,288,24x24x24,0.006189244333654642,0.0,204.32579040527344,0.0,0.0,,False,0.0,0.10240238904953003
CYST_PA38.nii.gz,3,repeat_fill,gamma,existing_WP_predicted,1x288x24x24x24,288,24x24x24,0.0061847493052482605,12.273159980773926,204.32579040527344,12.273159980773926,0.06006662182209362,0.0360790379345417,True,0.006150965578854084,0.10240238904953003
CYST_PA38.nii.gz,3,repeat_fill,gamma,real_A_state_oracle,1x288x24x24x24,288,24x24x24,0.0,204.32579040527344,204.32579040527344,204.32579040527344,1.0,1.0000001192092896,True,0.10240238904953003,0.10240238904953003
CYST_PA38.nii.gz,3,repeat_fill,blur,identity_source,1x288x24x24x24,288,24x24x24,0.07656660676002502,0.0,721.7464599609375,0.0,0.0,,False,0.0,0.36171919107437134
CYST_PA38.nii.gz,3,repeat_fill,blur,existing_WP_predicted,1x288x24x24x24,288,24x24x24,0.07156089693307877,268.9972839355469,721.7464599609375,268.9972839355469,0.3727032952127061,0.27405837178230286,True,0.13481394946575165,0.36171919107437134
CYST_PA38.nii.gz,3,repeat_fill,blur,real_A_state_oracle,1x288x24x24x24,288,24x24x24,0.0,721.7464599609375,721.7464599609375,721.7464599609375,1.0,1.0,True,0.36171919107437134,0.36171919107437134
HEM_PA66.nii.gz,0,context,gamma,identity_source,1x288x24x24x24,288,24x24x24,0.006718651857227087,0.0,217.83059692382812,0.0,0.0,,False,0.0,0.10917062312364578
HEM_PA66.nii.gz,0,context,gamma,existing_WP_predicted,1x288x24x24x24,288,24x24x24,0.0067184385843575,12.568285942077637,217.83059692382812,12.568285942077637,0.057697523302810236,0.029124580323696136,True,0.0062988740392029285,0.10917062312364578
HEM_PA66.nii.gz,0,context,gamma,real_A_state_oracle,1x288x24x24x24,288,24x24x24,0.0,217.83059692382812,217.83059692382812,217.83059692382812,1.0,1.0000001192092896,True,0.10917062312364578,0.10917062312364578
HEM_PA66.nii.gz,0,context,blur,identity_source,1x288x24x24x24,288,24x24x24,0.06219511106610298,0.0,667.1238403320312,0.0,0.0,,False,0.0,0.3343438506126404
HEM_PA66.nii.gz,0,context,blur,existing_WP_predicted,1x288x24x24x24,288,24x24x24,0.061902619898319244,274.1915588378906,667.1238403320312,274.1915588378906,0.41100548692941924,0.21122372150421143,True,0.13741716742515564,0.3343438506126404
HEM_PA66.nii.gz,0,context,blur,real_A_state_oracle,1x288x24x24x24,288,24x24x24,0.0,667.1238403320312,667.1238403320312,667.1238403320312,1.0,0.9999999403953552,True,0.3343438506126404,0.3343438506126404
HEM_PA66.nii.gz,1,context,gamma,identity_source,1x288x24x24x24,288,24x24x24,0.005775378551334143,0.0,192.59642028808594,0.0,0.0,,False,0.0,0.0965239554643631
HEM_PA66.nii.gz,1,context,gamma,existing_WP_predicted,1x288x24x24x24,288,24x24x24,0.005754174664616585,12.595693588256836,192.59642028808594,12.595693588256836,0.06539941692278696,0.06076821684837341,True,0.006312610115855932,0.0965239554643631
HEM_PA66.nii.gz,1,context,gamma,real_A_state_oracle,1x288x24x24x24,288,24x24x24,0.0,192.59642028808594,192.59642028808594,192.59642028808594,1.0,1.0,True,0.0965239554643631,0.0965239554643631
HEM_PA66.nii.gz,1,context,blur,identity_source,1x288x24x24x24,288,24x24x24,0.05578877404332161,0.0,593.3203125,0.0,0.0,,False,0.0,0.297355592250824
HEM_PA66.nii.gz,1,context,blur,existing_WP_predicted,1x288x24x24x24,288,24x24x24,0.05033309757709503,265.19866943359375,593.3203125,265.19866943359375,0.4469738585489499,0.3328799605369568,True,0.13291016221046448,0.297355592250824
HEM_PA66.nii.gz,1,context,blur,real_A_state_oracle,1x288x24x24x24,288,24x24x24,0.0,593.3203125,593.3203125,593.3203125,1.0,1.0,True,0.297355592250824,0.297355592250824
HEM_PA66.nii.gz,2,foreground,gamma,identity_source,1x288x24x24x24,288,24x24x24,0.008821246214210987,0.0,233.78219604492188,0.0,0.0,,False,0.0,0.11716511845588684
HEM_PA66.nii.gz,2,foreground,gamma,existing_WP_predicted,1x288x24x24x24,288,24x24x24,0.008805526420474052,11.728416442871094,233.78219604492188,11.728416442871094,0.05016813359310496,0.042844098061323166,True,0.005877955351024866,0.11716511845588684
HEM_PA66.nii.gz,2,foreground,gamma,real_A_state_oracle,1x288x24x24x24,288,24x24x24,0.0,233.78219604492188,233.78219604492188,233.78219604492188,1.0,1.0000001192092896,True,0.11716511845588684,0.11716511845588684
HEM_PA66.nii.gz,2,foreground,blur,identity_source,1x288x24x24x24,288,24x24x24,0.07975045591592789,0.0,692.39404296875,0.0,0.0,,False,0.0,0.3470085561275482
HEM_PA66.nii.gz,2,foreground,blur,existing_WP_predicted,1x288x24x24x24,288,24x24x24,0.06888265162706375,261.0976867675781,692.39404296875,261.0976867675781,0.3770940686434564,0.36923494935035706,True,0.13085487484931946,0.3470085561275482
HEM_PA66.nii.gz,2,foreground,blur,real_A_state_oracle,1x288x24x24x24,288,24x24x24,0.0,692.39404296875,692.39404296875,692.39404296875,1.0,0.9999999403953552,True,0.3470085561275482,0.3470085561275482
HEM_PA66.nii.gz,3,repeat_fill,gamma,identity_source,1x288x24x24x24,288,24x24x24,0.006718651857227087,0.0,217.83059692382812,0.0,0.0,,False,0.0,0.10917062312364578
HEM_PA66.nii.gz,3,repeat_fill,gamma,existing_WP_predicted,1x288x24x24x24,288,24x24x24,0.0067184385843575,12.568285942077637,217.83059692382812,12.568285942077637,0.057697523302810236,0.029124580323696136,True,0.0062988740392029285,0.10917062312364578
HEM_PA66.nii.gz,3,repeat_fill,gamma,real_A_state_oracle,1x288x24x24x24,288,24x24x24,0.0,217.83059692382812,217.83059692382812,217.83059692382812,1.0,1.0000001192092896,True,0.10917062312364578,0.10917062312364578
HEM_PA66.nii.gz,3,repeat_fill,blur,identity_source,1x288x24x24x24,288,24x24x24,0.06219511106610298,0.0,667.1238403320312,0.0,0.0,,False,0.0,0.3343438506126404
HEM_PA66.nii.gz,3,repeat_fill,blur,existing_WP_predicted,1x288x24x24x24,288,24x24x24,0.061902619898319244,274.1915588378906,667.1238403320312,274.1915588378906,0.41100548692941924,0.21122372150421143,True,0.13741716742515564,0.3343438506126404
HEM_PA66.nii.gz,3,repeat_fill,blur,real_A_state_oracle,1x288x24x24x24,288,24x24x24,0.0,667.1238403320312,667.1238403320312,667.1238403320312,1.0,0.9999999403953552,True,0.3343438506126404,0.3343438506126404
HEM_PA56.nii.gz,0,context,gamma,identity_source,1x288x24x24x24,288,24x24x24,0.009286887012422085,0.0,259.0711975097656,0.0,0.0,,False,0.0,0.12983925640583038
HEM_PA56.nii.gz,0,context,gamma,existing_WP_predicted,1x288x24x24x24,288,24x24x24,0.00927836261689663,11.685220718383789,259.0711975097656,11.685220718383789,0.04510428341978586,0.0327281579375267,True,0.005856306292116642,0.12983925640583038
HEM_PA56.nii.gz,0,context,gamma,real_A_state_oracle,1x288x24x24x24,288,24x24x24,0.0,259.0711975097656,259.0711975097656,259.0711975097656,1.0,1.0000001192092896,True,0.12983925640583038,0.12983925640583038
HEM_PA56.nii.gz,0,context,blur,identity_source,1x288x24x24x24,288,24x24x24,0.06490131467580795,0.0,683.3703002929688,0.0,0.0,,False,0.0,0.3424861431121826
HEM_PA56.nii.gz,0,context,blur,existing_WP_predicted,1x288x24x24x24,288,24x24x24,0.06374676525592804,277.7311096191406,683.3703002929688,277.7311096191406,0.40641378400564687,0.2250925451517105,True,0.13919107615947723,0.3424861431121826
HEM_PA56.nii.gz,0,context,blur,real_A_state_oracle,1x288x24x24x24,288,24x24x24,0.0,683.3703002929688,683.3703002929688,683.3703002929688,1.0,1.0000001192092896,True,0.3424861431121826,0.3424861431121826
HEM_PA56.nii.gz,1,context,gamma,identity_source,1x288x24x24x24,288,24x24x24,0.008272378705441952,0.0,220.2029266357422,0.0,0.0,,False,0.0,0.1103595644235611
HEM_PA56.nii.gz,1,context,gamma,existing_WP_predicted,1x288x24x24x24,288,24x24x24,0.008246841840445995,12.715780258178711,220.2029266357422,12.715780258178711,0.05774573686394753,0.05560190603137016,True,0.006372794508934021,0.1103595644235611
HEM_PA56.nii.gz,1,context,gamma,real_A_state_oracle,1x288x24x24x24,288,24x24x24,0.0,220.2029266357422,220.2029266357422,220.2029266357422,1.0,1.0000001192092896,True,0.1103595644235611,0.1103595644235611
HEM_PA56.nii.gz,1,context,blur,identity_source,1x288x24x24x24,288,24x24x24,0.05565520375967026,0.0,573.6121826171875,0.0,0.0,,False,0.0,0.28747841715812683
HEM_PA56.nii.gz,1,context,blur,existing_WP_predicted,1x288x24x24x24,288,24x24x24,0.05650566518306732,245.09901428222656,573.6121826171875,245.09901428222656,0.4272904615866548,0.19576396048069,True,0.12283679097890854,0.28747841715812683
HEM_PA56.nii.gz,1,context,blur,real_A_state_oracle,1x288x24x24x24,288,24x24x24,0.0,573.6121826171875,573.6121826171875,573.6121826171875,1.0,1.0,True,0.28747841715812683,0.28747841715812683
HEM_PA56.nii.gz,2,foreground,gamma,identity_source,1x288x24x24x24,288,24x24x24,0.007844865322113037,0.0,213.78695678710938,0.0,0.0,,False,0.0,0.1071440577507019
HEM_PA56.nii.gz,2,foreground,gamma,existing_WP_predicted,1x288x24x24x24,288,24x24x24,0.007834246382117271,12.016298294067383,213.78695678710938,12.016298294067383,0.05620688219082187,0.040144383907318115,True,0.0060222335159778595,0.1071440577507019
HEM_PA56.nii.gz,2,foreground,gamma,real_A_state_oracle,1x288x24x24x24,288,24x24x24,0.0,213.78695678710938,213.78695678710938,213.78695678710938,1.0,1.0,True,0.1071440577507019,0.1071440577507019
HEM_PA56.nii.gz,2,foreground,blur,identity_source,1x288x24x24x24,288,24x24x24,0.06697508692741394,0.0,622.8855590820312,0.0,0.0,,False,0.0,0.31217285990715027
HEM_PA56.nii.gz,2,foreground,blur,existing_WP_predicted,1x288x24x24x24,288,24x24x24,0.06602753698825836,247.80519104003906,622.8855590820312,247.80519104003906,0.3978342207920801,0.21669813990592957,True,0.12419304251670837,0.31217285990715027
HEM_PA56.nii.gz,2,foreground,blur,real_A_state_oracle,1x288x24x24x24,288,24x24x24,0.0,622.8855590820312,622.8855590820312,622.8855590820312,1.0,1.0000001192092896,True,0.31217285990715027,0.31217285990715027
HEM_PA56.nii.gz,3,repeat_fill,gamma,identity_source,1x288x24x24x24,288,24x24x24,0.009286887012422085,0.0,259.0711975097656,0.0,0.0,,False,0.0,0.12983925640583038
HEM_PA56.nii.gz,3,repeat_fill,gamma,existing_WP_predicted,1x288x24x24x24,288,24x24x24,0.00927836261689663,11.685220718383789,259.0711975097656,11.685220718383789,0.04510428341978586,0.0327281579375267,True,0.005856306292116642,0.12983925640583038
HEM_PA56.nii.gz,3,repeat_fill,gamma,real_A_state_oracle,1x288x24x24x24,288,24x24x24,0.0,259.0711975097656,259.0711975097656,259.0711975097656,1.0,1.0000001192092896,True,0.12983925640583038,0.12983925640583038
HEM_PA56.nii.gz,3,repeat_fill,blur,identity_source,1x288x24x24x24,288,24x24x24,0.06490131467580795,0.0,683.3703002929688,0.0,0.0,,False,0.0,0.3424861431121826
HEM_PA56.nii.gz,3,repeat_fill,blur,existing_WP_predicted,1x288x24x24x24,288,24x24x24,0.06374676525592804,277.7311096191406,683.3703002929688,277.7311096191406,0.40641378400564687,0.2250925451517105,True,0.13919107615947723,0.3424861431121826
HEM_PA56.nii.gz,3,repeat_fill,blur,real_A_state_oracle,1x288x24x24x24,288,24x24x24,0.0,683.3703002929688,683.3703002929688,683.3703002929688,1.0,1.0000001192092896,True,0.3424861431121826,0.3424861431121826
