candidate_state,case,scope,method,patch_count,pseudo_accuracy,reliability_mean,auroc,auprc,spearman,aggregation
existing_WP_imagined,HEM_PA99.nii.gz,background,blur_joint_product,4,0.9979863384552112,0.30540071462648405,0.9888887567321291,0.9999672530955,0.0828601435316571,case_patch_macro
existing_WP_imagined,HEM_PA99.nii.gz,foreground,blur_joint_product,4,0.9205747479776805,0.0837468839323523,0.9133360890003545,0.9914064926991335,0.38599268023566563,case_patch_macro
existing_WP_imagined,HEM_PA99.nii.gz,overall,blur_joint_product,4,0.995020831072772,0.2960616650440759,0.9879527635543467,0.9999305199406066,0.13616496877905956,case_patch_macro
existing_WP_imagined,HEM_PA99.nii.gz,background,blur_world_stability,4,0.9979863384552112,0.5060623138982789,0.9559069062542024,0.9995475933571887,0.07615818719137653,case_patch_macro
existing_WP_imagined,HEM_PA99.nii.gz,foreground,blur_world_stability,4,0.9205747479776805,0.35265052145531434,0.9089901213007145,0.9912135923753681,0.3938805286198093,case_patch_macro
existing_WP_imagined,HEM_PA99.nii.gz,overall,blur_world_stability,4,0.995020831072772,0.49999993117980546,0.9728545751496603,0.9995625401859112,0.13168631414912754,case_patch_macro
existing_WP_imagined,HEM_PA99.nii.gz,background,confidence_rank,4,0.9979863384552112,0.5154404113881093,0.9951098569833018,0.9999861331953921,0.08414244961458112,case_patch_macro
existing_WP_imagined,HEM_PA99.nii.gz,foreground,confidence_rank,4,0.9205747479776805,0.12357756743833333,0.9055099693032238,0.9895668085235383,0.37956628487673977,case_patch_macro
existing_WP_imagined,HEM_PA99.nii.gz,overall,confidence_rank,4,0.995020831072772,0.5000000682405586,0.9905923804306566,0.9999475390656605,0.13696389054470112,case_patch_macro
existing_WP_imagined,HEM_PA99.nii.gz,background,gamma_joint_product,4,0.9979863384552112,0.29145740456419444,0.9761809027801629,0.9999352915134797,0.08048535972661354,case_patch_macro
existing_WP_imagined,HEM_PA99.nii.gz,foreground,gamma_joint_product,4,0.9205747479776805,0.09750260413912816,0.9168308679055114,0.9922032000687393,0.39009552605386727,case_patch_macro
existing_WP_imagined,HEM_PA99.nii.gz,overall,gamma_joint_product,4,0.995020831072772,0.28338302966123563,0.9817547091364177,0.9998955604833262,0.13440840249575778,case_patch_macro
existing_WP_imagined,HEM_PA99.nii.gz,background,gamma_world_stability,4,0.9979863384552112,0.49596942296565943,0.8501253190688786,0.9991161012379007,0.05810051783051964,case_patch_macro
existing_WP_imagined,HEM_PA99.nii.gz,foreground,gamma_world_stability,4,0.9205747479776805,0.5955414871622996,0.8853472454913119,0.9878301373248765,0.45852349681729593,case_patch_macro
existing_WP_imagined,HEM_PA99.nii.gz,overall,gamma_world_stability,4,0.995020831072772,0.4999999328671033,0.9153125522525679,0.9989483131701942,0.11821959207686068,case_patch_macro
existing_WP_imagined,HEM_PA99.nii.gz,background,pairwise_joint_product,4,0.9979863384552112,0.3065032476670889,0.9898583147384875,0.999969999064086,0.08305536236713339,case_patch_macro
existing_WP_imagined,HEM_PA99.nii.gz,foreground,pairwise_joint_product,4,0.9205747479776805,0.0833822284934761,0.912981110076872,0.9913589200726225,0.3856453036816187,case_patch_macro
existing_WP_imagined,HEM_PA99.nii.gz,overall,pairwise_joint_product,4,0.995020831072772,0.2970932874808115,0.9883987868028594,0.999933419041777,0.13630015246295468,case_patch_macro
existing_WP_imagined,HEM_PA99.nii.gz,background,pairwise_world_stability,4,0.9979863384552112,0.5063216043147206,0.9641161240580005,0.9996196022696489,0.07776253673494103,case_patch_macro
existing_WP_imagined,HEM_PA99.nii.gz,foreground,pairwise_world_stability,4,0.9205747479776805,0.34605039768087265,0.9092744714649212,0.9912831864425162,0.39358581761129036,case_patch_macro
existing_WP_imagined,HEM_PA99.nii.gz,overall,pairwise_world_stability,4,0.995020831072772,0.49999993188351854,0.9763253168456746,0.9996320501551106,0.13272496288755795,case_patch_macro
full_real,HEM_PA99.nii.gz,background,blur_joint_product,4,0.9979863384552112,0.3109813631268218,0.9951656196078903,0.999986914661986,0.08414350550941667,case_patch_macro
full_real,HEM_PA99.nii.gz,foreground,blur_joint_product,4,0.9205747479776805,0.05434362252303796,0.8971781526112349,0.9897884715655699,0.3706979614571864,case_patch_macro
full_real,HEM_PA99.nii.gz,overall,blur_joint_product,4,0.995020831072772,0.3002776214036723,0.9904312149854716,0.9999481898141471,0.13692476839221812,case_patch_macro
full_real,HEM_PA99.nii.gz,background,blur_world_stability,4,0.9979863384552112,0.513480295736338,0.9905131486393403,0.9999365884900211,0.08322826090937822,case_patch_macro
full_real,HEM_PA99.nii.gz,foreground,blur_world_stability,4,0.9205747479776805,0.16971426270327106,0.8655087973397836,0.9867921741285537,0.34296935040128823,case_patch_macro
full_real,HEM_PA99.nii.gz,overall,blur_world_stability,4,0.995020831072772,0.4999999324737048,0.9860115718806174,0.9998872411468241,0.13567153416280658,case_patch_macro
full_real,HEM_PA99.nii.gz,background,confidence_rank,4,0.9979863384552112,0.5154404113881093,0.9951098569833018,0.9999861331953921,0.08414244961458112,case_patch_macro
full_real,HEM_PA99.nii.gz,foreground,confidence_rank,4,0.9205747479776805,0.12357756743833333,0.9055099693032238,0.9895668085235383,0.37956628487673977,case_patch_macro
full_real,HEM_PA99.nii.gz,overall,confidence_rank,4,0.995020831072772,0.5000000682405586,0.9905923804306566,0.9999475390656605,0.13696389054470112,case_patch_macro
full_real,HEM_PA99.nii.gz,background,gamma_joint_product,4,0.9979863384552112,0.31213258395255467,0.9916329967616568,0.9999771663554988,0.08347138220393653,case_patch_macro
full_real,HEM_PA99.nii.gz,foreground,gamma_joint_product,4,0.9205747479776805,0.08183427270223396,0.904420096802722,0.9901653060016051,0.3773273390927921,case_patch_macro
full_real,HEM_PA99.nii.gz,overall,gamma_joint_product,4,0.995020831072772,0.302356280535398,0.988880375903117,0.9999376034289194,0.13645902397195422,case_patch_macro
full_real,HEM_PA99.nii.gz,background,gamma_world_stability,4,0.9979863384552112,0.508136654084248,0.9691918465768671,0.9996982307425505,0.07923532771613027,case_patch_macro
full_real,HEM_PA99.nii.gz,foreground,gamma_world_stability,4,0.9205747479776805,0.3024075635958487,0.8907367421777455,0.9889060825281809,0.37167040400084944,case_patch_macro
full_real,HEM_PA99.nii.gz,overall,gamma_world_stability,4,0.995020831072772,0.49999993188527225,0.9780449776016518,0.9996811579276083,0.13330290926262878,case_patch_macro
full_real,HEM_PA99.nii.gz,background,pairwise_joint_product,4,0.9979863384552112,0.3163322796135921,0.9956292511057842,0.9999882733658318,0.08423931885491624,case_patch_macro
full_real,HEM_PA99.nii.gz,foreground,pairwise_joint_product,4,0.9205747479776805,0.04600926717405684,0.8999771258057887,0.9900593827878174,0.37325607295696467,case_patch_macro
full_real,HEM_PA99.nii.gz,overall,pairwise_joint_product,4,0.995020831072772,0.3050018382570645,0.9908564327747437,0.9999504780104063,0.137044954221787,case_patch_macro
full_real,HEM_PA99.nii.gz,background,pairwise_world_stability,4,0.9979863384552112,0.5150859639467567,0.9944717901257506,0.9999804440816105,0.08402160803987728,case_patch_macro
full_real,HEM_PA99.nii.gz,foreground,pairwise_world_stability,4,0.9205747479776805,0.13102441960064018,0.8759393417224085,0.9882797484054654,0.3524345661104393,case_patch_macro
full_real,HEM_PA99.nii.gz,overall,pairwise_world_stability,4,0.995020831072772,0.4999999320456928,0.9888951197207786,0.9999358118581275,0.13649750550937945,case_patch_macro
real_A_state_oracle,HEM_PA99.nii.gz,background,blur_joint_product,4,0.9979863384552112,0.3077306986749142,0.9941569552499173,0.9999842286445817,0.08394736778483063,case_patch_macro
real_A_state_oracle,HEM_PA99.nii.gz,foreground,blur_joint_product,4,0.9205747479776805,0.052770820213186485,0.8994830977223014,0.9894547847939088,0.37233135348170193,case_patch_macro
real_A_state_oracle,HEM_PA99.nii.gz,overall,blur_joint_product,4,0.995020831072772,0.2970831541442458,0.989827220650592,0.9999444657180526,0.13674323749052397,case_patch_macro
real_A_state_oracle,HEM_PA99.nii.gz,background,blur_world_stability,4,0.9979863384552112,0.5110962167038237,0.9853620371113387,0.9998869162830835,0.08224886246999988,case_patch_macro
real_A_state_oracle,HEM_PA99.nii.gz,foreground,blur_world_stability,4,0.9205747479776805,0.2274330854531258,0.8769815860005593,0.9870510790157355,0.35514129183747833,case_patch_macro
real_A_state_oracle,HEM_PA99.nii.gz,overall,blur_world_stability,4,0.995020831072772,0.4999999316507679,0.9837055361486646,0.9998378228920524,0.13497604898036097,case_patch_macro
real_A_state_oracle,HEM_PA99.nii.gz,background,confidence_rank,4,0.9979863384552112,0.5154404113881093,0.9951098569833018,0.9999861331953921,0.08414244961458112,case_patch_macro
real_A_state_oracle,HEM_PA99.nii.gz,foreground,confidence_rank,4,0.9205747479776805,0.12357756743833333,0.9055099693032238,0.9895668085235383,0.37956628487673977,case_patch_macro
real_A_state_oracle,HEM_PA99.nii.gz,overall,confidence_rank,4,0.995020831072772,0.5000000682405586,0.9905923804306566,0.9999475390656605,0.13696389054470112,case_patch_macro
real_A_state_oracle,HEM_PA99.nii.gz,background,gamma_joint_product,4,0.9979863384552112,0.305930939500545,0.9902934716298115,0.9999738354683604,0.08322412859975033,case_patch_macro
real_A_state_oracle,HEM_PA99.nii.gz,foreground,gamma_joint_product,4,0.9205747479776805,0.09449466211947673,0.9031506737579909,0.9902033254641881,0.37646969872205355,case_patch_macro
real_A_state_oracle,HEM_PA99.nii.gz,overall,gamma_joint_product,4,0.995020831072772,0.2969761358582187,0.9881419967987336,0.9999332421384408,0.1362487654856285,case_patch_macro
real_A_state_oracle,HEM_PA99.nii.gz,background,gamma_world_stability,4,0.9979863384552112,0.5048442266848361,0.9571767980562932,0.9996066969408872,0.07703572492265244,case_patch_macro
real_A_state_oracle,HEM_PA99.nii.gz,foreground,gamma_world_stability,4,0.9205747479776805,0.3820176468639597,0.8851937704644518,0.9883539360799946,0.3722595177104753,case_patch_macro
real_A_state_oracle,HEM_PA99.nii.gz,overall,gamma_world_stability,4,0.995020831072772,0.49999993228981426,0.9722046894148418,0.9995842593980425,0.13163084393430913,case_patch_macro
real_A_state_oracle,HEM_PA99.nii.gz,background,pairwise_joint_product,4,0.9979863384552112,0.3122740703286962,0.994785047067821,0.9999858854337822,0.08406855601864323,case_patch_macro
real_A_state_oracle,HEM_PA99.nii.gz,foreground,pairwise_joint_product,4,0.9205747479776805,0.04915787708738919,0.9011160263708309,0.9894951091627499,0.37382325955040424,case_patch_macro
real_A_state_oracle,HEM_PA99.nii.gz,overall,pairwise_joint_product,4,0.995020831072772,0.30124443179866084,0.9902466141422637,0.9999469220758626,0.1368653178543828,case_patch_macro
real_A_state_oracle,HEM_PA99.nii.gz,background,pairwise_world_stability,4,0.9979863384552112,0.5130455285104981,0.9920827921966177,0.9999544657210553,0.08352349442101875,case_patch_macro
real_A_state_oracle,HEM_PA99.nii.gz,foreground,pairwise_world_stability,4,0.9205747479776805,0.1810169158631865,0.8866463488944585,0.9882341704989112,0.363403151738454,case_patch_macro
real_A_state_oracle,HEM_PA99.nii.gz,overall,pairwise_world_stability,4,0.995020831072772,0.4999999316460351,0.9877480208847437,0.9999121731374505,0.1361528652887455,case_patch_macro
existing_WP_imagined,HCC_10140276_20170721.nii.gz,background,blur_joint_product,4,0.9977982701202238,0.3077270185731167,0.9024824327060023,0.9992017390673241,0.05918515441982058,case_patch_macro
existing_WP_imagined,HCC_10140276_20170721.nii.gz,foreground,blur_joint_product,4,0.8503354116948927,0.08573536241949035,0.8087634234990532,0.9610989477020361,0.3797208812167434,case_patch_macro
existing_WP_imagined,HCC_10140276_20170721.nii.gz,overall,blur_joint_product,4,0.9952356903641313,0.3037234655966292,0.9067783297494425,0.9991811072191721,0.10026710572399108,case_patch_macro
existing_WP_imagined,HCC_10140276_20170721.nii.gz,background,blur_world_stability,4,0.9977982701202238,0.5055506182712829,0.8651567227420125,0.9990174588042815,0.05484916712323394,case_patch_macro
existing_WP_imagined,HCC_10140276_20170721.nii.gz,foreground,blur_world_stability,4,0.8503354116948927,0.18437120097325752,0.7802964711830814,0.9542116912120724,0.34620019467657864,case_patch_macro
existing_WP_imagined,HCC_10140276_20170721.nii.gz,overall,blur_world_stability,4,0.9952356903641313,0.49999994006905085,0.8893936372732378,0.9989914679064322,0.09759813844908742,case_patch_macro
existing_WP_imagined,HCC_10140276_20170721.nii.gz,background,confidence_rank,4,0.9977982701202238,0.506205882506293,0.9044002260081582,0.9991904604653502,0.05941795634853883,case_patch_macro
existing_WP_imagined,HCC_10140276_20170721.nii.gz,foreground,confidence_rank,4,0.8503354116948927,0.1492861342547935,0.8180302547932455,0.9630342187712019,0.39248316223545404,case_patch_macro
existing_WP_imagined,HCC_10140276_20170721.nii.gz,overall,confidence_rank,4,0.9952356903641313,0.5000000741574976,0.9064936948804597,0.9991714534722302,0.10038939614357954,case_patch_macro
existing_WP_imagined,HCC_10140276_20170721.nii.gz,background,gamma_joint_product,4,0.9977982701202238,0.2878200018675731,0.8890424496807157,0.9991641546455493,0.05720216364559254,case_patch_macro
existing_WP_imagined,HCC_10140276_20170721.nii.gz,foreground,gamma_joint_product,4,0.8503354116948927,0.09782892010292377,0.8400212022654735,0.9700166721628763,0.41946906977403486,case_patch_macro
existing_WP_imagined,HCC_10140276_20170721.nii.gz,overall,gamma_joint_product,4,0.9952356903641313,0.2843509993904192,0.9009457266565073,0.9991426756740659,0.09888843743533787,case_patch_macro
existing_WP_imagined,HCC_10140276_20170721.nii.gz,background,gamma_world_stability,4,0.9977982701202238,0.5019042723392426,0.7539122970976787,0.9986531852388476,0.048037362806786554,case_patch_macro
existing_WP_imagined,HCC_10140276_20170721.nii.gz,foreground,gamma_world_stability,4,0.8503354116948927,0.3930792733554244,0.8182969852573492,0.9641750544111569,0.4394307376166047,case_patch_macro
existing_WP_imagined,HCC_10140276_20170721.nii.gz,overall,gamma_world_stability,4,0.9952356903641313,0.4999999281403752,0.8423371814620348,0.9985628880366638,0.10357395461457788,case_patch_macro
existing_WP_imagined,HCC_10140276_20170721.nii.gz,background,pairwise_joint_product,4,0.9977982701202238,0.3088818585852832,0.9028813471111462,0.9992027238134665,0.05922214761489053,case_patch_macro
existing_WP_imagined,HCC_10140276_20170721.nii.gz,foreground,pairwise_joint_product,4,0.8503354116948927,0.08589512437751927,0.8093210713991393,0.9612627431205171,0.38040227444784175,case_patch_macro
existing_WP_imagined,HCC_10140276_20170721.nii.gz,overall,pairwise_joint_product,4,0.9952356903641313,0.30485623339138196,0.9069263928358635,0.9991822967118581,0.1002911102713222,case_patch_macro
existing_WP_imagined,HCC_10140276_20170721.nii.gz,background,pairwise_world_stability,4,0.9977982701202238,0.5056049847198731,0.8687506557234711,0.9990300871490589,0.055200252573240134,case_patch_macro
existing_WP_imagined,HCC_10140276_20170721.nii.gz,foreground,pairwise_world_stability,4,0.8503354116948927,0.18141367750342052,0.7822648117797998,0.9549467361218134,0.34856207566250036,case_patch_macro
existing_WP_imagined,HCC_10140276_20170721.nii.gz,overall,pairwise_world_stability,4,0.9952356903641313,0.49999992678390176,0.8907401154075165,0.9990089359313876,0.09781443615312452,case_patch_macro
full_real,HCC_10140276_20170721.nii.gz,background,blur_joint_product,4,0.9977982701202238,0.30912553753544164,0.9639037932252916,0.9997052993126607,0.07028814556034979,case_patch_macro
full_real,HCC_10140276_20170721.nii.gz,foreground,blur_joint_product,4,0.8503354116948927,0.015522052950176272,0.6685257014517959,0.9258647060589343,0.20570973894254554,case_patch_macro
full_real,HCC_10140276_20170721.nii.gz,overall,blur_joint_product,4,0.9952356903641313,0.30387138114550927,0.9600162039301693,0.999672835819488,0.1104072670425774,case_patch_macro
full_real,HCC_10140276_20170721.nii.gz,background,blur_world_stability,4,0.9977982701202238,0.5082258421527907,0.961581715843855,0.999684787248789,0.07061754064039771,case_patch_macro
full_real,HCC_10140276_20170721.nii.gz,foreground,blur_world_stability,4,0.8503354116948927,0.037229884463571415,0.47327334676827554,0.8622480906139787,-0.03545200317598464,case_patch_macro
full_real,HCC_10140276_20170721.nii.gz,overall,blur_world_stability,4,0.9952356903641313,0.4999999248737628,0.9574122849432036,0.9996260427750331,0.11002952629944403,case_patch_macro
full_real,HCC_10140276_20170721.nii.gz,background,confidence_rank,4,0.9977982701202238,0.506205882506293,0.9044002260081582,0.9991904604653502,0.05941795634853883,case_patch_macro
full_real,HCC_10140276_20170721.nii.gz,foreground,confidence_rank,4,0.8503354116948927,0.1492861342547935,0.8180302547932455,0.9630342187712019,0.39248316223545404,case_patch_macro
full_real,HCC_10140276_20170721.nii.gz,overall,confidence_rank,4,0.9952356903641313,0.5000000741574976,0.9064936948804597,0.9991714534722302,0.10038939614357954,case_patch_macro
full_real,HCC_10140276_20170721.nii.gz,background,gamma_joint_product,4,0.9977982701202238,0.3103537417059418,0.917713522514227,0.9993314380204494,0.0635586418363436,case_patch_macro
full_real,HCC_10140276_20170721.nii.gz,foreground,gamma_joint_product,4,0.8503354116948927,0.11287649761562746,0.8268010330563058,0.9654982861521253,0.4028395098541368,case_patch_macro
full_real,HCC_10140276_20170721.nii.gz,overall,gamma_joint_product,4,0.9952356903641313,0.3067057507313188,0.9210219648345535,0.9993126518951454,0.10462550884805677,case_patch_macro
full_real,HCC_10140276_20170721.nii.gz,background,gamma_world_stability,4,0.9977982701202238,0.5044104694660438,0.8921432269123848,0.9992435329139472,0.0649055508418804,case_patch_macro
full_real,HCC_10140276_20170721.nii.gz,foreground,gamma_world_stability,4,0.8503354116948927,0.2525624207067676,0.8163599922843269,0.9630027024574296,0.39406404508290777,case_patch_macro
full_real,HCC_10140276_20170721.nii.gz,overall,gamma_world_stability,4,0.9952356903641313,0.49999992028134727,0.9140249389951564,0.9992195388290588,0.10737891782767228,case_patch_macro
full_real,HCC_10140276_20170721.nii.gz,background,pairwise_joint_product,4,0.9977982701202238,0.31329841689953647,0.965688891065248,0.9997194977431738,0.07065439075714586,case_patch_macro
full_real,HCC_10140276_20170721.nii.gz,foreground,pairwise_joint_product,4,0.8503354116948927,0.015605765769979726,0.682986282043862,0.9306181727826267,0.2238358428294862,case_patch_macro
full_real,HCC_10140276_20170721.nii.gz,overall,pairwise_joint_product,4,0.9952356903641313,0.30796076241146564,0.9617612750677944,0.999688910650686,0.11082674234232945,case_patch_macro
full_real,HCC_10140276_20170721.nii.gz,background,pairwise_world_stability,4,0.9977982701202238,0.508314145902507,0.9693179218560712,0.9997364434155094,0.07183999812496342,case_patch_macro
full_real,HCC_10140276_20170721.nii.gz,foreground,pairwise_world_stability,4,0.8503354116948927,0.03153290606794451,0.5093978252873287,0.8798874314782559,0.009641995385464022,case_patch_macro
full_real,HCC_10140276_20170721.nii.gz,overall,pairwise_world_stability,4,0.9952356903641313,0.4999999292858185,0.9627984021908897,0.9996882340704261,0.11125735878320545,case_patch_macro
real_A_state_oracle,HCC_10140276_20170721.nii.gz,background,blur_joint_product,4,0.9977982701202238,0.3106894185721275,0.9097179177205263,0.9992381615113477,0.06045869327697897,case_patch_macro
real_A_state_oracle,HCC_10140276_20170721.nii.gz,foreground,blur_joint_product,4,0.8503354116948927,0.06580090854912844,0.7610250833275295,0.9494372651750513,0.32002893048432624,case_patch_macro
real_A_state_oracle,HCC_10140276_20170721.nii.gz,overall,blur_joint_product,4,0.9952356903641313,0.30630336698673455,0.9105384644152871,0.9992137938966275,0.10116570662602112,case_patch_macro
real_A_state_oracle,HCC_10140276_20170721.nii.gz,background,blur_world_stability,4,0.9977982701202238,0.5066510511428018,0.892789509595107,0.9991696747339412,0.05911696391647603,case_patch_macro
real_A_state_oracle,HCC_10140276_20170721.nii.gz,foreground,blur_world_stability,4,0.8503354116948927,0.12224116642832823,0.6905123763979657,0.9316943462578423,0.23289328646904783,case_patch_macro
real_A_state_oracle,HCC_10140276_20170721.nii.gz,overall,blur_world_stability,4,0.9952356903641313,0.49999993249830116,0.9027409842187728,0.9991336401475233,0.1002639533963427,case_patch_macro
real_A_state_oracle,HCC_10140276_20170721.nii.gz,background,confidence_rank,4,0.9977982701202238,0.506205882506293,0.9044002260081582,0.9991904604653502,0.05941795634853883,case_patch_macro
real_A_state_oracle,HCC_10140276_20170721.nii.gz,foreground,confidence_rank,4,0.8503354116948927,0.1492861342547935,0.8180302547932455,0.9630342187712019,0.39248316223545404,case_patch_macro
real_A_state_oracle,HCC_10140276_20170721.nii.gz,overall,confidence_rank,4,0.9952356903641313,0.5000000741574976,0.9064936948804597,0.9991714534722302,0.10038939614357954,case_patch_macro
real_A_state_oracle,HCC_10140276_20170721.nii.gz,background,gamma_joint_product,4,0.9977982701202238,0.3066923614028901,0.9011331921076338,0.9991977340654804,0.058990095264639,case_patch_macro
real_A_state_oracle,HCC_10140276_20170721.nii.gz,foreground,gamma_joint_product,4,0.8503354116948927,0.1133942587018918,0.8235413587744326,0.9646892395625967,0.398812583034074,case_patch_macro
real_A_state_oracle,HCC_10140276_20170721.nii.gz,overall,gamma_joint_product,4,0.9952356903641313,0.30313943984107694,0.9059903374820119,0.9991785055046898,0.10012946379788809,case_patch_macro
real_A_state_oracle,HCC_10140276_20170721.nii.gz,background,gamma_world_stability,4,0.9977982701202238,0.5038959377322545,0.8570084138714608,0.9990407543761815,0.05619899459151907,case_patch_macro
real_A_state_oracle,HCC_10140276_20170721.nii.gz,foreground,gamma_world_stability,4,0.8503354116948927,0.2804994261816116,0.8097495482904676,0.9614234828020671,0.387812267478061,case_patch_macro
real_A_state_oracle,HCC_10140276_20170721.nii.gz,overall,gamma_world_stability,4,0.9952356903641313,0.4999999426259015,0.888826138094314,0.9990149728103273,0.09960382897635468,case_patch_macro
real_A_state_oracle,HCC_10140276_20170721.nii.gz,background,pairwise_joint_product,4,0.9977982701202238,0.3143367778156307,0.9118483475687899,0.9992495521611878,0.06077508961672749,case_patch_macro
real_A_state_oracle,HCC_10140276_20170721.nii.gz,foreground,pairwise_joint_product,4,0.8503354116948927,0.06531081185111993,0.765446848405885,0.9509014393672878,0.3256578815585034,case_patch_macro
real_A_state_oracle,HCC_10140276_20170721.nii.gz,overall,pairwise_joint_product,4,0.9952356903641313,0.3098656662465466,0.9117582777301549,0.9992259228435132,0.10142856463570604,case_patch_macro
real_A_state_oracle,HCC_10140276_20170721.nii.gz,background,pairwise_world_stability,4,0.9977982701202238,0.5069261545074624,0.9033336943956061,0.9992210330656359,0.060284069341963564,case_patch_macro
real_A_state_oracle,HCC_10140276_20170721.nii.gz,foreground,pairwise_world_stability,4,0.8503354116948927,0.10665572436947966,0.7032030858952254,0.9361479414435158,0.2487680225641601,case_patch_macro
real_A_state_oracle,HCC_10140276_20170721.nii.gz,overall,pairwise_world_stability,4,0.9952356903641313,0.4999999241429165,0.9071361883452963,0.9991915783845862,0.10101798927694738,case_patch_macro
existing_WP_imagined,HEM_PA97.nii.gz,background,blur_joint_product,4,0.9984722066491956,0.2919256884047685,0.9922862160049184,0.9999613882270191,0.14458912813077265,case_patch_macro
existing_WP_imagined,HEM_PA97.nii.gz,foreground,blur_joint_product,4,0.4990277023648489,0.08490588393046838,0.5885126544393576,0.7463201419789003,0.08851654314902815,case_patch_macro
existing_WP_imagined,HEM_PA97.nii.gz,overall,blur_joint_product,4,0.990966902838813,0.2833354612157911,0.8599834670094462,0.9991945742563851,0.2386239853750002,case_patch_macro
existing_WP_imagined,HEM_PA97.nii.gz,background,blur_world_stability,4,0.9984722066491956,0.5125559450139899,0.9803316927891839,0.9998921920877584,0.15260054582132346,case_patch_macro
existing_WP_imagined,HEM_PA97.nii.gz,foreground,blur_world_stability,4,0.4990277023648489,0.1972126271258121,0.5826953061914382,0.7503498360644486,0.08209301401674682,case_patch_macro
existing_WP_imagined,HEM_PA97.nii.gz,overall,blur_world_stability,4,0.990966902838813,0.49999993849718716,0.8516539545687853,0.9991020097208186,0.2465353617381838,case_patch_macro
existing_WP_imagined,HEM_PA97.nii.gz,background,confidence_rank,4,0.9984722066491956,0.5128628116079942,0.9836706073996719,0.9999023976235928,0.14156820737675657,case_patch_macro
existing_WP_imagined,HEM_PA97.nii.gz,foreground,confidence_rank,4,0.4990277023648489,0.1891563883799577,0.5703689515750139,0.7393494585529568,0.06456154372798942,case_patch_macro
existing_WP_imagined,HEM_PA97.nii.gz,overall,confidence_rank,4,0.990966902838813,0.5000000605861701,0.8528599319466121,0.9991278393921171,0.23535574982582255,case_patch_macro
existing_WP_imagined,HEM_PA97.nii.gz,background,gamma_joint_product,4,0.9984722066491956,0.2810995116768178,0.9791485197587887,0.999895552851911,0.14000729254280808,case_patch_macro
existing_WP_imagined,HEM_PA97.nii.gz,foreground,gamma_joint_product,4,0.4990277023648489,0.09130893231431075,0.6532773861037411,0.8284887347593487,0.1953899380447955,case_patch_macro
existing_WP_imagined,HEM_PA97.nii.gz,overall,gamma_joint_product,4,0.990966902838813,0.2732646649511895,0.8522414174041274,0.9991396501955883,0.23458970323878847,case_patch_macro
existing_WP_imagined,HEM_PA97.nii.gz,background,gamma_world_stability,4,0.9984722066491956,0.5077756094773893,0.8705829686804757,0.999310952275575,0.10695690392260641,case_patch_macro
existing_WP_imagined,HEM_PA97.nii.gz,foreground,gamma_world_stability,4,0.4990277023648489,0.3203131369073528,0.6473308502004327,0.8484783170032588,0.19660185881295683,case_patch_macro
existing_WP_imagined,HEM_PA97.nii.gz,overall,gamma_world_stability,4,0.990966902838813,0.49999993710239493,0.7808738695587587,0.9983515827476962,0.20934149869201316,case_patch_macro
existing_WP_imagined,HEM_PA97.nii.gz,background,pairwise_joint_product,4,0.9984722066491956,0.2927628775509304,0.9924044405015601,0.999961523259197,0.1445443651039916,case_patch_macro
existing_WP_imagined,HEM_PA97.nii.gz,foreground,pairwise_joint_product,4,0.4990277023648489,0.08483206806719355,0.5886293557203156,0.7450954748395368,0.08870862391032315,case_patch_macro
existing_WP_imagined,HEM_PA97.nii.gz,overall,pairwise_joint_product,4,0.990966902838813,0.28412686138991233,0.8600607044222296,0.9991958084656102,0.23860553024870637,case_patch_macro
existing_WP_imagined,HEM_PA97.nii.gz,background,pairwise_world_stability,4,0.9984722066491956,0.5126427530024286,0.9820381733532311,0.9998976942084434,0.152390334284332,case_patch_macro
existing_WP_imagined,HEM_PA97.nii.gz,foreground,pairwise_world_stability,4,0.4990277023648489,0.19500968037418567,0.5847486594875082,0.749829965347203,0.08502174803605779,case_patch_macro
existing_WP_imagined,HEM_PA97.nii.gz,overall,pairwise_world_stability,4,0.990966902838813,0.4999999409989123,0.8524327954779024,0.999126608102826,0.24645141387343092,case_patch_macro
full_real,HEM_PA97.nii.gz,background,blur_joint_product,4,0.9984722066491956,0.2935826734457519,0.9984866519864563,0.9999978938246036,0.1516784687809887,case_patch_macro
full_real,HEM_PA97.nii.gz,foreground,blur_joint_product,4,0.4990277023648489,0.005029316467707557,0.5769285467775132,0.745213194569787,0.0698638870664289,case_patch_macro
full_real,HEM_PA97.nii.gz,overall,blur_joint_product,4,0.990966902838813,0.28480460420339826,0.9850749255954544,0.9997964854609243,0.2043008118055311,case_patch_macro
full_real,HEM_PA97.nii.gz,background,blur_world_stability,4,0.9984722066491956,0.5127836506001351,0.9967050070451116,0.9999926470638776,0.15165747801762894,case_patch_macro
full_real,HEM_PA97.nii.gz,foreground,blur_world_stability,4,0.4990277023648489,0.03816617886267731,0.5769160561978781,0.7568891598584919,0.07107174178983124,case_patch_macro
full_real,HEM_PA97.nii.gz,overall,blur_world_stability,4,0.990966902838813,0.4999999207100393,0.983921147090794,0.9997609048652553,0.20393311715430498,case_patch_macro
full_real,HEM_PA97.nii.gz,background,confidence_rank,4,0.9984722066491956,0.5128628116079942,0.9836706073996719,0.9999023976235928,0.14156820737675657,case_patch_macro
full_real,HEM_PA97.nii.gz,foreground,confidence_rank,4,0.4990277023648489,0.1891563883799577,0.5703689515750139,0.7393494585529568,0.06456154372798942,case_patch_macro
full_real,HEM_PA97.nii.gz,overall,confidence_rank,4,0.990966902838813,0.5000000605861701,0.8528599319466121,0.9991278393921171,0.23535574982582255,case_patch_macro
full_real,HEM_PA97.nii.gz,background,gamma_joint_product,4,0.9984722066491956,0.29753628608803184,0.9965333889294518,0.9999878269767495,0.15050325876280782,case_patch_macro
full_real,HEM_PA97.nii.gz,foreground,gamma_joint_product,4,0.4990277023648489,0.0871044641213513,0.6962011291828094,0.8059443602310443,0.26634898995293177,case_patch_macro
full_real,HEM_PA97.nii.gz,overall,gamma_joint_product,4,0.990966902838813,0.2887372380448533,0.8654140834955948,0.9992668194809659,0.24595843977368348,case_patch_macro
full_real,HEM_PA97.nii.gz,background,gamma_world_stability,4,0.9984722066491956,0.5120242540297226,0.9936377611711179,0.9999773448341605,0.14994073438574546,case_patch_macro
full_real,HEM_PA97.nii.gz,foreground,gamma_world_stability,4,0.4990277023648489,0.21216401609981642,0.7491342957545066,0.8497900524072679,0.35422101056095356,case_patch_macro
full_real,HEM_PA97.nii.gz,overall,gamma_world_stability,4,0.990966902838813,0.4999999335149773,0.8651478000815308,0.9992588912507496,0.2458893194865641,case_patch_macro
full_real,HEM_PA97.nii.gz,background,pairwise_joint_product,4,0.9984722066491956,0.29860047082899016,0.9985687026024589,0.9999979837440313,0.15168626290146223,case_patch_macro
full_real,HEM_PA97.nii.gz,foreground,pairwise_joint_product,4,0.4990277023648489,0.004722208509403504,0.6358281321598955,0.7723089948239209,0.16528182300437047,case_patch_macro
full_real,HEM_PA97.nii.gz,overall,pairwise_joint_product,4,0.990966902838813,0.2895461382086853,0.9864453257238789,0.9998257455331993,0.20496408454106554,case_patch_macro
full_real,HEM_PA97.nii.gz,background,pairwise_world_stability,4,0.9984722066491956,0.5130088471509933,0.9977561054290397,0.9999980823670394,0.1517901811542219,case_patch_macro
full_real,HEM_PA97.nii.gz,foreground,pairwise_world_stability,4,0.4990277023648489,0.03222052680528066,0.676273557392701,0.8052900770218006,0.22963797341186104,case_patch_macro
full_real,HEM_PA97.nii.gz,overall,pairwise_world_stability,4,0.990966902838813,0.49999992054356385,0.9869351874381993,0.9998378679535169,0.20533743614863756,case_patch_macro
real_A_state_oracle,HEM_PA97.nii.gz,background,blur_joint_product,4,0.9984722066491956,0.2943173639815813,0.9985363368685821,0.9999980102859318,0.14046009913400584,case_patch_macro
real_A_state_oracle,HEM_PA97.nii.gz,foreground,blur_joint_product,4,0.4990277023648489,0.01770546538209116,0.5996053446323925,0.7541783247465776,0.10368144867455589,case_patch_macro
real_A_state_oracle,HEM_PA97.nii.gz,overall,blur_joint_product,4,0.990966902838813,0.2855424079602528,0.9671987417575395,0.9997112173612006,0.2459658745211517,case_patch_macro
real_A_state_oracle,HEM_PA97.nii.gz,background,blur_world_stability,4,0.9984722066491956,0.5124642060779543,0.9972002213871618,0.9999964626037088,0.14327780256794426,case_patch_macro
real_A_state_oracle,HEM_PA97.nii.gz,foreground,blur_world_stability,4,0.4990277023648489,0.06995290709180396,0.606974798101927,0.7696622592266653,0.11751893346547278,case_patch_macro
real_A_state_oracle,HEM_PA97.nii.gz,overall,blur_world_stability,4,0.990966902838813,0.4999999331823064,0.9665394242422318,0.9996897724851663,0.24792823784325305,case_patch_macro
real_A_state_oracle,HEM_PA97.nii.gz,background,confidence_rank,4,0.9984722066491956,0.5128628116079942,0.9836706073996719,0.9999023976235928,0.14156820737675657,case_patch_macro
real_A_state_oracle,HEM_PA97.nii.gz,foreground,confidence_rank,4,0.4990277023648489,0.1891563883799577,0.5703689515750139,0.7393494585529568,0.06456154372798942,case_patch_macro
real_A_state_oracle,HEM_PA97.nii.gz,overall,confidence_rank,4,0.990966902838813,0.5000000605861701,0.8528599319466121,0.9991278393921171,0.23535574982582255,case_patch_macro
real_A_state_oracle,HEM_PA97.nii.gz,background,gamma_joint_product,4,0.9984722066491956,0.29397360758092167,0.9974398530030427,0.9999955739147365,0.13866971316846372,case_patch_macro
real_A_state_oracle,HEM_PA97.nii.gz,foreground,gamma_joint_product,4,0.4990277023648489,0.08751820092090334,0.6568320954917573,0.7867292380562001,0.20441472271002292,case_patch_macro
real_A_state_oracle,HEM_PA97.nii.gz,overall,gamma_joint_product,4,0.990966902838813,0.28537419268212844,0.8653644426351427,0.9992577526620553,0.23360964472539347,case_patch_macro
real_A_state_oracle,HEM_PA97.nii.gz,background,gamma_world_stability,4,0.9984722066491956,0.5116426500922264,0.9929262812845225,0.9999822952192536,0.14370095629776639,case_patch_macro
real_A_state_oracle,HEM_PA97.nii.gz,foreground,gamma_world_stability,4,0.4990277023648489,0.22232312112443764,0.6854068101455957,0.8132859982658452,0.25371843917435305,case_patch_macro
real_A_state_oracle,HEM_PA97.nii.gz,overall,gamma_world_stability,4,0.990966902838813,0.49999993706017076,0.8650921739602669,0.9992257590387725,0.23899298665879987,case_patch_macro
real_A_state_oracle,HEM_PA97.nii.gz,background,pairwise_joint_product,4,0.9984722066491956,0.296783972582009,0.9985977904814326,0.9999980486128408,0.13472140139482394,case_patch_macro
real_A_state_oracle,HEM_PA97.nii.gz,foreground,pairwise_joint_product,4,0.4990277023648489,0.01726030516631322,0.6331428548323403,0.7650030905184225,0.15903053872744402,case_patch_macro
real_A_state_oracle,HEM_PA97.nii.gz,overall,pairwise_joint_product,4,0.990966902838813,0.2878677532424165,0.9680448174535229,0.9997296322398426,0.2420766992127169,case_patch_macro
real_A_state_oracle,HEM_PA97.nii.gz,background,pairwise_world_stability,4,0.9984722066491956,0.5128336990218145,0.9981008357322132,0.9999983714330933,0.13571117126880225,case_patch_macro
real_A_state_oracle,HEM_PA97.nii.gz,foreground,pairwise_world_stability,4,0.4990277023648489,0.06029902544270155,0.6578412432537951,0.7843842022957612,0.1997361620169757,case_patch_macro
real_A_state_oracle,HEM_PA97.nii.gz,overall,pairwise_world_stability,4,0.990966902838813,0.4999999324117307,0.9682470249653711,0.9997355960778658,0.24296325452932974,case_patch_macro
existing_WP_imagined,CYST_PA69.nii.gz,background,blur_joint_product,4,0.9974125392643725,0.2904813963340993,0.9915674841897246,0.9999751086501677,0.1202882957714073,case_patch_macro
existing_WP_imagined,CYST_PA69.nii.gz,foreground,blur_joint_product,4,0.5728694258288484,0.09127377618623228,0.765741019788406,0.9459397408363824,0.31935575920759596,case_patch_macro
existing_WP_imagined,CYST_PA69.nii.gz,overall,blur_joint_product,4,0.9925766344423648,0.28249063751202425,0.8216172623087991,0.9985560644933479,0.1828684962892132,case_patch_macro
existing_WP_imagined,CYST_PA69.nii.gz,background,blur_world_stability,4,0.9974125392643725,0.5102355824384079,0.9749846864270237,0.9997772342490402,0.11611257899159577,case_patch_macro
existing_WP_imagined,CYST_PA69.nii.gz,foreground,blur_world_stability,4,0.5728694258288484,0.24394403661726285,0.7407079542985946,0.9409736165967899,0.28949204820822766,case_patch_macro
existing_WP_imagined,CYST_PA69.nii.gz,overall,blur_world_stability,4,0.9925766344423648,0.49999993466801235,0.8146058648241326,0.9983367730091182,0.17896854609291923,case_patch_macro
existing_WP_imagined,CYST_PA69.nii.gz,background,confidence_rank,4,0.9974125392643725,0.5118527083437605,0.9949924256767578,0.9999848229031696,0.12114715104157782,case_patch_macro
existing_WP_imagined,CYST_PA69.nii.gz,foreground,confidence_rank,4,0.5728694258288484,0.19932448105874298,0.77757471852304,0.9482059750939658,0.3336036997757509,case_patch_macro
existing_WP_imagined,CYST_PA69.nii.gz,overall,confidence_rank,4,0.9925766344423648,0.5000000652088887,0.8235172410166206,0.9985739641071493,0.1839415496242536,case_patch_macro
existing_WP_imagined,CYST_PA69.nii.gz,background,gamma_joint_product,4,0.9974125392643725,0.28100200525539604,0.9784054267300519,0.9999313653321364,0.11678595937858352,case_patch_macro
existing_WP_imagined,CYST_PA69.nii.gz,foreground,gamma_joint_product,4,0.5728694258288484,0.1026401327380695,0.8056560238399565,0.9628137594367836,0.366922148759245,case_patch_macro
existing_WP_imagined,CYST_PA69.nii.gz,overall,gamma_joint_product,4,0.9925766344423648,0.2738966429692657,0.8174835331225591,0.9985179062118412,0.18066063155233028,case_patch_macro
existing_WP_imagined,CYST_PA69.nii.gz,background,gamma_world_stability,4,0.9974125392643725,0.5032705703835253,0.8807161980540874,0.9991803599491139,0.09356141402328297,case_patch_macro
existing_WP_imagined,CYST_PA69.nii.gz,foreground,gamma_world_stability,4,0.5728694258288484,0.42563874700829213,0.781187290932728,0.9583025922338813,0.3578537119600053,case_patch_macro
existing_WP_imagined,CYST_PA69.nii.gz,overall,gamma_world_stability,4,0.9925766344423648,0.4999999342229368,0.7787225456285368,0.9976622406536316,0.16348175894564415,case_patch_macro
existing_WP_imagined,CYST_PA69.nii.gz,background,pairwise_joint_product,4,0.9974125392643725,0.29126648324618587,0.9923825144081357,0.9999772803899791,0.1204823310361087,case_patch_macro
existing_WP_imagined,CYST_PA69.nii.gz,foreground,pairwise_joint_product,4,0.5728694258288484,0.09114364676885926,0.7662764851061573,0.9458832988905702,0.3199597295221305,case_patch_macro
existing_WP_imagined,CYST_PA69.nii.gz,overall,pairwise_joint_product,4,0.9925766344423648,0.283229873955643,0.8219131222985568,0.9985590454490626,0.1830351883994143,case_patch_macro
existing_WP_imagined,CYST_PA69.nii.gz,background,pairwise_world_stability,4,0.9974125392643725,0.5103736512268877,0.9821009615871632,0.9998404270012833,0.11778099707542225,case_patch_macro
existing_WP_imagined,CYST_PA69.nii.gz,foreground,pairwise_world_stability,4,0.5728694258288484,0.240660544881673,0.7435734940061379,0.9417641778989079,0.2928422267918249,case_patch_macro
existing_WP_imagined,CYST_PA69.nii.gz,overall,pairwise_world_stability,4,0.9925766344423648,0.4999999348693896,0.8168895636319516,0.9984119916566105,0.18025941154982997,case_patch_macro
full_real,CYST_PA69.nii.gz,background,blur_joint_product,4,0.9974125392643725,0.29008896525197664,0.993816820612511,0.9999815260539705,0.12083887074621953,case_patch_macro
full_real,CYST_PA69.nii.gz,foreground,blur_joint_product,4,0.5728694258288484,0.08893459070440851,0.7539627452437956,0.9455232649127087,0.3058515694101288,case_patch_macro
full_real,CYST_PA69.nii.gz,overall,blur_joint_product,4,0.9925766344423648,0.282174441129158,0.822153414390202,0.99856184781761,0.1831760416352869,case_patch_macro
full_real,CYST_PA69.nii.gz,background,blur_world_stability,4,0.9974125392643725,0.5109833421482233,0.9889737485694904,0.9999245663013843,0.11958991817812846,case_patch_macro
full_real,CYST_PA69.nii.gz,foreground,blur_world_stability,4,0.5728694258288484,0.2188901473318903,0.7067666183750942,0.9375609805790159,0.24963609131182474,case_patch_macro
full_real,CYST_PA69.nii.gz,overall,blur_world_stability,4,0.9925766344423648,0.49999993492073397,0.8178802332354671,0.9984741164863711,0.1807462614775922,case_patch_macro
full_real,CYST_PA69.nii.gz,background,confidence_rank,4,0.9974125392643725,0.5118527083437605,0.9949924256767578,0.9999848229031696,0.12114715104157782,case_patch_macro
full_real,CYST_PA69.nii.gz,foreground,confidence_rank,4,0.5728694258288484,0.19932448105874298,0.77757471852304,0.9482059750939658,0.3336036997757509,case_patch_macro
full_real,CYST_PA69.nii.gz,overall,confidence_rank,4,0.9925766344423648,0.5000000652088887,0.8235172410166206,0.9985739641071493,0.1839415496242536,case_patch_macro
full_real,CYST_PA69.nii.gz,background,gamma_joint_product,4,0.9974125392643725,0.291403321027728,0.993217626192689,0.9999793210802553,0.12069125937720117,case_patch_macro
full_real,CYST_PA69.nii.gz,foreground,gamma_joint_product,4,0.5728694258288484,0.09363231720784715,0.7901848611865792,0.9530027357138966,0.3487078143421418,case_patch_macro
full_real,CYST_PA69.nii.gz,overall,gamma_joint_product,4,0.9925766344423648,0.28345352617702124,0.8230440092789658,0.9985697299239251,0.18368824468945144,case_patch_macro
full_real,CYST_PA69.nii.gz,background,gamma_world_stability,4,0.9974125392643725,0.510030239330457,0.9826361027925936,0.9998416399159226,0.11801742559620801,case_patch_macro
full_real,CYST_PA69.nii.gz,foreground,gamma_world_stability,4,0.5728694258288484,0.2479190968066615,0.7768761441831792,0.9506172875046124,0.33317450053339726,case_patch_macro
full_real,CYST_PA69.nii.gz,overall,gamma_world_stability,4,0.9925766344423648,0.49999993479729954,0.8183607284398637,0.9984133512017548,0.18107738678468732,case_patch_macro
full_real,CYST_PA69.nii.gz,background,pairwise_joint_product,4,0.9974125392643725,0.292704616248723,0.9943195305602466,0.9999832508880453,0.120975548613496,case_patch_macro
full_real,CYST_PA69.nii.gz,foreground,pairwise_joint_product,4,0.5728694258288484,0.08783329908014768,0.7620799003159826,0.9480771654624585,0.3157018691454483,case_patch_macro
full_real,CYST_PA69.nii.gz,overall,pairwise_joint_product,4,0.9925766344423648,0.28458062074015045,0.8227938838894309,0.9985684100861528,0.18354457929793233,case_patch_macro
full_real,CYST_PA69.nii.gz,background,pairwise_world_stability,4,0.9974125392643725,0.5115081550655327,0.9926655017711681,0.9999765726636332,0.12056205625478589,case_patch_macro
full_real,CYST_PA69.nii.gz,foreground,pairwise_world_stability,4,0.5728694258288484,0.20589226830589757,0.7300460686042984,0.9445903410346508,0.27778860494050756,case_patch_macro
full_real,CYST_PA69.nii.gz,overall,pairwise_world_stability,4,0.9925766344423648,0.49999993478037497,0.8208599965153328,0.9985480222679652,0.18244542917615564,case_patch_macro
real_A_state_oracle,CYST_PA69.nii.gz,background,blur_joint_product,4,0.9974125392643725,0.2913761973120725,0.9941991966889085,0.9999825172859439,0.12095387119044104,case_patch_macro
real_A_state_oracle,CYST_PA69.nii.gz,foreground,blur_joint_product,4,0.5728694258288484,0.09003712429225426,0.7419756462093073,0.9419485673423329,0.29066935686466544,case_patch_macro
real_A_state_oracle,CYST_PA69.nii.gz,overall,blur_joint_product,4,0.9925766344423648,0.2832712512068021,0.8221445556627875,0.9985601726893345,0.18314230347153776,case_patch_macro
real_A_state_oracle,CYST_PA69.nii.gz,background,blur_world_stability,4,0.9974125392643725,0.5107667404423337,0.9882724799863234,0.9999098233357279,0.11946909763121286,case_patch_macro
real_A_state_oracle,CYST_PA69.nii.gz,foreground,blur_world_stability,4,0.5728694258288484,0.23087588706591158,0.696918366563394,0.934346386686062,0.23669590442982996,case_patch_macro
real_A_state_oracle,CYST_PA69.nii.gz,overall,blur_world_stability,4,0.9925766344423648,0.4999999349359301,0.818213881055589,0.9984626376600921,0.18091833334816437,case_patch_macro
real_A_state_oracle,CYST_PA69.nii.gz,background,confidence_rank,4,0.9974125392643725,0.5118527083437605,0.9949924256767578,0.9999848229031696,0.12114715104157782,case_patch_macro
real_A_state_oracle,CYST_PA69.nii.gz,foreground,confidence_rank,4,0.5728694258288484,0.19932448105874298,0.77757471852304,0.9482059750939658,0.3336036997757509,case_patch_macro
real_A_state_oracle,CYST_PA69.nii.gz,overall,confidence_rank,4,0.9925766344423648,0.5000000652088887,0.8235172410166206,0.9985739641071493,0.1839415496242536,case_patch_macro
real_A_state_oracle,CYST_PA69.nii.gz,background,gamma_joint_product,4,0.9974125392643725,0.2910920148013837,0.9916312350924907,0.9999734664372372,0.12024587381761886,case_patch_macro
real_A_state_oracle,CYST_PA69.nii.gz,foreground,gamma_joint_product,4,0.5728694258288484,0.09488349546263886,0.7786905337122888,0.9518463323763438,0.3346775282979665,case_patch_macro
real_A_state_oracle,CYST_PA69.nii.gz,overall,gamma_joint_product,4,0.9925766344423648,0.2831795890836636,0.8219923787635643,0.9985597777148307,0.18310443889328004,case_patch_macro
real_A_state_oracle,CYST_PA69.nii.gz,background,gamma_world_stability,4,0.9974125392643725,0.5090623505281131,0.9732943564535812,0.9997254276446946,0.11536391311392363,case_patch_macro
real_A_state_oracle,CYST_PA69.nii.gz,foreground,gamma_world_stability,4,0.5728694258288484,0.2793081916104116,0.7598535784176526,0.9491480219218348,0.31299273614134854,case_patch_macro
real_A_state_oracle,CYST_PA69.nii.gz,overall,gamma_world_stability,4,0.9925766344423648,0.49999993509151053,0.8139154505034784,0.9982916571832304,0.1786914675642453,case_patch_macro
real_A_state_oracle,CYST_PA69.nii.gz,background,pairwise_joint_product,4,0.9974125392643725,0.29414552619591194,0.994954688559629,0.9999846975626252,0.12113956634307603,case_patch_macro
real_A_state_oracle,CYST_PA69.nii.gz,foreground,pairwise_joint_product,4,0.5728694258288484,0.08887063689795616,0.7451428867799463,0.9426990189452678,0.2943518691070318,case_patch_macro
real_A_state_oracle,CYST_PA69.nii.gz,overall,pairwise_joint_product,4,0.9925766344423648,0.28585884788356347,0.822572445433004,0.9985646673739169,0.18338396547900832,case_patch_macro
real_A_state_oracle,CYST_PA69.nii.gz,background,pairwise_world_stability,4,0.9974125392643725,0.5113322422205864,0.9937876679763467,0.9999760296386314,0.12084367117742664,case_patch_macro
real_A_state_oracle,CYST_PA69.nii.gz,foreground,pairwise_world_stability,4,0.5728694258288484,0.2156334247685291,0.7082817645088362,0.9375711324853124,0.25008272516505103,case_patch_macro
real_A_state_oracle,CYST_PA69.nii.gz,overall,pairwise_world_stability,4,0.9925766344423648,0.4999999345818546,0.8207966381124696,0.9985424573527172,0.1823629648832834,case_patch_macro
existing_WP_imagined,HCC_10076307_20130925.nii.gz,background,blur_joint_product,4,0.9981404583141091,0.30300509822951494,0.9803556649881094,0.9999190720849886,0.16307572025182643,case_patch_macro
existing_WP_imagined,HCC_10076307_20130925.nii.gz,foreground,blur_joint_product,4,0.8818400554114437,0.025998132869447715,0.8139512685191086,0.9610323692861882,0.32307905320661445,case_patch_macro
existing_WP_imagined,HCC_10076307_20130925.nii.gz,overall,blur_joint_product,4,0.9963350649233218,0.2973230319490777,0.9809491369908103,0.9999014339560388,0.1910126401785498,case_patch_macro
existing_WP_imagined,HCC_10076307_20130925.nii.gz,background,blur_world_stability,4,0.9981404583141091,0.5061331048547436,0.9443612247167735,0.9997581523872137,0.14655733711486343,case_patch_macro
existing_WP_imagined,HCC_10076307_20130925.nii.gz,foreground,blur_world_stability,4,0.8818400554114437,0.1886411225216843,0.7935314398703128,0.9601081964719058,0.3069250654712311,case_patch_macro
existing_WP_imagined,HCC_10076307_20130925.nii.gz,overall,blur_world_stability,4,0.9963350649233218,0.49999992510890723,0.9543515275178008,0.999735657003012,0.17632636055417228,case_patch_macro
existing_WP_imagined,HCC_10076307_20130925.nii.gz,background,confidence_rank,4,0.9981404583141091,0.5086224741810423,0.9816969651803006,0.99991485012322,0.17397344335946685,case_patch_macro
existing_WP_imagined,HCC_10076307_20130925.nii.gz,foreground,confidence_rank,4,0.8818400554114437,0.0596175696450115,0.791308623140708,0.9404814433912525,0.28832744299203417,case_patch_macro
existing_WP_imagined,HCC_10076307_20130925.nii.gz,overall,confidence_rank,4,0.9963350649233218,0.500000072336737,0.981794139253428,0.99989978242166,0.20152620217007564,case_patch_macro
existing_WP_imagined,HCC_10076307_20130925.nii.gz,background,gamma_joint_product,4,0.9981404583141091,0.2847146530859869,0.9687063491394939,0.9998862988608916,0.17166793455180118,case_patch_macro
existing_WP_imagined,HCC_10076307_20130925.nii.gz,foreground,gamma_joint_product,4,0.8818400554114437,0.03715749203942851,0.866661839213863,0.9700741250631084,0.38731565219929537,case_patch_macro
existing_WP_imagined,HCC_10076307_20130925.nii.gz,overall,gamma_joint_product,4,0.9963350649233218,0.2798038680510134,0.9754480613848424,0.9998671509814424,0.19974500506371756,case_patch_macro
existing_WP_imagined,HCC_10076307_20130925.nii.gz,background,gamma_world_stability,4,0.9981404583141091,0.5007319433009765,0.7907517001208264,0.9991762541346628,0.10537323410850549,case_patch_macro
existing_WP_imagined,HCC_10076307_20130925.nii.gz,foreground,gamma_world_stability,4,0.8818400554114437,0.42866366887890034,0.8565554988434936,0.9725303090857885,0.4621499564970283,case_patch_macro
existing_WP_imagined,HCC_10076307_20130925.nii.gz,overall,gamma_world_stability,4,0.9963350649233218,0.4999999282008756,0.852074773670688,0.9990706816111665,0.1475483311647032,case_patch_macro
existing_WP_imagined,HCC_10076307_20130925.nii.gz,background,pairwise_joint_product,4,0.9981404583141091,0.3039444050381072,0.9806314171926703,0.9999198717035941,0.16314079742232424,case_patch_macro
existing_WP_imagined,HCC_10076307_20130925.nii.gz,foreground,pairwise_joint_product,4,0.8818400554114437,0.025967062607877615,0.8133929431838699,0.9606070502444931,0.3221928815167752,case_patch_macro
existing_WP_imagined,HCC_10076307_20130925.nii.gz,overall,pairwise_joint_product,4,0.9963350649233218,0.2982378520466135,0.9811357806913386,0.9999023923455646,0.1910719379440193,case_patch_macro
existing_WP_imagined,HCC_10076307_20130925.nii.gz,background,pairwise_world_stability,4,0.9981404583141091,0.5061785228272591,0.9474984987087272,0.9997746352141442,0.14747858618880805,case_patch_macro
existing_WP_imagined,HCC_10076307_20130925.nii.gz,foreground,pairwise_world_stability,4,0.8818400554114437,0.1857767301253511,0.7943644257740284,0.9601030188662919,0.30747718216232356,case_patch_macro
existing_WP_imagined,HCC_10076307_20130925.nii.gz,overall,pairwise_world_stability,4,0.9963350649233218,0.49999992043746033,0.956289318064808,0.9997547901424032,0.17711443546824346,case_patch_macro
full_real,HCC_10076307_20130925.nii.gz,background,blur_joint_product,4,0.9981404583141091,0.3000563703284097,0.9920808038667641,0.999976933468538,0.07592195947703523,case_patch_macro
full_real,HCC_10076307_20130925.nii.gz,foreground,blur_joint_product,4,0.8818400554114437,0.004772435308694531,0.7485796906313128,0.9283491114056852,0.24696325223513088,case_patch_macro
full_real,HCC_10076307_20130925.nii.gz,overall,blur_joint_product,4,0.9963350649233218,0.2938890464236464,0.9894222831111577,0.9999527459678816,0.10363537127074736,case_patch_macro
full_real,HCC_10076307_20130925.nii.gz,background,blur_world_stability,4,0.9981404583141091,0.5089216742953161,0.973913605351242,0.999882257103933,0.0729069670720591,case_patch_macro
full_real,HCC_10076307_20130925.nii.gz,foreground,blur_world_stability,4,0.8818400554114437,0.04966058488922333,0.6350788408401492,0.906535248726643,0.13253738440717253,case_patch_macro
full_real,HCC_10076307_20130925.nii.gz,overall,blur_world_stability,4,0.9963350649233218,0.4999999272558389,0.9721812821234126,0.9998402929652827,0.10016483205477979,case_patch_macro
full_real,HCC_10076307_20130925.nii.gz,background,confidence_rank,4,0.9981404583141091,0.5086224741810423,0.9816969651803006,0.99991485012322,0.17397344335946685,case_patch_macro
full_real,HCC_10076307_20130925.nii.gz,foreground,confidence_rank,4,0.8818400554114437,0.0596175696450115,0.791308623140708,0.9404814433912525,0.28832744299203417,case_patch_macro
full_real,HCC_10076307_20130925.nii.gz,overall,confidence_rank,4,0.9963350649233218,0.500000072336737,0.981794139253428,0.99989978242166,0.20152620217007564,case_patch_macro
full_real,HCC_10076307_20130925.nii.gz,background,gamma_joint_product,4,0.9981404583141091,0.3019132958551741,0.9862240710037317,0.9999416474878806,0.10846146691198272,case_patch_macro
full_real,HCC_10076307_20130925.nii.gz,foreground,gamma_joint_product,4,0.8818400554114437,0.034943718414085535,0.8029931834572956,0.9426101257296383,0.302656048149053,case_patch_macro
full_real,HCC_10076307_20130925.nii.gz,overall,gamma_joint_product,4,0.9963350649233218,0.29656193843364786,0.9874459097157047,0.9999259211537614,0.13714846116676443,case_patch_macro
full_real,HCC_10076307_20130925.nii.gz,background,gamma_world_stability,4,0.9981404583141091,0.5047818113751381,0.9517789349035686,0.9997501398004425,0.09997754408657322,case_patch_macro
full_real,HCC_10076307_20130925.nii.gz,foreground,gamma_world_stability,4,0.8818400554114437,0.20181205764141863,0.7849604669683561,0.9388075733330323,0.28644490428473135,case_patch_macro
full_real,HCC_10076307_20130925.nii.gz,overall,gamma_world_stability,4,0.9963350649233218,0.499999932872554,0.9658615831632318,0.999734004830352,0.13006619547656123,case_patch_macro
full_real,HCC_10076307_20130925.nii.gz,background,pairwise_joint_product,4,0.9981404583141091,0.30364320672462275,0.9945371571376871,0.9999854893399084,0.07634972008912769,case_patch_macro
full_real,HCC_10076307_20130925.nii.gz,foreground,pairwise_joint_product,4,0.8818400554114437,0.004357806473650874,0.7537849771495267,0.9287374082487571,0.2524114513461938,case_patch_macro
full_real,HCC_10076307_20130925.nii.gz,overall,pairwise_joint_product,4,0.9963350649233218,0.29737098257258854,0.9917311859614698,0.9999623415066663,0.10408014762984266,case_patch_macro
full_real,HCC_10076307_20130925.nii.gz,background,pairwise_world_stability,4,0.9981404583141091,0.5092264553978596,0.9877768157461106,0.9999565615181603,0.07526530240036589,case_patch_macro
full_real,HCC_10076307_20130925.nii.gz,foreground,pairwise_world_stability,4,0.8818400554114437,0.0373997048434599,0.6560670624138942,0.9102756772082161,0.15483248636745092,case_patch_macro
full_real,HCC_10076307_20130925.nii.gz,overall,pairwise_world_stability,4,0.9963350649233218,0.4999999274386453,0.9834590664879117,0.9999190306941227,0.10240419398122369,case_patch_macro
real_A_state_oracle,HCC_10076307_20130925.nii.gz,background,blur_joint_product,4,0.9981404583141091,0.3041509583679298,0.9812934759368681,0.9999244101481272,0.1411837028302909,case_patch_macro
real_A_state_oracle,HCC_10076307_20130925.nii.gz,foreground,blur_joint_product,4,0.8818400554114437,0.024602906587450117,0.7942073346646105,0.9469998001259077,0.30002916550598885,case_patch_macro
real_A_state_oracle,HCC_10076307_20130925.nii.gz,overall,blur_joint_product,4,0.9963350649233218,0.29840821096285164,0.9809447662633621,0.9999049235999465,0.16953282992419816,case_patch_macro
real_A_state_oracle,HCC_10076307_20130925.nii.gz,background,blur_world_stability,4,0.9981404583141091,0.5071304666515344,0.963953704390285,0.9998228642338657,0.13638010347494367,case_patch_macro
real_A_state_oracle,HCC_10076307_20130925.nii.gz,foreground,blur_world_stability,4,0.8818400554114437,0.116484308601022,0.7689327556112908,0.9481458696171956,0.2827776869920195,case_patch_macro
real_A_state_oracle,HCC_10076307_20130925.nii.gz,overall,blur_world_stability,4,0.9963350649233218,0.49999992388546,0.9690529350090151,0.9997964541620576,0.16515778298200234,case_patch_macro
real_A_state_oracle,HCC_10076307_20130925.nii.gz,background,confidence_rank,4,0.9981404583141091,0.5086224741810423,0.9816969651803006,0.99991485012322,0.17397344335946685,case_patch_macro
real_A_state_oracle,HCC_10076307_20130925.nii.gz,foreground,confidence_rank,4,0.8818400554114437,0.0596175696450115,0.791308623140708,0.9404814433912525,0.28832744299203417,case_patch_macro
real_A_state_oracle,HCC_10076307_20130925.nii.gz,overall,confidence_rank,4,0.9963350649233218,0.500000072336737,0.981794139253428,0.99989978242166,0.20152620217007564,case_patch_macro
real_A_state_oracle,HCC_10076307_20130925.nii.gz,background,gamma_joint_product,4,0.9981404583141091,0.303025490298618,0.9763662403799165,0.9999071191234266,0.15841541180034405,case_patch_macro
real_A_state_oracle,HCC_10076307_20130925.nii.gz,foreground,gamma_joint_product,4,0.8818400554114437,0.042171255989712705,0.8370747496929383,0.9619522733408471,0.34873756590288113,case_patch_macro
real_A_state_oracle,HCC_10076307_20130925.nii.gz,overall,gamma_joint_product,4,0.9963350649233218,0.29780221095025194,0.9795353416351121,0.9998922823519425,0.18681378471890675,case_patch_macro
real_A_state_oracle,HCC_10076307_20130925.nii.gz,background,gamma_world_stability,4,0.9981404583141091,0.503045407742066,0.9127300523013242,0.9995743675339752,0.13465129136304435,case_patch_macro
real_A_state_oracle,HCC_10076307_20130925.nii.gz,foreground,gamma_world_stability,4,0.8818400554114437,0.288774154512276,0.8408145992468307,0.9665204938532309,0.3675816378079373,case_patch_macro
real_A_state_oracle,HCC_10076307_20130925.nii.gz,overall,gamma_world_stability,4,0.9963350649233218,0.49999992511489055,0.9392866166641138,0.9995614946107861,0.16618474418562096,case_patch_macro
real_A_state_oracle,HCC_10076307_20130925.nii.gz,background,pairwise_joint_product,4,0.9981404583141091,0.3077828628990653,0.9824338456135944,0.999930138798379,0.14110764368869,case_patch_macro
real_A_state_oracle,HCC_10076307_20130925.nii.gz,foreground,pairwise_joint_product,4,0.8818400554114437,0.023748436995108813,0.8028787014138631,0.9487696736766627,0.310296639934845,case_patch_macro
real_A_state_oracle,HCC_10076307_20130925.nii.gz,overall,pairwise_joint_product,4,0.9963350649233218,0.30191695005700014,0.9817119182016142,0.9999114631233487,0.1694484940781763,case_patch_macro
real_A_state_oracle,HCC_10076307_20130925.nii.gz,background,pairwise_world_stability,4,0.9981404583141091,0.5075993198766355,0.9723048821302129,0.9998695076791517,0.13788656113503717,case_patch_macro
real_A_state_oracle,HCC_10076307_20130925.nii.gz,foreground,pairwise_world_stability,4,0.8818400554114437,0.09845664688391884,0.7942855906908783,0.9542547487299077,0.3126345582302624,case_patch_macro
real_A_state_oracle,HCC_10076307_20130925.nii.gz,overall,pairwise_world_stability,4,0.9963350649233218,0.49999993009506666,0.9740091544404419,0.9998470168331647,0.16638663008635735,case_patch_macro
existing_WP_imagined,CYST_PA20.nii.gz,background,blur_joint_product,4,0.9968018744724566,0.3015312817039617,0.8912371012107427,0.9983808785331285,0.11727050828754433,case_patch_macro
existing_WP_imagined,CYST_PA20.nii.gz,foreground,blur_joint_product,4,0.7615843824271106,0.07038952220712591,0.7124152688529986,0.7875742018013295,0.14288687801518968,case_patch_macro
existing_WP_imagined,CYST_PA20.nii.gz,overall,blur_joint_product,4,0.9949364485564056,0.29656286128893744,0.9196703742592982,0.9984214093807673,0.16780530213023048,case_patch_macro
existing_WP_imagined,CYST_PA20.nii.gz,background,blur_world_stability,4,0.9968018744724566,0.5062666898263879,0.8298297480493333,0.998118179840219,0.10418575943232576,case_patch_macro
existing_WP_imagined,CYST_PA20.nii.gz,foreground,blur_world_stability,4,0.7615843824271106,0.17946869700331025,0.6957478507722998,0.7936923770631519,0.13232081236065057,case_patch_macro
existing_WP_imagined,CYST_PA20.nii.gz,overall,blur_world_stability,4,0.9949364485564056,0.49999992363704165,0.8814126888719874,0.9981329153454003,0.15995784314298445,case_patch_macro
existing_WP_imagined,CYST_PA20.nii.gz,background,confidence_rank,4,0.9968018744724566,0.5074571919690929,0.8938699281487855,0.9984049351868602,0.12242781621945444,case_patch_macro
existing_WP_imagined,CYST_PA20.nii.gz,foreground,confidence_rank,4,0.7615843824271106,0.1418829977044004,0.6971905025190159,0.7820247660711394,0.11687930562945983,case_patch_macro
existing_WP_imagined,CYST_PA20.nii.gz,overall,confidence_rank,4,0.9949364485564056,0.5000000710040549,0.9151308582880406,0.998435061870849,0.16979959601109862,case_patch_macro
existing_WP_imagined,CYST_PA20.nii.gz,background,gamma_joint_product,4,0.9968018744724566,0.2868645164125148,0.8689927964827471,0.9983000139088103,0.11682308203551076,case_patch_macro
existing_WP_imagined,CYST_PA20.nii.gz,foreground,gamma_joint_product,4,0.7615843824271106,0.09788587967307032,0.7467295169227757,0.791936379406402,0.18529109691755163,case_patch_macro
existing_WP_imagined,CYST_PA20.nii.gz,overall,gamma_joint_product,4,0.9949364485564056,0.28296783963758876,0.8994015464432992,0.9983306637159685,0.16542635517709725,case_patch_macro
existing_WP_imagined,CYST_PA20.nii.gz,background,gamma_world_stability,4,0.9968018744724566,0.4996123858686282,0.6843224954143701,0.9976937002896681,0.09208170276708108,case_patch_macro
existing_WP_imagined,CYST_PA20.nii.gz,foreground,gamma_world_stability,4,0.7615843824271106,0.4552194772804696,0.7512920511368062,0.8014130688840877,0.2779780502076302,case_patch_macro
existing_WP_imagined,CYST_PA20.nii.gz,overall,gamma_world_stability,4,0.9949364485564056,0.4999999372258462,0.7614903069427009,0.9975330641917632,0.1432718840140158,case_patch_macro
existing_WP_imagined,CYST_PA20.nii.gz,background,pairwise_joint_product,4,0.9968018744724566,0.3026244655508646,0.8917466276578216,0.998386723874838,0.11736601533160139,case_patch_macro
existing_WP_imagined,CYST_PA20.nii.gz,foreground,pairwise_joint_product,4,0.7615843824271106,0.07063469709929143,0.7117612571768623,0.7872572401483722,0.1417040487669321,case_patch_macro
existing_WP_imagined,CYST_PA20.nii.gz,overall,pairwise_joint_product,4,0.9949364485564056,0.2976321635860324,0.9200136695019288,0.9984271867182761,0.1678804900498167,case_patch_macro
existing_WP_imagined,CYST_PA20.nii.gz,background,pairwise_world_stability,4,0.9968018744724566,0.5062914203774377,0.8328911868081534,0.9981052384869072,0.10486327556990968,case_patch_macro
existing_WP_imagined,CYST_PA20.nii.gz,foreground,pairwise_world_stability,4,0.7615843824271106,0.178295941821497,0.6955719097452151,0.7930489017424405,0.13143162715088613,case_patch_macro
existing_WP_imagined,CYST_PA20.nii.gz,overall,pairwise_world_stability,4,0.9949364485564056,0.4999999436295689,0.8834515263005414,0.9981275599230324,0.1604600552136415,case_patch_macro
full_real,CYST_PA20.nii.gz,background,blur_joint_product,4,0.9968018744724566,0.30448279606534895,0.9761491740010126,0.9998331884353948,0.0920815835209016,case_patch_macro
full_real,CYST_PA20.nii.gz,foreground,blur_joint_product,4,0.7615843824271106,0.025178324586554238,0.7015956815796053,0.7870404604125065,0.15565087846025433,case_patch_macro
full_real,CYST_PA20.nii.gz,overall,blur_joint_product,4,0.9949364485564056,0.2982277820651137,0.977222031621664,0.999792637079262,0.11947833952997908,case_patch_macro
full_real,CYST_PA20.nii.gz,background,blur_world_stability,4,0.9968018744724566,0.5092096679231547,0.9770277611671756,0.9997660643920085,0.09255572262528247,case_patch_macro
full_real,CYST_PA20.nii.gz,foreground,blur_world_stability,4,0.7615843824271106,0.06815151234342884,0.7068466054849879,0.8204082821489534,0.21579947054506568,case_patch_macro
full_real,CYST_PA20.nii.gz,overall,blur_world_stability,4,0.9949364485564056,0.4999999237089654,0.9776114059762143,0.9997155948495764,0.11956312796911815,case_patch_macro
full_real,CYST_PA20.nii.gz,background,confidence_rank,4,0.9968018744724566,0.5074571919690929,0.8938699281487855,0.9984049351868602,0.12242781621945444,case_patch_macro
full_real,CYST_PA20.nii.gz,foreground,confidence_rank,4,0.7615843824271106,0.1418829977044004,0.6971905025190159,0.7820247660711394,0.11687930562945983,case_patch_macro
full_real,CYST_PA20.nii.gz,overall,confidence_rank,4,0.9949364485564056,0.5000000710040549,0.9151308582880406,0.998435061870849,0.16979959601109862,case_patch_macro
full_real,CYST_PA20.nii.gz,background,gamma_joint_product,4,0.9968018744724566,0.3025395513795503,0.8843257642665598,0.9983414468136544,0.10946810561174769,case_patch_macro
full_real,CYST_PA20.nii.gz,foreground,gamma_joint_product,4,0.7615843824271106,0.1102947480558088,0.7352382206829107,0.798479084522034,0.17148077531932443,case_patch_macro
full_real,CYST_PA20.nii.gz,overall,gamma_joint_product,4,0.9949364485564056,0.2987046120111887,0.9189728849615589,0.998415642108607,0.1600152011796815,case_patch_macro
full_real,CYST_PA20.nii.gz,background,gamma_world_stability,4,0.9968018744724566,0.5028085336338375,0.8014793772415972,0.997569044321296,0.09076790143905994,case_patch_macro
full_real,CYST_PA20.nii.gz,foreground,gamma_world_stability,4,0.7615843824271106,0.29187976954753575,0.7486097569490084,0.8153336288201516,0.2049039062086166,case_patch_macro
full_real,CYST_PA20.nii.gz,overall,gamma_world_stability,4,0.9949364485564056,0.4999999272604222,0.8687019499940101,0.9976556658288487,0.14675157033665023,case_patch_macro
full_real,CYST_PA20.nii.gz,background,pairwise_joint_product,4,0.9968018744724566,0.3079152467963976,0.9764522648017662,0.9998330575591489,0.09213747540914752,case_patch_macro
full_real,CYST_PA20.nii.gz,foreground,pairwise_joint_product,4,0.7615843824271106,0.024665503946281336,0.7042988267034878,0.7868254237838488,0.156581895904728,case_patch_macro
full_real,CYST_PA20.nii.gz,overall,pairwise_joint_product,4,0.9949364485564056,0.30154731546923147,0.977460704292096,0.9997932291901674,0.11954318063911074,case_patch_macro
full_real,CYST_PA20.nii.gz,background,pairwise_world_stability,4,0.9968018744724566,0.5095368740407409,0.9861435187859428,0.999845877156918,0.0941713430986231,case_patch_macro
full_real,CYST_PA20.nii.gz,foreground,pairwise_world_stability,4,0.7615843824271106,0.05665664959158156,0.7260329225779454,0.8251764563321498,0.23552482074519882,case_patch_macro
full_real,CYST_PA20.nii.gz,overall,pairwise_world_stability,4,0.9949364485564056,0.4999999287782425,0.9829359319026099,0.999797109877482,0.12084695292988791,case_patch_macro
real_A_state_oracle,CYST_PA20.nii.gz,background,blur_joint_product,4,0.9968018744724566,0.3028419138383103,0.9112181216893562,0.9987596202094362,0.11558981340584591,case_patch_macro
real_A_state_oracle,CYST_PA20.nii.gz,foreground,blur_joint_product,4,0.7615843824271106,0.05353055387270563,0.7661396669669114,0.8143694576975807,0.2334989646531208,case_patch_macro
real_A_state_oracle,CYST_PA20.nii.gz,overall,blur_joint_product,4,0.9949364485564056,0.2974127505548517,0.9370861415626968,0.9987813495370395,0.1655975685135617,case_patch_macro
real_A_state_oracle,CYST_PA20.nii.gz,background,blur_world_stability,4,0.9968018744724566,0.5071836413147099,0.8636789248842051,0.9983000678505821,0.10595650377806191,case_patch_macro
real_A_state_oracle,CYST_PA20.nii.gz,foreground,blur_world_stability,4,0.7615843824271106,0.1399189566597523,0.8212262633964762,0.8785489597234952,0.34265792763847963,case_patch_macro
real_A_state_oracle,CYST_PA20.nii.gz,overall,blur_world_stability,4,0.9949364485564056,0.49999993011769245,0.9082254047826521,0.9983236021327975,0.15917705983114738,case_patch_macro
real_A_state_oracle,CYST_PA20.nii.gz,background,confidence_rank,4,0.9968018744724566,0.5074571919690929,0.8938699281487855,0.9984049351868602,0.12242781621945444,case_patch_macro
real_A_state_oracle,CYST_PA20.nii.gz,foreground,confidence_rank,4,0.7615843824271106,0.1418829977044004,0.6971905025190159,0.7820247660711394,0.11687930562945983,case_patch_macro
real_A_state_oracle,CYST_PA20.nii.gz,overall,confidence_rank,4,0.9949364485564056,0.5000000710040549,0.9151308582880406,0.998435061870849,0.16979959601109862,case_patch_macro
real_A_state_oracle,CYST_PA20.nii.gz,background,gamma_joint_product,4,0.9968018744724566,0.30091762130450456,0.8789539886051383,0.9983071129654839,0.11659957931930554,case_patch_macro
real_A_state_oracle,CYST_PA20.nii.gz,foreground,gamma_joint_product,4,0.7615843824271106,0.111576796555116,0.7194906738856037,0.7915301960131403,0.1520121467677775,case_patch_macro
real_A_state_oracle,CYST_PA20.nii.gz,overall,gamma_joint_product,4,0.9949364485564056,0.29713823309261955,0.9135802350344857,0.9983734727348786,0.16954139253243483,case_patch_macro
real_A_state_oracle,CYST_PA20.nii.gz,background,gamma_world_stability,4,0.9968018744724566,0.5019574031165168,0.7784190407532422,0.9975865992442958,0.0984943789991955,case_patch_macro
real_A_state_oracle,CYST_PA20.nii.gz,foreground,gamma_world_stability,4,0.7615843824271106,0.3231454705673189,0.7194555128186108,0.7986414935508381,0.17461570002200527,case_patch_macro
real_A_state_oracle,CYST_PA20.nii.gz,overall,gamma_world_stability,4,0.9949364485564056,0.4999999302068313,0.8503984058902148,0.9976474949047839,0.1592433085301621,case_patch_macro
real_A_state_oracle,CYST_PA20.nii.gz,background,pairwise_joint_product,4,0.9968018744724566,0.30608450378186297,0.9144699802318674,0.9987677484665916,0.11621624456918354,case_patch_macro
real_A_state_oracle,CYST_PA20.nii.gz,foreground,pairwise_joint_product,4,0.7615843824271106,0.05205405656283214,0.7665312911086394,0.8135355801592203,0.2332063442715701,case_patch_macro
real_A_state_oracle,CYST_PA20.nii.gz,overall,pairwise_joint_product,4,0.9949364485564056,0.30051902702915173,0.9388930864549279,0.9987896778121088,0.1658348237066864,case_patch_macro
real_A_state_oracle,CYST_PA20.nii.gz,background,pairwise_world_stability,4,0.9968018744724566,0.5078493516655306,0.8855882935280928,0.9984316375983848,0.11060987887038427,case_patch_macro
real_A_state_oracle,CYST_PA20.nii.gz,foreground,pairwise_world_stability,4,0.7615843824271106,0.11709070008572864,0.8276792374468569,0.8787970947619611,0.3481203770633454,case_patch_macro
real_A_state_oracle,CYST_PA20.nii.gz,overall,pairwise_world_stability,4,0.9949364485564056,0.4999999295682945,0.9212364883737181,0.9984621494368504,0.16208110658363506,case_patch_macro
existing_WP_imagined,CYST_PA56.nii.gz,background,blur_joint_product,4,0.9961222088199281,0.291962130294515,0.925952296938676,0.9985602145563848,0.10313804011882481,case_patch_macro
existing_WP_imagined,CYST_PA56.nii.gz,foreground,blur_joint_product,4,0.9369435369195253,0.07736463227343711,0.8164622574594752,0.9639844950333508,0.174346119993696,case_patch_macro
existing_WP_imagined,CYST_PA56.nii.gz,overall,blur_joint_product,4,0.995803232546206,0.2887927029417072,0.9299640056476526,0.9986027541309389,0.10933277289596792,case_patch_macro
existing_WP_imagined,CYST_PA56.nii.gz,background,blur_world_stability,4,0.9961222088199281,0.503824418484754,0.860798371065781,0.9979000178500598,0.08957415733776981,case_patch_macro
existing_WP_imagined,CYST_PA56.nii.gz,foreground,blur_world_stability,4,0.9369435369195253,0.2025998998694349,0.7795674989875523,0.958818280223115,0.14402922031528698,case_patch_macro
existing_WP_imagined,CYST_PA56.nii.gz,overall,blur_world_stability,4,0.995803232546206,0.49999993096092454,0.8725744585103875,0.9979621087906803,0.09742036722350327,case_patch_macro
existing_WP_imagined,CYST_PA56.nii.gz,background,confidence_rank,4,0.9961222088199281,0.5047189886823819,0.9299122643057024,0.998564316400062,0.10489047692455788,case_patch_macro
existing_WP_imagined,CYST_PA56.nii.gz,foreground,confidence_rank,4,0.9369435369195253,0.16098857144395304,0.8193674235201973,0.9612762504965366,0.17368442333646783,case_patch_macro
existing_WP_imagined,CYST_PA56.nii.gz,overall,confidence_rank,4,0.995803232546206,0.5000000627895383,0.9340158211581553,0.998618296378898,0.11122256319815738,case_patch_macro
existing_WP_imagined,CYST_PA56.nii.gz,background,gamma_joint_product,4,0.9961222088199281,0.2748054902933815,0.9046180900261933,0.9984486185020346,0.0981136424049332,case_patch_macro
existing_WP_imagined,CYST_PA56.nii.gz,foreground,gamma_joint_product,4,0.9369435369195253,0.10530833974197258,0.9163216292703728,0.9886220602823851,0.291187951035939,case_patch_macro
existing_WP_imagined,CYST_PA56.nii.gz,overall,gamma_joint_product,4,0.995803232546206,0.2724242521342483,0.9118350724576599,0.9985061406985964,0.10499407912241464,case_patch_macro
existing_WP_imagined,CYST_PA56.nii.gz,background,gamma_world_stability,4,0.9961222088199281,0.49898627660024725,0.7106466573941149,0.9974323038639357,0.07325822737450906,case_patch_macro
existing_WP_imagined,CYST_PA56.nii.gz,foreground,gamma_world_stability,4,0.9369435369195253,0.4971840883682052,0.9050575785229206,0.9887649144281975,0.3800201016064899,case_patch_macro
existing_WP_imagined,CYST_PA56.nii.gz,overall,gamma_world_stability,4,0.995803232546206,0.49999993375884816,0.741695162021137,0.9974969117324688,0.08822457273647079,case_patch_macro
existing_WP_imagined,CYST_PA56.nii.gz,background,pairwise_joint_product,4,0.9961222088199281,0.2927515237493447,0.9263017487199661,0.9985640379506102,0.10321519432078834,case_patch_macro
existing_WP_imagined,CYST_PA56.nii.gz,foreground,pairwise_joint_product,4,0.9369435369195253,0.07759755185918944,0.8161316071349786,0.963587230746962,0.1735241821796408,case_patch_macro
existing_WP_imagined,CYST_PA56.nii.gz,overall,pairwise_joint_product,4,0.995803232546206,0.28956809966401015,0.9302976370832085,0.99860658401286,0.10940974704475413,case_patch_macro
existing_WP_imagined,CYST_PA56.nii.gz,background,pairwise_world_stability,4,0.9961222088199281,0.5038549255143147,0.8642194192698937,0.9979056594585921,0.09026851676033976,case_patch_macro
existing_WP_imagined,CYST_PA56.nii.gz,foreground,pairwise_world_stability,4,0.9369435369195253,0.20033198603228844,0.7815682660667939,0.9585755226812691,0.14455313097908942,case_patch_macro
existing_WP_imagined,CYST_PA56.nii.gz,overall,pairwise_world_stability,4,0.995803232546206,0.49999992640881097,0.8756304026132037,0.9979706037861302,0.09804659434620432,case_patch_macro
full_real,CYST_PA56.nii.gz,background,blur_joint_product,4,0.9961222088199281,0.294842645371373,0.9671836786322041,0.9994035806737416,0.10994268553187754,case_patch_macro
full_real,CYST_PA56.nii.gz,foreground,blur_joint_product,4,0.9369435369195253,0.05125498174397649,0.777467029420721,0.9511612637595013,0.13079211713617567,case_patch_macro
full_real,CYST_PA56.nii.gz,overall,blur_joint_product,4,0.995803232546206,0.2912331136254007,0.9668150770397768,0.9994099326267974,0.1149916566833336,case_patch_macro
full_real,CYST_PA56.nii.gz,background,blur_world_stability,4,0.9961222088199281,0.5049759685167894,0.9613525026166716,0.9992843725804436,0.10846919779177307,case_patch_macro
full_real,CYST_PA56.nii.gz,foreground,blur_world_stability,4,0.9369435369195253,0.12592937164555162,0.6895933777394294,0.9259289183792959,0.05308602478867141,case_patch_macro
full_real,CYST_PA56.nii.gz,overall,blur_world_stability,4,0.995803232546206,0.49999993422092837,0.9608411705927273,0.9992948099657799,0.11347236616801674,case_patch_macro
full_real,CYST_PA56.nii.gz,background,confidence_rank,4,0.9961222088199281,0.5047189886823819,0.9299122643057024,0.998564316400062,0.10489047692455788,case_patch_macro
full_real,CYST_PA56.nii.gz,foreground,confidence_rank,4,0.9369435369195253,0.16098857144395304,0.8193674235201973,0.9612762504965366,0.17368442333646783,case_patch_macro
full_real,CYST_PA56.nii.gz,overall,confidence_rank,4,0.995803232546206,0.5000000627895383,0.9340158211581553,0.998618296378898,0.11122256319815738,case_patch_macro
full_real,CYST_PA56.nii.gz,background,gamma_joint_product,4,0.9961222088199281,0.29441400023604414,0.9279478850360362,0.9986292200402735,0.10398483682835842,case_patch_macro
full_real,CYST_PA56.nii.gz,foreground,gamma_joint_product,4,0.9369435369195253,0.11962757441161598,0.8694472055353767,0.9779240726450044,0.23682542189396075,case_patch_macro
full_real,CYST_PA56.nii.gz,overall,gamma_joint_product,4,0.995803232546206,0.29193547586593077,0.9325218899117388,0.9986820293484517,0.11038654466340747,case_patch_macro
full_real,CYST_PA56.nii.gz,background,gamma_world_stability,4,0.9961222088199281,0.5008841379906783,0.8706228177024742,0.9980418612511928,0.09366090151929289,case_patch_macro
full_real,CYST_PA56.nii.gz,foreground,gamma_world_stability,4,0.9369435369195253,0.3689562970942113,0.8711778386817352,0.9809782449656107,0.2572625032899535,case_patch_macro
full_real,CYST_PA56.nii.gz,overall,gamma_world_stability,4,0.995803232546206,0.49999992584641906,0.8826917881283461,0.9981357710916693,0.1018559032370004,case_patch_macro
full_real,CYST_PA56.nii.gz,background,pairwise_joint_product,4,0.9961222088199281,0.2974554310552313,0.9684195113622125,0.9994305742453745,0.1103042806197319,case_patch_macro
full_real,CYST_PA56.nii.gz,foreground,pairwise_joint_product,4,0.9369435369195253,0.047698064028893004,0.7944261898179953,0.9556710944094347,0.15066181909388188,case_patch_macro
full_real,CYST_PA56.nii.gz,overall,pairwise_joint_product,4,0.995803232546206,0.29370230779348466,0.9680710143998089,0.9994355224057129,0.1153543674087042,case_patch_macro
full_real,CYST_PA56.nii.gz,background,pairwise_world_stability,4,0.9961222088199281,0.5054192846679098,0.9675755889287293,0.9993649220139553,0.1101792180241193,case_patch_macro
full_real,CYST_PA56.nii.gz,foreground,pairwise_world_stability,4,0.9369435369195253,0.10458436235546971,0.7305817634579674,0.9356209424073575,0.09850836536386177,case_patch_macro
full_real,CYST_PA56.nii.gz,overall,pairwise_world_stability,4,0.995803232546206,0.49999993019547534,0.9669903954549032,0.9993741933185734,0.11516980083437933,case_patch_macro
real_A_state_oracle,CYST_PA56.nii.gz,background,blur_joint_product,4,0.9961222088199281,0.29521740248449574,0.9476295960875148,0.998945200386334,0.10841832462722527,case_patch_macro
real_A_state_oracle,CYST_PA56.nii.gz,foreground,blur_joint_product,4,0.9369435369195253,0.09701973103161383,0.8179428441785769,0.9644282828172354,0.17663143776319634,case_patch_macro
real_A_state_oracle,CYST_PA56.nii.gz,overall,blur_joint_product,4,0.995803232546206,0.2923868069918284,0.9498787484100898,0.9989832993223938,0.11429035476619546,case_patch_macro
real_A_state_oracle,CYST_PA56.nii.gz,background,blur_world_stability,4,0.9961222088199281,0.5032316746214667,0.9271408248934278,0.9987935700906863,0.10474154301391592,case_patch_macro
real_A_state_oracle,CYST_PA56.nii.gz,foreground,blur_world_stability,4,0.9369435369195253,0.23288642255829917,0.7838920402132956,0.960726287743883,0.1522966935139842,case_patch_macro
real_A_state_oracle,CYST_PA56.nii.gz,overall,blur_world_stability,4,0.995803232546206,0.4999999347071964,0.9320260495259848,0.9988383515735864,0.11113585287096273,case_patch_macro
real_A_state_oracle,CYST_PA56.nii.gz,background,confidence_rank,4,0.9961222088199281,0.5047189886823819,0.9299122643057024,0.998564316400062,0.10489047692455788,case_patch_macro
real_A_state_oracle,CYST_PA56.nii.gz,foreground,confidence_rank,4,0.9369435369195253,0.16098857144395304,0.8193674235201973,0.9612762504965366,0.17368442333646783,case_patch_macro
real_A_state_oracle,CYST_PA56.nii.gz,overall,confidence_rank,4,0.995803232546206,0.5000000627895383,0.9340158211581553,0.998618296378898,0.11122256319815738,case_patch_macro
real_A_state_oracle,CYST_PA56.nii.gz,background,gamma_joint_product,4,0.9961222088199281,0.29028663458292636,0.9202260655814257,0.9985452716922218,0.10190857730726582,case_patch_macro
real_A_state_oracle,CYST_PA56.nii.gz,foreground,gamma_joint_product,4,0.9369435369195253,0.12205921259662855,0.8730318770370701,0.9797169173415646,0.24100766607485993,case_patch_macro
real_A_state_oracle,CYST_PA56.nii.gz,overall,gamma_joint_product,4,0.995803232546206,0.28792880147999267,0.9256418927585791,0.9985992271870157,0.10845125831102238,case_patch_macro
real_A_state_oracle,CYST_PA56.nii.gz,background,gamma_world_stability,4,0.9961222088199281,0.49993474363002793,0.8406140359094786,0.9978057152922091,0.08793875424344644,case_patch_macro
real_A_state_oracle,CYST_PA56.nii.gz,foreground,gamma_world_stability,4,0.9369435369195253,0.42342265773775645,0.870606436326455,0.9816865908803917,0.2631355453303575,case_patch_macro
real_A_state_oracle,CYST_PA56.nii.gz,overall,gamma_world_stability,4,0.995803232546206,0.4999999293806102,0.8563817489395182,0.9979032545720253,0.09700645867129631,case_patch_macro
real_A_state_oracle,CYST_PA56.nii.gz,background,pairwise_joint_product,4,0.9961222088199281,0.297776444913764,0.9502536153714175,0.9989934650801103,0.10892551324512069,case_patch_macro
real_A_state_oracle,CYST_PA56.nii.gz,foreground,pairwise_joint_product,4,0.9369435369195253,0.09198433483234729,0.8178682846185398,0.9634666097109458,0.17635193980657302,case_patch_macro
real_A_state_oracle,CYST_PA56.nii.gz,overall,pairwise_joint_product,4,0.995803232546206,0.2947705263794051,0.9522122315441436,0.9990273799074705,0.11472699663963049,case_patch_macro
real_A_state_oracle,CYST_PA56.nii.gz,background,pairwise_world_stability,4,0.9961222088199281,0.5037495751326795,0.9402916332172486,0.9988827087913512,0.10733282825137752,case_patch_macro
real_A_state_oracle,CYST_PA56.nii.gz,foreground,pairwise_world_stability,4,0.9369435369195253,0.20563567860486529,0.7920920121842165,0.960904683348179,0.15957862579532855,case_patch_macro
real_A_state_oracle,CYST_PA56.nii.gz,overall,pairwise_world_stability,4,0.995803232546206,0.4999999273308912,0.9436283591512895,0.9989278900983287,0.11345751707447164,case_patch_macro
existing_WP_imagined,HCC_10136895_20170421.nii.gz,background,blur_joint_product,4,0.9957186927254558,0.304961992561315,0.985487846154982,0.9998805181805438,0.18103622229513044,case_patch_macro
existing_WP_imagined,HCC_10136895_20170421.nii.gz,foreground,blur_joint_product,4,0.9353187795220853,0.06585275658469109,0.8761097962218684,0.9890339506980353,0.3199961131425262,case_patch_macro
existing_WP_imagined,HCC_10136895_20170421.nii.gz,overall,blur_joint_product,4,0.9944993831493237,0.29967871472625884,0.9835686532275477,0.9998553793454987,0.19639261738630656,case_patch_macro
existing_WP_imagined,HCC_10136895_20170421.nii.gz,background,blur_world_stability,4,0.9957186927254558,0.5058093070231215,0.9612926593271219,0.9995031186286731,0.1738430520814615,case_patch_macro
existing_WP_imagined,HCC_10136895_20170421.nii.gz,foreground,blur_world_stability,4,0.9353187795220853,0.23582717505582126,0.849563033099908,0.986706372575183,0.3033254262036435,case_patch_macro
existing_WP_imagined,HCC_10136895_20170421.nii.gz,overall,blur_world_stability,4,0.9944993831493237,0.49999993153168304,0.9628140146458675,0.9994814869035366,0.18977899638828924,case_patch_macro
existing_WP_imagined,HCC_10136895_20170421.nii.gz,background,confidence_rank,4,0.9957186927254558,0.5080451818250138,0.9857995262276801,0.9998695652384924,0.18466159977142954,case_patch_macro
existing_WP_imagined,HCC_10136895_20170421.nii.gz,foreground,confidence_rank,4,0.9353187795220853,0.12350975225686,0.8867305795877661,0.9896253085064489,0.3307434670844381,case_patch_macro
existing_WP_imagined,HCC_10136895_20170421.nii.gz,overall,confidence_rank,4,0.9944993831493237,0.5000000632469697,0.983548989385602,0.9998463420645509,0.20001426893897545,case_patch_macro
existing_WP_imagined,HCC_10136895_20170421.nii.gz,background,gamma_joint_product,4,0.9957186927254558,0.28650024330583335,0.966581603206546,0.9997665463003991,0.17954832377055918,case_patch_macro
existing_WP_imagined,HCC_10136895_20170421.nii.gz,foreground,gamma_joint_product,4,0.9353187795220853,0.07810103820643305,0.9145045913421089,0.9934254197750647,0.3540383468095438,case_patch_macro
existing_WP_imagined,HCC_10136895_20170421.nii.gz,overall,gamma_joint_product,4,0.9944993831493237,0.28191012402758614,0.9699642754741112,0.9997449429144097,0.19562616483444975,case_patch_macro
existing_WP_imagined,HCC_10136895_20170421.nii.gz,background,gamma_world_stability,4,0.9957186927254558,0.49993766488628344,0.7390305678241411,0.9975609403887331,0.10136504059329048,case_patch_macro
existing_WP_imagined,HCC_10136895_20170421.nii.gz,foreground,gamma_world_stability,4,0.9353187795220853,0.5061275611728169,0.8887442051311348,0.9904970391108763,0.44257463869656294,case_patch_macro
existing_WP_imagined,HCC_10136895_20170421.nii.gz,overall,gamma_world_stability,4,0.9944993831493237,0.4999999149471861,0.7904809373544566,0.9975407667902989,0.12638402537211665,case_patch_macro
existing_WP_imagined,HCC_10136895_20170421.nii.gz,background,pairwise_joint_product,4,0.9957186927254558,0.3059231934636359,0.9857202948859317,0.999881940137483,0.1811059544858817,case_patch_macro
existing_WP_imagined,HCC_10136895_20170421.nii.gz,foreground,pairwise_joint_product,4,0.9353187795220853,0.06598050967498913,0.8764951109289648,0.9890679025549796,0.3203220506198398,case_patch_macro
existing_WP_imagined,HCC_10136895_20170421.nii.gz,overall,pairwise_joint_product,4,0.9944993831493237,0.3006162103251096,0.9837755618182381,0.9998570275773716,0.19646299516719334,case_patch_macro
existing_WP_imagined,HCC_10136895_20170421.nii.gz,background,pairwise_world_stability,4,0.9957186927254558,0.5058729194091943,0.9640523988468076,0.9995418724996505,0.1744693248830936,case_patch_macro
existing_WP_imagined,HCC_10136895_20170421.nii.gz,foreground,pairwise_world_stability,4,0.9353187795220853,0.23302833472955956,0.8514177745628522,0.9869840237566608,0.3048023909064057,case_patch_macro
existing_WP_imagined,HCC_10136895_20170421.nii.gz,overall,pairwise_world_stability,4,0.9944993831493237,0.499999931900081,0.9649998048264063,0.9995220591177235,0.19033843729147082,case_patch_macro
full_real,HCC_10136895_20170421.nii.gz,background,blur_joint_product,4,0.9957186927254558,0.3020406292167304,0.9868889616772978,0.9998823795158966,0.10533084688498925,case_patch_macro
full_real,HCC_10136895_20170421.nii.gz,foreground,blur_joint_product,4,0.9353187795220853,0.05804345003587705,0.8608345024039074,0.9883495048980362,0.30631443016488696,case_patch_macro
full_real,HCC_10136895_20170421.nii.gz,overall,blur_joint_product,4,0.9944993831493237,0.29662480637665284,0.9842579294726854,0.9998532868256117,0.12050256567540818,case_patch_macro
full_real,HCC_10136895_20170421.nii.gz,background,blur_world_stability,4,0.9957186927254558,0.5076233919552436,0.9693735193622286,0.9995846573461855,0.10115412080688885,case_patch_macro
full_real,HCC_10136895_20170421.nii.gz,foreground,blur_world_stability,4,0.9353187795220853,0.14338101973634673,0.7869985450093728,0.9813849143890753,0.24351869424446926,case_patch_macro
full_real,HCC_10136895_20170421.nii.gz,overall,blur_world_stability,4,0.9944993831493237,0.49999992541620486,0.9681846647760541,0.9995491809461432,0.11625589686152987,case_patch_macro
full_real,HCC_10136895_20170421.nii.gz,background,confidence_rank,4,0.9957186927254558,0.5080451818250138,0.9857995262276801,0.9998695652384924,0.18466159977142954,case_patch_macro
full_real,HCC_10136895_20170421.nii.gz,foreground,confidence_rank,4,0.9353187795220853,0.12350975225686,0.8867305795877661,0.9896253085064489,0.3307434670844381,case_patch_macro
full_real,HCC_10136895_20170421.nii.gz,overall,confidence_rank,4,0.9944993831493237,0.5000000632469697,0.983548989385602,0.9998463420645509,0.20001426893897545,case_patch_macro
full_real,HCC_10136895_20170421.nii.gz,background,gamma_joint_product,4,0.9957186927254558,0.30527792403118337,0.9875908951013113,0.9999138030519898,0.10986105701093732,case_patch_macro
full_real,HCC_10136895_20170421.nii.gz,foreground,gamma_joint_product,4,0.9353187795220853,0.08820647944551867,0.8920873545335825,0.9909269062957003,0.3341797617929334,case_patch_macro
full_real,HCC_10136895_20170421.nii.gz,overall,gamma_joint_product,4,0.9944993831493237,0.3003240843134975,0.986154720796512,0.999890311757146,0.1253162092280107,case_patch_macro
full_real,HCC_10136895_20170421.nii.gz,background,gamma_world_stability,4,0.9957186927254558,0.5044009865373162,0.9354090330859897,0.9992036914976321,0.09690262081416536,case_patch_macro
full_real,HCC_10136895_20170421.nii.gz,foreground,gamma_world_stability,4,0.9353187795220853,0.30779222050845806,0.8790512840788295,0.9899887770740539,0.33439935809675925,case_patch_macro
full_real,HCC_10136895_20170421.nii.gz,overall,gamma_world_stability,4,0.9944993831493237,0.4999999255992112,0.940692355767755,0.9991950185399457,0.11336025641519086,case_patch_macro
full_real,HCC_10136895_20170421.nii.gz,background,pairwise_joint_product,4,0.9957186927254558,0.30677354736252077,0.9912101103972756,0.999937863794516,0.10635372257947734,case_patch_macro
full_real,HCC_10136895_20170421.nii.gz,foreground,pairwise_joint_product,4,0.9353187795220853,0.05583874372797503,0.867014246000851,0.9890289359199441,0.3116738547120248,case_patch_macro
full_real,HCC_10136895_20170421.nii.gz,overall,pairwise_joint_product,4,0.9944993831493237,0.30118072426600817,0.9883975492133558,0.9999096289131819,0.12152663567194767,case_patch_macro
full_real,HCC_10136895_20170421.nii.gz,background,pairwise_world_stability,4,0.9957186927254558,0.5081584534846073,0.9837152023941039,0.9998274380065655,0.10451083667633282,case_patch_macro
full_real,HCC_10136895_20170421.nii.gz,foreground,pairwise_world_stability,4,0.9353187795220853,0.11689445834348279,0.8064817476299112,0.9838345392844778,0.260169858940423,case_patch_macro
full_real,HCC_10136895_20170421.nii.gz,overall,pairwise_world_stability,4,0.9944993831493237,0.4999999257384102,0.980424302850764,0.9997910015323668,0.11942323091271764,case_patch_macro
real_A_state_oracle,HCC_10136895_20170421.nii.gz,background,blur_joint_product,4,0.9957186927254558,0.30619002411065044,0.9835331727809055,0.9998655326772432,0.17145270226041828,case_patch_macro
real_A_state_oracle,HCC_10136895_20170421.nii.gz,foreground,blur_joint_product,4,0.9353187795220853,0.08026219819594547,0.8868276727065435,0.9903083014757778,0.32910637776984236,case_patch_macro
real_A_state_oracle,HCC_10136895_20170421.nii.gz,overall,blur_joint_product,4,0.9944993831493237,0.30107436687238076,0.982033325956851,0.9998413406910541,0.18686538328024116,case_patch_macro
real_A_state_oracle,HCC_10136895_20170421.nii.gz,background,blur_world_stability,4,0.9957186927254558,0.5055928992499662,0.9502357365084271,0.9994137170327612,0.15821023688331512,case_patch_macro
real_A_state_oracle,HCC_10136895_20170421.nii.gz,foreground,blur_world_stability,4,0.9353187795220853,0.24490301394043132,0.8679489904712998,0.988737556994819,0.31771674258071964,case_patch_macro
real_A_state_oracle,HCC_10136895_20170421.nii.gz,overall,blur_world_stability,4,0.9944993831493237,0.49999993862520486,0.9553837126836253,0.9993967919687831,0.1743314004936916,case_patch_macro
real_A_state_oracle,HCC_10136895_20170421.nii.gz,background,confidence_rank,4,0.9957186927254558,0.5080451818250138,0.9857995262276801,0.9998695652384924,0.18466159977142954,case_patch_macro
real_A_state_oracle,HCC_10136895_20170421.nii.gz,foreground,confidence_rank,4,0.9353187795220853,0.12350975225686,0.8867305795877661,0.9896253085064489,0.3307434670844381,case_patch_macro
real_A_state_oracle,HCC_10136895_20170421.nii.gz,overall,confidence_rank,4,0.9944993831493237,0.5000000632469697,0.983548989385602,0.9998463420645509,0.20001426893897545,case_patch_macro
real_A_state_oracle,HCC_10136895_20170421.nii.gz,background,gamma_joint_product,4,0.9957186927254558,0.3034988476284142,0.9806459893903934,0.9998533232289198,0.173348208189543,case_patch_macro
real_A_state_oracle,HCC_10136895_20170421.nii.gz,foreground,gamma_joint_product,4,0.9353187795220853,0.08925250104607624,0.8982503964915686,0.9915737152352673,0.3396350341981358,case_patch_macro
real_A_state_oracle,HCC_10136895_20170421.nii.gz,overall,gamma_joint_product,4,0.9944993831493237,0.29862090706226185,0.9797654371705752,0.9998302534870039,0.1888804162267751,case_patch_macro
real_A_state_oracle,HCC_10136895_20170421.nii.gz,background,gamma_world_stability,4,0.9957186927254558,0.5032675124515964,0.9351539613319598,0.9991912120750703,0.15669644060621132,case_patch_macro
real_A_state_oracle,HCC_10136895_20170421.nii.gz,foreground,gamma_world_stability,4,0.9353187795220853,0.3651798243810418,0.8884101042739179,0.9908960304188817,0.35325757119033013,case_patch_macro
real_A_state_oracle,HCC_10136895_20170421.nii.gz,overall,gamma_world_stability,4,0.9944993831493237,0.4999999402540235,0.944478096898024,0.9991866512884375,0.1737619313968719,case_patch_macro
real_A_state_oracle,HCC_10136895_20170421.nii.gz,background,pairwise_joint_product,4,0.9957186927254558,0.3095722826636575,0.9859667778792518,0.9998904415392564,0.17170297433070736,case_patch_macro
real_A_state_oracle,HCC_10136895_20170421.nii.gz,foreground,pairwise_joint_product,4,0.9353187795220853,0.0788403001174758,0.8887684737664884,0.9904229093833609,0.3306718875954618,case_patch_macro
real_A_state_oracle,HCC_10136895_20170421.nii.gz,overall,pairwise_joint_product,4,0.9944993831493237,0.3043260855596211,0.9839420144493609,0.9998663043949849,0.18706216413081053,case_patch_macro
real_A_state_oracle,HCC_10136895_20170421.nii.gz,background,pairwise_world_stability,4,0.9957186927254558,0.5064383479815893,0.9733016584846621,0.9996898502942484,0.1661583204217868,case_patch_macro
real_A_state_oracle,HCC_10136895_20170421.nii.gz,foreground,pairwise_world_stability,4,0.9353187795220853,0.20571443716613955,0.8784934434959518,0.9898561914422516,0.3255497874859252,case_patch_macro
real_A_state_oracle,HCC_10136895_20170421.nii.gz,overall,pairwise_world_stability,4,0.9944993831493237,0.4999999333910291,0.9729897326346939,0.9996684892336638,0.18172586534576107,case_patch_macro
existing_WP_imagined,MET_PA13.nii.gz,background,blur_joint_product,4,0.9980133658377184,0.2869937569273655,0.9899894356226437,0.9999498848726713,0.09911110503108927,case_patch_macro
existing_WP_imagined,MET_PA13.nii.gz,foreground,blur_joint_product,4,0.9168588376561203,0.04467851142422719,0.7325474982735853,0.9454302524993229,0.1839987149144502,case_patch_macro
existing_WP_imagined,MET_PA13.nii.gz,overall,blur_joint_product,4,0.9972146352132162,0.2833689031013643,0.9888255504908011,0.9999356205977348,0.11601312471408336,case_patch_macro
existing_WP_imagined,MET_PA13.nii.gz,background,blur_world_stability,4,0.9980133658377184,0.5045606531055266,0.9584114451575904,0.9996777994884404,0.1010841862721591,case_patch_macro
existing_WP_imagined,MET_PA13.nii.gz,foreground,blur_world_stability,4,0.9168588376561203,0.13797095670301032,0.6814888436767094,0.9349060857803498,0.1338850772055182,case_patch_macro
existing_WP_imagined,MET_PA13.nii.gz,overall,blur_world_stability,4,0.9972146352132162,0.499999932976007,0.9663240768133927,0.9996682980956585,0.11994515460165034,case_patch_macro
existing_WP_imagined,MET_PA13.nii.gz,background,confidence_rank,4,0.9980133658377184,0.5055197652446258,0.9941197988326979,0.9999591182298577,0.10116103210604939,case_patch_macro
existing_WP_imagined,MET_PA13.nii.gz,foreground,confidence_rank,4,0.9168588376561203,0.09795008447075908,0.763640501052301,0.9522219558371838,0.2168111811930459,case_patch_macro
existing_WP_imagined,MET_PA13.nii.gz,overall,confidence_rank,4,0.9972146352132162,0.500000073017338,0.9921830846968702,0.9999467916124158,0.11818820361629723,case_patch_macro
existing_WP_imagined,MET_PA13.nii.gz,background,gamma_joint_product,4,0.9980133658377184,0.2726858461531648,0.9751130655545559,0.9999087882460129,0.09718869486981874,case_patch_macro
existing_WP_imagined,MET_PA13.nii.gz,foreground,gamma_joint_product,4,0.9168588376561203,0.06111452631809022,0.8655828287785087,0.9816425751532273,0.3304933266554122,case_patch_macro
existing_WP_imagined,MET_PA13.nii.gz,overall,gamma_joint_product,4,0.9972146352132162,0.269651421486982,0.9790928321488016,0.9998975986327899,0.11493862624229312,case_patch_macro
existing_WP_imagined,MET_PA13.nii.gz,background,gamma_world_stability,4,0.9980133658377184,0.5001209791463241,0.779258906040775,0.9990538942325184,0.09213258175338253,case_patch_macro
existing_WP_imagined,MET_PA13.nii.gz,foreground,gamma_world_stability,4,0.9168588376561203,0.4385784764184913,0.8513254543478208,0.9816689633274264,0.3969631764506552,case_patch_macro
existing_WP_imagined,MET_PA13.nii.gz,overall,gamma_world_stability,4,0.9972146352132162,0.49999993040997287,0.83556134428013,0.9990358167078018,0.126731852775953,case_patch_macro
existing_WP_imagined,MET_PA13.nii.gz,background,pairwise_joint_product,4,0.9980133658377184,0.28760862886390426,0.9902999116842054,0.9999510003957356,0.09915696453311458,case_patch_macro
existing_WP_imagined,MET_PA13.nii.gz,foreground,pairwise_joint_product,4,0.9168588376561203,0.044807373994458326,0.7327073621269048,0.945409713848758,0.18413216713138478,case_patch_macro
existing_WP_imagined,MET_PA13.nii.gz,overall,pairwise_joint_product,4,0.9972146352132162,0.28397084810616735,0.9890641615409956,0.9999368230847928,0.1160517308456782,case_patch_macro
existing_WP_imagined,MET_PA13.nii.gz,background,pairwise_world_stability,4,0.9980133658377184,0.5045893438720466,0.9617785516023987,0.9996990154568058,0.10144476844500151,case_patch_macro
existing_WP_imagined,MET_PA13.nii.gz,foreground,pairwise_world_stability,4,0.9168588376561203,0.13655865269571568,0.6824306889601207,0.9349668028607239,0.1346669643631087,case_patch_macro
existing_WP_imagined,MET_PA13.nii.gz,overall,pairwise_world_stability,4,0.9972146352132162,0.4999999348531956,0.9687200854332959,0.9996898848711466,0.12016239902247854,case_patch_macro
full_real,MET_PA13.nii.gz,background,blur_joint_product,4,0.9980133658377184,0.29081380778210897,0.9948013111674213,0.9999854364119081,0.10053615170348688,case_patch_macro
full_real,MET_PA13.nii.gz,foreground,blur_joint_product,4,0.9168588376561203,0.031453370372083664,0.7447438518280407,0.9493167591366278,0.19448072757509804,case_patch_macro
full_real,MET_PA13.nii.gz,overall,blur_joint_product,4,0.9972146352132162,0.28684821219916773,0.9923061228536635,0.9999709728113662,0.11735335731158757,case_patch_macro
full_real,MET_PA13.nii.gz,background,blur_world_stability,4,0.9980133658377184,0.505305772198663,0.9842997774368811,0.9998964358121136,0.09885238032311701,case_patch_macro
full_real,MET_PA13.nii.gz,foreground,blur_world_stability,4,0.9168588376561203,0.10837305468453386,0.6920151610302824,0.9412078187495068,0.14150916526126037,case_patch_macro
full_real,MET_PA13.nii.gz,overall,blur_world_stability,4,0.9972146352132162,0.4999999297960366,0.9836146020534762,0.9998796992214022,0.11579365512266547,case_patch_macro
full_real,MET_PA13.nii.gz,background,confidence_rank,4,0.9980133658377184,0.5055197652446258,0.9941197988326979,0.9999591182298577,0.10116103210604939,case_patch_macro
full_real,MET_PA13.nii.gz,foreground,confidence_rank,4,0.9168588376561203,0.09795008447075908,0.763640501052301,0.9522219558371838,0.2168111811930459,case_patch_macro
full_real,MET_PA13.nii.gz,overall,confidence_rank,4,0.9972146352132162,0.500000073017338,0.9921830846968702,0.9999467916124158,0.11818820361629723,case_patch_macro
full_real,MET_PA13.nii.gz,background,gamma_joint_product,4,0.9980133658377184,0.2914827134435672,0.9869193730270794,0.9999410976875072,0.09897932230383373,case_patch_macro
full_real,MET_PA13.nii.gz,foreground,gamma_joint_product,4,0.9168588376561203,0.07421110056952847,0.8089419136525536,0.9688808197473736,0.26721613012788864,case_patch_macro
full_real,MET_PA13.nii.gz,overall,gamma_joint_product,4,0.9972146352132162,0.28827948041186535,0.987292285565459,0.9999297295056864,0.11624449633367762,case_patch_macro
full_real,MET_PA13.nii.gz,background,gamma_world_stability,4,0.9980133658377184,0.5018146839439956,0.9322766871559098,0.99944794469686,0.09405789044446151,case_patch_macro
full_real,MET_PA13.nii.gz,foreground,gamma_world_stability,4,0.9168588376561203,0.3011047811351475,0.8124020481117142,0.9715537027538552,0.2805050242797594,case_patch_macro
full_real,MET_PA13.nii.gz,overall,gamma_world_stability,4,0.9972146352132162,0.4999999400942135,0.9488591937181371,0.9994586926272561,0.1143153483773685,case_patch_macro
full_real,MET_PA13.nii.gz,background,pairwise_joint_product,4,0.9980133658377184,0.29294071491982543,0.9954264404068572,0.9999870606485782,0.1001398944404081,case_patch_macro
full_real,MET_PA13.nii.gz,foreground,pairwise_joint_product,4,0.9168588376561203,0.029368854720804558,0.7499371019678348,0.9492138392618821,0.19999206554668011,case_patch_macro
full_real,MET_PA13.nii.gz,overall,pairwise_joint_product,4,0.9972146352132162,0.288881159540909,0.9928566496711388,0.9999729574787433,0.1169019562629442,case_patch_macro
full_real,MET_PA13.nii.gz,background,pairwise_world_stability,4,0.9980133658377184,0.5056560952840456,0.9908610467521014,0.9999540396652397,0.09942659561794233,case_patch_macro
full_real,MET_PA13.nii.gz,foreground,pairwise_world_stability,4,0.9168588376561203,0.08856341505299709,0.7113388661962636,0.9436443641363635,0.1618190789354923,case_patch_macro
full_real,MET_PA13.nii.gz,overall,pairwise_world_stability,4,0.9972146352132162,0.4999999403103933,0.9886294527066984,0.999937107125447,0.11613930275360225,case_patch_macro
real_A_state_oracle,MET_PA13.nii.gz,background,blur_joint_product,4,0.9980133658377184,0.28974268839796424,0.9903605025962275,0.9999623834929942,0.09713867559032245,case_patch_macro
real_A_state_oracle,MET_PA13.nii.gz,foreground,blur_joint_product,4,0.9168588376561203,0.04143749745488256,0.7526631452144006,0.954114782842398,0.20420254664634382,case_patch_macro
real_A_state_oracle,MET_PA13.nii.gz,overall,blur_joint_product,4,0.9972146352132162,0.28593925725567265,0.9891810306577821,0.999948149273417,0.1138138766827131,case_patch_macro
real_A_state_oracle,MET_PA13.nii.gz,background,blur_world_stability,4,0.9980133658377184,0.5048492412189122,0.9607747569921473,0.9997116790576581,0.09418045350434062,case_patch_macro
real_A_state_oracle,MET_PA13.nii.gz,foreground,blur_world_stability,4,0.9168588376561203,0.13945444813999106,0.7147797793124727,0.950996693081822,0.16832541588141126,case_patch_macro
real_A_state_oracle,MET_PA13.nii.gz,overall,blur_world_stability,4,0.9972146352132162,0.49999993968368617,0.9677833729237987,0.9997009185023725,0.11210978286885519,case_patch_macro
real_A_state_oracle,MET_PA13.nii.gz,background,confidence_rank,4,0.9980133658377184,0.5055197652446258,0.9941197988326979,0.9999591182298577,0.10116103210604939,case_patch_macro
real_A_state_oracle,MET_PA13.nii.gz,foreground,confidence_rank,4,0.9168588376561203,0.09795008447075908,0.763640501052301,0.9522219558371838,0.2168111811930459,case_patch_macro
real_A_state_oracle,MET_PA13.nii.gz,overall,confidence_rank,4,0.9972146352132162,0.500000073017338,0.9921830846968702,0.9999467916124158,0.11818820361629723,case_patch_macro
real_A_state_oracle,MET_PA13.nii.gz,background,gamma_joint_product,4,0.9980133658377184,0.28619156391510103,0.9856058012397341,0.9999366977198167,0.09876216031903913,case_patch_macro
real_A_state_oracle,MET_PA13.nii.gz,foreground,gamma_joint_product,4,0.9168588376561203,0.07338431550495607,0.8065633986823353,0.9692397355647396,0.26604509241083746,case_patch_macro
real_A_state_oracle,MET_PA13.nii.gz,overall,gamma_joint_product,4,0.9972146352132162,0.28309852731385926,0.9862735761021457,0.9999251232344251,0.11605648649965651,case_patch_macro
real_A_state_oracle,MET_PA13.nii.gz,background,gamma_world_stability,4,0.9980133658377184,0.501589706089484,0.9202428945222163,0.9994502470393952,0.09637248553575219,case_patch_macro
real_A_state_oracle,MET_PA13.nii.gz,foreground,gamma_world_stability,4,0.9168588376561203,0.31680371255155676,0.8016103545713135,0.970977143181306,0.2738811214190835,case_patch_macro
real_A_state_oracle,MET_PA13.nii.gz,overall,gamma_world_stability,4,0.9972146352132162,0.49999992179001795,0.9394381498146424,0.9994528803431927,0.1175254728824287,case_patch_macro
real_A_state_oracle,MET_PA13.nii.gz,background,pairwise_joint_product,4,0.9980133658377184,0.2919115690162303,0.9925765602538964,0.9999715396041307,0.09728443006099412,case_patch_macro
real_A_state_oracle,MET_PA13.nii.gz,foreground,pairwise_joint_product,4,0.9168588376561203,0.039614546825088255,0.7535084762302371,0.9525487618653816,0.20485528364040603,case_patch_macro
real_A_state_oracle,MET_PA13.nii.gz,overall,pairwise_joint_product,4,0.9972146352132162,0.28803072828507426,0.9907760430670999,0.9999574809651341,0.11386588546510941,case_patch_macro
real_A_state_oracle,MET_PA13.nii.gz,background,pairwise_world_stability,4,0.9980133658377184,0.5053256799773965,0.9768651317902597,0.9998159835437009,0.09619961851208914,case_patch_macro
real_A_state_oracle,MET_PA13.nii.gz,foreground,pairwise_world_stability,4,0.9168588376561203,0.11153415709708092,0.7258560251921201,0.9506938616780817,0.1786582060724019,case_patch_macro
real_A_state_oracle,MET_PA13.nii.gz,overall,pairwise_world_stability,4,0.9972146352132162,0.49999993002730514,0.9790738065612187,0.9998044830648156,0.11346246588561378,case_patch_macro
existing_WP_imagined,HCC_10074592_20130816.nii.gz,background,blur_joint_product,4,0.9966210867163661,0.29542121254893394,0.9072453959828933,0.9997342947529054,0.15953582455610438,case_patch_macro
existing_WP_imagined,HCC_10074592_20130816.nii.gz,foreground,blur_joint_product,4,0.9557473171288011,0.23830876914273488,0.9345640482122306,0.9962762495270172,0.308267862747067,case_patch_macro
existing_WP_imagined,HCC_10074592_20130816.nii.gz,overall,blur_joint_product,4,0.995998947708695,0.29454442230863415,0.9071241086374883,0.9997333159979795,0.1697461520674809,case_patch_macro
existing_WP_imagined,HCC_10074592_20130816.nii.gz,background,blur_world_stability,4,0.9966210867163661,0.5007082336281289,0.8814470641314519,0.9992203138898387,0.1488558242771521,case_patch_macro
existing_WP_imagined,HCC_10074592_20130816.nii.gz,foreground,blur_world_stability,4,0.9557473171288011,0.4423725522478237,0.9158791742021402,0.9952567030400008,0.31259315721172504,case_patch_macro
existing_WP_imagined,HCC_10074592_20130816.nii.gz,overall,blur_world_stability,4,0.995998947708695,0.499999933554155,0.8851296594279492,0.9992473604485147,0.160175122455113,case_patch_macro
existing_WP_imagined,HCC_10074592_20130816.nii.gz,background,confidence_rank,4,0.9966210867163661,0.5024328420271671,0.9059070489468657,0.9996563812247174,0.16786436378120498,case_patch_macro
existing_WP_imagined,HCC_10074592_20130816.nii.gz,foreground,confidence_rank,4,0.9557473171288011,0.34584780309831964,0.9367531744864562,0.9960625938042579,0.3143573514548971,case_patch_macro
existing_WP_imagined,HCC_10074592_20130816.nii.gz,overall,confidence_rank,4,0.995998947708695,0.5000000744511294,0.9058716784491778,0.9996650238677026,0.17815494947312574,case_patch_macro
existing_WP_imagined,HCC_10074592_20130816.nii.gz,background,gamma_joint_product,4,0.9966210867163661,0.27949443560472986,0.8886328754282815,0.9995510414796069,0.16423887306732476,case_patch_macro
existing_WP_imagined,HCC_10074592_20130816.nii.gz,foreground,gamma_joint_product,4,0.9557473171288011,0.24336798170554616,0.955529736458259,0.9977756273965707,0.33029748969179235,case_patch_macro
existing_WP_imagined,HCC_10074592_20130816.nii.gz,overall,gamma_joint_product,4,0.995998947708695,0.2790602697430083,0.8924323343653142,0.9995642075137202,0.17507839954123516,case_patch_macro
existing_WP_imagined,HCC_10074592_20130816.nii.gz,background,gamma_world_stability,4,0.9966210867163661,0.49780886499279564,0.7245342373507127,0.9979444879266295,0.11023218213906119,case_patch_macro
existing_WP_imagined,HCC_10074592_20130816.nii.gz,foreground,gamma_world_stability,4,0.9557473171288011,0.5860246672564612,0.9359478670582964,0.9962602385455206,0.4834909651600056,case_patch_macro
existing_WP_imagined,HCC_10074592_20130816.nii.gz,overall,gamma_world_stability,4,0.995998947708695,0.4999999223402811,0.7677142045730816,0.9979951761832929,0.13089562781868355,case_patch_macro
existing_WP_imagined,HCC_10074592_20130816.nii.gz,background,pairwise_joint_product,4,0.9966210867163661,0.29634760578579306,0.9079518563662214,0.9997366125959856,0.16041524900877496,case_patch_macro
existing_WP_imagined,HCC_10074592_20130816.nii.gz,foreground,pairwise_joint_product,4,0.9557473171288011,0.23900065731760778,0.9350716638570112,0.9963082575130836,0.308610134011646,case_patch_macro
existing_WP_imagined,HCC_10074592_20130816.nii.gz,overall,pairwise_joint_product,4,0.995998947708695,0.295461202880492,0.907829295437951,0.9997357043395633,0.17062658993599739,case_patch_macro
existing_WP_imagined,HCC_10074592_20130816.nii.gz,background,pairwise_world_stability,4,0.9966210867163661,0.5007174872014474,0.884324612929779,0.9992511434403333,0.15069210768571004,case_patch_macro
existing_WP_imagined,HCC_10074592_20130816.nii.gz,foreground,pairwise_world_stability,4,0.9557473171288011,0.44207998290894074,0.9177454331435113,0.9953944605174695,0.3136479190086072,case_patch_macro
existing_WP_imagined,HCC_10074592_20130816.nii.gz,overall,pairwise_world_stability,4,0.995998947708695,0.4999999218345768,0.887814408824126,0.9992798935912892,0.16195814682237958,case_patch_macro
full_real,HCC_10074592_20130816.nii.gz,background,blur_joint_product,4,0.9966210867163661,0.29962328124789256,0.9495836092013304,0.9998079971601086,0.08775980533925862,case_patch_macro
full_real,HCC_10074592_20130816.nii.gz,foreground,blur_joint_product,4,0.9557473171288011,0.1316718899407344,0.907901545988311,0.9945154498351854,0.2841389449812481,case_patch_macro
full_real,HCC_10074592_20130816.nii.gz,overall,blur_joint_product,4,0.995998947708695,0.29664402430888687,0.9484833576435089,0.9998007990294927,0.09771534974078044,case_patch_macro
full_real,HCC_10074592_20130816.nii.gz,background,blur_world_stability,4,0.9966210867163661,0.5049820745454274,0.9397021650823373,0.9996175529700595,0.08538417898964391,case_patch_macro
full_real,HCC_10074592_20130816.nii.gz,foreground,blur_world_stability,4,0.9557473171288011,0.21580265636112908,0.8263664956111744,0.9895211843725087,0.2271976722220319,case_patch_macro
full_real,HCC_10074592_20130816.nii.gz,overall,blur_world_stability,4,0.995998947708695,0.4999999206528401,0.9383042260327816,0.999609942369841,0.0951920498011652,case_patch_macro
full_real,HCC_10074592_20130816.nii.gz,background,confidence_rank,4,0.9966210867163661,0.5024328420271671,0.9059070489468657,0.9996563812247174,0.16786436378120498,case_patch_macro
full_real,HCC_10074592_20130816.nii.gz,foreground,confidence_rank,4,0.9557473171288011,0.34584780309831964,0.9367531744864562,0.9960625938042579,0.3143573514548971,case_patch_macro
full_real,HCC_10074592_20130816.nii.gz,overall,confidence_rank,4,0.995998947708695,0.5000000744511294,0.9058716784491778,0.9996650238677026,0.17815494947312574,case_patch_macro
full_real,HCC_10074592_20130816.nii.gz,background,gamma_joint_product,4,0.9966210867163661,0.2990383420278928,0.9106637096511427,0.9997538742489342,0.16359824979103949,case_patch_macro
full_real,HCC_10074592_20130816.nii.gz,foreground,gamma_joint_product,4,0.9557473171288011,0.27635934000257006,0.9407917169892085,0.996596729574417,0.31440398111734025,case_patch_macro
full_real,HCC_10074592_20130816.nii.gz,overall,gamma_joint_product,4,0.995998947708695,0.2987815558816695,0.9108299854173939,0.9997563956681417,0.17391025561142343,case_patch_macro
full_real,HCC_10074592_20130816.nii.gz,background,gamma_world_stability,4,0.9966210867163661,0.4993790846633456,0.8881362876500751,0.9992614249516389,0.15531697399336572,case_patch_macro
full_real,HCC_10074592_20130816.nii.gz,foreground,gamma_world_stability,4,0.9557473171288011,0.5023724170922272,0.932054292262514,0.9961815335922607,0.3343188195940445,case_patch_macro
full_real,HCC_10074592_20130816.nii.gz,overall,gamma_world_stability,4,0.995998947708695,0.4999999214528817,0.8926616282740769,0.9993068827663505,0.1668899634344822,case_patch_macro
full_real,HCC_10074592_20130816.nii.gz,background,pairwise_joint_product,4,0.9966210867163661,0.30417186096364873,0.9537054512273688,0.9998680737622894,0.08866216893781395,case_patch_macro
full_real,HCC_10074592_20130816.nii.gz,foreground,pairwise_joint_product,4,0.9557473171288011,0.12248696193994986,0.9121795635409443,0.9947778311530948,0.2872305231151572,case_patch_macro
full_real,HCC_10074592_20130816.nii.gz,overall,pairwise_joint_product,4,0.995998947708695,0.3008669404914378,0.9524684795285795,0.9998582624262774,0.09861088947499816,case_patch_macro
full_real,HCC_10074592_20130816.nii.gz,background,pairwise_world_stability,4,0.9966210867163661,0.5055999665331268,0.9516071530795924,0.9998107322825877,0.08818901347402437,case_patch_macro
full_real,HCC_10074592_20130816.nii.gz,foreground,pairwise_world_stability,4,0.9557473171288011,0.18327074772134608,0.845435080521184,0.9909488170297075,0.24077360751359292,case_patch_macro
full_real,HCC_10074592_20130816.nii.gz,overall,pairwise_world_stability,4,0.995998947708695,0.49999993333451626,0.9495990395429158,0.9997980046330017,0.09793652450418361,case_patch_macro
real_A_state_oracle,HCC_10074592_20130816.nii.gz,background,blur_joint_product,4,0.9966210867163661,0.29703625140437656,0.9053275422600882,0.9997109459566397,0.12254195600793716,case_patch_macro
real_A_state_oracle,HCC_10074592_20130816.nii.gz,foreground,blur_joint_product,4,0.9557473171288011,0.21656866689631196,0.9286019724768665,0.9957842730025588,0.30183142675580815,case_patch_macro
real_A_state_oracle,HCC_10074592_20130816.nii.gz,overall,blur_joint_product,4,0.995998947708695,0.29583380706058593,0.9052415057114072,0.9997112425836991,0.1327252167104156,case_patch_macro
real_A_state_oracle,HCC_10074592_20130816.nii.gz,background,blur_world_stability,4,0.9966210867163661,0.5017968856164637,0.8803813112110294,0.9991674880752599,0.11672432125386853,case_patch_macro
real_A_state_oracle,HCC_10074592_20130816.nii.gz,foreground,blur_world_stability,4,0.9557473171288011,0.3747663417418822,0.9012106363247091,0.9941263030908537,0.29074452980749255,case_patch_macro
real_A_state_oracle,HCC_10074592_20130816.nii.gz,overall,blur_world_stability,4,0.995998947708695,0.49999992475055366,0.885530952937271,0.9991989952336948,0.1277900991339564,case_patch_macro
real_A_state_oracle,HCC_10074592_20130816.nii.gz,background,confidence_rank,4,0.9966210867163661,0.5024328420271671,0.9059070489468657,0.9996563812247174,0.16786436378120498,case_patch_macro
real_A_state_oracle,HCC_10074592_20130816.nii.gz,foreground,confidence_rank,4,0.9557473171288011,0.34584780309831964,0.9367531744864562,0.9960625938042579,0.3143573514548971,case_patch_macro
real_A_state_oracle,HCC_10074592_20130816.nii.gz,overall,confidence_rank,4,0.995998947708695,0.5000000744511294,0.9058716784491778,0.9996650238677026,0.17815494947312574,case_patch_macro
real_A_state_oracle,HCC_10074592_20130816.nii.gz,background,gamma_joint_product,4,0.9966210867163661,0.29389861975880466,0.9019617156042001,0.9996631225130623,0.15891908311867264,case_patch_macro
real_A_state_oracle,HCC_10074592_20130816.nii.gz,foreground,gamma_joint_product,4,0.9557473171288011,0.287156372936911,0.9423745295158069,0.9967416328483195,0.3173734777580733,case_patch_macro
real_A_state_oracle,HCC_10074592_20130816.nii.gz,overall,gamma_joint_product,4,0.995998947708695,0.2940499011022794,0.9029778863297883,0.9996712517674484,0.16935438104732445,case_patch_macro
real_A_state_oracle,HCC_10074592_20130816.nii.gz,background,gamma_world_stability,4,0.9966210867163661,0.49805513411916535,0.8557307509502655,0.9988961558797527,0.14196170206728748,case_patch_macro
real_A_state_oracle,HCC_10074592_20130816.nii.gz,foreground,gamma_world_stability,4,0.9557473171288011,0.5689018303266674,0.9305722114300027,0.9960519200563182,0.356532789514054,case_patch_macro
real_A_state_oracle,HCC_10074592_20130816.nii.gz,overall,gamma_world_stability,4,0.995998947708695,0.4999999292112905,0.8664360133164823,0.9989533040910326,0.15451270584296617,case_patch_macro
real_A_state_oracle,HCC_10074592_20130816.nii.gz,background,pairwise_joint_product,4,0.9966210867163661,0.3007483609030641,0.9077438131804867,0.9997364717271788,0.1233272697071236,case_patch_macro
real_A_state_oracle,HCC_10074592_20130816.nii.gz,foreground,pairwise_joint_product,4,0.9557473171288011,0.2139844759846623,0.9306762508022274,0.9958610301516635,0.3029759396735851,case_patch_macro
real_A_state_oracle,HCC_10074592_20130816.nii.gz,overall,pairwise_joint_product,4,0.995998947708695,0.29938742471960783,0.9073973996964324,0.9997364959353154,0.13348776108732713,case_patch_macro
real_A_state_oracle,HCC_10074592_20130816.nii.gz,background,pairwise_world_stability,4,0.9966210867163661,0.5024052195975162,0.8977317952849804,0.9994844230978912,0.12096163301048972,case_patch_macro
real_A_state_oracle,HCC_10074592_20130816.nii.gz,foreground,pairwise_world_stability,4,0.9557473171288011,0.3451870770350119,0.9108045534816956,0.9946837637008797,0.2953149211665847,case_patch_macro
real_A_state_oracle,HCC_10074592_20130816.nii.gz,overall,pairwise_world_stability,4,0.995998947708695,0.4999999314538602,0.8991922626911739,0.9995019620542429,0.13155062123014444,case_patch_macro
existing_WP_imagined,CYST_PA19.nii.gz,background,blur_joint_product,4,0.9984566078959449,0.2867537439353602,0.9801745920111794,0.9998465707915496,0.07706499069299223,case_patch_macro
existing_WP_imagined,CYST_PA19.nii.gz,foreground,blur_joint_product,4,0.573670441416372,0.1607750219064748,0.6736910793301002,0.7905473443853736,0.06602695081012953,case_patch_macro
existing_WP_imagined,CYST_PA19.nii.gz,overall,blur_joint_product,4,0.996964525293421,0.2848142711795329,0.8613315163564499,0.999813469926989,0.12350456603516512,case_patch_macro
existing_WP_imagined,CYST_PA19.nii.gz,background,blur_world_stability,4,0.9984566078959449,0.5027886774198014,0.9425123150583966,0.9996288039216753,0.07569711436790673,case_patch_macro
existing_WP_imagined,CYST_PA19.nii.gz,foreground,blur_world_stability,4,0.573670441416372,0.3030915175237791,0.6351789269160655,0.7735948357214225,0.02051128402650197,case_patch_macro
existing_WP_imagined,CYST_PA19.nii.gz,overall,blur_world_stability,4,0.996964525293421,0.4999999250940016,0.8419702637342481,0.9995813715057025,0.13011995507539664,case_patch_macro
existing_WP_imagined,CYST_PA19.nii.gz,background,confidence_rank,4,0.9984566078959449,0.5032577751301885,0.9796308039334232,0.9998550177325759,0.07796704136097814,case_patch_macro
existing_WP_imagined,CYST_PA19.nii.gz,foreground,confidence_rank,4,0.573670441416372,0.2866042113432931,0.6766829331799901,0.7952070712547258,0.07462364373582613,case_patch_macro
existing_WP_imagined,CYST_PA19.nii.gz,overall,confidence_rank,4,0.996964525293421,0.5000000717491122,0.8630745966084553,0.9998227730808855,0.12581241378827415,case_patch_macro
existing_WP_imagined,CYST_PA19.nii.gz,background,gamma_joint_product,4,0.9984566078959449,0.2701983602168647,0.9599223238135134,0.9998139888878971,0.07441741263700224,case_patch_macro
existing_WP_imagined,CYST_PA19.nii.gz,foreground,gamma_joint_product,4,0.573670441416372,0.16335113227620035,0.8364270029604063,0.872106295436286,0.32010863743748746,case_patch_macro
existing_WP_imagined,CYST_PA19.nii.gz,overall,gamma_joint_product,4,0.996964525293421,0.2686557832958102,0.8541482797989508,0.9997816125403972,0.12297389346970013,case_patch_macro
existing_WP_imagined,CYST_PA19.nii.gz,background,gamma_world_stability,4,0.9984566078959449,0.49999380806094734,0.7445878307566139,0.9991336548108406,0.06410656530420956,case_patch_macro
existing_WP_imagined,CYST_PA19.nii.gz,foreground,gamma_world_stability,4,0.573670441416372,0.43985668852876775,0.8375172279331876,0.881681763073801,0.4372088326913292,case_patch_macro
existing_WP_imagined,CYST_PA19.nii.gz,overall,gamma_world_stability,4,0.996964525293421,0.4999999339610592,0.756019108210695,0.9989488647807039,0.16336742993550743,case_patch_macro
existing_WP_imagined,CYST_PA19.nii.gz,background,pairwise_joint_product,4,0.9984566078959449,0.28732746915388696,0.9804969182800112,0.9998482715848805,0.07711305027672839,case_patch_macro
existing_WP_imagined,CYST_PA19.nii.gz,foreground,pairwise_joint_product,4,0.573670441416372,0.16108377469994334,0.6738224014515105,0.7913959736913262,0.06610320983368119,case_patch_macro
existing_WP_imagined,CYST_PA19.nii.gz,overall,pairwise_joint_product,4,0.996964525293421,0.2853827505834947,0.8615594565801555,0.9998154138431785,0.12355988121796506,case_patch_macro
existing_WP_imagined,CYST_PA19.nii.gz,background,pairwise_world_stability,4,0.9984566078959449,0.5028022170150247,0.9451339972592755,0.9996396919649722,0.07596317346156366,case_patch_macro
existing_WP_imagined,CYST_PA19.nii.gz,foreground,pairwise_world_stability,4,0.573670441416372,0.3020927114575433,0.6360630385115978,0.775513364642381,0.021087901970988237,case_patch_macro
existing_WP_imagined,CYST_PA19.nii.gz,overall,pairwise_world_stability,4,0.996964525293421,0.4999999293862629,0.844032086824399,0.9995991003935363,0.13043570146244082,case_patch_macro
full_real,CYST_PA19.nii.gz,background,blur_joint_product,4,0.9984566078959449,0.2914122267389021,0.9881353018418472,0.999941810659595,0.07842517931898509,case_patch_macro
full_real,CYST_PA19.nii.gz,foreground,blur_joint_product,4,0.573670441416372,0.16031144515278475,0.700044003382068,0.7961068348451307,0.10138741548314782,case_patch_macro
full_real,CYST_PA19.nii.gz,overall,blur_joint_product,4,0.996964525293421,0.2894133365286087,0.8657063657406833,0.9999040209871445,0.12445484600853833,case_patch_macro
full_real,CYST_PA19.nii.gz,background,blur_world_stability,4,0.9984566078959449,0.5032671164902727,0.9628558765278507,0.99976088444441,0.07532023364271843,case_patch_macro
full_real,CYST_PA19.nii.gz,foreground,blur_world_stability,4,0.573670441416372,0.2842372945456848,0.662855649905254,0.775593968937694,0.047059560532504464,case_patch_macro
full_real,CYST_PA19.nii.gz,overall,blur_world_stability,4,0.996964525293421,0.4999999415948924,0.8544115409462324,0.9997254068963184,0.12385203337021954,case_patch_macro
full_real,CYST_PA19.nii.gz,background,confidence_rank,4,0.9984566078959449,0.5032577751301885,0.9796308039334232,0.9998550177325759,0.07796704136097814,case_patch_macro
full_real,CYST_PA19.nii.gz,foreground,confidence_rank,4,0.573670441416372,0.2866042113432931,0.6766829331799901,0.7952070712547258,0.07462364373582613,case_patch_macro
full_real,CYST_PA19.nii.gz,overall,confidence_rank,4,0.996964525293421,0.5000000717491122,0.8630745966084553,0.9998227730808855,0.12581241378827415,case_patch_macro
full_real,CYST_PA19.nii.gz,background,gamma_joint_product,4,0.9984566078959449,0.28679901580679534,0.9725177358086755,0.9998381930847148,0.07604495736713114,case_patch_macro
full_real,CYST_PA19.nii.gz,foreground,gamma_joint_product,4,0.573670441416372,0.19655529677973033,0.750182085808263,0.8449651707435212,0.18333952739334147,case_patch_macro
full_real,CYST_PA19.nii.gz,overall,gamma_joint_product,4,0.996964525293421,0.2857819956114263,0.8601991726047162,0.9998090189770883,0.12319201489870846,case_patch_macro
full_real,CYST_PA19.nii.gz,background,gamma_world_stability,4,0.9984566078959449,0.5003554974163037,0.9120565639402174,0.9995680585893923,0.07063859461305967,case_patch_macro
full_real,CYST_PA19.nii.gz,foreground,gamma_world_stability,4,0.573670441416372,0.4024662276320563,0.7505096099556529,0.8507191428619216,0.205053690099531,case_patch_macro
full_real,CYST_PA19.nii.gz,overall,gamma_world_stability,4,0.996964525293421,0.499999934730597,0.8357873479753162,0.9995319346758745,0.1277631759525887,case_patch_macro
full_real,CYST_PA19.nii.gz,background,pairwise_joint_product,4,0.9984566078959449,0.2934340320319425,0.9895889336656086,0.9999438427584709,0.07816376413011877,case_patch_macro
full_real,CYST_PA19.nii.gz,foreground,pairwise_joint_product,4,0.573670441416372,0.15962948190389664,0.695432821416857,0.7913454782056464,0.0934575394607872,case_patch_macro
full_real,CYST_PA19.nii.gz,overall,pairwise_joint_product,4,0.996964525293421,0.2913686831283659,0.8664108852548563,0.9999066883503634,0.12339793849557196,case_patch_macro
full_real,CYST_PA19.nii.gz,background,pairwise_world_stability,4,0.9984566078959449,0.5036144045162921,0.9774180379706964,0.999844477247358,0.07677464207771197,case_patch_macro
full_real,CYST_PA19.nii.gz,foreground,pairwise_world_stability,4,0.573670441416372,0.2702007871963124,0.6640596169052153,0.7691049704778375,0.045758324700050146,case_patch_macro
full_real,CYST_PA19.nii.gz,overall,pairwise_world_stability,4,0.996964525293421,0.49999993763322403,0.8607057717932765,0.9998092923180443,0.12332532137147484,case_patch_macro
real_A_state_oracle,CYST_PA19.nii.gz,background,blur_joint_product,4,0.9984566078959449,0.2890677320212485,0.9772932519139622,0.999842238686884,0.07608333549620167,case_patch_macro
real_A_state_oracle,CYST_PA19.nii.gz,foreground,blur_joint_product,4,0.573670441416372,0.17032094572241752,0.7246097396752003,0.8252100202649846,0.14451834968473498,case_patch_macro
real_A_state_oracle,CYST_PA19.nii.gz,overall,blur_joint_product,4,0.996964525293421,0.2873114207582121,0.8616007880980138,0.9998115711955881,0.12184898854845673,case_patch_macro
real_A_state_oracle,CYST_PA19.nii.gz,background,blur_world_stability,4,0.9984566078959449,0.5023859011191356,0.9400193281884199,0.9996624477350297,0.07206840130250901,case_patch_macro
real_A_state_oracle,CYST_PA19.nii.gz,foreground,blur_world_stability,4,0.573670441416372,0.3243631753038288,0.7116067444712543,0.8246239336345978,0.13698008067181386,case_patch_macro
real_A_state_oracle,CYST_PA19.nii.gz,overall,blur_world_stability,4,0.996964525293421,0.49999992293733286,0.8468647049580061,0.9996263059688617,0.12261668476398889,case_patch_macro
real_A_state_oracle,CYST_PA19.nii.gz,background,confidence_rank,4,0.9984566078959449,0.5032577751301885,0.9796308039334232,0.9998550177325759,0.07796704136097814,case_patch_macro
real_A_state_oracle,CYST_PA19.nii.gz,foreground,confidence_rank,4,0.573670441416372,0.2866042113432931,0.6766829331799901,0.7952070712547258,0.07462364373582613,case_patch_macro
real_A_state_oracle,CYST_PA19.nii.gz,overall,confidence_rank,4,0.996964525293421,0.5000000717491122,0.8630745966084553,0.9998227730808855,0.12581241378827415,case_patch_macro
real_A_state_oracle,CYST_PA19.nii.gz,background,gamma_joint_product,4,0.9984566078959449,0.28575566480537684,0.9704946537576551,0.9998443698452688,0.07603692840817429,case_patch_macro
real_A_state_oracle,CYST_PA19.nii.gz,foreground,gamma_joint_product,4,0.573670441416372,0.19376349402419013,0.7606081345231189,0.8493454359330009,0.19757533613409173,case_patch_macro
real_A_state_oracle,CYST_PA19.nii.gz,overall,gamma_joint_product,4,0.996964525293421,0.28467064291790256,0.859554349807093,0.9998132684489593,0.12379800051283658,case_patch_macro
real_A_state_oracle,CYST_PA19.nii.gz,background,gamma_world_stability,4,0.9984566078959449,0.4999103565325555,0.8881746469902919,0.9994970137838608,0.06997661599508521,case_patch_macro
real_A_state_oracle,CYST_PA19.nii.gz,foreground,gamma_world_stability,4,0.573670441416372,0.42074737654422145,0.7598696153155537,0.8528308823011854,0.22688119932447134,case_patch_macro
real_A_state_oracle,CYST_PA19.nii.gz,overall,gamma_world_stability,4,0.996964525293421,0.4999999321912877,0.8262389836382794,0.9994524824773824,0.1333750433174491,case_patch_macro
real_A_state_oracle,CYST_PA19.nii.gz,background,pairwise_joint_product,4,0.9984566078959449,0.2915461165977744,0.9798043060737157,0.9998572095290739,0.07633014674826988,case_patch_macro
real_A_state_oracle,CYST_PA19.nii.gz,foreground,pairwise_joint_product,4,0.573670441416372,0.17065673906005613,0.7146429825657309,0.8157567465167209,0.12799459907733446,case_patch_macro
real_A_state_oracle,CYST_PA19.nii.gz,overall,pairwise_joint_product,4,0.996964525293421,0.28974094695000346,0.8627963606102574,0.9998259846461579,0.12170809005516552,case_patch_macro
real_A_state_oracle,CYST_PA19.nii.gz,background,pairwise_world_stability,4,0.9984566078959449,0.5026979685677773,0.9588187277275049,0.9997369341248893,0.07434702971113373,case_patch_macro
real_A_state_oracle,CYST_PA19.nii.gz,foreground,pairwise_world_stability,4,0.573670441416372,0.3106914089329383,0.7061643505587888,0.8146699882669308,0.12449239213856889,case_patch_macro
real_A_state_oracle,CYST_PA19.nii.gz,overall,pairwise_world_stability,4,0.996964525293421,0.4999999343667169,0.854226035620538,0.9997046907693066,0.1228954756301966,case_patch_macro
existing_WP_imagined,HEM_PA13.nii.gz,background,blur_joint_product,4,0.9980357462931498,0.29259378358429566,0.9711164347672154,0.9997732926645211,0.09166112725456672,case_patch_macro
existing_WP_imagined,HEM_PA13.nii.gz,foreground,blur_joint_product,4,0.8807971810420042,0.03431953784049568,0.7708353388327979,0.9580729831229985,0.2892946135683386,case_patch_macro
existing_WP_imagined,HEM_PA13.nii.gz,overall,blur_joint_product,4,0.995963697080259,0.28569442014556784,0.9798393361707025,0.9997394864038366,0.12898321412510297,case_patch_macro
existing_WP_imagined,HEM_PA13.nii.gz,background,blur_world_stability,4,0.9980357462931498,0.5088380594752556,0.9302838975913105,0.9994837745766665,0.09132635063847372,case_patch_macro
existing_WP_imagined,HEM_PA13.nii.gz,foreground,blur_world_stability,4,0.8807971810420042,0.13894052813053168,0.7068906973870696,0.9444645074049037,0.21432592284695104,case_patch_macro
existing_WP_imagined,HEM_PA13.nii.gz,overall,blur_world_stability,4,0.995963697080259,0.4999999286963627,0.9605866433432976,0.999451849975879,0.13213520501634593,case_patch_macro
existing_WP_imagined,HEM_PA13.nii.gz,background,confidence_rank,4,0.9980357462931498,0.5104273814569849,0.9736938826512481,0.9997577462810135,0.09338383294717419,case_patch_macro
existing_WP_imagined,HEM_PA13.nii.gz,foreground,confidence_rank,4,0.8807971810420042,0.10566489766532966,0.7762657466539773,0.9572313972646759,0.29263991769947556,case_patch_macro
existing_WP_imagined,HEM_PA13.nii.gz,overall,confidence_rank,4,0.995963697080259,0.5000000741739905,0.9815664124032208,0.9997303021013544,0.13099915943505072,case_patch_macro
existing_WP_imagined,HEM_PA13.nii.gz,background,gamma_joint_product,4,0.9980357462931498,0.27720158158761665,0.9493862118168491,0.9996998679544424,0.08857737687245947,case_patch_macro
existing_WP_imagined,HEM_PA13.nii.gz,foreground,gamma_joint_product,4,0.8807971810420042,0.05941623898006692,0.874618194170773,0.9816460740722351,0.4168642039998682,case_patch_macro
existing_WP_imagined,HEM_PA13.nii.gz,overall,gamma_joint_product,4,0.995963697080259,0.27126547747082463,0.9706492470886964,0.9996733018803503,0.12780519532154633,case_patch_macro
existing_WP_imagined,HEM_PA13.nii.gz,background,gamma_world_stability,4,0.9980357462931498,0.5010974224119134,0.7714966585102596,0.9990237609024762,0.08631110060880111,case_patch_macro
existing_WP_imagined,HEM_PA13.nii.gz,foreground,gamma_world_stability,4,0.8807971810420042,0.43230296533953694,0.857173186723014,0.9773992452721986,0.48469307674339146,case_patch_macro
existing_WP_imagined,HEM_PA13.nii.gz,overall,gamma_world_stability,4,0.995963697080259,0.49999993215589533,0.8713166870150714,0.9989449575569711,0.14755814940704282,case_patch_macro
existing_WP_imagined,HEM_PA13.nii.gz,background,pairwise_joint_product,4,0.9980357462931498,0.293304435030783,0.971503322494033,0.9997758965330208,0.0917071504816096,case_patch_macro
existing_WP_imagined,HEM_PA13.nii.gz,foreground,pairwise_joint_product,4,0.8807971810420042,0.034234278877300454,0.7707415879495052,0.9579970098681034,0.2891005204722961,case_patch_macro
existing_WP_imagined,HEM_PA13.nii.gz,overall,pairwise_joint_product,4,0.995963697080259,0.28637300788711967,0.9800482423878307,0.9997422430386419,0.12901026789762624,case_patch_macro
existing_WP_imagined,HEM_PA13.nii.gz,background,pairwise_world_stability,4,0.9980357462931498,0.508925882277871,0.9333193232492011,0.9994975128065063,0.09161588058562421,case_patch_macro
existing_WP_imagined,HEM_PA13.nii.gz,foreground,pairwise_world_stability,4,0.8807971810420042,0.13623765940229643,0.708032378121937,0.9446571698033336,0.215369914121885,case_patch_macro
existing_WP_imagined,HEM_PA13.nii.gz,overall,pairwise_world_stability,4,0.995963697080259,0.4999999277189212,0.9622704475945403,0.9994697436220819,0.13225477849165332,case_patch_macro
full_real,HEM_PA13.nii.gz,background,blur_joint_product,4,0.9980357462931498,0.2964031688240351,0.9844475769414495,0.9998868596219885,0.09309740580896797,case_patch_macro
full_real,HEM_PA13.nii.gz,foreground,blur_joint_product,4,0.8807971810420042,0.020598770154643665,0.7961835830310738,0.9606263677794938,0.3118093829237767,case_patch_macro
full_real,HEM_PA13.nii.gz,overall,blur_joint_product,4,0.995963697080259,0.28918712730925156,0.9857180489864478,0.999852126731362,0.129587472806322,case_patch_macro
full_real,HEM_PA13.nii.gz,background,blur_world_stability,4,0.9980357462931498,0.5094230579824129,0.9695957919788905,0.9997150996416815,0.0921606077385733,case_patch_macro
full_real,HEM_PA13.nii.gz,foreground,blur_world_stability,4,0.8807971810420042,0.1094100959107523,0.7351890953651433,0.9411139712387843,0.23387638859787396,case_patch_macro
full_real,HEM_PA13.nii.gz,overall,blur_world_stability,4,0.995963697080259,0.49999993063551706,0.9766173175282891,0.9996777223335104,0.1293460684341307,case_patch_macro
full_real,HEM_PA13.nii.gz,background,confidence_rank,4,0.9980357462931498,0.5104273814569849,0.9736938826512481,0.9997577462810135,0.09338383294717419,case_patch_macro
full_real,HEM_PA13.nii.gz,foreground,confidence_rank,4,0.8807971810420042,0.10566489766532966,0.7762657466539773,0.9572313972646759,0.29263991769947556,case_patch_macro
full_real,HEM_PA13.nii.gz,overall,confidence_rank,4,0.995963697080259,0.5000000741739905,0.9815664124032208,0.9997303021013544,0.13099915943505072,case_patch_macro
full_real,HEM_PA13.nii.gz,background,gamma_joint_product,4,0.9980357462931498,0.29728870130486285,0.9675104996522611,0.9997420927098306,0.08871352835783863,case_patch_macro
full_real,HEM_PA13.nii.gz,foreground,gamma_joint_product,4,0.8807971810420042,0.06191683061010452,0.8269055646777218,0.9703790903449256,0.35712839322075157,case_patch_macro
full_real,HEM_PA13.nii.gz,overall,gamma_joint_product,4,0.995963697080259,0.2906109048433394,0.9786976486258859,0.999717781801747,0.1262390955294043,case_patch_macro
full_real,HEM_PA13.nii.gz,background,gamma_world_stability,4,0.9980357462931498,0.5078108131328937,0.9144145202795021,0.9993140715301878,0.081538956686683,case_patch_macro
full_real,HEM_PA13.nii.gz,foreground,gamma_world_stability,4,0.8807971810420042,0.21283022450356168,0.8269798585961438,0.9713073964534815,0.3667127396177779,case_patch_macro
full_real,HEM_PA13.nii.gz,overall,gamma_world_stability,4,0.995963697080259,0.49999992542848937,0.9529433837600232,0.999308991618933,0.12284396436706518,case_patch_macro
full_real,HEM_PA13.nii.gz,background,pairwise_joint_product,4,0.9980357462931498,0.29949615458290874,0.9855422128346617,0.9998885476053248,0.0910917486951734,case_patch_macro
full_real,HEM_PA13.nii.gz,foreground,pairwise_joint_product,4,0.8807971810420042,0.019813980413617736,0.799054927753954,0.9601586159859551,0.31478637271630916,case_patch_macro
full_real,HEM_PA13.nii.gz,overall,pairwise_joint_product,4,0.995963697080259,0.2921285924417965,0.9864177732403142,0.9998548566786455,0.12721045038722656,case_patch_macro
full_real,HEM_PA13.nii.gz,background,pairwise_world_stability,4,0.9980357462931498,0.5102683033309723,0.9788432409633906,0.9997985963411069,0.0904941570392274,case_patch_macro
full_real,HEM_PA13.nii.gz,foreground,pairwise_world_stability,4,0.8807971810420042,0.07919480657460339,0.7627219065214454,0.9457209135663255,0.2667107144004233,case_patch_macro
full_real,HEM_PA13.nii.gz,overall,pairwise_world_stability,4,0.995963697080259,0.49999993639025003,0.9820631762981896,0.9997630846400873,0.12679759738393387,case_patch_macro
real_A_state_oracle,HEM_PA13.nii.gz,background,blur_joint_product,4,0.9980357462931498,0.2958059206165205,0.9828843218019934,0.9998685700035954,0.09269513502477722,case_patch_macro
real_A_state_oracle,HEM_PA13.nii.gz,foreground,blur_joint_product,4,0.8807971810420042,0.034924248886412386,0.7903890285151154,0.9627612699208977,0.31300631127354395,case_patch_macro
real_A_state_oracle,HEM_PA13.nii.gz,overall,blur_joint_product,4,0.995963697080259,0.2887631903690062,0.9841358838694324,0.9998311936949545,0.12911849642884973,case_patch_macro
real_A_state_oracle,HEM_PA13.nii.gz,background,blur_world_stability,4,0.9980357462931498,0.5090450412881873,0.9613759901685285,0.9996381032496988,0.09130383447487184,case_patch_macro
real_A_state_oracle,HEM_PA13.nii.gz,foreground,blur_world_stability,4,0.8807971810420042,0.14646041998139922,0.7328155434901683,0.9510032531819254,0.24806624604566818,case_patch_macro
real_A_state_oracle,HEM_PA13.nii.gz,overall,blur_world_stability,4,0.995963697080259,0.49999993199005366,0.9705780508558424,0.9995965814006519,0.1290684916991791,case_patch_macro
real_A_state_oracle,HEM_PA13.nii.gz,background,confidence_rank,4,0.9980357462931498,0.5104273814569849,0.9736938826512481,0.9997577462810135,0.09338383294717419,case_patch_macro
real_A_state_oracle,HEM_PA13.nii.gz,foreground,confidence_rank,4,0.8807971810420042,0.10566489766532966,0.7762657466539773,0.9572313972646759,0.29263991769947556,case_patch_macro
real_A_state_oracle,HEM_PA13.nii.gz,overall,confidence_rank,4,0.995963697080259,0.5000000741739905,0.9815664124032208,0.9997303021013544,0.13099915943505072,case_patch_macro
real_A_state_oracle,HEM_PA13.nii.gz,background,gamma_joint_product,4,0.9980357462931498,0.29211592165059563,0.9663210829371466,0.9997624688511513,0.09104452705624377,case_patch_macro
real_A_state_oracle,HEM_PA13.nii.gz,foreground,gamma_joint_product,4,0.8807971810420042,0.062049971872733915,0.8339604560203372,0.9736999454560502,0.3684648341529268,case_patch_macro
real_A_state_oracle,HEM_PA13.nii.gz,overall,gamma_joint_product,4,0.995963697080259,0.28563946193703604,0.9777602521552767,0.9997350004672713,0.12906268630059448,case_patch_macro
real_A_state_oracle,HEM_PA13.nii.gz,background,gamma_world_stability,4,0.9980357462931498,0.5057412865286177,0.8891414976998314,0.9992970219127993,0.08612069551876073,case_patch_macro
real_A_state_oracle,HEM_PA13.nii.gz,foreground,gamma_world_stability,4,0.8807971810420042,0.28170091433921807,0.822257291566186,0.9727039851620422,0.37418524669645503,case_patch_macro
real_A_state_oracle,HEM_PA13.nii.gz,overall,gamma_world_stability,4,0.995963697080259,0.49999993294396405,0.9371544264204205,0.9992799192013009,0.13088006830823248,case_patch_macro
real_A_state_oracle,HEM_PA13.nii.gz,background,pairwise_joint_product,4,0.9980357462931498,0.2985772970250982,0.9846403608561644,0.9998725971954885,0.09269620355072862,case_patch_macro
real_A_state_oracle,HEM_PA13.nii.gz,foreground,pairwise_joint_product,4,0.8807971810420042,0.034156970998395764,0.7905632398811276,0.9615999340093072,0.3120083743721505,case_patch_macro
real_A_state_oracle,HEM_PA13.nii.gz,overall,pairwise_joint_product,4,0.995963697080259,0.2913962622331028,0.9851991170225478,0.9998364899686873,0.12899255435176735,case_patch_macro
real_A_state_oracle,HEM_PA13.nii.gz,background,pairwise_world_stability,4,0.9980357462931498,0.5097555876212205,0.9746037767963333,0.9997561946055561,0.09273030430512545,case_patch_macro
real_A_state_oracle,HEM_PA13.nii.gz,foreground,pairwise_world_stability,4,0.8807971810420042,0.12001629631954204,0.749340557681454,0.9530365916211911,0.2651838896412864,case_patch_macro
real_A_state_oracle,HEM_PA13.nii.gz,overall,pairwise_world_stability,4,0.995963697080259,0.49999992266240434,0.9782120934199892,0.999718067217521,0.129626739125377,case_patch_macro
existing_WP_imagined,HCC_10142924_20170911.nii.gz,background,blur_joint_product,4,0.9984755413497083,0.297950969772219,0.9327062717984663,0.9998083310736647,0.10650214558480542,case_patch_macro
existing_WP_imagined,HCC_10142924_20170911.nii.gz,foreground,blur_joint_product,4,0.7712922066340833,0.20989009114483143,0.7389818186912348,0.7822718250528282,0.12272928948174075,case_patch_macro
existing_WP_imagined,HCC_10142924_20170911.nii.gz,overall,blur_joint_product,4,0.9974881984569408,0.29770741861333266,0.9561559462252779,0.9997710492361294,0.1622098655136234,case_patch_macro
existing_WP_imagined,HCC_10142924_20170911.nii.gz,background,blur_world_stability,4,0.9984755413497083,0.5010328957867161,0.872836873018953,0.9995203311702503,0.09346479062230692,case_patch_macro
existing_WP_imagined,HCC_10142924_20170911.nii.gz,foreground,blur_world_stability,4,0.7712922066340833,0.3330285736278073,0.732801784618301,0.7844165814111451,0.1317116643948723,case_patch_macro
existing_WP_imagined,HCC_10142924_20170911.nii.gz,overall,blur_world_stability,4,0.9974881984569408,0.499999923354433,0.9195391965963607,0.9994709512004482,0.15176705314984798,case_patch_macro
existing_WP_imagined,HCC_10142924_20170911.nii.gz,background,confidence_rank,4,0.9984755413497083,0.5013842431491617,0.9382216318706192,0.9998208417605519,0.11557629141610816,case_patch_macro
existing_WP_imagined,HCC_10142924_20170911.nii.gz,foreground,confidence_rank,4,0.7712922066340833,0.3102731622484453,0.7214700712122418,0.7805463670011756,0.10410285011317856,case_patch_macro
existing_WP_imagined,HCC_10142924_20170911.nii.gz,overall,confidence_rank,4,0.9974881984569408,0.5000000756601912,0.9580295143382069,0.9997763793536529,0.17215026132052275,case_patch_macro
existing_WP_imagined,HCC_10142924_20170911.nii.gz,background,gamma_joint_product,4,0.9984755413497083,0.28258980240994996,0.9241919882120762,0.9997930415915679,0.1135420976990049,case_patch_macro
existing_WP_imagined,HCC_10142924_20170911.nii.gz,foreground,gamma_joint_product,4,0.7712922066340833,0.21174947971076058,0.7684485177061071,0.7858243298242223,0.16519215775825813,case_patch_macro
existing_WP_imagined,HCC_10142924_20170911.nii.gz,overall,gamma_joint_product,4,0.9974881984569408,0.28250753115181454,0.9492753038172496,0.9997481923869089,0.17043843811886258,case_patch_macro
existing_WP_imagined,HCC_10142924_20170911.nii.gz,background,gamma_world_stability,4,0.9984755413497083,0.4988787112424813,0.7395921164841536,0.9991528594694513,0.07413932687724192,case_patch_macro
existing_WP_imagined,HCC_10142924_20170911.nii.gz,foreground,gamma_world_stability,4,0.7712922066340833,0.47670660268649695,0.7666447817260392,0.7926694156006477,0.2887225968870852,case_patch_macro
existing_WP_imagined,HCC_10142924_20170911.nii.gz,overall,gamma_world_stability,4,0.9974881984569408,0.49999993211395966,0.8241407758360402,0.9989887795730368,0.1438005850752544,case_patch_macro
existing_WP_imagined,HCC_10142924_20170911.nii.gz,background,pairwise_joint_product,4,0.9984755413497083,0.29899940832906374,0.9331651029200122,0.9998101007268692,0.10671117293900245,case_patch_macro
existing_WP_imagined,HCC_10142924_20170911.nii.gz,foreground,pairwise_joint_product,4,0.7712922066340833,0.2109603029434761,0.737170781773083,0.7820070555560791,0.11990647083271508,case_patch_macro
existing_WP_imagined,HCC_10142924_20170911.nii.gz,overall,pairwise_joint_product,4,0.9974881984569408,0.29875818564665274,0.9564516712698544,0.9997728112628914,0.16233714439433722,case_patch_macro
existing_WP_imagined,HCC_10142924_20170911.nii.gz,background,pairwise_world_stability,4,0.9984755413497083,0.5010262217484398,0.8761065021211382,0.9995344998319602,0.09419769519929683,case_patch_macro
existing_WP_imagined,HCC_10142924_20170911.nii.gz,foreground,pairwise_world_stability,4,0.7712922066340833,0.33225232679546,0.7318453218696783,0.7838388823630236,0.12933512092678873,case_patch_macro
existing_WP_imagined,HCC_10142924_20170911.nii.gz,overall,pairwise_world_stability,4,0.9974881984569408,0.49999993914205043,0.922382633306276,0.9994885549224966,0.15264022116894693,case_patch_macro
full_real,HCC_10142924_20170911.nii.gz,background,blur_joint_product,4,0.9984755413497083,0.29496251824532055,0.9734444161858116,0.9999243956756191,0.060873156258629,case_patch_macro
full_real,HCC_10142924_20170911.nii.gz,foreground,blur_joint_product,4,0.7712922066340833,0.08309644151145187,0.7032499783328354,0.7791499905777091,0.07278721393815507,case_patch_macro
full_real,HCC_10142924_20170911.nii.gz,overall,blur_joint_product,4,0.9974881984569408,0.2921607962129872,0.9838511602454993,0.999918260703341,0.08334530024196413,case_patch_macro
full_real,HCC_10142924_20170911.nii.gz,background,blur_world_stability,4,0.9984755413497083,0.5051501691489433,0.957491746812411,0.9998385424592757,0.05878444965516,case_patch_macro
full_real,HCC_10142924_20170911.nii.gz,foreground,blur_world_stability,4,0.7712922066340833,0.12028317332961275,0.6500613040390966,0.775602661967834,0.02492422419756181,case_patch_macro
full_real,HCC_10142924_20170911.nii.gz,overall,blur_world_stability,4,0.9974881984569408,0.49999992814627847,0.9735327644535872,0.9998294940823482,0.08146656174038379,case_patch_macro
full_real,HCC_10142924_20170911.nii.gz,background,confidence_rank,4,0.9984755413497083,0.5013842431491617,0.9382216318706192,0.9998208417605519,0.11557629141610816,case_patch_macro
full_real,HCC_10142924_20170911.nii.gz,foreground,confidence_rank,4,0.7712922066340833,0.3102731622484453,0.7214700712122418,0.7805463670011756,0.10410285011317856,case_patch_macro
full_real,HCC_10142924_20170911.nii.gz,overall,confidence_rank,4,0.9974881984569408,0.5000000756601912,0.9580295143382069,0.9997763793536529,0.17215026132052275,case_patch_macro
full_real,HCC_10142924_20170911.nii.gz,background,gamma_joint_product,4,0.9984755413497083,0.29913585590218805,0.9400067688478251,0.9998316140047658,0.10235816531549019,case_patch_macro
full_real,HCC_10142924_20170911.nii.gz,foreground,gamma_joint_product,4,0.7712922066340833,0.2469398208724254,0.7205788304254935,0.780437503710185,0.10005845023106978,case_patch_macro
full_real,HCC_10142924_20170911.nii.gz,overall,gamma_joint_product,4,0.9974881984569408,0.2996155429436373,0.9632472654705584,0.9998092781381454,0.15585950859967754,case_patch_macro
full_real,HCC_10142924_20170911.nii.gz,background,gamma_world_stability,4,0.9984755413497083,0.4998268216005063,0.889289878211369,0.9995894356727836,0.09165554314707858,case_patch_macro
full_real,HCC_10142924_20170911.nii.gz,foreground,gamma_world_stability,4,0.7712922066340833,0.38677662935714757,0.7062965057725104,0.7795748091976308,0.10198442235567856,case_patch_macro
full_real,HCC_10142924_20170911.nii.gz,overall,gamma_world_stability,4,0.9974881984569408,0.49999994305537665,0.9360487978056171,0.9995714065259717,0.14864062426518024,case_patch_macro
full_real,HCC_10142924_20170911.nii.gz,background,pairwise_joint_product,4,0.9984755413497083,0.29829759402920186,0.974638567276789,0.9999287004111292,0.061038517266788675,case_patch_macro
full_real,HCC_10142924_20170911.nii.gz,foreground,pairwise_joint_product,4,0.7712922066340833,0.08099986281127416,0.7058097179327985,0.7793133054400991,0.07499375574173392,case_patch_macro
full_real,HCC_10142924_20170911.nii.gz,overall,pairwise_joint_product,4,0.9974881984569408,0.2953837292643571,0.9845948921211936,0.9999226772655003,0.08348504805595054,case_patch_macro
full_real,HCC_10142924_20170911.nii.gz,background,pairwise_world_stability,4,0.9984755413497083,0.5054106224395594,0.9692214942155987,0.9998976074843163,0.06034809949451894,case_patch_macro
full_real,HCC_10142924_20170911.nii.gz,foreground,pairwise_world_stability,4,0.7712922066340833,0.10781978376453866,0.6588531185108919,0.7763003604817751,0.03136031421969985,case_patch_macro
full_real,HCC_10142924_20170911.nii.gz,overall,pairwise_world_stability,4,0.9974881984569408,0.49999992636307516,0.980296390720742,0.9998886457743945,0.08271309888690453,case_patch_macro
real_A_state_oracle,HCC_10142924_20170911.nii.gz,background,blur_joint_product,4,0.9984755413497083,0.29913004365146945,0.9410102021373118,0.9998450834607047,0.09755413848563291,case_patch_macro
real_A_state_oracle,HCC_10142924_20170911.nii.gz,foreground,blur_joint_product,4,0.7712922066340833,0.16752622690109076,0.7261818336808665,0.7809439993745129,0.10203921862384141,case_patch_macro
real_A_state_oracle,HCC_10142924_20170911.nii.gz,overall,blur_joint_product,4,0.9974881984569408,0.2980662804662538,0.9628580830737018,0.9998157533868173,0.14875326209783457,case_patch_macro
real_A_state_oracle,HCC_10142924_20170911.nii.gz,background,blur_world_stability,4,0.9984755413497083,0.502654059011351,0.9081714602599709,0.9996835675443065,0.08866736268880616,case_patch_macro
real_A_state_oracle,HCC_10142924_20170911.nii.gz,foreground,blur_world_stability,4,0.7712922066340833,0.2436998545929941,0.7149153093125138,0.7805152683822014,0.10077981868279345,case_patch_macro
real_A_state_oracle,HCC_10142924_20170911.nii.gz,overall,blur_world_stability,4,0.9974881984569408,0.4999999141384284,0.942526355760489,0.9996458560667711,0.1411752924295159,case_patch_macro
real_A_state_oracle,HCC_10142924_20170911.nii.gz,background,confidence_rank,4,0.9984755413497083,0.5013842431491617,0.9382216318706192,0.9998208417605519,0.11557629141610816,case_patch_macro
real_A_state_oracle,HCC_10142924_20170911.nii.gz,foreground,confidence_rank,4,0.7712922066340833,0.3102731622484453,0.7214700712122418,0.7805463670011756,0.10410285011317856,case_patch_macro
real_A_state_oracle,HCC_10142924_20170911.nii.gz,overall,confidence_rank,4,0.9974881984569408,0.5000000756601912,0.9580295143382069,0.9997763793536529,0.17215026132052275,case_patch_macro
real_A_state_oracle,HCC_10142924_20170911.nii.gz,background,gamma_joint_product,4,0.9984755413497083,0.2973737586995482,0.932720686232658,0.9998161554401898,0.11066849514316315,case_patch_macro
real_A_state_oracle,HCC_10142924_20170911.nii.gz,foreground,gamma_joint_product,4,0.7712922066340833,0.2518309259892475,0.7302391199326841,0.7809908319875647,0.11030611045027582,case_patch_macro
real_A_state_oracle,HCC_10142924_20170911.nii.gz,overall,gamma_joint_product,4,0.9974881984569408,0.2979396441245827,0.956137954994491,0.999777174409096,0.16732076098981333,case_patch_macro
real_A_state_oracle,HCC_10142924_20170911.nii.gz,background,gamma_world_stability,4,0.9984755413497083,0.49904474327581083,0.8576343038318944,0.9994824370641723,0.09819013443761676,case_patch_macro
real_A_state_oracle,HCC_10142924_20170911.nii.gz,foreground,gamma_world_stability,4,0.7712922066340833,0.4334946024971327,0.7218859873023156,0.7804965788768361,0.13034214932738664,case_patch_macro
real_A_state_oracle,HCC_10142924_20170911.nii.gz,overall,gamma_world_stability,4,0.9974881984569408,0.49999991973900415,0.9139859895921659,0.9994361408007735,0.15880311147031625,case_patch_macro
real_A_state_oracle,HCC_10142924_20170911.nii.gz,background,pairwise_joint_product,4,0.9984755413497083,0.3025504873364505,0.9422504872966649,0.9998472793892396,0.0974135434163242,case_patch_macro
real_A_state_oracle,HCC_10142924_20170911.nii.gz,foreground,pairwise_joint_product,4,0.7712922066340833,0.16543757490906308,0.726999783694005,0.7809213086065402,0.10134325612330256,case_patch_macro
real_A_state_oracle,HCC_10142924_20170911.nii.gz,overall,pairwise_joint_product,4,0.9974881984569408,0.30136881790023334,0.9636153285148896,0.9998181972466296,0.14836766886265768,case_patch_macro
real_A_state_oracle,HCC_10142924_20170911.nii.gz,background,pairwise_world_stability,4,0.9984755413497083,0.5029513863596197,0.9245362988105876,0.9997516121792216,0.09218282756058784,case_patch_macro
real_A_state_oracle,HCC_10142924_20170911.nii.gz,foreground,pairwise_world_stability,4,0.7712922066340833,0.2274787001479381,0.7196187552753532,0.7805098309571336,0.10042122207499288,case_patch_macro
real_A_state_oracle,HCC_10142924_20170911.nii.gz,overall,pairwise_world_stability,4,0.9974881984569408,0.4999999314636099,0.9525484866244456,0.999719807127436,0.1441562789086993,case_patch_macro
existing_WP_imagined,MET_PA25.nii.gz,background,blur_joint_product,4,0.9974453227282637,0.2919393578519013,0.9834076816427283,0.9999149382524642,0.10108494399920159,case_patch_macro
existing_WP_imagined,MET_PA25.nii.gz,foreground,blur_joint_product,4,0.9510662005263176,0.09736097754609636,0.8677230316026717,0.9893380262875802,0.25608954458049055,case_patch_macro
existing_WP_imagined,MET_PA25.nii.gz,overall,blur_joint_product,4,0.9970378522519712,0.28940697425429324,0.9832360389240155,0.999907905566285,0.10880070618289912,case_patch_macro
existing_WP_imagined,MET_PA25.nii.gz,background,blur_world_stability,4,0.9974453227282637,0.5027444799794154,0.9204457813651485,0.9994188441363294,0.09111635582493371,case_patch_macro
existing_WP_imagined,MET_PA25.nii.gz,foreground,blur_world_stability,4,0.9510662005263176,0.2586450784724765,0.8242463562192257,0.9856033256988684,0.22589402038439274,case_patch_macro
existing_WP_imagined,MET_PA25.nii.gz,overall,blur_world_stability,4,0.9970378522519712,0.49999993249222735,0.9291177637956093,0.9994213264617022,0.10015565488731416,case_patch_macro
existing_WP_imagined,MET_PA25.nii.gz,background,confidence_rank,4,0.9974453227282637,0.5036311290243318,0.986575747837206,0.9999046939164052,0.1024771341695639,case_patch_macro
existing_WP_imagined,MET_PA25.nii.gz,foreground,confidence_rank,4,0.9510662005263176,0.21185375234313045,0.8776905964545163,0.9897649633459781,0.26685807411033996,case_patch_macro
existing_WP_imagined,MET_PA25.nii.gz,overall,confidence_rank,4,0.9970378522519712,0.5000000655765815,0.9863875387468807,0.9999001387351677,0.11028702524342389,case_patch_macro
existing_WP_imagined,MET_PA25.nii.gz,background,gamma_joint_product,4,0.9974453227282637,0.2744515369777822,0.9649299865966566,0.9998444225116491,0.09781022431962309,case_patch_macro
existing_WP_imagined,MET_PA25.nii.gz,foreground,gamma_joint_product,4,0.9510662005263176,0.13539736230357344,0.9241557063890218,0.99470947921514,0.3063901027762462,case_patch_macro
existing_WP_imagined,MET_PA25.nii.gz,overall,gamma_joint_product,4,0.9970378522519712,0.2726663372938521,0.9680230233348593,0.9998407272577381,0.10602163623102012,case_patch_macro
existing_WP_imagined,MET_PA25.nii.gz,background,gamma_world_stability,4,0.9974453227282637,0.49908052599882413,0.7394414527685741,0.9986114790571496,0.07334098731928755,case_patch_macro
existing_WP_imagined,MET_PA25.nii.gz,foreground,gamma_world_stability,4,0.9510662005263176,0.5249293003948182,0.9077883446997949,0.9931408752981529,0.42438271916817266,case_patch_macro
existing_WP_imagined,MET_PA25.nii.gz,overall,gamma_world_stability,4,0.9970378522519712,0.49999993094351364,0.7736962672447594,0.9986114849347052,0.09026943512205793,case_patch_macro
existing_WP_imagined,MET_PA25.nii.gz,background,pairwise_joint_product,4,0.9974453227282637,0.29269367064161445,0.9837661386600058,0.9999160819604764,0.10114627465983288,case_patch_macro
existing_WP_imagined,MET_PA25.nii.gz,foreground,pairwise_joint_product,4,0.9510662005263176,0.09778078786022498,0.8683429334568498,0.9893731227885293,0.2564534437512195,case_patch_macro
existing_WP_imagined,MET_PA25.nii.gz,overall,pairwise_joint_product,4,0.9970378522519712,0.29015285714138506,0.9835829868916418,0.999909180593817,0.10886443208423974,case_patch_macro
existing_WP_imagined,MET_PA25.nii.gz,background,pairwise_world_stability,4,0.9974453227282637,0.502765902147847,0.9258255226016429,0.9994542010071178,0.09216422676164439,case_patch_macro
existing_WP_imagined,MET_PA25.nii.gz,foreground,pairwise_world_stability,4,0.9510662005263176,0.25705994275163274,0.8264593314579151,0.9857463457699916,0.22718430840719847,case_patch_macro
existing_WP_imagined,MET_PA25.nii.gz,overall,pairwise_world_stability,4,0.9970378522519712,0.4999999391285238,0.9338598374282835,0.9994573179246946,0.10112723959260587,case_patch_macro
full_real,MET_PA25.nii.gz,background,blur_joint_product,4,0.9974453227282637,0.2945059798640476,0.9946697203757494,0.9999784061233142,0.1015213641554306,case_patch_macro
full_real,MET_PA25.nii.gz,foreground,blur_joint_product,4,0.9510662005263176,0.04322708124094265,0.8086020515628135,0.9811805755317234,0.2034513069255269,case_patch_macro
full_real,MET_PA25.nii.gz,overall,blur_joint_product,4,0.9970378522519712,0.2912837123614449,0.9926145537392741,0.9999692305939527,0.10889724912706973,case_patch_macro
full_real,MET_PA25.nii.gz,background,blur_world_stability,4,0.9974453227282637,0.5047978191163385,0.9874858114398956,0.9998747712056602,0.10136248844771423,case_patch_macro
full_real,MET_PA25.nii.gz,foreground,blur_world_stability,4,0.9510662005263176,0.09476231318659965,0.6525226118011406,0.9474288572898538,0.07014689673027946,case_patch_macro
full_real,MET_PA25.nii.gz,overall,blur_world_stability,4,0.9970378522519712,0.4999999326179629,0.9851929531567333,0.9998636236263505,0.10865153029060187,case_patch_macro
full_real,MET_PA25.nii.gz,background,confidence_rank,4,0.9974453227282637,0.5036311290243318,0.986575747837206,0.9999046939164052,0.1024771341695639,case_patch_macro
full_real,MET_PA25.nii.gz,foreground,confidence_rank,4,0.9510662005263176,0.21185375234313045,0.8776905964545163,0.9897649633459781,0.26685807411033996,case_patch_macro
full_real,MET_PA25.nii.gz,overall,confidence_rank,4,0.9970378522519712,0.5000000655765815,0.9863875387468807,0.9999001387351677,0.11028702524342389,case_patch_macro
full_real,MET_PA25.nii.gz,background,gamma_joint_product,4,0.9974453227282637,0.29473760504151214,0.9807428474215634,0.9998894261767,0.10103566090560677,case_patch_macro
full_real,MET_PA25.nii.gz,foreground,gamma_joint_product,4,0.9510662005263176,0.17016622732333406,0.8982541093150882,0.9924237420282241,0.2840959556119434,case_patch_macro
full_real,MET_PA25.nii.gz,overall,gamma_joint_product,4,0.9970378522519712,0.2931980442984913,0.9815074173002637,0.9998856353990719,0.10895634994484892,case_patch_macro
full_real,MET_PA25.nii.gz,background,gamma_world_stability,4,0.9974453227282637,0.5003187480816539,0.9196113295524114,0.999333274020928,0.09228030735494445,case_patch_macro
full_real,MET_PA25.nii.gz,foreground,gamma_world_stability,4,0.9510662005263176,0.4207970379913311,0.8941417958680288,0.9927831291588282,0.29922461375870385,case_patch_macro
full_real,MET_PA25.nii.gz,overall,gamma_world_stability,4,0.9970378522519712,0.4999999342688852,0.9299226695434241,0.9993521073078285,0.10175457886107188,case_patch_macro
full_real,MET_PA25.nii.gz,background,pairwise_joint_product,4,0.9974453227282637,0.29791179800764067,0.9951112767042217,0.9999797702238903,0.1015816044467041,case_patch_macro
full_real,MET_PA25.nii.gz,foreground,pairwise_joint_product,4,0.9510662005263176,0.04298541283565092,0.8163850450537837,0.9821136761568168,0.21018189664204154,case_patch_macro
full_real,MET_PA25.nii.gz,overall,pairwise_joint_product,4,0.9970378522519712,0.29463229452532214,0.9930800777003567,0.99997091023191,0.10896776211154273,case_patch_macro
full_real,MET_PA25.nii.gz,background,pairwise_world_stability,4,0.9974453227282637,0.5050454537519153,0.9929247444620142,0.9999389862248752,0.10181856413393432,case_patch_macro
full_real,MET_PA25.nii.gz,foreground,pairwise_world_stability,4,0.9510662005263176,0.08101232163973361,0.6853222804685285,0.9534717505627532,0.0984031717763761,case_patch_macro
full_real,MET_PA25.nii.gz,overall,pairwise_world_stability,4,0.9970378522519712,0.4999999311125765,0.9901518456847898,0.9999276101859691,0.1090394249430926,case_patch_macro
real_A_state_oracle,MET_PA25.nii.gz,background,blur_joint_product,4,0.9974453227282637,0.29459137446854233,0.989687399754274,0.9999482846255476,0.10177095515338046,case_patch_macro
real_A_state_oracle,MET_PA25.nii.gz,foreground,blur_joint_product,4,0.9510662005263176,0.08958358438445564,0.8503384604607801,0.9861122230059424,0.2369288906275371,case_patch_macro
real_A_state_oracle,MET_PA25.nii.gz,overall,blur_joint_product,4,0.9970378522519712,0.29212979693865304,0.988856498805,0.999941764724247,0.10939610058799897,case_patch_macro
real_A_state_oracle,MET_PA25.nii.gz,background,blur_world_stability,4,0.9974453227282637,0.503118308716191,0.9671958395245696,0.9997017898314896,0.09871975356088562,case_patch_macro
real_A_state_oracle,MET_PA25.nii.gz,foreground,blur_world_stability,4,0.9510662005263176,0.20005163908712023,0.7814646114624857,0.9755770330379878,0.17839893600668166,case_patch_macro
real_A_state_oracle,MET_PA25.nii.gz,overall,blur_world_stability,4,0.9970378522519712,0.499999931161885,0.9694876340768919,0.9997016857469346,0.10679224696495355,case_patch_macro
real_A_state_oracle,MET_PA25.nii.gz,background,confidence_rank,4,0.9974453227282637,0.5036311290243318,0.986575747837206,0.9999046939164052,0.1024771341695639,case_patch_macro
real_A_state_oracle,MET_PA25.nii.gz,foreground,confidence_rank,4,0.9510662005263176,0.21185375234313045,0.8776905964545163,0.9897649633459781,0.26685807411033996,case_patch_macro
real_A_state_oracle,MET_PA25.nii.gz,overall,confidence_rank,4,0.9970378522519712,0.5000000655765815,0.9863875387468807,0.9999001387351677,0.11028702524342389,case_patch_macro
real_A_state_oracle,MET_PA25.nii.gz,background,gamma_joint_product,4,0.9974453227282637,0.289883370831206,0.9761809041244499,0.9998741139106804,0.09984427631431396,case_patch_macro
real_A_state_oracle,MET_PA25.nii.gz,foreground,gamma_joint_product,4,0.9510662005263176,0.16527353608969167,0.9057544854097007,0.9930894544238279,0.28978543672135826,case_patch_macro
real_A_state_oracle,MET_PA25.nii.gz,overall,gamma_joint_product,4,0.9970378522519712,0.28832976765243484,0.9775955188294675,0.9998701879631569,0.10783555612834496,case_patch_macro
real_A_state_oracle,MET_PA25.nii.gz,background,gamma_world_stability,4,0.9974453227282637,0.4992447279163847,0.8806515499852262,0.999108249737961,0.08707327869202262,case_patch_macro
real_A_state_oracle,MET_PA25.nii.gz,foreground,gamma_world_stability,4,0.9510662005263176,0.48938075666909325,0.9005964222422177,0.9931364265472277,0.3181400113558411,case_patch_macro
real_A_state_oracle,MET_PA25.nii.gz,overall,gamma_world_stability,4,0.9970378522519712,0.499999938998144,0.8967734273137161,0.9991299742548215,0.09762753620697262,case_patch_macro
real_A_state_oracle,MET_PA25.nii.gz,background,pairwise_joint_product,4,0.9974453227282637,0.2970288469878508,0.990528551520056,0.9999513361471881,0.10177212757793998,case_patch_macro
real_A_state_oracle,MET_PA25.nii.gz,foreground,pairwise_joint_product,4,0.9510662005263176,0.08728459350110851,0.8542948324872622,0.9864603469277681,0.2401967589703565,case_patch_macro
real_A_state_oracle,MET_PA25.nii.gz,overall,pairwise_joint_product,4,0.9970378522519712,0.2944775688526754,0.9896218677055098,0.9999449279244004,0.10938482052577243,case_patch_macro
real_A_state_oracle,MET_PA25.nii.gz,background,pairwise_world_stability,4,0.9974453227282637,0.5034316285860216,0.9760910250963514,0.9997795785242265,0.0999111553752212,case_patch_macro
real_A_state_oracle,MET_PA25.nii.gz,foreground,pairwise_world_stability,4,0.9510662005263176,0.18140376115510878,0.799554053409386,0.9775444480706911,0.19272246392243983,case_patch_macro
real_A_state_oracle,MET_PA25.nii.gz,overall,pairwise_world_stability,4,0.9970378522519712,0.4999999277426923,0.977134660504297,0.999778440400497,0.10780002488804648,case_patch_macro
existing_WP_imagined,HCC_10147777_20171222.nii.gz,background,blur_joint_product,4,0.9967123415893223,0.311728474221873,0.9427666802523449,0.9992738155761749,0.08045647330706676,case_patch_macro
existing_WP_imagined,HCC_10147777_20171222.nii.gz,foreground,blur_joint_product,4,0.923806690711185,0.04824152011010083,0.9003980117990049,0.98458615458676,0.35503745243960827,case_patch_macro
existing_WP_imagined,HCC_10147777_20171222.nii.gz,overall,blur_joint_product,4,0.9956193853307653,0.3070302361691858,0.9435466639197194,0.9992665067935445,0.10076840183382678,case_patch_macro
existing_WP_imagined,HCC_10147777_20171222.nii.gz,background,blur_world_stability,4,0.9967123415893223,0.5050163531089364,0.90392963661831,0.998802564288484,0.07341165272102729,case_patch_macro
existing_WP_imagined,HCC_10147777_20171222.nii.gz,foreground,blur_world_stability,4,0.923806690711185,0.17507565314847806,0.8984434606074752,0.984516919295847,0.35758786226523004,case_patch_macro
existing_WP_imagined,HCC_10147777_20171222.nii.gz,overall,blur_world_stability,4,0.9956193853307653,0.4999999343650138,0.9114918274781383,0.9988013538955157,0.09449673448308706,case_patch_macro
existing_WP_imagined,HCC_10147777_20171222.nii.gz,background,confidence_rank,4,0.9967123415893223,0.5070002538036127,0.9435230502042499,0.9992390048401243,0.08072325053584165,case_patch_macro
existing_WP_imagined,HCC_10147777_20171222.nii.gz,foreground,confidence_rank,4,0.923806690711185,0.09553215889137047,0.8550563077011277,0.9746806599887916,0.3087217454588935,case_patch_macro
existing_WP_imagined,HCC_10147777_20171222.nii.gz,overall,confidence_rank,4,0.9956193853307653,0.5000000669460455,0.943192823356239,0.9992319898604587,0.10092487737287267,case_patch_macro
existing_WP_imagined,HCC_10147777_20171222.nii.gz,background,gamma_joint_product,4,0.9967123415893223,0.2907693883647039,0.9256646470903206,0.9991734833836893,0.0769077689455036,case_patch_macro
existing_WP_imagined,HCC_10147777_20171222.nii.gz,foreground,gamma_joint_product,4,0.923806690711185,0.06855351365193174,0.8503270325546018,0.9738371927046041,0.30140698437251134,case_patch_macro
existing_WP_imagined,HCC_10147777_20171222.nii.gz,overall,gamma_joint_product,4,0.9956193853307653,0.2869806705937813,0.9306469996066321,0.9991664663990654,0.09764076093819879,case_patch_macro
existing_WP_imagined,HCC_10147777_20171222.nii.gz,background,gamma_world_stability,4,0.9967123415893223,0.49906246650109237,0.7641567540229752,0.9978750178106127,0.05898680281606605,case_patch_macro
existing_WP_imagined,HCC_10147777_20171222.nii.gz,foreground,gamma_world_stability,4,0.923806690711185,0.4067856319154436,0.8172775156124134,0.9691989843980394,0.34314716170378223,case_patch_macro
existing_WP_imagined,HCC_10147777_20171222.nii.gz,overall,gamma_world_stability,4,0.9956193853307653,0.4999999395880503,0.8129579995865923,0.9978526481069888,0.0865363649684789,case_patch_macro
existing_WP_imagined,HCC_10147777_20171222.nii.gz,background,pairwise_joint_product,4,0.9967123415893223,0.31286605364104486,0.9429372177781449,0.9992743783138961,0.08047489770391049,case_patch_macro
existing_WP_imagined,HCC_10147777_20171222.nii.gz,foreground,pairwise_joint_product,4,0.923806690711185,0.0483391319142978,0.9011703937652189,0.9849281237002576,0.35588589003511584,case_patch_macro
existing_WP_imagined,HCC_10147777_20171222.nii.gz,overall,pairwise_joint_product,4,0.9956193853307653,0.30814492324044007,0.9436735798733289,0.9992671286019197,0.10078541635197079,case_patch_macro
existing_WP_imagined,HCC_10147777_20171222.nii.gz,background,pairwise_world_stability,4,0.9967123415893223,0.5050639812357682,0.9067580088650077,0.9988219279048818,0.07389105561790568,case_patch_macro
existing_WP_imagined,HCC_10147777_20171222.nii.gz,foreground,pairwise_world_stability,4,0.923806690711185,0.17139722314155628,0.9030237947047501,0.9862582860004107,0.36240844824851903,case_patch_macro
existing_WP_imagined,HCC_10147777_20171222.nii.gz,overall,pairwise_world_stability,4,0.9956193853307653,0.49999992143329175,0.9133998262071178,0.9988215857233054,0.09491117857602313,case_patch_macro
full_real,HCC_10147777_20171222.nii.gz,background,blur_joint_product,4,0.9967123415893223,0.3163030010551116,0.978484721573994,0.9997627539748238,0.08744919633238697,case_patch_macro
full_real,HCC_10147777_20171222.nii.gz,foreground,blur_joint_product,4,0.923806690711185,0.006234044592322716,0.776402253287596,0.9625282030452623,0.2333884138868485,case_patch_macro
full_real,HCC_10147777_20171222.nii.gz,overall,blur_joint_product,4,0.9956193853307653,0.3102720656122311,0.9765963634065763,0.9997476802580388,0.10730215870295264,case_patch_macro
full_real,HCC_10147777_20171222.nii.gz,background,blur_world_stability,4,0.9967123415893223,0.5087767017648335,0.9707506940309494,0.9996409082781332,0.08664993101964585,case_patch_macro
full_real,HCC_10147777_20171222.nii.gz,foreground,blur_world_stability,4,0.923806690711185,0.04217397869759149,0.5916047830696445,0.9403014620491144,0.06937882171330868,case_patch_macro
full_real,HCC_10147777_20171222.nii.gz,overall,blur_world_stability,4,0.9956193853307653,0.49999992640612667,0.9682091070195875,0.99961234471748,0.10602207857945416,case_patch_macro
full_real,HCC_10147777_20171222.nii.gz,background,confidence_rank,4,0.9967123415893223,0.5070002538036127,0.9435230502042499,0.9992390048401243,0.08072325053584165,case_patch_macro
full_real,HCC_10147777_20171222.nii.gz,foreground,confidence_rank,4,0.923806690711185,0.09553215889137047,0.8550563077011277,0.9746806599887916,0.3087217454588935,case_patch_macro
full_real,HCC_10147777_20171222.nii.gz,overall,confidence_rank,4,0.9956193853307653,0.5000000669460455,0.943192823356239,0.9992319898604587,0.10092487737287267,case_patch_macro
full_real,HCC_10147777_20171222.nii.gz,background,gamma_joint_product,4,0.9967123415893223,0.31608242208358217,0.9547159673183931,0.9994436254918622,0.08500217132366844,case_patch_macro
full_real,HCC_10147777_20171222.nii.gz,foreground,gamma_joint_product,4,0.923806690711185,0.06666422280314636,0.8713137875431222,0.9804316374630582,0.3258133981638965,case_patch_macro
full_real,HCC_10147777_20171222.nii.gz,overall,gamma_joint_product,4,0.9956193853307653,0.3118609048580753,0.9553343802718646,0.999436459736888,0.10530449907648701,case_patch_macro
full_real,HCC_10147777_20171222.nii.gz,background,gamma_world_stability,4,0.9967123415893223,0.5029734049114616,0.9284105624057031,0.999118486052516,0.08093318622803082,case_patch_macro
full_real,HCC_10147777_20171222.nii.gz,foreground,gamma_world_stability,4,0.923806690711185,0.24790440072808076,0.8709553969569511,0.9820808439886515,0.33514018931149303,case_patch_macro
full_real,HCC_10147777_20171222.nii.gz,overall,gamma_world_stability,4,0.9956193853307653,0.49999992729654097,0.9367316546611122,0.9991225400906811,0.10204008309050201,case_patch_macro
full_real,HCC_10147777_20171222.nii.gz,background,pairwise_joint_product,4,0.9967123415893223,0.3209843004668391,0.9798420776384,0.9997761894105232,0.0877631965365584,case_patch_macro
full_real,HCC_10147777_20171222.nii.gz,foreground,pairwise_joint_product,4,0.923806690711185,0.005387490908581866,0.7833548447368774,0.9645631109523966,0.23949948055323084,case_patch_macro
full_real,HCC_10147777_20171222.nii.gz,overall,pairwise_joint_product,4,0.9956193853307653,0.31485646831516756,0.9778487657348762,0.9997617525712391,0.10762307435253868,case_patch_macro
full_real,HCC_10147777_20171222.nii.gz,background,pairwise_world_stability,4,0.9967123415893223,0.5090513211405202,0.9797507647106605,0.9997508199788684,0.08830859021899212,case_patch_macro
full_real,HCC_10147777_20171222.nii.gz,foreground,pairwise_world_stability,4,0.923806690711185,0.03000937044935846,0.6301939339245853,0.9492879635307228,0.10599316221431508,case_patch_macro
full_real,HCC_10147777_20171222.nii.gz,overall,pairwise_world_stability,4,0.9956193853307653,0.49999992882166044,0.9759213992574479,0.9997243845321093,0.10761858192122549,case_patch_macro
real_A_state_oracle,HCC_10147777_20171222.nii.gz,background,blur_joint_product,4,0.9967123415893223,0.31434131031720075,0.9617405034530779,0.9995254543516308,0.0859874050791998,case_patch_macro
real_A_state_oracle,HCC_10147777_20171222.nii.gz,foreground,blur_joint_product,4,0.923806690711185,0.025446662315313832,0.8808902588693626,0.9824547000811281,0.33976784811802097,case_patch_macro
real_A_state_oracle,HCC_10147777_20171222.nii.gz,overall,blur_joint_product,4,0.9956193853307653,0.3089280675811821,0.9612403629784345,0.9995152436247297,0.10610963632405265,case_patch_macro
real_A_state_oracle,HCC_10147777_20171222.nii.gz,background,blur_world_stability,4,0.9967123415893223,0.5068102235555105,0.9481700914637299,0.9993437195282451,0.08538559048342528,case_patch_macro
real_A_state_oracle,HCC_10147777_20171222.nii.gz,foreground,blur_world_stability,4,0.923806690711185,0.11525693270902423,0.8447371318238311,0.9802744110876233,0.3111404680932028,case_patch_macro
real_A_state_oracle,HCC_10147777_20171222.nii.gz,overall,blur_world_stability,4,0.9956193853307653,0.4999999238528635,0.9501704668180079,0.9993327072166178,0.10567446443068701,case_patch_macro
real_A_state_oracle,HCC_10147777_20171222.nii.gz,background,confidence_rank,4,0.9967123415893223,0.5070002538036127,0.9435230502042499,0.9992390048401243,0.08072325053584165,case_patch_macro
real_A_state_oracle,HCC_10147777_20171222.nii.gz,foreground,confidence_rank,4,0.923806690711185,0.09553215889137047,0.8550563077011277,0.9746806599887916,0.3087217454588935,case_patch_macro
real_A_state_oracle,HCC_10147777_20171222.nii.gz,overall,confidence_rank,4,0.9956193853307653,0.5000000669460455,0.943192823356239,0.9992319898604587,0.10092487737287267,case_patch_macro
real_A_state_oracle,HCC_10147777_20171222.nii.gz,background,gamma_joint_product,4,0.9967123415893223,0.3099302871522018,0.9425350482503172,0.9992911550488034,0.080746860216084,case_patch_macro
real_A_state_oracle,HCC_10147777_20171222.nii.gz,foreground,gamma_joint_product,4,0.923806690711185,0.07053226323159158,0.8767069159544896,0.9838864150161839,0.3326264281766435,case_patch_macro
real_A_state_oracle,HCC_10147777_20171222.nii.gz,overall,gamma_joint_product,4,0.9956193853307653,0.3058556151046335,0.9436588065262022,0.9992834447133054,0.10107915085640293,case_patch_macro
real_A_state_oracle,HCC_10147777_20171222.nii.gz,background,gamma_world_stability,4,0.9967123415893223,0.501724099926353,0.8950870228253693,0.9987953590671478,0.07641511759341801,case_patch_macro
real_A_state_oracle,HCC_10147777_20171222.nii.gz,foreground,gamma_world_stability,4,0.923806690711185,0.3003537954927903,0.8577060723845991,0.9801422067542118,0.3264785153552116,case_patch_macro
real_A_state_oracle,HCC_10147777_20171222.nii.gz,overall,gamma_world_stability,4,0.9956193853307653,0.4999999346719619,0.9090944235696796,0.9987951217388644,0.09796768157825006,case_patch_macro
real_A_state_oracle,HCC_10147777_20171222.nii.gz,background,pairwise_joint_product,4,0.9967123415893223,0.3184252140826405,0.9642582795604411,0.9995553305006752,0.0865093783393858,case_patch_macro
real_A_state_oracle,HCC_10147777_20171222.nii.gz,foreground,pairwise_joint_product,4,0.923806690711185,0.024301124635449617,0.8980442145201981,0.9887851939868503,0.3584739279931625,case_patch_macro
real_A_state_oracle,HCC_10147777_20171222.nii.gz,overall,pairwise_joint_product,4,0.9956193853307653,0.3128937107195119,0.9635431486458248,0.9995452802012752,0.10661598287534386,case_patch_macro
real_A_state_oracle,HCC_10147777_20171222.nii.gz,background,pairwise_world_stability,4,0.9967123415893223,0.5073463581596577,0.9572036847649464,0.9994450900639358,0.08677365991034877,case_patch_macro
real_A_state_oracle,HCC_10147777_20171222.nii.gz,foreground,pairwise_world_stability,4,0.923806690711185,0.09253230697752915,0.8850989553484212,0.9901696477282427,0.35353402591265504,case_patch_macro
real_A_state_oracle,HCC_10147777_20171222.nii.gz,overall,pairwise_world_stability,4,0.9956193853307653,0.4999999286464711,0.9576416973195827,0.9994346644875015,0.10692550368055097,case_patch_macro
existing_WP_imagined,HCC_PA0.nii.gz,background,blur_joint_product,4,0.9893424428525763,0.3141379161061355,0.9659524694318734,0.9995114552060035,0.18722054315849523,case_patch_macro
existing_WP_imagined,HCC_PA0.nii.gz,foreground,blur_joint_product,4,0.9749206039726509,0.10118788087402215,0.9606382639197203,0.9988338543514202,0.24817880040644846,case_patch_macro
existing_WP_imagined,HCC_PA0.nii.gz,overall,blur_joint_product,4,0.9889457490709093,0.2981024626255175,0.964495362702448,0.9994790521771741,0.1913413864103742,case_patch_macro
existing_WP_imagined,HCC_PA0.nii.gz,background,blur_world_stability,4,0.9893424428525763,0.5020998714438011,0.9307630820075227,0.9976302366263311,0.17406973732805078,case_patch_macro
existing_WP_imagined,HCC_PA0.nii.gz,foreground,blur_world_stability,4,0.9749206039726509,0.4317440939859521,0.942791855385194,0.9983568033067084,0.252073332895677,case_patch_macro
existing_WP_imagined,HCC_PA0.nii.gz,overall,blur_world_stability,4,0.9889457490709093,0.49999993165420586,0.9344647326861871,0.9980793318891721,0.18040856973710054,case_patch_macro
existing_WP_imagined,HCC_PA0.nii.gz,background,confidence_rank,4,0.9893424428525763,0.5251749782791013,0.9768403384268219,0.9996870337608347,0.19238892449601172,case_patch_macro
existing_WP_imagined,HCC_PA0.nii.gz,foreground,confidence_rank,4,0.9749206039726509,0.16928339866816564,0.9623860508683487,0.9988119338001641,0.2502868164457639,case_patch_macro
existing_WP_imagined,HCC_PA0.nii.gz,overall,confidence_rank,4,0.9889457490709093,0.5000000665856238,0.9745279727212938,0.9996444160033455,0.1961669254179336,case_patch_macro
existing_WP_imagined,HCC_PA0.nii.gz,background,gamma_joint_product,4,0.9893424428525763,0.2970854811975796,0.9482899290498875,0.9992623694732732,0.18006088864820302,case_patch_macro
existing_WP_imagined,HCC_PA0.nii.gz,foreground,gamma_joint_product,4,0.9749206039726509,0.11780433970939115,0.9692462695923778,0.9991232792734404,0.25418273054343515,case_patch_macro
existing_WP_imagined,HCC_PA0.nii.gz,overall,gamma_joint_product,4,0.9889457490709093,0.2843243124433088,0.9527572644232517,0.9993056655909124,0.18657000883542807,case_patch_macro
existing_WP_imagined,HCC_PA0.nii.gz,background,gamma_world_stability,4,0.9893424428525763,0.4870505114128576,0.8281366372225664,0.9952422680506763,0.14470057348654367,case_patch_macro
existing_WP_imagined,HCC_PA0.nii.gz,foreground,gamma_world_stability,4,0.9749206039726509,0.6146182478562108,0.9554475185653196,0.9986698754224589,0.38649737113580457,case_patch_macro
existing_WP_imagined,HCC_PA0.nii.gz,overall,gamma_world_stability,4,0.9889457490709093,0.4999999333957219,0.8548297733341105,0.996056909121227,0.16244788094034324,case_patch_macro
existing_WP_imagined,HCC_PA0.nii.gz,background,pairwise_joint_product,4,0.9893424428525763,0.31499750284234995,0.9668089521164784,0.9995244216480491,0.18759893000877081,case_patch_macro
existing_WP_imagined,HCC_PA0.nii.gz,foreground,pairwise_joint_product,4,0.9749206039726509,0.10101013561570159,0.9616906455829373,0.9988661379054258,0.24872745426296236,case_patch_macro
existing_WP_imagined,HCC_PA0.nii.gz,overall,pairwise_joint_product,4,0.9889457490709093,0.29884846041173685,0.965502990356443,0.9994948081113773,0.19179035725802107,case_patch_macro
existing_WP_imagined,HCC_PA0.nii.gz,background,pairwise_world_stability,4,0.9893424428525763,0.5023023535243799,0.9375674103631044,0.9978810024602763,0.1769175326979989,case_patch_macro
existing_WP_imagined,HCC_PA0.nii.gz,foreground,pairwise_world_stability,4,0.9749206039726509,0.4285150152939912,0.9487306248832647,0.9985530544693851,0.25488942539339826,case_patch_macro
existing_WP_imagined,HCC_PA0.nii.gz,overall,pairwise_world_stability,4,0.9889457490709093,0.49999993496456446,0.9406071236979715,0.9983002498456821,0.18298819149104792,case_patch_macro
full_real,HCC_PA0.nii.gz,background,blur_joint_product,4,0.9893424428525763,0.31718416902976493,0.9646642997512117,0.9994899442354055,0.18564325018282202,case_patch_macro
full_real,HCC_PA0.nii.gz,foreground,blur_joint_product,4,0.9749206039726509,0.07999933356476734,0.966158396658669,0.9989785367383202,0.25096436436912495,case_patch_macro
full_real,HCC_PA0.nii.gz,overall,blur_joint_product,4,0.9889457490709093,0.29945235917720936,0.9631587071862103,0.9994586759417353,0.18979618203832546,case_patch_macro
full_real,HCC_PA0.nii.gz,background,blur_world_stability,4,0.9893424428525763,0.508600799796602,0.9351400310634412,0.998036671080305,0.17253728578458927,case_patch_macro
full_real,HCC_PA0.nii.gz,foreground,blur_world_stability,4,0.9749206039726509,0.34305235881976803,0.9506583569633239,0.998548541203831,0.2485718212098469,case_patch_macro
full_real,HCC_PA0.nii.gz,overall,blur_world_stability,4,0.9889457490709093,0.49999992999439064,0.9363180876801686,0.9983858338504442,0.17788482441785533,case_patch_macro
full_real,HCC_PA0.nii.gz,background,confidence_rank,4,0.9893424428525763,0.5251749782791013,0.9768403384268219,0.9996870337608347,0.19238892449601172,case_patch_macro
full_real,HCC_PA0.nii.gz,foreground,confidence_rank,4,0.9749206039726509,0.16928339866816564,0.9623860508683487,0.9988119338001641,0.2502868164457639,case_patch_macro
full_real,HCC_PA0.nii.gz,overall,confidence_rank,4,0.9889457490709093,0.5000000665856238,0.9745279727212938,0.9996444160033455,0.1961669254179336,case_patch_macro
full_real,HCC_PA0.nii.gz,background,gamma_joint_product,4,0.9893424428525763,0.30857932956292156,0.9639392284117659,0.9994859936911186,0.1865704394585632,case_patch_macro
full_real,HCC_PA0.nii.gz,foreground,gamma_joint_product,4,0.9749206039726509,0.11924800622749081,0.9654140846422857,0.9989826172795059,0.25124303765079464,case_patch_macro
full_real,HCC_PA0.nii.gz,overall,gamma_joint_product,4,0.9889457490709093,0.2948250054251443,0.9640554164862131,0.9994710123753733,0.19129649848318456,case_patch_macro
full_real,HCC_PA0.nii.gz,background,gamma_world_stability,4,0.9893424428525763,0.49355785000252195,0.909861747022835,0.9965355876046416,0.165593424457629,case_patch_macro
full_real,HCC_PA0.nii.gz,foreground,gamma_world_stability,4,0.9749206039726509,0.5318115629893425,0.9563804515432972,0.9987308592846761,0.27501933108548027,case_patch_macro
full_real,HCC_PA0.nii.gz,overall,gamma_world_stability,4,0.9889457490709093,0.49999992960412054,0.9208883182624202,0.9974362419976438,0.17473524209110636,case_patch_macro
full_real,HCC_PA0.nii.gz,background,pairwise_joint_product,4,0.9893424428525763,0.3208891145375538,0.9664201752089848,0.9995178690079994,0.1864107145134951,case_patch_macro
full_real,HCC_PA0.nii.gz,foreground,pairwise_joint_product,4,0.9749206039726509,0.07536284652541271,0.9682905338285854,0.9990856552256848,0.25209936511380565,case_patch_macro
full_real,HCC_PA0.nii.gz,overall,pairwise_joint_product,4,0.9889457490709093,0.3023234470104511,0.9649774718382003,0.9994888662202424,0.1905964676721467,case_patch_macro
full_real,HCC_PA0.nii.gz,background,pairwise_world_stability,4,0.9893424428525763,0.5115228802447824,0.9456410167237479,0.9985322979128848,0.17690241304939006,case_patch_macro
full_real,HCC_PA0.nii.gz,foreground,pairwise_world_stability,4,0.9749206039726509,0.3097791917611099,0.9590365124254213,0.9989027427688691,0.25205683131736206,case_patch_macro
full_real,HCC_PA0.nii.gz,overall,pairwise_world_stability,4,0.9889457490709093,0.4999999320334231,0.9456338157218475,0.9987747385728164,0.18176365713386686,case_patch_macro
real_A_state_oracle,HCC_PA0.nii.gz,background,blur_joint_product,4,0.9893424428525763,0.31755909561023415,0.965437471120613,0.99951009911047,0.18682694497892618,case_patch_macro
real_A_state_oracle,HCC_PA0.nii.gz,foreground,blur_joint_product,4,0.9749206039726509,0.08534008615454025,0.9659098003998005,0.9989936136689851,0.25098023051705853,case_patch_macro
real_A_state_oracle,HCC_PA0.nii.gz,overall,blur_joint_product,4,0.9889457490709093,0.30031602811131697,0.9634437307917149,0.9994674066093482,0.19067305141591648,case_patch_macro
real_A_state_oracle,HCC_PA0.nii.gz,background,blur_world_stability,4,0.9893424428525763,0.5068418346477426,0.9347640186485066,0.9980185968448154,0.17440920224715642,case_patch_macro
real_A_state_oracle,HCC_PA0.nii.gz,foreground,blur_world_stability,4,0.9749206039726509,0.3626804162061433,0.9528017095617042,0.9986331598141439,0.25303415190671563,case_patch_macro
real_A_state_oracle,HCC_PA0.nii.gz,overall,blur_world_stability,4,0.9889457490709093,0.499999932295888,0.9361192418026679,0.9982961361286313,0.17957409237957414,case_patch_macro
real_A_state_oracle,HCC_PA0.nii.gz,background,confidence_rank,4,0.9893424428525763,0.5251749782791013,0.9768403384268219,0.9996870337608347,0.19238892449601172,case_patch_macro
real_A_state_oracle,HCC_PA0.nii.gz,foreground,confidence_rank,4,0.9749206039726509,0.16928339866816564,0.9623860508683487,0.9988119338001641,0.2502868164457639,case_patch_macro
real_A_state_oracle,HCC_PA0.nii.gz,overall,confidence_rank,4,0.9889457490709093,0.5000000665856238,0.9745279727212938,0.9996444160033455,0.1961669254179336,case_patch_macro
real_A_state_oracle,HCC_PA0.nii.gz,background,gamma_joint_product,4,0.9893424428525763,0.3056766663748328,0.961439640254825,0.999461787441208,0.18564970988859375,case_patch_macro
real_A_state_oracle,HCC_PA0.nii.gz,foreground,gamma_joint_product,4,0.9749206039726509,0.12164809560532226,0.9677498079674688,0.9990699558068444,0.2529092000019495,case_patch_macro
real_A_state_oracle,HCC_PA0.nii.gz,overall,gamma_joint_product,4,0.9889457490709093,0.2924967596417598,0.9625484754544101,0.9994581750095147,0.19074415446345208,case_patch_macro
real_A_state_oracle,HCC_PA0.nii.gz,background,gamma_world_stability,4,0.9893424428525763,0.4901773825398641,0.898586459059748,0.9964536422021415,0.16326961452153868,case_patch_macro
real_A_state_oracle,HCC_PA0.nii.gz,foreground,gamma_world_stability,4,0.9749206039726509,0.5673277409180177,0.9585646379018984,0.9988333914879747,0.2904541712475561,case_patch_macro
real_A_state_oracle,HCC_PA0.nii.gz,overall,gamma_world_stability,4,0.9889457490709093,0.49999992741191623,0.9125882920436569,0.9973470982519418,0.17347260475717494,case_patch_macro
real_A_state_oracle,HCC_PA0.nii.gz,background,pairwise_joint_product,4,0.9893424428525763,0.32045507919214916,0.9678187791335815,0.9995487244583117,0.18779655723671485,case_patch_macro
real_A_state_oracle,HCC_PA0.nii.gz,foreground,pairwise_joint_product,4,0.9749206039726509,0.08102285576535036,0.9680129005016394,0.9990872985213372,0.25214645491990045,case_patch_macro
real_A_state_oracle,HCC_PA0.nii.gz,overall,pairwise_joint_product,4,0.9889457490709093,0.30246260006810094,0.9659186503577007,0.9995102393666214,0.1917049940578701,case_patch_macro
real_A_state_oracle,HCC_PA0.nii.gz,background,pairwise_world_stability,4,0.9893424428525763,0.5095227742975765,0.949243223423121,0.9986730302719825,0.1802865232872489,case_patch_macro
real_A_state_oracle,HCC_PA0.nii.gz,foreground,pairwise_world_stability,4,0.9749206039726509,0.33264787517967304,0.9615070734307821,0.9989756857037047,0.2560137317934277,case_patch_macro
real_A_state_oracle,HCC_PA0.nii.gz,overall,pairwise_world_stability,4,0.9889457490709093,0.49999993216588295,0.9485199185101845,0.9988334569980801,0.18460241387974777,case_patch_macro
existing_WP_imagined,CYST_PA37.nii.gz,background,blur_joint_product,4,0.9976903541992679,0.296063163205589,0.9885724209308622,0.9999502949576059,0.09255769414367916,case_patch_macro
existing_WP_imagined,CYST_PA37.nii.gz,foreground,blur_joint_product,4,0.9213361102308332,0.09230414077462208,0.8445564185237123,0.9830264413577909,0.31705598229666926,case_patch_macro
existing_WP_imagined,CYST_PA37.nii.gz,overall,blur_joint_product,4,0.9967878129747179,0.2928442099020024,0.9873883404130485,0.9999344077258577,0.10930097618609257,case_patch_macro
existing_WP_imagined,CYST_PA37.nii.gz,background,blur_world_stability,4,0.9976903541992679,0.504050067114995,0.9598470537263691,0.9997389242181587,0.09059886469541108,case_patch_macro
existing_WP_imagined,CYST_PA37.nii.gz,foreground,blur_world_stability,4,0.9213361102308332,0.22943405731821195,0.8060989637552405,0.9788121563937923,0.2866241395385226,case_patch_macro
existing_WP_imagined,CYST_PA37.nii.gz,overall,blur_world_stability,4,0.9967878129747179,0.49999993168082335,0.9661710906115765,0.9997209220732062,0.10845048557957171,case_patch_macro
existing_WP_imagined,CYST_PA37.nii.gz,background,confidence_rank,4,0.9976903541992679,0.5047599854403658,0.9849386184911121,0.9999111590706865,0.09230445598807097,case_patch_macro
existing_WP_imagined,CYST_PA37.nii.gz,foreground,confidence_rank,4,0.9213361102308332,0.1852231084991968,0.8507422045152561,0.9828075595103228,0.3233692117880167,case_patch_macro
existing_WP_imagined,CYST_PA37.nii.gz,overall,confidence_rank,4,0.9967878129747179,0.500000072070897,0.9848939374767727,0.9998985793306713,0.1092611772793796,case_patch_macro
existing_WP_imagined,CYST_PA37.nii.gz,background,gamma_joint_product,4,0.9976903541992679,0.27441303220324087,0.9662834272876876,0.9998627562688474,0.0886364429694061,case_patch_macro
existing_WP_imagined,CYST_PA37.nii.gz,foreground,gamma_joint_product,4,0.9213361102308332,0.10773277213385613,0.9027791111261957,0.9904336781826601,0.37457088625283336,case_patch_macro
existing_WP_imagined,CYST_PA37.nii.gz,overall,gamma_joint_product,4,0.9967878129747179,0.2717974047737308,0.9717639367919729,0.9998507245268383,0.10619940942761259,case_patch_macro
existing_WP_imagined,CYST_PA37.nii.gz,background,gamma_world_stability,4,0.9976903541992679,0.500254122348898,0.7926657487759877,0.9990636800541364,0.08050831038795771,case_patch_macro
existing_WP_imagined,CYST_PA37.nii.gz,foreground,gamma_world_stability,4,0.9213361102308332,0.461280699771629,0.8874645509159348,0.9874892020362401,0.4726875089619252,case_patch_macro
existing_WP_imagined,CYST_PA37.nii.gz,overall,gamma_world_stability,4,0.9967878129747179,0.4999999409454143,0.842814620813996,0.9990346972359859,0.11156023455559516,case_patch_macro
existing_WP_imagined,CYST_PA37.nii.gz,background,pairwise_joint_product,4,0.9976903541992679,0.29675831353212634,0.9888806163682085,0.9999510283402948,0.0926111305865928,case_patch_macro
existing_WP_imagined,CYST_PA37.nii.gz,foreground,pairwise_joint_product,4,0.9213361102308332,0.09246644580340146,0.8450146818186802,0.9830682980335469,0.3174184864258558,case_patch_macro
existing_WP_imagined,CYST_PA37.nii.gz,overall,pairwise_joint_product,4,0.9967878129747179,0.29352596194164216,0.9876462444828847,0.9999353449712622,0.1093558261314483,case_patch_macro
existing_WP_imagined,CYST_PA37.nii.gz,background,pairwise_world_stability,4,0.9976903541992679,0.5041025730231544,0.9638396829104469,0.9997639177704739,0.09125677592237746,case_patch_macro
existing_WP_imagined,CYST_PA37.nii.gz,foreground,pairwise_world_stability,4,0.9213361102308332,0.22566989556236214,0.808612356550395,0.9792517515597559,0.28873186838172177,case_patch_macro
existing_WP_imagined,CYST_PA37.nii.gz,overall,pairwise_world_stability,4,0.9967878129747179,0.49999992485830774,0.9691839710381266,0.9997484133683228,0.10903416970405705,case_patch_macro
full_real,CYST_PA37.nii.gz,background,blur_joint_product,4,0.9976903541992679,0.29926153152038976,0.994107264583176,0.9999704471652946,0.09237085119184592,case_patch_macro
full_real,CYST_PA37.nii.gz,foreground,blur_joint_product,4,0.9213361102308332,0.035315368210979366,0.8221069053693321,0.9782342397705813,0.291666874919862,case_patch_macro
full_real,CYST_PA37.nii.gz,overall,blur_joint_product,4,0.9967878129747179,0.2952644298707795,0.9916150353332909,0.9999554662177335,0.10889165091043122,case_patch_macro
full_real,CYST_PA37.nii.gz,background,blur_world_stability,4,0.9976903541992679,0.5056467451041785,0.9866323167484837,0.9998995198307327,0.09148258032354724,case_patch_macro
full_real,CYST_PA37.nii.gz,foreground,blur_world_stability,4,0.9213361102308332,0.10110495805289647,0.7441266687392908,0.964715316222215,0.21535056203951,case_patch_macro
full_real,CYST_PA37.nii.gz,overall,blur_world_stability,4,0.9967878129747179,0.49999993103510526,0.9845554194786005,0.9998779829043016,0.10788075350670263,case_patch_macro
full_real,CYST_PA37.nii.gz,background,confidence_rank,4,0.9976903541992679,0.5047599854403658,0.9849386184911121,0.9999111590706865,0.09230445598807097,case_patch_macro
full_real,CYST_PA37.nii.gz,foreground,confidence_rank,4,0.9213361102308332,0.1852231084991968,0.8507422045152561,0.9828075595103228,0.3233692117880167,case_patch_macro
full_real,CYST_PA37.nii.gz,overall,confidence_rank,4,0.9967878129747179,0.500000072070897,0.9848939374767727,0.9998985793306713,0.1092611772793796,case_patch_macro
full_real,CYST_PA37.nii.gz,background,gamma_joint_product,4,0.9976903541992679,0.296387686776928,0.9801037241600259,0.9998943727924466,0.09119359604063848,case_patch_macro
full_real,CYST_PA37.nii.gz,foreground,gamma_joint_product,4,0.9213361102308332,0.13257711558294,0.8764632912440103,0.9870657901902877,0.3473495909719085,case_patch_macro
full_real,CYST_PA37.nii.gz,overall,gamma_joint_product,4,0.9967878129747179,0.2937737200921181,0.9817037629040669,0.9998836858253677,0.10833243332936464,case_patch_macro
full_real,CYST_PA37.nii.gz,background,gamma_world_stability,4,0.9976903541992679,0.5016804557303126,0.9406658622425974,0.9996923567478582,0.0876218831742283,case_patch_macro
full_real,CYST_PA37.nii.gz,foreground,gamma_world_stability,4,0.9213361102308332,0.36865628405773493,0.8724680880306058,0.9869369059660529,0.36081138195551027,case_patch_macro
full_real,CYST_PA37.nii.gz,overall,gamma_world_stability,4,0.9967878129747179,0.499999930832789,0.952638195001844,0.9996847910144999,0.10636863699890903,case_patch_macro
full_real,CYST_PA37.nii.gz,background,pairwise_joint_product,4,0.9976903541992679,0.3018870098875371,0.9946022480021836,0.999973224259424,0.09245500907991105,case_patch_macro
full_real,CYST_PA37.nii.gz,foreground,pairwise_joint_product,4,0.9213361102308332,0.033653848530685405,0.8279483337680903,0.9787993551557569,0.29677970302583206,case_patch_macro
full_real,CYST_PA37.nii.gz,overall,pairwise_joint_product,4,0.9967878129747179,0.2978175728590012,0.9921555963800296,0.9999589993532036,0.10900531446414802,case_patch_macro
full_real,CYST_PA37.nii.gz,background,pairwise_world_stability,4,0.9976903541992679,0.5059415463602355,0.9919702642427256,0.9999509519074867,0.09232878682950556,case_patch_macro
full_real,CYST_PA37.nii.gz,foreground,pairwise_world_stability,4,0.9213361102308332,0.08323311199870394,0.7626096909040875,0.9666452932701307,0.23190362583704027,case_patch_macro
full_real,CYST_PA37.nii.gz,overall,pairwise_world_stability,4,0.9967878129747179,0.49999993344372506,0.9891021769636827,0.9999329098877677,0.10873089964295994,case_patch_macro
real_A_state_oracle,CYST_PA37.nii.gz,background,blur_joint_product,4,0.9976903541992679,0.2996198375013289,0.985271943715255,0.9999217892388322,0.0916735397824852,case_patch_macro
real_A_state_oracle,CYST_PA37.nii.gz,foreground,blur_joint_product,4,0.9213361102308332,0.09831632974931105,0.8555322373080697,0.9839630627455325,0.3264201553946327,case_patch_macro
real_A_state_oracle,CYST_PA37.nii.gz,overall,blur_joint_product,4,0.9967878129747179,0.2963606890218603,0.9851447842136237,0.999908620993503,0.10855428867887416,case_patch_macro
real_A_state_oracle,CYST_PA37.nii.gz,background,blur_world_stability,4,0.9976903541992679,0.5039998072433267,0.9630931137427489,0.9997367188916253,0.08893242510564364,case_patch_macro
real_A_state_oracle,CYST_PA37.nii.gz,foreground,blur_world_stability,4,0.9213361102308332,0.23095361152471758,0.831119117356811,0.9815635934336533,0.3083345603879044,case_patch_macro
real_A_state_oracle,CYST_PA37.nii.gz,overall,blur_world_stability,4,0.9967878129747179,0.4999999386442895,0.9682401503646849,0.9997241147958904,0.10650270631375713,case_patch_macro
real_A_state_oracle,CYST_PA37.nii.gz,background,confidence_rank,4,0.9976903541992679,0.5047599854403658,0.9849386184911121,0.9999111590706865,0.09230445598807097,case_patch_macro
real_A_state_oracle,CYST_PA37.nii.gz,foreground,confidence_rank,4,0.9213361102308332,0.1852231084991968,0.8507422045152561,0.9828075595103228,0.3233692117880167,case_patch_macro
real_A_state_oracle,CYST_PA37.nii.gz,overall,confidence_rank,4,0.9967878129747179,0.500000072070897,0.9848939374767727,0.9998985793306713,0.1092611772793796,case_patch_macro
real_A_state_oracle,CYST_PA37.nii.gz,background,gamma_joint_product,4,0.9976903541992679,0.29417537556170326,0.9775667701511987,0.9998941034847049,0.09075665115453298,case_patch_macro
real_A_state_oracle,CYST_PA37.nii.gz,foreground,gamma_joint_product,4,0.9213361102308332,0.13154379763865373,0.880862919567341,0.987794261827949,0.352030063003379,case_patch_macro
real_A_state_oracle,CYST_PA37.nii.gz,overall,gamma_joint_product,4,0.9967878129747179,0.2915730250492323,0.9798779891291849,0.9998829763831294,0.10798394985428318,case_patch_macro
real_A_state_oracle,CYST_PA37.nii.gz,background,gamma_world_stability,4,0.9976903541992679,0.5007800130413782,0.916627614744713,0.9995735540726605,0.08539697106678022,case_patch_macro
real_A_state_oracle,CYST_PA37.nii.gz,foreground,gamma_world_stability,4,0.9213361102308332,0.41915963623894825,0.8730017973925189,0.9872257564938433,0.37207623910328763,case_patch_macro
real_A_state_oracle,CYST_PA37.nii.gz,overall,gamma_world_stability,4,0.9967878129747179,0.49999993552173944,0.9349394837193605,0.999567854698654,0.10530970577858016,case_patch_macro
real_A_state_oracle,CYST_PA37.nii.gz,background,pairwise_joint_product,4,0.9976903541992679,0.3024384187062567,0.9865572355338035,0.9999285819266625,0.09188668153129624,case_patch_macro
real_A_state_oracle,CYST_PA37.nii.gz,foreground,pairwise_joint_product,4,0.9213361102308332,0.0966730576148413,0.8564205645235985,0.9837640640032933,0.32668738822030297,case_patch_macro
real_A_state_oracle,CYST_PA37.nii.gz,overall,pairwise_joint_product,4,0.9967878129747179,0.2990897824670391,0.9861863048143656,0.9999158575782013,0.1087491694327667,case_patch_macro
real_A_state_oracle,CYST_PA37.nii.gz,background,pairwise_world_stability,4,0.9976903541992679,0.5043826567227963,0.9741190730677204,0.9998288067172109,0.09073110333229496,case_patch_macro
real_A_state_oracle,CYST_PA37.nii.gz,foreground,pairwise_world_stability,4,0.9213361102308332,0.20685139015323797,0.8395443525166496,0.982137785236691,0.3141108618901857,case_patch_macro
real_A_state_oracle,CYST_PA37.nii.gz,overall,pairwise_world_stability,4,0.9967878129747179,0.49999993146530464,0.9764616193164514,0.9998174042692827,0.10798745323038118,case_patch_macro
existing_WP_imagined,ICC_PA18.nii.gz,background,blur_joint_product,4,0.9896630205534978,0.31265736424518786,0.9538542012447749,0.9992875890558507,0.17593931589987136,case_patch_macro
existing_WP_imagined,ICC_PA18.nii.gz,foreground,blur_joint_product,4,0.9605789595401214,0.08408574902152129,0.9188415204153789,0.9965220332363494,0.28393369463668844,case_patch_macro
existing_WP_imagined,ICC_PA18.nii.gz,overall,blur_joint_product,4,0.9882179189611364,0.30068296581795917,0.9547356654847973,0.9992109693584026,0.18734849659267602,case_patch_macro
existing_WP_imagined,ICC_PA18.nii.gz,background,blur_world_stability,4,0.9896630205534978,0.5023871079611529,0.8901035664988001,0.996629728914358,0.1505841353324955,case_patch_macro
existing_WP_imagined,ICC_PA18.nii.gz,foreground,blur_world_stability,4,0.9605789595401214,0.4042343478433907,0.8968123359151682,0.9955732764319646,0.28135680118507117,case_patch_macro
existing_WP_imagined,ICC_PA18.nii.gz,overall,blur_world_stability,4,0.9882179189611364,0.4999999321035657,0.9028825025838717,0.9969365250309496,0.16616087987976344,case_patch_macro
existing_WP_imagined,ICC_PA18.nii.gz,background,confidence_rank,4,0.9896630205534978,0.5184826317878182,0.9728944807043284,0.9995800740068884,0.18443382745032247,case_patch_macro
existing_WP_imagined,ICC_PA18.nii.gz,foreground,confidence_rank,4,0.9605789595401214,0.1418315061772115,0.9222294363009387,0.9962998985551632,0.28861617474436224,case_patch_macro
existing_WP_imagined,ICC_PA18.nii.gz,overall,confidence_rank,4,0.9882179189611364,0.5000000716031656,0.9707282404323819,0.9994914523026788,0.1948819285332738,case_patch_macro
existing_WP_imagined,ICC_PA18.nii.gz,background,gamma_joint_product,4,0.9896630205534978,0.29804715515372737,0.9310090366125173,0.9990059390775068,0.1670174550168544,case_patch_macro
existing_WP_imagined,ICC_PA18.nii.gz,foreground,gamma_joint_product,4,0.9605789595401214,0.09998157172322893,0.9475286020458026,0.9978433994398603,0.30273877687242745,case_patch_macro
existing_WP_imagined,ICC_PA18.nii.gz,overall,gamma_joint_product,4,0.9882179189611364,0.288071591929427,0.938721935757247,0.9989995443389266,0.1810449372861316,case_patch_macro
existing_WP_imagined,ICC_PA18.nii.gz,background,gamma_world_stability,4,0.9896630205534978,0.49381496948436265,0.7557178732560307,0.9942108136579119,0.1085537241748961,case_patch_macro
existing_WP_imagined,ICC_PA18.nii.gz,foreground,gamma_world_stability,4,0.9605789595401214,0.5764803355376144,0.9317498295956895,0.9968954028981786,0.4103217406834772,case_patch_macro
existing_WP_imagined,ICC_PA18.nii.gz,overall,gamma_world_stability,4,0.9882179189611364,0.4999999422804093,0.7951049259007382,0.9947802486044448,0.13598590320181267,case_patch_macro
existing_WP_imagined,ICC_PA18.nii.gz,background,pairwise_joint_product,4,0.9896630205534978,0.3133503795602457,0.9548450811754908,0.9993033069109598,0.17637330008434246,case_patch_macro
existing_WP_imagined,ICC_PA18.nii.gz,foreground,pairwise_joint_product,4,0.9605789595401214,0.08404669618931486,0.9195112680904645,0.9965531296297093,0.28438975595615745,case_patch_macro
existing_WP_imagined,ICC_PA18.nii.gz,overall,pairwise_joint_product,4,0.9882179189611364,0.30131911714779597,0.9556988564538266,0.9992282514555192,0.18779478692943777,case_patch_macro
existing_WP_imagined,ICC_PA18.nii.gz,background,pairwise_world_stability,4,0.9896630205534978,0.502542829467776,0.8979798739426507,0.9968943761712932,0.15386492269846894,case_patch_macro
existing_WP_imagined,ICC_PA18.nii.gz,foreground,pairwise_world_stability,4,0.9605789595401214,0.401331635182067,0.9010438485961645,0.9958322139085242,0.28401889227403343,case_patch_macro
existing_WP_imagined,ICC_PA18.nii.gz,overall,pairwise_world_stability,4,0.9882179189611364,0.4999999354459229,0.9095730782520112,0.9971769473503056,0.16906319665730804,case_patch_macro
full_real,ICC_PA18.nii.gz,background,blur_joint_product,4,0.9896630205534978,0.3164237279220734,0.962302205711636,0.9994448179359262,0.1790602467488189,case_patch_macro
full_real,ICC_PA18.nii.gz,foreground,blur_joint_product,4,0.9605789595401214,0.05594128547862209,0.880143770611089,0.9938883170549904,0.2603709606612193,case_patch_macro
full_real,ICC_PA18.nii.gz,overall,blur_joint_product,4,0.9882179189611364,0.3021636229106738,0.9609677176915327,0.9993456581995823,0.18964235324284917,case_patch_macro
full_real,ICC_PA18.nii.gz,background,blur_world_stability,4,0.9896630205534978,0.5104885672085632,0.929716260419236,0.997763667267136,0.1646367641243458,case_patch_macro
full_real,ICC_PA18.nii.gz,foreground,blur_world_stability,4,0.9605789595401214,0.2473951807521888,0.8170131700114268,0.9907379382347435,0.22394793885200884,case_patch_macro
full_real,ICC_PA18.nii.gz,overall,blur_world_stability,4,0.9882179189611364,0.49999993156618694,0.9325759394069645,0.9978981146421174,0.17633628316088112,case_patch_macro
full_real,ICC_PA18.nii.gz,background,confidence_rank,4,0.9896630205534978,0.5184826317878182,0.9728944807043284,0.9995800740068884,0.18443382745032247,case_patch_macro
full_real,ICC_PA18.nii.gz,foreground,confidence_rank,4,0.9605789595401214,0.1418315061772115,0.9222294363009387,0.9962998985551632,0.28861617474436224,case_patch_macro
full_real,ICC_PA18.nii.gz,overall,confidence_rank,4,0.9882179189611364,0.5000000716031656,0.9707282404323819,0.9994914523026788,0.1948819285332738,case_patch_macro
full_real,ICC_PA18.nii.gz,background,gamma_joint_product,4,0.9896630205534978,0.31103598645847286,0.9547022711213353,0.9993448884464844,0.17704433061478494,case_patch_macro
full_real,ICC_PA18.nii.gz,foreground,gamma_joint_product,4,0.9605789595401214,0.09567931589207357,0.92973651482527,0.9970267073053046,0.2905066980093956,case_patch_macro
full_real,ICC_PA18.nii.gz,overall,gamma_joint_product,4,0.9882179189611364,0.2999822173221814,0.9557739176403762,0.99927432583428,0.18854502630623082,case_patch_macro
full_real,ICC_PA18.nii.gz,background,gamma_world_stability,4,0.9896630205534978,0.49937940998743213,0.8766735104820773,0.9966197893155279,0.14903678106193585,case_patch_macro
full_real,ICC_PA18.nii.gz,foreground,gamma_world_stability,4,0.9605789595401214,0.4846818200631771,0.913930495826298,0.9962892499569626,0.3017140296421659,case_patch_macro
full_real,ICC_PA18.nii.gz,overall,gamma_world_stability,4,0.9882179189611364,0.4999999331718641,0.891168927082373,0.9969618669442988,0.16509868043008843,case_patch_macro
full_real,ICC_PA18.nii.gz,background,pairwise_joint_product,4,0.9896630205534978,0.3193453759324402,0.9658805210323972,0.9995023195000667,0.18068999889744605,case_patch_macro
full_real,ICC_PA18.nii.gz,foreground,pairwise_joint_product,4,0.9605789595401214,0.05280461481914681,0.8836221092956246,0.9940969958782769,0.2623875823064517,case_patch_macro
full_real,ICC_PA18.nii.gz,overall,pairwise_joint_product,4,0.9882179189611364,0.3046168522536914,0.9642133738899589,0.9994065079383301,0.19121415051546067,case_patch_macro
full_real,ICC_PA18.nii.gz,background,pairwise_world_stability,4,0.9896630205534978,0.5121173459747282,0.947587207088775,0.9985940365702258,0.1725728467497991,case_patch_macro
full_real,ICC_PA18.nii.gz,foreground,pairwise_world_stability,4,0.9605789595401214,0.22547269138319706,0.8292143271391118,0.991689729404155,0.23143141261062675,case_patch_macro
full_real,ICC_PA18.nii.gz,overall,pairwise_world_stability,4,0.9882179189611364,0.4999999317138157,0.9477307931719127,0.9986181868403509,0.18346612014785266,case_patch_macro
real_A_state_oracle,ICC_PA18.nii.gz,background,blur_joint_product,4,0.9896630205534978,0.3154168930443314,0.9602180699964133,0.9993868458939249,0.17850967106579899,case_patch_macro
real_A_state_oracle,ICC_PA18.nii.gz,foreground,blur_joint_product,4,0.9605789595401214,0.07387335527578094,0.8970903090207152,0.995139706358325,0.27114880155003546,case_patch_macro
real_A_state_oracle,ICC_PA18.nii.gz,overall,blur_joint_product,4,0.9882179189611364,0.30258189524745105,0.9599719074398648,0.999304947302193,0.18957686835710155,case_patch_macro
real_A_state_oracle,ICC_PA18.nii.gz,background,blur_world_stability,4,0.9896630205534978,0.5059122727329152,0.9198369738265066,0.9975007724183578,0.16154086594714276,case_patch_macro
real_A_state_oracle,ICC_PA18.nii.gz,foreground,blur_world_stability,4,0.9605789595401214,0.3151598810472886,0.8591232876380436,0.993588904000308,0.2535027965985559,case_patch_macro
real_A_state_oracle,ICC_PA18.nii.gz,overall,blur_world_stability,4,0.9882179189611364,0.499999932742111,0.9269159557600434,0.9976887074170371,0.17508700647616723,case_patch_macro
real_A_state_oracle,ICC_PA18.nii.gz,background,confidence_rank,4,0.9896630205534978,0.5184826317878182,0.9728944807043284,0.9995800740068884,0.18443382745032247,case_patch_macro
real_A_state_oracle,ICC_PA18.nii.gz,foreground,confidence_rank,4,0.9605789595401214,0.1418315061772115,0.9222294363009387,0.9962998985551632,0.28861617474436224,case_patch_macro
real_A_state_oracle,ICC_PA18.nii.gz,overall,confidence_rank,4,0.9882179189611364,0.5000000716031656,0.9707282404323819,0.9994914523026788,0.1948819285332738,case_patch_macro
real_A_state_oracle,ICC_PA18.nii.gz,background,gamma_joint_product,4,0.9896630205534978,0.3077794380070653,0.9487440166318506,0.999257260702312,0.1745807257037125,case_patch_macro
real_A_state_oracle,ICC_PA18.nii.gz,foreground,gamma_joint_product,4,0.9605789595401214,0.10199961257657998,0.930295986213542,0.9970919227646956,0.29133007160539,case_patch_macro
real_A_state_oracle,ICC_PA18.nii.gz,overall,gamma_joint_product,4,0.9882179189611364,0.29743845951117687,0.9512564789686695,0.9992000905541195,0.18661347207341797,case_patch_macro
real_A_state_oracle,ICC_PA18.nii.gz,background,gamma_world_stability,4,0.9896630205534978,0.4963742670158209,0.8464287379609622,0.9957993188920191,0.13770247150195503,case_patch_macro
real_A_state_oracle,ICC_PA18.nii.gz,foreground,gamma_world_stability,4,0.9605789595401214,0.5337320850395901,0.9095626799925279,0.99611060558596,0.31141501065093224,case_patch_macro
real_A_state_oracle,ICC_PA18.nii.gz,overall,gamma_world_stability,4,0.9882179189611364,0.49999993288982597,0.8666817538513829,0.9962721163678688,0.15583376120146317,case_patch_macro
real_A_state_oracle,ICC_PA18.nii.gz,background,pairwise_joint_product,4,0.9896630205534978,0.3177103313503358,0.9639105419581676,0.9994451033331682,0.1801434039775095,case_patch_macro
real_A_state_oracle,ICC_PA18.nii.gz,foreground,pairwise_joint_product,4,0.9605789595401214,0.07029096924413925,0.8968542400018867,0.99510087486636,0.2709127641466946,case_patch_macro
real_A_state_oracle,ICC_PA18.nii.gz,overall,pairwise_joint_product,4,0.9882179189611364,0.3044198689816733,0.9631550662156648,0.9993635577749928,0.19106694633995583,case_patch_macro
real_A_state_oracle,ICC_PA18.nii.gz,background,pairwise_world_stability,4,0.9896630205534978,0.5076967847148683,0.9389914659569968,0.9982358937340028,0.1697800022063668,case_patch_macro
real_A_state_oracle,ICC_PA18.nii.gz,foreground,pairwise_world_stability,4,0.9605789595401214,0.2917472338084722,0.8634196131923577,0.9938559107891587,0.2552049846295445,case_patch_macro
real_A_state_oracle,ICC_PA18.nii.gz,overall,pairwise_world_stability,4,0.9882179189611364,0.49999992703871815,0.9425283896195952,0.9983353912836137,0.18211265927427037,case_patch_macro
existing_WP_imagined,HCC_10081574_20140213.nii.gz,background,blur_joint_product,4,0.9981795458703664,0.2987919584337191,0.9903123307857166,0.999961692559559,0.07901223172251014,case_patch_macro
existing_WP_imagined,HCC_10081574_20140213.nii.gz,foreground,blur_joint_product,4,0.9497415813369767,0.20268084628109295,0.9287469147219177,0.9958277105849979,0.3253280060184948,case_patch_macro
existing_WP_imagined,HCC_10081574_20140213.nii.gz,overall,blur_joint_product,4,0.9973293587013526,0.2969099450278798,0.9907139494406852,0.9999552515097702,0.09869222712986496,case_patch_macro
existing_WP_imagined,HCC_10081574_20140213.nii.gz,background,blur_world_stability,4,0.9981795458703664,0.5011245310088945,0.9590029381770707,0.9997391971497144,0.07417176916016786,case_patch_macro
existing_WP_imagined,HCC_10081574_20140213.nii.gz,foreground,blur_world_stability,4,0.9497415813369767,0.42996743303577983,0.9097230399820244,0.9946124570664607,0.326984382711521,case_patch_macro
existing_WP_imagined,HCC_10081574_20140213.nii.gz,overall,blur_world_stability,4,0.9973293587013526,0.49999993252831026,0.9705135459618178,0.9997413607161765,0.09513376699197708,case_patch_macro
existing_WP_imagined,HCC_10081574_20140213.nii.gz,background,confidence_rank,4,0.9981795458703664,0.5036171154954717,0.9943693877050678,0.9999666960049266,0.07976069549975111,case_patch_macro
existing_WP_imagined,HCC_10081574_20140213.nii.gz,foreground,confidence_rank,4,0.9497415813369767,0.3012109679394694,0.9361623249903129,0.996153833298613,0.3353695940641242,case_patch_macro
existing_WP_imagined,HCC_10081574_20140213.nii.gz,overall,confidence_rank,4,0.9973293587013526,0.500000069333527,0.9935983550666935,0.9999611049237731,0.09937032157147897,case_patch_macro
existing_WP_imagined,HCC_10081574_20140213.nii.gz,background,gamma_joint_product,4,0.9981795458703664,0.28345891465323425,0.9763605941542952,0.9999250289062095,0.07648626115293668,case_patch_macro
existing_WP_imagined,HCC_10081574_20140213.nii.gz,foreground,gamma_joint_product,4,0.9497415813369767,0.2051980446576798,0.947847569050043,0.997097032039119,0.3447113565357561,case_patch_macro
existing_WP_imagined,HCC_10081574_20140213.nii.gz,overall,gamma_joint_product,4,0.9973293587013526,0.2819430731351553,0.9817169251027936,0.9999204848961647,0.09669995483587161,case_patch_macro
existing_WP_imagined,HCC_10081574_20140213.nii.gz,background,gamma_world_stability,4,0.9981795458703664,0.4984672962731782,0.8220288837048629,0.9992358340911347,0.058739641768851526,case_patch_macro
existing_WP_imagined,HCC_10081574_20140213.nii.gz,foreground,gamma_world_stability,4,0.9497415813369767,0.569929467237589,0.9309397265583157,0.9955673528057369,0.4955144728923426,case_patch_macro
existing_WP_imagined,HCC_10081574_20140213.nii.gz,overall,gamma_world_stability,4,0.9973293587013526,0.49999993658133657,0.8811543770243914,0.9992322233060347,0.08886310745172803,case_patch_macro
existing_WP_imagined,HCC_10081574_20140213.nii.gz,background,pairwise_joint_product,4,0.9981795458703664,0.2997972231468635,0.9905970683964593,0.9999624557605001,0.07906237475965887,case_patch_macro
existing_WP_imagined,HCC_10081574_20140213.nii.gz,foreground,pairwise_joint_product,4,0.9497415813369767,0.20311805287979193,0.9288589278220271,0.9958337113411816,0.3253866351611312,case_patch_macro
existing_WP_imagined,HCC_10081574_20140213.nii.gz,overall,pairwise_joint_product,4,0.9973293587013526,0.2978976117536225,0.9909208662826255,0.9999560418957631,0.09873682785384809,case_patch_macro
existing_WP_imagined,HCC_10081574_20140213.nii.gz,background,pairwise_world_stability,4,0.9981795458703664,0.5011474067449857,0.9626122308535611,0.9997570688191502,0.07474000878756894,case_patch_macro
existing_WP_imagined,HCC_10081574_20140213.nii.gz,foreground,pairwise_world_stability,4,0.9497415813369767,0.4287292169720552,0.9109796984889355,0.9947227292311837,0.32757636486528585,case_patch_macro
existing_WP_imagined,HCC_10081574_20140213.nii.gz,overall,pairwise_world_stability,4,0.9973293587013526,0.4999999322372488,0.9729781887515229,0.9997600066618751,0.09559854300079433,case_patch_macro
full_real,HCC_10081574_20140213.nii.gz,background,blur_joint_product,4,0.9981795458703664,0.29977847576021455,0.9931169949326626,0.9999677360658942,0.0794721279965573,case_patch_macro
full_real,HCC_10081574_20140213.nii.gz,foreground,blur_joint_product,4,0.9497415813369767,0.16083631561884434,0.9228639643669725,0.9954059272118266,0.3187662731877019,case_patch_macro
full_real,HCC_10081574_20140213.nii.gz,overall,blur_joint_product,4,0.9973293587013526,0.29704938436421885,0.992257444360155,0.9999604357161044,0.09899882549634442,case_patch_macro
full_real,HCC_10081574_20140213.nii.gz,background,blur_world_stability,4,0.9981795458703664,0.5042618538055594,0.9843099010808768,0.9998847652758659,0.07782951520921257,case_patch_macro
full_real,HCC_10081574_20140213.nii.gz,foreground,blur_world_stability,4,0.9497415813369767,0.26492959531177934,0.8819116644905091,0.9927300936810931,0.2908085709782304,case_patch_macro
full_real,HCC_10081574_20140213.nii.gz,overall,blur_world_stability,4,0.9973293587013526,0.4999999376418747,0.9846512387657474,0.9998765827158749,0.09735806107087092,case_patch_macro
full_real,HCC_10081574_20140213.nii.gz,background,confidence_rank,4,0.9981795458703664,0.5036171154954717,0.9943693877050678,0.9999666960049266,0.07976069549975111,case_patch_macro
full_real,HCC_10081574_20140213.nii.gz,foreground,confidence_rank,4,0.9497415813369767,0.3012109679394694,0.9361623249903129,0.996153833298613,0.3353695940641242,case_patch_macro
full_real,HCC_10081574_20140213.nii.gz,overall,confidence_rank,4,0.9973293587013526,0.500000069333527,0.9935983550666935,0.9999611049237731,0.09937032157147897,case_patch_macro
full_real,HCC_10081574_20140213.nii.gz,background,gamma_joint_product,4,0.9981795458703664,0.30114013627171826,0.9904638793997859,0.9999669916251173,0.07901868228072627,case_patch_macro
full_real,HCC_10081574_20140213.nii.gz,foreground,gamma_joint_product,4,0.9497415813369767,0.24131156712306945,0.9331692046566401,0.9961334755498364,0.33022300737139004,case_patch_macro
full_real,HCC_10081574_20140213.nii.gz,overall,gamma_joint_product,4,0.9973293587013526,0.2998970884852462,0.9907856080853414,0.999960209401008,0.09869626335228253,case_patch_macro
full_real,HCC_10081574_20140213.nii.gz,background,gamma_world_stability,4,0.9981795458703664,0.5003644957868024,0.9568531914411759,0.9996711425627689,0.07377636596155847,case_patch_macro
full_real,HCC_10081574_20140213.nii.gz,foreground,gamma_world_stability,4,0.9497415813369767,0.47146229008303053,0.9183879180353687,0.9952680696957472,0.3407072883395421,case_patch_macro
full_real,HCC_10081574_20140213.nii.gz,overall,gamma_world_stability,4,0.9973293587013526,0.4999999324424136,0.9687543932750323,0.9996816124243154,0.09488400210930746,case_patch_macro
full_real,HCC_10081574_20140213.nii.gz,background,pairwise_joint_product,4,0.9981795458703664,0.304772483882122,0.9942397097394516,0.9999781702313327,0.07967962047901288,case_patch_macro
full_real,HCC_10081574_20140213.nii.gz,foreground,pairwise_joint_product,4,0.9497415813369767,0.15089851076436323,0.9267204281736395,0.9956723284547754,0.3217206959690428,case_patch_macro
full_real,HCC_10081574_20140213.nii.gz,overall,pairwise_joint_product,4,0.9973293587013526,0.3017234468329604,0.9930674390998305,0.999970405629344,0.0991788892396024,case_patch_macro
full_real,HCC_10081574_20140213.nii.gz,background,pairwise_world_stability,4,0.9981795458703664,0.5050865265087906,0.9899241516295868,0.9999366652931398,0.07885494094683772,case_patch_macro
full_real,HCC_10081574_20140213.nii.gz,foreground,pairwise_world_stability,4,0.9497415813369767,0.22255655967711344,0.8973909078134884,0.9939213401715067,0.30198800647417773,case_patch_macro
full_real,HCC_10081574_20140213.nii.gz,overall,pairwise_world_stability,4,0.9973293587013526,0.49999993823397476,0.9889165342856995,0.9999278430555255,0.09828297208588714,case_patch_macro
real_A_state_oracle,HCC_10081574_20140213.nii.gz,background,blur_joint_product,4,0.9981795458703664,0.3003544468281302,0.9912484146564765,0.9999626746885003,0.07916575596797813,case_patch_macro
real_A_state_oracle,HCC_10081574_20140213.nii.gz,foreground,blur_joint_product,4,0.9497415813369767,0.19585712745568928,0.9340090137225273,0.9961470907162803,0.32886280454130384,case_patch_macro
real_A_state_oracle,HCC_10081574_20140213.nii.gz,overall,blur_joint_product,4,0.9973293587013526,0.2982880120661637,0.9913969894908464,0.9999564690324201,0.09882581870475234,case_patch_macro
real_A_state_oracle,HCC_10081574_20140213.nii.gz,background,blur_world_stability,4,0.9981795458703664,0.5022227466829168,0.9680877445021855,0.9997773962573286,0.0754373190189953,case_patch_macro
real_A_state_oracle,HCC_10081574_20140213.nii.gz,foreground,blur_world_stability,4,0.9497415813369767,0.3682488201083976,0.915641341609691,0.994994764794149,0.3254943015931962,case_patch_macro
real_A_state_oracle,HCC_10081574_20140213.nii.gz,overall,blur_world_stability,4,0.9973293587013526,0.4999999315952719,0.9759534162406097,0.9997784175084583,0.09589957504489988,case_patch_macro
real_A_state_oracle,HCC_10081574_20140213.nii.gz,background,confidence_rank,4,0.9981795458703664,0.5036171154954717,0.9943693877050678,0.9999666960049266,0.07976069549975111,case_patch_macro
real_A_state_oracle,HCC_10081574_20140213.nii.gz,foreground,confidence_rank,4,0.9497415813369767,0.3012109679394694,0.9361623249903129,0.996153833298613,0.3353695940641242,case_patch_macro
real_A_state_oracle,HCC_10081574_20140213.nii.gz,overall,confidence_rank,4,0.9973293587013526,0.500000069333527,0.9935983550666935,0.9999611049237731,0.09937032157147897,case_patch_macro
real_A_state_oracle,HCC_10081574_20140213.nii.gz,background,gamma_joint_product,4,0.9981795458703664,0.29897445740827333,0.9869484271908048,0.9999521218305214,0.07839902733579002,case_patch_macro
real_A_state_oracle,HCC_10081574_20140213.nii.gz,foreground,gamma_joint_product,4,0.9497415813369767,0.24289981751800038,0.9396035914446546,0.9965226189505509,0.3358899960150516,case_patch_macro
real_A_state_oracle,HCC_10081574_20140213.nii.gz,overall,gamma_joint_product,4,0.9973293587013526,0.2978165748806715,0.9887464150261476,0.9999467035608127,0.09825066291155164,case_patch_macro
real_A_state_oracle,HCC_10081574_20140213.nii.gz,background,gamma_world_stability,4,0.9981795458703664,0.49923786771188744,0.9319661844289501,0.9995786515360072,0.06991267094150404,case_patch_macro
real_A_state_oracle,HCC_10081574_20140213.nii.gz,foreground,gamma_world_stability,4,0.9497415813369767,0.5289956041769477,0.9287781865816908,0.995841014699915,0.3640454966646854,case_patch_macro
real_A_state_oracle,HCC_10081574_20140213.nii.gz,overall,gamma_world_stability,4,0.9973293587013526,0.499999931231074,0.9541845256732939,0.9995910893164617,0.09217395927522594,case_patch_macro
real_A_state_oracle,HCC_10081574_20140213.nii.gz,background,pairwise_joint_product,4,0.9981795458703664,0.3039957468106503,0.992750994813497,0.9999688734314414,0.07942139478750586,case_patch_macro
real_A_state_oracle,HCC_10081574_20140213.nii.gz,foreground,pairwise_joint_product,4,0.9497415813369767,0.18931142691507277,0.9359245955384862,0.9962475422871643,0.32996849472034867,case_patch_macro
real_A_state_oracle,HCC_10081574_20140213.nii.gz,overall,pairwise_joint_product,4,0.9973293587013526,0.30170583651340627,0.9923992794870976,0.9999625160067165,0.09904005011410615,case_patch_macro
real_A_state_oracle,HCC_10081574_20140213.nii.gz,background,pairwise_world_stability,4,0.9981795458703664,0.5030519680846559,0.9811483536205795,0.9998531409858662,0.07747281423054346,case_patch_macro
real_A_state_oracle,HCC_10081574_20140213.nii.gz,foreground,pairwise_world_stability,4,0.9497415813369767,0.3257241005396976,0.9241406825922756,0.995552355105264,0.3288331918743029,case_patch_macro
real_A_state_oracle,HCC_10081574_20140213.nii.gz,overall,pairwise_world_stability,4,0.9973293587013526,0.49999992906892926,0.9842579766916169,0.9998528136601403,0.09750346982151702,case_patch_macro
existing_WP_imagined,MET_PA19.nii.gz,background,blur_joint_product,4,0.9986837026728994,0.2922755003801227,0.992668040667055,0.9999689562231597,0.07612944872732214,case_patch_macro
existing_WP_imagined,MET_PA19.nii.gz,foreground,blur_joint_product,4,0.8301565720525087,0.008755404350049472,0.601733579920933,0.8241923226073271,0.06488270396110525,case_patch_macro
existing_WP_imagined,MET_PA19.nii.gz,overall,blur_joint_product,4,0.9972077475653754,0.28803660732957737,0.989932029771149,0.9999499481208131,0.1108529397277528,case_patch_macro
existing_WP_imagined,MET_PA19.nii.gz,background,blur_world_stability,4,0.9986837026728994,0.506189791651448,0.9722811470873864,0.999858927797433,0.0778934160147557,case_patch_macro
existing_WP_imagined,MET_PA19.nii.gz,foreground,blur_world_stability,4,0.8301565720525087,0.04744101870156479,0.5376565748413821,0.8085138462792679,-0.014887387623250389,case_patch_macro
existing_WP_imagined,MET_PA19.nii.gz,overall,blur_world_stability,4,0.9972077475653754,0.4999999238190395,0.9781555317333842,0.9998345995662606,0.11493524379728239,case_patch_macro
existing_WP_imagined,MET_PA19.nii.gz,background,confidence_rank,4,0.9986837026728994,0.5064033670585576,0.9942860552530494,0.999962697709529,0.07717628032523179,case_patch_macro
existing_WP_imagined,MET_PA19.nii.gz,foreground,confidence_rank,4,0.8301565720525087,0.03677884955920658,0.6616964194796432,0.842510709070187,0.14359316979982362,case_patch_macro
existing_WP_imagined,MET_PA19.nii.gz,overall,confidence_rank,4,0.9972077475653754,0.5000000634946788,0.9916584155448565,0.999946983879452,0.11227108232800463,case_patch_macro
existing_WP_imagined,MET_PA19.nii.gz,background,gamma_joint_product,4,0.9986837026728994,0.27372296859905154,0.9816579620335535,0.9999402888331803,0.07502880775961544,case_patch_macro
existing_WP_imagined,MET_PA19.nii.gz,foreground,gamma_joint_product,4,0.8301565720525087,0.020827139047826456,0.7550827577261101,0.9052804761410754,0.2719625338135194,case_patch_macro
existing_WP_imagined,MET_PA19.nii.gz,overall,gamma_joint_product,4,0.9972077475653754,0.2700869588164064,0.9850998776103266,0.9999242161179225,0.11067719137883651,case_patch_macro
existing_WP_imagined,MET_PA19.nii.gz,background,gamma_world_stability,4,0.9986837026728994,0.5017061771451661,0.8683990736652808,0.9995890873189346,0.09397211739575899,case_patch_macro
existing_WP_imagined,MET_PA19.nii.gz,foreground,gamma_world_stability,4,0.8301565720525087,0.3120461703029786,0.7447626261015697,0.9163170449225028,0.29501575570657157,case_patch_macro
existing_WP_imagined,MET_PA19.nii.gz,overall,gamma_world_stability,4,0.9972077475653754,0.4999999298128749,0.9183270923000734,0.9995198302041035,0.1526663107566918,case_patch_macro
existing_WP_imagined,MET_PA19.nii.gz,background,pairwise_joint_product,4,0.9986837026728994,0.29293049925608916,0.9929068250193236,0.9999693389893017,0.07614876638605249,case_patch_macro
existing_WP_imagined,MET_PA19.nii.gz,foreground,pairwise_joint_product,4,0.8301565720525087,0.008756884763129642,0.6028328176746481,0.8245326018313085,0.06618032365163154,case_patch_macro
existing_WP_imagined,MET_PA19.nii.gz,overall,pairwise_joint_product,4,0.9972077475653754,0.28867717587854824,0.9901039673086753,0.9999505465970383,0.11086973505636706,case_patch_macro
existing_WP_imagined,MET_PA19.nii.gz,background,pairwise_world_stability,4,0.9986837026728994,0.5062080075537504,0.9752933968371749,0.9998705107014227,0.0781236310775614,case_patch_macro
existing_WP_imagined,MET_PA19.nii.gz,foreground,pairwise_world_stability,4,0.8301565720525087,0.04646457983099836,0.5406505454824925,0.8093896063021697,-0.011426019356720876,case_patch_macro
existing_WP_imagined,MET_PA19.nii.gz,overall,pairwise_world_stability,4,0.9972077475653754,0.4999999360247068,0.9799403706878813,0.9998490970700252,0.11503499254431737,case_patch_macro
full_real,MET_PA19.nii.gz,background,blur_joint_product,4,0.9986837026728994,0.2953512101272724,0.9960718616848719,0.9999879978889875,0.07632290017860463,case_patch_macro
full_real,MET_PA19.nii.gz,foreground,blur_joint_product,4,0.8301565720525087,0.006839913177173948,0.618005190736862,0.8282089470435855,0.0820681994861776,case_patch_macro
full_real,MET_PA19.nii.gz,overall,blur_joint_product,4,0.9972077475653754,0.2910523910086587,0.9922608739143811,0.9999703458650291,0.11087740385647515,case_patch_macro
full_real,MET_PA19.nii.gz,background,blur_world_stability,4,0.9986837026728994,0.5062221023445022,0.9890065381908976,0.9999336504173104,0.07649474990714793,case_patch_macro
full_real,MET_PA19.nii.gz,foreground,blur_world_stability,4,0.8301565720525087,0.04547280215353853,0.5601871904834677,0.8182001464218446,0.012464863643338023,case_patch_macro
full_real,MET_PA19.nii.gz,overall,blur_world_stability,4,0.9972077475653754,0.4999999274991099,0.9870221359082328,0.9999100294053165,0.11138990852699922,case_patch_macro
full_real,MET_PA19.nii.gz,background,confidence_rank,4,0.9986837026728994,0.5064033670585576,0.9942860552530494,0.999962697709529,0.07717628032523179,case_patch_macro
full_real,MET_PA19.nii.gz,foreground,confidence_rank,4,0.8301565720525087,0.03677884955920658,0.6616964194796432,0.842510709070187,0.14359316979982362,case_patch_macro
full_real,MET_PA19.nii.gz,overall,confidence_rank,4,0.9972077475653754,0.5000000634946788,0.9916584155448565,0.999946983879452,0.11227108232800463,case_patch_macro
full_real,MET_PA19.nii.gz,background,gamma_joint_product,4,0.9986837026728994,0.2919116626645124,0.9913895667288882,0.9999618129947956,0.0755281837150195,case_patch_macro
full_real,MET_PA19.nii.gz,foreground,gamma_joint_product,4,0.8301565720525087,0.021986281736676355,0.7119893429742303,0.873284741115773,0.21457479930116552,case_patch_macro
full_real,MET_PA19.nii.gz,overall,gamma_joint_product,4,0.9972077475653754,0.28793608332224874,0.9906777855510155,0.9999472455356568,0.11049585932149088,case_patch_macro
full_real,MET_PA19.nii.gz,background,gamma_world_stability,4,0.9986837026728994,0.503933194199884,0.9679292643547214,0.9998600946776373,0.07659839045702042,case_patch_macro
full_real,MET_PA19.nii.gz,foreground,gamma_world_stability,4,0.8301565720525087,0.1680258828590695,0.7297376006200768,0.8879697849250244,0.24645811148760496,case_patch_macro
full_real,MET_PA19.nii.gz,overall,gamma_world_stability,4,0.9972077475653754,0.49999993187692676,0.9787652169643845,0.9998434522020748,0.11430979737722441,case_patch_macro
full_real,MET_PA19.nii.gz,background,pairwise_joint_product,4,0.9986837026728994,0.29796963791750997,0.9965549491085056,0.9999898206365597,0.07558031213789007,case_patch_macro
full_real,MET_PA19.nii.gz,foreground,pairwise_joint_product,4,0.8301565720525087,0.005789850279144901,0.6293865602816416,0.8309653504199384,0.09760063853442942,case_patch_macro
full_real,MET_PA19.nii.gz,overall,pairwise_joint_product,4,0.9972077475653754,0.2935925347669339,0.9927919604697722,0.999972850927038,0.10992693829076815,case_patch_macro
full_real,MET_PA19.nii.gz,background,pairwise_world_stability,4,0.9986837026728994,0.5064592481408628,0.9930143964789142,0.9999601866520591,0.07569799097902846,case_patch_macro
full_real,MET_PA19.nii.gz,foreground,pairwise_world_stability,4,0.8301565720525087,0.033161488275054773,0.5903716858006438,0.8264513996314742,0.05339752989410949,case_patch_macro
full_real,MET_PA19.nii.gz,overall,pairwise_world_stability,4,0.9972077475653754,0.4999999394560767,0.9901017744943279,0.9999401157523685,0.11018155947487766,case_patch_macro
real_A_state_oracle,MET_PA19.nii.gz,background,blur_joint_product,4,0.9986837026728994,0.2952503293291553,0.992302338826916,0.9999548704927205,0.07533635055694983,case_patch_macro
real_A_state_oracle,MET_PA19.nii.gz,foreground,blur_joint_product,4,0.8301565720525087,0.014613439943181821,0.636380479789405,0.8423992489947908,0.1104465135759737,case_patch_macro
real_A_state_oracle,MET_PA19.nii.gz,overall,blur_joint_product,4,0.9972077475653754,0.2910792933846155,0.9901353035271961,0.9999377032936694,0.10995980093421392,case_patch_macro
real_A_state_oracle,MET_PA19.nii.gz,background,blur_world_stability,4,0.9986837026728994,0.505631915786703,0.9794435952952947,0.9998836733804264,0.075271138963683,case_patch_macro
real_A_state_oracle,MET_PA19.nii.gz,foreground,blur_world_stability,4,0.8301565720525087,0.07828889073414663,0.6072890648663959,0.8424460134942883,0.07858548075403639,case_patch_macro
real_A_state_oracle,MET_PA19.nii.gz,overall,blur_world_stability,4,0.9972077475653754,0.49999994086583555,0.9821589943325022,0.9998630282932004,0.11093863197084498,case_patch_macro
real_A_state_oracle,MET_PA19.nii.gz,background,confidence_rank,4,0.9986837026728994,0.5064033670585576,0.9942860552530494,0.999962697709529,0.07717628032523179,case_patch_macro
real_A_state_oracle,MET_PA19.nii.gz,foreground,confidence_rank,4,0.8301565720525087,0.03677884955920658,0.6616964194796432,0.842510709070187,0.14359316979982362,case_patch_macro
real_A_state_oracle,MET_PA19.nii.gz,overall,confidence_rank,4,0.9972077475653754,0.5000000634946788,0.9916584155448565,0.999946983879452,0.11227108232800463,case_patch_macro
real_A_state_oracle,MET_PA19.nii.gz,background,gamma_joint_product,4,0.9986837026728994,0.29045845392108877,0.9901168229780001,0.9999579059731251,0.07614320046806423,case_patch_macro
real_A_state_oracle,MET_PA19.nii.gz,foreground,gamma_joint_product,4,0.8301565720525087,0.02212221168177689,0.696499299770688,0.8666258188355168,0.1924330781853015,case_patch_macro
real_A_state_oracle,MET_PA19.nii.gz,overall,gamma_joint_product,4,0.9972077475653754,0.28648914076248994,0.9899984181201918,0.9999428569038058,0.11138133294509045,case_patch_macro
real_A_state_oracle,MET_PA19.nii.gz,background,gamma_world_stability,4,0.9986837026728994,0.5036235141995061,0.960425439542249,0.9998401754515267,0.08141870940978832,case_patch_macro
real_A_state_oracle,MET_PA19.nii.gz,foreground,gamma_world_stability,4,0.8301565720525087,0.18191575700246873,0.6964799125278628,0.874814847272471,0.20102600783010974,case_patch_macro
real_A_state_oracle,MET_PA19.nii.gz,overall,gamma_world_stability,4,0.9972077475653754,0.49999993539402066,0.9753013243726789,0.9998195222381514,0.12116475369253799,case_patch_macro
real_A_state_oracle,MET_PA19.nii.gz,background,pairwise_joint_product,4,0.9986837026728994,0.29767998577928634,0.9935957605064042,0.9999612846826176,0.07536501533492355,case_patch_macro
real_A_state_oracle,MET_PA19.nii.gz,foreground,pairwise_joint_product,4,0.8301565720525087,0.013019338102524848,0.6398894796016728,0.8403202361160123,0.1155331461687501,case_patch_macro
real_A_state_oracle,MET_PA19.nii.gz,overall,pairwise_joint_product,4,0.9972077475653754,0.2934252635707632,0.9909924657910879,0.9999443307908886,0.10989720955597387,case_patch_macro
real_A_state_oracle,MET_PA19.nii.gz,background,pairwise_world_stability,4,0.9986837026728994,0.5059862153830106,0.9882437376182489,0.999929258155348,0.07598317563021978,case_patch_macro
real_A_state_oracle,MET_PA19.nii.gz,foreground,pairwise_world_stability,4,0.8301565720525087,0.05893293443240653,0.6211897710444109,0.8428820859158654,0.09761587822468072,case_patch_macro
real_A_state_oracle,MET_PA19.nii.gz,overall,pairwise_world_stability,4,0.9972077475653754,0.49999993926982184,0.9874782191519502,0.9999102687490194,0.1110983143910681,case_patch_macro
existing_WP_imagined,HEM_PA24.nii.gz,background,blur_joint_product,4,0.997670104810697,0.29728689701184974,0.9882110356187939,0.9999658313039254,0.09491025783215669,case_patch_macro
existing_WP_imagined,HEM_PA24.nii.gz,foreground,blur_joint_product,4,0.9360123899146556,0.09136996015568621,0.8762009752552692,0.9893611382532539,0.31629895390024637,case_patch_macro
existing_WP_imagined,HEM_PA24.nii.gz,overall,blur_joint_product,4,0.9967395287972909,0.2930153337240226,0.9870861256845274,0.9999512486991665,0.11114186437327223,case_patch_macro
existing_WP_imagined,HEM_PA24.nii.gz,background,blur_world_stability,4,0.997670104810697,0.5047618623098755,0.9463000581620493,0.9996931326987141,0.08973295661796366,case_patch_macro
existing_WP_imagined,HEM_PA24.nii.gz,foreground,blur_world_stability,4,0.9360123899146556,0.2500559940603729,0.8487332799483621,0.9868466642457886,0.29940760604326494,case_patch_macro
existing_WP_imagined,HEM_PA24.nii.gz,overall,blur_world_stability,4,0.9967395287972909,0.4999999328331594,0.9551497303067582,0.9996805340835394,0.10730296060102557,case_patch_macro
existing_WP_imagined,HEM_PA24.nii.gz,background,confidence_rank,4,0.997670104810697,0.5065919136547709,0.9857165860781661,0.9999478970819468,0.09480157447602723,case_patch_macro
existing_WP_imagined,HEM_PA24.nii.gz,foreground,confidence_rank,4,0.9360123899146556,0.18014620116814725,0.8783581831649894,0.9894506252039846,0.32104136716216025,case_patch_macro
existing_WP_imagined,HEM_PA24.nii.gz,overall,confidence_rank,4,0.9967395287972909,0.5000000695018374,0.9849844331460896,0.9999352927398323,0.11114989894920015,case_patch_macro
existing_WP_imagined,HEM_PA24.nii.gz,background,gamma_joint_product,4,0.997670104810697,0.27702689190438406,0.9649616046488542,0.999896741057483,0.090715925270536,case_patch_macro
existing_WP_imagined,HEM_PA24.nii.gz,foreground,gamma_joint_product,4,0.9360123899146556,0.10584268803855885,0.919348857730112,0.9939599216477203,0.35847791269435464,case_patch_macro
existing_WP_imagined,HEM_PA24.nii.gz,overall,gamma_joint_product,4,0.9967395287972909,0.27338976214535327,0.9701269667510694,0.9998849711069846,0.10775429087771397,case_patch_macro
existing_WP_imagined,HEM_PA24.nii.gz,background,gamma_world_stability,4,0.997670104810697,0.4995905173549413,0.756922266100931,0.9988605644211492,0.06813999996149149,case_patch_macro
existing_WP_imagined,HEM_PA24.nii.gz,foreground,gamma_world_stability,4,0.9360123899146556,0.5040521433958058,0.8951258279298707,0.9906699346684169,0.47368544468045903,case_patch_macro
existing_WP_imagined,HEM_PA24.nii.gz,overall,gamma_world_stability,4,0.9967395287972909,0.49999994545246995,0.8136790373153925,0.9988389649301516,0.0971804006277086,case_patch_macro
existing_WP_imagined,HEM_PA24.nii.gz,background,pairwise_joint_product,4,0.997670104810697,0.2981398310866227,0.9885084303205772,0.9999665545213285,0.09496469720565491,case_patch_macro
existing_WP_imagined,HEM_PA24.nii.gz,foreground,pairwise_joint_product,4,0.9360123899146556,0.0916495069864075,0.8770568829674144,0.989447642406397,0.31701111800078147,case_patch_macro
existing_WP_imagined,HEM_PA24.nii.gz,overall,pairwise_joint_product,4,0.9967395287972909,0.2938489528826915,0.9873608896363689,0.9999522164921022,0.1112015733894152,case_patch_macro
existing_WP_imagined,HEM_PA24.nii.gz,background,pairwise_world_stability,4,0.997670104810697,0.5048133614736329,0.9508636193745196,0.9997199741766609,0.09055621242988875,case_patch_macro
existing_WP_imagined,HEM_PA24.nii.gz,foreground,pairwise_world_stability,4,0.9360123899146556,0.24734461750794304,0.8522336125079214,0.9872896058981184,0.3022061249021459,case_patch_macro
existing_WP_imagined,HEM_PA24.nii.gz,overall,pairwise_world_stability,4,0.9967395287972909,0.4999999370481031,0.9587446606531205,0.9997095970456609,0.10803958591971154,case_patch_macro
full_real,HEM_PA24.nii.gz,background,blur_joint_product,4,0.997670104810697,0.3001863214070377,0.9918944294948183,0.9999771079470996,0.09545287340114718,case_patch_macro
full_real,HEM_PA24.nii.gz,foreground,blur_joint_product,4,0.9360123899146556,0.056054977503701885,0.8342949257379968,0.9852791399489244,0.276404313724435,case_patch_macro
full_real,HEM_PA24.nii.gz,overall,blur_joint_product,4,0.9967395287972909,0.29543253334069963,0.9895437760905516,0.99996130340929,0.11149103808272405,case_patch_macro
full_real,HEM_PA24.nii.gz,background,blur_world_stability,4,0.997670104810697,0.5063623216192867,0.9758565705230318,0.9998527481303268,0.09358506360220877,case_patch_macro
full_real,HEM_PA24.nii.gz,foreground,blur_world_stability,4,0.9360123899146556,0.140719504175044,0.75298157983339,0.9768365437828562,0.2065583028366281,case_patch_macro
full_real,HEM_PA24.nii.gz,overall,blur_world_stability,4,0.9967395287972909,0.4999999317208706,0.9757680545867973,0.9998326423048041,0.10973831431613464,case_patch_macro
full_real,HEM_PA24.nii.gz,background,confidence_rank,4,0.997670104810697,0.5065919136547709,0.9857165860781661,0.9999478970819468,0.09480157447602723,case_patch_macro
full_real,HEM_PA24.nii.gz,foreground,confidence_rank,4,0.9360123899146556,0.18014620116814725,0.8783581831649894,0.9894506252039846,0.32104136716216025,case_patch_macro
full_real,HEM_PA24.nii.gz,overall,confidence_rank,4,0.9967395287972909,0.5000000695018374,0.9849844331460896,0.9999352927398323,0.11114989894920015,case_patch_macro
full_real,HEM_PA24.nii.gz,background,gamma_joint_product,4,0.997670104810697,0.2993381816347095,0.979230173506882,0.9999339089637514,0.09338948724884748,case_patch_macro
full_real,HEM_PA24.nii.gz,foreground,gamma_joint_product,4,0.9360123899146556,0.11732983708398777,0.8932553932214962,0.9913131618582126,0.33236184867322827,case_patch_macro
full_real,HEM_PA24.nii.gz,overall,gamma_joint_product,4,0.9967395287972909,0.2953775369229136,0.980400435873008,0.9999218998002128,0.10995368453911314,case_patch_macro
full_real,HEM_PA24.nii.gz,background,gamma_world_stability,4,0.997670104810697,0.5021116064981159,0.9179406918011556,0.9995304348084648,0.084496724819693,case_patch_macro
full_real,HEM_PA24.nii.gz,foreground,gamma_world_stability,4,0.9360123899146556,0.38033398068660756,0.885095246974584,0.9907074882546413,0.34202897142908917,case_patch_macro
full_real,HEM_PA24.nii.gz,overall,gamma_world_stability,4,0.9967395287972909,0.4999999388778949,0.9346896804864654,0.9995311185434813,0.10322859728227023,case_patch_macro
full_real,HEM_PA24.nii.gz,background,pairwise_joint_product,4,0.997670104810697,0.3029967111826386,0.9926057958270068,0.9999790245618505,0.09553566125509709,case_patch_macro
full_real,HEM_PA24.nii.gz,foreground,pairwise_joint_product,4,0.9360123899146556,0.053945655526799564,0.8401039918814271,0.9859311798429186,0.28140137930991255,case_patch_macro
full_real,HEM_PA24.nii.gz,overall,pairwise_joint_product,4,0.9967395287972909,0.2981281931693839,0.9902346787847209,0.9999639283784268,0.11158994268212274,case_patch_macro
full_real,HEM_PA24.nii.gz,background,pairwise_world_stability,4,0.997670104810697,0.5068109524650332,0.9837645246688814,0.9999186079096722,0.09460548234090842,case_patch_macro
full_real,HEM_PA24.nii.gz,foreground,pairwise_world_stability,4,0.9360123899146556,0.12098976305388999,0.7717690810731548,0.9791134831431084,0.2224258621583767,case_patch_macro
full_real,HEM_PA24.nii.gz,overall,pairwise_world_stability,4,0.9967395287972909,0.4999999319070643,0.982122459333001,0.9998996659568672,0.1106142621342013,case_patch_macro
real_A_state_oracle,HEM_PA24.nii.gz,background,blur_joint_product,4,0.997670104810697,0.3003839139824615,0.9882947455012893,0.9999640052880475,0.09474930203486857,case_patch_macro
real_A_state_oracle,HEM_PA24.nii.gz,foreground,blur_joint_product,4,0.9360123899146556,0.09473739282758677,0.8590041099098095,0.9879094604816436,0.3001546762210136,case_patch_macro
real_A_state_oracle,HEM_PA24.nii.gz,overall,blur_joint_product,4,0.9967395287972909,0.29600526998891763,0.9870670886957166,0.9999498421071444,0.11096186136834074,case_patch_macro
real_A_state_oracle,HEM_PA24.nii.gz,background,blur_world_stability,4,0.997670104810697,0.5046706029373444,0.961788294859257,0.9997644610565992,0.09130835468699461,case_patch_macro
real_A_state_oracle,HEM_PA24.nii.gz,foreground,blur_world_stability,4,0.9360123899146556,0.24971494161407112,0.8225744357990044,0.9846602480930308,0.27203129016741856,case_patch_macro
real_A_state_oracle,HEM_PA24.nii.gz,overall,blur_world_stability,4,0.9967395287972909,0.49999993347751115,0.9666487204503277,0.9997513437695513,0.10826098241937925,case_patch_macro
real_A_state_oracle,HEM_PA24.nii.gz,background,confidence_rank,4,0.997670104810697,0.5065919136547709,0.9857165860781661,0.9999478970819468,0.09480157447602723,case_patch_macro
real_A_state_oracle,HEM_PA24.nii.gz,foreground,confidence_rank,4,0.9360123899146556,0.18014620116814725,0.8783581831649894,0.9894506252039846,0.32104136716216025,case_patch_macro
real_A_state_oracle,HEM_PA24.nii.gz,overall,confidence_rank,4,0.9967395287972909,0.5000000695018374,0.9849844331460896,0.9999352927398323,0.11114989894920015,case_patch_macro
real_A_state_oracle,HEM_PA24.nii.gz,background,gamma_joint_product,4,0.997670104810697,0.2954052762522114,0.975347678365999,0.9999249103077671,0.09268585389773314,case_patch_macro
real_A_state_oracle,HEM_PA24.nii.gz,foreground,gamma_joint_product,4,0.9360123899146556,0.11777098752226385,0.8984908754107789,0.9917825912349172,0.3378644411516844,case_patch_macro
real_A_state_oracle,HEM_PA24.nii.gz,overall,gamma_joint_product,4,0.9967395287972909,0.29153467711527115,0.977417748474846,0.9999127887710504,0.10934644434293313,case_patch_macro
real_A_state_oracle,HEM_PA24.nii.gz,background,gamma_world_stability,4,0.997670104810697,0.5012587825296475,0.8795824739581267,0.9993599099957119,0.07874560250238262,case_patch_macro
real_A_state_oracle,HEM_PA24.nii.gz,foreground,gamma_world_stability,4,0.9360123899146556,0.4233665886968015,0.8911500953076757,0.9912638344925386,0.36094357645087555,case_patch_macro
real_A_state_oracle,HEM_PA24.nii.gz,overall,gamma_world_stability,4,0.9967395287972909,0.4999999344591465,0.9055343624531093,0.999362243192595,0.09891202495202289,case_patch_macro
real_A_state_oracle,HEM_PA24.nii.gz,background,pairwise_joint_product,4,0.997670104810697,0.3035949379137916,0.989865086589455,0.9999687118356176,0.09500548547284467,case_patch_macro
real_A_state_oracle,HEM_PA24.nii.gz,foreground,pairwise_joint_product,4,0.9360123899146556,0.09199632056093493,0.8631386480160238,0.9882156012430984,0.3035650761930852,case_patch_macro
real_A_state_oracle,HEM_PA24.nii.gz,overall,pairwise_joint_product,4,0.9967395287972909,0.29907215041382507,0.988317451657697,0.9999549902362396,0.11119152175906806,case_patch_macro
real_A_state_oracle,HEM_PA24.nii.gz,background,pairwise_world_stability,4,0.997670104810697,0.505421857544684,0.9752774468150937,0.999865949553626,0.09354775606656258,case_patch_macro
real_A_state_oracle,HEM_PA24.nii.gz,foreground,pairwise_world_stability,4,0.9360123899146556,0.21595801071155615,0.8378158464760322,0.9861050099505233,0.28418907641057917,case_patch_macro
real_A_state_oracle,HEM_PA24.nii.gz,overall,pairwise_world_stability,4,0.9967395287972909,0.49999993345230004,0.9766663260251881,0.9998533701015775,0.11009911825608165,case_patch_macro
existing_WP_imagined,CYST_PA74.nii.gz,background,blur_joint_product,4,0.9983223158541585,0.2853057321031288,0.9913784277978014,0.9999723045319704,0.09174928489727352,case_patch_macro
existing_WP_imagined,CYST_PA74.nii.gz,foreground,blur_joint_product,4,0.9762559667316691,0.2514933528088963,0.9599461114070932,0.9989581667255383,0.24911041161064976,case_patch_macro
existing_WP_imagined,CYST_PA74.nii.gz,overall,blur_joint_product,4,0.997953838772244,0.2853547114916323,0.9914147481575645,0.9999694844201379,0.09944534731671668,case_patch_macro
existing_WP_imagined,CYST_PA74.nii.gz,background,blur_world_stability,4,0.9983223158541585,0.5004344787037589,0.9653773909768121,0.999832182000318,0.0948122850506757,case_patch_macro
existing_WP_imagined,CYST_PA74.nii.gz,foreground,blur_world_stability,4,0.9762559667316691,0.40504249562939415,0.9489918252550767,0.9986518907790077,0.2559797905222189,case_patch_macro
existing_WP_imagined,CYST_PA74.nii.gz,overall,blur_world_stability,4,0.997953838772244,0.49999993441969504,0.9705443084021957,0.999834230992714,0.10310982009581977,case_patch_macro
existing_WP_imagined,CYST_PA74.nii.gz,background,confidence_rank,4,0.9983223158541585,0.5008374068357152,0.9889061401094809,0.9999558410040289,0.09232018663804299,case_patch_macro
existing_WP_imagined,CYST_PA74.nii.gz,foreground,confidence_rank,4,0.9762559667316691,0.39059811986971765,0.9607365238198353,0.9989605293724152,0.2583048045701534,case_patch_macro
existing_WP_imagined,CYST_PA74.nii.gz,overall,confidence_rank,4,0.997953838772244,0.5000000647768138,0.9890142846639566,0.9999543886825399,0.10006165415299773,case_patch_macro
existing_WP_imagined,CYST_PA74.nii.gz,background,gamma_joint_product,4,0.9983223158541585,0.2707429686060734,0.9758336709486427,0.9999306738857835,0.08987234398511836,case_patch_macro
existing_WP_imagined,CYST_PA74.nii.gz,foreground,gamma_joint_product,4,0.9762559667316691,0.24641986359540402,0.9669328414336942,0.9991663457187846,0.2616632647343487,case_patch_macro
existing_WP_imagined,CYST_PA74.nii.gz,overall,gamma_joint_product,4,0.997953838772244,0.2708781578988146,0.9787023378309413,0.9999299645638448,0.09791478205011644,case_patch_macro
existing_WP_imagined,CYST_PA74.nii.gz,background,gamma_world_stability,4,0.9983223158541585,0.49854040947167677,0.8066185790457313,0.9993526405171453,0.09688116528466552,case_patch_macro
existing_WP_imagined,CYST_PA74.nii.gz,foreground,gamma_world_stability,4,0.9762559667316691,0.5448300262261031,0.9447613332439774,0.9982793853589657,0.4213503400336425,case_patch_macro
existing_WP_imagined,CYST_PA74.nii.gz,overall,gamma_world_stability,4,0.997953838772244,0.49999993907573737,0.8344329900826363,0.9993549837501315,0.11055041905260471,case_patch_macro
existing_WP_imagined,CYST_PA74.nii.gz,background,pairwise_joint_product,4,0.9983223158541585,0.28589741696617876,0.991600905327339,0.9999732255072797,0.09175945298528287,case_patch_macro
existing_WP_imagined,CYST_PA74.nii.gz,foreground,pairwise_joint_product,4,0.9762559667316691,0.2525243184318399,0.9600589567977101,0.9989620417328466,0.24916474431039115,case_patch_macro
existing_WP_imagined,CYST_PA74.nii.gz,overall,pairwise_joint_product,4,0.997953838772244,0.28595156070463656,0.9916044907942633,0.999970394118262,0.09945376499439718,case_patch_macro
existing_WP_imagined,CYST_PA74.nii.gz,background,pairwise_world_stability,4,0.9983223158541585,0.5004353752178627,0.9680692752694767,0.9998451592365808,0.09505019868141286,case_patch_macro
existing_WP_imagined,CYST_PA74.nii.gz,foreground,pairwise_world_stability,4,0.9762559667316691,0.40413188187239873,0.9498417305138073,0.9986850458480866,0.25617329631859415,case_patch_macro
existing_WP_imagined,CYST_PA74.nii.gz,overall,pairwise_world_stability,4,0.997953838772244,0.499999931459534,0.9727734544340073,0.999847265023086,0.1032970708640296,case_patch_macro
full_real,CYST_PA74.nii.gz,background,blur_joint_product,4,0.9983223158541585,0.29082754724724635,0.9954548163139162,0.9999896821387573,0.0932531384174926,case_patch_macro
full_real,CYST_PA74.nii.gz,foreground,blur_joint_product,4,0.9762559667316691,0.18182205139819474,0.9321890515899064,0.9982603879476227,0.22992693169044276,case_patch_macro
full_real,CYST_PA74.nii.gz,overall,blur_joint_product,4,0.997953838772244,0.28934629613233315,0.9943692989271772,0.9999850411932198,0.10078516160127686,case_patch_macro
full_real,CYST_PA74.nii.gz,background,blur_world_stability,4,0.9983223158541585,0.5034252880090672,0.9881056353237101,0.9999386653729788,0.0922554946582708,case_patch_macro
full_real,CYST_PA74.nii.gz,foreground,blur_world_stability,4,0.9762559667316691,0.25657731825993046,0.8807914988198641,0.9968342691552247,0.20500356338558,case_patch_macro
full_real,CYST_PA74.nii.gz,overall,blur_world_stability,4,0.997953838772244,0.4999999226599875,0.9877405484147905,0.9999339637539135,0.099787834401059,case_patch_macro
full_real,CYST_PA74.nii.gz,background,confidence_rank,4,0.9983223158541585,0.5008374068357152,0.9889061401094809,0.9999558410040289,0.09232018663804299,case_patch_macro
full_real,CYST_PA74.nii.gz,foreground,confidence_rank,4,0.9762559667316691,0.39059811986971765,0.9607365238198353,0.9989605293724152,0.2583048045701534,case_patch_macro
full_real,CYST_PA74.nii.gz,overall,confidence_rank,4,0.997953838772244,0.5000000647768138,0.9890142846639566,0.9999543886825399,0.10006165415299773,case_patch_macro
full_real,CYST_PA74.nii.gz,background,gamma_joint_product,4,0.9983223158541585,0.2863266870513045,0.984269628274355,0.9999507943163627,0.09043763491140107,case_patch_macro
full_real,CYST_PA74.nii.gz,foreground,gamma_joint_product,4,0.9762559667316691,0.3115419457596837,0.9663231815791858,0.9991221317777793,0.2578079468769583,case_patch_macro
full_real,CYST_PA74.nii.gz,overall,gamma_joint_product,4,0.997953838772244,0.2875666106648051,0.9854349724825394,0.999949546577205,0.0982859976808889,case_patch_macro
full_real,CYST_PA74.nii.gz,background,gamma_world_stability,4,0.9983223158541585,0.4976280353876769,0.9257714251649917,0.9996449824985332,0.08792873506258536,case_patch_macro
full_real,CYST_PA74.nii.gz,foreground,gamma_world_stability,4,0.9762559667316691,0.5514055145917488,0.9627536326390382,0.9990158826339264,0.2951535825048676,case_patch_macro
full_real,CYST_PA74.nii.gz,overall,gamma_world_stability,4,0.997953838772244,0.4999999380042516,0.937608628572852,0.9996615405173752,0.09709045107171728,case_patch_macro
full_real,CYST_PA74.nii.gz,background,pairwise_joint_product,4,0.9983223158541585,0.2932315768994618,0.9960495595957136,0.999990803264664,0.09238232302670675,case_patch_macro
full_real,CYST_PA74.nii.gz,foreground,pairwise_joint_product,4,0.9762559667316691,0.17794455400086384,0.9347798133463524,0.9983311684237552,0.23108177160088714,case_patch_macro
full_real,CYST_PA74.nii.gz,overall,pairwise_joint_product,4,0.997953838772244,0.2916324682551206,0.994924170084947,0.9999862949618066,0.09991338202725492,case_patch_macro
full_real,CYST_PA74.nii.gz,background,pairwise_world_stability,4,0.9983223158541585,0.503639536471527,0.9932603350460817,0.9999672389561218,0.09205163018929768,case_patch_macro
full_real,CYST_PA74.nii.gz,foreground,pairwise_world_stability,4,0.9762559667316691,0.24163009268290672,0.8908087249839411,0.9971467751801132,0.20967313983385852,case_patch_macro
full_real,CYST_PA74.nii.gz,overall,pairwise_world_stability,4,0.997953838772244,0.4999999299936875,0.9920263876579528,0.9999618608965918,0.09949895074946108,case_patch_macro
real_A_state_oracle,CYST_PA74.nii.gz,background,blur_joint_product,4,0.9983223158541585,0.28767487461428,0.9911265775257306,0.9999745937185066,0.0907771561273064,case_patch_macro
real_A_state_oracle,CYST_PA74.nii.gz,foreground,blur_joint_product,4,0.9762559667316691,0.23243891596457758,0.956515217738791,0.9988550842224445,0.2455090643430454,case_patch_macro
real_A_state_oracle,CYST_PA74.nii.gz,overall,blur_joint_product,4,0.997953838772244,0.28708455727964927,0.9908773310370188,0.9999710291755154,0.09843385811044575,case_patch_macro
real_A_state_oracle,CYST_PA74.nii.gz,background,blur_world_stability,4,0.9983223158541585,0.5017812750416356,0.9692281093093321,0.9998305206156646,0.09079707512898622,case_patch_macro
real_A_state_oracle,CYST_PA74.nii.gz,foreground,blur_world_stability,4,0.9762559667316691,0.34605915046662683,0.9398290205420575,0.9983679942265388,0.24233411697087034,case_patch_macro
real_A_state_oracle,CYST_PA74.nii.gz,overall,blur_world_stability,4,0.997953838772244,0.4999999343234591,0.9734073654958898,0.999832733321737,0.09888918194788839,case_patch_macro
real_A_state_oracle,CYST_PA74.nii.gz,background,confidence_rank,4,0.9983223158541585,0.5008374068357152,0.9889061401094809,0.9999558410040289,0.09232018663804299,case_patch_macro
real_A_state_oracle,CYST_PA74.nii.gz,foreground,confidence_rank,4,0.9762559667316691,0.39059811986971765,0.9607365238198353,0.9989605293724152,0.2583048045701534,case_patch_macro
real_A_state_oracle,CYST_PA74.nii.gz,overall,confidence_rank,4,0.997953838772244,0.5000000647768138,0.9890142846639566,0.9999543886825399,0.10006165415299773,case_patch_macro
real_A_state_oracle,CYST_PA74.nii.gz,background,gamma_joint_product,4,0.9983223158541585,0.28375215226074324,0.9812034379752611,0.9999424277339564,0.09008987973370791,case_patch_macro
real_A_state_oracle,CYST_PA74.nii.gz,foreground,gamma_joint_product,4,0.9762559667316691,0.3058638450006512,0.967160883352422,0.9991426670603802,0.2596135492527188,case_patch_macro
real_A_state_oracle,CYST_PA74.nii.gz,overall,gamma_joint_product,4,0.997953838772244,0.2848645637136955,0.982936690959023,0.9999414408965721,0.0980059644958892,case_patch_macro
real_A_state_oracle,CYST_PA74.nii.gz,background,gamma_world_stability,4,0.9983223158541585,0.49761499297783135,0.8991733153484859,0.9995836773745707,0.08717783489044907,case_patch_macro
real_A_state_oracle,CYST_PA74.nii.gz,foreground,gamma_world_stability,4,0.9762559667316691,0.5657693152949371,0.96375691392875,0.999027688904762,0.3144865453373227,case_patch_macro
real_A_state_oracle,CYST_PA74.nii.gz,overall,gamma_world_stability,4,0.997953838772244,0.499999925995673,0.9157106004692142,0.9995971921034459,0.09701550882794185,case_patch_macro
real_A_state_oracle,CYST_PA74.nii.gz,background,pairwise_joint_product,4,0.9983223158541585,0.2898137075592467,0.9919461130393558,0.9999763763455375,0.09039496703694849,case_patch_macro
real_A_state_oracle,CYST_PA74.nii.gz,foreground,pairwise_joint_product,4,0.9762559667316691,0.23149885803008904,0.9575807083092617,0.998876886079116,0.2457370132285438,case_patch_macro
real_A_state_oracle,CYST_PA74.nii.gz,overall,pairwise_joint_product,4,0.997953838772244,0.28915880063090615,0.991572756386541,0.9999728974547428,0.09804032166052844,case_patch_macro
real_A_state_oracle,CYST_PA74.nii.gz,background,pairwise_world_stability,4,0.9983223158541585,0.5020473254039284,0.9784214051465948,0.9998824735019373,0.09081313847965067,case_patch_macro
real_A_state_oracle,CYST_PA74.nii.gz,foreground,pairwise_world_stability,4,0.9762559667316691,0.3329506040764271,0.9446979882329325,0.9984958794532325,0.2437096369193766,case_patch_macro
real_A_state_oracle,CYST_PA74.nii.gz,overall,pairwise_world_stability,4,0.997953838772244,0.4999999248037486,0.9807873375113689,0.999883080398573,0.09871142262751464,case_patch_macro
existing_WP_imagined,HEM_PA34.nii.gz,background,blur_joint_product,4,0.9983351595407578,0.28613298940581355,0.9861688210497653,0.9999490517915617,0.08756878473416685,case_patch_macro
existing_WP_imagined,HEM_PA34.nii.gz,foreground,blur_joint_product,4,0.9644622464996297,0.20125030840742145,0.9095146251645129,0.9925776545401975,0.22460641105501947,case_patch_macro
existing_WP_imagined,HEM_PA34.nii.gz,overall,blur_joint_product,4,0.9980133551138418,0.28493624332712103,0.9868098679417573,0.9999484968423284,0.09545776418184586,case_patch_macro
existing_WP_imagined,HEM_PA34.nii.gz,background,blur_world_stability,4,0.9983351595407578,0.5005190261941252,0.9423108585530034,0.9997133473305285,0.08667092768862927,case_patch_macro
existing_WP_imagined,HEM_PA34.nii.gz,foreground,blur_world_stability,4,0.9644622464996297,0.40523899940966635,0.883424441506483,0.9906922953482878,0.2155995541139157,case_patch_macro
existing_WP_imagined,HEM_PA34.nii.gz,overall,blur_world_stability,4,0.9980133551138418,0.49999993577484847,0.9517532958398481,0.9997251626963947,0.0958838328238687,case_patch_macro
existing_WP_imagined,HEM_PA34.nii.gz,background,confidence_rank,4,0.9983351595407578,0.5031549688057098,0.9894628228411889,0.9999461547575265,0.0890909573855721,case_patch_macro
existing_WP_imagined,HEM_PA34.nii.gz,foreground,confidence_rank,4,0.9644622464996297,0.30551154470445846,0.9053230228597292,0.9917060734324195,0.22416145152343467,case_patch_macro
existing_WP_imagined,HEM_PA34.nii.gz,overall,confidence_rank,4,0.9980133551138418,0.5000000733475178,0.9895515062624368,0.9999465624181145,0.09701793110947166,case_patch_macro
existing_WP_imagined,HEM_PA34.nii.gz,background,gamma_joint_product,4,0.9983351595407578,0.2711832168982109,0.9747215063779109,0.9999210230303399,0.08647871063129543,case_patch_macro
existing_WP_imagined,HEM_PA34.nii.gz,foreground,gamma_joint_product,4,0.9644622464996297,0.19568015539944308,0.9517768025226742,0.997246254637057,0.26821730003638716,case_patch_macro
existing_WP_imagined,HEM_PA34.nii.gz,overall,gamma_joint_product,4,0.9980133551138418,0.2701043029719326,0.9778349855819441,0.9999222464562845,0.09472750418996002,case_patch_macro
existing_WP_imagined,HEM_PA34.nii.gz,background,gamma_world_stability,4,0.9983351595407578,0.4979663725816335,0.8155363488891001,0.9993688777874579,0.09662561753899555,case_patch_macro
existing_WP_imagined,HEM_PA34.nii.gz,foreground,gamma_world_stability,4,0.9644622464996297,0.5443584443920643,0.9313662020528222,0.9963034543088177,0.4084860543235202,case_patch_macro
existing_WP_imagined,HEM_PA34.nii.gz,overall,gamma_world_stability,4,0.9980133551138418,0.49999992265150517,0.845929171356361,0.9993728362149925,0.11346109401592021,case_patch_macro
existing_WP_imagined,HEM_PA34.nii.gz,background,pairwise_joint_product,4,0.9983351595407578,0.28675044394971494,0.9865780772912212,0.9999501416749027,0.08761849499674007,case_patch_macro
existing_WP_imagined,HEM_PA34.nii.gz,foreground,pairwise_joint_product,4,0.9644622464996297,0.20188505633252618,0.9082603723344888,0.9923839416173719,0.22334659383580346,case_patch_macro
existing_WP_imagined,HEM_PA34.nii.gz,overall,pairwise_joint_product,4,0.9980133551138418,0.2855499025766076,0.9871767152209515,0.9999496026890199,0.0955055226473015,case_patch_macro
existing_WP_imagined,HEM_PA34.nii.gz,background,pairwise_world_stability,4,0.9983351595407578,0.5005437242887397,0.94744961655527,0.9997346498956059,0.08741998284936209,case_patch_macro
existing_WP_imagined,HEM_PA34.nii.gz,foreground,pairwise_world_stability,4,0.9644622464996297,0.4020382189516156,0.8834712784318673,0.9906246864092482,0.2147132185418934,case_patch_macro
existing_WP_imagined,HEM_PA34.nii.gz,overall,pairwise_world_stability,4,0.9980133551138418,0.49999993863483033,0.9561399609264352,0.9997468193435697,0.09655207314303198,case_patch_macro
full_real,HEM_PA34.nii.gz,background,blur_joint_product,4,0.9983351595407578,0.29416685317167124,0.9907057300547105,0.9999541151342934,0.08891201190614761,case_patch_macro
full_real,HEM_PA34.nii.gz,foreground,blur_joint_product,4,0.9644622464996297,0.18964142192175057,0.8627480648768421,0.9874959915132232,0.18292600470346895,case_patch_macro
full_real,HEM_PA34.nii.gz,overall,blur_joint_product,4,0.9980133551138418,0.2929662083845649,0.9903186220944669,0.9999544089474967,0.0966677943806376,case_patch_macro
full_real,HEM_PA34.nii.gz,background,blur_world_stability,4,0.9983351595407578,0.5024606221702106,0.9777764191141651,0.9998671552783492,0.08717727152748696,case_patch_macro
full_real,HEM_PA34.nii.gz,foreground,blur_world_stability,4,0.9644622464996297,0.2873783100899992,0.7862765134994675,0.9769390597462254,0.12436344679560137,case_patch_macro
full_real,HEM_PA34.nii.gz,overall,blur_world_stability,4,0.9980133551138418,0.49999992944462635,0.9793298133006489,0.9998724596029871,0.09509542226563138,case_patch_macro
full_real,HEM_PA34.nii.gz,background,confidence_rank,4,0.9983351595407578,0.5031549688057098,0.9894628228411889,0.9999461547575265,0.0890909573855721,case_patch_macro
full_real,HEM_PA34.nii.gz,foreground,confidence_rank,4,0.9644622464996297,0.30551154470445846,0.9053230228597292,0.9917060734324195,0.22416145152343467,case_patch_macro
full_real,HEM_PA34.nii.gz,overall,confidence_rank,4,0.9980133551138418,0.5000000733475178,0.9895515062624368,0.9999465624181145,0.09701793110947166,case_patch_macro
full_real,HEM_PA34.nii.gz,background,gamma_joint_product,4,0.9983351595407578,0.2889846834994669,0.9843557961866592,0.999941705013465,0.0871861565117988,case_patch_macro
full_real,HEM_PA34.nii.gz,foreground,gamma_joint_product,4,0.9644622464996297,0.24548171796312093,0.9299186827536555,0.9952068622194461,0.24728243664729707,case_patch_macro
full_real,HEM_PA34.nii.gz,overall,gamma_joint_product,4,0.9980133551138418,0.28871922963047747,0.9855208643729583,0.9999423643731069,0.09516360145185647,case_patch_macro
full_real,HEM_PA34.nii.gz,background,gamma_world_stability,4,0.9983351595407578,0.49786654067424374,0.933075139252125,0.999664118785774,0.08612232139112931,case_patch_macro
full_real,HEM_PA34.nii.gz,foreground,gamma_world_stability,4,0.9644622464996297,0.5268503816023382,0.9218801755285275,0.9951746181875244,0.27568468624383363,case_patch_macro
full_real,HEM_PA34.nii.gz,overall,gamma_world_stability,4,0.9980133551138418,0.4999999398931352,0.9447974373399721,0.9996849811519894,0.0958405655911551,case_patch_macro
full_real,HEM_PA34.nii.gz,background,pairwise_joint_product,4,0.9983351595407578,0.2963918820079269,0.9918427110063117,0.999959882141702,0.08815955780133344,case_patch_macro
full_real,HEM_PA34.nii.gz,foreground,pairwise_joint_product,4,0.9644622464996297,0.18300263428510763,0.8632386751385912,0.9874679571062656,0.18307512382637314,case_patch_macro
full_real,HEM_PA34.nii.gz,overall,pairwise_joint_product,4,0.9980133551138418,0.2949140697765464,0.9912472763822522,0.9999597293336123,0.09585408771850772,case_patch_macro
full_real,HEM_PA34.nii.gz,background,pairwise_world_stability,4,0.9983351595407578,0.5030937477867368,0.9842211997880197,0.9999026507339863,0.0871416446650436,case_patch_macro
full_real,HEM_PA34.nii.gz,foreground,pairwise_world_stability,4,0.9644622464996297,0.26504424451411673,0.7908933435008216,0.9771841760888957,0.12657963173080355,case_patch_macro
full_real,HEM_PA34.nii.gz,overall,pairwise_world_stability,4,0.9980133551138418,0.4999999270256189,0.9845690190705237,0.9999066400866456,0.09489019817575993,case_patch_macro
real_A_state_oracle,HEM_PA34.nii.gz,background,blur_joint_product,4,0.9983351595407578,0.28856096642534695,0.9899930687753793,0.9999671240624937,0.08734817708849725,case_patch_macro
real_A_state_oracle,HEM_PA34.nii.gz,foreground,blur_joint_product,4,0.9644622464996297,0.21615316666855486,0.9088608607970561,0.9922348646017278,0.22277636275174342,case_patch_macro
real_A_state_oracle,HEM_PA34.nii.gz,overall,blur_joint_product,4,0.9980133551138418,0.2877812577069998,0.9899899620589517,0.9999653901184975,0.09513795828231812,case_patch_macro
real_A_state_oracle,HEM_PA34.nii.gz,background,blur_world_stability,4,0.9983351595407578,0.5006292534196329,0.9685680592292059,0.9998419918036603,0.08691968152371554,case_patch_macro
real_A_state_oracle,HEM_PA34.nii.gz,foreground,blur_world_stability,4,0.9644622464996297,0.3893800461675183,0.8902938682474125,0.9907708598896238,0.21717002222005855,case_patch_macro
real_A_state_oracle,HEM_PA34.nii.gz,overall,blur_world_stability,4,0.9980133551138418,0.4999999322741065,0.972854353767719,0.9998492161655037,0.09533603238954902,case_patch_macro
real_A_state_oracle,HEM_PA34.nii.gz,background,confidence_rank,4,0.9983351595407578,0.5031549688057098,0.9894628228411889,0.9999461547575265,0.0890909573855721,case_patch_macro
real_A_state_oracle,HEM_PA34.nii.gz,foreground,confidence_rank,4,0.9644622464996297,0.30551154470445846,0.9053230228597292,0.9917060734324195,0.22416145152343467,case_patch_macro
real_A_state_oracle,HEM_PA34.nii.gz,overall,confidence_rank,4,0.9980133551138418,0.5000000733475178,0.9895515062624368,0.9999465624181145,0.09701793110947166,case_patch_macro
real_A_state_oracle,HEM_PA34.nii.gz,background,gamma_joint_product,4,0.9983351595407578,0.28501319387956114,0.9797651474361491,0.9999285675941179,0.08692561690841029,case_patch_macro
real_A_state_oracle,HEM_PA34.nii.gz,foreground,gamma_joint_product,4,0.9644622464996297,0.24797762221267905,0.929323364386038,0.9950967670719866,0.24694838001723815,case_patch_macro
real_A_state_oracle,HEM_PA34.nii.gz,overall,gamma_joint_product,4,0.9980133551138418,0.2849397199776792,0.9818607896287309,0.9999297596867338,0.09502969215336561,case_patch_macro
real_A_state_oracle,HEM_PA34.nii.gz,background,gamma_world_stability,4,0.9983351595407578,0.49684274127745565,0.8999368756325027,0.9995367276149281,0.08598487749643395,case_patch_macro
real_A_state_oracle,HEM_PA34.nii.gz,foreground,gamma_world_stability,4,0.9644622464996297,0.5613588929305876,0.9187193551088789,0.9948680417016211,0.28756993137084397,case_patch_macro
real_A_state_oracle,HEM_PA34.nii.gz,overall,gamma_world_stability,4,0.9980133551138418,0.4999999289442906,0.9185147015531921,0.9995608278833961,0.09681758448077023,case_patch_macro
real_A_state_oracle,HEM_PA34.nii.gz,background,pairwise_joint_product,4,0.9983351595407578,0.2911266196199248,0.9907750476603919,0.999969598156132,0.08717708390365668,case_patch_macro
real_A_state_oracle,HEM_PA34.nii.gz,foreground,pairwise_joint_product,4,0.9644622464996297,0.21527433483968042,0.90796922992295,0.9920608806655413,0.22188199196137093,case_patch_macro
real_A_state_oracle,HEM_PA34.nii.gz,overall,pairwise_joint_product,4,0.9980133551138418,0.29023777842966075,0.9906165891436056,0.9999676902154844,0.09493496652203733,case_patch_macro
real_A_state_oracle,HEM_PA34.nii.gz,background,pairwise_world_stability,4,0.9983351595407578,0.5011298009551127,0.97542276985963,0.9998703701634294,0.08698389154531351,case_patch_macro
real_A_state_oracle,HEM_PA34.nii.gz,foreground,pairwise_world_stability,4,0.9644622464996297,0.3692728307523481,0.8929366497229294,0.9908226107249076,0.21719568147013735,case_patch_macro
real_A_state_oracle,HEM_PA34.nii.gz,overall,pairwise_world_stability,4,0.9980133551138418,0.49999993227722445,0.978389903381558,0.9998772665128667,0.0951927179526506,case_patch_macro
existing_WP_imagined,FNH_PA32.nii.gz,background,blur_joint_product,4,0.9984254163680365,0.31044167621320884,0.9958210790380243,0.9999912388651397,0.06929636620392376,case_patch_macro
existing_WP_imagined,FNH_PA32.nii.gz,foreground,blur_joint_product,4,0.9427699842985021,0.05078493194415044,0.8985422044293112,0.9928798664151252,0.3220862880972685,case_patch_macro
existing_WP_imagined,FNH_PA32.nii.gz,overall,blur_joint_product,4,0.9969080465811271,0.3038906544715459,0.9944345164141664,0.9999770882917757,0.09502946855113462,case_patch_macro
existing_WP_imagined,FNH_PA32.nii.gz,background,blur_world_stability,4,0.9984254163680365,0.5039560504084882,0.9742486311443552,0.9998913891552569,0.07301243939191228,case_patch_macro
existing_WP_imagined,FNH_PA32.nii.gz,foreground,blur_world_stability,4,0.9427699842985021,0.32524330438482163,0.8762244451044511,0.9913803514228297,0.3207991000624384,case_patch_macro
existing_WP_imagined,FNH_PA32.nii.gz,overall,blur_world_stability,4,0.9969080465811271,0.49999993044596114,0.9828962344208377,0.9998718024711477,0.10194875071242976,case_patch_macro
existing_WP_imagined,FNH_PA32.nii.gz,background,confidence_rank,4,0.9984254163680365,0.5103123719839618,0.9981829143837999,0.9999963732604742,0.07003445716960675,case_patch_macro
existing_WP_imagined,FNH_PA32.nii.gz,foreground,confidence_rank,4,0.9427699842985021,0.09965036906062866,0.8834953517652214,0.990737477375395,0.31352751183029365,case_patch_macro
existing_WP_imagined,FNH_PA32.nii.gz,overall,confidence_rank,4,0.9969080465811271,0.5000000656425159,0.9954448082448254,0.9999815417386458,0.09571226647808093,case_patch_macro
existing_WP_imagined,FNH_PA32.nii.gz,background,gamma_joint_product,4,0.9984254163680365,0.2806624751882617,0.987070385770237,0.9999771527070712,0.0684079181469519,case_patch_macro
existing_WP_imagined,FNH_PA32.nii.gz,foreground,gamma_joint_product,4,0.9427699842985021,0.055189292216410876,0.9392533740469959,0.9961392854950246,0.3592639021934708,case_patch_macro
existing_WP_imagined,FNH_PA32.nii.gz,overall,gamma_joint_product,4,0.9969080465811271,0.27496235007671055,0.9901441816325713,0.9999654503486194,0.09468674618183774,case_patch_macro
existing_WP_imagined,FNH_PA32.nii.gz,background,gamma_world_stability,4,0.9984254163680365,0.5008359046728381,0.8761188649762883,0.9996154211478678,0.08675646959634352,case_patch_macro
existing_WP_imagined,FNH_PA32.nii.gz,foreground,gamma_world_stability,4,0.9427699842985021,0.46242540412001376,0.929773048020928,0.995230865888647,0.5102659656349888,case_patch_macro
existing_WP_imagined,FNH_PA32.nii.gz,overall,gamma_world_stability,4,0.9969080465811271,0.499999910124003,0.9264085863760175,0.9995901231777502,0.13502247425333933,case_patch_macro
existing_WP_imagined,FNH_PA32.nii.gz,background,pairwise_joint_product,4,0.9984254163680365,0.3112377346632965,0.9965354347069448,0.9999927810654886,0.06940053494475641,case_patch_macro
existing_WP_imagined,FNH_PA32.nii.gz,foreground,pairwise_joint_product,4,0.9427699842985021,0.050876696210633315,0.9002166951041319,0.9930183682715514,0.3234428030803137,case_patch_macro
existing_WP_imagined,FNH_PA32.nii.gz,overall,pairwise_joint_product,4,0.9969080465811271,0.3046692384776465,0.9949166785086565,0.9999792634894807,0.09512797072018352,case_patch_macro
existing_WP_imagined,FNH_PA32.nii.gz,background,pairwise_world_stability,4,0.9984254163680365,0.5040356035069586,0.9826474878862824,0.9999273271407441,0.0741172747623796,case_patch_macro
existing_WP_imagined,FNH_PA32.nii.gz,foreground,pairwise_world_stability,4,0.9427699842985021,0.3224910471635938,0.8821081996242051,0.991937495898426,0.3252155578409942,case_patch_macro
existing_WP_imagined,FNH_PA32.nii.gz,overall,pairwise_world_stability,4,0.9969080465811271,0.49999993587506764,0.9877796146311583,0.999914004205521,0.10271954761307218,case_patch_macro
full_real,FNH_PA32.nii.gz,background,blur_joint_product,4,0.9984254163680365,0.3162419132591129,0.997993030321164,0.9999958408664309,0.06843403232859264,case_patch_macro
full_real,FNH_PA32.nii.gz,foreground,blur_joint_product,4,0.9427699842985021,0.047890657474324284,0.8817456086478925,0.9914182012873926,0.30695083950565644,case_patch_macro
full_real,FNH_PA32.nii.gz,overall,blur_joint_product,4,0.9969080465811271,0.3095260047797814,0.9954773562319792,0.9999816310320058,0.09380157486364661,case_patch_macro
full_real,FNH_PA32.nii.gz,background,blur_world_stability,4,0.9984254163680365,0.5065372446951301,0.9920952898458442,0.9999665971596261,0.06942498748267424,case_patch_macro
full_real,FNH_PA32.nii.gz,foreground,blur_world_stability,4,0.9427699842985021,0.22715687795571343,0.8455992628030424,0.9891645892641121,0.2828528227189317,case_patch_macro
full_real,FNH_PA32.nii.gz,overall,blur_world_stability,4,0.9969080465811271,0.49999993088675654,0.9916092963240482,0.9999487937577789,0.09542080414449441,case_patch_macro
full_real,FNH_PA32.nii.gz,background,confidence_rank,4,0.9984254163680365,0.5103123719839618,0.9981829143837999,0.9999963732604742,0.07003445716960675,case_patch_macro
full_real,FNH_PA32.nii.gz,foreground,confidence_rank,4,0.9427699842985021,0.09965036906062866,0.8834953517652214,0.990737477375395,0.31352751183029365,case_patch_macro
full_real,FNH_PA32.nii.gz,overall,confidence_rank,4,0.9969080465811271,0.5000000656425159,0.9954448082448254,0.9999815417386458,0.09571226647808093,case_patch_macro
full_real,FNH_PA32.nii.gz,background,gamma_joint_product,4,0.9984254163680365,0.31173986712408214,0.9945819350261577,0.9999891726952016,0.06910558577723538,case_patch_macro
full_real,FNH_PA32.nii.gz,foreground,gamma_joint_product,4,0.9427699842985021,0.05293501624753369,0.9061095653937106,0.9935570999777312,0.32926184721182417,case_patch_macro
full_real,FNH_PA32.nii.gz,overall,gamma_joint_product,4,0.9969080465811271,0.3052740448203198,0.9936919200892165,0.9999751348421224,0.09488132453335721,case_patch_macro
full_real,FNH_PA32.nii.gz,background,gamma_world_stability,4,0.9984254163680365,0.502563894740567,0.9631802651549609,0.9998597803586824,0.07027140704824779,case_patch_macro
full_real,FNH_PA32.nii.gz,foreground,gamma_world_stability,4,0.9427699842985021,0.3676968251619289,0.8890679441039568,0.9924289148463068,0.3390259288253221,case_patch_macro
full_real,FNH_PA32.nii.gz,overall,gamma_world_stability,4,0.9969080465811271,0.49999994112685847,0.9764346572773721,0.9998429608970031,0.09943334434640015,case_patch_macro
full_real,FNH_PA32.nii.gz,background,pairwise_joint_product,4,0.9984254163680365,0.32118163362148683,0.9982997521007849,0.9999965187807363,0.06840631270965943,case_patch_macro
full_real,FNH_PA32.nii.gz,foreground,pairwise_joint_product,4,0.9427699842985021,0.04031248637484305,0.8815156585532721,0.991220460334246,0.3065885583775532,case_patch_macro
full_real,FNH_PA32.nii.gz,overall,pairwise_joint_product,4,0.9969080465811271,0.3141275915155341,0.9956603045220541,0.9999824348939954,0.0937477595505305,case_patch_macro
full_real,FNH_PA32.nii.gz,background,pairwise_world_stability,4,0.9984254163680365,0.5076378505968814,0.9961985077144095,0.9999843987391295,0.06919550961228461,case_patch_macro
full_real,FNH_PA32.nii.gz,foreground,pairwise_world_stability,4,0.9427699842985021,0.18455424968583198,0.8506936944783505,0.989415206739156,0.2858475822153185,case_patch_macro
full_real,FNH_PA32.nii.gz,overall,pairwise_world_stability,4,0.9969080465811271,0.4999999287373974,0.9939571915961404,0.9999681751897597,0.0948324998672744,case_patch_macro
real_A_state_oracle,FNH_PA32.nii.gz,background,blur_joint_product,4,0.9984254163680365,0.3148192666925801,0.9970472795894236,0.9999938971663553,0.06916785642225352,case_patch_macro
real_A_state_oracle,FNH_PA32.nii.gz,foreground,blur_joint_product,4,0.9427699842985021,0.05771632347463504,0.9030982552056914,0.9931065865776438,0.3248800082209276,case_patch_macro
real_A_state_oracle,FNH_PA32.nii.gz,overall,blur_joint_product,4,0.9969080465811271,0.30834991821775604,0.995280610751103,0.9999809363428432,0.09483850589137294,case_patch_macro
real_A_state_oracle,FNH_PA32.nii.gz,background,blur_world_stability,4,0.9984254163680365,0.5046225675896963,0.9848079671913941,0.9999383667459912,0.07134046614465389,case_patch_macro
real_A_state_oracle,FNH_PA32.nii.gz,foreground,blur_world_stability,4,0.9427699842985021,0.3057713175999637,0.8904994759990017,0.99237789256664,0.32678185840078927,case_patch_macro
real_A_state_oracle,FNH_PA32.nii.gz,overall,blur_world_stability,4,0.9969080465811271,0.49999992550965755,0.9884346232352562,0.9999237908913828,0.09878193136089368,case_patch_macro
real_A_state_oracle,FNH_PA32.nii.gz,background,confidence_rank,4,0.9984254163680365,0.5103123719839618,0.9981829143837999,0.9999963732604742,0.07003445716960675,case_patch_macro
real_A_state_oracle,FNH_PA32.nii.gz,foreground,confidence_rank,4,0.9427699842985021,0.09965036906062866,0.8834953517652214,0.990737477375395,0.31352751183029365,case_patch_macro
real_A_state_oracle,FNH_PA32.nii.gz,overall,confidence_rank,4,0.9969080465811271,0.5000000656425159,0.9954448082448254,0.9999815417386458,0.09571226647808093,case_patch_macro
real_A_state_oracle,FNH_PA32.nii.gz,background,gamma_joint_product,4,0.9984254163680365,0.30639496773153013,0.9919987381487713,0.9999844461396546,0.06879655173206133,case_patch_macro
real_A_state_oracle,FNH_PA32.nii.gz,foreground,gamma_joint_product,4,0.9427699842985021,0.05260527561776775,0.915310865834926,0.9943581654622425,0.33762302012543965,case_patch_macro
real_A_state_oracle,FNH_PA32.nii.gz,overall,gamma_joint_product,4,0.9969080465811271,0.300005855467364,0.9924099752098926,0.9999710614129474,0.0947248875607672,case_patch_macro
real_A_state_oracle,FNH_PA32.nii.gz,background,gamma_world_stability,4,0.9984254163680365,0.5015897602689985,0.9357440038803867,0.9997662632644845,0.06889362718499085,case_patch_macro
real_A_state_oracle,FNH_PA32.nii.gz,foreground,gamma_world_stability,4,0.9427699842985021,0.41820257815172746,0.8987348211358196,0.9932367737960597,0.3667242044158943,case_patch_macro
real_A_state_oracle,FNH_PA32.nii.gz,overall,gamma_world_stability,4,0.9969080465811271,0.4999999214965648,0.9612183961566048,0.9997511664077647,0.10057011905530112,case_patch_macro
real_A_state_oracle,FNH_PA32.nii.gz,background,pairwise_joint_product,4,0.9984254163680365,0.31911190725763616,0.9976091051610814,0.9999949152444645,0.06913221110977955,case_patch_macro
real_A_state_oracle,FNH_PA32.nii.gz,foreground,pairwise_joint_product,4,0.9427699842985021,0.04969007092953912,0.9018967477348474,0.9929105415071343,0.32356623188272826,case_patch_macro
real_A_state_oracle,FNH_PA32.nii.gz,overall,pairwise_joint_product,4,0.9969080465811271,0.31232219929785554,0.9955654278311823,0.9999819668742461,0.09474589813740175,case_patch_macro
real_A_state_oracle,FNH_PA32.nii.gz,background,pairwise_world_stability,4,0.9984254163680365,0.5055470979673947,0.9919176764298372,0.9999639873245514,0.0709899275770156,case_patch_macro
real_A_state_oracle,FNH_PA32.nii.gz,foreground,pairwise_world_stability,4,0.9427699842985021,0.2666232334552496,0.894746761454928,0.9926635525530569,0.3266539135946685,case_patch_macro
real_A_state_oracle,FNH_PA32.nii.gz,overall,pairwise_world_stability,4,0.9969080465811271,0.4999999322443163,0.9924330635680538,0.9999512001545153,0.09774011785504005,case_patch_macro
existing_WP_imagined,FNH_PA10.nii.gz,background,blur_joint_product,4,0.9934240014885785,0.306578359805042,0.9810570913286027,0.9998443345934294,0.15371402281669688,case_patch_macro
existing_WP_imagined,FNH_PA10.nii.gz,foreground,blur_joint_product,4,0.970760511386132,0.11282837416549925,0.9605453803729546,0.9987272728794993,0.2733000266664941,case_patch_macro
existing_WP_imagined,FNH_PA10.nii.gz,overall,blur_joint_product,4,0.9923050138685439,0.29522308235469297,0.9807706080052903,0.9998141610340163,0.16545826909693842,case_patch_macro
existing_WP_imagined,FNH_PA10.nii.gz,background,blur_world_stability,4,0.9934240014885785,0.49574491252838104,0.9505748070723513,0.9991960367269872,0.14583522648632796,case_patch_macro
existing_WP_imagined,FNH_PA10.nii.gz,foreground,blur_world_stability,4,0.970760511386132,0.5315629403125383,0.9455140966303728,0.9982227889391665,0.2965336611042162,case_patch_macro
existing_WP_imagined,FNH_PA10.nii.gz,overall,blur_world_stability,4,0.9923050138685439,0.49999993291146017,0.9552593665513057,0.9992540253591654,0.15905224417176836,case_patch_macro
existing_WP_imagined,FNH_PA10.nii.gz,background,confidence_rank,4,0.9934240014885785,0.5204170012938543,0.987671783254048,0.9999009693273221,0.15615283755410717,case_patch_macro
existing_WP_imagined,FNH_PA10.nii.gz,foreground,confidence_rank,4,0.970760511386132,0.1643493903378966,0.9533585447138501,0.9982747888845451,0.27260329689917384,case_patch_macro
existing_WP_imagined,FNH_PA10.nii.gz,overall,confidence_rank,4,0.9923050138685439,0.5000000704039688,0.986612542893095,0.9998725835368715,0.16780230659699277,case_patch_macro
existing_WP_imagined,FNH_PA10.nii.gz,background,gamma_joint_product,4,0.9934240014885785,0.29216470692366475,0.9652623880463834,0.999727774525878,0.14879348054101493,case_patch_macro
existing_WP_imagined,FNH_PA10.nii.gz,foreground,gamma_joint_product,4,0.970760511386132,0.11372826433056056,0.9716837087147256,0.9991211864235966,0.2834982818966812,case_patch_macro
existing_WP_imagined,FNH_PA10.nii.gz,overall,gamma_joint_product,4,0.9923050138685439,0.2818130743226429,0.9696531789820003,0.9997251582803516,0.1619268301053393,case_patch_macro
existing_WP_imagined,FNH_PA10.nii.gz,background,gamma_world_stability,4,0.9934240014885785,0.4900913780975914,0.8247815854182611,0.997545631475243,0.11810720427618442,case_patch_macro
existing_WP_imagined,FNH_PA10.nii.gz,foreground,gamma_world_stability,4,0.970760511386132,0.6122286383845758,0.9573689328712257,0.99842380585866,0.4772983535433557,case_patch_macro
existing_WP_imagined,FNH_PA10.nii.gz,overall,gamma_world_stability,4,0.9923050138685439,0.49999992477707644,0.8556391174495626,0.99777839036196,0.14170048752934244,case_patch_macro
existing_WP_imagined,FNH_PA10.nii.gz,background,pairwise_joint_product,4,0.9934240014885785,0.3073382066688317,0.981523040097163,0.9998483567514914,0.15387281756090102,case_patch_macro
existing_WP_imagined,FNH_PA10.nii.gz,foreground,pairwise_joint_product,4,0.970760511386132,0.11255764163241472,0.9614855198349349,0.998760318791455,0.27381601636858516,case_patch_macro
existing_WP_imagined,FNH_PA10.nii.gz,overall,pairwise_joint_product,4,0.9923050138685439,0.2958954817457887,0.9812396576109705,0.9998190215604127,0.1656323917440999,case_patch_macro
existing_WP_imagined,FNH_PA10.nii.gz,background,pairwise_world_stability,4,0.9934240014885785,0.49594359955290335,0.9554943668238818,0.9993032341614173,0.1473630798389253,case_patch_macro
existing_WP_imagined,FNH_PA10.nii.gz,foreground,pairwise_world_stability,4,0.970760511386132,0.5289561364910759,0.9505971144242061,0.998426180553233,0.2987099544787389,case_patch_macro
existing_WP_imagined,FNH_PA10.nii.gz,overall,pairwise_world_stability,4,0.9923050138685439,0.4999999314365819,0.9594145637878121,0.9993516943181431,0.16039987337072895,case_patch_macro
full_real,FNH_PA10.nii.gz,background,blur_joint_product,4,0.9934240014885785,0.3098205163160156,0.9831228516316709,0.9998596023542204,0.15372649239604433,case_patch_macro
full_real,FNH_PA10.nii.gz,foreground,blur_joint_product,4,0.970760511386132,0.10187856382330489,0.9479634036605887,0.9981251407113172,0.2628406639344235,case_patch_macro
full_real,FNH_PA10.nii.gz,overall,blur_joint_product,4,0.9923050138685439,0.29771832411108723,0.9823704008362352,0.999827683156581,0.16534500452170794,case_patch_macro
full_real,FNH_PA10.nii.gz,background,blur_world_stability,4,0.9934240014885785,0.5034801315658584,0.9659868131276174,0.9994832636567734,0.1483364955609787,case_patch_macro
full_real,FNH_PA10.nii.gz,foreground,blur_world_stability,4,0.970760511386132,0.3774384722759658,0.9308625206345122,0.9975391648006248,0.2617339412153092,case_patch_macro
full_real,FNH_PA10.nii.gz,overall,blur_world_stability,4,0.9923050138685439,0.4999999333780036,0.9676027919532211,0.9995086395452617,0.16042871544130308,case_patch_macro
full_real,FNH_PA10.nii.gz,background,confidence_rank,4,0.9934240014885785,0.5204170012938543,0.987671783254048,0.9999009693273221,0.15615283755410717,case_patch_macro
full_real,FNH_PA10.nii.gz,foreground,confidence_rank,4,0.970760511386132,0.1643493903378966,0.9533585447138501,0.9982747888845451,0.27260329689917384,case_patch_macro
full_real,FNH_PA10.nii.gz,overall,confidence_rank,4,0.9923050138685439,0.5000000704039688,0.986612542893095,0.9998725835368715,0.16780230659699277,case_patch_macro
full_real,FNH_PA10.nii.gz,background,gamma_joint_product,4,0.9934240014885785,0.30270788452058,0.9779209950914153,0.9998234000318491,0.15255989493357724,case_patch_macro
full_real,FNH_PA10.nii.gz,foreground,gamma_joint_product,4,0.970760511386132,0.12871108944837564,0.9668807040517273,0.9989452265626738,0.27880705708692993,case_patch_macro
full_real,FNH_PA10.nii.gz,overall,gamma_joint_product,4,0.9923050138685439,0.29296377989205585,0.978732701365486,0.9998015039443808,0.16467135867104632,case_patch_macro
full_real,FNH_PA10.nii.gz,background,gamma_world_stability,4,0.9934240014885785,0.49040154212421927,0.9222847753906818,0.9985763095331806,0.13633959142287203,case_patch_macro
full_real,FNH_PA10.nii.gz,foreground,gamma_world_stability,4,0.970760511386132,0.6031897537674887,0.9611947495061383,0.9987356898466544,0.3299235095451975,case_patch_macro
full_real,FNH_PA10.nii.gz,overall,gamma_world_stability,4,0.9923050138685439,0.4999999325701259,0.9338282442851368,0.9987984839142094,0.15143835817415705,case_patch_macro
full_real,FNH_PA10.nii.gz,background,pairwise_joint_product,4,0.9934240014885785,0.31289471118317363,0.9840519745425357,0.9998679828148487,0.1538905594891094,case_patch_macro
full_real,FNH_PA10.nii.gz,foreground,pairwise_joint_product,4,0.970760511386132,0.09757668507583096,0.952506955578527,0.9983209001514864,0.2654357560796346,case_patch_macro
full_real,FNH_PA10.nii.gz,overall,pairwise_joint_product,4,0.9923050138685439,0.3001513536501531,0.9833433077853523,0.9998381840803083,0.16555525350150857,case_patch_macro
full_real,FNH_PA10.nii.gz,background,pairwise_world_stability,4,0.9934240014885785,0.5056939821879327,0.9736583490824126,0.999678777905709,0.15041375015116928,case_patch_macro
full_real,FNH_PA10.nii.gz,foreground,pairwise_world_stability,4,0.970760511386132,0.3500796173600644,0.9441752218437748,0.9981118880961276,0.26838881321244795,case_patch_macro
full_real,FNH_PA10.nii.gz,overall,pairwise_world_stability,4,0.9923050138685439,0.4999999343041155,0.9741986378054682,0.9996747839076122,0.1623002656471769,case_patch_macro
real_A_state_oracle,FNH_PA10.nii.gz,background,blur_joint_product,4,0.9934240014885785,0.3091289819992493,0.9833919484358272,0.9998638160233153,0.15436116146374046,case_patch_macro
real_A_state_oracle,FNH_PA10.nii.gz,foreground,blur_joint_product,4,0.970760511386132,0.10684836812517677,0.9512728241580014,0.9982910482688356,0.2656602722356452,case_patch_macro
real_A_state_oracle,FNH_PA10.nii.gz,overall,blur_joint_product,4,0.9923050138685439,0.2971389763334824,0.9823669370265794,0.9998302837039978,0.1658982399588188,case_patch_macro
real_A_state_oracle,FNH_PA10.nii.gz,background,blur_world_stability,4,0.9934240014885785,0.4999850634389046,0.9617384274168362,0.9993755519857848,0.14835685880156016,case_patch_macro
real_A_state_oracle,FNH_PA10.nii.gz,foreground,blur_world_stability,4,0.970760511386132,0.4404088554324241,0.9306303437557695,0.9975837830495285,0.2680982176860659,case_patch_macro
real_A_state_oracle,FNH_PA10.nii.gz,overall,blur_world_stability,4,0.9923050138685439,0.4999999298292669,0.9631388530266441,0.9993998672795512,0.16040012854536248,case_patch_macro
real_A_state_oracle,FNH_PA10.nii.gz,background,confidence_rank,4,0.9934240014885785,0.5204170012938543,0.987671783254048,0.9999009693273221,0.15615283755410717,case_patch_macro
real_A_state_oracle,FNH_PA10.nii.gz,foreground,confidence_rank,4,0.970760511386132,0.1643493903378966,0.9533585447138501,0.9982747888845451,0.27260329689917384,case_patch_macro
real_A_state_oracle,FNH_PA10.nii.gz,overall,confidence_rank,4,0.9923050138685439,0.5000000704039688,0.986612542893095,0.9998725835368715,0.16780230659699277,case_patch_macro
real_A_state_oracle,FNH_PA10.nii.gz,background,gamma_joint_product,4,0.9934240014885785,0.300530535727328,0.9734484037505501,0.9997843842629888,0.1513117278685633,case_patch_macro
real_A_state_oracle,FNH_PA10.nii.gz,foreground,gamma_joint_product,4,0.970760511386132,0.12752121455769255,0.9644206816165904,0.9988775639164539,0.2780048661555532,case_patch_macro
real_A_state_oracle,FNH_PA10.nii.gz,overall,gamma_joint_product,4,0.9923050138685439,0.29085538246357695,0.9750977682412963,0.9997654568155847,0.1636320306787777,case_patch_macro
real_A_state_oracle,FNH_PA10.nii.gz,background,gamma_world_stability,4,0.9934240014885785,0.4879291366784825,0.8933409108634905,0.9980437078483957,0.1281349035955896,case_patch_macro
real_A_state_oracle,FNH_PA10.nii.gz,foreground,gamma_world_stability,4,0.970760511386132,0.633711743256567,0.9516470826037841,0.9984093842314943,0.3488996603486152,case_patch_macro
real_A_state_oracle,FNH_PA10.nii.gz,overall,gamma_world_stability,4,0.9923050138685439,0.49999992543856114,0.9106725957453201,0.9983371622049488,0.1449637325855115,case_patch_macro
real_A_state_oracle,FNH_PA10.nii.gz,background,pairwise_joint_product,4,0.9934240014885785,0.31201876675739926,0.984464059232404,0.9998726931422253,0.15468713848302126,case_patch_macro
real_A_state_oracle,FNH_PA10.nii.gz,foreground,pairwise_joint_product,4,0.970760511386132,0.10171691796134825,0.9539743165073961,0.9983877722063045,0.2670263375832755,case_patch_macro
real_A_state_oracle,FNH_PA10.nii.gz,overall,pairwise_joint_product,4,0.9923050138685439,0.29932469870789136,0.9834827167399135,0.9998414362580904,0.16627348376311146,case_patch_macro
real_A_state_oracle,FNH_PA10.nii.gz,background,pairwise_world_stability,4,0.9934240014885785,0.5022920592546977,0.9726858950879493,0.9996141170237138,0.15151275647252224,case_patch_macro
real_A_state_oracle,FNH_PA10.nii.gz,foreground,pairwise_world_stability,4,0.970760511386132,0.41161623019965027,0.9421232499118822,0.9980254416234464,0.27179645454230816,case_patch_macro
real_A_state_oracle,FNH_PA10.nii.gz,overall,pairwise_world_stability,4,0.9923050138685439,0.49999992755455325,0.972620524461329,0.9996137784957952,0.16325014830118245,case_patch_macro
existing_WP_imagined,CYST_PA54.nii.gz,background,blur_joint_product,4,0.9982487101670121,0.31283335567590487,0.9963404656606999,0.9999934558793222,0.07396577716831167,case_patch_macro
existing_WP_imagined,CYST_PA54.nii.gz,foreground,blur_joint_product,4,0.9484612434037524,0.1009268178176491,0.9275089496543929,0.995467094816815,0.3252913619510629,case_patch_macro
existing_WP_imagined,CYST_PA54.nii.gz,overall,blur_joint_product,4,0.9973236366554543,0.30827835558595484,0.9955580384646163,0.9999877692206891,0.09097644085685047,case_patch_macro
existing_WP_imagined,CYST_PA54.nii.gz,background,blur_world_stability,4,0.9982487101670121,0.5031133986098876,0.9815674607609768,0.9999358429548526,0.07804370219407761,case_patch_macro
existing_WP_imagined,CYST_PA54.nii.gz,foreground,blur_world_stability,4,0.9484612434037524,0.3424148780609302,0.8990728510878317,0.9935536418686648,0.3203511162917826,case_patch_macro
existing_WP_imagined,CYST_PA54.nii.gz,overall,blur_world_stability,4,0.9973236366554543,0.49999990848888737,0.984879211014156,0.9999267933894085,0.09670336508172256,case_patch_macro
existing_WP_imagined,CYST_PA54.nii.gz,background,confidence_rank,4,0.9982487101670121,0.5066728062058334,0.9978611224665443,0.9999962167153211,0.07448831685077606,case_patch_macro
existing_WP_imagined,CYST_PA54.nii.gz,foreground,confidence_rank,4,0.9484612434037524,0.19962920240977988,0.9364894957989931,0.9959415860460601,0.3363779155314178,case_patch_macro
existing_WP_imagined,CYST_PA54.nii.gz,overall,confidence_rank,4,0.9973236366554543,0.5000000758082904,0.9967821480714758,0.9999910823950109,0.09156030095617917,case_patch_macro
existing_WP_imagined,CYST_PA54.nii.gz,background,gamma_joint_product,4,0.9982487101670121,0.2820997301015532,0.986008676448602,0.999974911985938,0.0726954303219127,case_patch_macro
existing_WP_imagined,CYST_PA54.nii.gz,foreground,gamma_joint_product,4,0.9484612434037524,0.11260051019035165,0.9490707758723939,0.9970255737653837,0.3465254882772527,case_patch_macro
existing_WP_imagined,CYST_PA54.nii.gz,overall,gamma_joint_product,4,0.9973236366554543,0.27839833211199294,0.9891368591366874,0.9999704396952038,0.09013873022671157,case_patch_macro
existing_WP_imagined,CYST_PA54.nii.gz,background,gamma_world_stability,4,0.9982487101670121,0.5003662450840264,0.8690449325011314,0.9995459231972799,0.08674467325283855,case_patch_macro
existing_WP_imagined,CYST_PA54.nii.gz,foreground,gamma_world_stability,4,0.9484612434037524,0.4708631873150101,0.9407621894856811,0.9964566360305203,0.49281276317821976,case_patch_macro
existing_WP_imagined,CYST_PA54.nii.gz,overall,gamma_world_stability,4,0.9973236366554543,0.4999999083034389,0.9116311748886285,0.9995465907422474,0.1193344730605127,case_patch_macro
existing_WP_imagined,CYST_PA54.nii.gz,background,pairwise_joint_product,4,0.9982487101670121,0.31364775807604284,0.9965908962826688,0.9999939003902905,0.07399419326342806,case_patch_macro
existing_WP_imagined,CYST_PA54.nii.gz,foreground,pairwise_joint_product,4,0.9484612434037524,0.10130320938778656,0.9296206525065771,0.995607902904988,0.32690739812873093,case_patch_macro
existing_WP_imagined,CYST_PA54.nii.gz,overall,pairwise_joint_product,4,0.9973236366554543,0.3090843174632618,0.9957931025542397,0.999988402542862,0.0910089521274185,case_patch_macro
existing_WP_imagined,CYST_PA54.nii.gz,background,pairwise_world_stability,4,0.9982487101670121,0.5031342879293226,0.9855352851250803,0.9999504888052202,0.07838477198112606,case_patch_macro
existing_WP_imagined,CYST_PA54.nii.gz,foreground,pairwise_world_stability,4,0.9484612434037524,0.34148169814362017,0.9079174198521476,0.9942208347580013,0.3270298372589243,case_patch_macro
existing_WP_imagined,CYST_PA54.nii.gz,overall,pairwise_world_stability,4,0.9973236366554543,0.4999999287142263,0.9881251165671778,0.9999445220412047,0.09698008877283135,case_patch_macro
full_real,CYST_PA54.nii.gz,background,blur_joint_product,4,0.9982487101670121,0.31796657075716295,0.9976454125131582,0.9999958241915186,0.0728696326856837,case_patch_macro
full_real,CYST_PA54.nii.gz,foreground,blur_joint_product,4,0.9484612434037524,0.08383397153810827,0.9143880792256389,0.9947851046427691,0.3137399486150809,case_patch_macro
full_real,CYST_PA54.nii.gz,overall,blur_joint_product,4,0.9973236366554543,0.31293752633050476,0.9962234917620294,0.9999895744684273,0.08959032059629846,case_patch_macro
full_real,CYST_PA54.nii.gz,background,blur_world_stability,4,0.9982487101670121,0.5055800081245649,0.991161829189804,0.9999678940594836,0.07294357757567571,case_patch_macro
full_real,CYST_PA54.nii.gz,foreground,blur_world_stability,4,0.9484612434037524,0.23975102895274863,0.8738645475383228,0.9922759233075114,0.2875120906891453,case_patch_macro
full_real,CYST_PA54.nii.gz,overall,blur_world_stability,4,0.9973236366554543,0.49999992303480245,0.9909551711432989,0.9999590475413312,0.08986433213926237,case_patch_macro
full_real,CYST_PA54.nii.gz,background,confidence_rank,4,0.9982487101670121,0.5066728062058334,0.9978611224665443,0.9999962167153211,0.07448831685077606,case_patch_macro
full_real,CYST_PA54.nii.gz,foreground,confidence_rank,4,0.9484612434037524,0.19962920240977988,0.9364894957989931,0.9959415860460601,0.3363779155314178,case_patch_macro
full_real,CYST_PA54.nii.gz,overall,confidence_rank,4,0.9973236366554543,0.5000000758082904,0.9967821480714758,0.9999910823950109,0.09156030095617917,case_patch_macro
full_real,CYST_PA54.nii.gz,background,gamma_joint_product,4,0.9982487101670121,0.3110085893395405,0.9936438074854412,0.9999885913033835,0.07333278070426036,case_patch_macro
full_real,CYST_PA54.nii.gz,foreground,gamma_joint_product,4,0.9484612434037524,0.12969033724804488,0.9360615845669653,0.9960845690814948,0.3338955435839169,case_patch_macro
full_real,CYST_PA54.nii.gz,overall,gamma_joint_product,4,0.9973236366554543,0.30715893326110244,0.9938428929788453,0.9999831418279398,0.09040534400347178,case_patch_macro
full_real,CYST_PA54.nii.gz,background,gamma_world_stability,4,0.9982487101670121,0.5005932264021631,0.9547533028829428,0.9998355859624997,0.07265994131602613,case_patch_macro
full_real,CYST_PA54.nii.gz,foreground,gamma_world_stability,4,0.9484612434037524,0.4447132193254452,0.9207977519808974,0.995079073817014,0.36095937780767856,case_patch_macro
full_real,CYST_PA54.nii.gz,overall,gamma_world_stability,4,0.9973236366554543,0.4999999348762719,0.9675585226045423,0.9998295349412849,0.09215796924802241,case_patch_macro
full_real,CYST_PA54.nii.gz,background,pairwise_joint_product,4,0.9982487101670121,0.32161914679297227,0.9980011526164416,0.9999964667323086,0.07284666706657154,case_patch_macro
full_real,CYST_PA54.nii.gz,foreground,pairwise_joint_product,4,0.9484612434037524,0.08262665025286095,0.9171180278705624,0.9949618721351623,0.3157766043860589,case_patch_macro
full_real,CYST_PA54.nii.gz,overall,pairwise_joint_product,4,0.9973236366554543,0.3164799663400482,0.9965296593189743,0.9999904203988004,0.08955793306692134,case_patch_macro
full_real,CYST_PA54.nii.gz,background,pairwise_world_stability,4,0.9982487101670121,0.5060111290560975,0.9960918882030585,0.9999886817879035,0.07327357248138194,case_patch_macro
full_real,CYST_PA54.nii.gz,foreground,pairwise_world_stability,4,0.9484612434037524,0.2202118704409438,0.8837072955516002,0.9929987086977794,0.29452881855600604,case_patch_macro
full_real,CYST_PA54.nii.gz,overall,pairwise_world_stability,4,0.9973236366554543,0.4999999341526804,0.9945084873585357,0.9999805521041913,0.09003135363121316,case_patch_macro
real_A_state_oracle,CYST_PA54.nii.gz,background,blur_joint_product,4,0.9982487101670121,0.3156249635434411,0.9965383281800443,0.9999937695082025,0.07378650145672387,case_patch_macro
real_A_state_oracle,CYST_PA54.nii.gz,foreground,blur_joint_product,4,0.9484612434037524,0.12877736227511025,0.9384420385154684,0.9962471408004823,0.33434650098723645,case_patch_macro
real_A_state_oracle,CYST_PA54.nii.gz,overall,blur_joint_product,4,0.9973236366554543,0.31167121787898044,0.9957926579413785,0.9999882934577322,0.09078302360587917,case_patch_macro
real_A_state_oracle,CYST_PA54.nii.gz,background,blur_world_stability,4,0.9982487101670121,0.502311689689497,0.9868886920339289,0.999954495730158,0.07617957750535778,case_patch_macro
real_A_state_oracle,CYST_PA54.nii.gz,foreground,blur_world_stability,4,0.9484612434037524,0.37380656163506754,0.9277769727508063,0.9956496758635958,0.3453856996327116,case_patch_macro
real_A_state_oracle,CYST_PA54.nii.gz,overall,blur_world_stability,4,0.9973236366554543,0.4999999315950845,0.9890208749898065,0.9999475527833925,0.09422981753508607,case_patch_macro
real_A_state_oracle,CYST_PA54.nii.gz,background,confidence_rank,4,0.9982487101670121,0.5066728062058334,0.9978611224665443,0.9999962167153211,0.07448831685077606,case_patch_macro
real_A_state_oracle,CYST_PA54.nii.gz,foreground,confidence_rank,4,0.9484612434037524,0.19962920240977988,0.9364894957989931,0.9959415860460601,0.3363779155314178,case_patch_macro
real_A_state_oracle,CYST_PA54.nii.gz,overall,confidence_rank,4,0.9973236366554543,0.5000000758082904,0.9967821480714758,0.9999910823950109,0.09156030095617917,case_patch_macro
real_A_state_oracle,CYST_PA54.nii.gz,background,gamma_joint_product,4,0.9982487101670121,0.3053847750699632,0.9925973977294333,0.9999866517439058,0.07348257185413552,case_patch_macro
real_A_state_oracle,CYST_PA54.nii.gz,foreground,gamma_joint_product,4,0.9484612434037524,0.12303225239793714,0.9399407308562155,0.9963754352794076,0.3379624296266993,case_patch_macro
real_A_state_oracle,CYST_PA54.nii.gz,overall,gamma_joint_product,4,0.9973236366554543,0.30146242419497643,0.9931810517844226,0.9999812162892727,0.09064080950152362,case_patch_macro
real_A_state_oracle,CYST_PA54.nii.gz,background,gamma_world_stability,4,0.9982487101670121,0.5000306871336035,0.9461262009119864,0.9998077451012082,0.07598895759856844,case_patch_macro
real_A_state_oracle,CYST_PA54.nii.gz,foreground,gamma_world_stability,4,0.9484612434037524,0.47281398361908233,0.9239587343579019,0.9953184474595613,0.39104769127968975,case_patch_macro
real_A_state_oracle,CYST_PA54.nii.gz,overall,gamma_world_stability,4,0.9973236366554543,0.49999993272155685,0.9615039549400632,0.9997986247722533,0.0969458557363234,case_patch_macro
real_A_state_oracle,CYST_PA54.nii.gz,background,pairwise_joint_product,4,0.9982487101670121,0.31908085073295556,0.9969024455791597,0.9999944288060528,0.07374422026130341,case_patch_macro
real_A_state_oracle,CYST_PA54.nii.gz,foreground,pairwise_joint_product,4,0.9484612434037524,0.12489780601653047,0.9393333817000721,0.9962874036619369,0.3346415517891021,case_patch_macro
real_A_state_oracle,CYST_PA54.nii.gz,overall,pairwise_joint_product,4,0.9973236366554543,0.3149601244751221,0.9960713131451902,0.9999890677986063,0.0907194696776294,case_patch_macro
real_A_state_oracle,CYST_PA54.nii.gz,background,pairwise_world_stability,4,0.9982487101670121,0.5027595095539434,0.9914010222449819,0.9999712384873181,0.07569617316227725,case_patch_macro
real_A_state_oracle,CYST_PA54.nii.gz,foreground,pairwise_world_stability,4,0.9484612434037524,0.3545015301706247,0.9325258522145274,0.9959547974980483,0.3449342413787275,case_patch_macro
real_A_state_oracle,CYST_PA54.nii.gz,overall,pairwise_world_stability,4,0.9973236366554543,0.49999993734945747,0.9922857783402808,0.9999655526990044,0.09340590730124868,case_patch_macro
existing_WP_imagined,CYST_PA53.nii.gz,background,blur_joint_product,4,0.9954895773542717,0.317936078466178,0.9852831102387882,0.999898800500232,0.111377096565062,case_patch_macro
existing_WP_imagined,CYST_PA53.nii.gz,foreground,blur_joint_product,4,0.975232740554973,0.2411027992035531,0.9646144612731415,0.999040434268719,0.25813770617755816,case_patch_macro
existing_WP_imagined,CYST_PA53.nii.gz,overall,blur_joint_product,4,0.9945699903700087,0.3135189629149018,0.9850785014697008,0.9998882552024675,0.12312025081799846,case_patch_macro
existing_WP_imagined,CYST_PA53.nii.gz,background,blur_world_stability,4,0.9954895773542717,0.4981325313195311,0.929459896277171,0.9991753332527993,0.10037879917188137,case_patch_macro
existing_WP_imagined,CYST_PA53.nii.gz,foreground,blur_world_stability,4,0.975232740554973,0.5510418854482552,0.9538315212645695,0.9987160790704319,0.2946856867107188,case_patch_macro
existing_WP_imagined,CYST_PA53.nii.gz,overall,blur_world_stability,4,0.9945699903700087,0.4999999294270007,0.9377803270174923,0.999192159867478,0.11398104568108558,case_patch_macro
existing_WP_imagined,CYST_PA53.nii.gz,background,confidence_rank,4,0.9954895773542717,0.5078675282165541,0.9929930167172745,0.9999406828812707,0.11340232253840768,case_patch_macro
existing_WP_imagined,CYST_PA53.nii.gz,foreground,confidence_rank,4,0.975232740554973,0.3598864151322343,0.9628590903014305,0.9989639070907497,0.26304087058388576,case_patch_macro
existing_WP_imagined,CYST_PA53.nii.gz,overall,confidence_rank,4,0.9945699903700087,0.5000000679607323,0.991696295364803,0.9999291963072516,0.1249924810859824,case_patch_macro
existing_WP_imagined,CYST_PA53.nii.gz,background,gamma_joint_product,4,0.9954895773542717,0.28967314839711467,0.9744339386959152,0.9998481915996427,0.1090249925128812,case_patch_macro
existing_WP_imagined,CYST_PA53.nii.gz,foreground,gamma_joint_product,4,0.975232740554973,0.21518263547985106,0.9703632083876144,0.9992126138900623,0.2667783056108687,case_patch_macro
existing_WP_imagined,CYST_PA53.nii.gz,overall,gamma_joint_product,4,0.9945699903700087,0.28557640029163867,0.9772949510589513,0.9998423180190763,0.12123732557030242,case_patch_macro
existing_WP_imagined,CYST_PA53.nii.gz,background,gamma_world_stability,4,0.9954895773542717,0.4981577186364319,0.8432801632870625,0.9985110872393832,0.10790106918942324,case_patch_macro
existing_WP_imagined,CYST_PA53.nii.gz,foreground,gamma_world_stability,4,0.975232740554973,0.5425995936817192,0.9616326339154355,0.998885932996391,0.4589104914860953,case_patch_macro
existing_WP_imagined,CYST_PA53.nii.gz,overall,gamma_world_stability,4,0.9945699903700087,0.4999999400690024,0.8729169895806252,0.9985526753740032,0.130666283206611,case_patch_macro
existing_WP_imagined,CYST_PA53.nii.gz,background,pairwise_joint_product,4,0.9954895773542717,0.3187359687360257,0.986817905556626,0.9999078566755291,0.11176785905506367,case_patch_macro
existing_WP_imagined,CYST_PA53.nii.gz,foreground,pairwise_joint_product,4,0.975232740554973,0.24229749364220304,0.9651755654661792,0.9990581318449183,0.25843641278243024,case_patch_macro
existing_WP_imagined,CYST_PA53.nii.gz,overall,pairwise_joint_product,4,0.9945699903700087,0.3143293745146035,0.986476865778319,0.9998973975266116,0.12349493065526562,case_patch_macro
existing_WP_imagined,CYST_PA53.nii.gz,background,pairwise_world_stability,4,0.9954895773542717,0.49812419908818406,0.9454058306397036,0.9993710796428419,0.10435163469643123,case_patch_macro
existing_WP_imagined,CYST_PA53.nii.gz,foreground,pairwise_world_stability,4,0.975232740554973,0.5512692305104101,0.9571201638853959,0.9988292140897358,0.29573711446868356,case_patch_macro
existing_WP_imagined,CYST_PA53.nii.gz,overall,pairwise_world_stability,4,0.9945699903700087,0.49999994153128885,0.9515864995032692,0.9993821961887918,0.11760367620129164,case_patch_macro
full_real,CYST_PA53.nii.gz,background,blur_joint_product,4,0.9954895773542717,0.3216714977750124,0.9927504582088791,0.9999534749814216,0.11314191674434143,case_patch_macro
full_real,CYST_PA53.nii.gz,foreground,blur_joint_product,4,0.975232740554973,0.1993754408336814,0.9377430750305993,0.9982780376158986,0.2376685728358924,case_patch_macro
full_real,CYST_PA53.nii.gz,overall,blur_joint_product,4,0.9945699903700087,0.3155945597745583,0.9904045375375208,0.9999361365222919,0.12446906592125948,case_patch_macro
full_real,CYST_PA53.nii.gz,background,blur_world_stability,4,0.9954895773542717,0.5053087605002813,0.9768157145401948,0.9997148949928436,0.10980460289802746,case_patch_macro
full_real,CYST_PA53.nii.gz,foreground,blur_world_stability,4,0.975232740554973,0.3866323700100548,0.8995879705806225,0.9971421010478815,0.22368170808276785,case_patch_macro
full_real,CYST_PA53.nii.gz,overall,blur_world_stability,4,0.9945699903700087,0.49999993411136157,0.9754050683979048,0.9996975522228464,0.12118968272426184,case_patch_macro
full_real,CYST_PA53.nii.gz,background,confidence_rank,4,0.9954895773542717,0.5078675282165541,0.9929930167172745,0.9999406828812707,0.11340232253840768,case_patch_macro
full_real,CYST_PA53.nii.gz,foreground,confidence_rank,4,0.975232740554973,0.3598864151322343,0.9628590903014305,0.9989639070907497,0.26304087058388576,case_patch_macro
full_real,CYST_PA53.nii.gz,overall,confidence_rank,4,0.9945699903700087,0.5000000679607323,0.991696295364803,0.9999291963072516,0.1249924810859824,case_patch_macro
full_real,CYST_PA53.nii.gz,background,gamma_joint_product,4,0.9954895773542717,0.31639632354498365,0.9826675145853155,0.9998887090845991,0.11080086747532718,case_patch_macro
full_real,CYST_PA53.nii.gz,foreground,gamma_joint_product,4,0.975232740554973,0.281930231516861,0.9658510580682607,0.9990872341037147,0.2620519356716642,case_patch_macro
full_real,CYST_PA53.nii.gz,overall,gamma_joint_product,4,0.9945699903700087,0.3137313708162366,0.9833224424269635,0.9998793564275011,0.12266952504786602,case_patch_macro
full_real,CYST_PA53.nii.gz,background,gamma_world_stability,4,0.9954895773542717,0.49402258884968564,0.907723823127822,0.9989441915519877,0.09481095929574933,case_patch_macro
full_real,CYST_PA53.nii.gz,foreground,gamma_world_stability,4,0.975232740554973,0.6376083349336692,0.957381253871877,0.9988286431491002,0.32975503646713467,case_patch_macro
full_real,CYST_PA53.nii.gz,overall,gamma_world_stability,4,0.9945699903700087,0.49999993309920765,0.9224919861554866,0.9989809119633262,0.10923745760381204,case_patch_macro
full_real,CYST_PA53.nii.gz,background,pairwise_joint_product,4,0.9954895773542717,0.3258364528445425,0.9937098641810811,0.9999595455377593,0.11336913929280536,case_patch_macro
full_real,CYST_PA53.nii.gz,foreground,pairwise_joint_product,4,0.975232740554973,0.20100934605258414,0.9399645527091756,0.9983448436606519,0.23872576076322716,case_patch_macro
full_real,CYST_PA53.nii.gz,overall,pairwise_joint_product,4,0.9945699903700087,0.3195960651599503,0.9913400905818444,0.9999427528620057,0.12470481274213503,case_patch_macro
full_real,CYST_PA53.nii.gz,background,pairwise_world_stability,4,0.9954895773542717,0.5060139617764348,0.986143144542744,0.999833025721465,0.11180979694255166,case_patch_macro
full_real,CYST_PA53.nii.gz,foreground,pairwise_world_stability,4,0.975232740554973,0.37314474453337987,0.9079503766372585,0.9974238401017621,0.22725737530031145,case_patch_macro
full_real,CYST_PA53.nii.gz,overall,pairwise_world_stability,4,0.9945699903700087,0.49999992648205266,0.983520625085986,0.9998141036877268,0.12301881602347534,case_patch_macro
real_A_state_oracle,CYST_PA53.nii.gz,background,blur_joint_product,4,0.9954895773542717,0.32062731366722663,0.9904924383266405,0.999928892044114,0.11265331939797436,case_patch_macro
real_A_state_oracle,CYST_PA53.nii.gz,foreground,blur_joint_product,4,0.975232740554973,0.25292305811738264,0.9582670352296585,0.9988436702472402,0.252821304350873,case_patch_macro
real_A_state_oracle,CYST_PA53.nii.gz,overall,blur_joint_product,4,0.9945699903700087,0.3165980463180097,0.989385427341566,0.9999169182999936,0.12424630241035522,case_patch_macro
real_A_state_oracle,CYST_PA53.nii.gz,background,blur_world_stability,4,0.9954895773542717,0.5001626489688623,0.9707493990783198,0.9996779455752917,0.10945040621371041,case_patch_macro
real_A_state_oracle,CYST_PA53.nii.gz,foreground,blur_world_stability,4,0.975232740554973,0.5098287340547756,0.9401288002554589,0.998281035948493,0.2666634125437507,case_patch_macro
real_A_state_oracle,CYST_PA53.nii.gz,overall,blur_world_stability,4,0.9945699903700087,0.4999999375511043,0.9725577862606134,0.9996718203969001,0.12163042587732002,case_patch_macro
real_A_state_oracle,CYST_PA53.nii.gz,background,confidence_rank,4,0.9954895773542717,0.5078675282165541,0.9929930167172745,0.9999406828812707,0.11340232253840768,case_patch_macro
real_A_state_oracle,CYST_PA53.nii.gz,foreground,confidence_rank,4,0.975232740554973,0.3598864151322343,0.9628590903014305,0.9989639070907497,0.26304087058388576,case_patch_macro
real_A_state_oracle,CYST_PA53.nii.gz,overall,confidence_rank,4,0.9945699903700087,0.5000000679607323,0.991696295364803,0.9999291963072516,0.1249924810859824,case_patch_macro
real_A_state_oracle,CYST_PA53.nii.gz,background,gamma_joint_product,4,0.9954895773542717,0.31198355803347333,0.9777751924367897,0.999863694535245,0.10971805427973694,case_patch_macro
real_A_state_oracle,CYST_PA53.nii.gz,foreground,gamma_joint_product,4,0.975232740554973,0.2622711008022313,0.9663124969520616,0.9991035362171671,0.2630537622511175,case_patch_macro
real_A_state_oracle,CYST_PA53.nii.gz,overall,gamma_joint_product,4,0.9945699903700087,0.30872625481391336,0.9795787969868139,0.9998556176635016,0.12175255173865662,case_patch_macro
real_A_state_oracle,CYST_PA53.nii.gz,background,gamma_world_stability,4,0.9954895773542717,0.4947760907503589,0.8719601743320142,0.9986555573069602,0.0892080034822524,case_patch_macro
real_A_state_oracle,CYST_PA53.nii.gz,foreground,gamma_world_stability,4,0.975232740554973,0.6219437798902239,0.9549428771444727,0.9987346443026536,0.35736799189730134,case_patch_macro
real_A_state_oracle,CYST_PA53.nii.gz,overall,gamma_world_stability,4,0.9945699903700087,0.4999999295563005,0.8949213116519383,0.998701577999143,0.10543136535542222,case_patch_macro
real_A_state_oracle,CYST_PA53.nii.gz,background,pairwise_joint_product,4,0.9954895773542717,0.3237193481361946,0.9912614015822524,0.9999341168624825,0.112834713312152,case_patch_macro
real_A_state_oracle,CYST_PA53.nii.gz,foreground,pairwise_joint_product,4,0.975232740554973,0.25374201729543333,0.9594140816270105,0.9988783838081596,0.253032242458337,case_patch_macro
real_A_state_oracle,CYST_PA53.nii.gz,overall,pairwise_joint_product,4,0.9945699903700087,0.31952809121673154,0.9901150675510827,0.9999223761885798,0.12442709994034863,case_patch_macro
real_A_state_oracle,CYST_PA53.nii.gz,background,pairwise_world_stability,4,0.9954895773542717,0.5008143810021979,0.9785607196121044,0.9997693201574636,0.11089746528873307,case_patch_macro
real_A_state_oracle,CYST_PA53.nii.gz,foreground,pairwise_world_stability,4,0.975232740554973,0.498474356852779,0.9466231638567095,0.9985032458133208,0.26651804978958343,case_patch_macro
real_A_state_oracle,CYST_PA53.nii.gz,overall,pairwise_world_stability,4,0.9945699903700087,0.49999993061561765,0.9794112713974943,0.9997626231748153,0.12287615957390102,case_patch_macro
existing_WP_imagined,CYST_PA38.nii.gz,background,blur_joint_product,4,0.9993920548894027,0.30808995566736413,0.9965481521511941,0.9999970972832184,0.04222826948693752,case_patch_macro
existing_WP_imagined,CYST_PA38.nii.gz,foreground,blur_joint_product,4,0.901454405636613,0.13364007464187813,0.8875807130541438,0.9845678485989625,0.3829975571237787,case_patch_macro
existing_WP_imagined,CYST_PA38.nii.gz,overall,blur_joint_product,4,0.9980061142532913,0.304538039890613,0.9962335236985396,0.9999910476582572,0.07835377831602688,case_patch_macro
existing_WP_imagined,CYST_PA38.nii.gz,background,blur_world_stability,4,0.9993920548894027,0.502598194206148,0.9816777181317947,0.9999779598130513,0.045193401669883934,case_patch_macro
existing_WP_imagined,CYST_PA38.nii.gz,foreground,blur_world_stability,4,0.901454405636613,0.34826309986026593,0.8738775794151408,0.9826370859442826,0.3909707309813732,case_patch_macro
existing_WP_imagined,CYST_PA38.nii.gz,overall,blur_world_stability,4,0.9980061142532913,0.4999999339393408,0.9911297980986009,0.9999682245025917,0.08575512137105938,case_patch_macro
existing_WP_imagined,CYST_PA38.nii.gz,background,confidence_rank,4,0.9993920548894027,0.5054284840466482,0.9974111510962617,0.9999973110759844,0.04249966775046971,case_patch_macro
existing_WP_imagined,CYST_PA38.nii.gz,foreground,confidence_rank,4,0.901454405636613,0.24039187914129773,0.8612793600739973,0.9794489565287837,0.3585712702534379,case_patch_macro
existing_WP_imagined,CYST_PA38.nii.gz,overall,confidence_rank,4,0.9980061142532913,0.5000000648085333,0.9959824401226235,0.9999901147576029,0.07869471826868477,case_patch_macro
existing_WP_imagined,CYST_PA38.nii.gz,background,gamma_joint_product,4,0.9993920548894027,0.2773169934561797,0.9866541078699214,0.9999905320171228,0.041563828268633835,case_patch_macro
existing_WP_imagined,CYST_PA38.nii.gz,foreground,gamma_joint_product,4,0.901454405636613,0.1335214031909172,0.9179319321888412,0.9895057638319589,0.42054849654059423,case_patch_macro
existing_WP_imagined,CYST_PA38.nii.gz,overall,gamma_joint_product,4,0.9980061142532913,0.2743440695220715,0.9925505078551278,0.9999830166510757,0.07812528514563234,case_patch_macro
existing_WP_imagined,CYST_PA38.nii.gz,background,gamma_world_stability,4,0.9993920548894027,0.5006554937818695,0.8603221960967651,0.9998461320041284,0.05213089942182305,case_patch_macro
existing_WP_imagined,CYST_PA38.nii.gz,foreground,gamma_world_stability,4,0.901454405636613,0.44188767769986115,0.9028155216356483,0.9856162306407213,0.5495362333838648,case_patch_macro
existing_WP_imagined,CYST_PA38.nii.gz,overall,gamma_world_stability,4,0.9980061142532913,0.49999992084846556,0.946503968954578,0.9997980146383634,0.12029312874523725,case_patch_macro
existing_WP_imagined,CYST_PA38.nii.gz,background,pairwise_joint_product,4,0.9993920548894027,0.30889637299946476,0.9966022844464684,0.9999971478548767,0.042228550129426744,case_patch_macro
existing_WP_imagined,CYST_PA38.nii.gz,foreground,pairwise_joint_product,4,0.901454405636613,0.13405816797701334,0.8882170088093706,0.9846062847561836,0.38348939737960397,case_patch_macro
existing_WP_imagined,CYST_PA38.nii.gz,overall,pairwise_joint_product,4,0.9980061142532913,0.30533640595236095,0.9963182000312096,0.9999912538535041,0.07835751083699125,case_patch_macro
existing_WP_imagined,CYST_PA38.nii.gz,background,pairwise_world_stability,4,0.9993920548894027,0.5026312813683707,0.9830622149161328,0.9999805246001054,0.045165134988622416,case_patch_macro
existing_WP_imagined,CYST_PA38.nii.gz,foreground,pairwise_world_stability,4,0.901454405636613,0.34676850723090047,0.877457311496044,0.9830918905194088,0.39374448332131934,case_patch_macro
existing_WP_imagined,CYST_PA38.nii.gz,overall,pairwise_world_stability,4,0.9980061142532913,0.4999999496523839,0.9924147141152473,0.9999742591157175,0.0856379435539187,case_patch_macro
full_real,CYST_PA38.nii.gz,background,blur_joint_product,4,0.9993920548894027,0.3138565955688224,0.9979081751147907,0.9999987484602356,0.0417761150238532,case_patch_macro
full_real,CYST_PA38.nii.gz,foreground,blur_joint_product,4,0.901454405636613,0.08697161993723217,0.8324948873067826,0.9763393998297846,0.3229484703582146,case_patch_macro
full_real,CYST_PA38.nii.gz,overall,blur_joint_product,4,0.9980061142532913,0.3094440278667307,0.9956310307211005,0.9999902890266229,0.07709520952892095,case_patch_macro
full_real,CYST_PA38.nii.gz,background,blur_world_stability,4,0.9993920548894027,0.5053581613790183,0.9848546403534848,0.9999837717288447,0.04198517453621387,case_patch_macro
full_real,CYST_PA38.nii.gz,foreground,blur_world_stability,4,0.901454405636613,0.2039606861806833,0.7684245986500087,0.9657990006455555,0.2600654563928333,case_patch_macro
full_real,CYST_PA38.nii.gz,overall,blur_world_stability,4,0.9980061142532913,0.4999999273794544,0.9905456380812883,0.9999703581655895,0.07857577501395469,case_patch_macro
full_real,CYST_PA38.nii.gz,background,confidence_rank,4,0.9993920548894027,0.5054284840466482,0.9974111510962617,0.9999973110759844,0.04249966775046971,case_patch_macro
full_real,CYST_PA38.nii.gz,foreground,confidence_rank,4,0.901454405636613,0.24039187914129773,0.8612793600739973,0.9794489565287837,0.3585712702534379,case_patch_macro
full_real,CYST_PA38.nii.gz,overall,confidence_rank,4,0.9980061142532913,0.5000000648085333,0.9959824401226235,0.9999901147576029,0.07869471826868477,case_patch_macro
full_real,CYST_PA38.nii.gz,background,gamma_joint_product,4,0.9993920548894027,0.305903850096272,0.9928327163703772,0.9999942751242032,0.041707936952609145,case_patch_macro
full_real,CYST_PA38.nii.gz,foreground,gamma_joint_product,4,0.901454405636613,0.15953000909642595,0.8879855983256794,0.984483758246372,0.38459914369858744,case_patch_macro
full_real,CYST_PA38.nii.gz,overall,gamma_joint_product,4,0.9980061142532913,0.3029345111217351,0.9949331238918623,0.9999878969242991,0.07774933657215287,case_patch_macro
full_real,CYST_PA38.nii.gz,background,gamma_world_stability,4,0.9993920548894027,0.501094907009387,0.9439070037799014,0.9999328993402073,0.04128474186299526,case_patch_macro
full_real,CYST_PA38.nii.gz,foreground,gamma_world_stability,4,0.901454405636613,0.41430872388792916,0.8784665466319161,0.983121024532277,0.41342936147508696,case_patch_macro
full_real,CYST_PA38.nii.gz,overall,gamma_world_stability,4,0.9980061142532913,0.4999999236937377,0.9805194040220274,0.9999239448133167,0.08286261056358607,case_patch_macro
full_real,CYST_PA38.nii.gz,background,pairwise_joint_product,4,0.9993920548894027,0.31794860306488143,0.998383202174061,0.9999989863160472,0.04170410213222537,case_patch_macro
full_real,CYST_PA38.nii.gz,foreground,pairwise_joint_product,4,0.901454405636613,0.0881457355820129,0.8361864867527361,0.9766319992770212,0.32616291912028017,case_patch_macro
full_real,CYST_PA38.nii.gz,overall,pairwise_joint_product,4,0.9980061142532913,0.31347514939076426,0.995964796207932,0.999991035058403,0.07693238220665811,case_patch_macro
full_real,CYST_PA38.nii.gz,background,pairwise_world_stability,4,0.9993920548894027,0.505843762410559,0.9920802980427209,0.9999913781667404,0.04199182238085824,case_patch_macro
full_real,CYST_PA38.nii.gz,foreground,pairwise_world_stability,4,0.901454405636613,0.18580998832008944,0.7836481426346524,0.967950730877404,0.27425513336023194,case_patch_macro
full_real,CYST_PA38.nii.gz,overall,pairwise_world_stability,4,0.9980061142532913,0.4999999302023029,0.9934432467342881,0.9999813368619377,0.07796783072074419,case_patch_macro
real_A_state_oracle,CYST_PA38.nii.gz,background,blur_joint_product,4,0.9993920548894027,0.31252218655942016,0.9966409966425553,0.9999978949437613,0.04209454503037893,case_patch_macro
real_A_state_oracle,CYST_PA38.nii.gz,foreground,blur_joint_product,4,0.901454405636613,0.127847915813775,0.8807788510052146,0.9839735812570429,0.37712342030264856,case_patch_macro
real_A_state_oracle,CYST_PA38.nii.gz,overall,blur_joint_product,4,0.9980061142532913,0.30885626730691973,0.9959485802917628,0.9999908481592223,0.07798378209174996,case_patch_macro
real_A_state_oracle,CYST_PA38.nii.gz,background,blur_world_stability,4,0.9993920548894027,0.5035799219283199,0.9790717516583404,0.9999777643133964,0.043115442426174155,case_patch_macro
real_A_state_oracle,CYST_PA38.nii.gz,foreground,blur_world_stability,4,0.901454405636613,0.3013525093084443,0.8669436592460792,0.9824752665881853,0.37724225559739183,case_patch_macro
real_A_state_oracle,CYST_PA38.nii.gz,overall,blur_world_stability,4,0.9980061142532913,0.49999992450909125,0.9905536863320448,0.9999683385803493,0.08179704979244408,case_patch_macro
real_A_state_oracle,CYST_PA38.nii.gz,background,confidence_rank,4,0.9993920548894027,0.5054284840466482,0.9974111510962617,0.9999973110759844,0.04249966775046971,case_patch_macro
real_A_state_oracle,CYST_PA38.nii.gz,foreground,confidence_rank,4,0.901454405636613,0.24039187914129773,0.8612793600739973,0.9794489565287837,0.3585712702534379,case_patch_macro
real_A_state_oracle,CYST_PA38.nii.gz,overall,confidence_rank,4,0.9980061142532913,0.5000000648085333,0.9959824401226235,0.9999901147576029,0.07869471826868477,case_patch_macro
real_A_state_oracle,CYST_PA38.nii.gz,background,gamma_joint_product,4,0.9993920548894027,0.30026081905278534,0.9919670642405916,0.9999935142576439,0.04185582433092204,case_patch_macro
real_A_state_oracle,CYST_PA38.nii.gz,foreground,gamma_joint_product,4,0.901454405636613,0.1505151185415461,0.8992642461205684,0.9864187803560255,0.3975839744617252,case_patch_macro
real_A_state_oracle,CYST_PA38.nii.gz,overall,gamma_joint_product,4,0.9980061142532913,0.2971874882936178,0.9948180496751926,0.9999875057777547,0.07820480912535466,case_patch_macro
real_A_state_oracle,CYST_PA38.nii.gz,background,gamma_world_stability,4,0.9993920548894027,0.5003165087803385,0.9366632478930796,0.9999187589124443,0.04329778173961496,case_patch_macro
real_A_state_oracle,CYST_PA38.nii.gz,foreground,gamma_world_stability,4,0.901454405636613,0.44364165552111823,0.888940453571178,0.984954295366271,0.45430534849694654,case_patch_macro
real_A_state_oracle,CYST_PA38.nii.gz,overall,gamma_world_stability,4,0.9980061142532913,0.49999992736442667,0.9774850882893917,0.9999079095399845,0.08851746391679927,case_patch_macro
real_A_state_oracle,CYST_PA38.nii.gz,background,pairwise_joint_product,4,0.9993920548894027,0.31614968197101295,0.9976877239261619,0.9999985080360668,0.04210036042621299,case_patch_macro
real_A_state_oracle,CYST_PA38.nii.gz,foreground,pairwise_joint_product,4,0.901454405636613,0.12730634902753654,0.8800953188592777,0.9836290339736535,0.37560821805395955,case_patch_macro
real_A_state_oracle,CYST_PA38.nii.gz,overall,pairwise_joint_product,4,0.9980061142532913,0.31238371238963525,0.9963100884706174,0.9999917168636427,0.07789916703756679,case_patch_macro
real_A_state_oracle,CYST_PA38.nii.gz,background,pairwise_world_stability,4,0.9993920548894027,0.503900248196453,0.9888095251892167,0.9999878780730163,0.043128100413929775,case_patch_macro
real_A_state_oracle,CYST_PA38.nii.gz,foreground,pairwise_world_stability,4,0.901454405636613,0.2870532358046921,0.870823141174385,0.9828094339895198,0.37826488641327993,case_patch_macro
real_A_state_oracle,CYST_PA38.nii.gz,overall,pairwise_world_stability,4,0.9980061142532913,0.49999994029543077,0.993731671975239,0.9999805333095815,0.08080568670036388,case_patch_macro
existing_WP_imagined,HEM_PA66.nii.gz,background,blur_joint_product,4,0.998710825107484,0.3048377132335098,0.9929293772135008,0.9999884483923325,0.06401379000341008,case_patch_macro
existing_WP_imagined,HEM_PA66.nii.gz,foreground,blur_joint_product,4,0.9599448849456542,0.11280229754854282,0.9274547618646937,0.996272237013616,0.28512012526632546,case_patch_macro
existing_WP_imagined,HEM_PA66.nii.gz,overall,blur_joint_product,4,0.9980825141624168,0.30103665043114436,0.9936004791153614,0.9999843870753361,0.07755295245186417,case_patch_macro
existing_WP_imagined,HEM_PA66.nii.gz,background,blur_world_stability,4,0.998710825107484,0.5025467833466497,0.9521483527259249,0.9998673510225576,0.06655999593642221,case_patch_macro
existing_WP_imagined,HEM_PA66.nii.gz,foreground,blur_world_stability,4,0.9599448849456542,0.35113737097663034,0.9177641900000264,0.9957868608848283,0.2983829053920871,case_patch_macro
existing_WP_imagined,HEM_PA66.nii.gz,overall,blur_world_stability,4,0.9980825141624168,0.4999999191721595,0.9665040929551311,0.9998648030733968,0.08269227522220216,case_patch_macro
existing_WP_imagined,HEM_PA66.nii.gz,background,confidence_rank,4,0.998710825107484,0.5058923221526642,0.9976366588375397,0.9999950450945886,0.06498260216615757,case_patch_macro
existing_WP_imagined,HEM_PA66.nii.gz,foreground,confidence_rank,4,0.9599448849456542,0.21814045893219464,0.9089929557562432,0.9948308570528352,0.2748044819685903,case_patch_macro
existing_WP_imagined,HEM_PA66.nii.gz,overall,confidence_rank,4,0.9980825141624168,0.5000000772709554,0.9966272719854572,0.9999910368558877,0.07846256040412372,case_patch_macro
existing_WP_imagined,HEM_PA66.nii.gz,background,gamma_joint_product,4,0.998710825107484,0.27416116521838885,0.9854653127490689,0.9999783120648582,0.06335457683770271,case_patch_macro
existing_WP_imagined,HEM_PA66.nii.gz,foreground,gamma_joint_product,4,0.9599448849456542,0.11896127570667049,0.949147936161939,0.997551994778259,0.30436034832776765,case_patch_macro
existing_WP_imagined,HEM_PA66.nii.gz,overall,gamma_joint_product,4,0.9980825141624168,0.27095585359834967,0.9884708213421822,0.9999748814680347,0.07714832089519422,case_patch_macro
existing_WP_imagined,HEM_PA66.nii.gz,background,gamma_world_stability,4,0.998710825107484,0.5004025707412205,0.8517979218952598,0.9996147718334496,0.08273138128043951,case_patch_macro
existing_WP_imagined,HEM_PA66.nii.gz,foreground,gamma_world_stability,4,0.9599448849456542,0.4720487736390204,0.9375887317296565,0.9966092132605398,0.47053383587993364,case_patch_macro
existing_WP_imagined,HEM_PA66.nii.gz,overall,gamma_world_stability,4,0.9980825141624168,0.49999992057982784,0.8929348049514517,0.9996108499176403,0.11159571562126186,case_patch_macro
existing_WP_imagined,HEM_PA66.nii.gz,background,pairwise_joint_product,4,0.998710825107484,0.3056346075658774,0.9932188719913562,0.9999888241547116,0.06404118305353437,case_patch_macro
existing_WP_imagined,HEM_PA66.nii.gz,foreground,pairwise_joint_product,4,0.9599448849456542,0.11307579281477809,0.9277990271039157,0.9962834868406162,0.28532364780057373,case_patch_macro
existing_WP_imagined,HEM_PA66.nii.gz,overall,pairwise_joint_product,4,0.9980825141624168,0.3018223003629525,0.993851138077353,0.9999848557177053,0.07757998752099053,case_patch_macro
existing_WP_imagined,HEM_PA66.nii.gz,background,pairwise_world_stability,4,0.998710825107484,0.5025818468886531,0.9574590258653223,0.9998813653397381,0.06701803864073134,case_patch_macro
existing_WP_imagined,HEM_PA66.nii.gz,foreground,pairwise_world_stability,4,0.9599448849456542,0.3493923327701099,0.9207799882719587,0.9959711451057021,0.30000077567497085,case_patch_macro
existing_WP_imagined,HEM_PA66.nii.gz,overall,pairwise_world_stability,4,0.9980825141624168,0.4999999333485271,0.9706246409018481,0.9998798809354886,0.08301504078618355,case_patch_macro
full_real,HEM_PA66.nii.gz,background,blur_joint_product,4,0.998710825107484,0.3134300907002853,0.997176055942758,0.9999950270505402,0.06399385313715754,case_patch_macro
full_real,HEM_PA66.nii.gz,foreground,blur_joint_product,4,0.9599448849456542,0.06404047605612165,0.8896198172902362,0.9939428449051443,0.2566572050523038,case_patch_macro
full_real,HEM_PA66.nii.gz,overall,blur_joint_product,4,0.9980825141624168,0.30876529812304565,0.9960082939612009,0.9999903512707761,0.07727426896889236,case_patch_macro
full_real,HEM_PA66.nii.gz,background,blur_world_stability,4,0.998710825107484,0.5051664284061557,0.987435782125366,0.9999615324386202,0.0653812375105038,case_patch_macro
full_real,HEM_PA66.nii.gz,foreground,blur_world_stability,4,0.9599448849456542,0.2023991492145636,0.8386321544473618,0.9907562294667731,0.22499447407232576,case_patch_macro
full_real,HEM_PA66.nii.gz,overall,blur_world_stability,4,0.9980825141624168,0.49999992634031465,0.9885929389170284,0.9999550635502881,0.07916267502872062,case_patch_macro
full_real,HEM_PA66.nii.gz,background,confidence_rank,4,0.998710825107484,0.5058923221526642,0.9976366588375397,0.9999950450945886,0.06498260216615757,case_patch_macro
full_real,HEM_PA66.nii.gz,foreground,confidence_rank,4,0.9599448849456542,0.21814045893219464,0.9089929557562432,0.9948308570528352,0.2748044819685903,case_patch_macro
full_real,HEM_PA66.nii.gz,overall,confidence_rank,4,0.9980825141624168,0.5000000772709554,0.9966272719854572,0.9999910368558877,0.07846256040412372,case_patch_macro
full_real,HEM_PA66.nii.gz,background,gamma_joint_product,4,0.998710825107484,0.3049220071682938,0.9933195973373866,0.9999893189911186,0.06393177233338243,case_patch_macro
full_real,HEM_PA66.nii.gz,foreground,gamma_joint_product,4,0.9599448849456542,0.1316463135760551,0.9370862577912334,0.9967745829610115,0.29327293265900745,case_patch_macro
full_real,HEM_PA66.nii.gz,overall,gamma_joint_product,4,0.9980825141624168,0.30146734894828503,0.9939358880538457,0.9999856739940656,0.07747775058632692,case_patch_macro
full_real,HEM_PA66.nii.gz,background,gamma_world_stability,4,0.998710825107484,0.5011543310725888,0.9549065034853328,0.9998734423726792,0.0659215592369417,case_patch_macro
full_real,HEM_PA66.nii.gz,foreground,gamma_world_stability,4,0.9599448849456542,0.40838675010496667,0.9364626823552586,0.9968197990290683,0.3257038061981383,case_patch_macro
full_real,HEM_PA66.nii.gz,overall,gamma_world_stability,4,0.9980825141624168,0.49999994341255544,0.9680902145585124,0.9998721262680372,0.08193659156129958,case_patch_macro
full_real,HEM_PA66.nii.gz,background,pairwise_joint_product,4,0.998710825107484,0.3172143868516925,0.9975247579813833,0.9999957321093649,0.06383543814990937,case_patch_macro
full_real,HEM_PA66.nii.gz,foreground,pairwise_joint_product,4,0.9599448849456542,0.0639585409189998,0.9040546100388204,0.9947909054352414,0.26685722611569657,case_patch_macro
full_real,HEM_PA66.nii.gz,overall,pairwise_joint_product,4,0.9980825141624168,0.3124661768930106,0.9964103811750855,0.9999914093195491,0.07711272478390618,case_patch_macro
full_real,HEM_PA66.nii.gz,background,pairwise_world_stability,4,0.998710825107484,0.505541882694697,0.9917502154037773,0.9999748078992625,0.06478567417231501,case_patch_macro
full_real,HEM_PA66.nii.gz,foreground,pairwise_world_stability,4,0.9599448849456542,0.1853230553487694,0.8788173547130023,0.993353889996752,0.2534556022172196,case_patch_macro
full_real,HEM_PA66.nii.gz,overall,pairwise_world_stability,4,0.9980825141624168,0.49999992503349283,0.9921595843104171,0.9999699264865234,0.07840029124170245,case_patch_macro
real_A_state_oracle,HEM_PA66.nii.gz,background,blur_joint_product,4,0.998710825107484,0.3101014336444008,0.9957017377749184,0.9999927658692304,0.06398604007300039,case_patch_macro
real_A_state_oracle,HEM_PA66.nii.gz,foreground,blur_joint_product,4,0.9599448849456542,0.10812177347027856,0.9197732600678137,0.9957348745212578,0.2788029166329528,case_patch_macro
real_A_state_oracle,HEM_PA66.nii.gz,overall,blur_joint_product,4,0.9980825141624168,0.30624996941621935,0.9953960823100763,0.9999888840884724,0.07741332861468359,case_patch_macro
real_A_state_oracle,HEM_PA66.nii.gz,background,blur_world_stability,4,0.998710825107484,0.5032092246700594,0.9765018806070224,0.9999296455686271,0.06606787470875373,case_patch_macro
real_A_state_oracle,HEM_PA66.nii.gz,foreground,blur_world_stability,4,0.9599448849456542,0.3128848144773389,0.9018803884552552,0.994723652749894,0.27832463834023535,case_patch_macro
real_A_state_oracle,HEM_PA66.nii.gz,overall,blur_world_stability,4,0.9980825141624168,0.4999999294674817,0.9825707714309289,0.9999263121956521,0.08079441936724807,case_patch_macro
real_A_state_oracle,HEM_PA66.nii.gz,background,confidence_rank,4,0.998710825107484,0.5058923221526642,0.9976366588375397,0.9999950450945886,0.06498260216615757,case_patch_macro
real_A_state_oracle,HEM_PA66.nii.gz,foreground,confidence_rank,4,0.9599448849456542,0.21814045893219464,0.9089929557562432,0.9948308570528352,0.2748044819685903,case_patch_macro
real_A_state_oracle,HEM_PA66.nii.gz,overall,confidence_rank,4,0.9980825141624168,0.5000000772709554,0.9966272719854572,0.9999910368558877,0.07846256040412372,case_patch_macro
real_A_state_oracle,HEM_PA66.nii.gz,background,gamma_joint_product,4,0.998710825107484,0.29870859235948044,0.9911881796920713,0.9999860419117076,0.06385548168660513,case_patch_macro
real_A_state_oracle,HEM_PA66.nii.gz,foreground,gamma_joint_product,4,0.9599448849456542,0.12711914191165616,0.9350035501803216,0.996690129391474,0.2921440133230212,case_patch_macro
real_A_state_oracle,HEM_PA66.nii.gz,overall,gamma_joint_product,4,0.9980825141624168,0.2952405681385466,0.9925962542854143,0.9999823498761158,0.07748349158060697,case_patch_macro
real_A_state_oracle,HEM_PA66.nii.gz,background,gamma_world_stability,4,0.998710825107484,0.5010347167473466,0.9346788162087796,0.9998208896854957,0.0676938033274755,case_patch_macro
real_A_state_oracle,HEM_PA66.nii.gz,foreground,gamma_world_stability,4,0.9599448849456542,0.41943127862218654,0.9266710201077618,0.9962991494410378,0.3305660342462921,case_patch_macro
real_A_state_oracle,HEM_PA66.nii.gz,overall,gamma_world_stability,4,0.9980825141624168,0.49999992634884116,0.9550911336569734,0.9998193152412446,0.08527186419212648,case_patch_macro
real_A_state_oracle,HEM_PA66.nii.gz,background,pairwise_joint_product,4,0.998710825107484,0.31382060603288964,0.9962074024986389,0.9999934360088345,0.06393319429250212,case_patch_macro
real_A_state_oracle,HEM_PA66.nii.gz,foreground,pairwise_joint_product,4,0.9599448849456542,0.10695928392560461,0.9216513273938433,0.9957801536719424,0.27986899370586515,case_patch_macro
real_A_state_oracle,HEM_PA66.nii.gz,overall,pairwise_joint_product,4,0.9980825141624168,0.3098481315152025,0.9957146192238213,0.9999896194622808,0.07733319798614345,case_patch_macro
real_A_state_oracle,HEM_PA66.nii.gz,background,pairwise_world_stability,4,0.998710825107484,0.5037353719011379,0.9826930327879814,0.9999463007058635,0.06550626171244757,case_patch_macro
real_A_state_oracle,HEM_PA66.nii.gz,foreground,pairwise_world_stability,4,0.9599448849456542,0.2888054492036927,0.9125888254625862,0.9952903670853844,0.2832738609261901,case_patch_macro
real_A_state_oracle,HEM_PA66.nii.gz,overall,pairwise_world_stability,4,0.9980825141624168,0.49999992505483437,0.9865977121266571,0.9999435759808816,0.07984224229275964,case_patch_macro
existing_WP_imagined,HEM_PA56.nii.gz,background,blur_joint_product,4,0.9985527771170445,0.3093215922982514,0.989049950007678,0.9999840927060184,0.06466085540233701,case_patch_macro
existing_WP_imagined,HEM_PA56.nii.gz,foreground,blur_joint_product,4,0.9366732993707121,0.12133754398991703,0.9122242247892719,0.9905446482869752,0.3220667560776372,case_patch_macro
existing_WP_imagined,HEM_PA56.nii.gz,overall,blur_joint_product,4,0.997301419576009,0.3045850488173064,0.9921394888972794,0.9999761649508008,0.09125452938192297,case_patch_macro
existing_WP_imagined,HEM_PA56.nii.gz,background,blur_world_stability,4,0.9985527771170445,0.5022647862758447,0.9342041663612525,0.9998402738487876,0.06273001317056548,case_patch_macro
existing_WP_imagined,HEM_PA56.nii.gz,foreground,blur_world_stability,4,0.9366732993707121,0.3542110957143112,0.8997378484197703,0.9898119096189121,0.3318685225170763,case_patch_macro
existing_WP_imagined,HEM_PA56.nii.gz,overall,blur_world_stability,4,0.997301419576009,0.499999912911558,0.9680346177955201,0.9998341549848812,0.09464635527220103,case_patch_macro
existing_WP_imagined,HEM_PA56.nii.gz,background,confidence_rank,4,0.9985527771170445,0.5081365827800207,0.9951548662776679,0.9999902635724709,0.06565535447565904,case_patch_macro
existing_WP_imagined,HEM_PA56.nii.gz,foreground,confidence_rank,4,0.9366732993707121,0.19728207690845864,0.9017118664838459,0.9879810190312944,0.3125329837412859,case_patch_macro
existing_WP_imagined,HEM_PA56.nii.gz,overall,confidence_rank,4,0.997301419576009,0.5000000724631086,0.9948353697877658,0.9999821869882571,0.09214008668420758,case_patch_macro
existing_WP_imagined,HEM_PA56.nii.gz,background,gamma_joint_product,4,0.9985527771170445,0.27940105770206347,0.9792522480728856,0.9999659800425675,0.06352187749335994,case_patch_macro
existing_WP_imagined,HEM_PA56.nii.gz,foreground,gamma_joint_product,4,0.9366732993707121,0.11399832245215716,0.9329809677179649,0.9933918504943606,0.3449392077666454,case_patch_macro
existing_WP_imagined,HEM_PA56.nii.gz,overall,gamma_joint_product,4,0.997301419576009,0.2750629765018378,0.9866769323136952,0.9999577816952994,0.09056873984673545,case_patch_macro
existing_WP_imagined,HEM_PA56.nii.gz,background,gamma_world_stability,4,0.9985527771170445,0.500070202941438,0.8366302753375032,0.9995636426443285,0.07308069401687267,case_patch_macro
existing_WP_imagined,HEM_PA56.nii.gz,foreground,gamma_world_stability,4,0.9366732993707121,0.4636898263695479,0.9174503545735682,0.9912601599776611,0.47583411465284053,case_patch_macro
existing_WP_imagined,HEM_PA56.nii.gz,overall,gamma_world_stability,4,0.997301419576009,0.4999999400277867,0.9118595300630956,0.9995267218691088,0.12788784794969885,case_patch_macro
existing_WP_imagined,HEM_PA56.nii.gz,background,pairwise_joint_product,4,0.9985527771170445,0.31011847015702787,0.9895929870000174,0.9999847049715869,0.0647153531030197,case_patch_macro
existing_WP_imagined,HEM_PA56.nii.gz,foreground,pairwise_joint_product,4,0.9366732993707121,0.12178122591357236,0.9121303065566019,0.9904435891846242,0.3217274048648824,case_patch_macro
existing_WP_imagined,HEM_PA56.nii.gz,overall,pairwise_joint_product,4,0.997301419576009,0.30537459580548754,0.9924127467419059,0.9999768969928955,0.09128996596705205,case_patch_macro
existing_WP_imagined,HEM_PA56.nii.gz,background,pairwise_world_stability,4,0.9985527771170445,0.5024156872863109,0.9411584169701912,0.9998563031672635,0.06342315429688317,case_patch_macro
existing_WP_imagined,HEM_PA56.nii.gz,foreground,pairwise_world_stability,4,0.9366732993707121,0.3494461535946964,0.9022838395290816,0.9899459543657061,0.33250083733740443,case_patch_macro
existing_WP_imagined,HEM_PA56.nii.gz,overall,pairwise_world_stability,4,0.997301419576009,0.4999999103212013,0.9714266700748119,0.9998522924575469,0.09496403494604572,case_patch_macro
full_real,HEM_PA56.nii.gz,background,blur_joint_product,4,0.9985527771170445,0.3161576807682289,0.9946852442878582,0.9999915828123049,0.06467328996567759,case_patch_macro
full_real,HEM_PA56.nii.gz,foreground,blur_joint_product,4,0.9366732993707121,0.08584093475485786,0.8805112550482217,0.9863576513293209,0.29154128299693355,case_patch_macro
full_real,HEM_PA56.nii.gz,overall,blur_joint_product,4,0.997301419576009,0.3097723104950299,0.9936389031640045,0.9999811974311767,0.09052559490119402,case_patch_macro
full_real,HEM_PA56.nii.gz,background,blur_world_stability,4,0.9985527771170445,0.5073414444906515,0.9695869034059876,0.9999081474704579,0.06333891681693601,case_patch_macro
full_real,HEM_PA56.nii.gz,foreground,blur_world_stability,4,0.9366732993707121,0.2171351470688597,0.8359409597254481,0.9818023311188351,0.2574855818096361,case_patch_macro
full_real,HEM_PA56.nii.gz,overall,blur_world_stability,4,0.997301419576009,0.4999999272663739,0.9807759062219154,0.9998961913654134,0.09094240359977815,case_patch_macro
full_real,HEM_PA56.nii.gz,background,confidence_rank,4,0.9985527771170445,0.5081365827800207,0.9951548662776679,0.9999902635724709,0.06565535447565904,case_patch_macro
full_real,HEM_PA56.nii.gz,foreground,confidence_rank,4,0.9366732993707121,0.19728207690845864,0.9017118664838459,0.9879810190312944,0.3125329837412859,case_patch_macro
full_real,HEM_PA56.nii.gz,overall,confidence_rank,4,0.997301419576009,0.5000000724631086,0.9948353697877658,0.9999821869882571,0.09214008668420758,case_patch_macro
full_real,HEM_PA56.nii.gz,background,gamma_joint_product,4,0.9985527771170445,0.31039327884291484,0.9900648762026453,0.9999833095845967,0.06464095964056762,case_patch_macro
full_real,HEM_PA56.nii.gz,foreground,gamma_joint_product,4,0.9366732993707121,0.13764710492812643,0.9120145886383066,0.9909627128174316,0.3228706517603625,case_patch_macro
full_real,HEM_PA56.nii.gz,overall,gamma_joint_product,4,0.997301419576009,0.3062910003898964,0.9922684493442011,0.9999753871617756,0.09116300292769339,case_patch_macro
full_real,HEM_PA56.nii.gz,background,gamma_world_stability,4,0.9985527771170445,0.5006354176583478,0.9388393384272158,0.9998110265475142,0.061423215239348294,case_patch_macro
full_real,HEM_PA56.nii.gz,foreground,gamma_world_stability,4,0.9366732993707121,0.40900294570495077,0.8981386146856744,0.9900398375275641,0.33716672149776955,case_patch_macro
full_real,HEM_PA56.nii.gz,overall,gamma_world_stability,4,0.997301419576009,0.49999992415982425,0.9678546923883043,0.9998080145898924,0.09224223598451145,case_patch_macro
full_real,HEM_PA56.nii.gz,background,pairwise_joint_product,4,0.9985527771170445,0.3208148298590795,0.9962604030439944,0.9999938441756558,0.06475986975464867,case_patch_macro
full_real,HEM_PA56.nii.gz,foreground,pairwise_joint_product,4,0.9366732993707121,0.0862178047338966,0.8842200089131411,0.986603137590218,0.2948298892691943,case_patch_macro
full_real,HEM_PA56.nii.gz,overall,pairwise_joint_product,4,0.997301419576009,0.31432135106149034,0.9945484791301208,0.9999838814618918,0.09051972890403967,case_patch_macro
full_real,HEM_PA56.nii.gz,background,pairwise_world_stability,4,0.9985527771170445,0.5080019591971764,0.9868212502527233,0.9999585171432518,0.0644943134590868,case_patch_macro
full_real,HEM_PA56.nii.gz,foreground,pairwise_world_stability,4,0.9366732993707121,0.19745697708193097,0.848699453608095,0.9831165294361233,0.26819696885442973,case_patch_macro
full_real,HEM_PA56.nii.gz,overall,pairwise_world_stability,4,0.997301419576009,0.4999999397526372,0.9890667391595319,0.999946464482127,0.09090587382112858,case_patch_macro
real_A_state_oracle,HEM_PA56.nii.gz,background,blur_joint_product,4,0.9985527771170445,0.31313928434586175,0.9909193453408072,0.9999862648714773,0.06456695376778346,case_patch_macro
real_A_state_oracle,HEM_PA56.nii.gz,foreground,blur_joint_product,4,0.9366732993707121,0.12816350631638668,0.9095861779141636,0.9903396935401423,0.31997982263547053,case_patch_macro
real_A_state_oracle,HEM_PA56.nii.gz,overall,blur_joint_product,4,0.997301419576009,0.3085293401259342,0.9925557253642654,0.999977379778646,0.09086206273477891,case_patch_macro
real_A_state_oracle,HEM_PA56.nii.gz,background,blur_world_stability,4,0.9985527771170445,0.5036332226330179,0.9449495747051188,0.9998559555212223,0.06161990003224453,case_patch_macro
real_A_state_oracle,HEM_PA56.nii.gz,foreground,blur_world_stability,4,0.9366732993707121,0.32845547109235407,0.8947603439235271,0.9895176227955673,0.3211461020566336,case_patch_macro
real_A_state_oracle,HEM_PA56.nii.gz,overall,blur_world_stability,4,0.997301419576009,0.49999993391252334,0.9716193273153422,0.9998480880233265,0.09130611858706325,case_patch_macro
real_A_state_oracle,HEM_PA56.nii.gz,background,confidence_rank,4,0.9985527771170445,0.5081365827800207,0.9951548662776679,0.9999902635724709,0.06565535447565904,case_patch_macro
real_A_state_oracle,HEM_PA56.nii.gz,foreground,confidence_rank,4,0.9366732993707121,0.19728207690845864,0.9017118664838459,0.9879810190312944,0.3125329837412859,case_patch_macro
real_A_state_oracle,HEM_PA56.nii.gz,overall,confidence_rank,4,0.997301419576009,0.5000000724631086,0.9948353697877658,0.9999821869882571,0.09214008668420758,case_patch_macro
real_A_state_oracle,HEM_PA56.nii.gz,background,gamma_joint_product,4,0.9985527771170445,0.30438921215113995,0.9852318042372082,0.9999754134424026,0.06409130689912228,case_patch_macro
real_A_state_oracle,HEM_PA56.nii.gz,foreground,gamma_joint_product,4,0.9366732993707121,0.13395966446482924,0.9242057370987594,0.9926495888691989,0.33543303025070553,case_patch_macro
real_A_state_oracle,HEM_PA56.nii.gz,overall,gamma_joint_product,4,0.997301419576009,0.30023817057295876,0.990122979116283,0.9999680519110888,0.09087181488753891,case_patch_macro
real_A_state_oracle,HEM_PA56.nii.gz,background,gamma_world_stability,4,0.9985527771170445,0.49956477766064167,0.9007373136942337,0.9997099560713305,0.0593142280199863,case_patch_macro
real_A_state_oracle,HEM_PA56.nii.gz,foreground,gamma_world_stability,4,0.9366732993707121,0.4461077837359356,0.9166694718224605,0.9923681224406556,0.376081207646889,case_patch_macro
real_A_state_oracle,HEM_PA56.nii.gz,overall,gamma_world_stability,4,0.997301419576009,0.49999992307140756,0.9506076707377189,0.9997107068678488,0.09424520478375134,case_patch_macro
real_A_state_oracle,HEM_PA56.nii.gz,background,pairwise_joint_product,4,0.9985527771170445,0.3171908446422801,0.9924313641273946,0.9999886684685082,0.06466325293381181,case_patch_macro
real_A_state_oracle,HEM_PA56.nii.gz,foreground,pairwise_joint_product,4,0.9366732993707121,0.12743031650927356,0.9118847865755424,0.9904762115420457,0.32167837744346517,case_patch_macro
real_A_state_oracle,HEM_PA56.nii.gz,overall,pairwise_joint_product,4,0.997301419576009,0.31243860556569764,0.9934207803039481,0.9999800973369568,0.09086584863564076,case_patch_macro
real_A_state_oracle,HEM_PA56.nii.gz,background,pairwise_world_stability,4,0.9985527771170445,0.5042677688406395,0.9615474915047336,0.9999040253652992,0.06286816154498948,case_patch_macro
real_A_state_oracle,HEM_PA56.nii.gz,foreground,pairwise_world_stability,4,0.9366732993707121,0.30873858474260407,0.9051210975394305,0.9905000313992247,0.3273505510202025,case_patch_macro
real_A_state_oracle,HEM_PA56.nii.gz,overall,pairwise_world_stability,4,0.997301419576009,0.49999991560716134,0.9799315596225613,0.9998970911984281,0.0913863031657177,case_patch_macro
existing_WP_imagined,__all__,background,blur_joint_product,30,0.9970780870025826,0.3004355623940243,0.9719937088055962,0.999747064807611,0.10504011873316547,full_train_case_macro
existing_WP_imagined,__all__,foreground,blur_joint_product,30,0.8826831472378901,0.11084639538342361,0.8464227236429568,0.9509903966477942,0.2637911080651444,full_train_case_macro
existing_WP_imagined,__all__,overall,blur_joint_product,30,0.9955784491550775,0.29538294865860953,0.9600311466377576,0.9996609443177414,0.13192735368739442,full_train_case_macro
existing_WP_imagined,__all__,background,blur_world_stability,30,0.9970780870025826,0.5037350241799244,0.9350798717325144,0.9993328747395319,0.09997082432423765,full_train_case_macro
existing_WP_imagined,__all__,foreground,blur_world_stability,30,0.8826831472378901,0.29936243850726296,0.8222094589280662,0.9480333676178322,0.2517168413551333,full_train_case_macro
existing_WP_imagined,__all__,overall,blur_world_stability,30,0.9955784491550775,0.4999999296098275,0.9343312846176516,0.9992804033714936,0.12910771748086333,full_train_case_macro
existing_WP_imagined,__all__,background,confidence_rank,30,0.9970780870025826,0.5080869501458937,0.9748483235616341,0.9997594900148392,0.10736248359124992,full_train_case_macro
existing_WP_imagined,__all__,foreground,confidence_rank,30,0.8826831472378901,0.19303276735835878,0.8453153728198488,0.9500719664052255,0.26447216714433047,full_train_case_macro
existing_WP_imagined,__all__,overall,confidence_rank,30,0.9955784491550775,0.5000000694738991,0.9618398908914385,0.9996736733414893,0.13417585821740743,full_train_case_macro
existing_WP_imagined,__all__,background,gamma_joint_product,30,0.9970780870025826,0.2814271561326413,0.9567594008361107,0.9996773383815257,0.10316583820078538,full_train_case_macro
existing_WP_imagined,__all__,foreground,gamma_joint_product,30,0.8826831472378901,0.12044506172579376,0.890868893006632,0.9645740193505123,0.31743004747940623,full_train_case_macro
existing_WP_imagined,__all__,overall,gamma_joint_product,30,0.9955784491550775,0.27714991774659975,0.9501331341470266,0.9995991220413916,0.1308218595212058,full_train_case_macro
existing_WP_imagined,__all__,background,gamma_world_stability,30,0.9970780870025826,0.499073360473482,0.7983719169920467,0.9986028442342781,0.08645191637592392,full_train_case_macro
existing_WP_imagined,__all__,foreground,gamma_world_stability,30,0.8826831472378901,0.484009680286784,0.8758831703604127,0.9648895138357457,0.4224163842398679,full_train_case_macro
existing_WP_imagined,__all__,overall,gamma_world_stability,30,0.9955784491550775,0.49999993076344557,0.8402853292009635,0.9985379412075177,0.12828069412292625,full_train_case_macro
existing_WP_imagined,__all__,background,pairwise_joint_product,30,0.9970780870025826,0.3012678685168096,0.9724551516498232,0.9997496829173571,0.10516715218029728,full_train_case_macro
existing_WP_imagined,__all__,foreground,pairwise_joint_product,30,0.8826831472378901,0.1111015507045406,0.846731513119244,0.9509654901558773,0.2639139707574331,full_train_case_macro
existing_WP_imagined,__all__,overall,pairwise_joint_product,30,0.9955784491550775,0.29619116049815486,0.9603918153091558,0.9996639121033669,0.13204975727160778,full_train_case_macro
existing_WP_imagined,__all__,background,pairwise_world_stability,30,0.9970780870025826,0.5037997984601849,0.9397783890438897,0.99937833969297,0.10093116953921903,full_train_case_macro
existing_WP_imagined,__all__,foreground,pairwise_world_stability,30,0.8826831472378901,0.297075865312661,0.8247403844064886,0.9483227417910371,0.2533932836016287,full_train_case_macro
existing_WP_imagined,__all__,overall,pairwise_world_stability,30,0.9955784491550775,0.4999999323986986,0.9376850265602815,0.9993265974944906,0.1299209146829467,full_train_case_macro
full_real,__all__,background,blur_joint_product,30,0.9970780870025826,0.30371832218098604,0.9862280330481438,0.999887577493416,0.09629970190779033,full_train_case_macro
full_real,__all__,foreground,blur_joint_product,30,0.8826831472378901,0.07386513828590201,0.8181725237896751,0.9463237341961521,0.23595760488758258,full_train_case_macro
full_real,__all__,overall,blur_joint_product,30,0.9955784491550775,0.29777991158583345,0.9748304847524693,0.9998146416974831,0.11957746682950936,full_train_case_macro
full_real,__all__,background,blur_world_stability,30,0.9970780870025826,0.5068049007931503,0.9742034505652157,0.9996854359832544,0.09419690644586429,full_train_case_macro
full_real,__all__,foreground,blur_world_stability,30,0.8826831472378901,0.17890897626551996,0.7539485315265587,0.9372846313842876,0.18042182094296175,full_train_case_macro
full_real,__all__,overall,blur_world_stability,30,0.9955784491550775,0.4999999292463018,0.9652458106796611,0.9996289890858595,0.11770721430813741,full_train_case_macro
full_real,__all__,background,confidence_rank,30,0.9970780870025826,0.5080869501458937,0.9748483235616341,0.9997594900148392,0.10736248359124992,full_train_case_macro
full_real,__all__,foreground,confidence_rank,30,0.8826831472378901,0.19303276735835878,0.8453153728198488,0.9500719664052255,0.26447216714433047,full_train_case_macro
full_real,__all__,overall,confidence_rank,30,0.9955784491550775,0.5000000694738991,0.9618398908914385,0.9996736733414893,0.13417585821740743,full_train_case_macro
full_real,__all__,background,gamma_joint_product,30,0.9970780870025826,0.3015637171481103,0.9717249587140345,0.9997559679296519,0.10073934575022209,full_train_case_macro
full_real,__all__,foreground,gamma_joint_product,30,0.8826831472378901,0.1376192933455131,0.868420004852723,0.9585565413983111,0.2916176657812646,full_train_case_macro
full_real,__all__,overall,gamma_joint_product,30,0.9955784491550775,0.29716019386920417,0.9608548058566608,0.9996761131055995,0.1277696953440521,full_train_case_macro
full_real,__all__,background,gamma_world_stability,30,0.9970780870025826,0.5015647878773851,0.926515359119744,0.9992336641153139,0.09379051668915463,full_train_case_macro
full_real,__all__,foreground,gamma_world_stability,30,0.8826831472378901,0.38092931434198984,0.8637463060311572,0.9608923582916502,0.3110873751859859,full_train_case_macro
full_real,__all__,overall,gamma_world_stability,30,0.9955784491550775,0.4999999322008822,0.9304189772061991,0.9992162512431878,0.12349315792029271,full_train_case_macro
full_real,__all__,background,pairwise_joint_product,30,0.9970780870025826,0.30729844089988795,0.9874369051649143,0.9998982788523519,0.09636156333546307,full_train_case_macro
full_real,__all__,foreground,pairwise_joint_product,30,0.8826831472378901,0.07135508226555722,0.8250735482843542,0.9478012181488702,0.24366897455224723,full_train_case_macro
full_real,__all__,overall,pairwise_joint_product,30,0.9955784491550775,0.30114582654536926,0.9759534626741656,0.99982700240386,0.11961638594197341,full_train_case_macro
full_real,__all__,background,pairwise_world_stability,30,0.9970780870025826,0.5074773552841938,0.982405855869985,0.9997951274582262,0.09546067935930332,full_train_case_macro
full_real,__all__,foreground,pairwise_world_stability,30,0.8826831472378901,0.15849080581432498,0.775284363508066,0.9418286695520408,0.2023581126199159,full_train_case_macro
full_real,__all__,overall,pairwise_world_stability,30,0.9955784491550775,0.4999999315081328,0.9713907650438257,0.9997345568183483,0.11872791035125287,full_train_case_macro
real_A_state_oracle,__all__,background,blur_joint_product,30,0.9970780870025826,0.3031004362002284,0.9761071067115934,0.9997933314882296,0.10270798168540511,full_train_case_macro
real_A_state_oracle,__all__,foreground,blur_joint_product,30,0.8826831472378901,0.10497552207724094,0.8465133866694315,0.9530228259889723,0.26593948270625967,full_train_case_macro
real_A_state_oracle,__all__,overall,blur_joint_product,30,0.9955784491550775,0.2978448291504597,0.9665839745384882,0.9997216811254099,0.12964058623777844,full_train_case_macro
real_A_state_oracle,__all__,background,blur_world_stability,30,0.9970780870025826,0.5047990201380306,0.9534746606222889,0.9995088582631665,0.09923991398197832,full_train_case_macro
real_A_state_oracle,__all__,foreground,blur_world_stability,30,0.8826831472378901,0.26139141936080645,0.8228736254320218,0.9530554702690117,0.2535420955657477,full_train_case_macro
real_A_state_oracle,__all__,overall,blur_world_stability,30,0.9955784491550775,0.4999999312236782,0.9509674528933975,0.9994583863569511,0.12728479440148463,full_train_case_macro
real_A_state_oracle,__all__,background,confidence_rank,30,0.9970780870025826,0.5080869501458937,0.9748483235616341,0.9997594900148392,0.10736248359124992,full_train_case_macro
real_A_state_oracle,__all__,foreground,confidence_rank,30,0.8826831472378901,0.19303276735835878,0.8453153728198488,0.9500719664052255,0.26447216714433047,full_train_case_macro
real_A_state_oracle,__all__,overall,confidence_rank,30,0.9955784491550775,0.5000000694738991,0.9618398908914385,0.9996736733414893,0.13417585821740743,full_train_case_macro
real_A_state_oracle,__all__,background,gamma_joint_product,30,0.9970780870025826,0.29798180592347395,0.9672616216385171,0.9997278250528702,0.10385887005947712,full_train_case_macro
real_A_state_oracle,__all__,foreground,gamma_joint_product,30,0.8826831472378901,0.13760636736971177,0.8700238145218165,0.9587611497221544,0.29295891789796513,full_train_case_macro
real_A_state_oracle,__all__,overall,gamma_joint_product,30,0.9955784491550775,0.29368707115999565,0.9572139429361061,0.999647533876551,0.131198408511317,full_train_case_macro
real_A_state_oracle,__all__,background,gamma_world_stability,30,0.9970780870025826,0.5004703841893057,0.9028654458408888,0.9990829362713847,0.09494435137523374,full_train_case_macro
real_A_state_oracle,__all__,foreground,gamma_world_stability,30,0.8826831472378901,0.4204510634831544,0.8618522118093783,0.9597867062776344,0.32062745216115374,full_train_case_macro
real_A_state_oracle,__all__,overall,gamma_world_stability,30,0.9955784491550775,0.499999930647159,0.9138219976448022,0.9990686591266492,0.12641508993717424,full_train_case_macro
real_A_state_oracle,__all__,background,pairwise_joint_product,30,0.9970780870025826,0.30624837218639045,0.9776298504285662,0.9998045254161956,0.10274252562359738,full_train_case_macro
real_A_state_oracle,__all__,foreground,pairwise_joint_product,30,0.8826831472378901,0.10278309027207551,0.8494555158096944,0.9532083212380414,0.2691030927625953,full_train_case_macro
real_A_state_oracle,__all__,overall,pairwise_joint_product,30,0.9955784491550775,0.30080141307000285,0.9677389749263692,0.9997338395621644,0.12967130445268035,full_train_case_macro
real_A_state_oracle,__all__,background,pairwise_world_stability,30,0.9970780870025826,0.5055414622536367,0.9651041578765585,0.9996363070193869,0.10105511580743029,full_train_case_macro
real_A_state_oracle,__all__,foreground,pairwise_world_stability,30,0.8826831472378901,0.23764146203109368,0.834492134871342,0.9544677496623436,0.26379551772885423,full_train_case_macro
real_A_state_oracle,__all__,overall,pairwise_world_stability,30,0.9955784491550775,0.499999930259806,0.9588640640449602,0.9995808957554043,0.12863931456802014,full_train_case_macro
