case,patch_index,patch_kind,action,comparison_group,layer,feature_shape,normalized_mse_to_real_action,delta_cosine_to_real_action,delta_cosine_valid,magnitude_ratio_to_real_action,magnitude_ratio_valid,group_delta_norm,real_delta_norm
CYST_PA62.nii.gz,0,context,gamma,identity_source,encoder_stage_2,1x64x96x96x96,0.014120540581643581,,False,0.0,True,0.0,966.5398559570312
CYST_PA62.nii.gz,0,context,gamma,correct_action_wp,encoder_stage_2,1x64x96x96x96,0.014535290189087391,0.1425642967224121,True,0.365491658449173,True,353.26226806640625,966.5398559570312
CYST_PA62.nii.gz,0,context,gamma,wrong_action_wp,encoder_stage_2,1x64x96x96x96,0.08922943472862244,-0.08682583272457123,True,2.22113037109375,True,2146.81103515625,966.5398559570312
CYST_PA62.nii.gz,0,context,gamma,real_action_oracle,encoder_stage_2,1x64x96x96x96,0.0,0.9999988079071045,True,1.0,True,966.5398559570312,966.5398559570312
CYST_PA62.nii.gz,0,context,gamma,identity_source,encoder_stage_3,1x128x48x48x48,0.012216350995004177,,False,0.0,True,0.0,540.858642578125
CYST_PA62.nii.gz,0,context,gamma,correct_action_wp,encoder_stage_3,1x128x48x48x48,0.012286952696740627,0.07697593420743942,True,0.18516415357589722,True,100.14762878417969,540.858642578125
CYST_PA62.nii.gz,0,context,gamma,wrong_action_wp,encoder_stage_3,1x128x48x48x48,0.031038997694849968,-0.05405499041080475,True,1.1884009838104248,True,642.7569580078125,540.858642578125
CYST_PA62.nii.gz,0,context,gamma,real_action_oracle,encoder_stage_3,1x128x48x48x48,0.0,0.9999997615814209,True,1.0,True,540.858642578125,540.858642578125
CYST_PA62.nii.gz,0,context,gamma,identity_source,encoder_stage_4,1x256x24x24x24,0.02028813399374485,,False,0.0,True,0.0,456.31646728515625
CYST_PA62.nii.gz,0,context,gamma,correct_action_wp,encoder_stage_4,1x256x24x24x24,0.020488332957029343,-0.011296977289021015,True,0.0886799618601799,True,40.46612548828125,456.31646728515625
CYST_PA62.nii.gz,0,context,gamma,wrong_action_wp,encoder_stage_4,1x256x24x24x24,0.02588547393679619,-0.01819663867354393,True,0.5073729157447815,True,231.52261352539062,456.31646728515625
CYST_PA62.nii.gz,0,context,gamma,real_action_oracle,encoder_stage_4,1x256x24x24x24,0.0,1.0,True,1.0,True,456.31646728515625,456.31646728515625
CYST_PA62.nii.gz,0,context,gamma,identity_source,encoder_stage_5,1x320x12x12x12,0.01960020326077938,,False,0.0,True,0.0,273.5303649902344
CYST_PA62.nii.gz,0,context,gamma,correct_action_wp,encoder_stage_5,1x320x12x12x12,0.019667690619826317,-0.01003350131213665,True,0.04949687048792839,True,13.538896560668945,273.5303649902344
CYST_PA62.nii.gz,0,context,gamma,wrong_action_wp,encoder_stage_5,1x320x12x12x12,0.02634539268910885,-0.06586327403783798,True,0.5244559049606323,True,143.45462036132812,273.5303649902344
CYST_PA62.nii.gz,0,context,gamma,real_action_oracle,encoder_stage_5,1x320x12x12x12,0.0,1.0,True,1.0,True,273.5303649902344,273.5303649902344
CYST_PA62.nii.gz,0,context,gamma,identity_source,encoder_bottleneck_deepest,1x320x6x6x6,0.015433662571012974,,False,0.0,True,0.0,104.46602630615234
CYST_PA62.nii.gz,0,context,gamma,correct_action_wp,encoder_bottleneck_deepest,1x320x6x6x6,0.015769531950354576,-0.04561127722263336,True,0.10879901796579361,True,11.365800857543945,104.46602630615234
CYST_PA62.nii.gz,0,context,gamma,wrong_action_wp,encoder_bottleneck_deepest,1x320x6x6x6,0.015769531950354576,-0.04561127722263336,True,0.10879901796579361,True,11.365800857543945,104.46602630615234
CYST_PA62.nii.gz,0,context,gamma,real_action_oracle,encoder_bottleneck_deepest,1x320x6x6x6,0.0,1.0,True,1.0,True,104.46602630615234,104.46602630615234
CYST_PA62.nii.gz,0,context,blur,identity_source,encoder_stage_2,1x64x96x96x96,0.1856413036584854,,False,0.0,True,0.0,3468.24267578125
CYST_PA62.nii.gz,0,context,blur,correct_action_wp,encoder_stage_2,1x64x96x96x96,0.1332664042711258,0.5373903512954712,True,0.6189910173416138,True,2146.81103515625,3468.24267578125
CYST_PA62.nii.gz,0,context,blur,wrong_action_wp,encoder_stage_2,1x64x96x96x96,0.1894121617078781,-0.04878333583474159,True,0.10185626894235611,True,353.26226806640625,3468.24267578125
CYST_PA62.nii.gz,0,context,blur,real_action_oracle,encoder_stage_2,1x64x96x96x96,0.0,1.0000001192092896,True,1.0,True,3468.24267578125,3468.24267578125
CYST_PA62.nii.gz,0,context,blur,identity_source,encoder_stage_3,1x128x48x48x48,0.1245957762002945,,False,0.0,True,0.0,1717.3709716796875
CYST_PA62.nii.gz,0,context,blur,correct_action_wp,encoder_stage_3,1x128x48x48x48,0.11827605962753296,0.25489541888237,True,0.37426796555519104,True,642.7569580078125,1717.3709716796875
CYST_PA62.nii.gz,0,context,blur,wrong_action_wp,encoder_stage_3,1x128x48x48x48,0.12543810904026031,-0.028807751834392548,True,0.058314498513936996,True,100.14762878417969,1717.3709716796875
CYST_PA62.nii.gz,0,context,blur,real_action_oracle,encoder_stage_3,1x128x48x48x48,0.0,0.9999998211860657,True,1.0,True,1717.3709716796875,1717.3709716796875
CYST_PA62.nii.gz,0,context,blur,identity_source,encoder_stage_4,1x256x24x24x24,0.10140381753444672,,False,0.0,True,0.0,1031.876708984375
CYST_PA62.nii.gz,0,context,blur,correct_action_wp,encoder_stage_4,1x256x24x24x24,0.10192102938890457,0.10081911832094193,True,0.22437041997909546,True,231.52261352539062,1031.876708984375
CYST_PA62.nii.gz,0,context,blur,wrong_action_wp,encoder_stage_4,1x256x24x24x24,0.10168888419866562,-0.01623179391026497,True,0.039216045290231705,True,40.46612548828125,1031.876708984375
CYST_PA62.nii.gz,0,context,blur,real_action_oracle,encoder_stage_4,1x256x24x24x24,0.0,1.0,True,1.0,True,1031.876708984375,1031.876708984375
CYST_PA62.nii.gz,0,context,blur,identity_source,encoder_stage_5,1x320x12x12x12,0.10102085024118423,,False,0.0,True,0.0,617.9403076171875
CYST_PA62.nii.gz,0,context,blur,correct_action_wp,encoder_stage_5,1x320x12x12x12,0.10404956340789795,0.05150213837623596,True,0.2321496456861496,True,143.45462036132812,617.9403076171875
CYST_PA62.nii.gz,0,context,blur,wrong_action_wp,encoder_stage_5,1x320x12x12x12,0.1010066419839859,0.014163399115204811,True,0.021909715607762337,True,13.538896560668945,617.9403076171875
CYST_PA62.nii.gz,0,context,blur,real_action_oracle,encoder_stage_5,1x320x12x12x12,0.0,1.0,True,1.0,True,617.9403076171875,617.9403076171875
CYST_PA62.nii.gz,0,context,blur,identity_source,encoder_bottleneck_deepest,1x320x6x6x6,0.07634754478931427,,False,0.0,True,0.0,231.86485290527344
CYST_PA62.nii.gz,0,context,blur,correct_action_wp,encoder_bottleneck_deepest,1x320x6x6x6,0.07620247453451157,0.04389283061027527,True,0.04901907593011856,True,11.365800857543945,231.86485290527344
CYST_PA62.nii.gz,0,context,blur,wrong_action_wp,encoder_bottleneck_deepest,1x320x6x6x6,0.07620247453451157,0.04389283061027527,True,0.04901907593011856,True,11.365800857543945,231.86485290527344
CYST_PA62.nii.gz,0,context,blur,real_action_oracle,encoder_bottleneck_deepest,1x320x6x6x6,0.0,1.0000001192092896,True,1.0,True,231.86485290527344,231.86485290527344
CYST_PA62.nii.gz,1,context,gamma,identity_source,encoder_stage_2,1x64x96x96x96,0.05193652957677841,,False,0.0,True,0.0,1968.7716064453125
CYST_PA62.nii.gz,1,context,gamma,correct_action_wp,encoder_stage_2,1x64x96x96x96,0.05072525143623352,0.15544815361499786,True,0.184461772441864,True,363.1630859375,1968.7716064453125
CYST_PA62.nii.gz,1,context,gamma,wrong_action_wp,encoder_stage_2,1x64x96x96x96,0.1279298961162567,0.026942899450659752,True,1.2368696928024292,True,2435.114013671875,1968.7716064453125
CYST_PA62.nii.gz,1,context,gamma,real_action_oracle,encoder_stage_2,1x64x96x96x96,0.0,0.9999991655349731,True,1.0,True,1968.7716064453125,1968.7716064453125
CYST_PA62.nii.gz,1,context,gamma,identity_source,encoder_stage_3,1x128x48x48x48,0.04073562100529671,,False,0.0,True,0.0,1027.512451171875
CYST_PA62.nii.gz,1,context,gamma,correct_action_wp,encoder_stage_3,1x128x48x48x48,0.0404679961502552,0.08117283135652542,True,0.08556044846773148,True,87.9144287109375,1027.512451171875
CYST_PA62.nii.gz,1,context,gamma,wrong_action_wp,encoder_stage_3,1x128x48x48x48,0.059136129915714264,-0.006391466595232487,True,0.6657293438911438,True,684.045166015625,1027.512451171875
CYST_PA62.nii.gz,1,context,gamma,real_action_oracle,encoder_stage_3,1x128x48x48x48,0.0,0.9999996423721313,True,1.0,True,1027.512451171875,1027.512451171875
CYST_PA62.nii.gz,1,context,gamma,identity_source,encoder_stage_4,1x256x24x24x24,0.04665425792336464,,False,0.0,True,0.0,692.8046264648438
CYST_PA62.nii.gz,1,context,gamma,correct_action_wp,encoder_stage_4,1x256x24x24x24,0.04651845991611481,0.0540865994989872,True,0.05790418013930321,True,40.11628341674805,692.8046264648438
CYST_PA62.nii.gz,1,context,gamma,wrong_action_wp,encoder_stage_4,1x256x24x24x24,0.0527271032333374,-0.01509887259453535,True,0.3460034728050232,True,239.7128143310547,692.8046264648438
CYST_PA62.nii.gz,1,context,gamma,real_action_oracle,encoder_stage_4,1x256x24x24x24,0.0,1.0000001192092896,True,1.0,True,692.8046264648438,692.8046264648438
CYST_PA62.nii.gz,1,context,gamma,identity_source,encoder_stage_5,1x320x12x12x12,0.039466798305511475,,False,0.0,True,0.0,400.8839111328125
CYST_PA62.nii.gz,1,context,gamma,correct_action_wp,encoder_stage_5,1x320x12x12x12,0.03948141261935234,0.011404316872358322,True,0.03377261385321617,True,13.538897514343262,400.8839111328125
CYST_PA62.nii.gz,1,context,gamma,wrong_action_wp,encoder_stage_5,1x320x12x12x12,0.04664073511958122,-0.012358897365629673,True,0.4141668379306793,True,166.03282165527344,400.8839111328125
CYST_PA62.nii.gz,1,context,gamma,real_action_oracle,encoder_stage_5,1x320x12x12x12,0.0,1.000000238418579,True,1.0,True,400.8839111328125,400.8839111328125
CYST_PA62.nii.gz,1,context,gamma,identity_source,encoder_bottleneck_deepest,1x320x6x6x6,0.0295329000800848,,False,0.0,True,0.0,145.7661895751953
CYST_PA62.nii.gz,1,context,gamma,correct_action_wp,encoder_bottleneck_deepest,1x320x6x6x6,0.0295734703540802,0.030177637934684753,True,0.07797282934188843,True,11.365801811218262,145.7661895751953
CYST_PA62.nii.gz,1,context,gamma,wrong_action_wp,encoder_bottleneck_deepest,1x320x6x6x6,0.0295734703540802,0.030177637934684753,True,0.07797282934188843,True,11.365801811218262,145.7661895751953
CYST_PA62.nii.gz,1,context,gamma,real_action_oracle,encoder_bottleneck_deepest,1x320x6x6x6,0.0,1.000000238418579,True,1.0,True,145.7661895751953,145.7661895751953
CYST_PA62.nii.gz,1,context,blur,identity_source,encoder_stage_2,1x64x96x96x96,0.2226291447877884,,False,0.0,True,0.0,3958.50537109375
CYST_PA62.nii.gz,1,context,blur,correct_action_wp,encoder_stage_2,1x64x96x96x96,0.1568872481584549,0.5475969314575195,True,0.6151599884033203,True,2435.114013671875,3958.50537109375
CYST_PA62.nii.gz,1,context,blur,wrong_action_wp,encoder_stage_2,1x64x96x96x96,0.2251967489719391,-0.01698414981365204,True,0.09174247831106186,True,363.1630859375,3958.50537109375
CYST_PA62.nii.gz,1,context,blur,real_action_oracle,encoder_stage_2,1x64x96x96x96,0.0,1.0000001192092896,True,1.0,True,3958.50537109375,3958.50537109375
CYST_PA62.nii.gz,1,context,blur,identity_source,encoder_stage_3,1x128x48x48x48,0.1460036337375641,,False,0.0,True,0.0,1927.1693115234375
CYST_PA62.nii.gz,1,context,blur,correct_action_wp,encoder_stage_3,1x128x48x48x48,0.1342436522245407,0.2909354269504547,True,0.35494813323020935,True,684.045166015625,1927.1693115234375
CYST_PA62.nii.gz,1,context,blur,wrong_action_wp,encoder_stage_3,1x128x48x48x48,0.14675791561603546,-0.03381485119462013,True,0.04561842605471611,True,87.9144287109375,1927.1693115234375
CYST_PA62.nii.gz,1,context,blur,real_action_oracle,encoder_stage_3,1x128x48x48x48,0.0,0.9999998211860657,True,1.0,True,1927.1693115234375,1927.1693115234375
CYST_PA62.nii.gz,1,context,blur,identity_source,encoder_stage_4,1x256x24x24x24,0.12838387489318848,,False,0.0,True,0.0,1156.9622802734375
CYST_PA62.nii.gz,1,context,blur,correct_action_wp,encoder_stage_4,1x256x24x24x24,0.12615583837032318,0.14547613263130188,True,0.2071915566921234,True,239.7128143310547,1156.9622802734375
CYST_PA62.nii.gz,1,context,blur,wrong_action_wp,encoder_stage_4,1x256x24x24x24,0.12852706015110016,0.0012542767217382789,True,0.03467380255460739,True,40.11628341674805,1156.9622802734375
CYST_PA62.nii.gz,1,context,blur,real_action_oracle,encoder_stage_4,1x256x24x24x24,0.0,1.0,True,1.0,True,1156.9622802734375,1156.9622802734375
CYST_PA62.nii.gz,1,context,blur,identity_source,encoder_stage_5,1x320x12x12x12,0.13041822612285614,,False,0.0,True,0.0,727.4893188476562
CYST_PA62.nii.gz,1,context,blur,correct_action_wp,encoder_stage_5,1x320x12x12x12,0.12526308000087738,0.20071110129356384,True,0.2282271534204483,True,166.03282165527344,727.4893188476562
CYST_PA62.nii.gz,1,context,blur,wrong_action_wp,encoder_stage_5,1x320x12x12x12,0.13039518892765045,0.014052694663405418,True,0.01861044205725193,True,13.538897514343262,727.4893188476562
CYST_PA62.nii.gz,1,context,blur,real_action_oracle,encoder_stage_5,1x320x12x12x12,0.0,1.0000001192092896,True,1.0,True,727.4893188476562,727.4893188476562
CYST_PA62.nii.gz,1,context,blur,identity_source,encoder_bottleneck_deepest,1x320x6x6x6,0.1019955575466156,,False,0.0,True,0.0,271.1034240722656
CYST_PA62.nii.gz,1,context,blur,correct_action_wp,encoder_bottleneck_deepest,1x320x6x6x6,0.10159127414226532,0.06823593378067017,True,0.04192422702908516,True,11.365801811218262,271.1034240722656
CYST_PA62.nii.gz,1,context,blur,wrong_action_wp,encoder_bottleneck_deepest,1x320x6x6x6,0.10159127414226532,0.06823593378067017,True,0.04192422702908516,True,11.365801811218262,271.1034240722656
CYST_PA62.nii.gz,1,context,blur,real_action_oracle,encoder_bottleneck_deepest,1x320x6x6x6,0.0,0.9999997615814209,True,1.0,True,271.1034240722656,271.1034240722656
CYST_PA62.nii.gz,2,foreground,gamma,identity_source,encoder_stage_2,1x64x96x96x96,0.02179153636097908,,False,0.0,True,0.0,1247.41748046875
CYST_PA62.nii.gz,2,foreground,gamma,correct_action_wp,encoder_stage_2,1x64x96x96x96,0.02064047008752823,0.23431053757667542,True,0.27991533279418945,True,349.1712646484375,1247.41748046875
CYST_PA62.nii.gz,2,foreground,gamma,wrong_action_wp,encoder_stage_2,1x64x96x96x96,0.10001527518033981,-0.07279493659734726,True,1.8232371807098389,True,2274.337890625,1247.41748046875
CYST_PA62.nii.gz,2,foreground,gamma,real_action_oracle,encoder_stage_2,1x64x96x96x96,0.0,0.999999463558197,True,1.0,True,1247.41748046875,1247.41748046875
CYST_PA62.nii.gz,2,foreground,gamma,identity_source,encoder_stage_3,1x128x48x48x48,0.018865929916501045,,False,0.0,True,0.0,693.7156982421875
CYST_PA62.nii.gz,2,foreground,gamma,correct_action_wp,encoder_stage_3,1x128x48x48x48,0.018712243065238,0.09352332353591919,True,0.11802462488412857,True,81.87553405761719,693.7156982421875
CYST_PA62.nii.gz,2,foreground,gamma,wrong_action_wp,encoder_stage_3,1x128x48x48x48,0.03950157389044762,-0.06135506182909012,True,0.9862942695617676,True,684.2078247070312,693.7156982421875
CYST_PA62.nii.gz,2,foreground,gamma,real_action_oracle,encoder_stage_3,1x128x48x48x48,0.0,0.9999998211860657,True,1.0,True,693.7156982421875,693.7156982421875
CYST_PA62.nii.gz,2,foreground,gamma,identity_source,encoder_stage_4,1x256x24x24x24,0.02235480211675167,,False,0.0,True,0.0,493.8277893066406
CYST_PA62.nii.gz,2,foreground,gamma,correct_action_wp,encoder_stage_4,1x256x24x24x24,0.022358328104019165,0.03974026441574097,True,0.08141739666461945,True,40.206172943115234,493.8277893066406
CYST_PA62.nii.gz,2,foreground,gamma,wrong_action_wp,encoder_stage_4,1x256x24x24x24,0.030864978209137917,-0.05844874680042267,True,0.561311662197113,True,277.1912841796875,493.8277893066406
CYST_PA62.nii.gz,2,foreground,gamma,real_action_oracle,encoder_stage_4,1x256x24x24x24,0.0,0.9999999403953552,True,1.0,True,493.8277893066406,493.8277893066406
CYST_PA62.nii.gz,2,foreground,gamma,identity_source,encoder_stage_5,1x320x12x12x12,0.03059348836541176,,False,0.0,True,0.0,344.2461242675781
CYST_PA62.nii.gz,2,foreground,gamma,correct_action_wp,encoder_stage_5,1x320x12x12x12,0.030597219243645668,0.01811346597969532,True,0.03932912275195122,True,13.538897514343262,344.2461242675781
CYST_PA62.nii.gz,2,foreground,gamma,wrong_action_wp,encoder_stage_5,1x320x12x12x12,0.03595496341586113,0.0249490924179554,True,0.44431936740875244,True,152.95521545410156,344.2461242675781
CYST_PA62.nii.gz,2,foreground,gamma,real_action_oracle,encoder_stage_5,1x320x12x12x12,0.0,1.0,True,1.0,True,344.2461242675781,344.2461242675781
CYST_PA62.nii.gz,2,foreground,gamma,identity_source,encoder_bottleneck_deepest,1x320x6x6x6,0.027015477418899536,,False,0.0,True,0.0,138.04025268554688
CYST_PA62.nii.gz,2,foreground,gamma,correct_action_wp,encoder_bottleneck_deepest,1x320x6x6x6,0.027196308597922325,0.0005208416259847581,True,0.08233686536550522,True,11.365801811218262,138.04025268554688
CYST_PA62.nii.gz,2,foreground,gamma,wrong_action_wp,encoder_bottleneck_deepest,1x320x6x6x6,0.027196308597922325,0.0005208416259847581,True,0.08233686536550522,True,11.365801811218262,138.04025268554688
CYST_PA62.nii.gz,2,foreground,gamma,real_action_oracle,encoder_bottleneck_deepest,1x320x6x6x6,0.0,0.9999998807907104,True,1.0,True,138.04025268554688,138.04025268554688
CYST_PA62.nii.gz,2,foreground,blur,identity_source,encoder_stage_2,1x64x96x96x96,0.21076367795467377,,False,0.0,True,0.0,3762.361328125
CYST_PA62.nii.gz,2,foreground,blur,correct_action_wp,encoder_stage_2,1x64x96x96x96,0.14526435732841492,0.5592982769012451,True,0.604497492313385,True,2274.337890625,3762.361328125
CYST_PA62.nii.gz,2,foreground,blur,wrong_action_wp,encoder_stage_2,1x64x96x96x96,0.2137460708618164,-0.029831741005182266,True,0.09280641376972198,True,349.1712646484375,3762.361328125
CYST_PA62.nii.gz,2,foreground,blur,real_action_oracle,encoder_stage_2,1x64x96x96x96,0.0,1.0000001192092896,True,1.0,True,3762.361328125,3762.361328125
CYST_PA62.nii.gz,2,foreground,blur,identity_source,encoder_stage_3,1x128x48x48x48,0.1539272516965866,,False,0.0,True,0.0,1942.546630859375
CYST_PA62.nii.gz,2,foreground,blur,correct_action_wp,encoder_stage_3,1x128x48x48x48,0.13691435754299164,0.3330087661743164,True,0.3522220849990845,True,684.2078247070312,1942.546630859375
CYST_PA62.nii.gz,2,foreground,blur,wrong_action_wp,encoder_stage_3,1x128x48x48x48,0.15506918728351593,-0.0669303610920906,True,0.04214855656027794,True,81.87553405761719,1942.546630859375
CYST_PA62.nii.gz,2,foreground,blur,real_action_oracle,encoder_stage_3,1x128x48x48x48,0.0,0.9999998807907104,True,1.0,True,1942.546630859375,1942.546630859375
CYST_PA62.nii.gz,2,foreground,blur,identity_source,encoder_stage_4,1x256x24x24x24,0.13456641137599945,,False,0.0,True,0.0,1223.9996337890625
CYST_PA62.nii.gz,2,foreground,blur,correct_action_wp,encoder_stage_4,1x256x24x24x24,0.130951926112175,0.1725352257490158,True,0.22646354138851166,True,277.1912841796875,1223.9996337890625
CYST_PA62.nii.gz,2,foreground,blur,wrong_action_wp,encoder_stage_4,1x256x24x24x24,0.13483253121376038,-0.013675913214683533,True,0.032848190516233444,True,40.206172943115234,1223.9996337890625
CYST_PA62.nii.gz,2,foreground,blur,real_action_oracle,encoder_stage_4,1x256x24x24x24,0.0,0.9999999403953552,True,1.0,True,1223.9996337890625,1223.9996337890625
CYST_PA62.nii.gz,2,foreground,blur,identity_source,encoder_stage_5,1x320x12x12x12,0.14899113774299622,,False,0.0,True,0.0,752.80859375
CYST_PA62.nii.gz,2,foreground,blur,correct_action_wp,encoder_stage_5,1x320x12x12x12,0.14895866811275482,0.10212589800357819,True,0.20317941904067993,True,152.95521545410156,752.80859375
CYST_PA62.nii.gz,2,foreground,blur,wrong_action_wp,encoder_stage_5,1x320x12x12x12,0.1489698439836502,0.0129649443551898,True,0.01798451505601406,True,13.538897514343262,752.80859375
CYST_PA62.nii.gz,2,foreground,blur,real_action_oracle,encoder_stage_5,1x320x12x12x12,0.0,1.0,True,1.0,True,752.80859375,752.80859375
CYST_PA62.nii.gz,2,foreground,blur,identity_source,encoder_bottleneck_deepest,1x320x6x6x6,0.11253137141466141,,False,0.0,True,0.0,281.1832580566406
CYST_PA62.nii.gz,2,foreground,blur,correct_action_wp,encoder_bottleneck_deepest,1x320x6x6x6,0.11252856254577637,0.020519722253084183,True,0.04042133316397667,True,11.365801811218262,281.1832580566406
CYST_PA62.nii.gz,2,foreground,blur,wrong_action_wp,encoder_bottleneck_deepest,1x320x6x6x6,0.11252856254577637,0.020519722253084183,True,0.04042133316397667,True,11.365801811218262,281.1832580566406
CYST_PA62.nii.gz,2,foreground,blur,real_action_oracle,encoder_bottleneck_deepest,1x320x6x6x6,0.0,1.0000001192092896,True,1.0,True,281.1832580566406,281.1832580566406
CYST_PA62.nii.gz,3,context_fill,gamma,identity_source,encoder_stage_2,1x64x96x96x96,0.020471978932619095,,False,0.0,True,0.0,1256.6907958984375
CYST_PA62.nii.gz,3,context_fill,gamma,correct_action_wp,encoder_stage_2,1x64x96x96x96,0.020412487909197807,0.1491650938987732,True,0.2882485091686249,True,362.2392578125,1256.6907958984375
CYST_PA62.nii.gz,3,context_fill,gamma,wrong_action_wp,encoder_stage_2,1x64x96x96x96,0.10346702486276627,-0.014691815711557865,True,1.9988365173339844,True,2511.91943359375,1256.6907958984375
CYST_PA62.nii.gz,3,context_fill,gamma,real_action_oracle,encoder_stage_2,1x64x96x96x96,0.0,0.9999988675117493,True,1.0,True,1256.6907958984375,1256.6907958984375
CYST_PA62.nii.gz,3,context_fill,gamma,identity_source,encoder_stage_3,1x128x48x48x48,0.01599699817597866,,False,0.0,True,0.0,653.9734497070312
CYST_PA62.nii.gz,3,context_fill,gamma,correct_action_wp,encoder_stage_3,1x128x48x48x48,0.016092922538518906,0.06124616414308548,True,0.15997542440891266,True,104.61968231201172,653.9734497070312
CYST_PA62.nii.gz,3,context_fill,gamma,wrong_action_wp,encoder_stage_3,1x128x48x48x48,0.034881748259067535,-0.010384630411863327,True,1.0761816501617432,True,703.7942504882812,653.9734497070312
CYST_PA62.nii.gz,3,context_fill,gamma,real_action_oracle,encoder_stage_3,1x128x48x48x48,0.0,0.9999998807907104,True,1.0,True,653.9734497070312,653.9734497070312
CYST_PA62.nii.gz,3,context_fill,gamma,identity_source,encoder_stage_4,1x256x24x24x24,0.019314808771014214,,False,0.0,True,0.0,452.0996398925781
CYST_PA62.nii.gz,3,context_fill,gamma,correct_action_wp,encoder_stage_4,1x256x24x24x24,0.01931026019155979,0.0457291379570961,True,0.08880677074193954,True,40.14950942993164,452.0996398925781
CYST_PA62.nii.gz,3,context_fill,gamma,wrong_action_wp,encoder_stage_4,1x256x24x24x24,0.024916749447584152,-0.00978732481598854,True,0.5288490056991577,True,239.0924530029297,452.0996398925781
CYST_PA62.nii.gz,3,context_fill,gamma,real_action_oracle,encoder_stage_4,1x256x24x24x24,0.0,0.9999999403953552,True,1.0,True,452.0996398925781,452.0996398925781
CYST_PA62.nii.gz,3,context_fill,gamma,identity_source,encoder_stage_5,1x320x12x12x12,0.02472919225692749,,False,0.0,True,0.0,311.71722412109375
CYST_PA62.nii.gz,3,context_fill,gamma,correct_action_wp,encoder_stage_5,1x320x12x12x12,0.02474215067923069,0.01568499207496643,True,0.04343326762318611,True,13.538897514343262,311.71722412109375
CYST_PA62.nii.gz,3,context_fill,gamma,wrong_action_wp,encoder_stage_5,1x320x12x12x12,0.030036745592951775,0.018545158207416534,True,0.48219481110572815,True,150.3084259033203,311.71722412109375
CYST_PA62.nii.gz,3,context_fill,gamma,real_action_oracle,encoder_stage_5,1x320x12x12x12,0.0,1.0000001192092896,True,1.0,True,311.71722412109375,311.71722412109375
CYST_PA62.nii.gz,3,context_fill,gamma,identity_source,encoder_bottleneck_deepest,1x320x6x6x6,0.020128389820456505,,False,0.0,True,0.0,119.23438262939453
CYST_PA62.nii.gz,3,context_fill,gamma,correct_action_wp,encoder_bottleneck_deepest,1x320x6x6x6,0.020271865651011467,0.010273141786456108,True,0.09532319009304047,True,11.365801811218262,119.23438262939453
CYST_PA62.nii.gz,3,context_fill,gamma,wrong_action_wp,encoder_bottleneck_deepest,1x320x6x6x6,0.020271865651011467,0.010273141786456108,True,0.09532319009304047,True,11.365801811218262,119.23438262939453
CYST_PA62.nii.gz,3,context_fill,gamma,real_action_oracle,encoder_bottleneck_deepest,1x320x6x6x6,0.0,1.0,True,1.0,True,119.23438262939453,119.23438262939453
CYST_PA62.nii.gz,3,context_fill,blur,identity_source,encoder_stage_2,1x64x96x96x96,0.2455863654613495,,False,0.0,True,0.0,4232.15673828125
CYST_PA62.nii.gz,3,context_fill,blur,correct_action_wp,encoder_stage_2,1x64x96x96x96,0.1699710637331009,0.5561427474021912,True,0.5935317873954773,True,2511.91943359375,4232.15673828125
CYST_PA62.nii.gz,3,context_fill,blur,wrong_action_wp,encoder_stage_2,1x64x96x96x96,0.248943492770195,-0.03705819696187973,True,0.085592120885849,True,362.2392578125,4232.15673828125
CYST_PA62.nii.gz,3,context_fill,blur,real_action_oracle,encoder_stage_2,1x64x96x96x96,0.0,1.0000001192092896,True,1.0,True,4232.15673828125,4232.15673828125
CYST_PA62.nii.gz,3,context_fill,blur,identity_source,encoder_stage_3,1x128x48x48x48,0.16217899322509766,,False,0.0,True,0.0,2054.98876953125
CYST_PA62.nii.gz,3,context_fill,blur,correct_action_wp,encoder_stage_3,1x128x48x48x48,0.1493019461631775,0.28715986013412476,True,0.3424808382987976,True,703.7942504882812,2054.98876953125
CYST_PA62.nii.gz,3,context_fill,blur,wrong_action_wp,encoder_stage_3,1x128x48x48x48,0.1627333015203476,-0.008110981434583664,True,0.0509101003408432,True,104.61968231201172,2054.98876953125
CYST_PA62.nii.gz,3,context_fill,blur,real_action_oracle,encoder_stage_3,1x128x48x48x48,0.0,0.9999998807907104,True,1.0,True,2054.98876953125,2054.98876953125
CYST_PA62.nii.gz,3,context_fill,blur,identity_source,encoder_stage_4,1x256x24x24x24,0.1354667842388153,,False,0.0,True,0.0,1207.8187255859375
CYST_PA62.nii.gz,3,context_fill,blur,correct_action_wp,encoder_stage_4,1x256x24x24x24,0.13492675125598907,0.10904614627361298,True,0.19795392453670502,True,239.0924530029297,1207.8187255859375
CYST_PA62.nii.gz,3,context_fill,blur,wrong_action_wp,encoder_stage_4,1x256x24x24x24,0.13575506210327148,-0.015389284119009972,True,0.033241335302591324,True,40.14950942993164,1207.8187255859375
CYST_PA62.nii.gz,3,context_fill,blur,real_action_oracle,encoder_stage_4,1x256x24x24x24,0.0,0.9999999403953552,True,1.0,True,1207.8187255859375,1207.8187255859375
CYST_PA62.nii.gz,3,context_fill,blur,identity_source,encoder_stage_5,1x320x12x12x12,0.15212856233119965,,False,0.0,True,0.0,772.7130126953125
CYST_PA62.nii.gz,3,context_fill,blur,correct_action_wp,encoder_stage_5,1x320x12x12x12,0.15318310260772705,0.07944204658269882,True,0.19452036917209625,True,150.3084259033203,772.7130126953125
CYST_PA62.nii.gz,3,context_fill,blur,wrong_action_wp,encoder_stage_5,1x320x12x12x12,0.15214523673057556,0.0056307874619960785,True,0.017521249130368233,True,13.538897514343262,772.7130126953125
CYST_PA62.nii.gz,3,context_fill,blur,real_action_oracle,encoder_stage_5,1x320x12x12x12,0.0,1.0,True,1.0,True,772.7130126953125,772.7130126953125
CYST_PA62.nii.gz,3,context_fill,blur,identity_source,encoder_bottleneck_deepest,1x320x6x6x6,0.1171509250998497,,False,0.0,True,0.0,288.0864562988281
CYST_PA62.nii.gz,3,context_fill,blur,correct_action_wp,encoder_bottleneck_deepest,1x320x6x6x6,0.11699997633695602,0.03605637326836586,True,0.039452746510505676,True,11.365801811218262,288.0864562988281
CYST_PA62.nii.gz,3,context_fill,blur,wrong_action_wp,encoder_bottleneck_deepest,1x320x6x6x6,0.11699997633695602,0.03605637326836586,True,0.039452746510505676,True,11.365801811218262,288.0864562988281
CYST_PA62.nii.gz,3,context_fill,blur,real_action_oracle,encoder_bottleneck_deepest,1x320x6x6x6,0.0,1.000000238418579,True,1.0,True,288.0864562988281,288.0864562988281
HEM_PA29.nii.gz,0,context,gamma,identity_source,encoder_stage_2,1x64x96x96x96,0.01710331067442894,,False,0.0,True,0.0,1036.7093505859375
HEM_PA29.nii.gz,0,context,gamma,correct_action_wp,encoder_stage_2,1x64x96x96x96,0.01815229468047619,0.09034542739391327,True,0.35396358370780945,True,366.9573669433594,1036.7093505859375
HEM_PA29.nii.gz,0,context,gamma,wrong_action_wp,encoder_stage_2,1x64x96x96x96,0.09339629113674164,-0.052853062748909,True,2.0598483085632324,True,2135.464111328125,1036.7093505859375
HEM_PA29.nii.gz,0,context,gamma,real_action_oracle,encoder_stage_2,1x64x96x96x96,0.0,0.9999988079071045,True,1.0,True,1036.7093505859375,1036.7093505859375
HEM_PA29.nii.gz,0,context,gamma,identity_source,encoder_stage_3,1x128x48x48x48,0.017928065732121468,,False,0.0,True,0.0,668.9187622070312
HEM_PA29.nii.gz,0,context,gamma,correct_action_wp,encoder_stage_3,1x128x48x48x48,0.017787991091609,0.10164127498865128,True,0.15181834995746613,True,101.55414581298828,668.9187622070312
HEM_PA29.nii.gz,0,context,gamma,wrong_action_wp,encoder_stage_3,1x128x48x48x48,0.035895030945539474,-0.05621708184480667,True,0.9464445114135742,True,633.094482421875,668.9187622070312
HEM_PA29.nii.gz,0,context,gamma,real_action_oracle,encoder_stage_3,1x128x48x48x48,0.0,0.9999998807907104,True,1.0,True,668.9187622070312,668.9187622070312
HEM_PA29.nii.gz,0,context,gamma,identity_source,encoder_stage_4,1x256x24x24x24,0.03331252932548523,,False,0.0,True,0.0,594.5885620117188
HEM_PA29.nii.gz,0,context,gamma,correct_action_wp,encoder_stage_4,1x256x24x24x24,0.03335163742303848,0.025092070922255516,True,0.0675593763589859,True,40.1700325012207,594.5885620117188
HEM_PA29.nii.gz,0,context,gamma,wrong_action_wp,encoder_stage_4,1x256x24x24x24,0.03734662011265755,-0.015434014610946178,True,0.33289965987205505,True,197.93832397460938,594.5885620117188
HEM_PA29.nii.gz,0,context,gamma,real_action_oracle,encoder_stage_4,1x256x24x24x24,0.0,1.0,True,1.0,True,594.5885620117188,594.5885620117188
HEM_PA29.nii.gz,0,context,gamma,identity_source,encoder_stage_5,1x320x12x12x12,0.03355678170919418,,False,0.0,True,0.0,359.51226806640625
HEM_PA29.nii.gz,0,context,gamma,correct_action_wp,encoder_stage_5,1x320x12x12x12,0.03358398750424385,0.008064920082688332,True,0.03765907138586044,True,13.538897514343262,359.51226806640625
HEM_PA29.nii.gz,0,context,gamma,wrong_action_wp,encoder_stage_5,1x320x12x12x12,0.03950811177492142,-0.02756708301603794,True,0.3944649398326874,True,141.8149871826172,359.51226806640625
HEM_PA29.nii.gz,0,context,gamma,real_action_oracle,encoder_stage_5,1x320x12x12x12,0.0,0.9999999403953552,True,1.0,True,359.51226806640625,359.51226806640625
HEM_PA29.nii.gz,0,context,gamma,identity_source,encoder_bottleneck_deepest,1x320x6x6x6,0.026856744661927223,,False,0.0,True,0.0,138.12521362304688
HEM_PA29.nii.gz,0,context,gamma,correct_action_wp,encoder_bottleneck_deepest,1x320x6x6x6,0.027106065303087234,-0.015265877358615398,True,0.08228621631860733,True,11.365800857543945,138.12521362304688
HEM_PA29.nii.gz,0,context,gamma,wrong_action_wp,encoder_bottleneck_deepest,1x320x6x6x6,0.027106065303087234,-0.015265877358615398,True,0.08228621631860733,True,11.365800857543945,138.12521362304688
HEM_PA29.nii.gz,0,context,gamma,real_action_oracle,encoder_bottleneck_deepest,1x320x6x6x6,0.0,1.0,True,1.0,True,138.12521362304688,138.12521362304688
HEM_PA29.nii.gz,0,context,blur,identity_source,encoder_stage_2,1x64x96x96x96,0.16489242017269135,,False,0.0,True,0.0,3199.404052734375
HEM_PA29.nii.gz,0,context,blur,correct_action_wp,encoder_stage_2,1x64x96x96x96,0.12728796899318695,0.5045667290687561,True,0.667456865310669,True,2135.464111328125,3199.404052734375
HEM_PA29.nii.gz,0,context,blur,wrong_action_wp,encoder_stage_2,1x64x96x96x96,0.1687408834695816,-0.044396400451660156,True,0.11469553411006927,True,366.9573669433594,3199.404052734375
HEM_PA29.nii.gz,0,context,blur,real_action_oracle,encoder_stage_2,1x64x96x96x96,0.0,0.9999998211860657,True,1.0,True,3199.404052734375,3199.404052734375
HEM_PA29.nii.gz,0,context,blur,identity_source,encoder_stage_3,1x128x48x48x48,0.1110818088054657,,False,0.0,True,0.0,1647.652587890625
HEM_PA29.nii.gz,0,context,blur,correct_action_wp,encoder_stage_3,1x128x48x48x48,0.1083207055926323,0.2244652360677719,True,0.3842402696609497,True,633.094482421875,1647.652587890625
HEM_PA29.nii.gz,0,context,blur,wrong_action_wp,encoder_stage_3,1x128x48x48x48,0.11167662590742111,-0.012620275840163231,True,0.06163565441966057,True,101.55414581298828,1647.652587890625
HEM_PA29.nii.gz,0,context,blur,real_action_oracle,encoder_stage_3,1x128x48x48x48,0.0,0.9999998807907104,True,1.0,True,1647.652587890625,1647.652587890625
HEM_PA29.nii.gz,0,context,blur,identity_source,encoder_stage_4,1x256x24x24x24,0.10469508171081543,,False,0.0,True,0.0,1075.5120849609375
HEM_PA29.nii.gz,0,context,blur,correct_action_wp,encoder_stage_4,1x256x24x24x24,0.10503485053777695,0.08320406079292297,True,0.18404100835323334,True,197.93832397460938,1075.5120849609375
HEM_PA29.nii.gz,0,context,blur,wrong_action_wp,encoder_stage_4,1x256x24x24x24,0.10499420762062073,-0.019573621451854706,True,0.037349678575992584,True,40.1700325012207,1075.5120849609375
HEM_PA29.nii.gz,0,context,blur,real_action_oracle,encoder_stage_4,1x256x24x24x24,0.0,0.9999998807907104,True,1.0,True,1075.5120849609375,1075.5120849609375
HEM_PA29.nii.gz,0,context,blur,identity_source,encoder_stage_5,1x320x12x12x12,0.11765088886022568,,False,0.0,True,0.0,660.8972778320312
HEM_PA29.nii.gz,0,context,blur,correct_action_wp,encoder_stage_5,1x320x12x12x12,0.12160791456699371,0.028918735682964325,True,0.21457946300506592,True,141.8149871826172,660.8972778320312
HEM_PA29.nii.gz,0,context,blur,wrong_action_wp,encoder_stage_5,1x320x12x12x12,0.11771375685930252,-0.0028004597406834364,True,0.02048563025891781,True,13.538897514343262,660.8972778320312
HEM_PA29.nii.gz,0,context,blur,real_action_oracle,encoder_stage_5,1x320x12x12x12,0.0,1.0000001192092896,True,1.0,True,660.8972778320312,660.8972778320312
HEM_PA29.nii.gz,0,context,blur,identity_source,encoder_bottleneck_deepest,1x320x6x6x6,0.09077813476324081,,False,0.0,True,0.0,251.3866729736328
HEM_PA29.nii.gz,0,context,blur,correct_action_wp,encoder_bottleneck_deepest,1x320x6x6x6,0.09064818918704987,0.03843781352043152,True,0.04521242529153824,True,11.365800857543945,251.3866729736328
HEM_PA29.nii.gz,0,context,blur,wrong_action_wp,encoder_bottleneck_deepest,1x320x6x6x6,0.09064818918704987,0.03843781352043152,True,0.04521242529153824,True,11.365800857543945,251.3866729736328
HEM_PA29.nii.gz,0,context,blur,real_action_oracle,encoder_bottleneck_deepest,1x320x6x6x6,0.0,1.0,True,1.0,True,251.3866729736328,251.3866729736328
HEM_PA29.nii.gz,1,context,gamma,identity_source,encoder_stage_2,1x64x96x96x96,0.01922586001455784,,False,0.0,True,0.0,1229.17578125
HEM_PA29.nii.gz,1,context,gamma,correct_action_wp,encoder_stage_2,1x64x96x96x96,0.019523851573467255,0.1177520677447319,True,0.28911450505256653,True,355.37255859375,1229.17578125
HEM_PA29.nii.gz,1,context,gamma,wrong_action_wp,encoder_stage_2,1x64x96x96x96,0.10372316837310791,0.01617794670164585,True,2.112661600112915,True,2596.83251953125,1229.17578125
HEM_PA29.nii.gz,1,context,gamma,real_action_oracle,encoder_stage_2,1x64x96x96x96,0.0,0.9999995231628418,True,1.0,True,1229.17578125,1229.17578125
HEM_PA29.nii.gz,1,context,gamma,identity_source,encoder_stage_3,1x128x48x48x48,0.0160739254206419,,False,0.0,True,0.0,658.521728515625
HEM_PA29.nii.gz,1,context,gamma,correct_action_wp,encoder_stage_3,1x128x48x48x48,0.01615329459309578,0.05314576253294945,True,0.1412486433982849,True,93.01530456542969,658.521728515625
HEM_PA29.nii.gz,1,context,gamma,wrong_action_wp,encoder_stage_3,1x128x48x48x48,0.034485653042793274,-0.013456958346068859,True,1.0568801164627075,True,695.978515625,658.521728515625
HEM_PA29.nii.gz,1,context,gamma,real_action_oracle,encoder_stage_3,1x128x48x48x48,0.0,0.9999998807907104,True,1.0,True,658.521728515625,658.521728515625
HEM_PA29.nii.gz,1,context,gamma,identity_source,encoder_stage_4,1x256x24x24x24,0.019280076026916504,,False,0.0,True,0.0,453.5713195800781
HEM_PA29.nii.gz,1,context,gamma,correct_action_wp,encoder_stage_4,1x256x24x24x24,0.01925399713218212,0.05189073830842972,True,0.08849591761827469,True,40.13920974731445,453.5713195800781
HEM_PA29.nii.gz,1,context,gamma,wrong_action_wp,encoder_stage_4,1x256x24x24x24,0.025031592696905136,-0.020761189982295036,True,0.5258144736289978,True,238.49436950683594,453.5713195800781
HEM_PA29.nii.gz,1,context,gamma,real_action_oracle,encoder_stage_4,1x256x24x24x24,0.0,1.0,True,1.0,True,453.5713195800781,453.5713195800781
HEM_PA29.nii.gz,1,context,gamma,identity_source,encoder_stage_5,1x320x12x12x12,0.019966840744018555,,False,0.0,True,0.0,279.4519958496094
HEM_PA29.nii.gz,1,context,gamma,correct_action_wp,encoder_stage_5,1x320x12x12x12,0.01997489295899868,0.020062588155269623,True,0.048448026180267334,True,13.538897514343262,279.4519958496094
HEM_PA29.nii.gz,1,context,gamma,wrong_action_wp,encoder_stage_5,1x320x12x12x12,0.026269027963280678,-0.00415726937353611,True,0.557669997215271,True,155.8419952392578,279.4519958496094
HEM_PA29.nii.gz,1,context,gamma,real_action_oracle,encoder_stage_5,1x320x12x12x12,0.0,0.9999998211860657,True,1.0,True,279.4519958496094,279.4519958496094
HEM_PA29.nii.gz,1,context,gamma,identity_source,encoder_bottleneck_deepest,1x320x6x6x6,0.01644446887075901,,False,0.0,True,0.0,107.4483413696289
HEM_PA29.nii.gz,1,context,gamma,correct_action_wp,encoder_bottleneck_deepest,1x320x6x6x6,0.01645653508603573,0.04942188411951065,True,0.10577922314405441,True,11.365801811218262,107.4483413696289
HEM_PA29.nii.gz,1,context,gamma,wrong_action_wp,encoder_bottleneck_deepest,1x320x6x6x6,0.01645653508603573,0.04942188411951065,True,0.10577922314405441,True,11.365801811218262,107.4483413696289
HEM_PA29.nii.gz,1,context,gamma,real_action_oracle,encoder_bottleneck_deepest,1x320x6x6x6,0.0,1.0,True,1.0,True,107.4483413696289,107.4483413696289
HEM_PA29.nii.gz,1,context,blur,identity_source,encoder_stage_2,1x64x96x96x96,0.24765145778656006,,False,0.0,True,0.0,4298.95703125
HEM_PA29.nii.gz,1,context,blur,correct_action_wp,encoder_stage_2,1x64x96x96x96,0.17656540870666504,0.539622962474823,True,0.6040610671043396,True,2596.83251953125,4298.95703125
HEM_PA29.nii.gz,1,context,blur,wrong_action_wp,encoder_stage_2,1x64x96x96x96,0.24986717104911804,-0.012783842161297798,True,0.08266483247280121,True,355.37255859375,4298.95703125
HEM_PA29.nii.gz,1,context,blur,real_action_oracle,encoder_stage_2,1x64x96x96x96,0.0,1.0000003576278687,True,1.0,True,4298.95703125,4298.95703125
HEM_PA29.nii.gz,1,context,blur,identity_source,encoder_stage_3,1x128x48x48x48,0.17585745453834534,,False,0.0,True,0.0,2151.495361328125
HEM_PA29.nii.gz,1,context,blur,correct_action_wp,encoder_stage_3,1x128x48x48x48,0.16336801648139954,0.27151623368263245,True,0.32348594069480896,True,695.978515625,2151.495361328125
HEM_PA29.nii.gz,1,context,blur,wrong_action_wp,encoder_stage_3,1x128x48x48x48,0.17636613547801971,-0.011836725287139416,True,0.043232861906290054,True,93.01530456542969,2151.495361328125
HEM_PA29.nii.gz,1,context,blur,real_action_oracle,encoder_stage_3,1x128x48x48x48,0.0,0.9999997019767761,True,1.0,True,2151.495361328125,2151.495361328125
HEM_PA29.nii.gz,1,context,blur,identity_source,encoder_stage_4,1x256x24x24x24,0.15467999875545502,,False,0.0,True,0.0,1290.89306640625
HEM_PA29.nii.gz,1,context,blur,correct_action_wp,encoder_stage_4,1x256x24x24x24,0.15393973886966705,0.10532756894826889,True,0.1847514510154724,True,238.49436950683594,1290.89306640625
HEM_PA29.nii.gz,1,context,blur,wrong_action_wp,encoder_stage_4,1x256x24x24x24,0.1549740433692932,-0.01501956582069397,True,0.0310941394418478,True,40.13920974731445,1290.89306640625
HEM_PA29.nii.gz,1,context,blur,real_action_oracle,encoder_stage_4,1x256x24x24x24,0.0,1.0000001192092896,True,1.0,True,1290.89306640625,1290.89306640625
HEM_PA29.nii.gz,1,context,blur,identity_source,encoder_stage_5,1x320x12x12x12,0.18574535846710205,,False,0.0,True,0.0,845.0285034179688
HEM_PA29.nii.gz,1,context,blur,correct_action_wp,encoder_stage_5,1x320x12x12x12,0.18199463188648224,0.14695720374584198,True,0.18442218005657196,True,155.8419952392578,845.0285034179688
HEM_PA29.nii.gz,1,context,blur,wrong_action_wp,encoder_stage_5,1x320x12x12x12,0.18569128215312958,0.017094234004616737,True,0.01602182351052761,True,13.538897514343262,845.0285034179688
HEM_PA29.nii.gz,1,context,blur,real_action_oracle,encoder_stage_5,1x320x12x12x12,0.0,0.9999997615814209,True,1.0,True,845.0285034179688,845.0285034179688
HEM_PA29.nii.gz,1,context,blur,identity_source,encoder_bottleneck_deepest,1x320x6x6x6,0.14470940828323364,,False,0.0,True,0.0,318.172119140625
HEM_PA29.nii.gz,1,context,blur,correct_action_wp,encoder_bottleneck_deepest,1x320x6x6x6,0.14417418837547302,0.06962917745113373,True,0.03572218120098114,True,11.365801811218262,318.172119140625
HEM_PA29.nii.gz,1,context,blur,wrong_action_wp,encoder_bottleneck_deepest,1x320x6x6x6,0.14417418837547302,0.06962917745113373,True,0.03572218120098114,True,11.365801811218262,318.172119140625
HEM_PA29.nii.gz,1,context,blur,real_action_oracle,encoder_bottleneck_deepest,1x320x6x6x6,0.0,1.0,True,1.0,True,318.172119140625,318.172119140625
HEM_PA29.nii.gz,2,foreground,gamma,identity_source,encoder_stage_2,1x64x96x96x96,0.03970152884721756,,False,0.0,True,0.0,1699.2125244140625
HEM_PA29.nii.gz,2,foreground,gamma,correct_action_wp,encoder_stage_2,1x64x96x96x96,0.038034018129110336,0.20505419373512268,True,0.21183815598487854,True,359.9580383300781,1699.2125244140625
HEM_PA29.nii.gz,2,foreground,gamma,wrong_action_wp,encoder_stage_2,1x64x96x96x96,0.12064008414745331,-0.014873757027089596,True,1.4130258560180664,True,2401.03125,1699.2125244140625
HEM_PA29.nii.gz,2,foreground,gamma,real_action_oracle,encoder_stage_2,1x64x96x96x96,0.0,0.9999992251396179,True,1.0,True,1699.2125244140625,1699.2125244140625
HEM_PA29.nii.gz,2,foreground,gamma,identity_source,encoder_stage_3,1x128x48x48x48,0.0325486846268177,,False,0.0,True,0.0,924.980224609375
HEM_PA29.nii.gz,2,foreground,gamma,correct_action_wp,encoder_stage_3,1x128x48x48x48,0.032257575541734695,0.09458558261394501,True,0.09620416164398193,True,88.98694610595703,924.980224609375
HEM_PA29.nii.gz,2,foreground,gamma,wrong_action_wp,encoder_stage_3,1x128x48x48x48,0.051425062119960785,-0.025578007102012634,True,0.7363913059234619,True,681.1473999023438,924.980224609375
HEM_PA29.nii.gz,2,foreground,gamma,real_action_oracle,encoder_stage_3,1x128x48x48x48,0.0,0.9999997019767761,True,1.0,True,924.980224609375,924.980224609375
HEM_PA29.nii.gz,2,foreground,gamma,identity_source,encoder_stage_4,1x256x24x24x24,0.03581705316901207,,False,0.0,True,0.0,618.0128173828125
HEM_PA29.nii.gz,2,foreground,gamma,correct_action_wp,encoder_stage_4,1x256x24x24x24,0.03575916960835457,0.044939346611499786,True,0.06502725929021835,True,40.187679290771484,618.0128173828125
HEM_PA29.nii.gz,2,foreground,gamma,wrong_action_wp,encoder_stage_4,1x256x24x24x24,0.04267539456486702,-0.050396628677845,True,0.3900831639766693,True,241.07640075683594,618.0128173828125
HEM_PA29.nii.gz,2,foreground,gamma,real_action_oracle,encoder_stage_4,1x256x24x24x24,0.0,0.9999999403953552,True,1.0,True,618.0128173828125,618.0128173828125
HEM_PA29.nii.gz,2,foreground,gamma,identity_source,encoder_stage_5,1x320x12x12x12,0.04707663133740425,,False,0.0,True,0.0,427.8091125488281
HEM_PA29.nii.gz,2,foreground,gamma,correct_action_wp,encoder_stage_5,1x320x12x12x12,0.04705015569925308,0.024707695469260216,True,0.031647052615880966,True,13.538897514343262,427.8091125488281
HEM_PA29.nii.gz,2,foreground,gamma,wrong_action_wp,encoder_stage_5,1x320x12x12x12,0.05339052528142929,-0.0037959625478833914,True,0.3624469041824341,True,155.05809020996094,427.8091125488281
HEM_PA29.nii.gz,2,foreground,gamma,real_action_oracle,encoder_stage_5,1x320x12x12x12,0.0,0.9999998211860657,True,1.0,True,427.8091125488281,427.8091125488281
HEM_PA29.nii.gz,2,foreground,gamma,identity_source,encoder_bottleneck_deepest,1x320x6x6x6,0.03892949968576431,,False,0.0,True,0.0,166.60215759277344
HEM_PA29.nii.gz,2,foreground,gamma,correct_action_wp,encoder_bottleneck_deepest,1x320x6x6x6,0.03904145956039429,0.013032183982431889,True,0.06822121888399124,True,11.365801811218262,166.60215759277344
HEM_PA29.nii.gz,2,foreground,gamma,wrong_action_wp,encoder_bottleneck_deepest,1x320x6x6x6,0.03904145956039429,0.013032183982431889,True,0.06822121888399124,True,11.365801811218262,166.60215759277344
HEM_PA29.nii.gz,2,foreground,gamma,real_action_oracle,encoder_bottleneck_deepest,1x320x6x6x6,0.0,1.0000001192092896,True,1.0,True,166.60215759277344,166.60215759277344
HEM_PA29.nii.gz,2,foreground,blur,identity_source,encoder_stage_2,1x64x96x96x96,0.2248455137014389,,False,0.0,True,0.0,3937.911865234375
HEM_PA29.nii.gz,2,foreground,blur,correct_action_wp,encoder_stage_2,1x64x96x96x96,0.1571866273880005,0.5516232848167419,True,0.6097219586372375,True,2401.03125,3937.911865234375
HEM_PA29.nii.gz,2,foreground,blur,wrong_action_wp,encoder_stage_2,1x64x96x96x96,0.22757244110107422,-0.02063484862446785,True,0.09140834957361221,True,359.9580383300781,3937.911865234375
HEM_PA29.nii.gz,2,foreground,blur,real_action_oracle,encoder_stage_2,1x64x96x96x96,0.0,0.9999998807907104,True,1.0,True,3937.911865234375,3937.911865234375
HEM_PA29.nii.gz,2,foreground,blur,identity_source,encoder_stage_3,1x128x48x48x48,0.14775598049163818,,False,0.0,True,0.0,1946.22900390625
HEM_PA29.nii.gz,2,foreground,blur,correct_action_wp,encoder_stage_3,1x128x48x48x48,0.13682802021503448,0.280653178691864,True,0.34998318552970886,True,681.1473999023438,1946.22900390625
HEM_PA29.nii.gz,2,foreground,blur,wrong_action_wp,encoder_stage_3,1x128x48x48x48,0.14848120510578156,-0.03081200271844864,True,0.045722752809524536,True,88.98694610595703,1946.22900390625
HEM_PA29.nii.gz,2,foreground,blur,real_action_oracle,encoder_stage_3,1x128x48x48x48,0.0,0.9999998807907104,True,1.0,True,1946.22900390625,1946.22900390625
HEM_PA29.nii.gz,2,foreground,blur,identity_source,encoder_stage_4,1x256x24x24x24,0.12164372950792313,,False,0.0,True,0.0,1142.920654296875
HEM_PA29.nii.gz,2,foreground,blur,correct_action_wp,encoder_stage_4,1x256x24x24x24,0.12082313001155853,0.12145581096410751,True,0.21093012392520905,True,241.07640075683594,1142.920654296875
HEM_PA29.nii.gz,2,foreground,blur,wrong_action_wp,encoder_stage_4,1x256x24x24x24,0.12195950746536255,-0.0193320382386446,True,0.035162266343832016,True,40.187679290771484,1142.920654296875
HEM_PA29.nii.gz,2,foreground,blur,real_action_oracle,encoder_stage_4,1x256x24x24x24,0.0,1.0000001192092896,True,1.0,True,1142.920654296875,1142.920654296875
HEM_PA29.nii.gz,2,foreground,blur,identity_source,encoder_stage_5,1x320x12x12x12,0.16370278596878052,,False,0.0,True,0.0,795.3358764648438
HEM_PA29.nii.gz,2,foreground,blur,correct_action_wp,encoder_stage_5,1x320x12x12x12,0.16751407086849213,0.037770457565784454,True,0.19495925307273865,True,155.05809020996094,795.3358764648438
HEM_PA29.nii.gz,2,foreground,blur,wrong_action_wp,encoder_stage_5,1x320x12x12x12,0.16377969086170197,-0.005288793705403805,True,0.017022868618369102,True,13.538897514343262,795.3358764648438
HEM_PA29.nii.gz,2,foreground,blur,real_action_oracle,encoder_stage_5,1x320x12x12x12,0.0,0.9999998807907104,True,1.0,True,795.3358764648438,795.3358764648438
HEM_PA29.nii.gz,2,foreground,blur,identity_source,encoder_bottleneck_deepest,1x320x6x6x6,0.1335465908050537,,False,0.0,True,0.0,306.1488037109375
HEM_PA29.nii.gz,2,foreground,blur,correct_action_wp,encoder_bottleneck_deepest,1x320x6x6x6,0.13330648839473724,0.042776692658662796,True,0.03712508827447891,True,11.365801811218262,306.1488037109375
HEM_PA29.nii.gz,2,foreground,blur,wrong_action_wp,encoder_bottleneck_deepest,1x320x6x6x6,0.13330648839473724,0.042776692658662796,True,0.03712508827447891,True,11.365801811218262,306.1488037109375
HEM_PA29.nii.gz,2,foreground,blur,real_action_oracle,encoder_bottleneck_deepest,1x320x6x6x6,0.0,1.0,True,1.0,True,306.1488037109375,306.1488037109375
HEM_PA29.nii.gz,3,foreground,gamma,identity_source,encoder_stage_2,1x64x96x96x96,0.036519624292850494,,False,0.0,True,0.0,1660.20654296875
HEM_PA29.nii.gz,3,foreground,gamma,correct_action_wp,encoder_stage_2,1x64x96x96x96,0.035099126398563385,0.19767695665359497,True,0.21106180548667908,True,350.40618896484375,1660.20654296875
HEM_PA29.nii.gz,3,foreground,gamma,wrong_action_wp,encoder_stage_2,1x64x96x96x96,0.12201583385467529,-0.031241660937666893,True,1.4991436004638672,True,2488.887939453125,1660.20654296875
HEM_PA29.nii.gz,3,foreground,gamma,real_action_oracle,encoder_stage_2,1x64x96x96x96,0.0,0.9999991059303284,True,1.0,True,1660.20654296875,1660.20654296875
HEM_PA29.nii.gz,3,foreground,gamma,identity_source,encoder_stage_3,1x128x48x48x48,0.030858637765049934,,False,0.0,True,0.0,905.7391967773438
HEM_PA29.nii.gz,3,foreground,gamma,correct_action_wp,encoder_stage_3,1x128x48x48x48,0.03066512942314148,0.08102681487798691,True,0.09818755835294724,True,88.93231964111328,905.7391967773438
HEM_PA29.nii.gz,3,foreground,gamma,wrong_action_wp,encoder_stage_3,1x128x48x48x48,0.05088984966278076,-0.03553738817572594,True,0.770930826663971,True,698.2622680664062,905.7391967773438
HEM_PA29.nii.gz,3,foreground,gamma,real_action_oracle,encoder_stage_3,1x128x48x48x48,0.0,0.9999997615814209,True,1.0,True,905.7391967773438,905.7391967773438
HEM_PA29.nii.gz,3,foreground,gamma,identity_source,encoder_stage_4,1x256x24x24x24,0.035881076008081436,,False,0.0,True,0.0,620.7728271484375
HEM_PA29.nii.gz,3,foreground,gamma,correct_action_wp,encoder_stage_4,1x256x24x24x24,0.035756830126047134,0.059121303260326385,True,0.0648278072476387,True,40.24333953857422,620.7728271484375
HEM_PA29.nii.gz,3,foreground,gamma,wrong_action_wp,encoder_stage_4,1x256x24x24x24,0.04627335071563721,-0.08458565175533295,True,0.46019479632377625,True,285.6764221191406,620.7728271484375
HEM_PA29.nii.gz,3,foreground,gamma,real_action_oracle,encoder_stage_4,1x256x24x24x24,0.0,1.0,True,1.0,True,620.7728271484375,620.7728271484375
HEM_PA29.nii.gz,3,foreground,gamma,identity_source,encoder_stage_5,1x320x12x12x12,0.04237400367856026,,False,0.0,True,0.0,410.4063720703125
HEM_PA29.nii.gz,3,foreground,gamma,correct_action_wp,encoder_stage_5,1x320x12x12x12,0.042389847338199615,0.010829577222466469,True,0.032989002764225006,True,13.538897514343262,410.4063720703125
HEM_PA29.nii.gz,3,foreground,gamma,wrong_action_wp,encoder_stage_5,1x320x12x12x12,0.051696330308914185,-0.1116413027048111,True,0.3705047070980072,True,152.0574951171875,410.4063720703125
HEM_PA29.nii.gz,3,foreground,gamma,real_action_oracle,encoder_stage_5,1x320x12x12x12,0.0,1.0,True,1.0,True,410.4063720703125,410.4063720703125
HEM_PA29.nii.gz,3,foreground,gamma,identity_source,encoder_bottleneck_deepest,1x320x6x6x6,0.03470266982913017,,False,0.0,True,0.0,158.21481323242188
HEM_PA29.nii.gz,3,foreground,gamma,correct_action_wp,encoder_bottleneck_deepest,1x320x6x6x6,0.03506894037127495,-0.037541426718235016,True,0.07183778285980225,True,11.365801811218262,158.21481323242188
HEM_PA29.nii.gz,3,foreground,gamma,wrong_action_wp,encoder_bottleneck_deepest,1x320x6x6x6,0.03506894037127495,-0.037541426718235016,True,0.07183778285980225,True,11.365801811218262,158.21481323242188
HEM_PA29.nii.gz,3,foreground,gamma,real_action_oracle,encoder_bottleneck_deepest,1x320x6x6x6,0.0,1.0,True,1.0,True,158.21481323242188,158.21481323242188
HEM_PA29.nii.gz,3,foreground,blur,identity_source,encoder_stage_2,1x64x96x96x96,0.27339884638786316,,False,0.0,True,0.0,4380.298828125
HEM_PA29.nii.gz,3,foreground,blur,correct_action_wp,encoder_stage_2,1x64x96x96x96,0.19586749374866486,0.5336454510688782,True,0.5682004690170288,True,2488.887939453125,4380.298828125
HEM_PA29.nii.gz,3,foreground,blur,wrong_action_wp,encoder_stage_2,1x64x96x96x96,0.27601200342178345,-0.019742529839277267,True,0.07999595254659653,True,350.40618896484375,4380.298828125
HEM_PA29.nii.gz,3,foreground,blur,real_action_oracle,encoder_stage_2,1x64x96x96x96,0.0,0.9999997019767761,True,1.0,True,4380.298828125,4380.298828125
HEM_PA29.nii.gz,3,foreground,blur,identity_source,encoder_stage_3,1x128x48x48x48,0.17841589450836182,,False,0.0,True,0.0,2138.115966796875
HEM_PA29.nii.gz,3,foreground,blur,correct_action_wp,encoder_stage_3,1x128x48x48x48,0.16452820599079132,0.28246259689331055,True,0.326578289270401,True,698.2622680664062,2138.115966796875
HEM_PA29.nii.gz,3,foreground,blur,wrong_action_wp,encoder_stage_3,1x128x48x48x48,0.1793367713689804,-0.041247859597206116,True,0.041593778878450394,True,88.93231964111328,2138.115966796875
HEM_PA29.nii.gz,3,foreground,blur,real_action_oracle,encoder_stage_3,1x128x48x48x48,0.0,0.9999998807907104,True,1.0,True,2138.115966796875,2138.115966796875
HEM_PA29.nii.gz,3,foreground,blur,identity_source,encoder_stage_4,1x256x24x24x24,0.15904086828231812,,False,0.0,True,0.0,1328.252685546875
HEM_PA29.nii.gz,3,foreground,blur,correct_action_wp,encoder_stage_4,1x256x24x24x24,0.15551221370697021,0.15911799669265747,True,0.21507686376571655,True,285.6764221191406,1328.252685546875
HEM_PA29.nii.gz,3,foreground,blur,wrong_action_wp,encoder_stage_4,1x256x24x24x24,0.15944327414035797,-0.026605084538459778,True,0.030297955498099327,True,40.24333953857422,1328.252685546875
HEM_PA29.nii.gz,3,foreground,blur,real_action_oracle,encoder_stage_4,1x256x24x24x24,0.0,1.0,True,1.0,True,1328.252685546875,1328.252685546875
HEM_PA29.nii.gz,3,foreground,blur,identity_source,encoder_stage_5,1x320x12x12x12,0.179109126329422,,False,0.0,True,0.0,833.039306640625
HEM_PA29.nii.gz,3,foreground,blur,correct_action_wp,encoder_stage_5,1x320x12x12x12,0.17906369268894196,0.09196159988641739,True,0.182533398270607,True,152.0574951171875,833.039306640625
HEM_PA29.nii.gz,3,foreground,blur,wrong_action_wp,encoder_stage_5,1x320x12x12x12,0.1792125403881073,-0.009637005627155304,True,0.016252411529421806,True,13.538897514343262,833.039306640625
HEM_PA29.nii.gz,3,foreground,blur,real_action_oracle,encoder_stage_5,1x320x12x12x12,0.0,1.0,True,1.0,True,833.039306640625,833.039306640625
HEM_PA29.nii.gz,3,foreground,blur,identity_source,encoder_bottleneck_deepest,1x320x6x6x6,0.13451141119003296,,False,0.0,True,0.0,309.1481018066406
HEM_PA29.nii.gz,3,foreground,blur,correct_action_wp,encoder_bottleneck_deepest,1x320x6x6x6,0.13458828628063202,0.01061023399233818,True,0.03676490858197212,True,11.365801811218262,309.1481018066406
HEM_PA29.nii.gz,3,foreground,blur,wrong_action_wp,encoder_bottleneck_deepest,1x320x6x6x6,0.13458828628063202,0.01061023399233818,True,0.03676490858197212,True,11.365801811218262,309.1481018066406
HEM_PA29.nii.gz,3,foreground,blur,real_action_oracle,encoder_bottleneck_deepest,1x320x6x6x6,0.0,1.0000001192092896,True,1.0,True,309.1481018066406,309.1481018066406
HEP_PA28.nii.gz,0,context,gamma,identity_source,encoder_stage_2,1x64x96x96x96,0.015967529267072678,,False,0.0,True,0.0,1031.912109375
HEP_PA28.nii.gz,0,context,gamma,correct_action_wp,encoder_stage_2,1x64x96x96x96,0.015638204291462898,0.19850394129753113,True,0.33554065227508545,True,346.24847412109375,1031.912109375
HEP_PA28.nii.gz,0,context,gamma,wrong_action_wp,encoder_stage_2,1x64x96x96x96,0.08669313043355942,-0.053508657962083817,True,2.0517709255218506,True,2117.247314453125,1031.912109375
HEP_PA28.nii.gz,0,context,gamma,real_action_oracle,encoder_stage_2,1x64x96x96x96,0.0,0.9999985694885254,True,1.0,True,1031.912109375,1031.912109375
HEP_PA28.nii.gz,0,context,gamma,identity_source,encoder_stage_3,1x128x48x48x48,0.012627429328858852,,False,0.0,True,0.0,565.8989868164062
HEP_PA28.nii.gz,0,context,gamma,correct_action_wp,encoder_stage_3,1x128x48x48x48,0.012518550269305706,0.10932085663080215,True,0.1670139729976654,True,94.5130386352539,565.8989868164062
HEP_PA28.nii.gz,0,context,gamma,wrong_action_wp,encoder_stage_3,1x128x48x48x48,0.03244863077998161,-0.05929097905755043,True,1.1949855089187622,True,676.2410888671875,565.8989868164062
HEP_PA28.nii.gz,0,context,gamma,real_action_oracle,encoder_stage_3,1x128x48x48x48,0.0,0.9999998211860657,True,1.0,True,565.8989868164062,565.8989868164062
HEP_PA28.nii.gz,0,context,gamma,identity_source,encoder_stage_4,1x256x24x24x24,0.014213684014976025,,False,0.0,True,0.0,378.4259033203125
HEP_PA28.nii.gz,0,context,gamma,correct_action_wp,encoder_stage_4,1x256x24x24x24,0.014349273405969143,0.00796052161604166,True,0.105954110622406,True,40.09577941894531,378.4259033203125
HEP_PA28.nii.gz,0,context,gamma,wrong_action_wp,encoder_stage_4,1x256x24x24x24,0.020356470718979836,-0.04948056489229202,True,0.6097784638404846,True,230.75596618652344,378.4259033203125
HEP_PA28.nii.gz,0,context,gamma,real_action_oracle,encoder_stage_4,1x256x24x24x24,0.0,1.0,True,1.0,True,378.4259033203125,378.4259033203125
HEP_PA28.nii.gz,0,context,gamma,identity_source,encoder_stage_5,1x320x12x12x12,0.013614855706691742,,False,0.0,True,0.0,233.4895477294922
HEP_PA28.nii.gz,0,context,gamma,correct_action_wp,encoder_stage_5,1x320x12x12x12,0.013690649531781673,-0.01901174709200859,True,0.05798502638936043,True,13.538897514343262,233.4895477294922
HEP_PA28.nii.gz,0,context,gamma,wrong_action_wp,encoder_stage_5,1x320x12x12x12,0.019305136054754257,-0.0019867587834596634,True,0.6445040702819824,True,150.48497009277344,233.4895477294922
HEP_PA28.nii.gz,0,context,gamma,real_action_oracle,encoder_stage_5,1x320x12x12x12,0.0,1.0,True,1.0,True,233.4895477294922,233.4895477294922
HEP_PA28.nii.gz,0,context,gamma,identity_source,encoder_bottleneck_deepest,1x320x6x6x6,0.010531250387430191,,False,0.0,True,0.0,86.98851013183594
HEP_PA28.nii.gz,0,context,gamma,correct_action_wp,encoder_bottleneck_deepest,1x320x6x6x6,0.010820714756846428,-0.03985384479165077,True,0.13065865635871887,True,11.365801811218262,86.98851013183594
HEP_PA28.nii.gz,0,context,gamma,wrong_action_wp,encoder_bottleneck_deepest,1x320x6x6x6,0.010820714756846428,-0.03985384479165077,True,0.13065865635871887,True,11.365801811218262,86.98851013183594
HEP_PA28.nii.gz,0,context,gamma,real_action_oracle,encoder_bottleneck_deepest,1x320x6x6x6,0.0,1.0000001192092896,True,1.0,True,86.98851013183594,86.98851013183594
HEP_PA28.nii.gz,0,context,blur,identity_source,encoder_stage_2,1x64x96x96x96,0.1706841140985489,,False,0.0,True,0.0,3262.833984375
HEP_PA28.nii.gz,0,context,blur,correct_action_wp,encoder_stage_2,1x64x96x96x96,0.12096323817968369,0.5489089488983154,True,0.6488982439041138,True,2117.247314453125,3262.833984375
HEP_PA28.nii.gz,0,context,blur,wrong_action_wp,encoder_stage_2,1x64x96x96x96,0.1743372231721878,-0.047784339636564255,True,0.10611893981695175,True,346.24847412109375,3262.833984375
HEP_PA28.nii.gz,0,context,blur,real_action_oracle,encoder_stage_2,1x64x96x96x96,0.0,1.0,True,1.0,True,3262.833984375,3262.833984375
HEP_PA28.nii.gz,0,context,blur,identity_source,encoder_stage_3,1x128x48x48x48,0.10971179604530334,,False,0.0,True,0.0,1661.147216796875
HEP_PA28.nii.gz,0,context,blur,correct_action_wp,encoder_stage_3,1x128x48x48x48,0.1011471152305603,0.2994277775287628,True,0.407092809677124,True,676.2410888671875,1661.147216796875
HEP_PA28.nii.gz,0,context,blur,wrong_action_wp,encoder_stage_3,1x128x48x48x48,0.11087608337402344,-0.06481151282787323,True,0.05689624324440956,True,94.5130386352539,1661.147216796875
HEP_PA28.nii.gz,0,context,blur,real_action_oracle,encoder_stage_3,1x128x48x48x48,0.0,0.9999998807907104,True,1.0,True,1661.147216796875,1661.147216796875
HEP_PA28.nii.gz,0,context,blur,identity_source,encoder_stage_4,1x256x24x24x24,0.09650982171297073,,False,0.0,True,0.0,1002.4146728515625
HEP_PA28.nii.gz,0,context,blur,correct_action_wp,encoder_stage_4,1x256x24x24x24,0.09471921622753143,0.15539886057376862,True,0.23020011186599731,True,230.75596618652344,1002.4146728515625
HEP_PA28.nii.gz,0,context,blur,wrong_action_wp,encoder_stage_4,1x256x24x24x24,0.09673743695020676,-0.009482345543801785,True,0.03999919444322586,True,40.09577941894531,1002.4146728515625
HEP_PA28.nii.gz,0,context,blur,real_action_oracle,encoder_stage_4,1x256x24x24x24,0.0,1.0,True,1.0,True,1002.4146728515625,1002.4146728515625
HEP_PA28.nii.gz,0,context,blur,identity_source,encoder_stage_5,1x320x12x12x12,0.1183289885520935,,False,0.0,True,0.0,684.2298583984375
HEP_PA28.nii.gz,0,context,blur,correct_action_wp,encoder_stage_5,1x320x12x12x12,0.11927644163370132,0.09176360815763474,True,0.21993336081504822,True,150.48497009277344,684.2298583984375
HEP_PA28.nii.gz,0,context,blur,wrong_action_wp,encoder_stage_5,1x320x12x12x12,0.11830458045005798,0.015105823054909706,True,0.019787060096859932,True,13.538897514343262,684.2298583984375
HEP_PA28.nii.gz,0,context,blur,real_action_oracle,encoder_stage_5,1x320x12x12x12,0.0,0.9999999403953552,True,1.0,True,684.2298583984375,684.2298583984375
HEP_PA28.nii.gz,0,context,blur,identity_source,encoder_bottleneck_deepest,1x320x6x6x6,0.09750068932771683,,False,0.0,True,0.0,263.9884948730469
HEP_PA28.nii.gz,0,context,blur,correct_action_wp,encoder_bottleneck_deepest,1x320x6x6x6,0.09738043695688248,0.03585265204310417,True,0.04305415600538254,True,11.365801811218262,263.9884948730469
HEP_PA28.nii.gz,0,context,blur,wrong_action_wp,encoder_bottleneck_deepest,1x320x6x6x6,0.09738043695688248,0.03585265204310417,True,0.04305415600538254,True,11.365801811218262,263.9884948730469
HEP_PA28.nii.gz,0,context,blur,real_action_oracle,encoder_bottleneck_deepest,1x320x6x6x6,0.0,1.0,True,1.0,True,263.9884948730469,263.9884948730469
HEP_PA28.nii.gz,1,context,gamma,identity_source,encoder_stage_2,1x64x96x96x96,0.033033959567546844,,False,0.0,True,0.0,1554.2318115234375
HEP_PA28.nii.gz,1,context,gamma,correct_action_wp,encoder_stage_2,1x64x96x96x96,0.0319223627448082,0.18957304954528809,True,0.23740312457084656,True,368.9794921875,1554.2318115234375
HEP_PA28.nii.gz,1,context,gamma,wrong_action_wp,encoder_stage_2,1x64x96x96x96,0.11329306662082672,0.0019691335037350655,True,1.5606857538223267,True,2425.66748046875,1554.2318115234375
HEP_PA28.nii.gz,1,context,gamma,real_action_oracle,encoder_stage_2,1x64x96x96x96,0.0,0.9999987483024597,True,1.0,True,1554.2318115234375,1554.2318115234375
HEP_PA28.nii.gz,1,context,gamma,identity_source,encoder_stage_3,1x128x48x48x48,0.027461661025881767,,False,0.0,True,0.0,840.2456665039062
HEP_PA28.nii.gz,1,context,gamma,correct_action_wp,encoder_stage_3,1x128x48x48x48,0.02727554738521576,0.08451715111732483,True,0.10364457964897156,True,87.08690643310547,840.2456665039062
HEP_PA28.nii.gz,1,context,gamma,wrong_action_wp,encoder_stage_3,1x128x48x48x48,0.04647105559706688,-0.008209948427975178,True,0.8238256573677063,True,692.2159423828125,840.2456665039062
HEP_PA28.nii.gz,1,context,gamma,real_action_oracle,encoder_stage_3,1x128x48x48x48,0.0,0.9999998211860657,True,1.0,True,840.2456665039062,840.2456665039062
HEP_PA28.nii.gz,1,context,gamma,identity_source,encoder_stage_4,1x256x24x24x24,0.029455002397298813,,False,0.0,True,0.0,548.05126953125
HEP_PA28.nii.gz,1,context,gamma,correct_action_wp,encoder_stage_4,1x256x24x24x24,0.02944784425199032,0.03827828913927078,True,0.07323772460222244,True,40.13802719116211,548.05126953125
HEP_PA28.nii.gz,1,context,gamma,wrong_action_wp,encoder_stage_4,1x256x24x24x24,0.03648141026496887,-0.02984992228448391,True,0.45947420597076416,True,251.8154296875,548.05126953125
HEP_PA28.nii.gz,1,context,gamma,real_action_oracle,encoder_stage_4,1x256x24x24x24,0.0,0.9999998807907104,True,1.0,True,548.05126953125,548.05126953125
HEP_PA28.nii.gz,1,context,gamma,identity_source,encoder_stage_5,1x320x12x12x12,0.02551671862602234,,False,0.0,True,0.0,319.0896301269531
HEP_PA28.nii.gz,1,context,gamma,correct_action_wp,encoder_stage_5,1x320x12x12x12,0.02554187923669815,0.009595238603651524,True,0.042429763823747635,True,13.538897514343262,319.0896301269531
HEP_PA28.nii.gz,1,context,gamma,wrong_action_wp,encoder_stage_5,1x320x12x12x12,0.03193461522459984,-0.013984525576233864,True,0.48772546648979187,True,155.62814331054688,319.0896301269531
HEP_PA28.nii.gz,1,context,gamma,real_action_oracle,encoder_stage_5,1x320x12x12x12,0.0,0.9999999403953552,True,1.0,True,319.0896301269531,319.0896301269531
HEP_PA28.nii.gz,1,context,gamma,identity_source,encoder_bottleneck_deepest,1x320x6x6x6,0.02037222497165203,,False,0.0,True,0.0,120.19364929199219
HEP_PA28.nii.gz,1,context,gamma,correct_action_wp,encoder_bottleneck_deepest,1x320x6x6x6,0.02047993242740631,0.019326459616422653,True,0.09456241875886917,True,11.365801811218262,120.19364929199219
HEP_PA28.nii.gz,1,context,gamma,wrong_action_wp,encoder_bottleneck_deepest,1x320x6x6x6,0.02047993242740631,0.019326459616422653,True,0.09456241875886917,True,11.365801811218262,120.19364929199219
HEP_PA28.nii.gz,1,context,gamma,real_action_oracle,encoder_bottleneck_deepest,1x320x6x6x6,0.0,0.9999999403953552,True,1.0,True,120.19364929199219,120.19364929199219
HEP_PA28.nii.gz,1,context,blur,identity_source,encoder_stage_2,1x64x96x96x96,0.2177518755197525,,False,0.0,True,0.0,3901.13134765625
HEP_PA28.nii.gz,1,context,blur,correct_action_wp,encoder_stage_2,1x64x96x96x96,0.15650348365306854,0.5370768308639526,True,0.6217856407165527,True,2425.66748046875,3901.13134765625
HEP_PA28.nii.gz,1,context,blur,wrong_action_wp,encoder_stage_2,1x64x96x96x96,0.22082242369651794,-0.027251970022916794,True,0.0945826917886734,True,368.9794921875,3901.13134765625
HEP_PA28.nii.gz,1,context,blur,real_action_oracle,encoder_stage_2,1x64x96x96x96,0.0,1.0000001192092896,True,1.0,True,3901.13134765625,3901.13134765625
HEP_PA28.nii.gz,1,context,blur,identity_source,encoder_stage_3,1x128x48x48x48,0.14751677215099335,,False,0.0,True,0.0,1925.28271484375
HEP_PA28.nii.gz,1,context,blur,correct_action_wp,encoder_stage_3,1x128x48x48x48,0.13509273529052734,0.2968933880329132,True,0.3595398962497711,True,692.2159423828125,1925.28271484375
HEP_PA28.nii.gz,1,context,blur,wrong_action_wp,encoder_stage_3,1x128x48x48x48,0.14846545457839966,-0.04847168177366257,True,0.045233309268951416,True,87.08690643310547,1925.28271484375
HEP_PA28.nii.gz,1,context,blur,real_action_oracle,encoder_stage_3,1x128x48x48x48,0.0,0.9999999403953552,True,1.0,True,1925.28271484375,1925.28271484375
HEP_PA28.nii.gz,1,context,blur,identity_source,encoder_stage_4,1x256x24x24x24,0.12912583351135254,,False,0.0,True,0.0,1159.121826171875
HEP_PA28.nii.gz,1,context,blur,correct_action_wp,encoder_stage_4,1x256x24x24x24,0.12656188011169434,0.15432313084602356,True,0.21724672615528107,True,251.8154296875,1159.121826171875
HEP_PA28.nii.gz,1,context,blur,wrong_action_wp,encoder_stage_4,1x256x24x24x24,0.12934540212154388,-0.007237178273499012,True,0.03462796285748482,True,40.13802719116211,1159.121826171875
HEP_PA28.nii.gz,1,context,blur,real_action_oracle,encoder_stage_4,1x256x24x24x24,0.0,1.0000001192092896,True,1.0,True,1159.121826171875,1159.121826171875
HEP_PA28.nii.gz,1,context,blur,identity_source,encoder_stage_5,1x320x12x12x12,0.14574958384037018,,False,0.0,True,0.0,752.3971557617188
HEP_PA28.nii.gz,1,context,blur,correct_action_wp,encoder_stage_5,1x320x12x12x12,0.13854163885116577,0.2229669988155365,True,0.2068430781364441,True,155.62814331054688,752.3971557617188
HEP_PA28.nii.gz,1,context,blur,wrong_action_wp,encoder_stage_5,1x320x12x12x12,0.14570172131061554,0.01812601462006569,True,0.017994349822402,True,13.538897514343262,752.3971557617188
HEP_PA28.nii.gz,1,context,blur,real_action_oracle,encoder_stage_5,1x320x12x12x12,0.0,0.9999998807907104,True,1.0,True,752.3971557617188,752.3971557617188
HEP_PA28.nii.gz,1,context,blur,identity_source,encoder_bottleneck_deepest,1x320x6x6x6,0.11772315204143524,,False,0.0,True,0.0,286.92974853515625
HEP_PA28.nii.gz,1,context,blur,correct_action_wp,encoder_bottleneck_deepest,1x320x6x6x6,0.11713875830173492,0.08246656507253647,True,0.03961179405450821,True,11.365801811218262,286.92974853515625
HEP_PA28.nii.gz,1,context,blur,wrong_action_wp,encoder_bottleneck_deepest,1x320x6x6x6,0.11713875830173492,0.08246656507253647,True,0.03961179405450821,True,11.365801811218262,286.92974853515625
HEP_PA28.nii.gz,1,context,blur,real_action_oracle,encoder_bottleneck_deepest,1x320x6x6x6,0.0,1.0000001192092896,True,1.0,True,286.92974853515625,286.92974853515625
HEP_PA28.nii.gz,2,foreground,gamma,identity_source,encoder_stage_2,1x64x96x96x96,0.024145659059286118,,False,0.0,True,0.0,1310.7696533203125
HEP_PA28.nii.gz,2,foreground,gamma,correct_action_wp,encoder_stage_2,1x64x96x96x96,0.023473195731639862,0.18898528814315796,True,0.27767086029052734,True,363.9625244140625,1310.7696533203125
HEP_PA28.nii.gz,2,foreground,gamma,wrong_action_wp,encoder_stage_2,1x64x96x96x96,0.1071324422955513,-0.010610946454107761,True,1.8433136940002441,True,2416.15966796875,1310.7696533203125
HEP_PA28.nii.gz,2,foreground,gamma,real_action_oracle,encoder_stage_2,1x64x96x96x96,0.0,0.9999986290931702,True,1.0,True,1310.7696533203125,1310.7696533203125
HEP_PA28.nii.gz,2,foreground,gamma,identity_source,encoder_stage_3,1x128x48x48x48,0.019127365201711655,,False,0.0,True,0.0,703.5633544921875
HEP_PA28.nii.gz,2,foreground,gamma,correct_action_wp,encoder_stage_3,1x128x48x48x48,0.018952198326587677,0.10184027254581451,True,0.13667362928390503,True,96.15855407714844,703.5633544921875
HEP_PA28.nii.gz,2,foreground,gamma,wrong_action_wp,encoder_stage_3,1x128x48x48x48,0.03913082554936409,-0.050437603145837784,True,0.9734506607055664,True,684.8842163085938,703.5633544921875
HEP_PA28.nii.gz,2,foreground,gamma,real_action_oracle,encoder_stage_3,1x128x48x48x48,0.0,0.9999997615814209,True,1.0,True,703.5633544921875,703.5633544921875
HEP_PA28.nii.gz,2,foreground,gamma,identity_source,encoder_stage_4,1x256x24x24x24,0.021693022921681404,,False,0.0,True,0.0,482.2023010253906
HEP_PA28.nii.gz,2,foreground,gamma,correct_action_wp,encoder_stage_4,1x256x24x24x24,0.021619746461510658,0.061959024518728256,True,0.08343089371919632,True,40.230567932128906,482.2023010253906
HEP_PA28.nii.gz,2,foreground,gamma,wrong_action_wp,encoder_stage_4,1x256x24x24x24,0.03119741939008236,-0.0723840519785881,True,0.593477189540863,True,286.1760559082031,482.2023010253906
HEP_PA28.nii.gz,2,foreground,gamma,real_action_oracle,encoder_stage_4,1x256x24x24x24,0.0,1.0,True,1.0,True,482.2023010253906,482.2023010253906
HEP_PA28.nii.gz,2,foreground,gamma,identity_source,encoder_stage_5,1x320x12x12x12,0.028994133695960045,,False,0.0,True,0.0,338.4880676269531
HEP_PA28.nii.gz,2,foreground,gamma,correct_action_wp,encoder_stage_5,1x320x12x12x12,0.02897321805357933,0.02901718020439148,True,0.03999815136194229,True,13.538897514343262,338.4880676269531
HEP_PA28.nii.gz,2,foreground,gamma,wrong_action_wp,encoder_stage_5,1x320x12x12x12,0.03420599177479744,0.030857743695378304,True,0.4559553265571594,True,154.33543395996094,338.4880676269531
HEP_PA28.nii.gz,2,foreground,gamma,real_action_oracle,encoder_stage_5,1x320x12x12x12,0.0,1.0000001192092896,True,1.0,True,338.4880676269531,338.4880676269531
HEP_PA28.nii.gz,2,foreground,gamma,identity_source,encoder_bottleneck_deepest,1x320x6x6x6,0.024030260741710663,,False,0.0,True,0.0,131.03834533691406
HEP_PA28.nii.gz,2,foreground,gamma,correct_action_wp,encoder_bottleneck_deepest,1x320x6x6x6,0.02409767173230648,0.027197379618883133,True,0.08673645555973053,True,11.365801811218262,131.03834533691406
HEP_PA28.nii.gz,2,foreground,gamma,wrong_action_wp,encoder_bottleneck_deepest,1x320x6x6x6,0.02409767173230648,0.027197379618883133,True,0.08673645555973053,True,11.365801811218262,131.03834533691406
HEP_PA28.nii.gz,2,foreground,gamma,real_action_oracle,encoder_bottleneck_deepest,1x320x6x6x6,0.0,0.9999998807907104,True,1.0,True,131.03834533691406,131.03834533691406
HEP_PA28.nii.gz,2,foreground,blur,identity_source,encoder_stage_2,1x64x96x96x96,0.23213210701942444,,False,0.0,True,0.0,3993.86279296875
HEP_PA28.nii.gz,2,foreground,blur,correct_action_wp,encoder_stage_2,1x64x96x96x96,0.16486485302448273,0.5419843792915344,True,0.6049681305885315,True,2416.15966796875,3993.86279296875
HEP_PA28.nii.gz,2,foreground,blur,wrong_action_wp,encoder_stage_2,1x64x96x96x96,0.2353629469871521,-0.030798526480793953,True,0.09113045036792755,True,363.9625244140625,3993.86279296875
HEP_PA28.nii.gz,2,foreground,blur,real_action_oracle,encoder_stage_2,1x64x96x96x96,0.0,1.000000238418579,True,1.0,True,3993.86279296875,3993.86279296875
HEP_PA28.nii.gz,2,foreground,blur,identity_source,encoder_stage_3,1x128x48x48x48,0.1706809252500534,,False,0.0,True,0.0,2077.770751953125
HEP_PA28.nii.gz,2,foreground,blur,correct_action_wp,encoder_stage_3,1x128x48x48x48,0.15492476522922516,0.30484065413475037,True,0.3296245336532593,True,684.8842163085938,2077.770751953125
HEP_PA28.nii.gz,2,foreground,blur,wrong_action_wp,encoder_stage_3,1x128x48x48x48,0.17211467027664185,-0.06761334836483002,True,0.046279676258563995,True,96.15855407714844,2077.770751953125
HEP_PA28.nii.gz,2,foreground,blur,real_action_oracle,encoder_stage_3,1x128x48x48x48,0.0,0.9999998807907104,True,1.0,True,2077.770751953125,2077.770751953125
HEP_PA28.nii.gz,2,foreground,blur,identity_source,encoder_stage_4,1x256x24x24x24,0.1418212652206421,,False,0.0,True,0.0,1246.5198974609375
HEP_PA28.nii.gz,2,foreground,blur,correct_action_wp,encoder_stage_4,1x256x24x24x24,0.13675734400749207,0.19255448877811432,True,0.22958001494407654,True,286.1760559082031,1246.5198974609375
HEP_PA28.nii.gz,2,foreground,blur,wrong_action_wp,encoder_stage_4,1x256x24x24x24,0.14220435917377472,-0.02571042627096176,True,0.032274309545755386,True,40.230567932128906,1246.5198974609375
HEP_PA28.nii.gz,2,foreground,blur,real_action_oracle,encoder_stage_4,1x256x24x24x24,0.0,1.0000001192092896,True,1.0,True,1246.5198974609375,1246.5198974609375
HEP_PA28.nii.gz,2,foreground,blur,identity_source,encoder_stage_5,1x320x12x12x12,0.1785484105348587,,False,0.0,True,0.0,832.150146484375
HEP_PA28.nii.gz,2,foreground,blur,correct_action_wp,encoder_stage_5,1x320x12x12x12,0.1755715012550354,0.13768143951892853,True,0.18546584248542786,True,154.33543395996094,832.150146484375
HEP_PA28.nii.gz,2,foreground,blur,wrong_action_wp,encoder_stage_5,1x320x12x12x12,0.17848752439022064,0.018612943589687347,True,0.016269776970148087,True,13.538897514343262,832.150146484375
HEP_PA28.nii.gz,2,foreground,blur,real_action_oracle,encoder_stage_5,1x320x12x12x12,0.0,1.0,True,1.0,True,832.150146484375,832.150146484375
HEP_PA28.nii.gz,2,foreground,blur,identity_source,encoder_bottleneck_deepest,1x320x6x6x6,0.13960547745227814,,False,0.0,True,0.0,314.3222351074219
HEP_PA28.nii.gz,2,foreground,blur,correct_action_wp,encoder_bottleneck_deepest,1x320x6x6x6,0.13916870951652527,0.06134016066789627,True,0.036159712821245193,True,11.365801811218262,314.3222351074219
HEP_PA28.nii.gz,2,foreground,blur,wrong_action_wp,encoder_bottleneck_deepest,1x320x6x6x6,0.13916870951652527,0.06134016066789627,True,0.036159712821245193,True,11.365801811218262,314.3222351074219
HEP_PA28.nii.gz,2,foreground,blur,real_action_oracle,encoder_bottleneck_deepest,1x320x6x6x6,0.0,1.0000001192092896,True,1.0,True,314.3222351074219,314.3222351074219
HEP_PA28.nii.gz,3,foreground,gamma,identity_source,encoder_stage_2,1x64x96x96x96,0.01601647399365902,,False,0.0,True,0.0,1048.3167724609375
HEP_PA28.nii.gz,3,foreground,gamma,correct_action_wp,encoder_stage_2,1x64x96x96x96,0.01547739002853632,0.22094358503818512,True,0.34406161308288574,True,360.685546875,1048.3167724609375
HEP_PA28.nii.gz,3,foreground,gamma,wrong_action_wp,encoder_stage_2,1x64x96x96x96,0.09272009879350662,-0.039446257054805756,True,2.1492981910705566,True,2253.145263671875,1048.3167724609375
HEP_PA28.nii.gz,3,foreground,gamma,real_action_oracle,encoder_stage_2,1x64x96x96x96,0.0,0.9999986290931702,True,1.0,True,1048.3167724609375,1048.3167724609375
HEP_PA28.nii.gz,3,foreground,gamma,identity_source,encoder_stage_3,1x128x48x48x48,0.013246769085526466,,False,0.0,True,0.0,582.5316772460938
HEP_PA28.nii.gz,3,foreground,gamma,correct_action_wp,encoder_stage_3,1x128x48x48x48,0.013060279190540314,0.12488655745983124,True,0.16385385394096375,True,95.45005798339844,582.5316772460938
HEP_PA28.nii.gz,3,foreground,gamma,wrong_action_wp,encoder_stage_3,1x128x48x48x48,0.03217347711324692,-0.043689459562301636,True,1.1524242162704468,True,671.3236083984375,582.5316772460938
HEP_PA28.nii.gz,3,foreground,gamma,real_action_oracle,encoder_stage_3,1x128x48x48x48,0.0,0.9999997019767761,True,1.0,True,582.5316772460938,582.5316772460938
HEP_PA28.nii.gz,3,foreground,gamma,identity_source,encoder_stage_4,1x256x24x24x24,0.015494258143007755,,False,0.0,True,0.0,403.9620056152344
HEP_PA28.nii.gz,3,foreground,gamma,correct_action_wp,encoder_stage_4,1x256x24x24x24,0.015604025684297085,0.01401552278548479,True,0.09934316575527191,True,40.130863189697266,403.9620056152344
HEP_PA28.nii.gz,3,foreground,gamma,wrong_action_wp,encoder_stage_4,1x256x24x24x24,0.022436879575252533,-0.06015515699982643,True,0.6119279861450195,True,247.19566345214844,403.9620056152344
HEP_PA28.nii.gz,3,foreground,gamma,real_action_oracle,encoder_stage_4,1x256x24x24x24,0.0,1.0000001192092896,True,1.0,True,403.9620056152344,403.9620056152344
HEP_PA28.nii.gz,3,foreground,gamma,identity_source,encoder_stage_5,1x320x12x12x12,0.019496504217386246,,False,0.0,True,0.0,280.1628112792969
HEP_PA28.nii.gz,3,foreground,gamma,correct_action_wp,encoder_stage_5,1x320x12x12x12,0.019542666152119637,-0.00033514515962451696,True,0.048325106501579285,True,13.538897514343262,280.1628112792969
HEP_PA28.nii.gz,3,foreground,gamma,wrong_action_wp,encoder_stage_5,1x320x12x12x12,0.02411355823278427,0.07052024453878403,True,0.5622392296791077,True,157.51852416992188,280.1628112792969
HEP_PA28.nii.gz,3,foreground,gamma,real_action_oracle,encoder_stage_5,1x320x12x12x12,0.0,1.0,True,1.0,True,280.1628112792969,280.1628112792969
HEP_PA28.nii.gz,3,foreground,gamma,identity_source,encoder_bottleneck_deepest,1x320x6x6x6,0.016110993921756744,,False,0.0,True,0.0,107.39618682861328
HEP_PA28.nii.gz,3,foreground,gamma,correct_action_wp,encoder_bottleneck_deepest,1x320x6x6x6,0.01640869304537773,-0.034384869039058685,True,0.10583057999610901,True,11.365800857543945,107.39618682861328
HEP_PA28.nii.gz,3,foreground,gamma,wrong_action_wp,encoder_bottleneck_deepest,1x320x6x6x6,0.01640869304537773,-0.034384869039058685,True,0.10583057999610901,True,11.365800857543945,107.39618682861328
HEP_PA28.nii.gz,3,foreground,gamma,real_action_oracle,encoder_bottleneck_deepest,1x320x6x6x6,0.0,1.0,True,1.0,True,107.39618682861328,107.39618682861328
HEP_PA28.nii.gz,3,foreground,blur,identity_source,encoder_stage_2,1x64x96x96x96,0.18410181999206543,,False,0.0,True,0.0,3466.379638671875
HEP_PA28.nii.gz,3,foreground,blur,correct_action_wp,encoder_stage_2,1x64x96x96x96,0.12611964344978333,0.5672664642333984,True,0.6499995589256287,True,2253.145263671875,3466.379638671875
HEP_PA28.nii.gz,3,foreground,blur,wrong_action_wp,encoder_stage_2,1x64x96x96x96,0.18813443183898926,-0.05322926118969917,True,0.10405252128839493,True,360.685546875,3466.379638671875
HEP_PA28.nii.gz,3,foreground,blur,real_action_oracle,encoder_stage_2,1x64x96x96x96,0.0,0.9999993443489075,True,1.0,True,3466.379638671875,3466.379638671875
HEP_PA28.nii.gz,3,foreground,blur,identity_source,encoder_stage_3,1x128x48x48x48,0.1291082352399826,,False,0.0,True,0.0,1804.93603515625
HEP_PA28.nii.gz,3,foreground,blur,correct_action_wp,encoder_stage_3,1x128x48x48x48,0.11482755094766617,0.33466336131095886,True,0.3719376027584076,True,671.3236083984375,1804.93603515625
HEP_PA28.nii.gz,3,foreground,blur,wrong_action_wp,encoder_stage_3,1x128x48x48x48,0.13042056560516357,-0.06966401636600494,True,0.05288279429078102,True,95.45005798339844,1804.93603515625
HEP_PA28.nii.gz,3,foreground,blur,real_action_oracle,encoder_stage_3,1x128x48x48x48,0.0,0.9999999403953552,True,1.0,True,1804.93603515625,1804.93603515625
HEP_PA28.nii.gz,3,foreground,blur,identity_source,encoder_stage_4,1x256x24x24x24,0.11469927430152893,,False,0.0,True,0.0,1113.100830078125
HEP_PA28.nii.gz,3,foreground,blur,correct_action_wp,encoder_stage_4,1x256x24x24x24,0.11122874915599823,0.17916300892829895,True,0.22207841277122498,True,247.19566345214844,1113.100830078125
HEP_PA28.nii.gz,3,foreground,blur,wrong_action_wp,encoder_stage_4,1x256x24x24x24,0.11500297486782074,-0.01869424432516098,True,0.036053214222192764,True,40.130863189697266,1113.100830078125
HEP_PA28.nii.gz,3,foreground,blur,real_action_oracle,encoder_stage_4,1x256x24x24x24,0.0,0.9999998807907104,True,1.0,True,1113.100830078125,1113.100830078125
HEP_PA28.nii.gz,3,foreground,blur,identity_source,encoder_stage_5,1x320x12x12x12,0.11889934539794922,,False,0.0,True,0.0,687.2304077148438
HEP_PA28.nii.gz,3,foreground,blur,correct_action_wp,encoder_stage_5,1x320x12x12x12,0.1171359270811081,0.1469569206237793,True,0.22920773923397064,True,157.51852416992188,687.2304077148438
HEP_PA28.nii.gz,3,foreground,blur,wrong_action_wp,encoder_stage_5,1x320x12x12x12,0.11886792629957199,0.016555441543459892,True,0.0197006668895483,True,13.538897514343262,687.2304077148438
HEP_PA28.nii.gz,3,foreground,blur,real_action_oracle,encoder_stage_5,1x320x12x12x12,0.0,0.9999999403953552,True,1.0,True,687.2304077148438,687.2304077148438
HEP_PA28.nii.gz,3,foreground,blur,identity_source,encoder_bottleneck_deepest,1x320x6x6x6,0.09276656806468964,,False,0.0,True,0.0,256.1045227050781
HEP_PA28.nii.gz,3,foreground,blur,correct_action_wp,encoder_bottleneck_deepest,1x320x6x6x6,0.0927765741944313,0.02097380720078945,True,0.04437953978776932,True,11.365800857543945,256.1045227050781
HEP_PA28.nii.gz,3,foreground,blur,wrong_action_wp,encoder_bottleneck_deepest,1x320x6x6x6,0.0927765741944313,0.02097380720078945,True,0.04437953978776932,True,11.365800857543945,256.1045227050781
HEP_PA28.nii.gz,3,foreground,blur,real_action_oracle,encoder_bottleneck_deepest,1x320x6x6x6,0.0,1.0000001192092896,True,1.0,True,256.1045227050781,256.1045227050781
HEM_PA107.nii.gz,0,context,gamma,identity_source,encoder_stage_2,1x64x96x96x96,0.02156882919371128,,False,0.0,True,0.0,1135.631591796875
HEM_PA107.nii.gz,0,context,gamma,correct_action_wp,encoder_stage_2,1x64x96x96x96,0.022923042997717857,0.0830921158194542,True,0.347080796957016,True,394.1559143066406,1135.631591796875
HEM_PA107.nii.gz,0,context,gamma,wrong_action_wp,encoder_stage_2,1x64x96x96x96,0.09231771528720856,0.00043754998478107154,True,1.8115547895431519,True,2057.2587890625,1135.631591796875
HEM_PA107.nii.gz,0,context,gamma,real_action_oracle,encoder_stage_2,1x64x96x96x96,0.0,0.9999985694885254,True,1.0,True,1135.631591796875,1135.631591796875
HEM_PA107.nii.gz,0,context,gamma,identity_source,encoder_stage_3,1x128x48x48x48,0.0222221240401268,,False,0.0,True,0.0,759.1768798828125
HEM_PA107.nii.gz,0,context,gamma,correct_action_wp,encoder_stage_3,1x128x48x48x48,0.022631388157606125,0.016447652131319046,True,0.15314947068691254,True,116.26753234863281,759.1768798828125
HEM_PA107.nii.gz,0,context,gamma,wrong_action_wp,encoder_stage_3,1x128x48x48x48,0.03764055296778679,0.002404541475698352,True,0.8353738784790039,True,634.196533203125,759.1768798828125
HEM_PA107.nii.gz,0,context,gamma,real_action_oracle,encoder_stage_3,1x128x48x48x48,0.0,0.9999997615814209,True,1.0,True,759.1768798828125,759.1768798828125
HEM_PA107.nii.gz,0,context,gamma,identity_source,encoder_stage_4,1x256x24x24x24,0.028800934553146362,,False,0.0,True,0.0,562.8301391601562
HEM_PA107.nii.gz,0,context,gamma,correct_action_wp,encoder_stage_4,1x256x24x24x24,0.02893170341849327,0.004919708240777254,True,0.07248193025588989,True,40.795013427734375,562.8301391601562
HEM_PA107.nii.gz,0,context,gamma,wrong_action_wp,encoder_stage_4,1x256x24x24x24,0.03380073234438896,0.009094366803765297,True,0.42584526538848877,True,239.6785430908203,562.8301391601562
HEM_PA107.nii.gz,0,context,gamma,real_action_oracle,encoder_stage_4,1x256x24x24x24,0.0,1.0000001192092896,True,1.0,True,562.8301391601562,562.8301391601562
HEM_PA107.nii.gz,0,context,gamma,identity_source,encoder_stage_5,1x320x12x12x12,0.03328443318605423,,False,0.0,True,0.0,350.32952880859375
HEM_PA107.nii.gz,0,context,gamma,correct_action_wp,encoder_stage_5,1x320x12x12x12,0.03331775963306427,0.0063688182272017,True,0.03864617645740509,True,13.538896560668945,350.32952880859375
HEM_PA107.nii.gz,0,context,gamma,wrong_action_wp,encoder_stage_5,1x320x12x12x12,0.03761114925146103,0.03435656800866127,True,0.39653390645980835,True,138.91754150390625,350.32952880859375
HEM_PA107.nii.gz,0,context,gamma,real_action_oracle,encoder_stage_5,1x320x12x12x12,0.0,1.0,True,1.0,True,350.32952880859375,350.32952880859375
HEM_PA107.nii.gz,0,context,gamma,identity_source,encoder_bottleneck_deepest,1x320x6x6x6,0.027766672894358635,,False,0.0,True,0.0,138.81329345703125
HEM_PA107.nii.gz,0,context,gamma,correct_action_wp,encoder_bottleneck_deepest,1x320x6x6x6,0.027992580085992813,-0.00874364748597145,True,0.08187834173440933,True,11.365801811218262,138.81329345703125
HEM_PA107.nii.gz,0,context,gamma,wrong_action_wp,encoder_bottleneck_deepest,1x320x6x6x6,0.027992580085992813,-0.00874364748597145,True,0.08187834173440933,True,11.365801811218262,138.81329345703125
HEM_PA107.nii.gz,0,context,gamma,real_action_oracle,encoder_bottleneck_deepest,1x320x6x6x6,0.0,1.0,True,1.0,True,138.81329345703125,138.81329345703125
HEM_PA107.nii.gz,0,context,blur,identity_source,encoder_stage_2,1x64x96x96x96,0.1623721867799759,,False,0.0,True,0.0,3137.560302734375
HEM_PA107.nii.gz,0,context,blur,correct_action_wp,encoder_stage_2,1x64x96x96x96,0.14130899310112,0.4267641305923462,True,0.6556873917579651,True,2057.2587890625,3137.560302734375
HEM_PA107.nii.gz,0,context,blur,wrong_action_wp,encoder_stage_2,1x64x96x96x96,0.16630010306835175,-0.03346934914588928,True,0.12562496960163116,True,394.1559143066406,3137.560302734375
HEM_PA107.nii.gz,0,context,blur,real_action_oracle,encoder_stage_2,1x64x96x96x96,0.0,0.9999998211860657,True,1.0,True,3137.560302734375,3137.560302734375
HEM_PA107.nii.gz,0,context,blur,identity_source,encoder_stage_3,1x128x48x48x48,0.12389334291219711,,False,0.0,True,0.0,1766.0010986328125
HEM_PA107.nii.gz,0,context,blur,correct_action_wp,encoder_stage_3,1x128x48x48x48,0.12159303575754166,0.20540820062160492,True,0.35911446809768677,True,634.196533203125,1766.0010986328125
HEM_PA107.nii.gz,0,context,blur,wrong_action_wp,encoder_stage_3,1x128x48x48x48,0.1241302415728569,0.01839713379740715,True,0.06583661586046219,True,116.26753234863281,1766.0010986328125
HEM_PA107.nii.gz,0,context,blur,real_action_oracle,encoder_stage_3,1x128x48x48x48,0.0,0.9999999403953552,True,1.0,True,1766.0010986328125,1766.0010986328125
HEM_PA107.nii.gz,0,context,blur,identity_source,encoder_stage_4,1x256x24x24x24,0.13778133690357208,,False,0.0,True,0.0,1232.0867919921875
HEM_PA107.nii.gz,0,context,blur,correct_action_wp,encoder_stage_4,1x256x24x24x24,0.1393456757068634,0.06808283925056458,True,0.19453056156635284,True,239.6785430908203,1232.0867919921875
HEM_PA107.nii.gz,0,context,blur,wrong_action_wp,encoder_stage_4,1x256x24x24x24,0.13802243769168854,-0.009868589229881763,True,0.03311050310730934,True,40.795013427734375,1232.0867919921875
HEM_PA107.nii.gz,0,context,blur,real_action_oracle,encoder_stage_4,1x256x24x24x24,0.0,1.0,True,1.0,True,1232.0867919921875,1232.0867919921875
HEM_PA107.nii.gz,0,context,blur,identity_source,encoder_stage_5,1x320x12x12x12,0.14964444935321808,,False,0.0,True,0.0,740.8267211914062
HEM_PA107.nii.gz,0,context,blur,correct_action_wp,encoder_stage_5,1x320x12x12x12,0.15218497812747955,0.04849042370915413,True,0.18751691281795502,True,138.91754150390625,740.8267211914062
HEM_PA107.nii.gz,0,context,blur,wrong_action_wp,encoder_stage_5,1x320x12x12x12,0.14971089363098145,-0.003008185187354684,True,0.018275389447808266,True,13.538896560668945,740.8267211914062
HEM_PA107.nii.gz,0,context,blur,real_action_oracle,encoder_stage_5,1x320x12x12x12,0.0,1.0,True,1.0,True,740.8267211914062,740.8267211914062
HEM_PA107.nii.gz,0,context,blur,identity_source,encoder_bottleneck_deepest,1x320x6x6x6,0.11767148971557617,,False,0.0,True,0.0,284.7275695800781
HEM_PA107.nii.gz,0,context,blur,correct_action_wp,encoder_bottleneck_deepest,1x320x6x6x6,0.11764559894800186,0.022715428844094276,True,0.039918165653944016,True,11.365801811218262,284.7275695800781
HEM_PA107.nii.gz,0,context,blur,wrong_action_wp,encoder_bottleneck_deepest,1x320x6x6x6,0.11764559894800186,0.022715428844094276,True,0.039918165653944016,True,11.365801811218262,284.7275695800781
HEM_PA107.nii.gz,0,context,blur,real_action_oracle,encoder_bottleneck_deepest,1x320x6x6x6,0.0,1.0000001192092896,True,1.0,True,284.7275695800781,284.7275695800781
HEM_PA107.nii.gz,1,context,gamma,identity_source,encoder_stage_2,1x64x96x96x96,0.025715621188282967,,False,0.0,True,0.0,1376.6815185546875
HEM_PA107.nii.gz,1,context,gamma,correct_action_wp,encoder_stage_2,1x64x96x96x96,0.024588780477643013,0.2145252376794815,True,0.26144883036613464,True,359.9317626953125,1376.6815185546875
HEM_PA107.nii.gz,1,context,gamma,wrong_action_wp,encoder_stage_2,1x64x96x96x96,0.10711462795734406,-0.01868594065308571,True,1.7605557441711426,True,2423.724609375,1376.6815185546875
HEM_PA107.nii.gz,1,context,gamma,real_action_oracle,encoder_stage_2,1x64x96x96x96,0.0,0.9999986290931702,True,1.0,True,1376.6815185546875,1376.6815185546875
HEM_PA107.nii.gz,1,context,gamma,identity_source,encoder_stage_3,1x128x48x48x48,0.021024122834205627,,False,0.0,True,0.0,737.1873779296875
HEM_PA107.nii.gz,1,context,gamma,correct_action_wp,encoder_stage_3,1x128x48x48x48,0.02082345448434353,0.09989022463560104,True,0.12070638686418533,True,88.98322296142578,737.1873779296875
HEM_PA107.nii.gz,1,context,gamma,wrong_action_wp,encoder_stage_3,1x128x48x48x48,0.041417207568883896,-0.037252459675073624,True,0.9483299255371094,True,699.0968627929688,737.1873779296875
HEM_PA107.nii.gz,1,context,gamma,real_action_oracle,encoder_stage_3,1x128x48x48x48,0.0,0.9999997615814209,True,1.0,True,737.1873779296875,737.1873779296875
HEM_PA107.nii.gz,1,context,gamma,identity_source,encoder_stage_4,1x256x24x24x24,0.02127457782626152,,False,0.0,True,0.0,468.42669677734375
HEM_PA107.nii.gz,1,context,gamma,correct_action_wp,encoder_stage_4,1x256x24x24x24,0.021206164732575417,0.061627041548490524,True,0.08575420081615448,True,40.1695556640625,468.42669677734375
HEM_PA107.nii.gz,1,context,gamma,wrong_action_wp,encoder_stage_4,1x256x24x24x24,0.03015347197651863,-0.06344787776470184,True,0.5856847763061523,True,274.3503723144531,468.42669677734375
HEM_PA107.nii.gz,1,context,gamma,real_action_oracle,encoder_stage_4,1x256x24x24x24,0.0,1.0000001192092896,True,1.0,True,468.42669677734375,468.42669677734375
HEM_PA107.nii.gz,1,context,gamma,identity_source,encoder_stage_5,1x320x12x12x12,0.018554259091615677,,False,0.0,True,0.0,276.2655029296875
HEM_PA107.nii.gz,1,context,gamma,correct_action_wp,encoder_stage_5,1x320x12x12x12,0.018564987927675247,0.01860511302947998,True,0.049006834626197815,True,13.538897514343262,276.2655029296875
HEM_PA107.nii.gz,1,context,gamma,wrong_action_wp,encoder_stage_5,1x320x12x12x12,0.02586941421031952,-0.03301730006933212,True,0.5957494378089905,True,164.58502197265625,276.2655029296875
HEM_PA107.nii.gz,1,context,gamma,real_action_oracle,encoder_stage_5,1x320x12x12x12,0.0,1.0000001192092896,True,1.0,True,276.2655029296875,276.2655029296875
HEM_PA107.nii.gz,1,context,gamma,identity_source,encoder_bottleneck_deepest,1x320x6x6x6,0.01375224906951189,,False,0.0,True,0.0,100.73521423339844
HEM_PA107.nii.gz,1,context,gamma,correct_action_wp,encoder_bottleneck_deepest,1x320x6x6x6,0.013984682969748974,-0.01848495565354824,True,0.11282847821712494,True,11.365800857543945,100.73521423339844
HEM_PA107.nii.gz,1,context,gamma,wrong_action_wp,encoder_bottleneck_deepest,1x320x6x6x6,0.013984682969748974,-0.01848495565354824,True,0.11282847821712494,True,11.365800857543945,100.73521423339844
HEM_PA107.nii.gz,1,context,gamma,real_action_oracle,encoder_bottleneck_deepest,1x320x6x6x6,0.0,1.0000001192092896,True,1.0,True,100.73521423339844,100.73521423339844
HEM_PA107.nii.gz,1,context,blur,identity_source,encoder_stage_2,1x64x96x96x96,0.227173313498497,,False,0.0,True,0.0,4011.051025390625
HEM_PA107.nii.gz,1,context,blur,correct_action_wp,encoder_stage_2,1x64x96x96x96,0.15845619142055511,0.5524261593818665,True,0.6042616963386536,True,2423.724609375,4011.051025390625
HEM_PA107.nii.gz,1,context,blur,wrong_action_wp,encoder_stage_2,1x64x96x96x96,0.2303978055715561,-0.03422033041715622,True,0.08973502367734909,True,359.9317626953125,4011.051025390625
HEM_PA107.nii.gz,1,context,blur,real_action_oracle,encoder_stage_2,1x64x96x96x96,0.0,0.9999998807907104,True,1.0,True,4011.051025390625,4011.051025390625
HEM_PA107.nii.gz,1,context,blur,identity_source,encoder_stage_3,1x128x48x48x48,0.15143580734729767,,False,0.0,True,0.0,1961.695068359375
HEM_PA107.nii.gz,1,context,blur,correct_action_wp,encoder_stage_3,1x128x48x48x48,0.13522714376449585,0.32835689187049866,True,0.3563738763332367,True,699.0968627929688,1961.695068359375
HEM_PA107.nii.gz,1,context,blur,wrong_action_wp,encoder_stage_3,1x128x48x48x48,0.15261130034923553,-0.0628824532032013,True,0.04536037519574165,True,88.98322296142578,1961.695068359375
HEM_PA107.nii.gz,1,context,blur,real_action_oracle,encoder_stage_3,1x128x48x48x48,0.0,0.9999998807907104,True,1.0,True,1961.695068359375,1961.695068359375
HEM_PA107.nii.gz,1,context,blur,identity_source,encoder_stage_4,1x256x24x24x24,0.13517263531684875,,False,0.0,True,0.0,1201.6275634765625
HEM_PA107.nii.gz,1,context,blur,correct_action_wp,encoder_stage_4,1x256x24x24x24,0.130829855799675,0.18451586365699768,True,0.22831565141677856,True,274.3503723144531,1201.6275634765625
HEM_PA107.nii.gz,1,context,blur,wrong_action_wp,encoder_stage_4,1x256x24x24x24,0.13555073738098145,-0.02512143738567829,True,0.03342929109930992,True,40.1695556640625,1201.6275634765625
HEM_PA107.nii.gz,1,context,blur,real_action_oracle,encoder_stage_4,1x256x24x24x24,0.0,1.0,True,1.0,True,1201.6275634765625,1201.6275634765625
HEM_PA107.nii.gz,1,context,blur,identity_source,encoder_stage_5,1x320x12x12x12,0.12557531893253326,,False,0.0,True,0.0,713.2310791015625
HEM_PA107.nii.gz,1,context,blur,correct_action_wp,encoder_stage_5,1x320x12x12x12,0.11979691684246063,0.2150840163230896,True,0.23075973987579346,True,164.58502197265625,713.2310791015625
HEM_PA107.nii.gz,1,context,blur,wrong_action_wp,encoder_stage_5,1x320x12x12x12,0.12561184167861938,0.001831253059208393,True,0.018982483074069023,True,13.538897514343262,713.2310791015625
HEM_PA107.nii.gz,1,context,blur,real_action_oracle,encoder_stage_5,1x320x12x12x12,0.0,0.9999999403953552,True,1.0,True,713.2310791015625,713.2310791015625
HEM_PA107.nii.gz,1,context,blur,identity_source,encoder_bottleneck_deepest,1x320x6x6x6,0.09493712335824966,,False,0.0,True,0.0,263.9674377441406
HEM_PA107.nii.gz,1,context,blur,correct_action_wp,encoder_bottleneck_deepest,1x320x6x6x6,0.09442935138940811,0.08363819122314453,True,0.04305758699774742,True,11.365800857543945,263.9674377441406
HEM_PA107.nii.gz,1,context,blur,wrong_action_wp,encoder_bottleneck_deepest,1x320x6x6x6,0.09442935138940811,0.08363819122314453,True,0.04305758699774742,True,11.365800857543945,263.9674377441406
HEM_PA107.nii.gz,1,context,blur,real_action_oracle,encoder_bottleneck_deepest,1x320x6x6x6,0.0,1.0000001192092896,True,1.0,True,263.9674377441406,263.9674377441406
HEM_PA107.nii.gz,2,foreground,gamma,identity_source,encoder_stage_2,1x64x96x96x96,0.030148478224873543,,False,0.0,True,0.0,1490.1956787109375
HEM_PA107.nii.gz,2,foreground,gamma,correct_action_wp,encoder_stage_2,1x64x96x96x96,0.029029129073023796,0.1973213404417038,True,0.23983776569366455,True,357.40521240234375,1490.1956787109375
HEM_PA107.nii.gz,2,foreground,gamma,wrong_action_wp,encoder_stage_2,1x64x96x96x96,0.11586537957191467,-0.019054826349020004,True,1.6672195196151733,True,2484.4833984375,1490.1956787109375
HEM_PA107.nii.gz,2,foreground,gamma,real_action_oracle,encoder_stage_2,1x64x96x96x96,0.0,0.9999989867210388,True,1.0,True,1490.1956787109375,1490.1956787109375
HEM_PA107.nii.gz,2,foreground,gamma,identity_source,encoder_stage_3,1x128x48x48x48,0.025792321190238,,False,0.0,True,0.0,820.4039306640625
HEM_PA107.nii.gz,2,foreground,gamma,correct_action_wp,encoder_stage_3,1x128x48x48x48,0.025582922622561455,0.09245146811008453,True,0.1131577342748642,True,92.83505249023438,820.4039306640625
HEM_PA107.nii.gz,2,foreground,gamma,wrong_action_wp,encoder_stage_3,1x128x48x48x48,0.04600758105516434,-0.03496866300702095,True,0.8510297536849976,True,698.1881713867188,820.4039306640625
HEM_PA107.nii.gz,2,foreground,gamma,real_action_oracle,encoder_stage_3,1x128x48x48x48,0.0,0.9999996423721313,True,1.0,True,820.4039306640625,820.4039306640625
HEM_PA107.nii.gz,2,foreground,gamma,identity_source,encoder_stage_4,1x256x24x24x24,0.0269293412566185,,False,0.0,True,0.0,530.1798095703125
HEM_PA107.nii.gz,2,foreground,gamma,correct_action_wp,encoder_stage_4,1x256x24x24x24,0.026811810210347176,0.0667005106806755,True,0.07589402794837952,True,40.23748016357422,530.1798095703125
HEM_PA107.nii.gz,2,foreground,gamma,wrong_action_wp,encoder_stage_4,1x256x24x24x24,0.038385432213544846,-0.09178657084703445,True,0.566877007484436,True,300.5467529296875,530.1798095703125
HEM_PA107.nii.gz,2,foreground,gamma,real_action_oracle,encoder_stage_4,1x256x24x24x24,0.0,1.0,True,1.0,True,530.1798095703125,530.1798095703125
HEM_PA107.nii.gz,2,foreground,gamma,identity_source,encoder_stage_5,1x320x12x12x12,0.024052459746599197,,False,0.0,True,0.0,311.8726501464844
HEM_PA107.nii.gz,2,foreground,gamma,correct_action_wp,encoder_stage_5,1x320x12x12x12,0.024104909971356392,-0.0034091551788151264,True,0.04341161996126175,True,13.538897514343262,311.8726501464844
HEM_PA107.nii.gz,2,foreground,gamma,wrong_action_wp,encoder_stage_5,1x320x12x12x12,0.03254969045519829,-0.06425773352384567,True,0.5335782766342163,True,166.40847778320312,311.8726501464844
HEM_PA107.nii.gz,2,foreground,gamma,real_action_oracle,encoder_stage_5,1x320x12x12x12,0.0,0.9999999403953552,True,1.0,True,311.8726501464844,311.8726501464844
HEM_PA107.nii.gz,2,foreground,gamma,identity_source,encoder_bottleneck_deepest,1x320x6x6x6,0.017594406381249428,,False,0.0,True,0.0,113.02116394042969
HEM_PA107.nii.gz,2,foreground,gamma,correct_action_wp,encoder_bottleneck_deepest,1x320x6x6x6,0.0178366806358099,-0.018182000145316124,True,0.10056348145008087,True,11.365801811218262,113.02116394042969
HEM_PA107.nii.gz,2,foreground,gamma,wrong_action_wp,encoder_bottleneck_deepest,1x320x6x6x6,0.0178366806358099,-0.018182000145316124,True,0.10056348145008087,True,11.365801811218262,113.02116394042969
HEM_PA107.nii.gz,2,foreground,gamma,real_action_oracle,encoder_bottleneck_deepest,1x320x6x6x6,0.0,1.0000001192092896,True,1.0,True,113.02116394042969,113.02116394042969
HEM_PA107.nii.gz,2,foreground,blur,identity_source,encoder_stage_2,1x64x96x96x96,0.2586756944656372,,False,0.0,True,0.0,4283.1005859375
HEM_PA107.nii.gz,2,foreground,blur,correct_action_wp,encoder_stage_2,1x64x96x96x96,0.18515749275684357,0.535013735294342,True,0.5800665616989136,True,2484.4833984375,4283.1005859375
HEM_PA107.nii.gz,2,foreground,blur,wrong_action_wp,encoder_stage_2,1x64x96x96x96,0.26130202412605286,-0.019112808629870415,True,0.08344543725252151,True,357.40521240234375,4283.1005859375
HEM_PA107.nii.gz,2,foreground,blur,real_action_oracle,encoder_stage_2,1x64x96x96x96,0.0,0.9999998807907104,True,1.0,True,4283.1005859375,4283.1005859375
HEM_PA107.nii.gz,2,foreground,blur,identity_source,encoder_stage_3,1x128x48x48x48,0.17852477729320526,,False,0.0,True,0.0,2135.34375
HEM_PA107.nii.gz,2,foreground,blur,correct_action_wp,encoder_stage_3,1x128x48x48x48,0.16124087572097778,0.31153374910354614,True,0.3269675672054291,True,698.1881713867188,2135.34375
HEM_PA107.nii.gz,2,foreground,blur,wrong_action_wp,encoder_stage_3,1x128x48x48x48,0.1797187626361847,-0.05517806485295296,True,0.04347546026110649,True,92.83505249023438,2135.34375
HEM_PA107.nii.gz,2,foreground,blur,real_action_oracle,encoder_stage_3,1x128x48x48x48,0.0,0.9999998807907104,True,1.0,True,2135.34375,2135.34375
HEM_PA107.nii.gz,2,foreground,blur,identity_source,encoder_stage_4,1x256x24x24x24,0.1488228440284729,,False,0.0,True,0.0,1277.609130859375
HEM_PA107.nii.gz,2,foreground,blur,correct_action_wp,encoder_stage_4,1x256x24x24x24,0.14236755669116974,0.20981454849243164,True,0.23524154722690582,True,300.5467529296875,1277.609130859375
HEM_PA107.nii.gz,2,foreground,blur,wrong_action_wp,encoder_stage_4,1x256x24x24x24,0.14927397668361664,-0.03237775340676308,True,0.03149436041712761,True,40.23748016357422,1277.609130859375
HEM_PA107.nii.gz,2,foreground,blur,real_action_oracle,encoder_stage_4,1x256x24x24x24,0.0,0.9999998211860657,True,1.0,True,1277.609130859375,1277.609130859375
HEM_PA107.nii.gz,2,foreground,blur,identity_source,encoder_stage_5,1x320x12x12x12,0.1518861949443817,,False,0.0,True,0.0,766.0596313476562
HEM_PA107.nii.gz,2,foreground,blur,correct_action_wp,encoder_stage_5,1x320x12x12x12,0.14305008947849274,0.2425190955400467,True,0.2172265350818634,True,166.40847778320312,766.0596313476562
HEM_PA107.nii.gz,2,foreground,blur,wrong_action_wp,encoder_stage_5,1x320x12x12x12,0.15182703733444214,0.01984979957342148,True,0.017673425376415253,True,13.538897514343262,766.0596313476562
HEM_PA107.nii.gz,2,foreground,blur,real_action_oracle,encoder_stage_5,1x320x12x12x12,0.0,1.0,True,1.0,True,766.0596313476562,766.0596313476562
HEM_PA107.nii.gz,2,foreground,blur,identity_source,encoder_bottleneck_deepest,1x320x6x6x6,0.10893866419792175,,False,0.0,True,0.0,278.1617736816406
HEM_PA107.nii.gz,2,foreground,blur,correct_action_wp,encoder_bottleneck_deepest,1x320x6x6x6,0.10816342383623123,0.10750997066497803,True,0.04086040332913399,True,11.365801811218262,278.1617736816406
HEM_PA107.nii.gz,2,foreground,blur,wrong_action_wp,encoder_bottleneck_deepest,1x320x6x6x6,0.10816342383623123,0.10750997066497803,True,0.04086040332913399,True,11.365801811218262,278.1617736816406
HEM_PA107.nii.gz,2,foreground,blur,real_action_oracle,encoder_bottleneck_deepest,1x320x6x6x6,0.0,1.0,True,1.0,True,278.1617736816406,278.1617736816406
HEM_PA107.nii.gz,3,context_fill,gamma,identity_source,encoder_stage_2,1x64x96x96x96,0.02001252770423889,,False,0.0,True,0.0,1233.4039306640625
HEM_PA107.nii.gz,3,context_fill,gamma,correct_action_wp,encoder_stage_2,1x64x96x96x96,0.01933090202510357,0.20671121776103973,True,0.299822062253952,True,369.8017272949219,1233.4039306640625
HEM_PA107.nii.gz,3,context_fill,gamma,wrong_action_wp,encoder_stage_2,1x64x96x96x96,0.11181354522705078,-0.08938797563314438,True,2.054246187210083,True,2533.71533203125,1233.4039306640625
HEM_PA107.nii.gz,3,context_fill,gamma,real_action_oracle,encoder_stage_2,1x64x96x96x96,0.0,0.9999991059303284,True,1.0,True,1233.4039306640625,1233.4039306640625
HEM_PA107.nii.gz,3,context_fill,gamma,identity_source,encoder_stage_3,1x128x48x48x48,0.01693216897547245,,False,0.0,True,0.0,666.40234375
HEM_PA107.nii.gz,3,context_fill,gamma,correct_action_wp,encoder_stage_3,1x128x48x48x48,0.01694992557168007,0.0746392235159874,True,0.1560009866952896,True,103.95941925048828,666.40234375
HEM_PA107.nii.gz,3,context_fill,gamma,wrong_action_wp,encoder_stage_3,1x128x48x48x48,0.03720364347100258,-0.0484587661921978,True,1.0467877388000488,True,697.581787109375,666.40234375
HEM_PA107.nii.gz,3,context_fill,gamma,real_action_oracle,encoder_stage_3,1x128x48x48x48,0.0,0.9999997019767761,True,1.0,True,666.40234375,666.40234375
HEM_PA107.nii.gz,3,context_fill,gamma,identity_source,encoder_stage_4,1x256x24x24x24,0.018526682630181313,,False,0.0,True,0.0,447.0985412597656
HEM_PA107.nii.gz,3,context_fill,gamma,correct_action_wp,encoder_stage_4,1x256x24x24x24,0.018533509224653244,0.04292740672826767,True,0.08995102345943451,True,40.21697235107422,447.0985412597656
HEM_PA107.nii.gz,3,context_fill,gamma,wrong_action_wp,encoder_stage_4,1x256x24x24x24,0.028259405866265297,-0.07142159342765808,True,0.6568891406059265,True,293.6941833496094,447.0985412597656
HEM_PA107.nii.gz,3,context_fill,gamma,real_action_oracle,encoder_stage_4,1x256x24x24x24,0.0,0.9999999403953552,True,1.0,True,447.0985412597656,447.0985412597656
HEM_PA107.nii.gz,3,context_fill,gamma,identity_source,encoder_stage_5,1x320x12x12x12,0.02010929025709629,,False,0.0,True,0.0,282.58319091796875
HEM_PA107.nii.gz,3,context_fill,gamma,correct_action_wp,encoder_stage_5,1x320x12x12x12,0.02013424038887024,0.011007370427250862,True,0.04791119322180748,True,13.538897514343262,282.58319091796875
HEM_PA107.nii.gz,3,context_fill,gamma,wrong_action_wp,encoder_stage_5,1x320x12x12x12,0.028217986226081848,-0.0773632675409317,True,0.5623368620872498,True,158.90695190429688,282.58319091796875
HEM_PA107.nii.gz,3,context_fill,gamma,real_action_oracle,encoder_stage_5,1x320x12x12x12,0.0,1.0000001192092896,True,1.0,True,282.58319091796875,282.58319091796875
HEM_PA107.nii.gz,3,context_fill,gamma,identity_source,encoder_bottleneck_deepest,1x320x6x6x6,0.015724806115031242,,False,0.0,True,0.0,106.0713119506836
HEM_PA107.nii.gz,3,context_fill,gamma,correct_action_wp,encoder_bottleneck_deepest,1x320x6x6x6,0.0159660205245018,-0.018003243952989578,True,0.10715245455503464,True,11.365801811218262,106.0713119506836
HEM_PA107.nii.gz,3,context_fill,gamma,wrong_action_wp,encoder_bottleneck_deepest,1x320x6x6x6,0.0159660205245018,-0.018003243952989578,True,0.10715245455503464,True,11.365801811218262,106.0713119506836
HEM_PA107.nii.gz,3,context_fill,gamma,real_action_oracle,encoder_bottleneck_deepest,1x320x6x6x6,0.0,1.0,True,1.0,True,106.0713119506836,106.0713119506836
HEM_PA107.nii.gz,3,context_fill,blur,identity_source,encoder_stage_2,1x64x96x96x96,0.2606654465198517,,False,0.0,True,0.0,4294.12548828125
HEM_PA107.nii.gz,3,context_fill,blur,correct_action_wp,encoder_stage_2,1x64x96x96x96,0.17419865727424622,0.5761158466339111,True,0.590042233467102,True,2533.71533203125,4294.12548828125
HEM_PA107.nii.gz,3,context_fill,blur,wrong_action_wp,encoder_stage_2,1x64x96x96x96,0.2653689682483673,-0.06170568987727165,True,0.08611804991960526,True,369.8017272949219,4294.12548828125
HEM_PA107.nii.gz,3,context_fill,blur,real_action_oracle,encoder_stage_2,1x64x96x96x96,0.0,1.0,True,1.0,True,4294.12548828125,4294.12548828125
HEM_PA107.nii.gz,3,context_fill,blur,identity_source,encoder_stage_3,1x128x48x48x48,0.18183442950248718,,False,0.0,True,0.0,2152.66015625
HEM_PA107.nii.gz,3,context_fill,blur,correct_action_wp,encoder_stage_3,1x128x48x48x48,0.16301386058330536,0.32172873616218567,True,0.3240557014942169,True,697.581787109375,2152.66015625
HEM_PA107.nii.gz,3,context_fill,blur,wrong_action_wp,encoder_stage_3,1x128x48x48x48,0.18311187624931335,-0.04858747497200966,True,0.04829346388578415,True,103.95941925048828,2152.66015625
HEM_PA107.nii.gz,3,context_fill,blur,real_action_oracle,encoder_stage_3,1x128x48x48x48,0.0,0.9999998807907104,True,1.0,True,2152.66015625,2152.66015625
HEM_PA107.nii.gz,3,context_fill,blur,identity_source,encoder_stage_4,1x256x24x24x24,0.15847919881343842,,False,0.0,True,0.0,1314.896240234375
HEM_PA107.nii.gz,3,context_fill,blur,correct_action_wp,encoder_stage_4,1x256x24x24x24,0.153840571641922,0.17720113694667816,True,0.22335921227931976,True,293.6941833496094,1314.896240234375
HEM_PA107.nii.gz,3,context_fill,blur,wrong_action_wp,encoder_stage_4,1x256x24x24x24,0.15886621177196503,-0.024627530947327614,True,0.03058566153049469,True,40.21697235107422,1314.896240234375
HEM_PA107.nii.gz,3,context_fill,blur,real_action_oracle,encoder_stage_4,1x256x24x24x24,0.0,0.9999999403953552,True,1.0,True,1314.896240234375,1314.896240234375
HEM_PA107.nii.gz,3,context_fill,blur,identity_source,encoder_stage_5,1x320x12x12x12,0.17265848815441132,,False,0.0,True,0.0,825.923583984375
HEM_PA107.nii.gz,3,context_fill,blur,correct_action_wp,encoder_stage_5,1x320x12x12x12,0.17110265791416168,0.1196175068616867,True,0.19239909946918488,True,158.90695190429688,825.923583984375
HEM_PA107.nii.gz,3,context_fill,blur,wrong_action_wp,encoder_stage_5,1x320x12x12x12,0.17274750769138336,-0.007528907619416714,True,0.016392434015870094,True,13.538897514343262,825.923583984375
HEM_PA107.nii.gz,3,context_fill,blur,real_action_oracle,encoder_stage_5,1x320x12x12x12,0.0,1.0000001192092896,True,1.0,True,825.923583984375,825.923583984375
HEM_PA107.nii.gz,3,context_fill,blur,identity_source,encoder_bottleneck_deepest,1x320x6x6x6,0.12954629957675934,,False,0.0,True,0.0,302.8052673339844
HEM_PA107.nii.gz,3,context_fill,blur,correct_action_wp,encoder_bottleneck_deepest,1x320x6x6x6,0.12927067279815674,0.04710933193564415,True,0.03753501921892166,True,11.365801811218262,302.8052673339844
HEM_PA107.nii.gz,3,context_fill,blur,wrong_action_wp,encoder_bottleneck_deepest,1x320x6x6x6,0.12927067279815674,0.04710933193564415,True,0.03753501921892166,True,11.365801811218262,302.8052673339844
HEM_PA107.nii.gz,3,context_fill,blur,real_action_oracle,encoder_bottleneck_deepest,1x320x6x6x6,0.0,1.0,True,1.0,True,302.8052673339844,302.8052673339844
HEM_PA81.nii.gz,0,context,gamma,identity_source,encoder_stage_2,1x64x96x96x96,0.0165836364030838,,False,0.0,True,0.0,1038.0362548828125
HEM_PA81.nii.gz,0,context,gamma,correct_action_wp,encoder_stage_2,1x64x96x96x96,0.01694979891180992,0.13813813030719757,True,0.34102198481559753,True,353.9931945800781,1038.0362548828125
HEM_PA81.nii.gz,0,context,gamma,wrong_action_wp,encoder_stage_2,1x64x96x96x96,0.09330933541059494,-0.06443444639444351,True,2.087481737136841,True,2166.8818359375,1038.0362548828125
HEM_PA81.nii.gz,0,context,gamma,real_action_oracle,encoder_stage_2,1x64x96x96x96,0.0,0.9999988675117493,True,1.0,True,1038.0362548828125,1038.0362548828125
HEM_PA81.nii.gz,0,context,gamma,identity_source,encoder_stage_3,1x128x48x48x48,0.013989847153425217,,False,0.0,True,0.0,586.5471801757812
HEM_PA81.nii.gz,0,context,gamma,correct_action_wp,encoder_stage_3,1x128x48x48x48,0.014027527533471584,0.08156718313694,True,0.17824456095695496,True,104.54884338378906,586.5471801757812
HEM_PA81.nii.gz,0,context,gamma,wrong_action_wp,encoder_stage_3,1x128x48x48x48,0.03237184137105942,-0.06998980045318604,True,1.0784226655960083,True,632.5457763671875,586.5471801757812
HEM_PA81.nii.gz,0,context,gamma,real_action_oracle,encoder_stage_3,1x128x48x48x48,0.0,0.9999998807907104,True,1.0,True,586.5471801757812,586.5471801757812
HEM_PA81.nii.gz,0,context,gamma,identity_source,encoder_stage_4,1x256x24x24x24,0.02257482148706913,,False,0.0,True,0.0,482.38433837890625
HEM_PA81.nii.gz,0,context,gamma,correct_action_wp,encoder_stage_4,1x256x24x24x24,0.022686704993247986,0.011753094382584095,True,0.08312689512968063,True,40.09911346435547,482.38433837890625
HEM_PA81.nii.gz,0,context,gamma,wrong_action_wp,encoder_stage_4,1x256x24x24x24,0.02734232507646084,-0.0366811640560627,True,0.4243309795856476,True,204.69061279296875,482.38433837890625
HEM_PA81.nii.gz,0,context,gamma,real_action_oracle,encoder_stage_4,1x256x24x24x24,0.0,1.0000001192092896,True,1.0,True,482.38433837890625,482.38433837890625
HEM_PA81.nii.gz,0,context,gamma,identity_source,encoder_stage_5,1x320x12x12x12,0.019702719524502754,,False,0.0,True,0.0,276.4779357910156
HEM_PA81.nii.gz,0,context,gamma,correct_action_wp,encoder_stage_5,1x320x12x12x12,0.01976408064365387,-0.007315170485526323,True,0.04896917939186096,True,13.538897514343262,276.4779357910156
HEM_PA81.nii.gz,0,context,gamma,wrong_action_wp,encoder_stage_5,1x320x12x12x12,0.02578788809478283,-0.04127296060323715,True,0.5159994959831238,True,142.6624755859375,276.4779357910156
HEM_PA81.nii.gz,0,context,gamma,real_action_oracle,encoder_stage_5,1x320x12x12x12,0.0,1.0000001192092896,True,1.0,True,276.4779357910156,276.4779357910156
HEM_PA81.nii.gz,0,context,gamma,identity_source,encoder_bottleneck_deepest,1x320x6x6x6,0.015090013854205608,,False,0.0,True,0.0,103.92201232910156
HEM_PA81.nii.gz,0,context,gamma,correct_action_wp,encoder_bottleneck_deepest,1x320x6x6x6,0.015402868390083313,-0.04009811580181122,True,0.10936857014894485,True,11.365801811218262,103.92201232910156
HEM_PA81.nii.gz,0,context,gamma,wrong_action_wp,encoder_bottleneck_deepest,1x320x6x6x6,0.015402868390083313,-0.04009811580181122,True,0.10936857014894485,True,11.365801811218262,103.92201232910156
HEM_PA81.nii.gz,0,context,gamma,real_action_oracle,encoder_bottleneck_deepest,1x320x6x6x6,0.0,1.000000238418579,True,1.0,True,103.92201232910156,103.92201232910156
HEM_PA81.nii.gz,0,context,blur,identity_source,encoder_stage_2,1x64x96x96x96,0.17804069817066193,,False,0.0,True,0.0,3340.52880859375
HEM_PA81.nii.gz,0,context,blur,correct_action_wp,encoder_stage_2,1x64x96x96x96,0.12795889377593994,0.5411579608917236,True,0.6486642956733704,True,2166.8818359375,3340.52880859375
HEM_PA81.nii.gz,0,context,blur,wrong_action_wp,encoder_stage_2,1x64x96x96x96,0.18184635043144226,-0.04787074401974678,True,0.10596920549869537,True,353.9931945800781,3340.52880859375
HEM_PA81.nii.gz,0,context,blur,real_action_oracle,encoder_stage_2,1x64x96x96x96,0.0,1.0000001192092896,True,1.0,True,3340.52880859375,3340.52880859375
HEM_PA81.nii.gz,0,context,blur,identity_source,encoder_stage_3,1x128x48x48x48,0.1078609973192215,,False,0.0,True,0.0,1616.5302734375
HEM_PA81.nii.gz,0,context,blur,correct_action_wp,encoder_stage_3,1x128x48x48x48,0.10234516113996506,0.2609936594963074,True,0.39129844307899475,True,632.5457763671875,1616.5302734375
HEM_PA81.nii.gz,0,context,blur,wrong_action_wp,encoder_stage_3,1x128x48x48x48,0.10877827554941177,-0.033409230411052704,True,0.06467484682798386,True,104.54884338378906,1616.5302734375
HEM_PA81.nii.gz,0,context,blur,real_action_oracle,encoder_stage_3,1x128x48x48x48,0.0,0.9999998807907104,True,1.0,True,1616.5302734375,1616.5302734375
HEM_PA81.nii.gz,0,context,blur,identity_source,encoder_stage_4,1x256x24x24x24,0.09114142507314682,,False,0.0,True,0.0,982.52001953125
HEM_PA81.nii.gz,0,context,blur,correct_action_wp,encoder_stage_4,1x256x24x24x24,0.0918894112110138,0.08446981012821198,True,0.20833225548267365,True,204.69061279296875,982.52001953125
HEM_PA81.nii.gz,0,context,blur,wrong_action_wp,encoder_stage_4,1x256x24x24x24,0.09144794195890427,-0.020795347169041634,True,0.04081251472234726,True,40.09911346435547,982.52001953125
HEM_PA81.nii.gz,0,context,blur,real_action_oracle,encoder_stage_4,1x256x24x24x24,0.0,1.0,True,1.0,True,982.52001953125,982.52001953125
HEM_PA81.nii.gz,0,context,blur,identity_source,encoder_stage_5,1x320x12x12x12,0.0858863964676857,,False,0.0,True,0.0,570.2786865234375
HEM_PA81.nii.gz,0,context,blur,correct_action_wp,encoder_stage_5,1x320x12x12x12,0.08774469047784805,0.0818362832069397,True,0.2501627206802368,True,142.6624755859375,570.2786865234375
HEM_PA81.nii.gz,0,context,blur,wrong_action_wp,encoder_stage_5,1x320x12x12x12,0.08591140061616898,0.005739761516451836,True,0.023740844801068306,True,13.538897514343262,570.2786865234375
HEM_PA81.nii.gz,0,context,blur,real_action_oracle,encoder_stage_5,1x320x12x12x12,0.0,1.0000001192092896,True,1.0,True,570.2786865234375,570.2786865234375
HEM_PA81.nii.gz,0,context,blur,identity_source,encoder_bottleneck_deepest,1x320x6x6x6,0.06711852550506592,,False,0.0,True,0.0,217.73587036132812
HEM_PA81.nii.gz,0,context,blur,correct_action_wp,encoder_bottleneck_deepest,1x320x6x6x6,0.06691024452447891,0.05582369863986969,True,0.05219995230436325,True,11.365801811218262,217.73587036132812
HEM_PA81.nii.gz,0,context,blur,wrong_action_wp,encoder_bottleneck_deepest,1x320x6x6x6,0.06691024452447891,0.05582369863986969,True,0.05219995230436325,True,11.365801811218262,217.73587036132812
HEM_PA81.nii.gz,0,context,blur,real_action_oracle,encoder_bottleneck_deepest,1x320x6x6x6,0.0,0.9999999403953552,True,1.0,True,217.73587036132812,217.73587036132812
HEM_PA81.nii.gz,1,context,gamma,identity_source,encoder_stage_2,1x64x96x96x96,0.014430672861635685,,False,0.0,True,0.0,1010.2344970703125
HEM_PA81.nii.gz,1,context,gamma,correct_action_wp,encoder_stage_2,1x64x96x96x96,0.01415695808827877,0.19855616986751556,True,0.34158408641815186,True,345.08001708984375,1010.2344970703125
HEM_PA81.nii.gz,1,context,gamma,wrong_action_wp,encoder_stage_2,1x64x96x96x96,0.08639384061098099,-0.06258900463581085,True,2.1714069843292236,True,2193.630126953125,1010.2344970703125
HEM_PA81.nii.gz,1,context,gamma,real_action_oracle,encoder_stage_2,1x64x96x96x96,0.0,0.9999991059303284,True,1.0,True,1010.2344970703125,1010.2344970703125
HEM_PA81.nii.gz,1,context,gamma,identity_source,encoder_stage_3,1x128x48x48x48,0.012023134157061577,,False,0.0,True,0.0,558.1045532226562
HEM_PA81.nii.gz,1,context,gamma,correct_action_wp,encoder_stage_3,1x128x48x48x48,0.012099139392375946,0.0837150439620018,True,0.1991700828075409,True,111.15773010253906,558.1045532226562
HEM_PA81.nii.gz,1,context,gamma,wrong_action_wp,encoder_stage_3,1x128x48x48x48,0.029889622703194618,-0.015157746151089668,True,1.2039562463760376,True,671.9334716796875,558.1045532226562
HEM_PA81.nii.gz,1,context,gamma,real_action_oracle,encoder_stage_3,1x128x48x48x48,0.0,0.9999998211860657,True,1.0,True,558.1045532226562,558.1045532226562
HEM_PA81.nii.gz,1,context,gamma,identity_source,encoder_stage_4,1x256x24x24x24,0.013690875843167305,,False,0.0,True,0.0,381.7832336425781
HEM_PA81.nii.gz,1,context,gamma,correct_action_wp,encoder_stage_4,1x256x24x24x24,0.013773222453892231,0.023906346410512924,True,0.1050623282790184,True,40.11103439331055,381.7832336425781
HEM_PA81.nii.gz,1,context,gamma,wrong_action_wp,encoder_stage_4,1x256x24x24x24,0.018196644261479378,-0.040646038949489594,True,0.534470796585083,True,204.05198669433594,381.7832336425781
HEM_PA81.nii.gz,1,context,gamma,real_action_oracle,encoder_stage_4,1x256x24x24x24,0.0,0.9999998807907104,True,1.0,True,381.7832336425781,381.7832336425781
HEM_PA81.nii.gz,1,context,gamma,identity_source,encoder_stage_5,1x320x12x12x12,0.021520594134926796,,False,0.0,True,0.0,284.1477966308594
HEM_PA81.nii.gz,1,context,gamma,correct_action_wp,encoder_stage_5,1x320x12x12x12,0.021550042554736137,0.009464449249207973,True,0.0476473793387413,True,13.538897514343262,284.1477966308594
HEM_PA81.nii.gz,1,context,gamma,wrong_action_wp,encoder_stage_5,1x320x12x12x12,0.02708767168223858,0.0031220470555126667,True,0.5117436051368713,True,145.4108123779297,284.1477966308594
HEM_PA81.nii.gz,1,context,gamma,real_action_oracle,encoder_stage_5,1x320x12x12x12,0.0,1.0,True,1.0,True,284.1477966308594,284.1477966308594
HEM_PA81.nii.gz,1,context,gamma,identity_source,encoder_bottleneck_deepest,1x320x6x6x6,0.01807389408349991,,False,0.0,True,0.0,112.19644165039062
HEM_PA81.nii.gz,1,context,gamma,correct_action_wp,encoder_bottleneck_deepest,1x320x6x6x6,0.018245309591293335,0.003840778023004532,True,0.10130269080400467,True,11.365801811218262,112.19644165039062
HEM_PA81.nii.gz,1,context,gamma,wrong_action_wp,encoder_bottleneck_deepest,1x320x6x6x6,0.018245309591293335,0.003840778023004532,True,0.10130269080400467,True,11.365801811218262,112.19644165039062
HEM_PA81.nii.gz,1,context,gamma,real_action_oracle,encoder_bottleneck_deepest,1x320x6x6x6,0.0,0.9999999403953552,True,1.0,True,112.19644165039062,112.19644165039062
HEM_PA81.nii.gz,1,context,blur,identity_source,encoder_stage_2,1x64x96x96x96,0.1734839379787445,,False,0.0,True,0.0,3419.276611328125
HEM_PA81.nii.gz,1,context,blur,correct_action_wp,encoder_stage_2,1x64x96x96x96,0.12032841891050339,0.5595716238021851,True,0.6415480375289917,True,2193.630126953125,3419.276611328125
HEM_PA81.nii.gz,1,context,blur,wrong_action_wp,encoder_stage_2,1x64x96x96x96,0.17685914039611816,-0.045927006751298904,True,0.10092193633317947,True,345.08001708984375,3419.276611328125
HEM_PA81.nii.gz,1,context,blur,real_action_oracle,encoder_stage_2,1x64x96x96x96,0.0,1.0000001192092896,True,1.0,True,3419.276611328125,3419.276611328125
HEM_PA81.nii.gz,1,context,blur,identity_source,encoder_stage_3,1x128x48x48x48,0.10017328709363937,,False,0.0,True,0.0,1596.267333984375
HEM_PA81.nii.gz,1,context,blur,correct_action_wp,encoder_stage_3,1x128x48x48x48,0.09326940029859543,0.29233378171920776,True,0.42094042897224426,True,671.9334716796875,1596.267333984375
HEM_PA81.nii.gz,1,context,blur,wrong_action_wp,encoder_stage_3,1x128x48x48x48,0.10101579129695892,-0.02557210810482502,True,0.0696360394358635,True,111.15773010253906,1596.267333984375
HEM_PA81.nii.gz,1,context,blur,real_action_oracle,encoder_stage_3,1x128x48x48x48,0.0,0.9999997019767761,True,1.0,True,1596.267333984375,1596.267333984375
HEM_PA81.nii.gz,1,context,blur,identity_source,encoder_stage_4,1x256x24x24x24,0.08143729716539383,,False,0.0,True,0.0,937.4886474609375
HEM_PA81.nii.gz,1,context,blur,correct_action_wp,encoder_stage_4,1x256x24x24x24,0.08179187774658203,0.09882698953151703,True,0.21765808761119843,True,204.05198669433594,937.4886474609375
HEM_PA81.nii.gz,1,context,blur,wrong_action_wp,encoder_stage_4,1x256x24x24x24,0.0816367119550705,-0.007222600281238556,True,0.04278562217950821,True,40.11103439331055,937.4886474609375
HEM_PA81.nii.gz,1,context,blur,real_action_oracle,encoder_stage_4,1x256x24x24x24,0.0,1.0000001192092896,True,1.0,True,937.4886474609375,937.4886474609375
HEM_PA81.nii.gz,1,context,blur,identity_source,encoder_stage_5,1x320x12x12x12,0.09396329522132874,,False,0.0,True,0.0,594.0755004882812
HEM_PA81.nii.gz,1,context,blur,correct_action_wp,encoder_stage_5,1x320x12x12x12,0.09768003970384598,0.04158259183168411,True,0.24476823210716248,True,145.4108123779297,594.0755004882812
HEM_PA81.nii.gz,1,context,blur,wrong_action_wp,encoder_stage_5,1x320x12x12x12,0.09403586387634277,-0.005549742374569178,True,0.022789860144257545,True,13.538897514343262,594.0755004882812
HEM_PA81.nii.gz,1,context,blur,real_action_oracle,encoder_stage_5,1x320x12x12x12,0.0,1.0000001192092896,True,1.0,True,594.0755004882812,594.0755004882812
HEM_PA81.nii.gz,1,context,blur,identity_source,encoder_bottleneck_deepest,1x320x6x6x6,0.07456246763467789,,False,0.0,True,0.0,228.38778686523438
HEM_PA81.nii.gz,1,context,blur,correct_action_wp,encoder_bottleneck_deepest,1x320x6x6x6,0.07455933839082718,0.025304609909653664,True,0.049765367060899734,True,11.365801811218262,228.38778686523438
HEM_PA81.nii.gz,1,context,blur,wrong_action_wp,encoder_bottleneck_deepest,1x320x6x6x6,0.07455933839082718,0.025304609909653664,True,0.049765367060899734,True,11.365801811218262,228.38778686523438
HEM_PA81.nii.gz,1,context,blur,real_action_oracle,encoder_bottleneck_deepest,1x320x6x6x6,0.0,1.000000238418579,True,1.0,True,228.38778686523438,228.38778686523438
HEM_PA81.nii.gz,2,foreground,gamma,identity_source,encoder_stage_2,1x64x96x96x96,0.04341438040137291,,False,0.0,True,0.0,1757.4871826171875
HEM_PA81.nii.gz,2,foreground,gamma,correct_action_wp,encoder_stage_2,1x64x96x96x96,0.04155590012669563,0.20690226554870605,True,0.20612840354442596,True,362.2680358886719,1757.4871826171875
HEM_PA81.nii.gz,2,foreground,gamma,wrong_action_wp,encoder_stage_2,1x64x96x96x96,0.12375644594430923,-0.017970385029911995,True,1.3425108194351196,True,2359.445556640625,1757.4871826171875
HEM_PA81.nii.gz,2,foreground,gamma,real_action_oracle,encoder_stage_2,1x64x96x96x96,0.0,0.9999988675117493,True,1.0,True,1757.4871826171875,1757.4871826171875
HEM_PA81.nii.gz,2,foreground,gamma,identity_source,encoder_stage_3,1x128x48x48x48,0.040482860058546066,,False,0.0,True,0.0,1023.2777099609375
HEM_PA81.nii.gz,2,foreground,gamma,correct_action_wp,encoder_stage_3,1x128x48x48x48,0.040056996047496796,0.10393758863210678,True,0.08710570633411407,True,89.13333129882812,1023.2777099609375
HEM_PA81.nii.gz,2,foreground,gamma,wrong_action_wp,encoder_stage_3,1x128x48x48x48,0.059394534677267075,-0.016655532643198967,True,0.6670329570770264,True,682.5599365234375,1023.2777099609375
HEM_PA81.nii.gz,2,foreground,gamma,real_action_oracle,encoder_stage_3,1x128x48x48x48,0.0,0.9999998807907104,True,1.0,True,1023.2777099609375,1023.2777099609375
HEM_PA81.nii.gz,2,foreground,gamma,identity_source,encoder_stage_4,1x256x24x24x24,0.04334406927227974,,False,0.0,True,0.0,678.854248046875
HEM_PA81.nii.gz,2,foreground,gamma,correct_action_wp,encoder_stage_4,1x256x24x24x24,0.04326067119836807,0.04584817960858345,True,0.05918214097619057,True,40.176048278808594,678.854248046875
HEM_PA81.nii.gz,2,foreground,gamma,wrong_action_wp,encoder_stage_4,1x256x24x24x24,0.05030905455350876,-0.04058487340807915,True,0.3623264729976654,True,245.9668731689453,678.854248046875
HEM_PA81.nii.gz,2,foreground,gamma,real_action_oracle,encoder_stage_4,1x256x24x24x24,0.0,1.0000001192092896,True,1.0,True,678.854248046875,678.854248046875
HEM_PA81.nii.gz,2,foreground,gamma,identity_source,encoder_stage_5,1x320x12x12x12,0.05198003351688385,,False,0.0,True,0.0,453.3212585449219
HEM_PA81.nii.gz,2,foreground,gamma,correct_action_wp,encoder_stage_5,1x320x12x12x12,0.05199071392416954,0.011492697522044182,True,0.029866009950637817,True,13.538897514343262,453.3212585449219
HEM_PA81.nii.gz,2,foreground,gamma,wrong_action_wp,encoder_stage_5,1x320x12x12x12,0.057073045521974564,0.0316336490213871,True,0.34624603390693665,True,156.960693359375,453.3212585449219
HEM_PA81.nii.gz,2,foreground,gamma,real_action_oracle,encoder_stage_5,1x320x12x12x12,0.0,1.0000001192092896,True,1.0,True,453.3212585449219,453.3212585449219
HEM_PA81.nii.gz,2,foreground,gamma,identity_source,encoder_bottleneck_deepest,1x320x6x6x6,0.04312797635793686,,False,0.0,True,0.0,175.19920349121094
HEM_PA81.nii.gz,2,foreground,gamma,correct_action_wp,encoder_bottleneck_deepest,1x320x6x6x6,0.04348331689834595,-0.03106478415429592,True,0.0648735910654068,True,11.365801811218262,175.19920349121094
HEM_PA81.nii.gz,2,foreground,gamma,wrong_action_wp,encoder_bottleneck_deepest,1x320x6x6x6,0.04348331689834595,-0.03106478415429592,True,0.0648735910654068,True,11.365801811218262,175.19920349121094
HEM_PA81.nii.gz,2,foreground,gamma,real_action_oracle,encoder_bottleneck_deepest,1x320x6x6x6,0.0,0.9999998807907104,True,1.0,True,175.19920349121094,175.19920349121094
HEM_PA81.nii.gz,2,foreground,blur,identity_source,encoder_stage_2,1x64x96x96x96,0.21782629191875458,,False,0.0,True,0.0,3838.367919921875
HEM_PA81.nii.gz,2,foreground,blur,correct_action_wp,encoder_stage_2,1x64x96x96x96,0.15558892488479614,0.539756178855896,True,0.614700198173523,True,2359.445556640625,3838.367919921875
HEM_PA81.nii.gz,2,foreground,blur,wrong_action_wp,encoder_stage_2,1x64x96x96x96,0.22051744163036346,-0.018260084092617035,True,0.09438075125217438,True,362.2680358886719,3838.367919921875
HEM_PA81.nii.gz,2,foreground,blur,real_action_oracle,encoder_stage_2,1x64x96x96x96,0.0,0.9999998807907104,True,1.0,True,3838.367919921875,3838.367919921875
HEM_PA81.nii.gz,2,foreground,blur,identity_source,encoder_stage_3,1x128x48x48x48,0.13959728181362152,,False,0.0,True,0.0,1878.709716796875
HEM_PA81.nii.gz,2,foreground,blur,correct_action_wp,encoder_stage_3,1x128x48x48x48,0.12934216856956482,0.2827568054199219,True,0.36331313848495483,True,682.5599365234375,1878.709716796875
HEM_PA81.nii.gz,2,foreground,blur,wrong_action_wp,encoder_stage_3,1x128x48x48x48,0.1403999626636505,-0.03687521070241928,True,0.04744390770792961,True,89.13333129882812,1878.709716796875
HEM_PA81.nii.gz,2,foreground,blur,real_action_oracle,encoder_stage_3,1x128x48x48x48,0.0,0.9999997615814209,True,1.0,True,1878.709716796875,1878.709716796875
HEM_PA81.nii.gz,2,foreground,blur,identity_source,encoder_stage_4,1x256x24x24x24,0.11042074114084244,,False,0.0,True,0.0,1093.1094970703125
HEM_PA81.nii.gz,2,foreground,blur,correct_action_wp,encoder_stage_4,1x256x24x24x24,0.10950053483247757,0.13102570176124573,True,0.2250157743692398,True,245.9668731689453,1093.1094970703125
HEM_PA81.nii.gz,2,foreground,blur,wrong_action_wp,encoder_stage_4,1x256x24x24x24,0.11078277975320816,-0.026228738948702812,True,0.03675391152501106,True,40.176048278808594,1093.1094970703125
HEM_PA81.nii.gz,2,foreground,blur,real_action_oracle,encoder_stage_4,1x256x24x24x24,0.0,0.9999997615814209,True,1.0,True,1093.1094970703125,1093.1094970703125
HEM_PA81.nii.gz,2,foreground,blur,identity_source,encoder_stage_5,1x320x12x12x12,0.12132929265499115,,False,0.0,True,0.0,688.9362182617188
HEM_PA81.nii.gz,2,foreground,blur,correct_action_wp,encoder_stage_5,1x320x12x12x12,0.12394599616527557,0.06658434122800827,True,0.22783051431179047,True,156.960693359375,688.9362182617188
HEM_PA81.nii.gz,2,foreground,blur,wrong_action_wp,encoder_stage_5,1x320x12x12x12,0.12136170268058777,0.003031299915164709,True,0.01965188793838024,True,13.538897514343262,688.9362182617188
HEM_PA81.nii.gz,2,foreground,blur,real_action_oracle,encoder_stage_5,1x320x12x12x12,0.0,1.0,True,1.0,True,688.9362182617188,688.9362182617188
HEM_PA81.nii.gz,2,foreground,blur,identity_source,encoder_bottleneck_deepest,1x320x6x6x6,0.094558484852314,,False,0.0,True,0.0,258.8397521972656
HEM_PA81.nii.gz,2,foreground,blur,correct_action_wp,encoder_bottleneck_deepest,1x320x6x6x6,0.09461134672164917,0.01558949425816536,True,0.04391057416796684,True,11.365801811218262,258.8397521972656
HEM_PA81.nii.gz,2,foreground,blur,wrong_action_wp,encoder_bottleneck_deepest,1x320x6x6x6,0.09461134672164917,0.01558949425816536,True,0.04391057416796684,True,11.365801811218262,258.8397521972656
HEM_PA81.nii.gz,2,foreground,blur,real_action_oracle,encoder_bottleneck_deepest,1x320x6x6x6,0.0,1.0,True,1.0,True,258.8397521972656,258.8397521972656
HEM_PA81.nii.gz,3,foreground,gamma,identity_source,encoder_stage_2,1x64x96x96x96,0.03056441619992256,,False,0.0,True,0.0,1498.2628173828125
HEM_PA81.nii.gz,3,foreground,gamma,correct_action_wp,encoder_stage_2,1x64x96x96x96,0.029011951759457588,0.22586777806282043,True,0.24080421030521393,True,360.7879943847656,1498.2628173828125
HEM_PA81.nii.gz,3,foreground,gamma,wrong_action_wp,encoder_stage_2,1x64x96x96x96,0.10854282975196838,-0.04734671488404274,True,1.5506278276443481,True,2323.248046875,1498.2628173828125
HEM_PA81.nii.gz,3,foreground,gamma,real_action_oracle,encoder_stage_2,1x64x96x96x96,0.0,0.9999991059303284,True,1.0,True,1498.2628173828125,1498.2628173828125
HEM_PA81.nii.gz,3,foreground,gamma,identity_source,encoder_stage_3,1x128x48x48x48,0.02588883973658085,,False,0.0,True,0.0,824.666015625
HEM_PA81.nii.gz,3,foreground,gamma,correct_action_wp,encoder_stage_3,1x128x48x48x48,0.02579338662326336,0.06941414624452591,True,0.10304734110832214,True,84.9796371459961,824.666015625
HEM_PA81.nii.gz,3,foreground,gamma,wrong_action_wp,encoder_stage_3,1x128x48x48x48,0.046557649970054626,-0.044882599264383316,True,0.8497581481933594,True,700.7666625976562,824.666015625
HEM_PA81.nii.gz,3,foreground,gamma,real_action_oracle,encoder_stage_3,1x128x48x48x48,0.0,0.9999997019767761,True,1.0,True,824.666015625,824.666015625
HEM_PA81.nii.gz,3,foreground,gamma,identity_source,encoder_stage_4,1x256x24x24x24,0.029849203303456306,,False,0.0,True,0.0,562.4178466796875
HEM_PA81.nii.gz,3,foreground,gamma,correct_action_wp,encoder_stage_4,1x256x24x24x24,0.029841696843504906,0.03746367245912552,True,0.0714053064584732,True,40.15961837768555,562.4178466796875
HEM_PA81.nii.gz,3,foreground,gamma,wrong_action_wp,encoder_stage_4,1x256x24x24x24,0.03789454326033592,-0.06545159965753555,True,0.45782333612442017,True,257.4880065917969,562.4178466796875
HEM_PA81.nii.gz,3,foreground,gamma,real_action_oracle,encoder_stage_4,1x256x24x24x24,0.0,0.9999998807907104,True,1.0,True,562.4178466796875,562.4178466796875
HEM_PA81.nii.gz,3,foreground,gamma,identity_source,encoder_stage_5,1x320x12x12x12,0.035920511931180954,,False,0.0,True,0.0,380.5009460449219
HEM_PA81.nii.gz,3,foreground,gamma,correct_action_wp,encoder_stage_5,1x320x12x12x12,0.03595464676618576,0.004435347858816385,True,0.03558177128434181,True,13.538897514343262,380.5009460449219
HEM_PA81.nii.gz,3,foreground,gamma,wrong_action_wp,encoder_stage_5,1x320x12x12x12,0.041810549795627594,-0.007961218245327473,True,0.39705443382263184,True,151.07958984375,380.5009460449219
HEM_PA81.nii.gz,3,foreground,gamma,real_action_oracle,encoder_stage_5,1x320x12x12x12,0.0,0.9999998807907104,True,1.0,True,380.5009460449219,380.5009460449219
HEM_PA81.nii.gz,3,foreground,gamma,identity_source,encoder_bottleneck_deepest,1x320x6x6x6,0.029921485111117363,,False,0.0,True,0.0,146.70907592773438
HEM_PA81.nii.gz,3,foreground,gamma,correct_action_wp,encoder_bottleneck_deepest,1x320x6x6x6,0.030293630436062813,-0.04153456166386604,True,0.07747170329093933,True,11.365801811218262,146.70907592773438
HEM_PA81.nii.gz,3,foreground,gamma,wrong_action_wp,encoder_bottleneck_deepest,1x320x6x6x6,0.030293630436062813,-0.04153456166386604,True,0.07747170329093933,True,11.365801811218262,146.70907592773438
HEM_PA81.nii.gz,3,foreground,gamma,real_action_oracle,encoder_bottleneck_deepest,1x320x6x6x6,0.0,0.9999998807907104,True,1.0,True,146.70907592773438,146.70907592773438
HEM_PA81.nii.gz,3,foreground,blur,identity_source,encoder_stage_2,1x64x96x96x96,0.20458991825580597,,False,0.0,True,0.0,3729.152587890625
HEM_PA81.nii.gz,3,foreground,blur,correct_action_wp,encoder_stage_2,1x64x96x96x96,0.1437794417142868,0.5500479936599731,True,0.6229962706565857,True,2323.248046875,3729.152587890625
HEM_PA81.nii.gz,3,foreground,blur,wrong_action_wp,encoder_stage_2,1x64x96x96x96,0.20812277495861053,-0.04086799547076225,True,0.096747986972332,True,360.7879943847656,3729.152587890625
HEM_PA81.nii.gz,3,foreground,blur,real_action_oracle,encoder_stage_2,1x64x96x96x96,0.0,0.9999999403953552,True,1.0,True,3729.152587890625,3729.152587890625
HEM_PA81.nii.gz,3,foreground,blur,identity_source,encoder_stage_3,1x128x48x48x48,0.13447880744934082,,False,0.0,True,0.0,1846.451416015625
HEM_PA81.nii.gz,3,foreground,blur,correct_action_wp,encoder_stage_3,1x128x48x48x48,0.12403133511543274,0.292111337184906,True,0.3795207738876343,True,700.7666625976562,1846.451416015625
HEM_PA81.nii.gz,3,foreground,blur,wrong_action_wp,encoder_stage_3,1x128x48x48x48,0.13525612652301788,-0.03978439047932625,True,0.04602321982383728,True,84.9796371459961,1846.451416015625
HEM_PA81.nii.gz,3,foreground,blur,real_action_oracle,encoder_stage_3,1x128x48x48x48,0.0,0.9999999403953552,True,1.0,True,1846.451416015625,1846.451416015625
HEM_PA81.nii.gz,3,foreground,blur,identity_source,encoder_stage_4,1x256x24x24x24,0.11612877249717712,,False,0.0,True,0.0,1123.34619140625
HEM_PA81.nii.gz,3,foreground,blur,correct_action_wp,encoder_stage_4,1x256x24x24x24,0.11411120742559433,0.15250557661056519,True,0.22921518981456757,True,257.4880065917969,1123.34619140625
HEM_PA81.nii.gz,3,foreground,blur,wrong_action_wp,encoder_stage_4,1x256x24x24x24,0.11643264442682266,-0.018722347915172577,True,0.03574999421834946,True,40.15961837768555,1123.34619140625
HEM_PA81.nii.gz,3,foreground,blur,real_action_oracle,encoder_stage_4,1x256x24x24x24,0.0,0.9999998807907104,True,1.0,True,1123.34619140625,1123.34619140625
HEM_PA81.nii.gz,3,foreground,blur,identity_source,encoder_stage_5,1x320x12x12x12,0.15869595110416412,,False,0.0,True,0.0,784.2140502929688
HEM_PA81.nii.gz,3,foreground,blur,correct_action_wp,encoder_stage_5,1x320x12x12x12,0.1597577929496765,0.07895989716053009,True,0.1926509588956833,True,151.07958984375,784.2140502929688
HEM_PA81.nii.gz,3,foreground,blur,wrong_action_wp,encoder_stage_5,1x320x12x12x12,0.1586204171180725,0.022413533180952072,True,0.017264287918806076,True,13.538897514343262,784.2140502929688
HEM_PA81.nii.gz,3,foreground,blur,real_action_oracle,encoder_stage_5,1x320x12x12x12,0.0,1.0,True,1.0,True,784.2140502929688,784.2140502929688
HEM_PA81.nii.gz,3,foreground,blur,identity_source,encoder_bottleneck_deepest,1x320x6x6x6,0.13117635250091553,,False,0.0,True,0.0,304.16961669921875
HEM_PA81.nii.gz,3,foreground,blur,correct_action_wp,encoder_bottleneck_deepest,1x320x6x6x6,0.1308063417673111,0.05642613396048546,True,0.037366658449172974,True,11.365801811218262,304.16961669921875
HEM_PA81.nii.gz,3,foreground,blur,wrong_action_wp,encoder_bottleneck_deepest,1x320x6x6x6,0.1308063417673111,0.05642613396048546,True,0.037366658449172974,True,11.365801811218262,304.16961669921875
HEM_PA81.nii.gz,3,foreground,blur,real_action_oracle,encoder_bottleneck_deepest,1x320x6x6x6,0.0,0.9999999403953552,True,1.0,True,304.16961669921875,304.16961669921875
HEM_PA89.nii.gz,0,context,gamma,identity_source,encoder_stage_2,1x64x96x96x96,0.014116994105279446,,False,0.0,True,0.0,980.3319091796875
HEM_PA89.nii.gz,0,context,gamma,correct_action_wp,encoder_stage_2,1x64x96x96x96,0.013910692185163498,0.1972876340150833,True,0.3531997501850128,True,346.25299072265625,980.3319091796875
HEM_PA89.nii.gz,0,context,gamma,wrong_action_wp,encoder_stage_2,1x64x96x96x96,0.08840995281934738,-0.0636405497789383,True,2.2312912940979004,True,2187.406005859375,980.3319091796875
HEM_PA89.nii.gz,0,context,gamma,real_action_oracle,encoder_stage_2,1x64x96x96x96,0.0,0.9999988079071045,True,1.0,True,980.3319091796875,980.3319091796875
HEM_PA89.nii.gz,0,context,gamma,identity_source,encoder_stage_3,1x128x48x48x48,0.01075590681284666,,False,0.0,True,0.0,520.2073974609375
HEM_PA89.nii.gz,0,context,gamma,correct_action_wp,encoder_stage_3,1x128x48x48x48,0.010715929791331291,0.10553344339132309,True,0.1916762739419937,True,99.71141815185547,520.2073974609375
HEM_PA89.nii.gz,0,context,gamma,wrong_action_wp,encoder_stage_3,1x128x48x48x48,0.030887914821505547,-0.053217072039842606,True,1.3159245252609253,True,684.5536499023438,520.2073974609375
HEM_PA89.nii.gz,0,context,gamma,real_action_oracle,encoder_stage_3,1x128x48x48x48,0.0,0.9999997615814209,True,1.0,True,520.2073974609375,520.2073974609375
HEM_PA89.nii.gz,0,context,gamma,identity_source,encoder_stage_4,1x256x24x24x24,0.011102103628218174,,False,0.0,True,0.0,332.7873229980469
HEM_PA89.nii.gz,0,context,gamma,correct_action_wp,encoder_stage_4,1x256x24x24x24,0.011227117851376534,0.013499155640602112,True,0.12046964466571808,True,40.09077072143555,332.7873229980469
HEM_PA89.nii.gz,0,context,gamma,wrong_action_wp,encoder_stage_4,1x256x24x24x24,0.01666889898478985,-0.03376147150993347,True,0.6751518249511719,True,224.6819610595703,332.7873229980469
HEM_PA89.nii.gz,0,context,gamma,real_action_oracle,encoder_stage_4,1x256x24x24x24,0.0,0.9999999403953552,True,1.0,True,332.7873229980469,332.7873229980469
HEM_PA89.nii.gz,0,context,gamma,identity_source,encoder_stage_5,1x320x12x12x12,0.0097868787124753,,False,0.0,True,0.0,196.98410034179688
HEM_PA89.nii.gz,0,context,gamma,correct_action_wp,encoder_stage_5,1x320x12x12x12,0.00986160896718502,-0.021181797608733177,True,0.0687309131026268,True,13.538897514343262,196.98410034179688
HEM_PA89.nii.gz,0,context,gamma,wrong_action_wp,encoder_stage_5,1x320x12x12x12,0.015323461033403873,0.003225744003430009,True,0.7553728222846985,True,148.7964324951172,196.98410034179688
HEM_PA89.nii.gz,0,context,gamma,real_action_oracle,encoder_stage_5,1x320x12x12x12,0.0,1.0,True,1.0,True,196.98410034179688,196.98410034179688
HEM_PA89.nii.gz,0,context,gamma,identity_source,encoder_bottleneck_deepest,1x320x6x6x6,0.007695584092289209,,False,0.0,True,0.0,73.98896026611328
HEM_PA89.nii.gz,0,context,gamma,correct_action_wp,encoder_bottleneck_deepest,1x320x6x6x6,0.008007737807929516,-0.05521976575255394,True,0.1536148339509964,True,11.365801811218262,73.98896026611328
HEM_PA89.nii.gz,0,context,gamma,wrong_action_wp,encoder_bottleneck_deepest,1x320x6x6x6,0.008007737807929516,-0.05521976575255394,True,0.1536148339509964,True,11.365801811218262,73.98896026611328
HEM_PA89.nii.gz,0,context,gamma,real_action_oracle,encoder_bottleneck_deepest,1x320x6x6x6,0.0,1.0000001192092896,True,1.0,True,73.98896026611328,73.98896026611328
HEM_PA89.nii.gz,0,context,blur,identity_source,encoder_stage_2,1x64x96x96x96,0.18375471234321594,,False,0.0,True,0.0,3440.615966796875
HEM_PA89.nii.gz,0,context,blur,correct_action_wp,encoder_stage_2,1x64x96x96x96,0.12570203840732574,0.566342294216156,True,0.6357600092887878,True,2187.406005859375,3440.615966796875
HEM_PA89.nii.gz,0,context,blur,wrong_action_wp,encoder_stage_2,1x64x96x96x96,0.18803170323371887,-0.06532253324985504,True,0.10063692182302475,True,346.25299072265625,3440.615966796875
HEM_PA89.nii.gz,0,context,blur,real_action_oracle,encoder_stage_2,1x64x96x96x96,0.0,1.0,True,1.0,True,3440.615966796875,3440.615966796875
HEM_PA89.nii.gz,0,context,blur,identity_source,encoder_stage_3,1x128x48x48x48,0.12505176663398743,,False,0.0,True,0.0,1763.6671142578125
HEM_PA89.nii.gz,0,context,blur,correct_action_wp,encoder_stage_3,1x128x48x48x48,0.11344428360462189,0.313642680644989,True,0.3881421983242035,True,684.5536499023438,1763.6671142578125
HEM_PA89.nii.gz,0,context,blur,wrong_action_wp,encoder_stage_3,1x128x48x48x48,0.12638500332832336,-0.06602007150650024,True,0.056536417454481125,True,99.71141815185547,1763.6671142578125
HEM_PA89.nii.gz,0,context,blur,real_action_oracle,encoder_stage_3,1x128x48x48x48,0.0,0.9999997615814209,True,1.0,True,1763.6671142578125,1763.6671142578125
HEM_PA89.nii.gz,0,context,blur,identity_source,encoder_stage_4,1x256x24x24x24,0.10515712946653366,,False,0.0,True,0.0,1045.4554443359375
HEM_PA89.nii.gz,0,context,blur,correct_action_wp,encoder_stage_4,1x256x24x24x24,0.10266943275928497,0.1624947041273117,True,0.2149129956960678,True,224.6819610595703,1045.4554443359375
HEM_PA89.nii.gz,0,context,blur,wrong_action_wp,encoder_stage_4,1x256x24x24x24,0.10540703684091568,-0.011814169585704803,True,0.03834766149520874,True,40.09077072143555,1045.4554443359375
HEM_PA89.nii.gz,0,context,blur,real_action_oracle,encoder_stage_4,1x256x24x24x24,0.0,0.9999997615814209,True,1.0,True,1045.4554443359375,1045.4554443359375
HEM_PA89.nii.gz,0,context,blur,identity_source,encoder_stage_5,1x320x12x12x12,0.12648041546344757,,False,0.0,True,0.0,703.971923828125
HEM_PA89.nii.gz,0,context,blur,correct_action_wp,encoder_stage_5,1x320x12x12x12,0.11917031556367874,0.24240370094776154,True,0.21136699616909027,True,148.7964324951172,703.971923828125
HEM_PA89.nii.gz,0,context,blur,wrong_action_wp,encoder_stage_5,1x320x12x12x12,0.12657524645328522,-0.009875609539449215,True,0.01923215575516224,True,13.538897514343262,703.971923828125
HEM_PA89.nii.gz,0,context,blur,real_action_oracle,encoder_stage_5,1x320x12x12x12,0.0,0.9999998807907104,True,1.0,True,703.971923828125,703.971923828125
HEM_PA89.nii.gz,0,context,blur,identity_source,encoder_bottleneck_deepest,1x320x6x6x6,0.09848286211490631,,False,0.0,True,0.0,265.04449462890625
HEM_PA89.nii.gz,0,context,blur,correct_action_wp,encoder_bottleneck_deepest,1x320x6x6x6,0.09826672077178955,0.04703376069664955,True,0.04288261756300926,True,11.365801811218262,265.04449462890625
HEM_PA89.nii.gz,0,context,blur,wrong_action_wp,encoder_bottleneck_deepest,1x320x6x6x6,0.09826672077178955,0.04703376069664955,True,0.04288261756300926,True,11.365801811218262,265.04449462890625
HEM_PA89.nii.gz,0,context,blur,real_action_oracle,encoder_bottleneck_deepest,1x320x6x6x6,0.0,1.0,True,1.0,True,265.04449462890625,265.04449462890625
HEM_PA89.nii.gz,1,context,gamma,identity_source,encoder_stage_2,1x64x96x96x96,0.019837960600852966,,False,0.0,True,0.0,1220.0198974609375
HEM_PA89.nii.gz,1,context,gamma,correct_action_wp,encoder_stage_2,1x64x96x96x96,0.019242320209741592,0.19691911339759827,True,0.2904704809188843,True,354.3797607421875,1220.0198974609375
HEM_PA89.nii.gz,1,context,gamma,wrong_action_wp,encoder_stage_2,1x64x96x96x96,0.10047167539596558,-0.011614769697189331,True,2.0045082569122314,True,2445.5400390625,1220.0198974609375
HEM_PA89.nii.gz,1,context,gamma,real_action_oracle,encoder_stage_2,1x64x96x96x96,0.0,0.9999987483024597,True,1.0,True,1220.0198974609375,1220.0198974609375
HEM_PA89.nii.gz,1,context,gamma,identity_source,encoder_stage_3,1x128x48x48x48,0.016669126227498055,,False,0.0,True,0.0,661.6146850585938
HEM_PA89.nii.gz,1,context,gamma,correct_action_wp,encoder_stage_3,1x128x48x48x48,0.01657111942768097,0.09063288569450378,True,0.13895286619663239,True,91.93325805664062,661.6146850585938
HEM_PA89.nii.gz,1,context,gamma,wrong_action_wp,encoder_stage_3,1x128x48x48x48,0.03669729456305504,-0.04079641401767731,True,1.0560979843139648,True,698.7299194335938,661.6146850585938
HEM_PA89.nii.gz,1,context,gamma,real_action_oracle,encoder_stage_3,1x128x48x48x48,0.0,0.9999998807907104,True,1.0,True,661.6146850585938,661.6146850585938
HEM_PA89.nii.gz,1,context,gamma,identity_source,encoder_stage_4,1x256x24x24x24,0.017686881124973297,,False,0.0,True,0.0,428.55316162109375
HEM_PA89.nii.gz,1,context,gamma,correct_action_wp,encoder_stage_4,1x256x24x24x24,0.0176344346255064,0.06270135194063187,True,0.09378278255462646,True,40.1909065246582,428.55316162109375
HEM_PA89.nii.gz,1,context,gamma,wrong_action_wp,encoder_stage_4,1x256x24x24x24,0.027767863124608994,-0.07879046350717545,True,0.6802730560302734,True,291.5331726074219,428.55316162109375
HEM_PA89.nii.gz,1,context,gamma,real_action_oracle,encoder_stage_4,1x256x24x24x24,0.0,1.0,True,1.0,True,428.55316162109375,428.55316162109375
HEM_PA89.nii.gz,1,context,gamma,identity_source,encoder_stage_5,1x320x12x12x12,0.01507500745356083,,False,0.0,True,0.0,249.2176513671875
HEM_PA89.nii.gz,1,context,gamma,correct_action_wp,encoder_stage_5,1x320x12x12x12,0.015095497481524944,0.014652780257165432,True,0.05432559549808502,True,13.538897514343262,249.2176513671875
HEM_PA89.nii.gz,1,context,gamma,wrong_action_wp,encoder_stage_5,1x320x12x12x12,0.021711353212594986,0.01221753191202879,True,0.6758219599723816,True,168.4267578125,249.2176513671875
HEM_PA89.nii.gz,1,context,gamma,real_action_oracle,encoder_stage_5,1x320x12x12x12,0.0,1.0000001192092896,True,1.0,True,249.2176513671875,249.2176513671875
HEM_PA89.nii.gz,1,context,gamma,identity_source,encoder_bottleneck_deepest,1x320x6x6x6,0.011281047016382217,,False,0.0,True,0.0,90.75942993164062
HEM_PA89.nii.gz,1,context,gamma,correct_action_wp,encoder_bottleneck_deepest,1x320x6x6x6,0.011460470966994762,-0.0008874995983205736,True,0.12522998452186584,True,11.365801811218262,90.75942993164062
HEM_PA89.nii.gz,1,context,gamma,wrong_action_wp,encoder_bottleneck_deepest,1x320x6x6x6,0.011460470966994762,-0.0008874995983205736,True,0.12522998452186584,True,11.365801811218262,90.75942993164062
HEM_PA89.nii.gz,1,context,gamma,real_action_oracle,encoder_bottleneck_deepest,1x320x6x6x6,0.0,1.0,True,1.0,True,90.75942993164062,90.75942993164062
HEM_PA89.nii.gz,1,context,blur,identity_source,encoder_stage_2,1x64x96x96x96,0.2376376986503601,,False,0.0,True,0.0,4144.89404296875
HEM_PA89.nii.gz,1,context,blur,correct_action_wp,encoder_stage_2,1x64x96x96x96,0.17055276036262512,0.5342379212379456,True,0.5900126695632935,True,2445.5400390625,4144.89404296875
HEM_PA89.nii.gz,1,context,blur,wrong_action_wp,encoder_stage_2,1x64x96x96x96,0.23996825516223907,-0.01460404135286808,True,0.0854979082942009,True,354.3797607421875,4144.89404296875
HEM_PA89.nii.gz,1,context,blur,real_action_oracle,encoder_stage_2,1x64x96x96x96,0.0,1.000000238418579,True,1.0,True,4144.89404296875,4144.89404296875
HEM_PA89.nii.gz,1,context,blur,identity_source,encoder_stage_3,1x128x48x48x48,0.16894026100635529,,False,0.0,True,0.0,2078.02685546875
HEM_PA89.nii.gz,1,context,blur,correct_action_wp,encoder_stage_3,1x128x48x48x48,0.15077462792396545,0.32801640033721924,True,0.3362468183040619,True,698.7299194335938,2078.02685546875
HEM_PA89.nii.gz,1,context,blur,wrong_action_wp,encoder_stage_3,1x128x48x48x48,0.1702881157398224,-0.06804800778627396,True,0.04424064978957176,True,91.93325805664062,2078.02685546875
HEM_PA89.nii.gz,1,context,blur,real_action_oracle,encoder_stage_3,1x128x48x48x48,0.0,1.0,True,1.0,True,2078.02685546875,2078.02685546875
HEM_PA89.nii.gz,1,context,blur,identity_source,encoder_stage_4,1x256x24x24x24,0.13703739643096924,,False,0.0,True,0.0,1215.5218505859375
HEM_PA89.nii.gz,1,context,blur,correct_action_wp,encoder_stage_4,1x256x24x24x24,0.13104689121246338,0.21105296909809113,True,0.2398419827222824,True,291.5331726074219,1215.5218505859375
HEM_PA89.nii.gz,1,context,blur,wrong_action_wp,encoder_stage_4,1x256x24x24x24,0.13749434053897858,-0.03388962522149086,True,0.03306473419070244,True,40.1909065246582,1215.5218505859375
HEM_PA89.nii.gz,1,context,blur,real_action_oracle,encoder_stage_4,1x256x24x24x24,0.0,1.0000001192092896,True,1.0,True,1215.5218505859375,1215.5218505859375
HEM_PA89.nii.gz,1,context,blur,identity_source,encoder_stage_5,1x320x12x12x12,0.1476573497056961,,False,0.0,True,0.0,770.0292358398438
HEM_PA89.nii.gz,1,context,blur,correct_action_wp,encoder_stage_5,1x320x12x12x12,0.13617736101150513,0.28709039092063904,True,0.2187277376651764,True,168.4267578125,770.0292358398438
HEM_PA89.nii.gz,1,context,blur,wrong_action_wp,encoder_stage_5,1x320x12x12x12,0.14763501286506653,0.013095862232148647,True,0.01758231595158577,True,13.538897514343262,770.0292358398438
HEM_PA89.nii.gz,1,context,blur,real_action_oracle,encoder_stage_5,1x320x12x12x12,0.0,1.0,True,1.0,True,770.0292358398438,770.0292358398438
HEM_PA89.nii.gz,1,context,blur,identity_source,encoder_bottleneck_deepest,1x320x6x6x6,0.11500249803066254,,False,0.0,True,0.0,287.63140869140625
HEM_PA89.nii.gz,1,context,blur,correct_action_wp,encoder_bottleneck_deepest,1x320x6x6x6,0.11424797028303146,0.10277536511421204,True,0.039515163749456406,True,11.365801811218262,287.63140869140625
HEM_PA89.nii.gz,1,context,blur,wrong_action_wp,encoder_bottleneck_deepest,1x320x6x6x6,0.11424797028303146,0.10277536511421204,True,0.039515163749456406,True,11.365801811218262,287.63140869140625
HEM_PA89.nii.gz,1,context,blur,real_action_oracle,encoder_bottleneck_deepest,1x320x6x6x6,0.0,1.0000001192092896,True,1.0,True,287.63140869140625,287.63140869140625
HEM_PA89.nii.gz,2,foreground,gamma,identity_source,encoder_stage_2,1x64x96x96x96,0.025281492620706558,,False,0.0,True,0.0,1377.6458740234375
HEM_PA89.nii.gz,2,foreground,gamma,correct_action_wp,encoder_stage_2,1x64x96x96x96,0.02450508624315262,0.1882367879152298,True,0.2569584846496582,True,353.997802734375,1377.6458740234375
HEM_PA89.nii.gz,2,foreground,gamma,wrong_action_wp,encoder_stage_2,1x64x96x96x96,0.10802393406629562,0.003240128280594945,True,1.8123438358306885,True,2496.76806640625,1377.6458740234375
HEM_PA89.nii.gz,2,foreground,gamma,real_action_oracle,encoder_stage_2,1x64x96x96x96,0.0,0.999998927116394,True,1.0,True,1377.6458740234375,1377.6458740234375
HEM_PA89.nii.gz,2,foreground,gamma,identity_source,encoder_stage_3,1x128x48x48x48,0.021534986793994904,,False,0.0,True,0.0,753.2681884765625
HEM_PA89.nii.gz,2,foreground,gamma,correct_action_wp,encoder_stage_3,1x128x48x48x48,0.021398238837718964,0.08721337467432022,True,0.12265533953905106,True,92.39236450195312,753.2681884765625
HEM_PA89.nii.gz,2,foreground,gamma,wrong_action_wp,encoder_stage_3,1x128x48x48x48,0.04147135466337204,-0.03328433260321617,True,0.929458737373352,True,700.1317138671875,753.2681884765625
HEM_PA89.nii.gz,2,foreground,gamma,real_action_oracle,encoder_stage_3,1x128x48x48x48,0.0,0.9999998807907104,True,1.0,True,753.2681884765625,753.2681884765625
HEM_PA89.nii.gz,2,foreground,gamma,identity_source,encoder_stage_4,1x256x24x24x24,0.023814789950847626,,False,0.0,True,0.0,498.222412109375
HEM_PA89.nii.gz,2,foreground,gamma,correct_action_wp,encoder_stage_4,1x256x24x24x24,0.023705365136265755,0.06881558895111084,True,0.08068092167377472,True,40.197044372558594,498.222412109375
HEM_PA89.nii.gz,2,foreground,gamma,wrong_action_wp,encoder_stage_4,1x256x24x24x24,0.0334346741437912,-0.06676936894655228,True,0.5722954273223877,True,285.1304016113281,498.222412109375
HEM_PA89.nii.gz,2,foreground,gamma,real_action_oracle,encoder_stage_4,1x256x24x24x24,0.0,0.9999999403953552,True,1.0,True,498.222412109375,498.222412109375
HEM_PA89.nii.gz,2,foreground,gamma,identity_source,encoder_stage_5,1x320x12x12x12,0.02381526306271553,,False,0.0,True,0.0,311.0064392089844
HEM_PA89.nii.gz,2,foreground,gamma,correct_action_wp,encoder_stage_5,1x320x12x12x12,0.02385493367910385,0.002632944146171212,True,0.04353253170847893,True,13.538897514343262,311.0064392089844
HEM_PA89.nii.gz,2,foreground,gamma,wrong_action_wp,encoder_stage_5,1x320x12x12x12,0.030521318316459656,0.00627559470012784,True,0.5369598269462585,True,166.9979705810547,311.0064392089844
HEM_PA89.nii.gz,2,foreground,gamma,real_action_oracle,encoder_stage_5,1x320x12x12x12,0.0,1.0,True,1.0,True,311.0064392089844,311.0064392089844
HEM_PA89.nii.gz,2,foreground,gamma,identity_source,encoder_bottleneck_deepest,1x320x6x6x6,0.018732378259301186,,False,0.0,True,0.0,116.3099594116211
HEM_PA89.nii.gz,2,foreground,gamma,correct_action_wp,encoder_bottleneck_deepest,1x320x6x6x6,0.018931958824396133,-0.005654229316860437,True,0.0977199375629425,True,11.365801811218262,116.3099594116211
HEM_PA89.nii.gz,2,foreground,gamma,wrong_action_wp,encoder_bottleneck_deepest,1x320x6x6x6,0.018931958824396133,-0.005654229316860437,True,0.0977199375629425,True,11.365801811218262,116.3099594116211
HEM_PA89.nii.gz,2,foreground,gamma,real_action_oracle,encoder_bottleneck_deepest,1x320x6x6x6,0.0,0.9999999403953552,True,1.0,True,116.3099594116211,116.3099594116211
HEM_PA89.nii.gz,2,foreground,blur,identity_source,encoder_stage_2,1x64x96x96x96,0.24751003086566925,,False,0.0,True,0.0,4231.08544921875
HEM_PA89.nii.gz,2,foreground,blur,correct_action_wp,encoder_stage_2,1x64x96x96x96,0.17593424022197723,0.5400792360305786,True,0.5901010632514954,True,2496.76806640625,4231.08544921875
HEM_PA89.nii.gz,2,foreground,blur,wrong_action_wp,encoder_stage_2,1x64x96x96x96,0.24942158162593842,-0.004321172367781401,True,0.08366595208644867,True,353.997802734375,4231.08544921875
HEM_PA89.nii.gz,2,foreground,blur,real_action_oracle,encoder_stage_2,1x64x96x96x96,0.0,0.9999995827674866,True,1.0,True,4231.08544921875,4231.08544921875
HEM_PA89.nii.gz,2,foreground,blur,identity_source,encoder_stage_3,1x128x48x48x48,0.1776907742023468,,False,0.0,True,0.0,2135.42236328125
HEM_PA89.nii.gz,2,foreground,blur,correct_action_wp,encoder_stage_3,1x128x48x48x48,0.15934205055236816,0.3214092254638672,True,0.32786568999290466,True,700.1317138671875,2135.42236328125
HEM_PA89.nii.gz,2,foreground,blur,wrong_action_wp,encoder_stage_3,1x128x48x48x48,0.17905966937541962,-0.06739320605993271,True,0.043266553431749344,True,92.39236450195312,2135.42236328125
HEM_PA89.nii.gz,2,foreground,blur,real_action_oracle,encoder_stage_3,1x128x48x48x48,0.0,1.0000001192092896,True,1.0,True,2135.42236328125,2135.42236328125
HEM_PA89.nii.gz,2,foreground,blur,identity_source,encoder_stage_4,1x256x24x24x24,0.1443779319524765,,False,0.0,True,0.0,1245.20263671875
HEM_PA89.nii.gz,2,foreground,blur,correct_action_wp,encoder_stage_4,1x256x24x24x24,0.13894599676132202,0.1966438889503479,True,0.22898313403129578,True,285.1304016113281,1245.20263671875
HEM_PA89.nii.gz,2,foreground,blur,wrong_action_wp,encoder_stage_4,1x256x24x24x24,0.1448533833026886,-0.03486562892794609,True,0.032281529158353806,True,40.197044372558594,1245.20263671875
HEM_PA89.nii.gz,2,foreground,blur,real_action_oracle,encoder_stage_4,1x256x24x24x24,0.0,0.9999997615814209,True,1.0,True,1245.20263671875,1245.20263671875
HEM_PA89.nii.gz,2,foreground,blur,identity_source,encoder_stage_5,1x320x12x12x12,0.14422312378883362,,False,0.0,True,0.0,757.124755859375
HEM_PA89.nii.gz,2,foreground,blur,correct_action_wp,encoder_stage_5,1x320x12x12x12,0.13910897076129913,0.19066745042800903,True,0.22056862711906433,True,166.9979705810547,757.124755859375
HEM_PA89.nii.gz,2,foreground,blur,wrong_action_wp,encoder_stage_5,1x320x12x12x12,0.14419317245483398,0.01474677212536335,True,0.01788198947906494,True,13.538897514343262,757.124755859375
HEM_PA89.nii.gz,2,foreground,blur,real_action_oracle,encoder_stage_5,1x320x12x12x12,0.0,1.000000238418579,True,1.0,True,757.124755859375,757.124755859375
HEM_PA89.nii.gz,2,foreground,blur,identity_source,encoder_bottleneck_deepest,1x320x6x6x6,0.11024215072393417,,False,0.0,True,0.0,280.8021240234375
HEM_PA89.nii.gz,2,foreground,blur,correct_action_wp,encoder_bottleneck_deepest,1x320x6x6x6,0.10989109426736832,0.05957546457648277,True,0.04047619551420212,True,11.365801811218262,280.8021240234375
HEM_PA89.nii.gz,2,foreground,blur,wrong_action_wp,encoder_bottleneck_deepest,1x320x6x6x6,0.10989109426736832,0.05957546457648277,True,0.04047619551420212,True,11.365801811218262,280.8021240234375
HEM_PA89.nii.gz,2,foreground,blur,real_action_oracle,encoder_bottleneck_deepest,1x320x6x6x6,0.0,1.0,True,1.0,True,280.8021240234375,280.8021240234375
HEM_PA89.nii.gz,3,foreground,gamma,identity_source,encoder_stage_2,1x64x96x96x96,0.020596830174326897,,False,0.0,True,0.0,1239.6962890625
HEM_PA89.nii.gz,3,foreground,gamma,correct_action_wp,encoder_stage_2,1x64x96x96x96,0.01991756074130535,0.20087029039859772,True,0.28671661019325256,True,355.4415283203125,1239.6962890625
HEM_PA89.nii.gz,3,foreground,gamma,wrong_action_wp,encoder_stage_2,1x64x96x96x96,0.10534019023180008,-0.03442375734448433,True,1.9942638874053955,True,2472.281494140625,1239.6962890625
HEM_PA89.nii.gz,3,foreground,gamma,real_action_oracle,encoder_stage_2,1x64x96x96x96,0.0,0.999998927116394,True,1.0,True,1239.6962890625,1239.6962890625
HEM_PA89.nii.gz,3,foreground,gamma,identity_source,encoder_stage_3,1x128x48x48x48,0.01597791537642479,,False,0.0,True,0.0,649.7593994140625
HEM_PA89.nii.gz,3,foreground,gamma,correct_action_wp,encoder_stage_3,1x128x48x48x48,0.015944184735417366,0.08081232011318207,True,0.14729195833206177,True,95.70433044433594,649.7593994140625
HEM_PA89.nii.gz,3,foreground,gamma,wrong_action_wp,encoder_stage_3,1x128x48x48x48,0.035588063299655914,-0.04489436745643616,True,1.0638632774353027,True,691.2551879882812,649.7593994140625
HEM_PA89.nii.gz,3,foreground,gamma,real_action_oracle,encoder_stage_3,1x128x48x48x48,0.0,0.9999997615814209,True,1.0,True,649.7593994140625,649.7593994140625
HEM_PA89.nii.gz,3,foreground,gamma,identity_source,encoder_stage_4,1x256x24x24x24,0.016128117218613625,,False,0.0,True,0.0,410.6285095214844
HEM_PA89.nii.gz,3,foreground,gamma,correct_action_wp,encoder_stage_4,1x256x24x24x24,0.01611095480620861,0.05435606464743614,True,0.09783422946929932,True,40.17352294921875,410.6285095214844
HEM_PA89.nii.gz,3,foreground,gamma,wrong_action_wp,encoder_stage_4,1x256x24x24x24,0.02437729947268963,-0.062256257981061935,True,0.6556254625320435,True,269.218505859375,410.6285095214844
HEM_PA89.nii.gz,3,foreground,gamma,real_action_oracle,encoder_stage_4,1x256x24x24x24,0.0,1.0000001192092896,True,1.0,True,410.6285095214844,410.6285095214844
HEM_PA89.nii.gz,3,foreground,gamma,identity_source,encoder_stage_5,1x320x12x12x12,0.017041360959410667,,False,0.0,True,0.0,261.1615295410156
HEM_PA89.nii.gz,3,foreground,gamma,correct_action_wp,encoder_stage_5,1x320x12x12x12,0.017066923901438713,0.01145197730511427,True,0.05184108763933182,True,13.538897514343262,261.1615295410156
HEM_PA89.nii.gz,3,foreground,gamma,wrong_action_wp,encoder_stage_5,1x320x12x12x12,0.022773129865527153,0.04110071808099747,True,0.6225073933601379,True,162.57498168945312,261.1615295410156
HEM_PA89.nii.gz,3,foreground,gamma,real_action_oracle,encoder_stage_5,1x320x12x12x12,0.0,1.0,True,1.0,True,261.1615295410156,261.1615295410156
HEM_PA89.nii.gz,3,foreground,gamma,identity_source,encoder_bottleneck_deepest,1x320x6x6x6,0.0138616431504488,,False,0.0,True,0.0,99.77041625976562
HEM_PA89.nii.gz,3,foreground,gamma,correct_action_wp,encoder_bottleneck_deepest,1x320x6x6x6,0.013992926105856895,0.0153916971758008,True,0.11391955614089966,True,11.365801811218262,99.77041625976562
HEM_PA89.nii.gz,3,foreground,gamma,wrong_action_wp,encoder_bottleneck_deepest,1x320x6x6x6,0.013992926105856895,0.0153916971758008,True,0.11391955614089966,True,11.365801811218262,99.77041625976562
HEM_PA89.nii.gz,3,foreground,gamma,real_action_oracle,encoder_bottleneck_deepest,1x320x6x6x6,0.0,1.000000238418579,True,1.0,True,99.77041625976562,99.77041625976562
HEM_PA89.nii.gz,3,foreground,blur,identity_source,encoder_stage_2,1x64x96x96x96,0.2225891798734665,,False,0.0,True,0.0,3967.4462890625
HEM_PA89.nii.gz,3,foreground,blur,correct_action_wp,encoder_stage_2,1x64x96x96x96,0.15274693071842194,0.5633371472358704,True,0.6231417655944824,True,2472.281494140625,3967.4462890625
HEM_PA89.nii.gz,3,foreground,blur,wrong_action_wp,encoder_stage_2,1x64x96x96x96,0.22536957263946533,-0.024917934089899063,True,0.08958949893712997,True,355.4415283203125,3967.4462890625
HEM_PA89.nii.gz,3,foreground,blur,real_action_oracle,encoder_stage_2,1x64x96x96x96,0.0,1.0000001192092896,True,1.0,True,3967.4462890625,3967.4462890625
HEM_PA89.nii.gz,3,foreground,blur,identity_source,encoder_stage_3,1x128x48x48x48,0.15347100794315338,,False,0.0,True,0.0,1994.296875
HEM_PA89.nii.gz,3,foreground,blur,correct_action_wp,encoder_stage_3,1x128x48x48x48,0.137838214635849,0.3202451467514038,True,0.3466159999370575,True,691.2551879882812,1994.296875
HEM_PA89.nii.gz,3,foreground,blur,wrong_action_wp,encoder_stage_3,1x128x48x48x48,0.1547292023897171,-0.06142444536089897,True,0.04798900708556175,True,95.70433044433594,1994.296875
HEM_PA89.nii.gz,3,foreground,blur,real_action_oracle,encoder_stage_3,1x128x48x48x48,0.0,0.9999998211860657,True,1.0,True,1994.296875,1994.296875
HEM_PA89.nii.gz,3,foreground,blur,identity_source,encoder_stage_4,1x256x24x24x24,0.12621784210205078,,False,0.0,True,0.0,1157.9178466796875
HEM_PA89.nii.gz,3,foreground,blur,correct_action_wp,encoder_stage_4,1x256x24x24x24,0.1230665072798729,0.16994383931159973,True,0.23250225186347961,True,269.218505859375,1157.9178466796875
HEM_PA89.nii.gz,3,foreground,blur,wrong_action_wp,encoder_stage_4,1x256x24x24x24,0.12653309106826782,-0.018650932237505913,True,0.034694623202085495,True,40.17352294921875,1157.9178466796875
HEM_PA89.nii.gz,3,foreground,blur,real_action_oracle,encoder_stage_4,1x256x24x24x24,0.0,0.9999998807907104,True,1.0,True,1157.9178466796875,1157.9178466796875
HEM_PA89.nii.gz,3,foreground,blur,identity_source,encoder_stage_5,1x320x12x12x12,0.13225793838500977,,False,0.0,True,0.0,726.642333984375
HEM_PA89.nii.gz,3,foreground,blur,correct_action_wp,encoder_stage_5,1x320x12x12x12,0.1297711431980133,0.15388737618923187,True,0.2237345278263092,True,162.57498168945312,726.642333984375
HEM_PA89.nii.gz,3,foreground,blur,wrong_action_wp,encoder_stage_5,1x320x12x12x12,0.13222163915634155,0.016681553795933723,True,0.018632134422659874,True,13.538897514343262,726.642333984375
HEM_PA89.nii.gz,3,foreground,blur,real_action_oracle,encoder_stage_5,1x320x12x12x12,0.0,1.0000001192092896,True,1.0,True,726.642333984375,726.642333984375
HEM_PA89.nii.gz,3,foreground,blur,identity_source,encoder_bottleneck_deepest,1x320x6x6x6,0.1014133095741272,,False,0.0,True,0.0,269.9114990234375
HEM_PA89.nii.gz,3,foreground,blur,correct_action_wp,encoder_bottleneck_deepest,1x320x6x6x6,0.1011696457862854,0.04958392307162285,True,0.04210936650633812,True,11.365801811218262,269.9114990234375
HEM_PA89.nii.gz,3,foreground,blur,wrong_action_wp,encoder_bottleneck_deepest,1x320x6x6x6,0.1011696457862854,0.04958392307162285,True,0.04210936650633812,True,11.365801811218262,269.9114990234375
HEM_PA89.nii.gz,3,foreground,blur,real_action_oracle,encoder_bottleneck_deepest,1x320x6x6x6,0.0,1.0,True,1.0,True,269.9114990234375,269.9114990234375
HEM_PA101.nii.gz,0,context,gamma,identity_source,encoder_stage_2,1x64x96x96x96,0.014219807460904121,,False,0.0,True,0.0,941.614501953125
HEM_PA101.nii.gz,0,context,gamma,correct_action_wp,encoder_stage_2,1x64x96x96x96,0.015616418793797493,0.07094956189393997,True,0.392274409532547,True,369.37127685546875,941.614501953125
HEM_PA101.nii.gz,0,context,gamma,wrong_action_wp,encoder_stage_2,1x64x96x96x96,0.09028662741184235,-0.06990255415439606,True,2.24402117729187,True,2113.0029296875,941.614501953125
HEM_PA101.nii.gz,0,context,gamma,real_action_oracle,encoder_stage_2,1x64x96x96x96,0.0,0.9999988675117493,True,1.0,True,941.614501953125,941.614501953125
HEM_PA101.nii.gz,0,context,gamma,identity_source,encoder_stage_3,1x128x48x48x48,0.0135293398052454,,False,0.0,True,0.0,580.185302734375
HEM_PA101.nii.gz,0,context,gamma,correct_action_wp,encoder_stage_3,1x128x48x48x48,0.013719356618821621,0.048885852098464966,True,0.17708304524421692,True,102.74098205566406,580.185302734375
HEM_PA101.nii.gz,0,context,gamma,wrong_action_wp,encoder_stage_3,1x128x48x48x48,0.030901532620191574,-0.07500908523797989,True,1.0606250762939453,True,615.3590698242188,580.185302734375
HEM_PA101.nii.gz,0,context,gamma,real_action_oracle,encoder_stage_3,1x128x48x48x48,0.0,0.9999998807907104,True,1.0,True,580.185302734375,580.185302734375
HEM_PA101.nii.gz,0,context,gamma,identity_source,encoder_stage_4,1x256x24x24x24,0.021150104701519012,,False,0.0,True,0.0,476.8721618652344
HEM_PA101.nii.gz,0,context,gamma,correct_action_wp,encoder_stage_4,1x256x24x24x24,0.02128385752439499,0.004890477750450373,True,0.0845642238855362,True,40.326324462890625,476.8721618652344
HEM_PA101.nii.gz,0,context,gamma,wrong_action_wp,encoder_stage_4,1x256x24x24x24,0.02533973567187786,-0.019408725202083588,True,0.42608770728111267,True,203.18936157226562,476.8721618652344
HEM_PA101.nii.gz,0,context,gamma,real_action_oracle,encoder_stage_4,1x256x24x24x24,0.0,0.9999999403953552,True,1.0,True,476.8721618652344,476.8721618652344
HEM_PA101.nii.gz,0,context,gamma,identity_source,encoder_stage_5,1x320x12x12x12,0.021008474752306938,,False,0.0,True,0.0,283.45294189453125
HEM_PA101.nii.gz,0,context,gamma,correct_action_wp,encoder_stage_5,1x320x12x12x12,0.021083272993564606,-0.013387709856033325,True,0.04776418209075928,True,13.538897514343262,283.45294189453125
HEM_PA101.nii.gz,0,context,gamma,wrong_action_wp,encoder_stage_5,1x320x12x12x12,0.026660803705453873,-0.006364414468407631,True,0.5123748183250427,True,145.23414611816406,283.45294189453125
HEM_PA101.nii.gz,0,context,gamma,real_action_oracle,encoder_stage_5,1x320x12x12x12,0.0,0.9999998807907104,True,1.0,True,283.45294189453125,283.45294189453125
HEM_PA101.nii.gz,0,context,gamma,identity_source,encoder_bottleneck_deepest,1x320x6x6x6,0.017206812277436256,,False,0.0,True,0.0,110.07691955566406
HEM_PA101.nii.gz,0,context,gamma,correct_action_wp,encoder_bottleneck_deepest,1x320x6x6x6,0.017532581463456154,-0.04005371779203415,True,0.10325326770544052,True,11.365801811218262,110.07691955566406
HEM_PA101.nii.gz,0,context,gamma,wrong_action_wp,encoder_bottleneck_deepest,1x320x6x6x6,0.017532581463456154,-0.04005371779203415,True,0.10325326770544052,True,11.365801811218262,110.07691955566406
HEM_PA101.nii.gz,0,context,gamma,real_action_oracle,encoder_bottleneck_deepest,1x320x6x6x6,0.0,1.0000001192092896,True,1.0,True,110.07691955566406,110.07691955566406
HEM_PA101.nii.gz,0,context,blur,identity_source,encoder_stage_2,1x64x96x96x96,0.15528692305088043,,False,0.0,True,0.0,3078.737548828125
HEM_PA101.nii.gz,0,context,blur,correct_action_wp,encoder_stage_2,1x64x96x96x96,0.12525439262390137,0.48405686020851135,True,0.6863211989402771,True,2113.0029296875,3078.737548828125
HEM_PA101.nii.gz,0,context,blur,wrong_action_wp,encoder_stage_2,1x64x96x96x96,0.15879392623901367,-0.034132104367017746,True,0.11997491866350174,True,369.37127685546875,3078.737548828125
HEM_PA101.nii.gz,0,context,blur,real_action_oracle,encoder_stage_2,1x64x96x96x96,0.0,0.9999998807907104,True,1.0,True,3078.737548828125,3078.737548828125
HEM_PA101.nii.gz,0,context,blur,identity_source,encoder_stage_3,1x128x48x48x48,0.11090286076068878,,False,0.0,True,0.0,1642.3035888671875
HEM_PA101.nii.gz,0,context,blur,correct_action_wp,encoder_stage_3,1x128x48x48x48,0.10833092033863068,0.2182929366827011,True,0.3746926486492157,True,615.3590698242188,1642.3035888671875
HEM_PA101.nii.gz,0,context,blur,wrong_action_wp,encoder_stage_3,1x128x48x48x48,0.11134987324476242,-0.0009343859273940325,True,0.06255906820297241,True,102.74098205566406,1642.3035888671875
HEM_PA101.nii.gz,0,context,blur,real_action_oracle,encoder_stage_3,1x128x48x48x48,0.0,1.0,True,1.0,True,1642.3035888671875,1642.3035888671875
HEM_PA101.nii.gz,0,context,blur,identity_source,encoder_stage_4,1x256x24x24x24,0.12477460503578186,,False,0.0,True,0.0,1171.8697509765625
HEM_PA101.nii.gz,0,context,blur,correct_action_wp,encoder_stage_4,1x256x24x24x24,0.1254773586988449,0.07045307755470276,True,0.1733890324831009,True,203.18936157226562,1171.8697509765625
HEM_PA101.nii.gz,0,context,blur,wrong_action_wp,encoder_stage_4,1x256x24x24x24,0.1250113844871521,-0.01036617998033762,True,0.0344119518995285,True,40.326324462890625,1171.8697509765625
HEM_PA101.nii.gz,0,context,blur,real_action_oracle,encoder_stage_4,1x256x24x24x24,0.0,1.0,True,1.0,True,1171.8697509765625,1171.8697509765625
HEM_PA101.nii.gz,0,context,blur,identity_source,encoder_stage_5,1x320x12x12x12,0.12206026166677475,,False,0.0,True,0.0,675.87060546875
HEM_PA101.nii.gz,0,context,blur,correct_action_wp,encoder_stage_5,1x320x12x12x12,0.1264500617980957,0.023759590461850166,True,0.21488454937934875,True,145.23414611816406,675.87060546875
HEM_PA101.nii.gz,0,context,blur,wrong_action_wp,encoder_stage_5,1x320x12x12x12,0.12205205112695694,0.011694790795445442,True,0.02003178931772709,True,13.538897514343262,675.87060546875
HEM_PA101.nii.gz,0,context,blur,real_action_oracle,encoder_stage_5,1x320x12x12x12,0.0,1.0,True,1.0,True,675.87060546875,675.87060546875
HEM_PA101.nii.gz,0,context,blur,identity_source,encoder_bottleneck_deepest,1x320x6x6x6,0.09315888583660126,,False,0.0,True,0.0,255.33619689941406
HEM_PA101.nii.gz,0,context,blur,correct_action_wp,encoder_bottleneck_deepest,1x320x6x6x6,0.09310119599103928,0.02921086736023426,True,0.04451308399438858,True,11.365801811218262,255.33619689941406
HEM_PA101.nii.gz,0,context,blur,wrong_action_wp,encoder_bottleneck_deepest,1x320x6x6x6,0.09310119599103928,0.02921086736023426,True,0.04451308399438858,True,11.365801811218262,255.33619689941406
HEM_PA101.nii.gz,0,context,blur,real_action_oracle,encoder_bottleneck_deepest,1x320x6x6x6,0.0,0.9999998807907104,True,1.0,True,255.33619689941406,255.33619689941406
HEM_PA101.nii.gz,1,context,gamma,identity_source,encoder_stage_2,1x64x96x96x96,0.015037916600704193,,False,0.0,True,0.0,1005.8024291992188
HEM_PA101.nii.gz,1,context,gamma,correct_action_wp,encoder_stage_2,1x64x96x96x96,0.014999949373304844,0.17743214964866638,True,0.34760069847106934,True,349.61761474609375,1005.8024291992188
HEM_PA101.nii.gz,1,context,gamma,wrong_action_wp,encoder_stage_2,1x64x96x96x96,0.08441876620054245,-0.049569446593523026,True,2.098961114883423,True,2111.14013671875,1005.8024291992188
HEM_PA101.nii.gz,1,context,gamma,real_action_oracle,encoder_stage_2,1x64x96x96x96,0.0,0.9999990463256836,True,1.0,True,1005.8024291992188,1005.8024291992188
HEM_PA101.nii.gz,1,context,gamma,identity_source,encoder_stage_3,1x128x48x48x48,0.012461083009839058,,False,0.0,True,0.0,564.9822998046875
HEM_PA101.nii.gz,1,context,gamma,correct_action_wp,encoder_stage_3,1x128x48x48x48,0.012532999739050865,0.06841710954904556,True,0.17065246403217316,True,96.41561889648438,564.9822998046875
HEM_PA101.nii.gz,1,context,gamma,wrong_action_wp,encoder_stage_3,1x128x48x48x48,0.030934423208236694,-0.051943521946668625,True,1.166736364364624,True,659.1854248046875,564.9822998046875
HEM_PA101.nii.gz,1,context,gamma,real_action_oracle,encoder_stage_3,1x128x48x48x48,0.0,0.9999998211860657,True,1.0,True,564.9822998046875,564.9822998046875
HEM_PA101.nii.gz,1,context,gamma,identity_source,encoder_stage_4,1x256x24x24x24,0.01340568345040083,,False,0.0,True,0.0,376.84381103515625
HEM_PA101.nii.gz,1,context,gamma,correct_action_wp,encoder_stage_4,1x256x24x24x24,0.013445504941046238,0.03919252008199692,True,0.10632258653640747,True,40.06700897216797,376.84381103515625
HEM_PA101.nii.gz,1,context,gamma,wrong_action_wp,encoder_stage_4,1x256x24x24x24,0.01836535520851612,-0.05658159404993057,True,0.5542942881584167,True,208.8823699951172,376.84381103515625
HEM_PA101.nii.gz,1,context,gamma,real_action_oracle,encoder_stage_4,1x256x24x24x24,0.0,0.9999997615814209,True,1.0,True,376.84381103515625,376.84381103515625
HEM_PA101.nii.gz,1,context,gamma,identity_source,encoder_stage_5,1x320x12x12x12,0.012447559274733067,,False,0.0,True,0.0,217.4276885986328
HEM_PA101.nii.gz,1,context,gamma,correct_action_wp,encoder_stage_5,1x320x12x12x12,0.01250041089951992,-0.002960024168714881,True,0.06226850673556328,True,13.538897514343262,217.4276885986328
HEM_PA101.nii.gz,1,context,gamma,wrong_action_wp,encoder_stage_5,1x320x12x12x12,0.018660079687833786,-0.04755222424864769,True,0.6605132222175598,True,143.61386108398438,217.4276885986328
HEM_PA101.nii.gz,1,context,gamma,real_action_oracle,encoder_stage_5,1x320x12x12x12,0.0,1.0,True,1.0,True,217.4276885986328,217.4276885986328
HEM_PA101.nii.gz,1,context,gamma,identity_source,encoder_bottleneck_deepest,1x320x6x6x6,0.009664918296039104,,False,0.0,True,0.0,82.1431655883789
HEM_PA101.nii.gz,1,context,gamma,correct_action_wp,encoder_bottleneck_deepest,1x320x6x6x6,0.009920918382704258,-0.026532456278800964,True,0.1383657604455948,True,11.365801811218262,82.1431655883789
HEM_PA101.nii.gz,1,context,gamma,wrong_action_wp,encoder_bottleneck_deepest,1x320x6x6x6,0.009920918382704258,-0.026532456278800964,True,0.1383657604455948,True,11.365801811218262,82.1431655883789
HEM_PA101.nii.gz,1,context,gamma,real_action_oracle,encoder_bottleneck_deepest,1x320x6x6x6,0.0,1.0000001192092896,True,1.0,True,82.1431655883789,82.1431655883789
HEM_PA101.nii.gz,1,context,blur,identity_source,encoder_stage_2,1x64x96x96x96,0.16122959554195404,,False,0.0,True,0.0,3229.0361328125
HEM_PA101.nii.gz,1,context,blur,correct_action_wp,encoder_stage_2,1x64x96x96x96,0.11844486743211746,0.5298405289649963,True,0.6537988781929016,True,2111.14013671875,3229.0361328125
HEM_PA101.nii.gz,1,context,blur,wrong_action_wp,encoder_stage_2,1x64x96x96x96,0.16474111378192902,-0.046441011130809784,True,0.10827305912971497,True,349.61761474609375,3229.0361328125
HEM_PA101.nii.gz,1,context,blur,real_action_oracle,encoder_stage_2,1x64x96x96x96,0.0,1.0000001192092896,True,1.0,True,3229.0361328125,3229.0361328125
HEM_PA101.nii.gz,1,context,blur,identity_source,encoder_stage_3,1x128x48x48x48,0.11127868294715881,,False,0.0,True,0.0,1666.09375
HEM_PA101.nii.gz,1,context,blur,correct_action_wp,encoder_stage_3,1x128x48x48x48,0.10192891210317612,0.3040056526660919,True,0.395647257566452,True,659.1854248046875,1666.09375
HEM_PA101.nii.gz,1,context,blur,wrong_action_wp,encoder_stage_3,1x128x48x48x48,0.11199548840522766,-0.026720572263002396,True,0.057869262993335724,True,96.41561889648438,1666.09375
HEM_PA101.nii.gz,1,context,blur,real_action_oracle,encoder_stage_3,1x128x48x48x48,0.0,0.9999998211860657,True,1.0,True,1666.09375,1666.09375
HEM_PA101.nii.gz,1,context,blur,identity_source,encoder_stage_4,1x256x24x24x24,0.10139962285757065,,False,0.0,True,0.0,1048.2579345703125
HEM_PA101.nii.gz,1,context,blur,correct_action_wp,encoder_stage_4,1x256x24x24x24,0.10041532665491104,0.12399029731750488,True,0.1992661952972412,True,208.8823699951172,1048.2579345703125
HEM_PA101.nii.gz,1,context,blur,wrong_action_wp,encoder_stage_4,1x256x24x24x24,0.10172446817159653,-0.022795582190155983,True,0.03822247311472893,True,40.06700897216797,1048.2579345703125
HEM_PA101.nii.gz,1,context,blur,real_action_oracle,encoder_stage_4,1x256x24x24x24,0.0,0.9999998807907104,True,1.0,True,1048.2579345703125,1048.2579345703125
HEM_PA101.nii.gz,1,context,blur,identity_source,encoder_stage_5,1x320x12x12x12,0.10132722556591034,,False,0.0,True,0.0,615.4639282226562
HEM_PA101.nii.gz,1,context,blur,correct_action_wp,encoder_stage_5,1x320x12x12x12,0.10435197502374649,0.05270685255527496,True,0.23334245383739471,True,143.61386108398438,615.4639282226562
HEM_PA101.nii.gz,1,context,blur,wrong_action_wp,encoder_stage_5,1x320x12x12x12,0.10132195055484772,0.01218385063111782,True,0.02199787274003029,True,13.538897514343262,615.4639282226562
HEM_PA101.nii.gz,1,context,blur,real_action_oracle,encoder_stage_5,1x320x12x12x12,0.0,0.9999999403953552,True,1.0,True,615.4639282226562,615.4639282226562
HEM_PA101.nii.gz,1,context,blur,identity_source,encoder_bottleneck_deepest,1x320x6x6x6,0.07608862966299057,,False,0.0,True,0.0,231.2578125
HEM_PA101.nii.gz,1,context,blur,correct_action_wp,encoder_bottleneck_deepest,1x320x6x6x6,0.07617270201444626,0.01333258580416441,True,0.049147751182317734,True,11.365801811218262,231.2578125
HEM_PA101.nii.gz,1,context,blur,wrong_action_wp,encoder_bottleneck_deepest,1x320x6x6x6,0.07617270201444626,0.01333258580416441,True,0.049147751182317734,True,11.365801811218262,231.2578125
HEM_PA101.nii.gz,1,context,blur,real_action_oracle,encoder_bottleneck_deepest,1x320x6x6x6,0.0,1.0,True,1.0,True,231.2578125,231.2578125
HEM_PA101.nii.gz,2,foreground,gamma,identity_source,encoder_stage_2,1x64x96x96x96,0.03481949120759964,,False,0.0,True,0.0,1615.497314453125
HEM_PA101.nii.gz,2,foreground,gamma,correct_action_wp,encoder_stage_2,1x64x96x96x96,0.03320540115237236,0.21531778573989868,True,0.217767134308815,True,351.8022155761719,1615.497314453125
HEM_PA101.nii.gz,2,foreground,gamma,wrong_action_wp,encoder_stage_2,1x64x96x96x96,0.11447714269161224,-0.036425210535526276,True,1.4765383005142212,True,2385.34375,1615.497314453125
HEM_PA101.nii.gz,2,foreground,gamma,real_action_oracle,encoder_stage_2,1x64x96x96x96,0.0,0.9999986886978149,True,1.0,True,1615.497314453125,1615.497314453125
HEM_PA101.nii.gz,2,foreground,gamma,identity_source,encoder_stage_3,1x128x48x48x48,0.029766038060188293,,False,0.0,True,0.0,893.270263671875
HEM_PA101.nii.gz,2,foreground,gamma,correct_action_wp,encoder_stage_3,1x128x48x48x48,0.029474318027496338,0.09901793301105499,True,0.10105200856924057,True,90.26675415039062,893.270263671875
HEM_PA101.nii.gz,2,foreground,gamma,wrong_action_wp,encoder_stage_3,1x128x48x48x48,0.049449268728494644,-0.04240187630057335,True,0.7718847393989563,True,689.501708984375,893.270263671875
HEM_PA101.nii.gz,2,foreground,gamma,real_action_oracle,encoder_stage_3,1x128x48x48x48,0.0,0.9999997615814209,True,1.0,True,893.270263671875,893.270263671875
HEM_PA101.nii.gz,2,foreground,gamma,identity_source,encoder_stage_4,1x256x24x24x24,0.03643994778394699,,False,0.0,True,0.0,623.3178100585938
HEM_PA101.nii.gz,2,foreground,gamma,correct_action_wp,encoder_stage_4,1x256x24x24x24,0.036368899047374725,0.047359250485897064,True,0.06448155641555786,True,40.192501068115234,623.3178100585938
HEM_PA101.nii.gz,2,foreground,gamma,wrong_action_wp,encoder_stage_4,1x256x24x24x24,0.04546061530709267,-0.06326426565647125,True,0.43828463554382324,True,273.19061279296875,623.3178100585938
HEM_PA101.nii.gz,2,foreground,gamma,real_action_oracle,encoder_stage_4,1x256x24x24x24,0.0,1.0000001192092896,True,1.0,True,623.3178100585938,623.3178100585938
HEM_PA101.nii.gz,2,foreground,gamma,identity_source,encoder_stage_5,1x320x12x12x12,0.05363641679286957,,False,0.0,True,0.0,461.36468505859375
HEM_PA101.nii.gz,2,foreground,gamma,correct_action_wp,encoder_stage_5,1x320x12x12x12,0.05362500250339508,0.0182975921779871,True,0.029345326125621796,True,13.538897514343262,461.36468505859375
HEM_PA101.nii.gz,2,foreground,gamma,wrong_action_wp,encoder_stage_5,1x320x12x12x12,0.05721450597047806,0.07418492436408997,True,0.3429105579853058,True,158.20681762695312,461.36468505859375
HEM_PA101.nii.gz,2,foreground,gamma,real_action_oracle,encoder_stage_5,1x320x12x12x12,0.0,1.0,True,1.0,True,461.36468505859375,461.36468505859375
HEM_PA101.nii.gz,2,foreground,gamma,identity_source,encoder_bottleneck_deepest,1x320x6x6x6,0.04677676782011986,,False,0.0,True,0.0,183.42735290527344
HEM_PA101.nii.gz,2,foreground,gamma,correct_action_wp,encoder_bottleneck_deepest,1x320x6x6x6,0.0469365194439888,0.0034238097723573446,True,0.06196349859237671,True,11.365800857543945,183.42735290527344
HEM_PA101.nii.gz,2,foreground,gamma,wrong_action_wp,encoder_bottleneck_deepest,1x320x6x6x6,0.0469365194439888,0.0034238097723573446,True,0.06196349859237671,True,11.365800857543945,183.42735290527344
HEM_PA101.nii.gz,2,foreground,gamma,real_action_oracle,encoder_bottleneck_deepest,1x320x6x6x6,0.0,1.0000001192092896,True,1.0,True,183.42735290527344,183.42735290527344
HEM_PA101.nii.gz,2,foreground,blur,identity_source,encoder_stage_2,1x64x96x96x96,0.2180841863155365,,False,0.0,True,0.0,3938.223876953125
HEM_PA101.nii.gz,2,foreground,blur,correct_action_wp,encoder_stage_2,1x64x96x96x96,0.1575646549463272,0.5319271087646484,True,0.6056902408599854,True,2385.34375,3938.223876953125
HEM_PA101.nii.gz,2,foreground,blur,wrong_action_wp,encoder_stage_2,1x64x96x96x96,0.22024311125278473,-0.0107446713373065,True,0.08933017402887344,True,351.8022155761719,3938.223876953125
HEM_PA101.nii.gz,2,foreground,blur,real_action_oracle,encoder_stage_2,1x64x96x96x96,0.0,1.000000238418579,True,1.0,True,3938.223876953125,3938.223876953125
HEM_PA101.nii.gz,2,foreground,blur,identity_source,encoder_stage_3,1x128x48x48x48,0.13847488164901733,,False,0.0,True,0.0,1901.2666015625
HEM_PA101.nii.gz,2,foreground,blur,correct_action_wp,encoder_stage_3,1x128x48x48x48,0.12911908328533173,0.27447789907455444,True,0.3626538813114166,True,689.501708984375,1901.2666015625
HEM_PA101.nii.gz,2,foreground,blur,wrong_action_wp,encoder_stage_3,1x128x48x48x48,0.13916835188865662,-0.029001353308558464,True,0.04747716709971428,True,90.26675415039062,1901.2666015625
HEM_PA101.nii.gz,2,foreground,blur,real_action_oracle,encoder_stage_3,1x128x48x48x48,0.0,0.9999998807907104,True,1.0,True,1901.2666015625,1901.2666015625
HEM_PA101.nii.gz,2,foreground,blur,identity_source,encoder_stage_4,1x256x24x24x24,0.12549667060375214,,False,0.0,True,0.0,1159.67626953125
HEM_PA101.nii.gz,2,foreground,blur,correct_action_wp,encoder_stage_4,1x256x24x24x24,0.12520520389080048,0.12271691113710403,True,0.2355748862028122,True,273.19061279296875,1159.67626953125
HEM_PA101.nii.gz,2,foreground,blur,wrong_action_wp,encoder_stage_4,1x256x24x24x24,0.12585237622261047,-0.023560967296361923,True,0.03465837985277176,True,40.192501068115234,1159.67626953125
HEM_PA101.nii.gz,2,foreground,blur,real_action_oracle,encoder_stage_4,1x256x24x24x24,0.0,1.0,True,1.0,True,1159.67626953125,1159.67626953125
HEM_PA101.nii.gz,2,foreground,blur,identity_source,encoder_stage_5,1x320x12x12x12,0.16873586177825928,,False,0.0,True,0.0,819.167236328125
HEM_PA101.nii.gz,2,foreground,blur,correct_action_wp,encoder_stage_5,1x320x12x12x12,0.17324131727218628,0.02743842452764511,True,0.19313128292560577,True,158.20681762695312,819.167236328125
HEM_PA101.nii.gz,2,foreground,blur,wrong_action_wp,encoder_stage_5,1x320x12x12x12,0.16883307695388794,-0.009160586632788181,True,0.016527635976672173,True,13.538897514343262,819.167236328125
HEM_PA101.nii.gz,2,foreground,blur,real_action_oracle,encoder_stage_5,1x320x12x12x12,0.0,1.0000001192092896,True,1.0,True,819.167236328125,819.167236328125
HEM_PA101.nii.gz,2,foreground,blur,identity_source,encoder_bottleneck_deepest,1x320x6x6x6,0.13994447886943817,,False,0.0,True,0.0,314.7215576171875
HEM_PA101.nii.gz,2,foreground,blur,correct_action_wp,encoder_bottleneck_deepest,1x320x6x6x6,0.14008291065692902,0.004360437858849764,True,0.03611382842063904,True,11.365800857543945,314.7215576171875
HEM_PA101.nii.gz,2,foreground,blur,wrong_action_wp,encoder_bottleneck_deepest,1x320x6x6x6,0.14008291065692902,0.004360437858849764,True,0.03611382842063904,True,11.365800857543945,314.7215576171875
HEM_PA101.nii.gz,2,foreground,blur,real_action_oracle,encoder_bottleneck_deepest,1x320x6x6x6,0.0,1.0,True,1.0,True,314.7215576171875,314.7215576171875
HEM_PA101.nii.gz,3,foreground,gamma,identity_source,encoder_stage_2,1x64x96x96x96,0.022773027420043945,,False,0.0,True,0.0,1323.8626708984375
HEM_PA101.nii.gz,3,foreground,gamma,correct_action_wp,encoder_stage_2,1x64x96x96x96,0.021780937910079956,0.21512208878993988,True,0.2672111988067627,True,353.75091552734375,1323.8626708984375
HEM_PA101.nii.gz,3,foreground,gamma,wrong_action_wp,encoder_stage_2,1x64x96x96x96,0.10798457264900208,-0.047409653663635254,True,1.887537956237793,True,2498.841064453125,1323.8626708984375
HEM_PA101.nii.gz,3,foreground,gamma,real_action_oracle,encoder_stage_2,1x64x96x96x96,0.0,0.9999985694885254,True,1.0,True,1323.8626708984375,1323.8626708984375
HEM_PA101.nii.gz,3,foreground,gamma,identity_source,encoder_stage_3,1x128x48x48x48,0.018749140202999115,,False,0.0,True,0.0,707.3037109375
HEM_PA101.nii.gz,3,foreground,gamma,correct_action_wp,encoder_stage_3,1x128x48x48x48,0.01860811933875084,0.09224489331245422,True,0.12367317080497742,True,87.47449493408203,707.3037109375
HEM_PA101.nii.gz,3,foreground,gamma,wrong_action_wp,encoder_stage_3,1x128x48x48x48,0.04007996991276741,-0.06383129209280014,True,1.0047054290771484,True,710.6318969726562,707.3037109375
HEM_PA101.nii.gz,3,foreground,gamma,real_action_oracle,encoder_stage_3,1x128x48x48x48,0.0,0.9999998211860657,True,1.0,True,707.3037109375,707.3037109375
HEM_PA101.nii.gz,3,foreground,gamma,identity_source,encoder_stage_4,1x256x24x24x24,0.01930505968630314,,False,0.0,True,0.0,454.32196044921875
HEM_PA101.nii.gz,3,foreground,gamma,correct_action_wp,encoder_stage_4,1x256x24x24x24,0.01925582066178322,0.05872323364019394,True,0.08868536353111267,True,40.291709899902344,454.32196044921875
HEM_PA101.nii.gz,3,foreground,gamma,wrong_action_wp,encoder_stage_4,1x256x24x24x24,0.030541690066456795,-0.0996091291308403,True,0.6697919964790344,True,304.30120849609375,454.32196044921875
HEM_PA101.nii.gz,3,foreground,gamma,real_action_oracle,encoder_stage_4,1x256x24x24x24,0.0,1.0,True,1.0,True,454.32196044921875,454.32196044921875
HEM_PA101.nii.gz,3,foreground,gamma,identity_source,encoder_stage_5,1x320x12x12x12,0.023832736536860466,,False,0.0,True,0.0,308.0099792480469
HEM_PA101.nii.gz,3,foreground,gamma,correct_action_wp,encoder_stage_5,1x320x12x12x12,0.02388502098619938,-0.002976087387651205,True,0.04395603388547897,True,13.538897514343262,308.0099792480469
HEM_PA101.nii.gz,3,foreground,gamma,wrong_action_wp,encoder_stage_5,1x320x12x12x12,0.029551086947321892,0.008235589601099491,True,0.4981382489204407,True,153.43154907226562,308.0099792480469
HEM_PA101.nii.gz,3,foreground,gamma,real_action_oracle,encoder_stage_5,1x320x12x12x12,0.0,0.9999999403953552,True,1.0,True,308.0099792480469,308.0099792480469
HEM_PA101.nii.gz,3,foreground,gamma,identity_source,encoder_bottleneck_deepest,1x320x6x6x6,0.018730636686086655,,False,0.0,True,0.0,115.71725463867188
HEM_PA101.nii.gz,3,foreground,gamma,correct_action_wp,encoder_bottleneck_deepest,1x320x6x6x6,0.018910543993115425,0.00021533093240577728,True,0.09822046011686325,True,11.365801811218262,115.71725463867188
HEM_PA101.nii.gz,3,foreground,gamma,wrong_action_wp,encoder_bottleneck_deepest,1x320x6x6x6,0.018910543993115425,0.00021533093240577728,True,0.09822046011686325,True,11.365801811218262,115.71725463867188
HEM_PA101.nii.gz,3,foreground,gamma,real_action_oracle,encoder_bottleneck_deepest,1x320x6x6x6,0.0,1.0,True,1.0,True,115.71725463867188,115.71725463867188
HEM_PA101.nii.gz,3,foreground,blur,identity_source,encoder_stage_2,1x64x96x96x96,0.26907140016555786,,False,0.0,True,0.0,4390.61376953125
HEM_PA101.nii.gz,3,foreground,blur,correct_action_wp,encoder_stage_2,1x64x96x96x96,0.18684840202331543,0.5530279874801636,True,0.5691325068473816,True,2498.841064453125,4390.61376953125
HEM_PA101.nii.gz,3,foreground,blur,wrong_action_wp,encoder_stage_2,1x64x96x96x96,0.27156174182891846,-0.017151284962892532,True,0.0805698111653328,True,353.75091552734375,4390.61376953125
HEM_PA101.nii.gz,3,foreground,blur,real_action_oracle,encoder_stage_2,1x64x96x96x96,0.0,0.9999998807907104,True,1.0,True,4390.61376953125,4390.61376953125
HEM_PA101.nii.gz,3,foreground,blur,identity_source,encoder_stage_3,1x128x48x48x48,0.17711138725280762,,False,0.0,True,0.0,2134.029541015625
HEM_PA101.nii.gz,3,foreground,blur,correct_action_wp,encoder_stage_3,1x128x48x48x48,0.16058659553527832,0.30659249424934387,True,0.3330000340938568,True,710.6318969726562,2134.029541015625
HEM_PA101.nii.gz,3,foreground,blur,wrong_action_wp,encoder_stage_3,1x128x48x48x48,0.1780487596988678,-0.04406402260065079,True,0.04099029302597046,True,87.47449493408203,2134.029541015625
HEM_PA101.nii.gz,3,foreground,blur,real_action_oracle,encoder_stage_3,1x128x48x48x48,0.0,0.9999997615814209,True,1.0,True,2134.029541015625,2134.029541015625
HEM_PA101.nii.gz,3,foreground,blur,identity_source,encoder_stage_4,1x256x24x24x24,0.15961697697639465,,False,0.0,True,0.0,1324.712646484375
HEM_PA101.nii.gz,3,foreground,blur,correct_action_wp,encoder_stage_4,1x256x24x24x24,0.15414568781852722,0.1894657462835312,True,0.22971110045909882,True,304.30120849609375,1324.712646484375
HEM_PA101.nii.gz,3,foreground,blur,wrong_action_wp,encoder_stage_4,1x256x24x24x24,0.16002246737480164,-0.026552250608801842,True,0.030415434390306473,True,40.291709899902344,1324.712646484375
HEM_PA101.nii.gz,3,foreground,blur,real_action_oracle,encoder_stage_4,1x256x24x24x24,0.0,1.0000001192092896,True,1.0,True,1324.712646484375,1324.712646484375
HEM_PA101.nii.gz,3,foreground,blur,identity_source,encoder_stage_5,1x320x12x12x12,0.1873137354850769,,False,0.0,True,0.0,844.5603637695312
HEM_PA101.nii.gz,3,foreground,blur,correct_action_wp,encoder_stage_5,1x320x12x12x12,0.18406517803668976,0.138566792011261,True,0.18167032301425934,True,153.43154907226562,844.5603637695312
HEM_PA101.nii.gz,3,foreground,blur,wrong_action_wp,encoder_stage_5,1x320x12x12x12,0.18724191188812256,0.019972842186689377,True,0.016030704602599144,True,13.538897514343262,844.5603637695312
HEM_PA101.nii.gz,3,foreground,blur,real_action_oracle,encoder_stage_5,1x320x12x12x12,0.0,1.0,True,1.0,True,844.5603637695312,844.5603637695312
HEM_PA101.nii.gz,3,foreground,blur,identity_source,encoder_bottleneck_deepest,1x320x6x6x6,0.14218010008335114,,False,0.0,True,0.0,315.68804931640625
HEM_PA101.nii.gz,3,foreground,blur,correct_action_wp,encoder_bottleneck_deepest,1x320x6x6x6,0.14189472794532776,0.0458759143948555,True,0.036003269255161285,True,11.365801811218262,315.68804931640625
HEM_PA101.nii.gz,3,foreground,blur,wrong_action_wp,encoder_bottleneck_deepest,1x320x6x6x6,0.14189472794532776,0.0458759143948555,True,0.036003269255161285,True,11.365801811218262,315.68804931640625
HEM_PA101.nii.gz,3,foreground,blur,real_action_oracle,encoder_bottleneck_deepest,1x320x6x6x6,0.0,1.0000001192092896,True,1.0,True,315.68804931640625,315.68804931640625
HCC_10020116_20180118.nii.gz,0,context,gamma,identity_source,encoder_stage_2,1x64x96x96x96,0.01819114200770855,,False,0.0,True,0.0,1135.859375
HCC_10020116_20180118.nii.gz,0,context,gamma,correct_action_wp,encoder_stage_2,1x64x96x96x96,0.017613520845770836,0.20900565385818481,True,0.3182324469089508,True,361.4673156738281,1135.859375
HCC_10020116_20180118.nii.gz,0,context,gamma,wrong_action_wp,encoder_stage_2,1x64x96x96x96,0.0955582931637764,-0.0309162475168705,True,2.0315988063812256,True,2307.610595703125,1135.859375
HCC_10020116_20180118.nii.gz,0,context,gamma,real_action_oracle,encoder_stage_2,1x64x96x96x96,0.0,0.9999992251396179,True,1.0,True,1135.859375,1135.859375
HCC_10020116_20180118.nii.gz,0,context,gamma,identity_source,encoder_stage_3,1x128x48x48x48,0.012882509268820286,,False,0.0,True,0.0,573.0745849609375
HCC_10020116_20180118.nii.gz,0,context,gamma,correct_action_wp,encoder_stage_3,1x128x48x48x48,0.012674322351813316,0.13291069865226746,True,0.1717032790184021,True,98.39878845214844,573.0745849609375
HCC_10020116_20180118.nii.gz,0,context,gamma,wrong_action_wp,encoder_stage_3,1x128x48x48x48,0.03371455520391464,-0.05983366817235947,True,1.2132177352905273,True,695.2642822265625,573.0745849609375
HCC_10020116_20180118.nii.gz,0,context,gamma,real_action_oracle,encoder_stage_3,1x128x48x48x48,0.0,0.9999998807907104,True,1.0,True,573.0745849609375,573.0745849609375
HCC_10020116_20180118.nii.gz,0,context,gamma,identity_source,encoder_stage_4,1x256x24x24x24,0.01161473523825407,,False,0.0,True,0.0,340.84771728515625
HCC_10020116_20180118.nii.gz,0,context,gamma,correct_action_wp,encoder_stage_4,1x256x24x24x24,0.011675647459924221,0.03653332218527794,True,0.1176455169916153,True,40.099205017089844,340.84771728515625
HCC_10020116_20180118.nii.gz,0,context,gamma,wrong_action_wp,encoder_stage_4,1x256x24x24x24,0.018343107774853706,-0.05657534673810005,True,0.7066396474838257,True,240.85650634765625,340.84771728515625
HCC_10020116_20180118.nii.gz,0,context,gamma,real_action_oracle,encoder_stage_4,1x256x24x24x24,0.0,0.9999999403953552,True,1.0,True,340.84771728515625,340.84771728515625
HCC_10020116_20180118.nii.gz,0,context,gamma,identity_source,encoder_stage_5,1x320x12x12x12,0.008579716086387634,,False,0.0,True,0.0,189.69436645507812
HCC_10020116_20180118.nii.gz,0,context,gamma,correct_action_wp,encoder_stage_5,1x320x12x12x12,0.008608832024037838,0.011911221779882908,True,0.07137216627597809,True,13.538897514343262,189.69436645507812
HCC_10020116_20180118.nii.gz,0,context,gamma,wrong_action_wp,encoder_stage_5,1x320x12x12x12,0.01450467947870493,-0.035342976450920105,True,0.7964185476303101,True,151.07611083984375,189.69436645507812
HCC_10020116_20180118.nii.gz,0,context,gamma,real_action_oracle,encoder_stage_5,1x320x12x12x12,0.0,1.0,True,1.0,True,189.69436645507812,189.69436645507812
HCC_10020116_20180118.nii.gz,0,context,gamma,identity_source,encoder_bottleneck_deepest,1x320x6x6x6,0.006806330755352974,,False,0.0,True,0.0,70.6147689819336
HCC_10020116_20180118.nii.gz,0,context,gamma,correct_action_wp,encoder_bottleneck_deepest,1x320x6x6x6,0.007031653076410294,-0.022361010313034058,True,0.1609550267457962,True,11.365801811218262,70.6147689819336
HCC_10020116_20180118.nii.gz,0,context,gamma,wrong_action_wp,encoder_bottleneck_deepest,1x320x6x6x6,0.007031653076410294,-0.022361010313034058,True,0.1609550267457962,True,11.365801811218262,70.6147689819336
HCC_10020116_20180118.nii.gz,0,context,gamma,real_action_oracle,encoder_bottleneck_deepest,1x320x6x6x6,0.0,0.9999998211860657,True,1.0,True,70.6147689819336,70.6147689819336
HCC_10020116_20180118.nii.gz,0,context,blur,identity_source,encoder_stage_2,1x64x96x96x96,0.19314251840114594,,False,0.0,True,0.0,3599.955810546875
HCC_10020116_20180118.nii.gz,0,context,blur,correct_action_wp,encoder_stage_2,1x64x96x96x96,0.12903517484664917,0.5794070363044739,True,0.6410108208656311,True,2307.610595703125,3599.955810546875
HCC_10020116_20180118.nii.gz,0,context,blur,wrong_action_wp,encoder_stage_2,1x64x96x96x96,0.19749538600444794,-0.062022142112255096,True,0.10040882229804993,True,361.4673156738281,3599.955810546875
HCC_10020116_20180118.nii.gz,0,context,blur,real_action_oracle,encoder_stage_2,1x64x96x96x96,0.0,0.9999994039535522,True,1.0,True,3599.955810546875,3599.955810546875
HCC_10020116_20180118.nii.gz,0,context,blur,identity_source,encoder_stage_3,1x128x48x48x48,0.12234169989824295,,False,0.0,True,0.0,1751.49609375
HCC_10020116_20180118.nii.gz,0,context,blur,correct_action_wp,encoder_stage_3,1x128x48x48x48,0.10645165294408798,0.36207595467567444,True,0.3969545066356659,True,695.2642822265625,1751.49609375
HCC_10020116_20180118.nii.gz,0,context,blur,wrong_action_wp,encoder_stage_3,1x128x48x48x48,0.12362854182720184,-0.06552427262067795,True,0.05617985129356384,True,98.39878845214844,1751.49609375
HCC_10020116_20180118.nii.gz,0,context,blur,real_action_oracle,encoder_stage_3,1x128x48x48x48,0.0,0.9999998211860657,True,1.0,True,1751.49609375,1751.49609375
HCC_10020116_20180118.nii.gz,0,context,blur,identity_source,encoder_stage_4,1x256x24x24x24,0.10612604022026062,,False,0.0,True,0.0,1045.6746826171875
HCC_10020116_20180118.nii.gz,0,context,blur,correct_action_wp,encoder_stage_4,1x256x24x24x24,0.10056477785110474,0.22892022132873535,True,0.23033598065376282,True,240.85650634765625,1045.6746826171875
HCC_10020116_20180118.nii.gz,0,context,blur,wrong_action_wp,encoder_stage_4,1x256x24x24x24,0.10640215873718262,-0.014749977737665176,True,0.03834768757224083,True,40.099205017089844,1045.6746826171875
HCC_10020116_20180118.nii.gz,0,context,blur,real_action_oracle,encoder_stage_4,1x256x24x24x24,0.0,1.0,True,1.0,True,1045.6746826171875,1045.6746826171875
HCC_10020116_20180118.nii.gz,0,context,blur,identity_source,encoder_stage_5,1x320x12x12x12,0.10979080200195312,,False,0.0,True,0.0,670.626953125
HCC_10020116_20180118.nii.gz,0,context,blur,correct_action_wp,encoder_stage_5,1x320x12x12x12,0.09809795022010803,0.3490173816680908,True,0.2252759337425232,True,151.07611083984375,670.626953125
HCC_10020116_20180118.nii.gz,0,context,blur,wrong_action_wp,encoder_stage_5,1x320x12x12x12,0.10980764031410217,0.006295143160969019,True,0.02018841914832592,True,13.538897514343262,670.626953125
HCC_10020116_20180118.nii.gz,0,context,blur,real_action_oracle,encoder_stage_5,1x320x12x12x12,0.0,1.0,True,1.0,True,670.626953125,670.626953125
HCC_10020116_20180118.nii.gz,0,context,blur,identity_source,encoder_bottleneck_deepest,1x320x6x6x6,0.0840730220079422,,False,0.0,True,0.0,246.2897491455078
HCC_10020116_20180118.nii.gz,0,context,blur,correct_action_wp,encoder_bottleneck_deepest,1x320x6x6x6,0.08345110714435577,0.10322163999080658,True,0.046148091554641724,True,11.365801811218262,246.2897491455078
HCC_10020116_20180118.nii.gz,0,context,blur,wrong_action_wp,encoder_bottleneck_deepest,1x320x6x6x6,0.08345110714435577,0.10322163999080658,True,0.046148091554641724,True,11.365801811218262,246.2897491455078
HCC_10020116_20180118.nii.gz,0,context,blur,real_action_oracle,encoder_bottleneck_deepest,1x320x6x6x6,0.0,1.0000001192092896,True,1.0,True,246.2897491455078,246.2897491455078
HCC_10020116_20180118.nii.gz,1,context,gamma,identity_source,encoder_stage_2,1x64x96x96x96,0.014363019727170467,,False,0.0,True,0.0,1003.8822631835938
HCC_10020116_20180118.nii.gz,1,context,gamma,correct_action_wp,encoder_stage_2,1x64x96x96x96,0.01429709978401661,0.1840420961380005,True,0.35516151785850525,True,356.54034423828125,1003.8822631835938
HCC_10020116_20180118.nii.gz,1,context,gamma,wrong_action_wp,encoder_stage_2,1x64x96x96x96,0.09205424785614014,-0.015145688317716122,True,2.3106539249420166,True,2319.62451171875,1003.8822631835938
HCC_10020116_20180118.nii.gz,1,context,gamma,real_action_oracle,encoder_stage_2,1x64x96x96x96,0.0,0.9999988675117493,True,1.0,True,1003.8822631835938,1003.8822631835938
HCC_10020116_20180118.nii.gz,1,context,gamma,identity_source,encoder_stage_3,1x128x48x48x48,0.009618658572435379,,False,0.0,True,0.0,491.1968994140625
HCC_10020116_20180118.nii.gz,1,context,gamma,correct_action_wp,encoder_stage_3,1x128x48x48x48,0.009572179056704044,0.11136621236801147,True,0.19837304949760437,True,97.44022369384766,491.1968994140625
HCC_10020116_20180118.nii.gz,1,context,gamma,wrong_action_wp,encoder_stage_3,1x128x48x48x48,0.02964353747665882,-0.04591929540038109,True,1.3976826667785645,True,686.5374145507812,491.1968994140625
HCC_10020116_20180118.nii.gz,1,context,gamma,real_action_oracle,encoder_stage_3,1x128x48x48x48,0.0,0.9999998211860657,True,1.0,True,491.1968994140625,491.1968994140625
HCC_10020116_20180118.nii.gz,1,context,gamma,identity_source,encoder_stage_4,1x256x24x24x24,0.010085469111800194,,False,0.0,True,0.0,320.86932373046875
HCC_10020116_20180118.nii.gz,1,context,gamma,correct_action_wp,encoder_stage_4,1x256x24x24x24,0.010186389088630676,0.022476039826869965,True,0.12500223517417908,True,40.10938262939453,320.86932373046875
HCC_10020116_20180118.nii.gz,1,context,gamma,wrong_action_wp,encoder_stage_4,1x256x24x24x24,0.01667080633342266,-0.05976487696170807,True,0.7504972815513611,True,240.81155395507812,320.86932373046875
HCC_10020116_20180118.nii.gz,1,context,gamma,real_action_oracle,encoder_stage_4,1x256x24x24x24,0.0,1.0,True,1.0,True,320.86932373046875,320.86932373046875
HCC_10020116_20180118.nii.gz,1,context,gamma,identity_source,encoder_stage_5,1x320x12x12x12,0.010023258626461029,,False,0.0,True,0.0,199.564453125
HCC_10020116_20180118.nii.gz,1,context,gamma,correct_action_wp,encoder_stage_5,1x320x12x12x12,0.010084426030516624,-0.011054052971303463,True,0.06784223020076752,True,13.538897514343262,199.564453125
HCC_10020116_20180118.nii.gz,1,context,gamma,wrong_action_wp,encoder_stage_5,1x320x12x12x12,0.015848027542233467,0.015421813353896141,True,0.7778934836387634,True,155.23988342285156,199.564453125
HCC_10020116_20180118.nii.gz,1,context,gamma,real_action_oracle,encoder_stage_5,1x320x12x12x12,0.0,0.9999998807907104,True,1.0,True,199.564453125,199.564453125
HCC_10020116_20180118.nii.gz,1,context,gamma,identity_source,encoder_bottleneck_deepest,1x320x6x6x6,0.007750165183097124,,False,0.0,True,0.0,74.3331069946289
HCC_10020116_20180118.nii.gz,1,context,gamma,correct_action_wp,encoder_bottleneck_deepest,1x320x6x6x6,0.008045978844165802,-0.04836099594831467,True,0.15290361642837524,True,11.365800857543945,74.3331069946289
HCC_10020116_20180118.nii.gz,1,context,gamma,wrong_action_wp,encoder_bottleneck_deepest,1x320x6x6x6,0.008045978844165802,-0.04836099594831467,True,0.15290361642837524,True,11.365800857543945,74.3331069946289
HCC_10020116_20180118.nii.gz,1,context,gamma,real_action_oracle,encoder_bottleneck_deepest,1x320x6x6x6,0.0,1.0,True,1.0,True,74.3331069946289,74.3331069946289
HCC_10020116_20180118.nii.gz,1,context,blur,identity_source,encoder_stage_2,1x64x96x96x96,0.18531297147274017,,False,0.0,True,0.0,3555.23828125
HCC_10020116_20180118.nii.gz,1,context,blur,correct_action_wp,encoder_stage_2,1x64x96x96x96,0.12467646598815918,0.5769810676574707,True,0.6524525880813599,True,2319.62451171875,3555.23828125
HCC_10020116_20180118.nii.gz,1,context,blur,wrong_action_wp,encoder_stage_2,1x64x96x96x96,0.1893487125635147,-0.05843624100089073,True,0.10028591752052307,True,356.54034423828125,3555.23828125
HCC_10020116_20180118.nii.gz,1,context,blur,real_action_oracle,encoder_stage_2,1x64x96x96x96,0.0,0.9999998211860657,True,1.0,True,3555.23828125,3555.23828125
HCC_10020116_20180118.nii.gz,1,context,blur,identity_source,encoder_stage_3,1x128x48x48x48,0.1091945692896843,,False,0.0,True,0.0,1651.8199462890625
HCC_10020116_20180118.nii.gz,1,context,blur,correct_action_wp,encoder_stage_3,1x128x48x48x48,0.09675290435552597,0.3448835015296936,True,0.41562485694885254,True,686.5374145507812,1651.8199462890625
HCC_10020116_20180118.nii.gz,1,context,blur,wrong_action_wp,encoder_stage_3,1x128x48x48x48,0.11028506606817245,-0.05515382066369057,True,0.05898961424827576,True,97.44022369384766,1651.8199462890625
HCC_10020116_20180118.nii.gz,1,context,blur,real_action_oracle,encoder_stage_3,1x128x48x48x48,0.0,0.9999997019767761,True,1.0,True,1651.8199462890625,1651.8199462890625
HCC_10020116_20180118.nii.gz,1,context,blur,identity_source,encoder_stage_4,1x256x24x24x24,0.09812785685062408,,False,0.0,True,0.0,1009.8300170898438
HCC_10020116_20180118.nii.gz,1,context,blur,correct_action_wp,encoder_stage_4,1x256x24x24x24,0.09421268850564957,0.2028900682926178,True,0.23846741020679474,True,240.81155395507812,1009.8300170898438
HCC_10020116_20180118.nii.gz,1,context,blur,wrong_action_wp,encoder_stage_4,1x256x24x24x24,0.09839095920324326,-0.013892375864088535,True,0.03971894457936287,True,40.10938262939453,1009.8300170898438
HCC_10020116_20180118.nii.gz,1,context,blur,real_action_oracle,encoder_stage_4,1x256x24x24x24,0.0,0.9999999403953552,True,1.0,True,1009.8300170898438,1009.8300170898438
HCC_10020116_20180118.nii.gz,1,context,blur,identity_source,encoder_stage_5,1x320x12x12x12,0.10676975548267365,,False,0.0,True,0.0,645.579345703125
HCC_10020116_20180118.nii.gz,1,context,blur,correct_action_wp,encoder_stage_5,1x320x12x12x12,0.10208985954523087,0.21137207746505737,True,0.24046599864959717,True,155.23988342285156,645.579345703125
HCC_10020116_20180118.nii.gz,1,context,blur,wrong_action_wp,encoder_stage_5,1x320x12x12x12,0.10684569180011749,-0.006468415725976229,True,0.02097170241177082,True,13.538897514343262,645.579345703125
HCC_10020116_20180118.nii.gz,1,context,blur,real_action_oracle,encoder_stage_5,1x320x12x12x12,0.0,1.0,True,1.0,True,645.579345703125,645.579345703125
HCC_10020116_20180118.nii.gz,1,context,blur,identity_source,encoder_bottleneck_deepest,1x320x6x6x6,0.07851552218198776,,False,0.0,True,0.0,235.4106903076172
HCC_10020116_20180118.nii.gz,1,context,blur,correct_action_wp,encoder_bottleneck_deepest,1x320x6x6x6,0.07822531461715698,0.06241874024271965,True,0.048280734568834305,True,11.365800857543945,235.4106903076172
HCC_10020116_20180118.nii.gz,1,context,blur,wrong_action_wp,encoder_bottleneck_deepest,1x320x6x6x6,0.07822531461715698,0.06241874024271965,True,0.048280734568834305,True,11.365800857543945,235.4106903076172
HCC_10020116_20180118.nii.gz,1,context,blur,real_action_oracle,encoder_bottleneck_deepest,1x320x6x6x6,0.0,1.0,True,1.0,True,235.4106903076172,235.4106903076172
HCC_10020116_20180118.nii.gz,2,foreground,gamma,identity_source,encoder_stage_2,1x64x96x96x96,0.019066285341978073,,False,0.0,True,0.0,1176.8748779296875
HCC_10020116_20180118.nii.gz,2,foreground,gamma,correct_action_wp,encoder_stage_2,1x64x96x96x96,0.018729234114289284,0.1821068376302719,True,0.30654531717300415,True,360.7654724121094,1176.8748779296875
HCC_10020116_20180118.nii.gz,2,foreground,gamma,wrong_action_wp,encoder_stage_2,1x64x96x96x96,0.10734664648771286,-0.03016996942460537,True,2.1218273639678955,True,2497.125244140625,1176.8748779296875
HCC_10020116_20180118.nii.gz,2,foreground,gamma,real_action_oracle,encoder_stage_2,1x64x96x96x96,0.0,0.999998927116394,True,1.0,True,1176.8748779296875,1176.8748779296875
HCC_10020116_20180118.nii.gz,2,foreground,gamma,identity_source,encoder_stage_3,1x128x48x48x48,0.013814222998917103,,False,0.0,True,0.0,595.2398681640625
HCC_10020116_20180118.nii.gz,2,foreground,gamma,correct_action_wp,encoder_stage_3,1x128x48x48x48,0.013631654903292656,0.11960472911596298,True,0.15260976552963257,True,90.83941650390625,595.2398681640625
HCC_10020116_20180118.nii.gz,2,foreground,gamma,wrong_action_wp,encoder_stage_3,1x128x48x48x48,0.03437550365924835,-0.050067510455846786,True,1.1709650754928589,True,697.0050659179688,595.2398681640625
HCC_10020116_20180118.nii.gz,2,foreground,gamma,real_action_oracle,encoder_stage_3,1x128x48x48x48,0.0,0.9999998211860657,True,1.0,True,595.2398681640625,595.2398681640625
HCC_10020116_20180118.nii.gz,2,foreground,gamma,identity_source,encoder_stage_4,1x256x24x24x24,0.013261202722787857,,False,0.0,True,0.0,367.638671875
HCC_10020116_20180118.nii.gz,2,foreground,gamma,correct_action_wp,encoder_stage_4,1x256x24x24x24,0.013264124281704426,0.05354122072458267,True,0.10910195857286453,True,40.11009979248047,367.638671875
HCC_10020116_20180118.nii.gz,2,foreground,gamma,wrong_action_wp,encoder_stage_4,1x256x24x24x24,0.0210247989743948,-0.069056436419487,True,0.6991919279098511,True,257.04998779296875,367.638671875
HCC_10020116_20180118.nii.gz,2,foreground,gamma,real_action_oracle,encoder_stage_4,1x256x24x24x24,0.0,1.0000001192092896,True,1.0,True,367.638671875,367.638671875
HCC_10020116_20180118.nii.gz,2,foreground,gamma,identity_source,encoder_stage_5,1x320x12x12x12,0.011504091322422028,,False,0.0,True,0.0,217.1655731201172
HCC_10020116_20180118.nii.gz,2,foreground,gamma,correct_action_wp,encoder_stage_5,1x320x12x12x12,0.011535651050508022,0.009169375523924828,True,0.06234366446733475,True,13.538897514343262,217.1655731201172
HCC_10020116_20180118.nii.gz,2,foreground,gamma,wrong_action_wp,encoder_stage_5,1x320x12x12x12,0.01866237074136734,-0.05067884922027588,True,0.739767849445343,True,160.65211486816406,217.1655731201172
HCC_10020116_20180118.nii.gz,2,foreground,gamma,real_action_oracle,encoder_stage_5,1x320x12x12x12,0.0,1.0,True,1.0,True,217.1655731201172,217.1655731201172
HCC_10020116_20180118.nii.gz,2,foreground,gamma,identity_source,encoder_bottleneck_deepest,1x320x6x6x6,0.008924977853894234,,False,0.0,True,0.0,80.07301330566406
HCC_10020116_20180118.nii.gz,2,foreground,gamma,correct_action_wp,encoder_bottleneck_deepest,1x320x6x6x6,0.009150081314146519,-0.017873607575893402,True,0.14194297790527344,True,11.365801811218262,80.07301330566406
HCC_10020116_20180118.nii.gz,2,foreground,gamma,wrong_action_wp,encoder_bottleneck_deepest,1x320x6x6x6,0.009150081314146519,-0.017873607575893402,True,0.14194297790527344,True,11.365801811218262,80.07301330566406
HCC_10020116_20180118.nii.gz,2,foreground,gamma,real_action_oracle,encoder_bottleneck_deepest,1x320x6x6x6,0.0,0.9999998211860657,True,1.0,True,80.07301330566406,80.07301330566406
HCC_10020116_20180118.nii.gz,2,foreground,blur,identity_source,encoder_stage_2,1x64x96x96x96,0.22840750217437744,,False,0.0,True,0.0,3960.233154296875
HCC_10020116_20180118.nii.gz,2,foreground,blur,correct_action_wp,encoder_stage_2,1x64x96x96x96,0.14927564561367035,0.5899960994720459,True,0.6305500864982605,True,2497.125244140625,3960.233154296875
HCC_10020116_20180118.nii.gz,2,foreground,blur,wrong_action_wp,encoder_stage_2,1x64x96x96x96,0.23212401568889618,-0.04376014694571495,True,0.09109702706336975,True,360.7654724121094,3960.233154296875
HCC_10020116_20180118.nii.gz,2,foreground,blur,real_action_oracle,encoder_stage_2,1x64x96x96x96,0.0,1.0000001192092896,True,1.0,True,3960.233154296875,3960.233154296875
HCC_10020116_20180118.nii.gz,2,foreground,blur,identity_source,encoder_stage_3,1x128x48x48x48,0.14260727167129517,,False,0.0,True,0.0,1899.835205078125
HCC_10020116_20180118.nii.gz,2,foreground,blur,correct_action_wp,encoder_stage_3,1x128x48x48x48,0.12530292570590973,0.34881094098091125,True,0.36687660217285156,True,697.0050659179688,1899.835205078125
HCC_10020116_20180118.nii.gz,2,foreground,blur,wrong_action_wp,encoder_stage_3,1x128x48x48x48,0.14361266791820526,-0.04981636255979538,True,0.04781436547636986,True,90.83941650390625,1899.835205078125
HCC_10020116_20180118.nii.gz,2,foreground,blur,real_action_oracle,encoder_stage_3,1x128x48x48x48,0.0,0.9999998807907104,True,1.0,True,1899.835205078125,1899.835205078125
HCC_10020116_20180118.nii.gz,2,foreground,blur,identity_source,encoder_stage_4,1x256x24x24x24,0.12644286453723907,,False,0.0,True,0.0,1150.685302734375
HCC_10020116_20180118.nii.gz,2,foreground,blur,correct_action_wp,encoder_stage_4,1x256x24x24x24,0.121607705950737,0.19728468358516693,True,0.22338861227035522,True,257.04998779296875,1150.685302734375
HCC_10020116_20180118.nii.gz,2,foreground,blur,wrong_action_wp,encoder_stage_4,1x256x24x24x24,0.12664590775966644,-0.005605724174529314,True,0.034857574850320816,True,40.11009979248047,1150.685302734375
HCC_10020116_20180118.nii.gz,2,foreground,blur,real_action_oracle,encoder_stage_4,1x256x24x24x24,0.0,1.0000001192092896,True,1.0,True,1150.685302734375,1150.685302734375
HCC_10020116_20180118.nii.gz,2,foreground,blur,identity_source,encoder_stage_5,1x320x12x12x12,0.12201466411352158,,False,0.0,True,0.0,703.1083374023438
HCC_10020116_20180118.nii.gz,2,foreground,blur,correct_action_wp,encoder_stage_5,1x320x12x12x12,0.11329324543476105,0.27066025137901306,True,0.22848841547966003,True,160.65211486816406,703.1083374023438
HCC_10020116_20180118.nii.gz,2,foreground,blur,wrong_action_wp,encoder_stage_5,1x320x12x12x12,0.12205255776643753,0.0015641498612239957,True,0.019255777820944786,True,13.538897514343262,703.1083374023438
HCC_10020116_20180118.nii.gz,2,foreground,blur,real_action_oracle,encoder_stage_5,1x320x12x12x12,0.0,1.0,True,1.0,True,703.1083374023438,703.1083374023438
HCC_10020116_20180118.nii.gz,2,foreground,blur,identity_source,encoder_bottleneck_deepest,1x320x6x6x6,0.09235113859176636,,False,0.0,True,0.0,257.959716796875
HCC_10020116_20180118.nii.gz,2,foreground,blur,correct_action_wp,encoder_bottleneck_deepest,1x320x6x6x6,0.09200698882341385,0.06431970000267029,True,0.04406037554144859,True,11.365801811218262,257.959716796875
HCC_10020116_20180118.nii.gz,2,foreground,blur,wrong_action_wp,encoder_bottleneck_deepest,1x320x6x6x6,0.09200698882341385,0.06431970000267029,True,0.04406037554144859,True,11.365801811218262,257.959716796875
HCC_10020116_20180118.nii.gz,2,foreground,blur,real_action_oracle,encoder_bottleneck_deepest,1x320x6x6x6,0.0,1.0,True,1.0,True,257.959716796875,257.959716796875
HCC_10020116_20180118.nii.gz,3,foreground,gamma,identity_source,encoder_stage_2,1x64x96x96x96,0.017379237338900566,,False,0.0,True,0.0,1119.7696533203125
HCC_10020116_20180118.nii.gz,3,foreground,gamma,correct_action_wp,encoder_stage_2,1x64x96x96x96,0.01710646040737629,0.18537722527980804,True,0.3220122754573822,True,360.57958984375,1119.7696533203125
HCC_10020116_20180118.nii.gz,3,foreground,gamma,wrong_action_wp,encoder_stage_2,1x64x96x96x96,0.10228032618761063,-0.039654169231653214,True,2.1709508895874023,True,2430.96484375,1119.7696533203125
HCC_10020116_20180118.nii.gz,3,foreground,gamma,real_action_oracle,encoder_stage_2,1x64x96x96x96,0.0,0.9999992251396179,True,1.0,True,1119.7696533203125,1119.7696533203125
HCC_10020116_20180118.nii.gz,3,foreground,gamma,identity_source,encoder_stage_3,1x128x48x48x48,0.012598682194948196,,False,0.0,True,0.0,566.7108764648438
HCC_10020116_20180118.nii.gz,3,foreground,gamma,correct_action_wp,encoder_stage_3,1x128x48x48x48,0.012431521899998188,0.12082290649414062,True,0.15729136765003204,True,89.13873291015625,566.7108764648438
HCC_10020116_20180118.nii.gz,3,foreground,gamma,wrong_action_wp,encoder_stage_3,1x128x48x48x48,0.033417705446481705,-0.0572216659784317,True,1.2295379638671875,True,696.7925415039062,566.7108764648438
HCC_10020116_20180118.nii.gz,3,foreground,gamma,real_action_oracle,encoder_stage_3,1x128x48x48x48,0.0,0.9999998211860657,True,1.0,True,566.7108764648438,566.7108764648438
HCC_10020116_20180118.nii.gz,3,foreground,gamma,identity_source,encoder_stage_4,1x256x24x24x24,0.012291326187551022,,False,0.0,True,0.0,353.4449768066406
HCC_10020116_20180118.nii.gz,3,foreground,gamma,correct_action_wp,encoder_stage_4,1x256x24x24x24,0.012328095734119415,0.04358433187007904,True,0.11352035403251648,True,40.123199462890625,353.4449768066406
HCC_10020116_20180118.nii.gz,3,foreground,gamma,wrong_action_wp,encoder_stage_4,1x256x24x24x24,0.02015168033540249,-0.09192199259996414,True,0.7130337357521057,True,252.0181884765625,353.4449768066406
HCC_10020116_20180118.nii.gz,3,foreground,gamma,real_action_oracle,encoder_stage_4,1x256x24x24x24,0.0,1.0000001192092896,True,1.0,True,353.4449768066406,353.4449768066406
HCC_10020116_20180118.nii.gz,3,foreground,gamma,identity_source,encoder_stage_5,1x320x12x12x12,0.012073909863829613,,False,0.0,True,0.0,221.59974670410156
HCC_10020116_20180118.nii.gz,3,foreground,gamma,correct_action_wp,encoder_stage_5,1x320x12x12x12,0.012099712155759335,0.01305901538580656,True,0.061096176505088806,True,13.538897514343262,221.59974670410156
HCC_10020116_20180118.nii.gz,3,foreground,gamma,wrong_action_wp,encoder_stage_5,1x320x12x12x12,0.018575184047222137,-0.055758748203516006,True,0.6801525354385376,True,150.7216339111328,221.59974670410156
HCC_10020116_20180118.nii.gz,3,foreground,gamma,real_action_oracle,encoder_stage_5,1x320x12x12x12,0.0,0.9999999403953552,True,1.0,True,221.59974670410156,221.59974670410156
HCC_10020116_20180118.nii.gz,3,foreground,gamma,identity_source,encoder_bottleneck_deepest,1x320x6x6x6,0.009554211981594563,,False,0.0,True,0.0,82.89095306396484
HCC_10020116_20180118.nii.gz,3,foreground,gamma,correct_action_wp,encoder_bottleneck_deepest,1x320x6x6x6,0.00976075790822506,-0.010272219777107239,True,0.13711751997470856,True,11.365801811218262,82.89095306396484
HCC_10020116_20180118.nii.gz,3,foreground,gamma,wrong_action_wp,encoder_bottleneck_deepest,1x320x6x6x6,0.00976075790822506,-0.010272219777107239,True,0.13711751997470856,True,11.365801811218262,82.89095306396484
HCC_10020116_20180118.nii.gz,3,foreground,gamma,real_action_oracle,encoder_bottleneck_deepest,1x320x6x6x6,0.0,1.0,True,1.0,True,82.89095306396484,82.89095306396484
HCC_10020116_20180118.nii.gz,3,foreground,blur,identity_source,encoder_stage_2,1x64x96x96x96,0.21123044192790985,,False,0.0,True,0.0,3794.73486328125
HCC_10020116_20180118.nii.gz,3,foreground,blur,correct_action_wp,encoder_stage_2,1x64x96x96x96,0.13520842790603638,0.6012098789215088,True,0.6406152248382568,True,2430.96484375,3794.73486328125
HCC_10020116_20180118.nii.gz,3,foreground,blur,wrong_action_wp,encoder_stage_2,1x64x96x96x96,0.21504667401313782,-0.047555942088365555,True,0.09502102434635162,True,360.57958984375,3794.73486328125
HCC_10020116_20180118.nii.gz,3,foreground,blur,real_action_oracle,encoder_stage_2,1x64x96x96x96,0.0,0.9999995231628418,True,1.0,True,3794.73486328125,3794.73486328125
HCC_10020116_20180118.nii.gz,3,foreground,blur,identity_source,encoder_stage_3,1x128x48x48x48,0.13615532219409943,,False,0.0,True,0.0,1850.6097412109375
HCC_10020116_20180118.nii.gz,3,foreground,blur,correct_action_wp,encoder_stage_3,1x128x48x48x48,0.11769749969244003,0.36828291416168213,True,0.3765205144882202,True,696.7925415039062,1850.6097412109375
HCC_10020116_20180118.nii.gz,3,foreground,blur,wrong_action_wp,encoder_stage_3,1x128x48x48x48,0.13729257881641388,-0.06262156367301941,True,0.04816722497344017,True,89.13873291015625,1850.6097412109375
HCC_10020116_20180118.nii.gz,3,foreground,blur,real_action_oracle,encoder_stage_3,1x128x48x48x48,0.0,0.9999998807907104,True,1.0,True,1850.6097412109375,1850.6097412109375
HCC_10020116_20180118.nii.gz,3,foreground,blur,identity_source,encoder_stage_4,1x256x24x24x24,0.12227071076631546,,False,0.0,True,0.0,1129.52197265625
HCC_10020116_20180118.nii.gz,3,foreground,blur,correct_action_wp,encoder_stage_4,1x256x24x24x24,0.11759336292743683,0.1972852647304535,True,0.2231193333864212,True,252.0181884765625,1129.52197265625
HCC_10020116_20180118.nii.gz,3,foreground,blur,wrong_action_wp,encoder_stage_4,1x256x24x24x24,0.12248791754245758,-0.007242371793836355,True,0.035522282123565674,True,40.123199462890625,1129.52197265625
HCC_10020116_20180118.nii.gz,3,foreground,blur,real_action_oracle,encoder_stage_4,1x256x24x24x24,0.0,0.9999998807907104,True,1.0,True,1129.52197265625,1129.52197265625
HCC_10020116_20180118.nii.gz,3,foreground,blur,identity_source,encoder_stage_5,1x320x12x12x12,0.12013347446918488,,False,0.0,True,0.0,691.5355834960938
HCC_10020116_20180118.nii.gz,3,foreground,blur,correct_action_wp,encoder_stage_5,1x320x12x12x12,0.11470066010951996,0.21272166073322296,True,0.21795210242271423,True,150.7216339111328,691.5355834960938
HCC_10020116_20180118.nii.gz,3,foreground,blur,wrong_action_wp,encoder_stage_5,1x320x12x12x12,0.1200709119439125,0.023091305047273636,True,0.01957801915705204,True,13.538897514343262,691.5355834960938
HCC_10020116_20180118.nii.gz,3,foreground,blur,real_action_oracle,encoder_stage_5,1x320x12x12x12,0.0,1.0000001192092896,True,1.0,True,691.5355834960938,691.5355834960938
HCC_10020116_20180118.nii.gz,3,foreground,blur,identity_source,encoder_bottleneck_deepest,1x320x6x6x6,0.09464384615421295,,False,0.0,True,0.0,259.32568359375
HCC_10020116_20180118.nii.gz,3,foreground,blur,correct_action_wp,encoder_bottleneck_deepest,1x320x6x6x6,0.0941515862941742,0.08125053346157074,True,0.043828293681144714,True,11.365801811218262,259.32568359375
HCC_10020116_20180118.nii.gz,3,foreground,blur,wrong_action_wp,encoder_bottleneck_deepest,1x320x6x6x6,0.0941515862941742,0.08125053346157074,True,0.043828293681144714,True,11.365801811218262,259.32568359375
HCC_10020116_20180118.nii.gz,3,foreground,blur,real_action_oracle,encoder_bottleneck_deepest,1x320x6x6x6,0.0,1.0,True,1.0,True,259.32568359375,259.32568359375
