candidate_state,case,scope,method,patch_count,pseudo_accuracy,reliability_mean,auroc,auprc,spearman,aggregation
decoder_stage_1_low_to_high,HEM_PA99.nii.gz,background,blur_joint_product,4,0.9979858168795961,0.3077181494333324,0.9941487966655163,0.9999842159366552,0.08395586813813628,case_patch_macro
decoder_stage_1_low_to_high,HEM_PA99.nii.gz,foreground,blur_joint_product,4,0.9206056350948314,0.05287916159378284,0.8995464688207518,0.9894670749367148,0.37231768449633695,case_patch_macro
decoder_stage_1_low_to_high,HEM_PA99.nii.gz,overall,blur_joint_product,4,0.9950215021769206,0.2970755545634879,0.9898279992531204,0.9999444762565066,0.1367335103322249,case_patch_macro
decoder_stage_1_low_to_high,HEM_PA99.nii.gz,background,blur_world_stability,4,0.9979858168795961,0.5110928664530916,0.9853290382142333,0.9998872615516137,0.08225956741954453,case_patch_macro
decoder_stage_1_low_to_high,HEM_PA99.nii.gz,foreground,blur_world_stability,4,0.9206056350948314,0.22750974101977975,0.8770181076738425,0.987062322533729,0.35510610856018854,case_patch_macro
decoder_stage_1_low_to_high,HEM_PA99.nii.gz,overall,blur_world_stability,4,0.9950215021769206,0.4999999310057445,0.9837531562934787,0.999839131265861,0.13498121566307514,case_patch_macro
decoder_stage_1_low_to_high,HEM_PA99.nii.gz,background,confidence_rank,4,0.9979858168795961,0.5154343352010037,0.9951059418599438,0.9999861178284073,0.08415116419839491,case_patch_macro
decoder_stage_1_low_to_high,HEM_PA99.nii.gz,foreground,confidence_rank,4,0.9206056350948314,0.12372449363737296,0.9055372169867185,0.9895725640449334,0.37951632454369144,case_patch_macro
decoder_stage_1_low_to_high,HEM_PA99.nii.gz,overall,confidence_rank,4,0.9950215021769206,0.5000000678339879,0.9905894801156642,0.9999475236389364,0.13695301200972984,case_patch_macro
decoder_stage_1_low_to_high,HEM_PA99.nii.gz,background,gamma_joint_product,4,0.9979858168795961,0.30595516130022676,0.9902627963175877,0.999973761972748,0.08322845115676926,case_patch_macro
decoder_stage_1_low_to_high,HEM_PA99.nii.gz,foreground,gamma_joint_product,4,0.9206056350948314,0.09462591232557656,0.9031890054207302,0.9902087634904012,0.3764264682967294,case_patch_macro
decoder_stage_1_low_to_high,HEM_PA99.nii.gz,overall,gamma_joint_product,4,0.9950215021769206,0.2970041617112035,0.9881353804034149,0.9999332191477615,0.13623727944775735,case_patch_macro
decoder_stage_1_low_to_high,HEM_PA99.nii.gz,background,gamma_world_stability,4,0.9979858168795961,0.5048392704449605,0.9568369171024628,0.9996037197862762,0.07698897558967972,case_patch_macro
decoder_stage_1_low_to_high,HEM_PA99.nii.gz,foreground,gamma_world_stability,4,0.9206056350948314,0.3821406255991429,0.8852605696487114,0.9883712018858454,0.3722491949596887,case_patch_macro
decoder_stage_1_low_to_high,HEM_PA99.nii.gz,overall,gamma_world_stability,4,0.9950215021769206,0.49999993309718865,0.9721462712585912,0.9995844665162604,0.13161124185561876,case_patch_macro
decoder_stage_1_low_to_high,HEM_PA99.nii.gz,background,pairwise_joint_product,4,0.9979858168795961,0.31226193312485895,0.9947849431072701,0.9999858813910358,0.08407803213854044,case_patch_macro
decoder_stage_1_low_to_high,HEM_PA99.nii.gz,foreground,pairwise_joint_product,4,0.9206056350948314,0.049266748776558934,0.9011476438396206,0.989499558937066,0.3737776762348664,case_patch_macro
decoder_stage_1_low_to_high,HEM_PA99.nii.gz,overall,pairwise_joint_product,4,0.9950215021769206,0.30123713793966206,0.9902472363495666,0.9999469307065308,0.1368554937280403,case_patch_macro
decoder_stage_1_low_to_high,HEM_PA99.nii.gz,background,pairwise_world_stability,4,0.9979858168795961,0.5130406893360162,0.992104561887829,0.9999548247026195,0.08353750515826219,case_patch_macro
decoder_stage_1_low_to_high,HEM_PA99.nii.gz,foreground,pairwise_world_stability,4,0.9206056350948314,0.18114718409321465,0.8867274233463095,0.9882470929568902,0.3634062633545236,case_patch_macro
decoder_stage_1_low_to_high,HEM_PA99.nii.gz,overall,pairwise_world_stability,4,0.9950215021769206,0.4999999328105547,0.9877634194839912,0.9999126699478565,0.1361475841011506,case_patch_macro
final_decoder_feature,HEM_PA99.nii.gz,background,blur_joint_product,4,0.9979858168795961,0.3097767097915033,0.9951450076431471,0.9999867862469096,0.08414541187100104,case_patch_macro
final_decoder_feature,HEM_PA99.nii.gz,foreground,blur_joint_product,4,0.9206056350948314,0.048969557410346365,0.8969853208126081,0.9898000534829746,0.37036792792957013,case_patch_macro
final_decoder_feature,HEM_PA99.nii.gz,overall,blur_joint_product,4,0.9950215021769206,0.29888834633503536,0.9904331253422348,0.999948152107788,0.13691257850265662,case_patch_macro
final_decoder_feature,HEM_PA99.nii.gz,background,blur_world_stability,4,0.9979858168795961,0.5134693327455477,0.9907182426108166,0.9999371108920196,0.08325869155839992,case_patch_macro
final_decoder_feature,HEM_PA99.nii.gz,foreground,blur_world_stability,4,0.9206056350948314,0.1701026015330599,0.8640815312563014,0.9866405589569679,0.34157664556823714,case_patch_macro
final_decoder_feature,HEM_PA99.nii.gz,overall,blur_world_stability,4,0.9950215021769206,0.49999993214036026,0.9860579855004649,0.9998884883700839,0.13567570789874686,case_patch_macro
final_decoder_feature,HEM_PA99.nii.gz,background,confidence_rank,4,0.9979858168795961,0.5154343352010037,0.9951059418599438,0.9999861178284073,0.08415116419839491,case_patch_macro
final_decoder_feature,HEM_PA99.nii.gz,foreground,confidence_rank,4,0.9206056350948314,0.12372449363737296,0.9055372169867185,0.9895725640449334,0.37951632454369144,case_patch_macro
final_decoder_feature,HEM_PA99.nii.gz,overall,confidence_rank,4,0.9950215021769206,0.5000000678339879,0.9905894801156642,0.9999475236389364,0.13695301200972984,case_patch_macro
final_decoder_feature,HEM_PA99.nii.gz,background,gamma_joint_product,4,0.9979858168795961,0.3084745638716372,0.9913897923675058,0.9999765674963732,0.0834410894812152,case_patch_macro
final_decoder_feature,HEM_PA99.nii.gz,foreground,gamma_joint_product,4,0.9206056350948314,0.0810190446207554,0.904715514217059,0.9903132488924715,0.3776267100419632,case_patch_macro
final_decoder_feature,HEM_PA99.nii.gz,overall,gamma_joint_product,4,0.9950215021769206,0.29885401852482885,0.9889297471230063,0.9999378501909034,0.13646609742029983,case_patch_macro
final_decoder_feature,HEM_PA99.nii.gz,background,gamma_world_stability,4,0.9979858168795961,0.5081037108339124,0.9669665628133362,0.9996795880569584,0.07885184413661812,case_patch_macro
final_decoder_feature,HEM_PA99.nii.gz,foreground,gamma_world_stability,4,0.9206056350948314,0.30335018977539296,0.8906814791552936,0.9890326883906123,0.3717250645247943,case_patch_macro
final_decoder_feature,HEM_PA99.nii.gz,overall,gamma_world_stability,4,0.9950215021769206,0.499999931736412,0.9775140595825107,0.9996674911576144,0.13315926871637582,case_patch_macro
final_decoder_feature,HEM_PA99.nii.gz,background,pairwise_joint_product,4,0.9979858168795961,0.3142860740066177,0.9956161681983775,0.9999881913952402,0.08424435054707462,case_patch_macro
final_decoder_feature,HEM_PA99.nii.gz,foreground,pairwise_joint_product,4,0.9206056350948314,0.04143866461527916,0.9002377767898025,0.9900919601244352,0.37336649106417136,case_patch_macro
final_decoder_feature,HEM_PA99.nii.gz,overall,pairwise_joint_product,4,0.9950215021769206,0.30286195210985783,0.9908965154404606,0.9999506828273503,0.13704478383101285,case_patch_macro
final_decoder_feature,HEM_PA99.nii.gz,background,pairwise_world_stability,4,0.9979858168795961,0.5151441923277975,0.9945392127722034,0.999979389135816,0.0840389002149804,case_patch_macro
final_decoder_feature,HEM_PA99.nii.gz,foreground,pairwise_world_stability,4,0.9206056350948314,0.12986183728544634,0.8760600608662505,0.988317451254538,0.3524456737537316,case_patch_macro
final_decoder_feature,HEM_PA99.nii.gz,overall,pairwise_world_stability,4,0.9950215021769206,0.49999993203281035,0.9889663933105742,0.9999352710304188,0.13650933177813454,case_patch_macro
final_decoder_stage_input,HEM_PA99.nii.gz,background,blur_joint_product,4,0.9979858168795961,0.3097767097915033,0.9951450076431471,0.9999867862469096,0.08414541187100104,case_patch_macro
final_decoder_stage_input,HEM_PA99.nii.gz,foreground,blur_joint_product,4,0.9206056350948314,0.048969557410346365,0.8969853208126081,0.9898000534829746,0.37036792792957013,case_patch_macro
final_decoder_stage_input,HEM_PA99.nii.gz,overall,blur_joint_product,4,0.9950215021769206,0.29888834633503536,0.9904331253422348,0.999948152107788,0.13691257850265662,case_patch_macro
final_decoder_stage_input,HEM_PA99.nii.gz,background,blur_world_stability,4,0.9979858168795961,0.5134693327455477,0.9907182426108166,0.9999371108920196,0.08325869155839992,case_patch_macro
final_decoder_stage_input,HEM_PA99.nii.gz,foreground,blur_world_stability,4,0.9206056350948314,0.1701026015330599,0.8640815312563014,0.9866405589569679,0.34157664556823714,case_patch_macro
final_decoder_stage_input,HEM_PA99.nii.gz,overall,blur_world_stability,4,0.9950215021769206,0.49999993214036026,0.9860579855004649,0.9998884883700839,0.13567570789874686,case_patch_macro
final_decoder_stage_input,HEM_PA99.nii.gz,background,confidence_rank,4,0.9979858168795961,0.5154343352010037,0.9951059418599438,0.9999861178284073,0.08415116419839491,case_patch_macro
final_decoder_stage_input,HEM_PA99.nii.gz,foreground,confidence_rank,4,0.9206056350948314,0.12372449363737296,0.9055372169867185,0.9895725640449334,0.37951632454369144,case_patch_macro
final_decoder_stage_input,HEM_PA99.nii.gz,overall,confidence_rank,4,0.9950215021769206,0.5000000678339879,0.9905894801156642,0.9999475236389364,0.13695301200972984,case_patch_macro
final_decoder_stage_input,HEM_PA99.nii.gz,background,gamma_joint_product,4,0.9979858168795961,0.3084745638716372,0.9913897923675058,0.9999765674963732,0.0834410894812152,case_patch_macro
final_decoder_stage_input,HEM_PA99.nii.gz,foreground,gamma_joint_product,4,0.9206056350948314,0.0810190446207554,0.904715514217059,0.9903132488924715,0.3776267100419632,case_patch_macro
final_decoder_stage_input,HEM_PA99.nii.gz,overall,gamma_joint_product,4,0.9950215021769206,0.29885401852482885,0.9889297471230063,0.9999378501909034,0.13646609742029983,case_patch_macro
final_decoder_stage_input,HEM_PA99.nii.gz,background,gamma_world_stability,4,0.9979858168795961,0.5081037108339124,0.9669665628133362,0.9996795880569584,0.07885184413661812,case_patch_macro
final_decoder_stage_input,HEM_PA99.nii.gz,foreground,gamma_world_stability,4,0.9206056350948314,0.30335018977539296,0.8906814791552936,0.9890326883906123,0.3717250645247943,case_patch_macro
final_decoder_stage_input,HEM_PA99.nii.gz,overall,gamma_world_stability,4,0.9950215021769206,0.499999931736412,0.9775140595825107,0.9996674911576144,0.13315926871637582,case_patch_macro
final_decoder_stage_input,HEM_PA99.nii.gz,background,pairwise_joint_product,4,0.9979858168795961,0.3142860740066177,0.9956161681983775,0.9999881913952402,0.08424435054707462,case_patch_macro
final_decoder_stage_input,HEM_PA99.nii.gz,foreground,pairwise_joint_product,4,0.9206056350948314,0.04143866461527916,0.9002377767898025,0.9900919601244352,0.37336649106417136,case_patch_macro
final_decoder_stage_input,HEM_PA99.nii.gz,overall,pairwise_joint_product,4,0.9950215021769206,0.30286195210985783,0.9908965154404606,0.9999506828273503,0.13704478383101285,case_patch_macro
final_decoder_stage_input,HEM_PA99.nii.gz,background,pairwise_world_stability,4,0.9979858168795961,0.5151441923277975,0.9945392127722034,0.999979389135816,0.0840389002149804,case_patch_macro
final_decoder_stage_input,HEM_PA99.nii.gz,foreground,pairwise_world_stability,4,0.9206056350948314,0.12986183728544634,0.8760600608662505,0.988317451254538,0.3524456737537316,case_patch_macro
final_decoder_stage_input,HEM_PA99.nii.gz,overall,pairwise_world_stability,4,0.9950215021769206,0.49999993203281035,0.9889663933105742,0.9999352710304188,0.13650933177813454,case_patch_macro
full_voxtell_reference,HEM_PA99.nii.gz,background,blur_joint_product,4,0.9979858168795961,0.3109595300105948,0.9951535850015013,0.9999868732598147,0.08415046528403046,case_patch_macro
full_voxtell_reference,HEM_PA99.nii.gz,foreground,blur_joint_product,4,0.9206056350948314,0.05444699314460518,0.8972245388735046,0.9897977245610489,0.3706697323649242,case_patch_macro
full_voxtell_reference,HEM_PA99.nii.gz,overall,blur_joint_product,4,0.9950215021769206,0.30026125002843523,0.9904279286028858,0.9999481649629824,0.13691359177583937,case_patch_macro
full_voxtell_reference,HEM_PA99.nii.gz,background,blur_world_stability,4,0.9979858168795961,0.5134783035399986,0.9904406415652528,0.9999355432641757,0.08322244107172426,case_patch_macro
full_voxtell_reference,HEM_PA99.nii.gz,foreground,blur_world_stability,4,0.9206056350948314,0.16976371196113202,0.8655661882394576,0.9868237026288647,0.3429594520879516,case_patch_macro
full_voxtell_reference,HEM_PA99.nii.gz,overall,blur_world_stability,4,0.9950215021769206,0.4999999326305716,0.9860596844540567,0.9998882927151284,0.13567233221775324,case_patch_macro
full_voxtell_reference,HEM_PA99.nii.gz,background,confidence_rank,4,0.9979858168795961,0.5154343352010037,0.9951059418599438,0.9999861178284073,0.08415116419839491,case_patch_macro
full_voxtell_reference,HEM_PA99.nii.gz,foreground,confidence_rank,4,0.9206056350948314,0.12372449363737296,0.9055372169867185,0.9895725640449334,0.37951632454369144,case_patch_macro
full_voxtell_reference,HEM_PA99.nii.gz,overall,confidence_rank,4,0.9950215021769206,0.5000000678339879,0.9905894801156642,0.9999475236389364,0.13695301200972984,case_patch_macro
full_voxtell_reference,HEM_PA99.nii.gz,background,gamma_joint_product,4,0.9979858168795961,0.31216711443158407,0.9916621196581317,0.9999771829947589,0.08348385137925061,case_patch_macro
full_voxtell_reference,HEM_PA99.nii.gz,foreground,gamma_joint_product,4,0.9206056350948314,0.08184679762743778,0.9044037384417392,0.9901622384556603,0.3772368024280535,case_patch_macro
full_voxtell_reference,HEM_PA99.nii.gz,overall,gamma_joint_product,4,0.9950215021769206,0.30238944722830174,0.9888762015626633,0.9999375791531064,0.13644773523533946,case_patch_macro
full_voxtell_reference,HEM_PA99.nii.gz,background,gamma_world_stability,4,0.9979858168795961,0.5081455119318651,0.9696132712717483,0.9997006347688974,0.07929926980383768,case_patch_macro
full_voxtell_reference,HEM_PA99.nii.gz,foreground,gamma_world_stability,4,0.9206056350948314,0.30221310254270667,0.8906768116491687,0.9888977052748801,0.37153640187636494,case_patch_macro
full_voxtell_reference,HEM_PA99.nii.gz,overall,gamma_world_stability,4,0.9950215021769206,0.49999993154397804,0.9781053596898457,0.9996821347303189,0.13330712502665545,case_patch_macro
full_voxtell_reference,HEM_PA99.nii.gz,background,pairwise_joint_product,4,0.9979858168795961,0.3163423714115182,0.9956248600580272,0.9999882571501717,0.08424792917211665,case_patch_macro
full_voxtell_reference,HEM_PA99.nii.gz,foreground,pairwise_joint_product,4,0.9206056350948314,0.04606059475678437,0.8999881796563832,0.9900637428728113,0.3731945195038154,case_patch_macro
full_voxtell_reference,HEM_PA99.nii.gz,overall,pairwise_joint_product,4,0.9950215021769206,0.30501344075877457,0.9908526623825225,0.9999504577144498,0.13703382314652052,case_patch_macro
full_voxtell_reference,HEM_PA99.nii.gz,background,pairwise_world_stability,4,0.9979858168795961,0.5150861666932651,0.9944588141063474,0.9999802404038658,0.08402839265593248,case_patch_macro
full_voxtell_reference,HEM_PA99.nii.gz,foreground,pairwise_world_stability,4,0.9206056350948314,0.13102823497934138,0.8759256509821185,0.9882834511030577,0.3523557683739524,case_patch_macro
full_voxtell_reference,HEM_PA99.nii.gz,overall,pairwise_world_stability,4,0.9950215021769206,0.4999999320160753,0.9888866383692227,0.9999356303779507,0.1364850626268123,case_patch_macro
penultimate_decoder_stage_output,HEM_PA99.nii.gz,background,blur_joint_product,4,0.9979858168795961,0.3098400489722717,0.9949429582492898,0.9999864567135077,0.08411550635865751,case_patch_macro
penultimate_decoder_stage_output,HEM_PA99.nii.gz,foreground,blur_joint_product,4,0.9206056350948314,0.05027164910459545,0.8978401286339354,0.989698068548018,0.3711534754378994,case_patch_macro
penultimate_decoder_stage_output,HEM_PA99.nii.gz,overall,blur_joint_product,4,0.9950215021769206,0.2989988211110728,0.9903114810940138,0.9999472875885096,0.1368739773178238,case_patch_macro
penultimate_decoder_stage_output,HEM_PA99.nii.gz,background,blur_world_stability,4,0.9979858168795961,0.5134585246672088,0.9895274180702436,0.9999306169448128,0.08310698408187299,case_patch_macro
penultimate_decoder_stage_output,HEM_PA99.nii.gz,foreground,blur_world_stability,4,0.9206056350948314,0.17037577446341098,0.8680432254036446,0.9869582154572377,0.34542375316825624,case_patch_macro
penultimate_decoder_stage_output,HEM_PA99.nii.gz,overall,blur_world_stability,4,0.9950215021769206,0.4999999319532212,0.9858023326722911,0.9998816530272783,0.1355946274670884,case_patch_macro
penultimate_decoder_stage_output,HEM_PA99.nii.gz,background,confidence_rank,4,0.9979858168795961,0.5154343352010037,0.9951059418599438,0.9999861178284073,0.08415116419839491,case_patch_macro
penultimate_decoder_stage_output,HEM_PA99.nii.gz,foreground,confidence_rank,4,0.9206056350948314,0.12372449363737296,0.9055372169867185,0.9895725640449334,0.37951632454369144,case_patch_macro
penultimate_decoder_stage_output,HEM_PA99.nii.gz,overall,confidence_rank,4,0.9950215021769206,0.5000000678339879,0.9905894801156642,0.9999475236389364,0.13695301200972984,case_patch_macro
penultimate_decoder_stage_output,HEM_PA99.nii.gz,background,gamma_joint_product,4,0.9979858168795961,0.30836445447698935,0.9916121651223108,0.9999774392099773,0.08350320342882926,case_patch_macro
penultimate_decoder_stage_output,HEM_PA99.nii.gz,foreground,gamma_joint_product,4,0.9206056350948314,0.08266680367210273,0.9037833444260662,0.9902125001675519,0.3767238242546496,case_patch_macro
penultimate_decoder_stage_output,HEM_PA99.nii.gz,overall,gamma_joint_product,4,0.9950215021769206,0.29881591101258,0.9890496516076919,0.9999385372468957,0.1365024982691032,case_patch_macro
penultimate_decoder_stage_output,HEM_PA99.nii.gz,background,gamma_world_stability,4,0.9979858168795961,0.5077489106334465,0.9676356117397219,0.9997027089881719,0.07914241409533986,case_patch_macro
penultimate_decoder_stage_output,HEM_PA99.nii.gz,foreground,gamma_world_stability,4,0.9206056350948314,0.31196293314384266,0.8891317831262485,0.9888481572008615,0.3708421732982948,case_patch_macro
penultimate_decoder_stage_output,HEM_PA99.nii.gz,overall,gamma_world_stability,4,0.9950215021769206,0.4999999316772443,0.9781954857849199,0.9996868388602611,0.13336544197862601,case_patch_macro
penultimate_decoder_stage_output,HEM_PA99.nii.gz,background,pairwise_joint_product,4,0.9979858168795961,0.3143072376517662,0.9955331965768854,0.9999880851810562,0.08423268872979082,case_patch_macro
penultimate_decoder_stage_output,HEM_PA99.nii.gz,foreground,pairwise_joint_product,4,0.9206056350948314,0.043258318163962306,0.8999388223207427,0.9898601990605772,0.37302414544597523,case_patch_macro
penultimate_decoder_stage_output,HEM_PA99.nii.gz,overall,pairwise_joint_product,4,0.9950215021769206,0.3029542267504856,0.9907740420156465,0.999949921722567,0.13700755862161676,case_patch_macro
penultimate_decoder_stage_output,HEM_PA99.nii.gz,background,pairwise_world_stability,4,0.9979858168795961,0.5150866292468967,0.9945529582586691,0.9999821604442947,0.08405571101940068,case_patch_macro
penultimate_decoder_stage_output,HEM_PA99.nii.gz,foreground,pairwise_world_stability,4,0.9206056350948314,0.13115477742779932,0.8767453488543099,0.9881855119081281,0.3530728456450403,case_patch_macro
penultimate_decoder_stage_output,HEM_PA99.nii.gz,overall,pairwise_world_stability,4,0.9950215021769206,0.49999993180234825,0.9889110321892979,0.9999369113693561,0.13648898364502346,case_patch_macro
decoder_stage_1_low_to_high,HCC_10140276_20170721.nii.gz,background,blur_joint_product,4,0.9977981579134076,0.3106729935555729,0.9097330400414468,0.9992383218991137,0.060472167394363126,case_patch_macro
decoder_stage_1_low_to_high,HCC_10140276_20170721.nii.gz,foreground,blur_joint_product,4,0.8503448503388649,0.06579019553615749,0.7609638717763639,0.9494138038138168,0.319931123067377,case_patch_macro
decoder_stage_1_low_to_high,HCC_10140276_20170721.nii.gz,overall,blur_joint_product,4,0.9952355844003183,0.30628664043932846,0.9105414459592789,0.999213961120405,0.10117394676230493,case_patch_macro
decoder_stage_1_low_to_high,HCC_10140276_20170721.nii.gz,background,blur_world_stability,4,0.9977981579134076,0.5066519791043654,0.8926955092984138,0.9991700914195139,0.05912904658725579,case_patch_macro
decoder_stage_1_low_to_high,HCC_10140276_20170721.nii.gz,foreground,blur_world_stability,4,0.8503448503388649,0.12222044644640184,0.6904262639972479,0.931664113819718,0.23276424461386117,case_patch_macro
decoder_stage_1_low_to_high,HCC_10140276_20170721.nii.gz,overall,blur_world_stability,4,0.9952355844003183,0.49999991965604856,0.9027193800175056,0.9991344209656879,0.10027378218103178,case_patch_macro
decoder_stage_1_low_to_high,HCC_10140276_20170721.nii.gz,background,confidence_rank,4,0.9977981579134076,0.506206066842182,0.9044317971455218,0.9991904369863562,0.059424100950753206,case_patch_macro
decoder_stage_1_low_to_high,HCC_10140276_20170721.nii.gz,foreground,confidence_rank,4,0.8503448503388649,0.149284885940399,0.8180309278742639,0.9630328055869617,0.3924680136500524,case_patch_macro
decoder_stage_1_low_to_high,HCC_10140276_20170721.nii.gz,overall,confidence_rank,4,0.9952355844003183,0.5000000735116245,0.9064742903087907,0.9991714243812048,0.1003883735990036,case_patch_macro
decoder_stage_1_low_to_high,HCC_10140276_20170721.nii.gz,background,gamma_joint_product,4,0.9977981579134076,0.3067167753286897,0.9012209839967528,0.999197770423565,0.05900223640230057,case_patch_macro
decoder_stage_1_low_to_high,HCC_10140276_20170721.nii.gz,foreground,gamma_joint_product,4,0.8503448503388649,0.11339607220298953,0.8235216735493657,0.9646877179771924,0.39877514674742676,case_patch_macro
decoder_stage_1_low_to_high,HCC_10140276_20170721.nii.gz,overall,gamma_joint_product,4,0.9952355844003183,0.30316294711614694,0.9059890690078407,0.9991785617195968,0.10013297705262374,case_patch_macro
decoder_stage_1_low_to_high,HCC_10140276_20170721.nii.gz,background,gamma_world_stability,4,0.9977981579134076,0.5038977048187904,0.8576470997639074,0.9990411865475619,0.05625445316771714,case_patch_macro
decoder_stage_1_low_to_high,HCC_10140276_20170721.nii.gz,foreground,gamma_world_stability,4,0.8503448503388649,0.28046733086808023,0.809830724714048,0.961451260259634,0.3878995335571143,case_patch_macro
decoder_stage_1_low_to_high,HCC_10140276_20170721.nii.gz,overall,gamma_world_stability,4,0.9952355844003183,0.49999993332951403,0.8889741803816293,0.9990161051562769,0.09963069507085934,case_patch_macro
decoder_stage_1_low_to_high,HCC_10140276_20170721.nii.gz,background,pairwise_joint_product,4,0.9977981579134076,0.31433395809656084,0.9118504263887857,0.9992495291941434,0.0607824151246494,case_patch_macro
decoder_stage_1_low_to_high,HCC_10140276_20170721.nii.gz,foreground,pairwise_joint_product,4,0.8503448503388649,0.06529765742928208,0.7654217817023029,0.9508945740925174,0.32560769478452983,case_patch_macro
decoder_stage_1_low_to_high,HCC_10140276_20170721.nii.gz,overall,pairwise_joint_product,4,0.9952355844003183,0.3098621686045979,0.9117429525635611,0.9992258960300425,0.10143068101920033,case_patch_macro
decoder_stage_1_low_to_high,HCC_10140276_20170721.nii.gz,background,pairwise_world_stability,4,0.9977981579134076,0.5069264403544438,0.9034959986085658,0.999221310247586,0.060305633920731,case_patch_macro
decoder_stage_1_low_to_high,HCC_10140276_20170721.nii.gz,foreground,pairwise_world_stability,4,0.8503448503388649,0.1066666960038452,0.7031700570766519,0.936146524295781,0.24870919768241675,case_patch_macro
decoder_stage_1_low_to_high,HCC_10140276_20170721.nii.gz,overall,pairwise_world_stability,4,0.9952355844003183,0.4999999260518806,0.9071537713962261,0.9991918495521062,0.10102681468139488,case_patch_macro
final_decoder_feature,HCC_10140276_20170721.nii.gz,background,blur_joint_product,4,0.9977981579134076,0.3113546211771624,0.9593823510492957,0.9996776409541852,0.07466800861537393,case_patch_macro
final_decoder_feature,HCC_10140276_20170721.nii.gz,foreground,blur_joint_product,4,0.8503448503388649,0.018020184444629397,0.6786196175041947,0.9290515061309742,0.21811535731492102,case_patch_macro
final_decoder_feature,HCC_10140276_20170721.nii.gz,overall,blur_joint_product,4,0.9952355844003183,0.306089448639985,0.955707896745618,0.9996461262133398,0.11483151149265972,case_patch_macro
final_decoder_feature,HCC_10140276_20170721.nii.gz,background,blur_world_stability,4,0.9977981579134076,0.5081135507027114,0.9569465331035276,0.9996614714536648,0.0766050376855476,case_patch_macro
final_decoder_feature,HCC_10140276_20170721.nii.gz,foreground,blur_world_stability,4,0.8503448503388649,0.04315900012459454,0.4975713980533336,0.8747273426611164,-0.005589644152183608,case_patch_macro
final_decoder_feature,HCC_10140276_20170721.nii.gz,overall,blur_world_stability,4,0.9952355844003183,0.4999999207850957,0.9533581774644835,0.9996076852494449,0.11620944475477035,case_patch_macro
final_decoder_feature,HCC_10140276_20170721.nii.gz,background,confidence_rank,4,0.9977981579134076,0.506206066842182,0.9044317971455218,0.9991904369863562,0.059424100950753206,case_patch_macro
final_decoder_feature,HCC_10140276_20170721.nii.gz,foreground,confidence_rank,4,0.8503448503388649,0.149284885940399,0.8180309278742639,0.9630328055869617,0.3924680136500524,case_patch_macro
final_decoder_feature,HCC_10140276_20170721.nii.gz,overall,confidence_rank,4,0.9952355844003183,0.5000000735116245,0.9064742903087907,0.9991714243812048,0.1003883735990036,case_patch_macro
final_decoder_feature,HCC_10140276_20170721.nii.gz,background,gamma_joint_product,4,0.9977981579134076,0.3083881260110404,0.916991398861243,0.9993268991769928,0.06357968455141791,case_patch_macro
final_decoder_feature,HCC_10140276_20170721.nii.gz,foreground,gamma_joint_product,4,0.8503448503388649,0.1090991260528994,0.8271725573577191,0.9655986880495151,0.4032480895700843,case_patch_macro
final_decoder_feature,HCC_10140276_20170721.nii.gz,overall,gamma_joint_product,4,0.9952355844003183,0.3047208304033787,0.9205044519452963,0.9993081396254737,0.10465705590797786,case_patch_macro
final_decoder_feature,HCC_10140276_20170721.nii.gz,background,gamma_world_stability,4,0.9977981579134076,0.5044710807823616,0.8927478791575785,0.9992466119161026,0.06580785865879359,case_patch_macro
final_decoder_feature,HCC_10140276_20170721.nii.gz,foreground,gamma_world_stability,4,0.8503448503388649,0.2479856702919754,0.8167851991495896,0.9631050568073133,0.3946718705159467,case_patch_macro
final_decoder_feature,HCC_10140276_20170721.nii.gz,overall,gamma_world_stability,4,0.9952355844003183,0.4999999379541999,0.9140726034661669,0.9992224135760933,0.10847824782182439,case_patch_macro
final_decoder_feature,HCC_10140276_20170721.nii.gz,background,pairwise_joint_product,4,0.9977981579134076,0.31524713003847715,0.9613878508993081,0.9996925748540674,0.07495382833417671,case_patch_macro
final_decoder_feature,HCC_10140276_20170721.nii.gz,foreground,pairwise_joint_product,4,0.8503448503388649,0.017840930977732417,0.691819060047204,0.9331958181613089,0.2346493630980225,case_patch_macro
final_decoder_feature,HCC_10140276_20170721.nii.gz,overall,pairwise_joint_product,4,0.9952355844003183,0.3098983686699549,0.9576097540693633,0.9996627047262008,0.1151573811297657,case_patch_macro
final_decoder_feature,HCC_10140276_20170721.nii.gz,background,pairwise_world_stability,4,0.9977981579134076,0.5082405755568937,0.9646692635200794,0.9997101963016798,0.0773642746177813,case_patch_macro
final_decoder_feature,HCC_10140276_20170721.nii.gz,foreground,pairwise_world_stability,4,0.8503448503388649,0.03543429158270755,0.530836368650728,0.8894445766732391,0.035930011488914955,case_patch_macro
final_decoder_feature,HCC_10140276_20170721.nii.gz,overall,pairwise_world_stability,4,0.9952355844003183,0.4999999324006484,0.9586000535600043,0.9996642210837989,0.11691060901977685,case_patch_macro
final_decoder_stage_input,HCC_10140276_20170721.nii.gz,background,blur_joint_product,4,0.9977981579134076,0.3113546211771624,0.9593823510492957,0.9996776409541852,0.07466800861537393,case_patch_macro
final_decoder_stage_input,HCC_10140276_20170721.nii.gz,foreground,blur_joint_product,4,0.8503448503388649,0.018020184444629397,0.6786196175041947,0.9290515061309742,0.21811535731492102,case_patch_macro
final_decoder_stage_input,HCC_10140276_20170721.nii.gz,overall,blur_joint_product,4,0.9952355844003183,0.306089448639985,0.955707896745618,0.9996461262133398,0.11483151149265972,case_patch_macro
final_decoder_stage_input,HCC_10140276_20170721.nii.gz,background,blur_world_stability,4,0.9977981579134076,0.5081135507027114,0.9569465331035276,0.9996614714536648,0.0766050376855476,case_patch_macro
final_decoder_stage_input,HCC_10140276_20170721.nii.gz,foreground,blur_world_stability,4,0.8503448503388649,0.04315900012459454,0.4975713980533336,0.8747273426611164,-0.005589644152183608,case_patch_macro
final_decoder_stage_input,HCC_10140276_20170721.nii.gz,overall,blur_world_stability,4,0.9952355844003183,0.4999999207850957,0.9533581774644835,0.9996076852494449,0.11620944475477035,case_patch_macro
final_decoder_stage_input,HCC_10140276_20170721.nii.gz,background,confidence_rank,4,0.9977981579134076,0.506206066842182,0.9044317971455218,0.9991904369863562,0.059424100950753206,case_patch_macro
final_decoder_stage_input,HCC_10140276_20170721.nii.gz,foreground,confidence_rank,4,0.8503448503388649,0.149284885940399,0.8180309278742639,0.9630328055869617,0.3924680136500524,case_patch_macro
final_decoder_stage_input,HCC_10140276_20170721.nii.gz,overall,confidence_rank,4,0.9952355844003183,0.5000000735116245,0.9064742903087907,0.9991714243812048,0.1003883735990036,case_patch_macro
final_decoder_stage_input,HCC_10140276_20170721.nii.gz,background,gamma_joint_product,4,0.9977981579134076,0.3083881260110404,0.916991398861243,0.9993268991769928,0.06357968455141791,case_patch_macro
final_decoder_stage_input,HCC_10140276_20170721.nii.gz,foreground,gamma_joint_product,4,0.8503448503388649,0.1090991260528994,0.8271725573577191,0.9655986880495151,0.4032480895700843,case_patch_macro
final_decoder_stage_input,HCC_10140276_20170721.nii.gz,overall,gamma_joint_product,4,0.9952355844003183,0.3047208304033787,0.9205044519452963,0.9993081396254737,0.10465705590797786,case_patch_macro
final_decoder_stage_input,HCC_10140276_20170721.nii.gz,background,gamma_world_stability,4,0.9977981579134076,0.5044710807823616,0.8927478791575785,0.9992466119161026,0.06580785865879359,case_patch_macro
final_decoder_stage_input,HCC_10140276_20170721.nii.gz,foreground,gamma_world_stability,4,0.8503448503388649,0.2479856702919754,0.8167851991495896,0.9631050568073133,0.3946718705159467,case_patch_macro
final_decoder_stage_input,HCC_10140276_20170721.nii.gz,overall,gamma_world_stability,4,0.9952355844003183,0.4999999379541999,0.9140726034661669,0.9992224135760933,0.10847824782182439,case_patch_macro
final_decoder_stage_input,HCC_10140276_20170721.nii.gz,background,pairwise_joint_product,4,0.9977981579134076,0.31524713003847715,0.9613878508993081,0.9996925748540674,0.07495382833417671,case_patch_macro
final_decoder_stage_input,HCC_10140276_20170721.nii.gz,foreground,pairwise_joint_product,4,0.8503448503388649,0.017840930977732417,0.691819060047204,0.9331958181613089,0.2346493630980225,case_patch_macro
final_decoder_stage_input,HCC_10140276_20170721.nii.gz,overall,pairwise_joint_product,4,0.9952355844003183,0.3098983686699549,0.9576097540693633,0.9996627047262008,0.1151573811297657,case_patch_macro
final_decoder_stage_input,HCC_10140276_20170721.nii.gz,background,pairwise_world_stability,4,0.9977981579134076,0.5082405755568937,0.9646692635200794,0.9997101963016798,0.0773642746177813,case_patch_macro
final_decoder_stage_input,HCC_10140276_20170721.nii.gz,foreground,pairwise_world_stability,4,0.8503448503388649,0.03543429158270755,0.530836368650728,0.8894445766732391,0.035930011488914955,case_patch_macro
final_decoder_stage_input,HCC_10140276_20170721.nii.gz,overall,pairwise_world_stability,4,0.9952355844003183,0.4999999324006484,0.9586000535600043,0.9996642210837989,0.11691060901977685,case_patch_macro
full_voxtell_reference,HCC_10140276_20170721.nii.gz,background,blur_joint_product,4,0.9977981579134076,0.30911978455367317,0.9639481585956378,0.9997058576689994,0.07031717593264764,case_patch_macro
full_voxtell_reference,HCC_10140276_20170721.nii.gz,foreground,blur_joint_product,4,0.8503448503388649,0.015534209235616612,0.6685284607858706,0.925860802942164,0.20568966996499172,case_patch_macro
full_voxtell_reference,HCC_10140276_20170721.nii.gz,overall,blur_joint_product,4,0.9952355844003183,0.3038655388208962,0.9600582330550902,0.999673398528979,0.11043241434078967,case_patch_macro
full_voxtell_reference,HCC_10140276_20170721.nii.gz,background,blur_world_stability,4,0.9977981579134076,0.5082259314439026,0.9616994085067585,0.9996857238182861,0.07066098516667559,case_patch_macro
full_voxtell_reference,HCC_10140276_20170721.nii.gz,foreground,blur_world_stability,4,0.8503448503388649,0.03723079599663162,0.4732868627440984,0.8622300409005499,-0.03545940819989387,case_patch_macro
full_voxtell_reference,HCC_10140276_20170721.nii.gz,overall,blur_world_stability,4,0.9952355844003183,0.4999999307822552,0.9575450857080949,0.9996274278565309,0.11007618489319261,case_patch_macro
full_voxtell_reference,HCC_10140276_20170721.nii.gz,background,confidence_rank,4,0.9977981579134076,0.506206066842182,0.9044317971455218,0.9991904369863562,0.059424100950753206,case_patch_macro
full_voxtell_reference,HCC_10140276_20170721.nii.gz,foreground,confidence_rank,4,0.8503448503388649,0.149284885940399,0.8180309278742639,0.9630328055869617,0.3924680136500524,case_patch_macro
full_voxtell_reference,HCC_10140276_20170721.nii.gz,overall,confidence_rank,4,0.9952355844003183,0.5000000735116245,0.9064742903087907,0.9991714243812048,0.1003883735990036,case_patch_macro
full_voxtell_reference,HCC_10140276_20170721.nii.gz,background,gamma_joint_product,4,0.9977981579134076,0.3103997139370013,0.9177729292198079,0.999331497662016,0.06355997087799407,case_patch_macro
full_voxtell_reference,HCC_10140276_20170721.nii.gz,foreground,gamma_joint_product,4,0.8503448503388649,0.11289075772205392,0.826759480665241,0.9654888523726038,0.4027738688218367,case_patch_macro
full_voxtell_reference,HCC_10140276_20170721.nii.gz,overall,gamma_joint_product,4,0.9952355844003183,0.30675054358165765,0.9210099291221404,0.9993127093524191,0.10461804044798037,case_patch_macro
full_voxtell_reference,HCC_10140276_20170721.nii.gz,background,gamma_world_stability,4,0.9977981579134076,0.5044114623395379,0.8922041954943384,0.9992438141365128,0.0648789706816567,case_patch_macro
full_voxtell_reference,HCC_10140276_20170721.nii.gz,foreground,gamma_world_stability,4,0.8503448503388649,0.25255910750186955,0.8163242990882549,0.9629866410143949,0.39400535683576887,case_patch_macro
full_voxtell_reference,HCC_10140276_20170721.nii.gz,overall,gamma_world_stability,4,0.9952355844003183,0.49999993069126786,0.9140395424408886,0.9992196740035968,0.1073412515321127,case_patch_macro
full_voxtell_reference,HCC_10140276_20170721.nii.gz,background,pairwise_joint_product,4,0.9977981579134076,0.313294729119366,0.9657258090321644,0.9997199986274272,0.07068130633942787,case_patch_macro
full_voxtell_reference,HCC_10140276_20170721.nii.gz,foreground,pairwise_joint_product,4,0.8503448503388649,0.015618504052259279,0.6829865058425395,0.9306092958479871,0.22381563815971947,case_patch_macro
full_voxtell_reference,HCC_10140276_20170721.nii.gz,overall,pairwise_joint_product,4,0.9952355844003183,0.30795704592627865,0.9617921246049517,0.9996894071115088,0.11084913708113966,case_patch_macro
full_voxtell_reference,HCC_10140276_20170721.nii.gz,background,pairwise_world_stability,4,0.9977981579134076,0.5083138184086524,0.9693363984957352,0.9997367741590476,0.07186690183459522,case_patch_macro
full_voxtell_reference,HCC_10140276_20170721.nii.gz,foreground,pairwise_world_stability,4,0.8503448503388649,0.03156034068967071,0.5094192273738124,0.8798749649628315,0.009650125224284522,case_patch_macro
full_voxtell_reference,HCC_10140276_20170721.nii.gz,overall,pairwise_world_stability,4,0.9952355844003183,0.4999999255246137,0.962826155856096,0.9996885672574214,0.11128127719048732,case_patch_macro
penultimate_decoder_stage_output,HCC_10140276_20170721.nii.gz,background,blur_joint_product,4,0.9977981579134076,0.3115334977046876,0.9541630913106666,0.9996348134078239,0.07332991773938113,case_patch_macro
penultimate_decoder_stage_output,HCC_10140276_20170721.nii.gz,foreground,blur_joint_product,4,0.8503448503388649,0.022497560985320384,0.6749423296196851,0.9281115616937293,0.2135422275808917,case_patch_macro
penultimate_decoder_stage_output,HCC_10140276_20170721.nii.gz,overall,blur_joint_product,4,0.9952355844003183,0.30633955189018736,0.9510982771478423,0.9996029509796033,0.11351712512312016,case_patch_macro
penultimate_decoder_stage_output,HCC_10140276_20170721.nii.gz,background,blur_world_stability,4,0.9977981579134076,0.508049925389522,0.9501674081252671,0.9996186135247755,0.07513039206677236,case_patch_macro
penultimate_decoder_stage_output,HCC_10140276_20170721.nii.gz,foreground,blur_world_stability,4,0.8503448503388649,0.04720636441204349,0.49156067731053366,0.8730296584710509,-0.01308998494922133,case_patch_macro
penultimate_decoder_stage_output,HCC_10140276_20170721.nii.gz,overall,blur_world_stability,4,0.9952355844003183,0.4999999341301262,0.948574718684541,0.9995644614867354,0.11484519847902838,case_patch_macro
penultimate_decoder_stage_output,HCC_10140276_20170721.nii.gz,background,confidence_rank,4,0.9977981579134076,0.506206066842182,0.9044317971455218,0.9991904369863562,0.059424100950753206,case_patch_macro
penultimate_decoder_stage_output,HCC_10140276_20170721.nii.gz,foreground,confidence_rank,4,0.8503448503388649,0.149284885940399,0.8180309278742639,0.9630328055869617,0.3924680136500524,case_patch_macro
penultimate_decoder_stage_output,HCC_10140276_20170721.nii.gz,overall,confidence_rank,4,0.9952355844003183,0.5000000735116245,0.9064742903087907,0.9991714243812048,0.1003883735990036,case_patch_macro
penultimate_decoder_stage_output,HCC_10140276_20170721.nii.gz,background,gamma_joint_product,4,0.9977981579134076,0.3087359228149685,0.9154145622700268,0.9993167643142077,0.06324729124579713,case_patch_macro
penultimate_decoder_stage_output,HCC_10140276_20170721.nii.gz,foreground,gamma_joint_product,4,0.8503448503388649,0.10476681417702001,0.8221821991450682,0.9644817759238243,0.39702762561730803,case_patch_macro
penultimate_decoder_stage_output,HCC_10140276_20170721.nii.gz,overall,gamma_joint_product,4,0.9952355844003183,0.3049755589103991,0.919303574281438,0.9992976232496861,0.10432784484106908,case_patch_macro
penultimate_decoder_stage_output,HCC_10140276_20170721.nii.gz,background,gamma_world_stability,4,0.9977981579134076,0.5046179817739536,0.8894695952372894,0.9992330430433378,0.06527228505342343,case_patch_macro
penultimate_decoder_stage_output,HCC_10140276_20170721.nii.gz,foreground,gamma_world_stability,4,0.8503448503388649,0.24125441024806138,0.8077995768638555,0.96103111495938,0.3832094954714191,case_patch_macro
penultimate_decoder_stage_output,HCC_10140276_20170721.nii.gz,overall,gamma_world_stability,4,0.9952355844003183,0.49999993173622875,0.911997216653218,0.9992074159387425,0.10795317143933689,case_patch_macro
penultimate_decoder_stage_output,HCC_10140276_20170721.nii.gz,background,pairwise_joint_product,4,0.9977981579134076,0.31553541984086064,0.9562444300701589,0.9996495326560614,0.073648168177336,case_patch_macro
penultimate_decoder_stage_output,HCC_10140276_20170721.nii.gz,foreground,pairwise_joint_product,4,0.8503448503388649,0.022073790984832586,0.6881003662086599,0.9322786172439689,0.23000320717462444,case_patch_macro
penultimate_decoder_stage_output,HCC_10140276_20170721.nii.gz,overall,pairwise_joint_product,4,0.9952355844003183,0.3102491069586621,0.9529919382242353,0.9996193345022897,0.11387111488660849,case_patch_macro
penultimate_decoder_stage_output,HCC_10140276_20170721.nii.gz,background,pairwise_world_stability,4,0.9977981579134076,0.5081680536299296,0.9584721370458134,0.9996645850892623,0.07588092702705213,case_patch_macro
penultimate_decoder_stage_output,HCC_10140276_20170721.nii.gz,foreground,pairwise_world_stability,4,0.8503448503388649,0.04001650941766154,0.52400575796416,0.8874724183565078,0.027361916276179343,case_patch_macro
penultimate_decoder_stage_output,HCC_10140276_20170721.nii.gz,overall,pairwise_world_stability,4,0.9952355844003183,0.49999992712293906,0.9535271083814647,0.9996183827636929,0.11548703910041147,case_patch_macro
decoder_stage_1_low_to_high,HEM_PA97.nii.gz,background,blur_joint_product,4,0.9984731076461973,0.29431566405243137,0.9985509866599523,0.9999980243223126,0.14052681677913614,case_patch_macro
decoder_stage_1_low_to_high,HEM_PA97.nii.gz,foreground,blur_joint_product,4,0.4990402581565605,0.01770271565758662,0.5994856365455,0.7541417416945406,0.10344191231176326,case_patch_macro
decoder_stage_1_low_to_high,HEM_PA97.nii.gz,overall,blur_joint_product,4,0.9909679977982132,0.28554079271118277,0.9672072230772246,0.9997112024252509,0.24601825222918897,case_patch_macro
decoder_stage_1_low_to_high,HEM_PA97.nii.gz,background,blur_world_stability,4,0.9984731076461973,0.5124633335732984,0.9974206664981095,0.9999970288450533,0.14335630952546827,case_patch_macro
decoder_stage_1_low_to_high,HEM_PA97.nii.gz,foreground,blur_world_stability,4,0.4990402581565605,0.06996542587375694,0.6068302250678584,0.7695806897705598,0.11725693051294295,case_patch_macro
decoder_stage_1_low_to_high,HEM_PA97.nii.gz,overall,blur_world_stability,4,0.9909679977982132,0.4999999382171638,0.9665805686564117,0.9996909999247927,0.2479833807816926,case_patch_macro
decoder_stage_1_low_to_high,HEM_PA97.nii.gz,background,confidence_rank,4,0.9984731076461973,0.5128627828736148,0.9837406912787069,0.999902879380502,0.1416511908786238,case_patch_macro
decoder_stage_1_low_to_high,HEM_PA97.nii.gz,foreground,confidence_rank,4,0.4990402581565605,0.1891569534816313,0.5702440960769652,0.7392930857363583,0.06432031982969633,case_patch_macro
decoder_stage_1_low_to_high,HEM_PA97.nii.gz,overall,confidence_rank,4,0.9909679977982132,0.5000000614019073,0.852908443578194,0.999128232782522,0.2354361157284592,case_patch_macro
decoder_stage_1_low_to_high,HEM_PA97.nii.gz,background,gamma_joint_product,4,0.9984731076461973,0.2939840656945801,0.9974503467397193,0.9999956087908437,0.13872264074908927,case_patch_macro
decoder_stage_1_low_to_high,HEM_PA97.nii.gz,foreground,gamma_joint_product,4,0.4990402581565605,0.08751807071674694,0.6567990898785006,0.7867358155675732,0.20432861460638668,case_patch_macro
decoder_stage_1_low_to_high,HEM_PA97.nii.gz,overall,gamma_joint_product,4,0.9909679977982132,0.2853840760561379,0.8653664092139259,0.9992577572403876,0.23366037040756574,case_patch_macro
decoder_stage_1_low_to_high,HEM_PA97.nii.gz,background,gamma_world_stability,4,0.9984731076461973,0.5116393957532506,0.9927783627166908,0.9999825156197522,0.14373760671532454,case_patch_macro
decoder_stage_1_low_to_high,HEM_PA97.nii.gz,foreground,gamma_world_stability,4,0.4990402581565605,0.22240442800309193,0.6853797887748021,0.813298213716044,0.25366364546276055,case_patch_macro
decoder_stage_1_low_to_high,HEM_PA97.nii.gz,overall,gamma_world_stability,4,0.9909679977982132,0.49999993708697354,0.8651045334588879,0.9992252121657007,0.2390371324643802,case_patch_macro
decoder_stage_1_low_to_high,HEM_PA97.nii.gz,background,pairwise_joint_product,4,0.9984731076461973,0.296779353046401,0.998599344660832,0.9999980548578314,0.1347829415041841,case_patch_macro
decoder_stage_1_low_to_high,HEM_PA97.nii.gz,foreground,pairwise_joint_product,4,0.4990402581565605,0.0172574722884376,0.6330282781097947,0.7649451123252542,0.15881300728324574,case_patch_macro
decoder_stage_1_low_to_high,HEM_PA97.nii.gz,overall,pairwise_joint_product,4,0.9909679977982132,0.2878632936663915,0.968051102918249,0.9997296223209823,0.24212579293821462,case_patch_macro
decoder_stage_1_low_to_high,HEM_PA97.nii.gz,background,pairwise_world_stability,4,0.9984731076461973,0.5128340251047431,0.9981011000062961,0.9999983741645432,0.13577142408818074,case_patch_macro
decoder_stage_1_low_to_high,HEM_PA97.nii.gz,foreground,pairwise_world_stability,4,0.4990402581565605,0.06027936741681772,0.6577710468144531,0.7843417585593391,0.19959992261438314,case_patch_macro
decoder_stage_1_low_to_high,HEM_PA97.nii.gz,overall,pairwise_world_stability,4,0.9909679977982132,0.4999999296451931,0.9682530185643328,0.9997354880781235,0.24301168892132088,case_patch_macro
final_decoder_feature,HEM_PA97.nii.gz,background,blur_joint_product,4,0.9984731076461973,0.2942067612683966,0.9985697232795903,0.9999979880234817,0.15169051598075445,case_patch_macro
final_decoder_feature,HEM_PA97.nii.gz,foreground,blur_joint_product,4,0.4990402581565605,0.009164261828129952,0.569639229210167,0.7425052928130613,0.059095631029973755,case_patch_macro
final_decoder_feature,HEM_PA97.nii.gz,overall,blur_joint_product,4,0.9909679977982132,0.2854099931592761,0.9787760479287935,0.9997662753377872,0.24740255217407064,case_patch_macro
final_decoder_feature,HEM_PA97.nii.gz,background,blur_world_stability,4,0.9984731076461973,0.5127969435977551,0.9971639848133319,0.9999946716325687,0.15173945775666606,case_patch_macro
final_decoder_feature,HEM_PA97.nii.gz,foreground,blur_world_stability,4,0.4990402581565605,0.0458677003941681,0.5646578489311065,0.750763485948714,0.05270699356086182,case_patch_macro
final_decoder_feature,HEM_PA97.nii.gz,overall,blur_world_stability,4,0.9909679977982132,0.49999991340096295,0.9779173496886486,0.9997449834717602,0.24721627484802483,case_patch_macro
final_decoder_feature,HEM_PA97.nii.gz,background,confidence_rank,4,0.9984731076461973,0.5128627828736148,0.9837406912787069,0.999902879380502,0.1416511908786238,case_patch_macro
final_decoder_feature,HEM_PA97.nii.gz,foreground,confidence_rank,4,0.4990402581565605,0.1891569534816313,0.5702440960769652,0.7392930857363583,0.06432031982969633,case_patch_macro
final_decoder_feature,HEM_PA97.nii.gz,overall,confidence_rank,4,0.9909679977982132,0.5000000614019073,0.852908443578194,0.999128232782522,0.2354361157284592,case_patch_macro
final_decoder_feature,HEM_PA97.nii.gz,background,gamma_joint_product,4,0.9984731076461973,0.29424497092408747,0.997909635772694,0.99999662054754,0.14637478692824077,case_patch_macro
final_decoder_feature,HEM_PA97.nii.gz,foreground,gamma_joint_product,4,0.4990402581565605,0.08697266314873771,0.678079773380045,0.7952908551303028,0.2380696138773737,case_patch_macro
final_decoder_feature,HEM_PA97.nii.gz,overall,gamma_joint_product,4,0.9909679977982132,0.28561535634001395,0.8660853917709849,0.9992692154557554,0.24162045829391243,case_patch_macro
final_decoder_feature,HEM_PA97.nii.gz,background,gamma_world_stability,4,0.9984731076461973,0.5119467958508995,0.9959832607118916,0.9999923630755782,0.15027424537852263,case_patch_macro
final_decoder_feature,HEM_PA97.nii.gz,foreground,gamma_world_stability,4,0.4990402581565605,0.21418446567747304,0.7168350991927652,0.8267126696565981,0.3040028402155703,case_patch_macro
final_decoder_feature,HEM_PA97.nii.gz,overall,gamma_world_stability,4,0.9909679977982132,0.49999993512198915,0.8661981039055184,0.9992594760827862,0.245856599923161,case_patch_macro
final_decoder_feature,HEM_PA97.nii.gz,background,pairwise_joint_product,4,0.9984731076461973,0.2967781283320044,0.9986237083592423,0.9999980534837172,0.1466596274748208,case_patch_macro
final_decoder_feature,HEM_PA97.nii.gz,foreground,pairwise_joint_product,4,0.4990402581565605,0.00882645522967177,0.6202048966272455,0.7639004346599456,0.14111620482514164,case_patch_macro
final_decoder_feature,HEM_PA97.nii.gz,overall,pairwise_joint_product,4,0.9909679977982132,0.2878349085870241,0.9799026127023622,0.9997899963538751,0.24417233641232194,case_patch_macro
final_decoder_feature,HEM_PA97.nii.gz,background,pairwise_world_stability,4,0.9984731076461973,0.5130114797145846,0.9978771560700093,0.9999978516129368,0.14677036405891178,case_patch_macro
final_decoder_feature,HEM_PA97.nii.gz,foreground,pairwise_world_stability,4,0.4990402581565605,0.04016564688760632,0.6492999109160071,0.7867513357824282,0.1878306659959725,case_patch_macro
final_decoder_feature,HEM_PA97.nii.gz,overall,pairwise_world_stability,4,0.9909679977982132,0.49999991057022597,0.9801999320173798,0.9997982119637532,0.24446446837199004,case_patch_macro
final_decoder_stage_input,HEM_PA97.nii.gz,background,blur_joint_product,4,0.9984731076461973,0.2942067612683966,0.9985697232795903,0.9999979880234817,0.15169051598075445,case_patch_macro
final_decoder_stage_input,HEM_PA97.nii.gz,foreground,blur_joint_product,4,0.4990402581565605,0.009164261828129952,0.569639229210167,0.7425052928130613,0.059095631029973755,case_patch_macro
final_decoder_stage_input,HEM_PA97.nii.gz,overall,blur_joint_product,4,0.9909679977982132,0.2854099931592761,0.9787760479287935,0.9997662753377872,0.24740255217407064,case_patch_macro
final_decoder_stage_input,HEM_PA97.nii.gz,background,blur_world_stability,4,0.9984731076461973,0.5127969435977551,0.9971639848133319,0.9999946716325687,0.15173945775666606,case_patch_macro
final_decoder_stage_input,HEM_PA97.nii.gz,foreground,blur_world_stability,4,0.4990402581565605,0.0458677003941681,0.5646578489311065,0.750763485948714,0.05270699356086182,case_patch_macro
final_decoder_stage_input,HEM_PA97.nii.gz,overall,blur_world_stability,4,0.9909679977982132,0.49999991340096295,0.9779173496886486,0.9997449834717602,0.24721627484802483,case_patch_macro
final_decoder_stage_input,HEM_PA97.nii.gz,background,confidence_rank,4,0.9984731076461973,0.5128627828736148,0.9837406912787069,0.999902879380502,0.1416511908786238,case_patch_macro
final_decoder_stage_input,HEM_PA97.nii.gz,foreground,confidence_rank,4,0.4990402581565605,0.1891569534816313,0.5702440960769652,0.7392930857363583,0.06432031982969633,case_patch_macro
final_decoder_stage_input,HEM_PA97.nii.gz,overall,confidence_rank,4,0.9909679977982132,0.5000000614019073,0.852908443578194,0.999128232782522,0.2354361157284592,case_patch_macro
final_decoder_stage_input,HEM_PA97.nii.gz,background,gamma_joint_product,4,0.9984731076461973,0.29424497092408747,0.997909635772694,0.99999662054754,0.14637478692824077,case_patch_macro
final_decoder_stage_input,HEM_PA97.nii.gz,foreground,gamma_joint_product,4,0.4990402581565605,0.08697266314873771,0.678079773380045,0.7952908551303028,0.2380696138773737,case_patch_macro
final_decoder_stage_input,HEM_PA97.nii.gz,overall,gamma_joint_product,4,0.9909679977982132,0.28561535634001395,0.8660853917709849,0.9992692154557554,0.24162045829391243,case_patch_macro
final_decoder_stage_input,HEM_PA97.nii.gz,background,gamma_world_stability,4,0.9984731076461973,0.5119467958508995,0.9959832607118916,0.9999923630755782,0.15027424537852263,case_patch_macro
final_decoder_stage_input,HEM_PA97.nii.gz,foreground,gamma_world_stability,4,0.4990402581565605,0.21418446567747304,0.7168350991927652,0.8267126696565981,0.3040028402155703,case_patch_macro
final_decoder_stage_input,HEM_PA97.nii.gz,overall,gamma_world_stability,4,0.9909679977982132,0.49999993512198915,0.8661981039055184,0.9992594760827862,0.245856599923161,case_patch_macro
final_decoder_stage_input,HEM_PA97.nii.gz,background,pairwise_joint_product,4,0.9984731076461973,0.2967781283320044,0.9986237083592423,0.9999980534837172,0.1466596274748208,case_patch_macro
final_decoder_stage_input,HEM_PA97.nii.gz,foreground,pairwise_joint_product,4,0.4990402581565605,0.00882645522967177,0.6202048966272455,0.7639004346599456,0.14111620482514164,case_patch_macro
final_decoder_stage_input,HEM_PA97.nii.gz,overall,pairwise_joint_product,4,0.9909679977982132,0.2878349085870241,0.9799026127023622,0.9997899963538751,0.24417233641232194,case_patch_macro
final_decoder_stage_input,HEM_PA97.nii.gz,background,pairwise_world_stability,4,0.9984731076461973,0.5130114797145846,0.9978771560700093,0.9999978516129368,0.14677036405891178,case_patch_macro
final_decoder_stage_input,HEM_PA97.nii.gz,foreground,pairwise_world_stability,4,0.4990402581565605,0.04016564688760632,0.6492999109160071,0.7867513357824282,0.1878306659959725,case_patch_macro
final_decoder_stage_input,HEM_PA97.nii.gz,overall,pairwise_world_stability,4,0.9909679977982132,0.49999991057022597,0.9801999320173798,0.9997982119637532,0.24446446837199004,case_patch_macro
full_voxtell_reference,HEM_PA97.nii.gz,background,blur_joint_product,4,0.9984731076461973,0.2935778821184362,0.9984952831641559,0.9999979100297873,0.1517209662046676,case_patch_macro
full_voxtell_reference,HEM_PA97.nii.gz,foreground,blur_joint_product,4,0.4990402581565605,0.005030392352429233,0.5766911837373274,0.7450844097163565,0.06945744332032434,case_patch_macro
full_voxtell_reference,HEM_PA97.nii.gz,overall,blur_joint_product,4,0.9909679977982132,0.28479997539002966,0.9850715885997451,0.9997964131189153,0.2043299398863535,case_patch_macro
full_voxtell_reference,HEM_PA97.nii.gz,background,blur_world_stability,4,0.9984731076461973,0.5127832532598586,0.9967778910069468,0.9999932234080735,0.15170988511057382,case_patch_macro
full_voxtell_reference,HEM_PA97.nii.gz,foreground,blur_world_stability,4,0.4990402581565605,0.03817754244571267,0.5766801530144013,0.7567459903610371,0.07065679795447626,case_patch_macro
full_voxtell_reference,HEM_PA97.nii.gz,overall,blur_world_stability,4,0.9909679977982132,0.49999992586368047,0.9839125805401872,0.9997600133215001,0.20395949107675326,case_patch_macro
full_voxtell_reference,HEM_PA97.nii.gz,background,confidence_rank,4,0.9984731076461973,0.5128627828736148,0.9837406912787069,0.999902879380502,0.1416511908786238,case_patch_macro
full_voxtell_reference,HEM_PA97.nii.gz,foreground,confidence_rank,4,0.4990402581565605,0.1891569534816313,0.5702440960769652,0.7392930857363583,0.06432031982969633,case_patch_macro
full_voxtell_reference,HEM_PA97.nii.gz,overall,confidence_rank,4,0.9909679977982132,0.5000000614019073,0.852908443578194,0.999128232782522,0.2354361157284592,case_patch_macro
full_voxtell_reference,HEM_PA97.nii.gz,background,gamma_joint_product,4,0.9984731076461973,0.29752551328742705,0.9965594376417751,0.999988012079178,0.15056214517540004,case_patch_macro
full_voxtell_reference,HEM_PA97.nii.gz,foreground,gamma_joint_product,4,0.4990402581565605,0.08710235380326468,0.695996739656192,0.8057900405486065,0.2660199697956615,case_patch_macro
full_voxtell_reference,HEM_PA97.nii.gz,overall,gamma_joint_product,4,0.9909679977982132,0.2887267382181192,0.8654286534878889,0.9992669333162335,0.24601445185524176,case_patch_macro
full_voxtell_reference,HEM_PA97.nii.gz,background,gamma_world_stability,4,0.9984731076461973,0.5120280366634882,0.993655933048319,0.9999774626317424,0.14999175782170868,case_patch_macro
full_voxtell_reference,HEM_PA97.nii.gz,foreground,gamma_world_stability,4,0.4990402581565605,0.21206106750642917,0.7488910814419595,0.8495878141469394,0.3538455119949533,case_patch_macro
full_voxtell_reference,HEM_PA97.nii.gz,overall,gamma_world_stability,4,0.9909679977982132,0.49999993157494715,0.8651392240657569,0.9992588428793587,0.24593347300747403,case_patch_macro
full_voxtell_reference,HEM_PA97.nii.gz,background,pairwise_joint_product,4,0.9984731076461973,0.2985945060664153,0.9985706497313158,0.9999979906177516,0.15172774145837267,case_patch_macro
full_voxtell_reference,HEM_PA97.nii.gz,foreground,pairwise_joint_product,4,0.4990402581565605,0.004722748662434293,0.6356394947604491,0.772206188822441,0.16494974056376066,case_patch_macro
full_voxtell_reference,HEM_PA97.nii.gz,overall,pairwise_joint_product,4,0.9909679977982132,0.28954032780100963,0.9864414496499512,0.9998256761564204,0.2049932130649725,case_patch_macro
full_voxtell_reference,HEM_PA97.nii.gz,background,pairwise_world_stability,4,0.9984731076461973,0.5130091887988376,0.9977583644225456,0.9999980866586612,0.15183098571576922,case_patch_macro
full_voxtell_reference,HEM_PA97.nii.gz,foreground,pairwise_world_stability,4,0.4990402581565605,0.03221386757173607,0.676075249468848,0.8051296625255326,0.2292981605983048,case_patch_macro
full_voxtell_reference,HEM_PA97.nii.gz,overall,pairwise_world_stability,4,0.9909679977982132,0.49999992589498854,0.986930995868005,0.9998378152670984,0.20536633425242143,case_patch_macro
penultimate_decoder_stage_output,HEM_PA97.nii.gz,background,blur_joint_product,4,0.9984731076461973,0.29423722306823424,0.9985066435106184,0.9999979296609599,0.1516739772616044,case_patch_macro
penultimate_decoder_stage_output,HEM_PA97.nii.gz,foreground,blur_joint_product,4,0.4990402581565605,0.009616918788101126,0.5673450123949499,0.741116875084677,0.056710204845534726,case_patch_macro
penultimate_decoder_stage_output,HEM_PA97.nii.gz,overall,blur_joint_product,4,0.9909679977982132,0.2854403696043376,0.9780221384820904,0.99976234850222,0.24761784262306297,case_patch_macro
penultimate_decoder_stage_output,HEM_PA97.nii.gz,background,blur_world_stability,4,0.9984731076461973,0.5128123654095718,0.9968135668373224,0.9999935125017727,0.15169684000194278,case_patch_macro
penultimate_decoder_stage_output,HEM_PA97.nii.gz,foreground,blur_world_stability,4,0.4990402581565605,0.046242168883760516,0.5589967706250438,0.7487432882166618,0.04612027854012951,case_patch_macro
penultimate_decoder_stage_output,HEM_PA97.nii.gz,overall,blur_world_stability,4,0.9909679977982132,0.4999999159470366,0.9770333204181962,0.9997385720782953,0.24739111965094002,case_patch_macro
penultimate_decoder_stage_output,HEM_PA97.nii.gz,background,confidence_rank,4,0.9984731076461973,0.5128627828736148,0.9837406912787069,0.999902879380502,0.1416511908786238,case_patch_macro
penultimate_decoder_stage_output,HEM_PA97.nii.gz,foreground,confidence_rank,4,0.4990402581565605,0.1891569534816313,0.5702440960769652,0.7392930857363583,0.06432031982969633,case_patch_macro
penultimate_decoder_stage_output,HEM_PA97.nii.gz,overall,confidence_rank,4,0.9909679977982132,0.5000000614019073,0.852908443578194,0.999128232782522,0.2354361157284592,case_patch_macro
penultimate_decoder_stage_output,HEM_PA97.nii.gz,background,gamma_joint_product,4,0.9984731076461973,0.29422808196670514,0.9979467223897026,0.9999966581497182,0.1465108629840743,case_patch_macro
penultimate_decoder_stage_output,HEM_PA97.nii.gz,foreground,gamma_joint_product,4,0.4990402581565605,0.08691231983182228,0.6773046645477014,0.7960568545958085,0.2371360393439941,case_patch_macro
penultimate_decoder_stage_output,HEM_PA97.nii.gz,overall,gamma_joint_product,4,0.9909679977982132,0.28559740957177693,0.866111003521643,0.9992698785154601,0.24176907786692106,case_patch_macro
penultimate_decoder_stage_output,HEM_PA97.nii.gz,background,gamma_world_stability,4,0.9984731076461973,0.5119135412199647,0.9960313221742915,0.9999923509753621,0.15034202806473052,case_patch_macro
penultimate_decoder_stage_output,HEM_PA97.nii.gz,foreground,gamma_world_stability,4,0.4990402581565605,0.21503213358076279,0.7153182627758152,0.8282668675742899,0.3023324280270028,case_patch_macro
penultimate_decoder_stage_output,HEM_PA97.nii.gz,overall,gamma_world_stability,4,0.9909679977982132,0.49999992335677623,0.866252824145162,0.9992607444582262,0.24594967022570943,case_patch_macro
penultimate_decoder_stage_output,HEM_PA97.nii.gz,background,pairwise_joint_product,4,0.9984731076461973,0.29680235295658486,0.9986024282203556,0.9999980363934029,0.14677789929007512,case_patch_macro
penultimate_decoder_stage_output,HEM_PA97.nii.gz,foreground,pairwise_joint_product,4,0.4990402581565605,0.00928679383877194,0.6170026568333635,0.7623410452197785,0.13708643623358813,case_patch_macro
penultimate_decoder_stage_output,HEM_PA97.nii.gz,overall,pairwise_joint_product,4,0.9909679977982132,0.28785957585680716,0.979152864900688,0.999786000875416,0.24448406050628507,case_patch_macro
penultimate_decoder_stage_output,HEM_PA97.nii.gz,background,pairwise_world_stability,4,0.9984731076461973,0.5130096304883709,0.9978717673085346,0.9999980066029012,0.1468926070375109,case_patch_macro
penultimate_decoder_stage_output,HEM_PA97.nii.gz,foreground,pairwise_world_stability,4,0.4990402581565605,0.041040722991683785,0.6424005948233472,0.7848462170894428,0.17923477753562952,case_patch_macro
penultimate_decoder_stage_output,HEM_PA97.nii.gz,overall,pairwise_world_stability,4,0.9909679977982132,0.4999999280142123,0.979357705315981,0.9997935037680612,0.24474854188586131,case_patch_macro
decoder_stage_1_low_to_high,CYST_PA69.nii.gz,background,blur_joint_product,4,0.9974117486662468,0.2913796713661409,0.9941933626727986,0.9999825180660531,0.12097508547478941,case_patch_macro
decoder_stage_1_low_to_high,CYST_PA69.nii.gz,foreground,blur_joint_product,4,0.572872492069845,0.09004656946747162,0.7420281927200205,0.9419738573441361,0.2907145922313285,case_patch_macro
decoder_stage_1_low_to_high,CYST_PA69.nii.gz,overall,blur_joint_product,4,0.9925756454467773,0.28327463084374305,0.8221482862360866,0.998560183953544,0.18315741040444503,case_patch_macro
decoder_stage_1_low_to_high,CYST_PA69.nii.gz,background,blur_world_stability,4,0.9974117486662468,0.5107635608307936,0.9881964894510511,0.9999094990087641,0.11947911888291254,case_patch_macro
decoder_stage_1_low_to_high,CYST_PA69.nii.gz,foreground,blur_world_stability,4,0.572872492069845,0.23099212385030318,0.6969165899962423,0.934363670173775,0.2366794131786547,case_patch_macro
decoder_stage_1_low_to_high,CYST_PA69.nii.gz,overall,blur_world_stability,4,0.9925756454467773,0.49999993454423686,0.8182515039687791,0.9984640706580928,0.18095144751699477,case_patch_macro
decoder_stage_1_low_to_high,CYST_PA69.nii.gz,background,confidence_rank,4,0.9974117486662468,0.511853613732064,0.9949916381582427,0.9999848160091119,0.12116865229976856,case_patch_macro
decoder_stage_1_low_to_high,CYST_PA69.nii.gz,foreground,confidence_rank,4,0.572872492069845,0.19930854147661772,0.7775560262131728,0.9481847418665259,0.33356264527380397,case_patch_macro
decoder_stage_1_low_to_high,CYST_PA69.nii.gz,overall,confidence_rank,4,0.9925756454467773,0.5000000651166077,0.8235142884186818,0.9985739135798841,0.18395312251724116,case_patch_macro
decoder_stage_1_low_to_high,CYST_PA69.nii.gz,background,gamma_joint_product,4,0.9974117486662468,0.291082410773513,0.9916418574040312,0.9999734626415355,0.12026903876973077,case_patch_macro
decoder_stage_1_low_to_high,CYST_PA69.nii.gz,foreground,gamma_joint_product,4,0.572872492069845,0.09487047083851181,0.7785516218946313,0.9517953922761637,0.33450309067568956,case_patch_macro
decoder_stage_1_low_to_high,CYST_PA69.nii.gz,overall,gamma_joint_product,4,0.9925756454467773,0.2831705232374145,0.8219899919356553,0.9985597523072374,0.1831169591939193,case_patch_macro
decoder_stage_1_low_to_high,CYST_PA69.nii.gz,background,gamma_world_stability,4,0.9974117486662468,0.5090670645967007,0.9736222798540158,0.99972767379418,0.11545327814060764,case_patch_macro
decoder_stage_1_low_to_high,CYST_PA69.nii.gz,foreground,gamma_world_stability,4,0.572872492069845,0.27912926884110706,0.7597250609712303,0.9490918285425869,0.3128302725279528,case_patch_macro
decoder_stage_1_low_to_high,CYST_PA69.nii.gz,overall,gamma_world_stability,4,0.9925756454467773,0.49999993488412886,0.8139475067163261,0.9982932408044445,0.178726238185579,case_patch_macro
decoder_stage_1_low_to_high,CYST_PA69.nii.gz,background,pairwise_joint_product,4,0.9974117486662468,0.29414963372630104,0.9949495886690394,0.9999846776584171,0.12115999496780896,case_patch_macro
decoder_stage_1_low_to_high,CYST_PA69.nii.gz,foreground,pairwise_joint_product,4,0.572872492069845,0.08886839854558813,0.7451529676981896,0.942687519992655,0.29434782326783343,case_patch_macro
decoder_stage_1_low_to_high,CYST_PA69.nii.gz,overall,pairwise_joint_product,4,0.9925756454467773,0.28586255721804427,0.8225700810853613,0.9985646230080846,0.18339592076696554,case_patch_macro
decoder_stage_1_low_to_high,CYST_PA69.nii.gz,background,pairwise_world_stability,4,0.9974117486662468,0.5113321022107623,0.9937584555106049,0.9999756188058218,0.12085846165215533,case_patch_macro
decoder_stage_1_low_to_high,CYST_PA69.nii.gz,foreground,pairwise_world_stability,4,0.572872492069845,0.21563438418979888,0.7083307985565399,0.9375748711890923,0.25012956966239924,case_patch_macro
decoder_stage_1_low_to_high,CYST_PA69.nii.gz,overall,pairwise_world_stability,4,0.9925756454467773,0.49999993468208004,0.8207912465309142,0.9985420776774707,0.18237327896778746,case_patch_macro
final_decoder_feature,CYST_PA69.nii.gz,background,blur_joint_product,4,0.9974117486662468,0.2911872551249161,0.9938985167304842,0.999981718109232,0.12087981302134554,case_patch_macro
final_decoder_feature,CYST_PA69.nii.gz,foreground,blur_joint_product,4,0.572872492069845,0.088451563888602,0.7463598782035685,0.9435883092124835,0.29680101122118907,case_patch_macro
final_decoder_feature,CYST_PA69.nii.gz,overall,blur_joint_product,4,0.9925756454467773,0.2830711630400767,0.8221449480491136,0.9985619306458869,0.18318798829081467,case_patch_macro
final_decoder_feature,CYST_PA69.nii.gz,background,blur_world_stability,4,0.9974117486662468,0.5110281842317442,0.9891620872647097,0.9999267264598378,0.11963587492182506,case_patch_macro
final_decoder_feature,CYST_PA69.nii.gz,foreground,blur_world_stability,4,0.572872492069845,0.2183724005502301,0.6932575681351922,0.9344281945825532,0.23375334877980025,case_patch_macro
final_decoder_feature,CYST_PA69.nii.gz,overall,blur_world_stability,4,0.9925756454467773,0.49999993513717894,0.8182186744335902,0.9984811796459907,0.18098511510505944,case_patch_macro
final_decoder_feature,CYST_PA69.nii.gz,background,confidence_rank,4,0.9974117486662468,0.511853613732064,0.9949916381582427,0.9999848160091119,0.12116865229976856,case_patch_macro
final_decoder_feature,CYST_PA69.nii.gz,foreground,confidence_rank,4,0.572872492069845,0.19930854147661772,0.7775560262131728,0.9481847418665259,0.33356264527380397,case_patch_macro
final_decoder_feature,CYST_PA69.nii.gz,overall,confidence_rank,4,0.9925756454467773,0.5000000651166077,0.8235142884186818,0.9985739135798841,0.18395312251724116,case_patch_macro
final_decoder_feature,CYST_PA69.nii.gz,background,gamma_joint_product,4,0.9974117486662468,0.2907855540721487,0.9934209856678062,0.9999798828476798,0.12076274154827465,case_patch_macro
final_decoder_feature,CYST_PA69.nii.gz,foreground,gamma_joint_product,4,0.572872492069845,0.09306862053166153,0.7892714672354084,0.9528808511105837,0.347459550001252,case_patch_macro
final_decoder_feature,CYST_PA69.nii.gz,overall,gamma_joint_product,4,0.9925756454467773,0.28284143573005827,0.8231337763046113,0.9985705812529706,0.18375012958989828,case_patch_macro
final_decoder_feature,CYST_PA69.nii.gz,background,gamma_world_stability,4,0.9974117486662468,0.5099575963569135,0.9839000005791616,0.9998584823688131,0.11832673233798449,case_patch_macro
final_decoder_feature,CYST_PA69.nii.gz,foreground,gamma_world_stability,4,0.572872492069845,0.2522020345202041,0.7757264217606783,0.9504309419022487,0.33159888431886386,case_patch_macro
final_decoder_feature,CYST_PA69.nii.gz,overall,gamma_world_stability,4,0.9925756454467773,0.49999993506863427,0.8188618125672487,0.998432426971928,0.18138403859259022,case_patch_macro
final_decoder_feature,CYST_PA69.nii.gz,background,pairwise_joint_product,4,0.9974117486662468,0.2940436661527436,0.9944194906105032,0.9999835113444857,0.12102194947486788,case_patch_macro
final_decoder_feature,CYST_PA69.nii.gz,foreground,pairwise_joint_product,4,0.572872492069845,0.08715407759439071,0.7543293183540233,0.9457989747535261,0.30639588850813393,case_patch_macro
final_decoder_feature,CYST_PA69.nii.gz,overall,pairwise_joint_product,4,0.9925756454467773,0.28573534594523664,0.8226919427437126,0.9985673954868417,0.18349828681464253,case_patch_macro
final_decoder_feature,CYST_PA69.nii.gz,background,pairwise_world_stability,4,0.9974117486662468,0.5115432244186066,0.9929274441746191,0.9999770098428509,0.12064097332911168,case_patch_macro
final_decoder_feature,CYST_PA69.nii.gz,foreground,pairwise_world_stability,4,0.572872492069845,0.20551300822800755,0.7160102165686746,0.9409265688373369,0.26107769798252556,case_patch_macro
final_decoder_feature,CYST_PA69.nii.gz,overall,pairwise_world_stability,4,0.9925756454467773,0.4999999349060115,0.8207849181625111,0.9985476533039912,0.18242151746356627,case_patch_macro
final_decoder_stage_input,CYST_PA69.nii.gz,background,blur_joint_product,4,0.9974117486662468,0.2911872551249161,0.9938985167304842,0.999981718109232,0.12087981302134554,case_patch_macro
final_decoder_stage_input,CYST_PA69.nii.gz,foreground,blur_joint_product,4,0.572872492069845,0.088451563888602,0.7463598782035685,0.9435883092124835,0.29680101122118907,case_patch_macro
final_decoder_stage_input,CYST_PA69.nii.gz,overall,blur_joint_product,4,0.9925756454467773,0.2830711630400767,0.8221449480491136,0.9985619306458869,0.18318798829081467,case_patch_macro
final_decoder_stage_input,CYST_PA69.nii.gz,background,blur_world_stability,4,0.9974117486662468,0.5110281842317442,0.9891620872647097,0.9999267264598378,0.11963587492182506,case_patch_macro
final_decoder_stage_input,CYST_PA69.nii.gz,foreground,blur_world_stability,4,0.572872492069845,0.2183724005502301,0.6932575681351922,0.9344281945825532,0.23375334877980025,case_patch_macro
final_decoder_stage_input,CYST_PA69.nii.gz,overall,blur_world_stability,4,0.9925756454467773,0.49999993513717894,0.8182186744335902,0.9984811796459907,0.18098511510505944,case_patch_macro
final_decoder_stage_input,CYST_PA69.nii.gz,background,confidence_rank,4,0.9974117486662468,0.511853613732064,0.9949916381582427,0.9999848160091119,0.12116865229976856,case_patch_macro
final_decoder_stage_input,CYST_PA69.nii.gz,foreground,confidence_rank,4,0.572872492069845,0.19930854147661772,0.7775560262131728,0.9481847418665259,0.33356264527380397,case_patch_macro
final_decoder_stage_input,CYST_PA69.nii.gz,overall,confidence_rank,4,0.9925756454467773,0.5000000651166077,0.8235142884186818,0.9985739135798841,0.18395312251724116,case_patch_macro
final_decoder_stage_input,CYST_PA69.nii.gz,background,gamma_joint_product,4,0.9974117486662468,0.2907855540721487,0.9934209856678062,0.9999798828476798,0.12076274154827465,case_patch_macro
final_decoder_stage_input,CYST_PA69.nii.gz,foreground,gamma_joint_product,4,0.572872492069845,0.09306862053166153,0.7892714672354084,0.9528808511105837,0.347459550001252,case_patch_macro
final_decoder_stage_input,CYST_PA69.nii.gz,overall,gamma_joint_product,4,0.9925756454467773,0.28284143573005827,0.8231337763046113,0.9985705812529706,0.18375012958989828,case_patch_macro
final_decoder_stage_input,CYST_PA69.nii.gz,background,gamma_world_stability,4,0.9974117486662468,0.5099575963569135,0.9839000005791616,0.9998584823688131,0.11832673233798449,case_patch_macro
final_decoder_stage_input,CYST_PA69.nii.gz,foreground,gamma_world_stability,4,0.572872492069845,0.2522020345202041,0.7757264217606783,0.9504309419022487,0.33159888431886386,case_patch_macro
final_decoder_stage_input,CYST_PA69.nii.gz,overall,gamma_world_stability,4,0.9925756454467773,0.49999993506863427,0.8188618125672487,0.998432426971928,0.18138403859259022,case_patch_macro
final_decoder_stage_input,CYST_PA69.nii.gz,background,pairwise_joint_product,4,0.9974117486662468,0.2940436661527436,0.9944194906105032,0.9999835113444857,0.12102194947486788,case_patch_macro
final_decoder_stage_input,CYST_PA69.nii.gz,foreground,pairwise_joint_product,4,0.572872492069845,0.08715407759439071,0.7543293183540233,0.9457989747535261,0.30639588850813393,case_patch_macro
final_decoder_stage_input,CYST_PA69.nii.gz,overall,pairwise_joint_product,4,0.9925756454467773,0.28573534594523664,0.8226919427437126,0.9985673954868417,0.18349828681464253,case_patch_macro
final_decoder_stage_input,CYST_PA69.nii.gz,background,pairwise_world_stability,4,0.9974117486662468,0.5115432244186066,0.9929274441746191,0.9999770098428509,0.12064097332911168,case_patch_macro
final_decoder_stage_input,CYST_PA69.nii.gz,foreground,pairwise_world_stability,4,0.572872492069845,0.20551300822800755,0.7160102165686746,0.9409265688373369,0.26107769798252556,case_patch_macro
final_decoder_stage_input,CYST_PA69.nii.gz,overall,pairwise_world_stability,4,0.9925756454467773,0.4999999349060115,0.8207849181625111,0.9985476533039912,0.18242151746356627,case_patch_macro
full_voxtell_reference,CYST_PA69.nii.gz,background,blur_joint_product,4,0.9974117486662468,0.2901064329304317,0.9937986846542126,0.999981455863869,0.12085548311169211,case_patch_macro
full_voxtell_reference,CYST_PA69.nii.gz,foreground,blur_joint_product,4,0.572872492069845,0.08893777986189237,0.7540505333056111,0.9455385778141767,0.3059502153858385,case_patch_macro
full_voxtell_reference,CYST_PA69.nii.gz,overall,blur_joint_product,4,0.9925756454467773,0.2821911594038752,0.8221455186267836,0.9985617542675556,0.18318516986128802,case_patch_macro
full_voxtell_reference,CYST_PA69.nii.gz,background,blur_world_stability,4,0.9974117486662468,0.5109831775021483,0.9887976356322588,0.9999212892443066,0.11956140235870927,case_patch_macro
full_voxtell_reference,CYST_PA69.nii.gz,foreground,blur_world_stability,4,0.572872492069845,0.2189014644894344,0.706934673761743,0.9376296412716658,0.24983745498493318,case_patch_macro
full_voxtell_reference,CYST_PA69.nii.gz,overall,blur_world_stability,4,0.9925756454467773,0.49999993538940585,0.8178068303161022,0.9984703030000749,0.18072037930885224,case_patch_macro
full_voxtell_reference,CYST_PA69.nii.gz,background,confidence_rank,4,0.9974117486662468,0.511853613732064,0.9949916381582427,0.9999848160091119,0.12116865229976856,case_patch_macro
full_voxtell_reference,CYST_PA69.nii.gz,foreground,confidence_rank,4,0.572872492069845,0.19930854147661772,0.7775560262131728,0.9481847418665259,0.33356264527380397,case_patch_macro
full_voxtell_reference,CYST_PA69.nii.gz,overall,confidence_rank,4,0.9925756454467773,0.5000000651166077,0.8235142884186818,0.9985739135798841,0.18395312251724116,case_patch_macro
full_voxtell_reference,CYST_PA69.nii.gz,background,gamma_joint_product,4,0.9974117486662468,0.2914098556297433,0.9932389750174351,0.9999793743671075,0.1207180908632062,case_patch_macro
full_voxtell_reference,CYST_PA69.nii.gz,foreground,gamma_joint_product,4,0.572872492069845,0.09362708612487618,0.7902223916971431,0.9530143926940446,0.3487398836913914,case_patch_macro
full_voxtell_reference,CYST_PA69.nii.gz,overall,gamma_joint_product,4,0.9925756454467773,0.2834598914876383,0.8230487075935623,0.9985697545736548,0.1837042653805109,case_patch_macro
full_voxtell_reference,CYST_PA69.nii.gz,background,gamma_world_stability,4,0.9974117486662468,0.5100281442401059,0.9828955191897446,0.9998436919508819,0.11809307963885415,case_patch_macro
full_voxtell_reference,CYST_PA69.nii.gz,foreground,gamma_world_stability,4,0.572872492069845,0.24800634173501626,0.7768632402554644,0.9505991674335121,0.33315145521143563,case_patch_macro
full_voxtell_reference,CYST_PA69.nii.gz,overall,gamma_world_stability,4,0.9925756454467773,0.49999993440007984,0.8183884009850755,0.9984140407005875,0.1811066359689853,case_patch_macro
full_voxtell_reference,CYST_PA69.nii.gz,background,pairwise_joint_product,4,0.9974117486662468,0.2927143413924884,0.9943171439924922,0.9999832385217888,0.12099662375189997,case_patch_macro
full_voxtell_reference,CYST_PA69.nii.gz,foreground,pairwise_joint_product,4,0.572872492069845,0.08783698884840539,0.7621635297710703,0.9481026109463602,0.3157960939504499,case_patch_macro
full_voxtell_reference,CYST_PA69.nii.gz,overall,pairwise_joint_product,4,0.9925756454467773,0.2845902626762752,0.822794999026383,0.9985684042639849,0.1835586849295961,case_patch_macro
full_voxtell_reference,CYST_PA69.nii.gz,background,pairwise_world_stability,4,0.9974117486662468,0.5115061978094106,0.9926555108591837,0.9999763691355787,0.12058094468394127,case_patch_macro
full_voxtell_reference,CYST_PA69.nii.gz,foreground,pairwise_world_stability,4,0.572872492069845,0.2059469147370903,0.7301925007533463,0.9446336778852821,0.277969326140423,case_patch_macro
full_voxtell_reference,CYST_PA69.nii.gz,overall,pairwise_world_stability,4,0.9925756454467773,0.49999993491107686,0.8208618895983156,0.9985478741143865,0.18246016734339754,case_patch_macro
penultimate_decoder_stage_output,CYST_PA69.nii.gz,background,blur_joint_product,4,0.9974117486662468,0.29115393339577045,0.9937911648874532,0.9999813615680724,0.12085105406982781,case_patch_macro
penultimate_decoder_stage_output,CYST_PA69.nii.gz,foreground,blur_joint_product,4,0.572872492069845,0.08937030682174507,0.7469564299531072,0.9437268359125729,0.2973512520520698,case_patch_macro
penultimate_decoder_stage_output,CYST_PA69.nii.gz,overall,blur_joint_product,4,0.9925756454467773,0.2830645224106667,0.8220898993843314,0.9985613805714202,0.18315527786246116,case_patch_macro
penultimate_decoder_stage_output,CYST_PA69.nii.gz,background,blur_world_stability,4,0.9974117486662468,0.5109835779096163,0.9887733897798392,0.9999210569169703,0.11952753859668504,case_patch_macro
penultimate_decoder_stage_output,CYST_PA69.nii.gz,foreground,blur_world_stability,4,0.572872492069845,0.2205087860081305,0.6955865618986743,0.9348546354041642,0.2362550702174815,case_patch_macro
penultimate_decoder_stage_output,CYST_PA69.nii.gz,overall,blur_world_stability,4,0.9925756454467773,0.49999993488961325,0.8181296742496648,0.9984780150183217,0.18093624203058095,case_patch_macro
penultimate_decoder_stage_output,CYST_PA69.nii.gz,background,confidence_rank,4,0.9974117486662468,0.511853613732064,0.9949916381582427,0.9999848160091119,0.12116865229976856,case_patch_macro
penultimate_decoder_stage_output,CYST_PA69.nii.gz,foreground,confidence_rank,4,0.572872492069845,0.19930854147661772,0.7775560262131728,0.9481847418665259,0.33356264527380397,case_patch_macro
penultimate_decoder_stage_output,CYST_PA69.nii.gz,overall,confidence_rank,4,0.9925756454467773,0.5000000651166077,0.8235142884186818,0.9985739135798841,0.18395312251724116,case_patch_macro
penultimate_decoder_stage_output,CYST_PA69.nii.gz,background,gamma_joint_product,4,0.9974117486662468,0.2906607858711363,0.9931274238972316,0.9999789010213797,0.12068553658232914,case_patch_macro
penultimate_decoder_stage_output,CYST_PA69.nii.gz,foreground,gamma_joint_product,4,0.572872492069845,0.09311436110246085,0.7829087811136606,0.9517823847681038,0.34001610859969067,case_patch_macro
penultimate_decoder_stage_output,CYST_PA69.nii.gz,overall,gamma_joint_product,4,0.9925756454467773,0.2827274898500729,0.8228906104638849,0.9985683357131103,0.18361619273548435,case_patch_macro
penultimate_decoder_stage_output,CYST_PA69.nii.gz,background,gamma_world_stability,4,0.9974117486662468,0.5098596448648629,0.9819813557884705,0.9998344376617403,0.11782429762345989,case_patch_macro
penultimate_decoder_stage_output,CYST_PA69.nii.gz,foreground,gamma_world_stability,4,0.572872492069845,0.2545541392711533,0.7649418317600319,0.9486418908922738,0.3189946629370902,case_patch_macro
penultimate_decoder_stage_output,CYST_PA69.nii.gz,overall,gamma_world_stability,4,0.9925756454467773,0.4999999337104913,0.8179413991712016,0.9984058916979388,0.18088205259237625,case_patch_macro
penultimate_decoder_stage_output,CYST_PA69.nii.gz,background,pairwise_joint_product,4,0.9974117486662468,0.294006298331038,0.9943315495736584,0.9999832135490803,0.12099812242216665,case_patch_macro
penultimate_decoder_stage_output,CYST_PA69.nii.gz,foreground,pairwise_joint_product,4,0.572872492069845,0.08751033949567845,0.752257894673215,0.9451203472507398,0.30381136028587985,case_patch_macro
penultimate_decoder_stage_output,CYST_PA69.nii.gz,overall,pairwise_joint_product,4,0.9925756454467773,0.28571108237425297,0.8225780092300542,0.9985662501457131,0.18343189484716918,case_patch_macro
penultimate_decoder_stage_output,CYST_PA69.nii.gz,background,pairwise_world_stability,4,0.9974117486662468,0.5115435925241841,0.9926668249511441,0.9999729977763916,0.12056773432597219,case_patch_macro
penultimate_decoder_stage_output,CYST_PA69.nii.gz,foreground,pairwise_world_stability,4,0.572872492069845,0.2056403493523615,0.7114520142567238,0.9394668765478236,0.2554926173052474,case_patch_macro
penultimate_decoder_stage_output,CYST_PA69.nii.gz,overall,pairwise_world_stability,4,0.9925756454467773,0.4999999350218395,0.8205356188329911,0.9985422737863635,0.18228025717089805,case_patch_macro
decoder_stage_1_low_to_high,HCC_10076307_20130925.nii.gz,background,blur_joint_product,4,0.9981399487830938,0.3041485902924479,0.981332962543447,0.9999246439984817,0.1412061187159135,case_patch_macro
decoder_stage_1_low_to_high,HCC_10076307_20130925.nii.gz,foreground,blur_joint_product,4,0.8817478622823441,0.024518862028826638,0.7945746597697163,0.9470711104576609,0.3005035009732552,case_patch_macro
decoder_stage_1_low_to_high,HCC_10076307_20130925.nii.gz,overall,blur_joint_product,4,0.9963353474934895,0.2984036202694964,0.9809727662377217,0.9999051587829196,0.1695420134824916,case_patch_macro
decoder_stage_1_low_to_high,HCC_10076307_20130925.nii.gz,background,blur_world_stability,4,0.9981399487830938,0.5071334743657727,0.9640698467411357,0.9998238244602742,0.13641894943284297,case_patch_macro
decoder_stage_1_low_to_high,HCC_10076307_20130925.nii.gz,foreground,blur_world_stability,4,0.8817478622823441,0.11650651300876397,0.7692849745466123,0.9481755567326067,0.283240783810772,case_patch_macro
decoder_stage_1_low_to_high,HCC_10076307_20130925.nii.gz,overall,blur_world_stability,4,0.9963353474934895,0.49999993616700067,0.96910161709193,0.9997971929818501,0.16517626687908188,case_patch_macro
decoder_stage_1_low_to_high,HCC_10076307_20130925.nii.gz,background,confidence_rank,4,0.9981399487830938,0.5086243898060436,0.9817396652379266,0.9999150853450448,0.17398333420400067,case_patch_macro
decoder_stage_1_low_to_high,HCC_10076307_20130925.nii.gz,foreground,confidence_rank,4,0.8817478622823441,0.05956794309937615,0.7916036463722613,0.9404419364184857,0.2886778778086271,case_patch_macro
decoder_stage_1_low_to_high,HCC_10076307_20130925.nii.gz,overall,confidence_rank,4,0.9963353474934895,0.5000000640452147,0.9818270774064513,0.9999000136925855,0.20152505299923348,case_patch_macro
decoder_stage_1_low_to_high,HCC_10076307_20130925.nii.gz,background,gamma_joint_product,4,0.9981399487830938,0.30300493492389025,0.9764515586481566,0.9999073601833474,0.1584526244548291,case_patch_macro
decoder_stage_1_low_to_high,HCC_10076307_20130925.nii.gz,foreground,gamma_joint_product,4,0.8817478622823441,0.04212010711580212,0.8374147346323413,0.962124215454064,0.34921019888887905,case_patch_macro
decoder_stage_1_low_to_high,HCC_10076307_20130925.nii.gz,overall,gamma_joint_product,4,0.9963353474934895,0.29778042889905465,0.9795856376205831,0.9998925109654242,0.186835805229262,case_patch_macro
decoder_stage_1_low_to_high,HCC_10076307_20130925.nii.gz,background,gamma_world_stability,4,0.9981399487830938,0.5030446370166363,0.9131785846263871,0.999577594275132,0.1348383924158747,case_patch_macro
decoder_stage_1_low_to_high,HCC_10076307_20130925.nii.gz,foreground,gamma_world_stability,4,0.8817478622823441,0.28874075133674915,0.8410200094207599,0.9666472042430799,0.36789774986313917,case_patch_macro
decoder_stage_1_low_to_high,HCC_10076307_20130925.nii.gz,overall,gamma_world_stability,4,0.9963353474934895,0.4999999294190848,0.9395217683050624,0.9995647468358029,0.16634506851071293,case_patch_macro
decoder_stage_1_low_to_high,HCC_10076307_20130925.nii.gz,background,pairwise_joint_product,4,0.9981399487830938,0.3077833021892481,0.9824672751358551,0.9999302565025866,0.14113347531985362,case_patch_macro
decoder_stage_1_low_to_high,HCC_10076307_20130925.nii.gz,foreground,pairwise_joint_product,4,0.8817478622823441,0.0236588541377521,0.8031225805075684,0.9487657829145912,0.31060228854774463,case_patch_macro
decoder_stage_1_low_to_high,HCC_10076307_20130925.nii.gz,overall,pairwise_joint_product,4,0.9963353474934895,0.3019149004716968,0.9817412065324924,0.9999115819359631,0.1694616155491528,case_patch_macro
decoder_stage_1_low_to_high,HCC_10076307_20130925.nii.gz,background,pairwise_world_stability,4,0.9981399487830938,0.5076008472208384,0.9723958022488979,0.9998700665572875,0.1379369589181899,case_patch_macro
decoder_stage_1_low_to_high,HCC_10076307_20130925.nii.gz,foreground,pairwise_world_stability,4,0.8817478622823441,0.09852916217038249,0.7943843446173231,0.9542007096390956,0.3127647149320312,case_patch_macro
decoder_stage_1_low_to_high,HCC_10076307_20130925.nii.gz,overall,pairwise_world_stability,4,0.9963353474934895,0.4999999367370265,0.9740709322452984,0.9998475581837863,0.16642244678607163,case_patch_macro
final_decoder_feature,HCC_10076307_20130925.nii.gz,background,blur_joint_product,4,0.9981399487830938,0.30618230682668535,0.9880505113391218,0.9999622059764564,0.12535026056560541,case_patch_macro
final_decoder_feature,HCC_10076307_20130925.nii.gz,foreground,blur_joint_product,4,0.8817478622823441,0.0059930844086399605,0.7534653397397661,0.934641118032812,0.253674388267914,case_patch_macro
final_decoder_feature,HCC_10076307_20130925.nii.gz,overall,blur_joint_product,4,0.9963353474934895,0.29988940179613005,0.9855955543665706,0.9999382476434628,0.1534624690392203,case_patch_macro
final_decoder_feature,HCC_10076307_20130925.nii.gz,background,blur_world_stability,4,0.9981399487830938,0.5087916827614261,0.9723602273268914,0.9998812476315483,0.11979224037158492,case_patch_macro
final_decoder_feature,HCC_10076307_20130925.nii.gz,foreground,blur_world_stability,4,0.8817478622823441,0.056449706794445796,0.6470215241741948,0.9189222432967878,0.1479972365805871,case_patch_macro
final_decoder_feature,HCC_10076307_20130925.nii.gz,overall,blur_world_stability,4,0.9963353474934895,0.4999999353676833,0.970753924566875,0.9998408731745944,0.14759295534115932,case_patch_macro
final_decoder_feature,HCC_10076307_20130925.nii.gz,background,confidence_rank,4,0.9981399487830938,0.5086243898060436,0.9817396652379266,0.9999150853450448,0.17398333420400067,case_patch_macro
final_decoder_feature,HCC_10076307_20130925.nii.gz,foreground,confidence_rank,4,0.8817478622823441,0.05956794309937615,0.7916036463722613,0.9404419364184857,0.2886778778086271,case_patch_macro
final_decoder_feature,HCC_10076307_20130925.nii.gz,overall,confidence_rank,4,0.9963353474934895,0.5000000640452147,0.9818270774064513,0.9999000136925855,0.20152505299923348,case_patch_macro
final_decoder_feature,HCC_10076307_20130925.nii.gz,background,gamma_joint_product,4,0.9981399487830938,0.3045406635164324,0.9833438275829915,0.9999303161010122,0.15196431966479398,case_patch_macro
final_decoder_feature,HCC_10076307_20130925.nii.gz,foreground,gamma_joint_product,4,0.8817478622823441,0.03737176482800858,0.8106564492980798,0.9500995261081201,0.31277430277534657,case_patch_macro
final_decoder_feature,HCC_10076307_20130925.nii.gz,overall,gamma_joint_product,4,0.9963353474934895,0.29917284023260166,0.9847764512970291,0.9999148989894867,0.18032898355540353,case_patch_macro
final_decoder_feature,HCC_10076307_20130925.nii.gz,background,gamma_world_stability,4,0.9981399487830938,0.5042071962824303,0.9469365742470487,0.9997210140852417,0.13907144621617987,case_patch_macro
final_decoder_feature,HCC_10076307_20130925.nii.gz,foreground,gamma_world_stability,4,0.8817478622823441,0.23355223947886117,0.7951773118831116,0.9478835572849338,0.3003599569204762,case_patch_macro
final_decoder_feature,HCC_10076307_20130925.nii.gz,overall,gamma_world_stability,4,0.9963353474934895,0.4999999259527983,0.9616930929147776,0.9997060066271106,0.16913921765452508,case_patch_macro
final_decoder_feature,HCC_10076307_20130925.nii.gz,background,pairwise_joint_product,4,0.9981399487830938,0.30930659290801915,0.990557052196479,0.9999707746578884,0.12574220099826153,case_patch_macro
final_decoder_feature,HCC_10076307_20130925.nii.gz,foreground,pairwise_joint_product,4,0.8817478622823441,0.005510761662652944,0.7562585442346252,0.933258641691087,0.25591555786533227,case_patch_macro
final_decoder_feature,HCC_10076307_20130925.nii.gz,overall,pairwise_joint_product,4,0.9963353474934895,0.30291742521430226,0.9879149387927662,0.9999477085278194,0.15384440464533056,case_patch_macro
final_decoder_feature,HCC_10076307_20130925.nii.gz,background,pairwise_world_stability,4,0.9981399487830938,0.5091059612027304,0.9838336781552879,0.9999417778571665,0.12335916198349062,case_patch_macro
final_decoder_feature,HCC_10076307_20130925.nii.gz,foreground,pairwise_world_stability,4,0.8817478622823441,0.04337314263537441,0.6614511083515167,0.9192588524767372,0.16171405758708107,case_patch_macro
final_decoder_feature,HCC_10076307_20130925.nii.gz,overall,pairwise_world_stability,4,0.9963353474934895,0.49999991810123157,0.979804484282009,0.9999049455086215,0.1509446718078722,case_patch_macro
final_decoder_stage_input,HCC_10076307_20130925.nii.gz,background,blur_joint_product,4,0.9981399487830938,0.30618230682668535,0.9880505113391218,0.9999622059764564,0.12535026056560541,case_patch_macro
final_decoder_stage_input,HCC_10076307_20130925.nii.gz,foreground,blur_joint_product,4,0.8817478622823441,0.0059930844086399605,0.7534653397397661,0.934641118032812,0.253674388267914,case_patch_macro
final_decoder_stage_input,HCC_10076307_20130925.nii.gz,overall,blur_joint_product,4,0.9963353474934895,0.29988940179613005,0.9855955543665706,0.9999382476434628,0.1534624690392203,case_patch_macro
final_decoder_stage_input,HCC_10076307_20130925.nii.gz,background,blur_world_stability,4,0.9981399487830938,0.5087916827614261,0.9723602273268914,0.9998812476315483,0.11979224037158492,case_patch_macro
final_decoder_stage_input,HCC_10076307_20130925.nii.gz,foreground,blur_world_stability,4,0.8817478622823441,0.056449706794445796,0.6470215241741948,0.9189222432967878,0.1479972365805871,case_patch_macro
final_decoder_stage_input,HCC_10076307_20130925.nii.gz,overall,blur_world_stability,4,0.9963353474934895,0.4999999353676833,0.970753924566875,0.9998408731745944,0.14759295534115932,case_patch_macro
final_decoder_stage_input,HCC_10076307_20130925.nii.gz,background,confidence_rank,4,0.9981399487830938,0.5086243898060436,0.9817396652379266,0.9999150853450448,0.17398333420400067,case_patch_macro
final_decoder_stage_input,HCC_10076307_20130925.nii.gz,foreground,confidence_rank,4,0.8817478622823441,0.05956794309937615,0.7916036463722613,0.9404419364184857,0.2886778778086271,case_patch_macro
final_decoder_stage_input,HCC_10076307_20130925.nii.gz,overall,confidence_rank,4,0.9963353474934895,0.5000000640452147,0.9818270774064513,0.9999000136925855,0.20152505299923348,case_patch_macro
final_decoder_stage_input,HCC_10076307_20130925.nii.gz,background,gamma_joint_product,4,0.9981399487830938,0.3045406635164324,0.9833438275829915,0.9999303161010122,0.15196431966479398,case_patch_macro
final_decoder_stage_input,HCC_10076307_20130925.nii.gz,foreground,gamma_joint_product,4,0.8817478622823441,0.03737176482800858,0.8106564492980798,0.9500995261081201,0.31277430277534657,case_patch_macro
final_decoder_stage_input,HCC_10076307_20130925.nii.gz,overall,gamma_joint_product,4,0.9963353474934895,0.29917284023260166,0.9847764512970291,0.9999148989894867,0.18032898355540353,case_patch_macro
final_decoder_stage_input,HCC_10076307_20130925.nii.gz,background,gamma_world_stability,4,0.9981399487830938,0.5042071962824303,0.9469365742470487,0.9997210140852417,0.13907144621617987,case_patch_macro
final_decoder_stage_input,HCC_10076307_20130925.nii.gz,foreground,gamma_world_stability,4,0.8817478622823441,0.23355223947886117,0.7951773118831116,0.9478835572849338,0.3003599569204762,case_patch_macro
final_decoder_stage_input,HCC_10076307_20130925.nii.gz,overall,gamma_world_stability,4,0.9963353474934895,0.4999999259527983,0.9616930929147776,0.9997060066271106,0.16913921765452508,case_patch_macro
final_decoder_stage_input,HCC_10076307_20130925.nii.gz,background,pairwise_joint_product,4,0.9981399487830938,0.30930659290801915,0.990557052196479,0.9999707746578884,0.12574220099826153,case_patch_macro
final_decoder_stage_input,HCC_10076307_20130925.nii.gz,foreground,pairwise_joint_product,4,0.8817478622823441,0.005510761662652944,0.7562585442346252,0.933258641691087,0.25591555786533227,case_patch_macro
final_decoder_stage_input,HCC_10076307_20130925.nii.gz,overall,pairwise_joint_product,4,0.9963353474934895,0.30291742521430226,0.9879149387927662,0.9999477085278194,0.15384440464533056,case_patch_macro
final_decoder_stage_input,HCC_10076307_20130925.nii.gz,background,pairwise_world_stability,4,0.9981399487830938,0.5091059612027304,0.9838336781552879,0.9999417778571665,0.12335916198349062,case_patch_macro
final_decoder_stage_input,HCC_10076307_20130925.nii.gz,foreground,pairwise_world_stability,4,0.8817478622823441,0.04337314263537441,0.6614511083515167,0.9192588524767372,0.16171405758708107,case_patch_macro
final_decoder_stage_input,HCC_10076307_20130925.nii.gz,overall,pairwise_world_stability,4,0.9963353474934895,0.49999991810123157,0.979804484282009,0.9999049455086215,0.1509446718078722,case_patch_macro
full_voxtell_reference,HCC_10076307_20130925.nii.gz,background,blur_joint_product,4,0.9981399487830938,0.3000558361946276,0.992069549580874,0.9999768958560774,0.07592786334002317,case_patch_macro
full_voxtell_reference,HCC_10076307_20130925.nii.gz,foreground,blur_joint_product,4,0.8817478622823441,0.004774778469461493,0.74899517468654,0.9285459320536817,0.24748529942242622,case_patch_macro
full_voxtell_reference,HCC_10076307_20130925.nii.gz,overall,blur_joint_product,4,0.9963353474934895,0.2938884402430708,0.9894113533244258,0.9999527194897102,0.10362629667804694,case_patch_macro
full_voxtell_reference,HCC_10076307_20130925.nii.gz,background,blur_world_stability,4,0.9981399487830938,0.5089199798063117,0.9739479932270625,0.9998835086528592,0.07292745696134152,case_patch_macro
full_voxtell_reference,HCC_10076307_20130925.nii.gz,foreground,blur_world_stability,4,0.8817478622823441,0.04987330055647521,0.6354810085708846,0.9067592637785364,0.1330138003768084,case_patch_macro
full_voxtell_reference,HCC_10076307_20130925.nii.gz,overall,blur_world_stability,4,0.9963353474934895,0.49999993100712775,0.9721755638574392,0.9998413842592447,0.10016294382354723,case_patch_macro
full_voxtell_reference,HCC_10076307_20130925.nii.gz,background,confidence_rank,4,0.9981399487830938,0.5086243898060436,0.9817396652379266,0.9999150853450448,0.17398333420400067,case_patch_macro
full_voxtell_reference,HCC_10076307_20130925.nii.gz,foreground,confidence_rank,4,0.8817478622823441,0.05956794309937615,0.7916036463722613,0.9404419364184857,0.2886778778086271,case_patch_macro
full_voxtell_reference,HCC_10076307_20130925.nii.gz,overall,confidence_rank,4,0.9963353474934895,0.5000000640452147,0.9818270774064513,0.9999000136925855,0.20152505299923348,case_patch_macro
full_voxtell_reference,HCC_10076307_20130925.nii.gz,background,gamma_joint_product,4,0.9981399487830938,0.3019257209014533,0.9862412466203911,0.9999416227804943,0.10846669653773118,case_patch_macro
full_voxtell_reference,HCC_10076307_20130925.nii.gz,foreground,gamma_joint_product,4,0.8817478622823441,0.034978568645196356,0.8033921033632703,0.9426363088734762,0.30314925828337846,case_patch_macro
full_voxtell_reference,HCC_10076307_20130925.nii.gz,overall,gamma_joint_product,4,0.9963353474934895,0.2965744762024334,0.9874438357142767,0.9999259064414553,0.13713927323602057,case_patch_macro
full_voxtell_reference,HCC_10076307_20130925.nii.gz,background,gamma_world_stability,4,0.9981399487830938,0.5047712694081854,0.9522202869279064,0.9997514439760489,0.10002976558214999,case_patch_macro
full_voxtell_reference,HCC_10076307_20130925.nii.gz,foreground,gamma_world_stability,4,0.8817478622823441,0.20237062008337278,0.7853972080251654,0.9388417298267111,0.28697176668690166,case_patch_macro
full_voxtell_reference,HCC_10076307_20130925.nii.gz,overall,gamma_world_stability,4,0.9963353474934895,0.4999999325593657,0.9659920759042566,0.9997354758717105,0.1300865397059741,case_patch_macro
full_voxtell_reference,HCC_10076307_20130925.nii.gz,background,pairwise_joint_product,4,0.9981399487830938,0.3036466637482457,0.9945270186382202,0.9999854456305948,0.07635536282682559,case_patch_macro
full_voxtell_reference,HCC_10076307_20130925.nii.gz,foreground,pairwise_joint_product,4,0.8817478622823441,0.004360877307004916,0.7541294781245533,0.9287396001822322,0.25283083156071806,case_patch_macro
full_voxtell_reference,HCC_10076307_20130925.nii.gz,overall,pairwise_joint_product,4,0.9963353474934895,0.29737430747942095,0.9917202537537758,0.9999623017954036,0.10407065534015252,case_patch_macro
full_voxtell_reference,HCC_10076307_20130925.nii.gz,background,pairwise_world_stability,4,0.9981399487830938,0.5092245925189924,0.9877873261888303,0.9999567299888569,0.07527477495668658,case_patch_macro
full_voxtell_reference,HCC_10076307_20130925.nii.gz,foreground,pairwise_world_stability,4,0.8817478622823441,0.037478333169711345,0.656351647303222,0.9102548747867554,0.1551609710595513,case_patch_macro
full_voxtell_reference,HCC_10076307_20130925.nii.gz,overall,pairwise_world_stability,4,0.9963353474934895,0.4999999352609587,0.9834634335303486,0.9999192031011108,0.1023981009730798,case_patch_macro
penultimate_decoder_stage_output,HCC_10076307_20130925.nii.gz,background,blur_joint_product,4,0.9981399487830938,0.30611318728002945,0.9864999429167546,0.9999451657812672,0.12572394892936936,case_patch_macro
penultimate_decoder_stage_output,HCC_10076307_20130925.nii.gz,foreground,blur_joint_product,4,0.8817478622823441,0.01136009154059706,0.7520511802064694,0.9345634383106518,0.25208874133320625,case_patch_macro
penultimate_decoder_stage_output,HCC_10076307_20130925.nii.gz,overall,blur_joint_product,4,0.9963353474934895,0.2999742061629087,0.9848933734939149,0.9999214618259153,0.15391588059017014,case_patch_macro
penultimate_decoder_stage_output,HCC_10076307_20130925.nii.gz,background,blur_world_stability,4,0.9981399487830938,0.5084796686186712,0.9699557211458121,0.999859323885663,0.12036277332977868,case_patch_macro
penultimate_decoder_stage_output,HCC_10076307_20130925.nii.gz,foreground,blur_world_stability,4,0.8817478622823441,0.06803525052820318,0.6449239908907133,0.9173391946032055,0.14432583992314632,case_patch_macro
penultimate_decoder_stage_output,HCC_10076307_20130925.nii.gz,overall,blur_world_stability,4,0.9963353474934895,0.49999992763257184,0.9702887605399415,0.9998203775150931,0.14834033367936267,case_patch_macro
penultimate_decoder_stage_output,HCC_10076307_20130925.nii.gz,background,confidence_rank,4,0.9981399487830938,0.5086243898060436,0.9817396652379266,0.9999150853450448,0.17398333420400067,case_patch_macro
penultimate_decoder_stage_output,HCC_10076307_20130925.nii.gz,foreground,confidence_rank,4,0.8817478622823441,0.05956794309937615,0.7916036463722613,0.9404419364184857,0.2886778778086271,case_patch_macro
penultimate_decoder_stage_output,HCC_10076307_20130925.nii.gz,overall,confidence_rank,4,0.9963353474934895,0.5000000640452147,0.9818270774064513,0.9999000136925855,0.20152505299923348,case_patch_macro
penultimate_decoder_stage_output,HCC_10076307_20130925.nii.gz,background,gamma_joint_product,4,0.9981399487830938,0.30478004041743145,0.9842199305244781,0.9999325719564212,0.15381397610055303,case_patch_macro
penultimate_decoder_stage_output,HCC_10076307_20130925.nii.gz,foreground,gamma_joint_product,4,0.8817478622823441,0.033881672091724095,0.8050508035439476,0.9467069603485783,0.30560765886561586,case_patch_macro
penultimate_decoder_stage_output,HCC_10076307_20130925.nii.gz,overall,gamma_joint_product,4,0.9963353474934895,0.29930170621576924,0.9856225695997515,0.9999168166720596,0.1821187192911685,case_patch_macro
penultimate_decoder_stage_output,HCC_10076307_20130925.nii.gz,background,gamma_world_stability,4,0.9981399487830938,0.5045015740744507,0.9480757161212063,0.9997243327208132,0.14115361079987213,case_patch_macro
penultimate_decoder_stage_output,HCC_10076307_20130925.nii.gz,foreground,gamma_world_stability,4,0.8817478622823441,0.22377581834590615,0.7864476547290427,0.9439289641196391,0.2890220891096719,case_patch_macro
penultimate_decoder_stage_output,HCC_10076307_20130925.nii.gz,overall,gamma_world_stability,4,0.9963353474934895,0.4999999306981227,0.962756373797374,0.9997085022874723,0.17111308736963163,case_patch_macro
penultimate_decoder_stage_output,HCC_10076307_20130925.nii.gz,background,pairwise_joint_product,4,0.9981399487830938,0.30931283871757737,0.9899057505748816,0.9999586378773722,0.12671754096657573,case_patch_macro
penultimate_decoder_stage_output,HCC_10076307_20130925.nii.gz,foreground,pairwise_joint_product,4,0.8817478622823441,0.010054505844188641,0.7547554170258075,0.9334681024223961,0.25430259580173237,case_patch_macro
penultimate_decoder_stage_output,HCC_10076307_20130925.nii.gz,overall,pairwise_joint_product,4,0.9963353474934895,0.30305139459279373,0.9878949334387244,0.9999356873597465,0.15486941437309037,case_patch_macro
penultimate_decoder_stage_output,HCC_10076307_20130925.nii.gz,background,pairwise_world_stability,4,0.9981399487830938,0.5088521713392857,0.9822949073021889,0.999921728625503,0.12430120990649902,case_patch_macro
penultimate_decoder_stage_output,HCC_10076307_20130925.nii.gz,foreground,pairwise_world_stability,4,0.8817478622823441,0.053067639592912365,0.6582846532770349,0.9181968475374325,0.15727120693961472,case_patch_macro
penultimate_decoder_stage_output,HCC_10076307_20130925.nii.gz,overall,pairwise_world_stability,4,0.9963353474934895,0.499999921960085,0.9796323753229952,0.9998856369136299,0.15201583521428647,case_patch_macro
decoder_stage_1_low_to_high,CYST_PA20.nii.gz,background,blur_joint_product,4,0.9968018075061951,0.30283195179118083,0.9112065899961038,0.9987603744414469,0.1156127539203215,case_patch_macro
decoder_stage_1_low_to_high,CYST_PA20.nii.gz,foreground,blur_joint_product,4,0.7616610390887502,0.05361590216981367,0.7663030678246336,0.814387265395509,0.23372975439605448,case_patch_macro
decoder_stage_1_low_to_high,CYST_PA20.nii.gz,overall,blur_joint_product,4,0.9949365898414895,0.29740552499891937,0.9370880645271633,0.9987821127636134,0.16559647815322792,case_patch_macro
decoder_stage_1_low_to_high,CYST_PA20.nii.gz,background,blur_world_stability,4,0.9968018075061951,0.507177138954625,0.8635939129129335,0.9982998610319032,0.10597178283930833,case_patch_macro
decoder_stage_1_low_to_high,CYST_PA20.nii.gz,foreground,blur_world_stability,4,0.7616610390887502,0.1401143886916796,0.8212724629757225,0.878486392614027,0.34272498305785554,case_patch_macro
decoder_stage_1_low_to_high,CYST_PA20.nii.gz,overall,blur_world_stability,4,0.9949365898414895,0.4999999304170004,0.9082240417877909,0.9983243810086475,0.15918081399252682,case_patch_macro
decoder_stage_1_low_to_high,CYST_PA20.nii.gz,background,confidence_rank,4,0.9968018075061951,0.5074567881752486,0.8938603606294238,0.9984047761432291,0.12243229308290796,case_patch_macro
decoder_stage_1_low_to_high,CYST_PA20.nii.gz,foreground,confidence_rank,4,0.7616610390887502,0.1418696127632081,0.6972213869877781,0.7820828620574553,0.1168796038642214,case_patch_macro
decoder_stage_1_low_to_high,CYST_PA20.nii.gz,overall,confidence_rank,4,0.9949365898414895,0.500000076776854,0.9151489148428031,0.9984349688185932,0.16978573401475064,case_patch_macro
decoder_stage_1_low_to_high,CYST_PA20.nii.gz,background,gamma_joint_product,4,0.9968018075061951,0.3008991844354574,0.8789736903886296,0.9983073795312468,0.11662569869192956,case_patch_macro
decoder_stage_1_low_to_high,CYST_PA20.nii.gz,foreground,gamma_joint_product,4,0.7616610390887502,0.11160536374425335,0.7196520118260136,0.7915730592781656,0.1521222430445903,case_patch_macro
decoder_stage_1_low_to_high,CYST_PA20.nii.gz,overall,gamma_joint_product,4,0.9949365898414895,0.2971214374034411,0.9136157729229394,0.9983738271223376,0.16954738989379287,case_patch_macro
decoder_stage_1_low_to_high,CYST_PA20.nii.gz,background,gamma_world_stability,4,0.9968018075061951,0.5019562907120818,0.7787236549879153,0.9975877834610641,0.0986105047967582,case_patch_macro
decoder_stage_1_low_to_high,CYST_PA20.nii.gz,foreground,gamma_world_stability,4,0.7616610390887502,0.3231616525260084,0.7196179811648611,0.7987245077766616,0.1747243131709597,case_patch_macro
decoder_stage_1_low_to_high,CYST_PA20.nii.gz,overall,gamma_world_stability,4,0.9949365898414895,0.49999991983047154,0.8506709006778037,0.9976509166249572,0.15933981798503602,case_patch_macro
decoder_stage_1_low_to_high,CYST_PA20.nii.gz,background,pairwise_joint_product,4,0.9968018075061951,0.30608258977201686,0.9144518865038677,0.998768320988454,0.11623929064725141,case_patch_macro
decoder_stage_1_low_to_high,CYST_PA20.nii.gz,foreground,pairwise_joint_product,4,0.7616610390887502,0.05213700754421852,0.7670247728422237,0.8136895618730521,0.23396881161755706,case_patch_macro
decoder_stage_1_low_to_high,CYST_PA20.nii.gz,overall,pairwise_joint_product,4,0.9949365898414895,0.3005195473420451,0.9388868386031309,0.9987902668927368,0.1658346673748195,case_patch_macro
decoder_stage_1_low_to_high,CYST_PA20.nii.gz,background,pairwise_world_stability,4,0.9968018075061951,0.5078454336986261,0.8854915235710047,0.9984300448320298,0.11061926469715513,case_patch_macro
decoder_stage_1_low_to_high,CYST_PA20.nii.gz,foreground,pairwise_world_stability,4,0.7616610390887502,0.11720601567932602,0.8276845581521889,0.8787366563023857,0.3481617381870675,case_patch_macro
decoder_stage_1_low_to_high,CYST_PA20.nii.gz,overall,pairwise_world_stability,4,0.9949365898414895,0.49999992679380934,0.9211757674489711,0.9984606784967687,0.16206692108906567,case_patch_macro
final_decoder_feature,CYST_PA20.nii.gz,background,blur_joint_product,4,0.9968018075061951,0.3034561891285257,0.9745072340421643,0.9998314315119564,0.11842746858162978,case_patch_macro
final_decoder_feature,CYST_PA20.nii.gz,foreground,blur_joint_product,4,0.7616610390887502,0.025694775861255962,0.7081120893735411,0.789481469275806,0.16335637471226172,case_patch_macro
final_decoder_feature,CYST_PA20.nii.gz,overall,blur_joint_product,4,0.9949365898414895,0.2972444873282932,0.9767280526946135,0.9997916644215098,0.16061580201132147,case_patch_macro
final_decoder_feature,CYST_PA20.nii.gz,background,blur_world_stability,4,0.9968018075061951,0.5090851088715049,0.9722677303793172,0.9997520087826713,0.11751206914586819,case_patch_macro
final_decoder_feature,CYST_PA20.nii.gz,foreground,blur_world_stability,4,0.7616610390887502,0.07283007665806704,0.7150390079779873,0.8239910192606448,0.22266538930492275,case_patch_macro
final_decoder_feature,CYST_PA20.nii.gz,overall,blur_world_stability,4,0.9949365898414895,0.4999999243706881,0.975744702595998,0.999702044708987,0.16018729466681503,case_patch_macro
final_decoder_feature,CYST_PA20.nii.gz,background,confidence_rank,4,0.9968018075061951,0.5074567881752486,0.8938603606294238,0.9984047761432291,0.12243229308290796,case_patch_macro
final_decoder_feature,CYST_PA20.nii.gz,foreground,confidence_rank,4,0.7616610390887502,0.1418696127632081,0.6972213869877781,0.7820828620574553,0.1168796038642214,case_patch_macro
final_decoder_feature,CYST_PA20.nii.gz,overall,confidence_rank,4,0.9949365898414895,0.500000076776854,0.9151489148428031,0.9984349688185932,0.16978573401475064,case_patch_macro
final_decoder_feature,CYST_PA20.nii.gz,background,gamma_joint_product,4,0.9968018075061951,0.30182537266787757,0.8830455904498578,0.9983263909364218,0.115987550948561,case_patch_macro
final_decoder_feature,CYST_PA20.nii.gz,foreground,gamma_joint_product,4,0.7616610390887502,0.11150325309747211,0.7306655828784198,0.7944689047218608,0.16494348593920954,case_patch_macro
final_decoder_feature,CYST_PA20.nii.gz,overall,gamma_joint_product,4,0.9949365898414895,0.2980295816827466,0.9171912659945036,0.9983980260875653,0.16866245525915002,case_patch_macro
final_decoder_feature,CYST_PA20.nii.gz,background,gamma_world_stability,4,0.9968018075061951,0.5029754887402397,0.8027260200371192,0.9977625502779212,0.10072835467748986,case_patch_macro
final_decoder_feature,CYST_PA20.nii.gz,foreground,gamma_world_stability,4,0.7616610390887502,0.2873945697455971,0.7411663352588909,0.8054058291359145,0.19421346961236768,case_patch_macro
final_decoder_feature,CYST_PA20.nii.gz,overall,gamma_world_stability,4,0.9949365898414895,0.4999999214681115,0.8678206153686829,0.9978266673024363,0.15979574238214178,case_patch_macro
final_decoder_feature,CYST_PA20.nii.gz,background,pairwise_joint_product,4,0.9968018075061951,0.30682795171463545,0.9754039601456118,0.9998325492580515,0.11847661396517388,case_patch_macro
final_decoder_feature,CYST_PA20.nii.gz,foreground,pairwise_joint_product,4,0.7616610390887502,0.02528005861516178,0.7097326903984529,0.788363973624407,0.1629621077458602,case_patch_macro
final_decoder_feature,CYST_PA20.nii.gz,overall,pairwise_joint_product,4,0.9949365898414895,0.3005081881336856,0.9771761096545323,0.9997933874706948,0.160470918501122,case_patch_macro
final_decoder_feature,CYST_PA20.nii.gz,background,pairwise_world_stability,4,0.9968018075061951,0.5094687759678976,0.9837838259801948,0.9998450665755482,0.12011514840989124,case_patch_macro
final_decoder_feature,CYST_PA20.nii.gz,foreground,pairwise_world_stability,4,0.7616610390887502,0.059057415323970235,0.7313764413873516,0.825507104107126,0.2392311028338369,case_patch_macro
final_decoder_feature,CYST_PA20.nii.gz,overall,pairwise_world_stability,4,0.9949365898414895,0.49999992245047314,0.9822079324034716,0.9997973796785624,0.16176413305888876,case_patch_macro
final_decoder_stage_input,CYST_PA20.nii.gz,background,blur_joint_product,4,0.9968018075061951,0.3034561891285257,0.9745072340421643,0.9998314315119564,0.11842746858162978,case_patch_macro
final_decoder_stage_input,CYST_PA20.nii.gz,foreground,blur_joint_product,4,0.7616610390887502,0.025694775861255962,0.7081120893735411,0.789481469275806,0.16335637471226172,case_patch_macro
final_decoder_stage_input,CYST_PA20.nii.gz,overall,blur_joint_product,4,0.9949365898414895,0.2972444873282932,0.9767280526946135,0.9997916644215098,0.16061580201132147,case_patch_macro
final_decoder_stage_input,CYST_PA20.nii.gz,background,blur_world_stability,4,0.9968018075061951,0.5090851088715049,0.9722677303793172,0.9997520087826713,0.11751206914586819,case_patch_macro
final_decoder_stage_input,CYST_PA20.nii.gz,foreground,blur_world_stability,4,0.7616610390887502,0.07283007665806704,0.7150390079779873,0.8239910192606448,0.22266538930492275,case_patch_macro
final_decoder_stage_input,CYST_PA20.nii.gz,overall,blur_world_stability,4,0.9949365898414895,0.4999999243706881,0.975744702595998,0.999702044708987,0.16018729466681503,case_patch_macro
final_decoder_stage_input,CYST_PA20.nii.gz,background,confidence_rank,4,0.9968018075061951,0.5074567881752486,0.8938603606294238,0.9984047761432291,0.12243229308290796,case_patch_macro
final_decoder_stage_input,CYST_PA20.nii.gz,foreground,confidence_rank,4,0.7616610390887502,0.1418696127632081,0.6972213869877781,0.7820828620574553,0.1168796038642214,case_patch_macro
final_decoder_stage_input,CYST_PA20.nii.gz,overall,confidence_rank,4,0.9949365898414895,0.500000076776854,0.9151489148428031,0.9984349688185932,0.16978573401475064,case_patch_macro
final_decoder_stage_input,CYST_PA20.nii.gz,background,gamma_joint_product,4,0.9968018075061951,0.30182537266787757,0.8830455904498578,0.9983263909364218,0.115987550948561,case_patch_macro
final_decoder_stage_input,CYST_PA20.nii.gz,foreground,gamma_joint_product,4,0.7616610390887502,0.11150325309747211,0.7306655828784198,0.7944689047218608,0.16494348593920954,case_patch_macro
final_decoder_stage_input,CYST_PA20.nii.gz,overall,gamma_joint_product,4,0.9949365898414895,0.2980295816827466,0.9171912659945036,0.9983980260875653,0.16866245525915002,case_patch_macro
final_decoder_stage_input,CYST_PA20.nii.gz,background,gamma_world_stability,4,0.9968018075061951,0.5029754887402397,0.8027260200371192,0.9977625502779212,0.10072835467748986,case_patch_macro
final_decoder_stage_input,CYST_PA20.nii.gz,foreground,gamma_world_stability,4,0.7616610390887502,0.2873945697455971,0.7411663352588909,0.8054058291359145,0.19421346961236768,case_patch_macro
final_decoder_stage_input,CYST_PA20.nii.gz,overall,gamma_world_stability,4,0.9949365898414895,0.4999999214681115,0.8678206153686829,0.9978266673024363,0.15979574238214178,case_patch_macro
final_decoder_stage_input,CYST_PA20.nii.gz,background,pairwise_joint_product,4,0.9968018075061951,0.30682795171463545,0.9754039601456118,0.9998325492580515,0.11847661396517388,case_patch_macro
final_decoder_stage_input,CYST_PA20.nii.gz,foreground,pairwise_joint_product,4,0.7616610390887502,0.02528005861516178,0.7097326903984529,0.788363973624407,0.1629621077458602,case_patch_macro
final_decoder_stage_input,CYST_PA20.nii.gz,overall,pairwise_joint_product,4,0.9949365898414895,0.3005081881336856,0.9771761096545323,0.9997933874706948,0.160470918501122,case_patch_macro
final_decoder_stage_input,CYST_PA20.nii.gz,background,pairwise_world_stability,4,0.9968018075061951,0.5094687759678976,0.9837838259801948,0.9998450665755482,0.12011514840989124,case_patch_macro
final_decoder_stage_input,CYST_PA20.nii.gz,foreground,pairwise_world_stability,4,0.7616610390887502,0.059057415323970235,0.7313764413873516,0.825507104107126,0.2392311028338369,case_patch_macro
final_decoder_stage_input,CYST_PA20.nii.gz,overall,pairwise_world_stability,4,0.9949365898414895,0.49999992245047314,0.9822079324034716,0.9997973796785624,0.16176413305888876,case_patch_macro
full_voxtell_reference,CYST_PA20.nii.gz,background,blur_joint_product,4,0.9968018075061951,0.3044774270240408,0.9761820144193878,0.9998334487503081,0.09210959788693605,case_patch_macro
full_voxtell_reference,CYST_PA20.nii.gz,foreground,blur_joint_product,4,0.7616610390887502,0.02514371834386229,0.701533951474809,0.7870132244453019,0.1555661712411931,case_patch_macro
full_voxtell_reference,CYST_PA20.nii.gz,overall,blur_joint_product,4,0.9949365898414895,0.2982216395978792,0.9772449937949744,0.9997928984482296,0.11950618803052773,case_patch_macro
full_voxtell_reference,CYST_PA20.nii.gz,background,blur_world_stability,4,0.9968018075061951,0.5092119088389383,0.977069519932896,0.9997687753148653,0.09259916410501935,case_patch_macro
full_voxtell_reference,CYST_PA20.nii.gz,foreground,blur_world_stability,4,0.7616610390887502,0.06802950945913928,0.7067387317830087,0.8202240794213012,0.2156859113854686,case_patch_macro
full_voxtell_reference,CYST_PA20.nii.gz,overall,blur_world_stability,4,0.9949365898414895,0.49999992510050073,0.9776565061385282,0.999717828489161,0.1196002214991127,case_patch_macro
full_voxtell_reference,CYST_PA20.nii.gz,background,confidence_rank,4,0.9968018075061951,0.5074567881752486,0.8938603606294238,0.9984047761432291,0.12243229308290796,case_patch_macro
full_voxtell_reference,CYST_PA20.nii.gz,foreground,confidence_rank,4,0.7616610390887502,0.1418696127632081,0.6972213869877781,0.7820828620574553,0.1168796038642214,case_patch_macro
full_voxtell_reference,CYST_PA20.nii.gz,overall,confidence_rank,4,0.9949365898414895,0.500000076776854,0.9151489148428031,0.9984349688185932,0.16978573401475064,case_patch_macro
full_voxtell_reference,CYST_PA20.nii.gz,background,gamma_joint_product,4,0.9968018075061951,0.3026047219490598,0.8842643508924564,0.9983416573717042,0.10950109517059134,case_patch_macro
full_voxtell_reference,CYST_PA20.nii.gz,foreground,gamma_joint_product,4,0.7616610390887502,0.11032293549953588,0.7352749069471028,0.7985340693748115,0.17149428644248982,case_patch_macro
full_voxtell_reference,CYST_PA20.nii.gz,overall,gamma_joint_product,4,0.9949365898414895,0.29876839213602024,0.9189448946962209,0.9984157894728448,0.16004345069639817,case_patch_macro
full_voxtell_reference,CYST_PA20.nii.gz,background,gamma_world_stability,4,0.9968018075061951,0.5028079302773658,0.8007987749779972,0.9975589498469469,0.09063386913025226,case_patch_macro
full_voxtell_reference,CYST_PA20.nii.gz,foreground,gamma_world_stability,4,0.7616610390887502,0.29189047536202606,0.7485538485506582,0.8153684789116594,0.2048310517289949,case_patch_macro
full_voxtell_reference,CYST_PA20.nii.gz,overall,gamma_world_stability,4,0.9949365898414895,0.49999993505606344,0.8683317391106076,0.9976458334964895,0.14667324235129042,case_patch_macro
full_voxtell_reference,CYST_PA20.nii.gz,background,pairwise_joint_product,4,0.9968018075061951,0.3079411485451233,0.9764746881261517,0.9998332779803505,0.09216324916865037,case_patch_macro
full_voxtell_reference,CYST_PA20.nii.gz,foreground,pairwise_joint_product,4,0.7616610390887502,0.02463477521513733,0.7043544816155766,0.7868743606671273,0.15665410860393147,case_patch_macro
full_voxtell_reference,CYST_PA20.nii.gz,overall,pairwise_joint_product,4,0.9949365898414895,0.3015716021466296,0.9774778057818935,0.9997934544462733,0.11956943367795224,case_patch_macro
full_voxtell_reference,CYST_PA20.nii.gz,background,pairwise_world_stability,4,0.9968018075061951,0.5095381286643038,0.9861972420225239,0.9998471264513887,0.09420531886107836,case_patch_macro
full_voxtell_reference,CYST_PA20.nii.gz,foreground,pairwise_world_stability,4,0.7616610390887502,0.05661129311354675,0.7259699863262039,0.8252072796079404,0.23544467612032688,case_patch_macro
full_voxtell_reference,CYST_PA20.nii.gz,overall,pairwise_world_stability,4,0.9949365898414895,0.49999993016627464,0.9829788588947583,0.999798307382386,0.12087979565414919,case_patch_macro
penultimate_decoder_stage_output,CYST_PA20.nii.gz,background,blur_joint_product,4,0.9968018075061951,0.30343368580750896,0.9620355019463214,0.9996226097810057,0.11674000182820395,case_patch_macro
penultimate_decoder_stage_output,CYST_PA20.nii.gz,foreground,blur_joint_product,4,0.7616610390887502,0.03798053308035627,0.7134914656529938,0.7928852689968967,0.17121812672022263,case_patch_macro
penultimate_decoder_stage_output,CYST_PA20.nii.gz,overall,blur_joint_product,4,0.9949365898414895,0.2975683150046869,0.9690869265829699,0.9995934982674674,0.15998087449306098,case_patch_macro
penultimate_decoder_stage_output,CYST_PA20.nii.gz,background,blur_world_stability,4,0.9968018075061951,0.5084616754445592,0.9527949474006303,0.9995054038798462,0.11416657553446337,case_patch_macro
penultimate_decoder_stage_output,CYST_PA20.nii.gz,foreground,blur_world_stability,4,0.7616610390887502,0.09462386787351308,0.7247102213684065,0.8316470803388086,0.23398625963361275,case_patch_macro
penultimate_decoder_stage_output,CYST_PA20.nii.gz,overall,blur_world_stability,4,0.9949365898414895,0.49999992954320127,0.9642682874959823,0.9994675814861844,0.15843030558698395,case_patch_macro
penultimate_decoder_stage_output,CYST_PA20.nii.gz,background,confidence_rank,4,0.9968018075061951,0.5074567881752486,0.8938603606294238,0.9984047761432291,0.12243229308290796,case_patch_macro
penultimate_decoder_stage_output,CYST_PA20.nii.gz,foreground,confidence_rank,4,0.7616610390887502,0.1418696127632081,0.6972213869877781,0.7820828620574553,0.1168796038642214,case_patch_macro
penultimate_decoder_stage_output,CYST_PA20.nii.gz,overall,confidence_rank,4,0.9949365898414895,0.500000076776854,0.9151489148428031,0.9984349688185932,0.16978573401475064,case_patch_macro
penultimate_decoder_stage_output,CYST_PA20.nii.gz,background,gamma_joint_product,4,0.9968018075061951,0.3019108193166311,0.8823236887500736,0.9983265689458392,0.11595450042689852,case_patch_macro
penultimate_decoder_stage_output,CYST_PA20.nii.gz,foreground,gamma_joint_product,4,0.7616610390887502,0.11010227083433274,0.7327204349109541,0.7949649795723117,0.168069224003135,case_patch_macro
penultimate_decoder_stage_output,CYST_PA20.nii.gz,overall,gamma_joint_product,4,0.9949365898414895,0.29807166963020937,0.9167146884711639,0.9983970790933515,0.16868462370655316,case_patch_macro
penultimate_decoder_stage_output,CYST_PA20.nii.gz,background,gamma_world_stability,4,0.9968018075061951,0.5026179101380388,0.7973843727293707,0.99771001704299,0.09983401231721226,case_patch_macro
penultimate_decoder_stage_output,CYST_PA20.nii.gz,foreground,gamma_world_stability,4,0.7616610390887502,0.3005654733775283,0.7433873332110537,0.8082065167492507,0.19917533182334204,case_patch_macro
penultimate_decoder_stage_output,CYST_PA20.nii.gz,overall,gamma_world_stability,4,0.9949365898414895,0.49999992935688753,0.86452959083854,0.9977787629807936,0.15924320130830666,case_patch_macro
penultimate_decoder_stage_output,CYST_PA20.nii.gz,background,pairwise_joint_product,4,0.9968018075061951,0.3068892457117287,0.9634797674964094,0.999624420617476,0.11693072446930064,case_patch_macro
penultimate_decoder_stage_output,CYST_PA20.nii.gz,foreground,pairwise_joint_product,4,0.7616610390887502,0.03682843140258818,0.7147234747466107,0.7914271922359544,0.17061916475402084,case_patch_macro
penultimate_decoder_stage_output,CYST_PA20.nii.gz,overall,pairwise_joint_product,4,0.9949365898414895,0.30089127558738793,0.9698377013563653,0.9995960928465312,0.15993448402635424,case_patch_macro
penultimate_decoder_stage_output,CYST_PA20.nii.gz,background,pairwise_world_stability,4,0.9968018075061951,0.508895396486593,0.9663413567443861,0.9996081477920975,0.11726168832871045,case_patch_macro
penultimate_decoder_stage_output,CYST_PA20.nii.gz,foreground,pairwise_world_stability,4,0.7616610390887502,0.0792814836138501,0.738577395448085,0.8321434624848913,0.24812061589091908,case_patch_macro
penultimate_decoder_stage_output,CYST_PA20.nii.gz,overall,pairwise_world_stability,4,0.9949365898414895,0.49999992371332547,0.9718021840692611,0.9995721098386412,0.16032010077023923,case_patch_macro
decoder_stage_1_low_to_high,CYST_PA56.nii.gz,background,blur_joint_product,4,0.9961226167202734,0.29522404932531143,0.9475183196051459,0.9989424814824003,0.10838028934890089,case_patch_macro
decoder_stage_1_low_to_high,CYST_PA56.nii.gz,foreground,blur_joint_product,4,0.9369738791612928,0.09733509531156155,0.8179382829449494,0.964487492404788,0.17668313631189028,case_patch_macro
decoder_stage_1_low_to_high,CYST_PA56.nii.gz,overall,blur_joint_product,4,0.9958033031887479,0.29239958727540394,0.9497850371130605,0.9989807381384498,0.1142588857325974,case_patch_macro
decoder_stage_1_low_to_high,CYST_PA56.nii.gz,background,blur_world_stability,4,0.9961226167202734,0.5032277705663201,0.927103397136999,0.9987948687684016,0.10473104139922063,case_patch_macro
decoder_stage_1_low_to_high,CYST_PA56.nii.gz,foreground,blur_world_stability,4,0.9369738791612928,0.233186913983115,0.7838404660961223,0.9607686057830224,0.15227964786689824,case_patch_macro
decoder_stage_1_low_to_high,CYST_PA56.nii.gz,overall,blur_world_stability,4,0.9958033031887479,0.49999993376579777,0.9319974463779769,0.9988394733381054,0.11112828244041362,case_patch_macro
decoder_stage_1_low_to_high,CYST_PA56.nii.gz,background,confidence_rank,4,0.9961226167202734,0.5047106913553014,0.9297275266218357,0.9985610137906608,0.10483023725598363,case_patch_macro
decoder_stage_1_low_to_high,CYST_PA56.nii.gz,foreground,confidence_rank,4,0.9369738791612928,0.1614306204676594,0.8194581407276592,0.9613643810994271,0.17386202785714655,case_patch_macro
decoder_stage_1_low_to_high,CYST_PA56.nii.gz,overall,confidence_rank,4,0.9958033031887479,0.500000073229165,0.9338622176221296,0.9986152113267672,0.11117096896093652,case_patch_macro
decoder_stage_1_low_to_high,CYST_PA56.nii.gz,background,gamma_joint_product,4,0.9961226167202734,0.2902865365741726,0.9200292713470078,0.9985419250606918,0.1018505526873686,case_patch_macro
decoder_stage_1_low_to_high,CYST_PA56.nii.gz,foreground,gamma_joint_product,4,0.9369738791612928,0.12250499929383245,0.8728006191508361,0.9797055164758891,0.24083517261347132,case_patch_macro
decoder_stage_1_low_to_high,CYST_PA56.nii.gz,overall,gamma_joint_product,4,0.9958033031887479,0.2879374606401298,0.9254772524202926,0.9985961367724251,0.10840242673648715,case_patch_macro
decoder_stage_1_low_to_high,CYST_PA56.nii.gz,background,gamma_world_stability,4,0.9961226167202734,0.4999306230911711,0.8405052164866161,0.9978033526008353,0.08793541240753373,case_patch_macro
decoder_stage_1_low_to_high,CYST_PA56.nii.gz,foreground,gamma_world_stability,4,0.9369738791612928,0.42349600037313345,0.8701200384950137,0.9816592101178886,0.2627311379147743,case_patch_macro
decoder_stage_1_low_to_high,CYST_PA56.nii.gz,overall,gamma_world_stability,4,0.9958033031887479,0.4999999325372095,0.8562946212287069,0.9979007868495647,0.09701336011542151,case_patch_macro
decoder_stage_1_low_to_high,CYST_PA56.nii.gz,background,pairwise_joint_product,4,0.9961226167202734,0.29778399166189873,0.9501527752564799,0.9989915233458326,0.10889461883417283,case_patch_macro
decoder_stage_1_low_to_high,CYST_PA56.nii.gz,foreground,pairwise_joint_product,4,0.9369738791612928,0.0923224519234684,0.8177864081145758,0.9635014546499031,0.1763230807607147,case_patch_macro
decoder_stage_1_low_to_high,CYST_PA56.nii.gz,overall,pairwise_joint_product,4,0.9958033031887479,0.29478478206860687,0.9521278181056894,0.9990255661145953,0.11470273719736601,case_patch_macro
decoder_stage_1_low_to_high,CYST_PA56.nii.gz,background,pairwise_world_stability,4,0.9961226167202734,0.5037449284640116,0.9402169356372011,0.9988817550308042,0.10730798912151689,case_patch_macro
decoder_stage_1_low_to_high,CYST_PA56.nii.gz,foreground,pairwise_world_stability,4,0.9369738791612928,0.20586898658964037,0.7919004943085528,0.9609068312253352,0.15942836812022934,case_patch_macro
decoder_stage_1_low_to_high,CYST_PA56.nii.gz,overall,pairwise_world_stability,4,0.9958033031887479,0.4999999237401682,0.9435657707948314,0.9989269135920507,0.11343840723117642,case_patch_macro
final_decoder_feature,CYST_PA56.nii.gz,background,blur_joint_product,4,0.9961226167202734,0.2964694431349584,0.9680833996338323,0.9994467918690687,0.11386881063945453,case_patch_macro
final_decoder_feature,CYST_PA56.nii.gz,foreground,blur_joint_product,4,0.9369738791612928,0.053975522693239304,0.7903526752014463,0.957616838031666,0.14722945030891835,case_patch_macro
final_decoder_feature,CYST_PA56.nii.gz,overall,blur_joint_product,4,0.9958033031887479,0.29279568104970294,0.9677071198348802,0.9994494811184463,0.11918846571693698,case_patch_macro
final_decoder_feature,CYST_PA56.nii.gz,background,blur_world_stability,4,0.9961226167202734,0.5050460428219147,0.9612838603555015,0.9993423392764402,0.11338497208557326,case_patch_macro
final_decoder_feature,CYST_PA56.nii.gz,foreground,blur_world_stability,4,0.9369738791612928,0.13474482455150585,0.7164117042171152,0.9448906875927229,0.0872964901459468,case_patch_macro
final_decoder_feature,CYST_PA56.nii.gz,overall,blur_world_stability,4,0.9958033031887479,0.4999999306454857,0.9612664225620176,0.9993475788961348,0.11878983196644544,case_patch_macro
final_decoder_feature,CYST_PA56.nii.gz,background,confidence_rank,4,0.9961226167202734,0.5047106913553014,0.9297275266218357,0.9985610137906608,0.10483023725598363,case_patch_macro
final_decoder_feature,CYST_PA56.nii.gz,foreground,confidence_rank,4,0.9369738791612928,0.1614306204676594,0.8194581407276592,0.9613643810994271,0.17386202785714655,case_patch_macro
final_decoder_feature,CYST_PA56.nii.gz,overall,confidence_rank,4,0.9958033031887479,0.500000073229165,0.9338622176221296,0.9986152113267672,0.11117096896093652,case_patch_macro
final_decoder_feature,CYST_PA56.nii.gz,background,gamma_joint_product,4,0.9961226167202734,0.29268852818612723,0.9274102921370547,0.9986110785948694,0.10365686535357362,case_patch_macro
final_decoder_feature,CYST_PA56.nii.gz,foreground,gamma_joint_product,4,0.9369738791612928,0.12055014613444921,0.869779249767375,0.978115198279236,0.23746310904066048,case_patch_macro
final_decoder_feature,CYST_PA56.nii.gz,overall,gamma_joint_product,4,0.9958033031887479,0.2902645517530779,0.9320249132009039,0.9986657136773871,0.11005720470730938,case_patch_macro
final_decoder_feature,CYST_PA56.nii.gz,background,gamma_world_stability,4,0.9961226167202734,0.5008272656228732,0.8695697493583445,0.9980428254489375,0.09353306804825386,case_patch_macro
final_decoder_feature,CYST_PA56.nii.gz,foreground,gamma_world_stability,4,0.9369738791612928,0.37245679539658,0.8713951803086113,0.9812334503942229,0.258555458643624,case_patch_macro
final_decoder_feature,CYST_PA56.nii.gz,overall,gamma_world_stability,4,0.9958033031887479,0.4999999243982698,0.8817254362948445,0.9981352615878045,0.10176169480335563,case_patch_macro
final_decoder_feature,CYST_PA56.nii.gz,background,pairwise_joint_product,4,0.9961226167202734,0.2990459447571202,0.9692988554117878,0.9994679058686142,0.1139393721004542,case_patch_macro
final_decoder_feature,CYST_PA56.nii.gz,foreground,pairwise_joint_product,4,0.9369738791612928,0.050668106955132935,0.8031500924689828,0.959905221466812,0.16214780069916726,case_patch_macro
final_decoder_feature,CYST_PA56.nii.gz,overall,pairwise_joint_product,4,0.9958033031887479,0.2952385816655592,0.9688845684167428,0.9994698073960386,0.11923378751748699,case_patch_macro
final_decoder_feature,CYST_PA56.nii.gz,background,pairwise_world_stability,4,0.9961226167202734,0.5054735355600879,0.968087224943417,0.9994062548669387,0.11444474378992693,case_patch_macro
final_decoder_feature,CYST_PA56.nii.gz,foreground,pairwise_world_stability,4,0.9369738791612928,0.11264724186846832,0.75100365115128,0.9515530283275421,0.1253844346566667,case_patch_macro
final_decoder_feature,CYST_PA56.nii.gz,overall,pairwise_world_stability,4,0.9958033031887479,0.4999999305393696,0.9675835716573912,0.9994119006397856,0.11973620653120738,case_patch_macro
final_decoder_stage_input,CYST_PA56.nii.gz,background,blur_joint_product,4,0.9961226167202734,0.2964694431349584,0.9680833996338323,0.9994467918690687,0.11386881063945453,case_patch_macro
final_decoder_stage_input,CYST_PA56.nii.gz,foreground,blur_joint_product,4,0.9369738791612928,0.053975522693239304,0.7903526752014463,0.957616838031666,0.14722945030891835,case_patch_macro
final_decoder_stage_input,CYST_PA56.nii.gz,overall,blur_joint_product,4,0.9958033031887479,0.29279568104970294,0.9677071198348802,0.9994494811184463,0.11918846571693698,case_patch_macro
final_decoder_stage_input,CYST_PA56.nii.gz,background,blur_world_stability,4,0.9961226167202734,0.5050460428219147,0.9612838603555015,0.9993423392764402,0.11338497208557326,case_patch_macro
final_decoder_stage_input,CYST_PA56.nii.gz,foreground,blur_world_stability,4,0.9369738791612928,0.13474482455150585,0.7164117042171152,0.9448906875927229,0.0872964901459468,case_patch_macro
final_decoder_stage_input,CYST_PA56.nii.gz,overall,blur_world_stability,4,0.9958033031887479,0.4999999306454857,0.9612664225620176,0.9993475788961348,0.11878983196644544,case_patch_macro
final_decoder_stage_input,CYST_PA56.nii.gz,background,confidence_rank,4,0.9961226167202734,0.5047106913553014,0.9297275266218357,0.9985610137906608,0.10483023725598363,case_patch_macro
final_decoder_stage_input,CYST_PA56.nii.gz,foreground,confidence_rank,4,0.9369738791612928,0.1614306204676594,0.8194581407276592,0.9613643810994271,0.17386202785714655,case_patch_macro
final_decoder_stage_input,CYST_PA56.nii.gz,overall,confidence_rank,4,0.9958033031887479,0.500000073229165,0.9338622176221296,0.9986152113267672,0.11117096896093652,case_patch_macro
final_decoder_stage_input,CYST_PA56.nii.gz,background,gamma_joint_product,4,0.9961226167202734,0.29268852818612723,0.9274102921370547,0.9986110785948694,0.10365686535357362,case_patch_macro
final_decoder_stage_input,CYST_PA56.nii.gz,foreground,gamma_joint_product,4,0.9369738791612928,0.12055014613444921,0.869779249767375,0.978115198279236,0.23746310904066048,case_patch_macro
final_decoder_stage_input,CYST_PA56.nii.gz,overall,gamma_joint_product,4,0.9958033031887479,0.2902645517530779,0.9320249132009039,0.9986657136773871,0.11005720470730938,case_patch_macro
final_decoder_stage_input,CYST_PA56.nii.gz,background,gamma_world_stability,4,0.9961226167202734,0.5008272656228732,0.8695697493583445,0.9980428254489375,0.09353306804825386,case_patch_macro
final_decoder_stage_input,CYST_PA56.nii.gz,foreground,gamma_world_stability,4,0.9369738791612928,0.37245679539658,0.8713951803086113,0.9812334503942229,0.258555458643624,case_patch_macro
final_decoder_stage_input,CYST_PA56.nii.gz,overall,gamma_world_stability,4,0.9958033031887479,0.4999999243982698,0.8817254362948445,0.9981352615878045,0.10176169480335563,case_patch_macro
final_decoder_stage_input,CYST_PA56.nii.gz,background,pairwise_joint_product,4,0.9961226167202734,0.2990459447571202,0.9692988554117878,0.9994679058686142,0.1139393721004542,case_patch_macro
final_decoder_stage_input,CYST_PA56.nii.gz,foreground,pairwise_joint_product,4,0.9369738791612928,0.050668106955132935,0.8031500924689828,0.959905221466812,0.16214780069916726,case_patch_macro
final_decoder_stage_input,CYST_PA56.nii.gz,overall,pairwise_joint_product,4,0.9958033031887479,0.2952385816655592,0.9688845684167428,0.9994698073960386,0.11923378751748699,case_patch_macro
final_decoder_stage_input,CYST_PA56.nii.gz,background,pairwise_world_stability,4,0.9961226167202734,0.5054735355600879,0.968087224943417,0.9994062548669387,0.11444474378992693,case_patch_macro
final_decoder_stage_input,CYST_PA56.nii.gz,foreground,pairwise_world_stability,4,0.9369738791612928,0.11264724186846832,0.75100365115128,0.9515530283275421,0.1253844346566667,case_patch_macro
final_decoder_stage_input,CYST_PA56.nii.gz,overall,pairwise_world_stability,4,0.9958033031887479,0.4999999305393696,0.9675835716573912,0.9994119006397856,0.11973620653120738,case_patch_macro
full_voxtell_reference,CYST_PA56.nii.gz,background,blur_joint_product,4,0.9961226167202734,0.2948425109294399,0.9671396887255885,0.9994032168412474,0.10992457461225619,case_patch_macro
full_voxtell_reference,CYST_PA56.nii.gz,foreground,blur_joint_product,4,0.9369738791612928,0.05134149864754567,0.7774025880821233,0.9512425316185759,0.13080096497429783,case_patch_macro
full_voxtell_reference,CYST_PA56.nii.gz,overall,blur_joint_product,4,0.9958033031887479,0.29123463626679735,0.966778883522545,0.9994095392001148,0.11497836288229206,case_patch_macro
full_voxtell_reference,CYST_PA56.nii.gz,background,blur_world_stability,4,0.9961226167202734,0.5049765145421956,0.9611854133390647,0.9992825501584642,0.10842711255386177,case_patch_macro
full_voxtell_reference,CYST_PA56.nii.gz,foreground,blur_world_stability,4,0.9369738791612928,0.12589767450992362,0.68940827535975,0.9259317935348511,0.05294631710137646,case_patch_macro
full_voxtell_reference,CYST_PA56.nii.gz,overall,blur_world_stability,4,0.9958033031887479,0.499999933814559,0.960695931847174,0.9992925765545464,0.11343436682067924,case_patch_macro
full_voxtell_reference,CYST_PA56.nii.gz,background,confidence_rank,4,0.9961226167202734,0.5047106913553014,0.9297275266218357,0.9985610137906608,0.10483023725598363,case_patch_macro
full_voxtell_reference,CYST_PA56.nii.gz,foreground,confidence_rank,4,0.9369738791612928,0.1614306204676594,0.8194581407276592,0.9613643810994271,0.17386202785714655,case_patch_macro
full_voxtell_reference,CYST_PA56.nii.gz,overall,confidence_rank,4,0.9958033031887479,0.500000073229165,0.9338622176221296,0.9986152113267672,0.11117096896093652,case_patch_macro
full_voxtell_reference,CYST_PA56.nii.gz,background,gamma_joint_product,4,0.9961226167202734,0.29436496541317514,0.9278872726003432,0.9986286162004842,0.1039680253081496,case_patch_macro
full_voxtell_reference,CYST_PA56.nii.gz,foreground,gamma_joint_product,4,0.9369738791612928,0.1198135820644299,0.8691754336472733,0.9779010713105002,0.23661215813513223,case_patch_macro
full_voxtell_reference,CYST_PA56.nii.gz,overall,gamma_joint_product,4,0.9958033031887479,0.291891239518807,0.932476598079402,0.9986814478081751,0.11037581230389638,case_patch_macro
full_voxtell_reference,CYST_PA56.nii.gz,background,gamma_world_stability,4,0.9961226167202734,0.5008812054951619,0.8703953381700978,0.9980422342482996,0.09364098571194862,case_patch_macro
full_voxtell_reference,CYST_PA56.nii.gz,foreground,gamma_world_stability,4,0.9369738791612928,0.36894398942879447,0.8711014681977419,0.9809958364831539,0.25725022655692453,case_patch_macro
full_voxtell_reference,CYST_PA56.nii.gz,overall,gamma_world_stability,4,0.9958033031887479,0.4999999408755916,0.8824918999747259,0.9981356182485989,0.10184099834942911,case_patch_macro
full_voxtell_reference,CYST_PA56.nii.gz,background,pairwise_joint_product,4,0.9961226167202734,0.29743795117173555,0.9683782142229469,0.9994301594523589,0.11028657692548494,case_patch_macro
full_voxtell_reference,CYST_PA56.nii.gz,foreground,pairwise_joint_product,4,0.9369738791612928,0.047741681318496036,0.7943653544240247,0.9557209791559985,0.15065211058832065,case_patch_macro
full_voxtell_reference,CYST_PA56.nii.gz,overall,pairwise_joint_product,4,0.9958033031887479,0.29368574417942966,0.9680376802282659,0.9994350797652862,0.11534179953904045,case_patch_macro
full_voxtell_reference,CYST_PA56.nii.gz,background,pairwise_world_stability,4,0.9961226167202734,0.5054209872099881,0.9675489277622962,0.9993646160797149,0.11016519857665619,case_patch_macro
full_voxtell_reference,CYST_PA56.nii.gz,foreground,pairwise_world_stability,4,0.9369738791612928,0.10452934985806077,0.7304155562616161,0.9356132628859948,0.09836223514382597,case_patch_macro
full_voxtell_reference,CYST_PA56.nii.gz,overall,pairwise_world_stability,4,0.9958033031887479,0.4999999337983649,0.9669690482943047,0.9993738341174223,0.11516050843416976,case_patch_macro
penultimate_decoder_stage_output,CYST_PA56.nii.gz,background,blur_joint_product,4,0.9961226167202734,0.2961458070535774,0.9639866856986042,0.9993357965020115,0.11266055522550743,case_patch_macro
penultimate_decoder_stage_output,CYST_PA56.nii.gz,foreground,blur_joint_product,4,0.9369738791612928,0.07967258640308988,0.7921501903359381,0.9585368056394475,0.15002688160706146,case_patch_macro
penultimate_decoder_stage_output,CYST_PA56.nii.gz,overall,blur_joint_product,4,0.9958033031887479,0.2929382778849159,0.9640447436365792,0.9993476063941967,0.11807656902136876,case_patch_macro
penultimate_decoder_stage_output,CYST_PA56.nii.gz,background,blur_world_stability,4,0.9961226167202734,0.5044156171108797,0.955231163750712,0.9992068934297571,0.11159497893629204,case_patch_macro
penultimate_decoder_stage_output,CYST_PA56.nii.gz,foreground,blur_world_stability,4,0.9369738791612928,0.1705041807330914,0.7298887300893361,0.9503359872071991,0.10215659551363697,case_patch_macro
penultimate_decoder_stage_output,CYST_PA56.nii.gz,overall,blur_world_stability,4,0.9958033031887479,0.49999993683829197,0.9558906923805734,0.9992225402579561,0.11716577215692055,case_patch_macro
penultimate_decoder_stage_output,CYST_PA56.nii.gz,background,confidence_rank,4,0.9961226167202734,0.5047106913553014,0.9297275266218357,0.9985610137906608,0.10483023725598363,case_patch_macro
penultimate_decoder_stage_output,CYST_PA56.nii.gz,foreground,confidence_rank,4,0.9369738791612928,0.1614306204676594,0.8194581407276592,0.9613643810994271,0.17386202785714655,case_patch_macro
penultimate_decoder_stage_output,CYST_PA56.nii.gz,overall,confidence_rank,4,0.9958033031887479,0.500000073229165,0.9338622176221296,0.9986152113267672,0.11117096896093652,case_patch_macro
penultimate_decoder_stage_output,CYST_PA56.nii.gz,background,gamma_joint_product,4,0.9961226167202734,0.2927082315874249,0.9250220362575144,0.9985634894972243,0.1030278869085402,case_patch_macro
penultimate_decoder_stage_output,CYST_PA56.nii.gz,foreground,gamma_joint_product,4,0.9369738791612928,0.11965537238863073,0.8707744815584557,0.9786448251827732,0.23925693658797567,case_patch_macro
penultimate_decoder_stage_output,CYST_PA56.nii.gz,overall,gamma_joint_product,4,0.9958033031887479,0.29027047720709553,0.9298977319633406,0.998620018256759,0.1094742807520777,case_patch_macro
penultimate_decoder_stage_output,CYST_PA56.nii.gz,background,gamma_world_stability,4,0.9961226167202734,0.5007600548716635,0.8656535760837731,0.9979780637641866,0.09253119580329212,case_patch_macro
penultimate_decoder_stage_output,CYST_PA56.nii.gz,foreground,gamma_world_stability,4,0.9369738791612928,0.37681045625715665,0.8708490486743461,0.9816353048019635,0.2596549742308494,case_patch_macro
penultimate_decoder_stage_output,CYST_PA56.nii.gz,overall,gamma_world_stability,4,0.9958033031887479,0.49999993453326397,0.8782277060888561,0.9980743270598315,0.10084890613546311,case_patch_macro
penultimate_decoder_stage_output,CYST_PA56.nii.gz,background,pairwise_joint_product,4,0.9961226167202734,0.29879766587366774,0.9657569067775035,0.999366506795777,0.11289851704709025,case_patch_macro
penultimate_decoder_stage_output,CYST_PA56.nii.gz,foreground,pairwise_joint_product,4,0.9369738791612928,0.07432623791756467,0.8052196329059448,0.9610319669576047,0.16537388524295268,case_patch_macro
penultimate_decoder_stage_output,CYST_PA56.nii.gz,overall,pairwise_joint_product,4,0.9958033031887479,0.2954157159853222,0.9657313569266438,0.9993767597455777,0.118280159979461,case_patch_macro
penultimate_decoder_stage_output,CYST_PA56.nii.gz,background,pairwise_world_stability,4,0.9961226167202734,0.504901612548815,0.963164745373788,0.999284596935814,0.1129791945171239,case_patch_macro
penultimate_decoder_stage_output,CYST_PA56.nii.gz,foreground,pairwise_world_stability,4,0.9369738791612928,0.1458077004963775,0.7621662689754535,0.9569122241412812,0.13838712610433637,case_patch_macro
penultimate_decoder_stage_output,CYST_PA56.nii.gz,overall,pairwise_world_stability,4,0.9958033031887479,0.4999999322894395,0.9632674360153878,0.9993006002510747,0.11841599967594468,case_patch_macro
decoder_stage_1_low_to_high,HCC_10136895_20170421.nii.gz,background,blur_joint_product,4,0.9957211250226526,0.3061772458647942,0.9834758682933942,0.9998649708288323,0.17145687126586265,case_patch_macro
decoder_stage_1_low_to_high,HCC_10136895_20170421.nii.gz,foreground,blur_joint_product,4,0.9353111320180213,0.0803443871104549,0.8869656202383513,0.9903246359330774,0.32924212824420435,case_patch_macro
decoder_stage_1_low_to_high,HCC_10136895_20170421.nii.gz,overall,blur_joint_product,4,0.9945016790319372,0.30106287935593135,0.9819797710535746,0.9998408123422249,0.18687589138213637,case_patch_macro
decoder_stage_1_low_to_high,HCC_10136895_20170421.nii.gz,background,blur_world_stability,4,0.9957211250226526,0.5055900426540785,0.9501589791071131,0.9994134681302497,0.15813884993642055,case_patch_macro
decoder_stage_1_low_to_high,HCC_10136895_20170421.nii.gz,foreground,blur_world_stability,4,0.9353111320180213,0.2450454930262523,0.8679227301713862,0.988746609181371,0.31771127226854207,case_patch_macro
decoder_stage_1_low_to_high,HCC_10136895_20170421.nii.gz,overall,blur_world_stability,4,0.9945016790319372,0.49999993649821883,0.9553841770105937,0.999397254565846,0.17428122914990907,case_patch_macro
decoder_stage_1_low_to_high,HCC_10136895_20170421.nii.gz,background,confidence_rank,4,0.9957211250226526,0.5080439977151812,0.9856522989003603,0.999868351002582,0.18482247200150667,case_patch_macro
decoder_stage_1_low_to_high,HCC_10136895_20170421.nii.gz,foreground,confidence_rank,4,0.9353111320180213,0.12359074064639224,0.8868330140404647,0.9896384927963529,0.33085459063372885,case_patch_macro
decoder_stage_1_low_to_high,HCC_10136895_20170421.nii.gz,overall,confidence_rank,4,0.9945016790319372,0.5000000691190029,0.9834044077552511,0.9998451437909429,0.2001809713114396,case_patch_macro
decoder_stage_1_low_to_high,HCC_10136895_20170421.nii.gz,background,gamma_joint_product,4,0.9957211250226526,0.3035016709593044,0.9804911734324474,0.9998522010559283,0.1732257733229055,case_patch_macro
decoder_stage_1_low_to_high,HCC_10136895_20170421.nii.gz,foreground,gamma_joint_product,4,0.9353111320180213,0.08933320822484096,0.8983951247771765,0.9915913613438928,0.33978891315571835,case_patch_macro
decoder_stage_1_low_to_high,HCC_10136895_20170421.nii.gz,overall,gamma_joint_product,4,0.9945016790319372,0.29862458930712216,0.9796162515961042,0.9998291357341536,0.1887635729534544,case_patch_macro
decoder_stage_1_low_to_high,HCC_10136895_20170421.nii.gz,background,gamma_world_stability,4,0.9957211250226526,0.5032623034599827,0.9348825475418479,0.9991903625561798,0.15659357518518677,case_patch_macro
decoder_stage_1_low_to_high,HCC_10136895_20170421.nii.gz,foreground,gamma_world_stability,4,0.9353111320180213,0.3654693522877892,0.8886425965723016,0.9909126755890639,0.3535692543957223,case_patch_macro
decoder_stage_1_low_to_high,HCC_10136895_20170421.nii.gz,overall,gamma_world_stability,4,0.9945016790319372,0.49999992153790684,0.9443019324460303,0.9991857538775034,0.17366810665239743,case_patch_macro
decoder_stage_1_low_to_high,HCC_10136895_20170421.nii.gz,background,pairwise_joint_product,4,0.9957211250226526,0.30956218160519344,0.9858929754761139,0.9998899369473013,0.17168708042898972,case_patch_macro
decoder_stage_1_low_to_high,HCC_10136895_20170421.nii.gz,foreground,pairwise_joint_product,4,0.9353111320180213,0.07893309156812627,0.8888352417027224,0.9904301191421556,0.3307498862917797,case_patch_macro
decoder_stage_1_low_to_high,HCC_10136895_20170421.nii.gz,overall,pairwise_joint_product,4,0.9945016790319372,0.30431740217337844,0.983870482240083,0.9998658067076123,0.1870518133513938,case_patch_macro
decoder_stage_1_low_to_high,HCC_10136895_20170421.nii.gz,background,pairwise_world_stability,4,0.9957211250226526,0.5064379122943555,0.9731753665721019,0.9996892388694607,0.16611431876144106,case_patch_macro
decoder_stage_1_low_to_high,HCC_10136895_20170421.nii.gz,foreground,pairwise_world_stability,4,0.9353111320180213,0.20576901022379665,0.8785370612133622,0.9898638983731066,0.3256087625835032,case_patch_macro
decoder_stage_1_low_to_high,HCC_10136895_20170421.nii.gz,overall,pairwise_world_stability,4,0.9945016790319372,0.4999999193361065,0.9728843607613302,0.9996678863537765,0.1816885020221134,case_patch_macro
final_decoder_feature,HCC_10136895_20170421.nii.gz,background,blur_joint_product,4,0.9957211250226526,0.30682272839582475,0.9855829194650201,0.9998835562987713,0.1609536407547923,case_patch_macro
final_decoder_feature,HCC_10136895_20170421.nii.gz,foreground,blur_joint_product,4,0.9353111320180213,0.0507709767510001,0.8569342226171376,0.987894802222519,0.3028443246635946,case_patch_macro
final_decoder_feature,HCC_10136895_20170421.nii.gz,overall,blur_joint_product,4,0.9945016790319372,0.3011553087709756,0.9829607718111854,0.9998541994532748,0.17612801414277784,case_patch_macro
final_decoder_feature,HCC_10136895_20170421.nii.gz,background,blur_world_stability,4,0.9957211250226526,0.5077653236357125,0.9643222205330573,0.9995840481907515,0.15181442057404398,case_patch_macro
final_decoder_feature,HCC_10136895_20170421.nii.gz,foreground,blur_world_stability,4,0.9353111320180213,0.13571526932589867,0.7797937651159931,0.9804957168653368,0.2370594784083865,case_patch_macro
final_decoder_feature,HCC_10136895_20170421.nii.gz,overall,blur_world_stability,4,0.9945016790319372,0.4999999259126963,0.9633994307924834,0.9995460205894987,0.16695529292238775,case_patch_macro
final_decoder_feature,HCC_10136895_20170421.nii.gz,background,confidence_rank,4,0.9957211250226526,0.5080439977151812,0.9856522989003603,0.999868351002582,0.18482247200150667,case_patch_macro
final_decoder_feature,HCC_10136895_20170421.nii.gz,foreground,confidence_rank,4,0.9353111320180213,0.12359074064639224,0.8868330140404647,0.9896384927963529,0.33085459063372885,case_patch_macro
final_decoder_feature,HCC_10136895_20170421.nii.gz,overall,confidence_rank,4,0.9945016790319372,0.5000000691190029,0.9834044077552511,0.9998451437909429,0.2001809713114396,case_patch_macro
final_decoder_feature,HCC_10136895_20170421.nii.gz,background,gamma_joint_product,4,0.9957211250226526,0.30480235177792947,0.9826478954552387,0.9998694772422254,0.1682012662194675,case_patch_macro
final_decoder_feature,HCC_10136895_20170421.nii.gz,foreground,gamma_joint_product,4,0.9353111320180213,0.08246390176609879,0.8924128346926912,0.990984964444313,0.334466050921117,case_patch_macro
final_decoder_feature,HCC_10136895_20170421.nii.gz,overall,gamma_joint_product,4,0.9945016790319372,0.2997682829065248,0.981184171959246,0.9998460507463047,0.18365869099574533,case_patch_macro
final_decoder_feature,HCC_10136895_20170421.nii.gz,background,gamma_world_stability,4,0.9957211250226526,0.5044800118501497,0.9511822508454983,0.9993888374692238,0.1566032727337086,case_patch_macro
final_decoder_feature,HCC_10136895_20170421.nii.gz,foreground,gamma_world_stability,4,0.9353111320180213,0.30467961365504403,0.879298944510312,0.990042727784484,0.3354935608522429,case_patch_macro
final_decoder_feature,HCC_10136895_20170421.nii.gz,overall,gamma_world_stability,4,0.9945016790319372,0.4999999257778427,0.956417725002621,0.9993776393953385,0.17309810869725228,case_patch_macro
final_decoder_feature,HCC_10136895_20170421.nii.gz,background,pairwise_joint_product,4,0.9957211250226526,0.3102589130842581,0.9879959054492902,0.9999136351256888,0.16096668038835724,case_patch_macro
final_decoder_feature,HCC_10136895_20170421.nii.gz,foreground,pairwise_joint_product,4,0.9353111320180213,0.04776146741470557,0.8630048272203353,0.9885599032557768,0.30809940651782797,case_patch_macro
final_decoder_feature,HCC_10136895_20170421.nii.gz,overall,pairwise_joint_product,4,0.9945016790319372,0.3044410728395329,0.9851235911816669,0.9998851941095134,0.17613308868161542,case_patch_macro
final_decoder_feature,HCC_10136895_20170421.nii.gz,background,pairwise_world_stability,4,0.9957211250226526,0.5082837113133286,0.9811207952937285,0.9998177167722299,0.1579232109459756,case_patch_macro
final_decoder_feature,HCC_10136895_20170421.nii.gz,foreground,pairwise_world_stability,4,0.9353111320180213,0.11023840442481192,0.7987805027560876,0.9829542889360775,0.2533297885139485,case_patch_macro
final_decoder_feature,HCC_10136895_20170421.nii.gz,overall,pairwise_world_stability,4,0.9945016790319372,0.4999999312066439,0.977671111653984,0.999780446416095,0.172825918675338,case_patch_macro
final_decoder_stage_input,HCC_10136895_20170421.nii.gz,background,blur_joint_product,4,0.9957211250226526,0.30682272839582475,0.9855829194650201,0.9998835562987713,0.1609536407547923,case_patch_macro
final_decoder_stage_input,HCC_10136895_20170421.nii.gz,foreground,blur_joint_product,4,0.9353111320180213,0.0507709767510001,0.8569342226171376,0.987894802222519,0.3028443246635946,case_patch_macro
final_decoder_stage_input,HCC_10136895_20170421.nii.gz,overall,blur_joint_product,4,0.9945016790319372,0.3011553087709756,0.9829607718111854,0.9998541994532748,0.17612801414277784,case_patch_macro
final_decoder_stage_input,HCC_10136895_20170421.nii.gz,background,blur_world_stability,4,0.9957211250226526,0.5077653236357125,0.9643222205330573,0.9995840481907515,0.15181442057404398,case_patch_macro
final_decoder_stage_input,HCC_10136895_20170421.nii.gz,foreground,blur_world_stability,4,0.9353111320180213,0.13571526932589867,0.7797937651159931,0.9804957168653368,0.2370594784083865,case_patch_macro
final_decoder_stage_input,HCC_10136895_20170421.nii.gz,overall,blur_world_stability,4,0.9945016790319372,0.4999999259126963,0.9633994307924834,0.9995460205894987,0.16695529292238775,case_patch_macro
final_decoder_stage_input,HCC_10136895_20170421.nii.gz,background,confidence_rank,4,0.9957211250226526,0.5080439977151812,0.9856522989003603,0.999868351002582,0.18482247200150667,case_patch_macro
final_decoder_stage_input,HCC_10136895_20170421.nii.gz,foreground,confidence_rank,4,0.9353111320180213,0.12359074064639224,0.8868330140404647,0.9896384927963529,0.33085459063372885,case_patch_macro
final_decoder_stage_input,HCC_10136895_20170421.nii.gz,overall,confidence_rank,4,0.9945016790319372,0.5000000691190029,0.9834044077552511,0.9998451437909429,0.2001809713114396,case_patch_macro
final_decoder_stage_input,HCC_10136895_20170421.nii.gz,background,gamma_joint_product,4,0.9957211250226526,0.30480235177792947,0.9826478954552387,0.9998694772422254,0.1682012662194675,case_patch_macro
final_decoder_stage_input,HCC_10136895_20170421.nii.gz,foreground,gamma_joint_product,4,0.9353111320180213,0.08246390176609879,0.8924128346926912,0.990984964444313,0.334466050921117,case_patch_macro
final_decoder_stage_input,HCC_10136895_20170421.nii.gz,overall,gamma_joint_product,4,0.9945016790319372,0.2997682829065248,0.981184171959246,0.9998460507463047,0.18365869099574533,case_patch_macro
final_decoder_stage_input,HCC_10136895_20170421.nii.gz,background,gamma_world_stability,4,0.9957211250226526,0.5044800118501497,0.9511822508454983,0.9993888374692238,0.1566032727337086,case_patch_macro
final_decoder_stage_input,HCC_10136895_20170421.nii.gz,foreground,gamma_world_stability,4,0.9353111320180213,0.30467961365504403,0.879298944510312,0.990042727784484,0.3354935608522429,case_patch_macro
final_decoder_stage_input,HCC_10136895_20170421.nii.gz,overall,gamma_world_stability,4,0.9945016790319372,0.4999999257778427,0.956417725002621,0.9993776393953385,0.17309810869725228,case_patch_macro
final_decoder_stage_input,HCC_10136895_20170421.nii.gz,background,pairwise_joint_product,4,0.9957211250226526,0.3102589130842581,0.9879959054492902,0.9999136351256888,0.16096668038835724,case_patch_macro
final_decoder_stage_input,HCC_10136895_20170421.nii.gz,foreground,pairwise_joint_product,4,0.9353111320180213,0.04776146741470557,0.8630048272203353,0.9885599032557768,0.30809940651782797,case_patch_macro
final_decoder_stage_input,HCC_10136895_20170421.nii.gz,overall,pairwise_joint_product,4,0.9945016790319372,0.3044410728395329,0.9851235911816669,0.9998851941095134,0.17613308868161542,case_patch_macro
final_decoder_stage_input,HCC_10136895_20170421.nii.gz,background,pairwise_world_stability,4,0.9957211250226526,0.5082837113133286,0.9811207952937285,0.9998177167722299,0.1579232109459756,case_patch_macro
final_decoder_stage_input,HCC_10136895_20170421.nii.gz,foreground,pairwise_world_stability,4,0.9353111320180213,0.11023840442481192,0.7987805027560876,0.9829542889360775,0.2533297885139485,case_patch_macro
final_decoder_stage_input,HCC_10136895_20170421.nii.gz,overall,pairwise_world_stability,4,0.9945016790319372,0.4999999312066439,0.977671111653984,0.999780446416095,0.172825918675338,case_patch_macro
full_voxtell_reference,HCC_10136895_20170421.nii.gz,background,blur_joint_product,4,0.9957211250226526,0.3020381918164596,0.9868620645116593,0.9998822156373143,0.10528778127040227,case_patch_macro
full_voxtell_reference,HCC_10136895_20170421.nii.gz,foreground,blur_joint_product,4,0.9353111320180213,0.058074977277090635,0.860836482784865,0.9883520616916276,0.306332029599307,case_patch_macro
full_voxtell_reference,HCC_10136895_20170421.nii.gz,overall,blur_joint_product,4,0.9945016790319372,0.2966228080156438,0.9842318500316241,0.999853129983415,0.12046487759069746,case_patch_macro
full_voxtell_reference,HCC_10136895_20170421.nii.gz,background,blur_world_stability,4,0.9957211250226526,0.5076245769408831,0.9693518763712055,0.9995857991661645,0.1011251117958433,case_patch_macro
full_voxtell_reference,HCC_10136895_20170421.nii.gz,foreground,blur_world_stability,4,0.9353111320180213,0.14334586256500909,0.7869362992871558,0.9813805129710224,0.24347585147061615,case_patch_macro
full_voxtell_reference,HCC_10136895_20170421.nii.gz,overall,blur_world_stability,4,0.9945016790319372,0.4999999309846346,0.9681836788478808,0.9995506648019299,0.11623342365252001,case_patch_macro
full_voxtell_reference,HCC_10136895_20170421.nii.gz,background,confidence_rank,4,0.9957211250226526,0.5080439977151812,0.9856522989003603,0.999868351002582,0.18482247200150667,case_patch_macro
full_voxtell_reference,HCC_10136895_20170421.nii.gz,foreground,confidence_rank,4,0.9353111320180213,0.12359074064639224,0.8868330140404647,0.9896384927963529,0.33085459063372885,case_patch_macro
full_voxtell_reference,HCC_10136895_20170421.nii.gz,overall,confidence_rank,4,0.9945016790319372,0.5000000691190029,0.9834044077552511,0.9998451437909429,0.2001809713114396,case_patch_macro
full_voxtell_reference,HCC_10136895_20170421.nii.gz,background,gamma_joint_product,4,0.9957211250226526,0.3052621435399156,0.9876074684260919,0.9999141117946109,0.10982268953314839,case_patch_macro
full_voxtell_reference,HCC_10136895_20170421.nii.gz,foreground,gamma_joint_product,4,0.9353111320180213,0.0882464803446909,0.8920695005289075,0.9909231380223623,0.33418885211191207,case_patch_macro
full_voxtell_reference,HCC_10136895_20170421.nii.gz,overall,gamma_joint_product,4,0.9945016790319372,0.3003087930364918,0.9861705945336683,0.9998906072770036,0.12528281056771706,case_patch_macro
full_voxtell_reference,HCC_10136895_20170421.nii.gz,background,gamma_world_stability,4,0.9957211250226526,0.5044039878696951,0.9354457478118786,0.9992047071802455,0.09687186329990774,case_patch_macro
full_voxtell_reference,HCC_10136895_20170421.nii.gz,foreground,gamma_world_stability,4,0.9353111320180213,0.30775485044871065,0.8789209992903014,0.9899638380353432,0.33433858152112633,case_patch_macro
full_voxtell_reference,HCC_10136895_20170421.nii.gz,overall,gamma_world_stability,4,0.9945016790319372,0.49999993114967634,0.9407019117081665,0.9991954825948143,0.11332894678198929,case_patch_macro
full_voxtell_reference,HCC_10136895_20170421.nii.gz,background,pairwise_joint_product,4,0.9957211250226526,0.30676999657484,0.9912116083666724,0.9999380494859086,0.10631615320760637,case_patch_macro
full_voxtell_reference,HCC_10136895_20170421.nii.gz,foreground,pairwise_joint_product,4,0.9353111320180213,0.05584683246363658,0.8670220653162014,0.989029148283134,0.3116955675500915,case_patch_macro
full_voxtell_reference,HCC_10136895_20170421.nii.gz,overall,pairwise_joint_product,4,0.9945016790319372,0.30117711348138887,0.9883984731902535,0.9999098126179216,0.12149421386867121,case_patch_macro
full_voxtell_reference,HCC_10136895_20170421.nii.gz,background,pairwise_world_stability,4,0.9957211250226526,0.5081583126344775,0.9837338542612014,0.9998277199578685,0.10447825623383222,case_patch_macro
full_voxtell_reference,HCC_10136895_20170421.nii.gz,foreground,pairwise_world_stability,4,0.9353111320180213,0.11693492438155473,0.8063855097178291,0.9838231667735249,0.26009754319697476,case_patch_macro
full_voxtell_reference,HCC_10136895_20170421.nii.gz,overall,pairwise_world_stability,4,0.9945016790319372,0.4999999278364439,0.9804418104634043,0.9997912815210712,0.1193956566830465,case_patch_macro
penultimate_decoder_stage_output,HCC_10136895_20170421.nii.gz,background,blur_joint_product,4,0.9957211250226526,0.3069061542244531,0.9853385110270503,0.9998794334868089,0.16077112219698017,case_patch_macro
penultimate_decoder_stage_output,HCC_10136895_20170421.nii.gz,foreground,blur_joint_product,4,0.9353111320180213,0.05483153932651017,0.853712979002294,0.9875193916308023,0.3001542085827469,case_patch_macro
penultimate_decoder_stage_output,HCC_10136895_20170421.nii.gz,overall,blur_joint_product,4,0.9945016790319372,0.3013061235255613,0.9827341763233413,0.9998500266369523,0.17594286303953222,case_patch_macro
penultimate_decoder_stage_output,HCC_10136895_20170421.nii.gz,background,blur_world_stability,4,0.9957211250226526,0.5075658046915492,0.9638224078616653,0.9995842914970838,0.15175954106736547,case_patch_macro
penultimate_decoder_stage_output,HCC_10136895_20170421.nii.gz,foreground,blur_world_stability,4,0.9353111320180213,0.14555337014704606,0.7786444343128075,0.9805295661941528,0.23628922981452294,case_patch_macro
penultimate_decoder_stage_output,HCC_10136895_20170421.nii.gz,overall,blur_world_stability,4,0.9945016790319372,0.4999999277663055,0.9632905192705459,0.9995478984271057,0.16693771783779132,case_patch_macro
penultimate_decoder_stage_output,HCC_10136895_20170421.nii.gz,background,confidence_rank,4,0.9957211250226526,0.5080439977151812,0.9856522989003603,0.999868351002582,0.18482247200150667,case_patch_macro
penultimate_decoder_stage_output,HCC_10136895_20170421.nii.gz,foreground,confidence_rank,4,0.9353111320180213,0.12359074064639224,0.8868330140404647,0.9896384927963529,0.33085459063372885,case_patch_macro
penultimate_decoder_stage_output,HCC_10136895_20170421.nii.gz,overall,confidence_rank,4,0.9945016790319372,0.5000000691190029,0.9834044077552511,0.9998451437909429,0.2001809713114396,case_patch_macro
penultimate_decoder_stage_output,HCC_10136895_20170421.nii.gz,background,gamma_joint_product,4,0.9957211250226526,0.30509824976273814,0.9830472279583614,0.999875186642273,0.1687222411032056,case_patch_macro
penultimate_decoder_stage_output,HCC_10136895_20170421.nii.gz,foreground,gamma_joint_product,4,0.9353111320180213,0.08167253576891371,0.8910375862398593,0.9908375432363087,0.33322336591581464,case_patch_macro
penultimate_decoder_stage_output,HCC_10136895_20170421.nii.gz,overall,gamma_joint_product,4,0.9945016790319372,0.3000386118777075,0.9815090429987153,0.9998513994243011,0.18416248139432856,case_patch_macro
penultimate_decoder_stage_output,HCC_10136895_20170421.nii.gz,background,gamma_world_stability,4,0.9957211250226526,0.5045567352432303,0.949894657165547,0.9993758924359334,0.1560847751438935,case_patch_macro
penultimate_decoder_stage_output,HCC_10136895_20170421.nii.gz,foreground,gamma_world_stability,4,0.9353111320180213,0.3021968020016828,0.8757164783735197,0.9897041055201098,0.332073104003561,case_patch_macro
penultimate_decoder_stage_output,HCC_10136895_20170421.nii.gz,overall,gamma_world_stability,4,0.9945016790319372,0.49999991949834177,0.9551455677780254,0.9993636997449467,0.17256272306820242,case_patch_macro
penultimate_decoder_stage_output,HCC_10136895_20170421.nii.gz,background,pairwise_joint_product,4,0.9957211250226526,0.3104473639615989,0.9880261443436164,0.9999129741809861,0.16098944054379205,case_patch_macro
penultimate_decoder_stage_output,HCC_10136895_20170421.nii.gz,foreground,pairwise_joint_product,4,0.9353111320180213,0.05117259670083645,0.8590670556326586,0.9880942694225215,0.3047704638409266,case_patch_macro
penultimate_decoder_stage_output,HCC_10136895_20170421.nii.gz,overall,pairwise_joint_product,4,0.9945016790319372,0.30468110285535766,0.9851187161225909,0.9998843499036072,0.1761457572838106,case_patch_macro
penultimate_decoder_stage_output,HCC_10136895_20170421.nii.gz,background,pairwise_world_stability,4,0.9957211250226526,0.508141604464403,0.981330273692069,0.9998292701287013,0.15798397532375225,case_patch_macro
penultimate_decoder_stage_output,HCC_10136895_20170421.nii.gz,foreground,pairwise_world_stability,4,0.9353111320180213,0.11761494452183803,0.7949577438263128,0.9825359102280009,0.2502192280894074,case_patch_macro
penultimate_decoder_stage_output,HCC_10136895_20170421.nii.gz,overall,pairwise_world_stability,4,0.9945016790319372,0.49999993899654815,0.9778877609313588,0.9997918149617646,0.1728765841620921,case_patch_macro
decoder_stage_1_low_to_high,MET_PA13.nii.gz,background,blur_joint_product,4,0.9980136535795809,0.28972928741893683,0.9903795715202302,0.9999624298642165,0.09716296870229296,case_patch_macro
decoder_stage_1_low_to_high,MET_PA13.nii.gz,foreground,blur_joint_product,4,0.9168142348387508,0.04142761234976949,0.7525852381684318,0.9540587518995468,0.20412246958610902,case_patch_macro
decoder_stage_1_low_to_high,MET_PA13.nii.gz,overall,blur_joint_product,4,0.997214847140842,0.2859253055227452,0.9891949928707428,0.9999482036617959,0.11384749825822815,case_patch_macro
decoder_stage_1_low_to_high,MET_PA13.nii.gz,background,blur_world_stability,4,0.9980136535795809,0.5048493839312518,0.9609364359966722,0.9997126755843868,0.09423730224630737,case_patch_macro
decoder_stage_1_low_to_high,MET_PA13.nii.gz,foreground,blur_world_stability,4,0.9168142348387508,0.13945080549618571,0.7147527737584078,0.9509243221205345,0.16828768090975577,case_patch_macro
decoder_stage_1_low_to_high,MET_PA13.nii.gz,overall,blur_world_stability,4,0.997214847140842,0.49999992052634873,0.9678871012126482,0.9997019875024443,0.11216941374736039,case_patch_macro
decoder_stage_1_low_to_high,MET_PA13.nii.gz,background,confidence_rank,4,0.9980136535795809,0.50552117613061,0.9941102397834394,0.9999589429976767,0.10118653825094388,case_patch_macro
decoder_stage_1_low_to_high,MET_PA13.nii.gz,foreground,confidence_rank,4,0.9168142348387508,0.09793617947692879,0.7635766682421744,0.9522065085755697,0.21676083702529683,case_patch_macro
decoder_stage_1_low_to_high,MET_PA13.nii.gz,overall,confidence_rank,4,0.997214847140842,0.5000000647040294,0.9921751999919496,0.9999466198814311,0.11822488837012657,case_patch_macro
decoder_stage_1_low_to_high,MET_PA13.nii.gz,background,gamma_joint_product,4,0.9980136535795809,0.2861949631254231,0.9856350107734971,0.9999367920157313,0.09879284745662113,case_patch_macro
decoder_stage_1_low_to_high,MET_PA13.nii.gz,foreground,gamma_joint_product,4,0.9168142348387508,0.07338281340406558,0.8062608449006682,0.969028595975884,0.2657207211673058,case_patch_macro
decoder_stage_1_low_to_high,MET_PA13.nii.gz,overall,gamma_joint_product,4,0.997214847140842,0.283101401656744,0.986286237031286,0.9999252142615134,0.11609544708200319,case_patch_macro
decoder_stage_1_low_to_high,MET_PA13.nii.gz,background,gamma_world_stability,4,0.9980136535795809,0.501588063063186,0.9205762575994559,0.9994535748340616,0.09645519320835598,case_patch_macro
decoder_stage_1_low_to_high,MET_PA13.nii.gz,foreground,gamma_world_stability,4,0.9168142348387508,0.3168610836429147,0.8014621387489728,0.9707882060653649,0.27375887032948854,case_patch_macro
decoder_stage_1_low_to_high,MET_PA13.nii.gz,overall,gamma_world_stability,4,0.997214847140842,0.4999999290064415,0.9395041704245518,0.9994557437033605,0.11757042917890981,case_patch_macro
decoder_stage_1_low_to_high,MET_PA13.nii.gz,background,pairwise_joint_product,4,0.9980136535795809,0.29190092139233464,0.9925734854589493,0.9999715376599646,0.09730386713301592,case_patch_macro
decoder_stage_1_low_to_high,MET_PA13.nii.gz,foreground,pairwise_joint_product,4,0.9168142348387508,0.039617544879957944,0.7534754973885569,0.9524871284411051,0.20482307507524192,case_patch_macro
decoder_stage_1_low_to_high,MET_PA13.nii.gz,overall,pairwise_joint_product,4,0.997214847140842,0.28801983703222367,0.9907735272240158,0.9999574800079554,0.11389501229049757,case_patch_macro
decoder_stage_1_low_to_high,MET_PA13.nii.gz,background,pairwise_world_stability,4,0.9980136535795809,0.5053239618427143,0.9768058493425137,0.999815927896938,0.09621047644883977,case_patch_macro
decoder_stage_1_low_to_high,MET_PA13.nii.gz,foreground,pairwise_world_stability,4,0.9168142348387508,0.11161152438102329,0.7259680243580342,0.9506767203428678,0.1787756970846972,case_patch_macro
decoder_stage_1_low_to_high,MET_PA13.nii.gz,overall,pairwise_world_stability,4,0.997214847140842,0.49999992982779734,0.9790314605500318,0.999804436137899,0.11348567293945853,case_patch_macro
final_decoder_feature,MET_PA13.nii.gz,background,blur_joint_product,4,0.9980136535795809,0.2915040191885446,0.9950358650001018,0.9999862462604112,0.09859553283576766,case_patch_macro
final_decoder_feature,MET_PA13.nii.gz,foreground,blur_joint_product,4,0.9168142348387508,0.029138934041447268,0.7402959716668872,0.948922290714429,0.19122989528746803,case_patch_macro
final_decoder_feature,MET_PA13.nii.gz,overall,blur_joint_product,4,0.997214847140842,0.28744610269967114,0.99243177647892,0.9999715839605787,0.11517480787392607,case_patch_macro
final_decoder_feature,MET_PA13.nii.gz,background,blur_world_stability,4,0.9980136535795809,0.5054824606479188,0.9851438516678344,0.9999113514494393,0.09857815933091646,case_patch_macro
final_decoder_feature,MET_PA13.nii.gz,foreground,blur_world_stability,4,0.9168142348387508,0.10012445651287305,0.6847011391639067,0.941305491236859,0.1367346585439992,case_patch_macro
final_decoder_feature,MET_PA13.nii.gz,overall,blur_world_stability,4,0.997214847140842,0.49999992965062695,0.9841782759367037,0.9998936282636327,0.11543341198970096,case_patch_macro
final_decoder_feature,MET_PA13.nii.gz,background,confidence_rank,4,0.9980136535795809,0.50552117613061,0.9941102397834394,0.9999589429976767,0.10118653825094388,case_patch_macro
final_decoder_feature,MET_PA13.nii.gz,foreground,confidence_rank,4,0.9168142348387508,0.09793617947692879,0.7635766682421744,0.9522065085755697,0.21676083702529683,case_patch_macro
final_decoder_feature,MET_PA13.nii.gz,overall,confidence_rank,4,0.997214847140842,0.5000000647040294,0.9921751999919496,0.9999466198814311,0.11822488837012657,case_patch_macro
final_decoder_feature,MET_PA13.nii.gz,background,gamma_joint_product,4,0.9980136535795809,0.287971856457674,0.9872637443369395,0.9999412601347732,0.09882087631110231,case_patch_macro
final_decoder_feature,MET_PA13.nii.gz,foreground,gamma_joint_product,4,0.9168142348387508,0.07315058130574775,0.8094017584281668,0.9691260389035564,0.2678043796700446,case_patch_macro
final_decoder_feature,MET_PA13.nii.gz,overall,gamma_joint_product,4,0.997214847140842,0.2848418333586753,0.9875267619955261,0.9999299201641552,0.11605378373968768,case_patch_macro
final_decoder_feature,MET_PA13.nii.gz,background,gamma_world_stability,4,0.9980136535795809,0.5017874554572586,0.9339910591246253,0.9994915484908536,0.09501906973848795,case_patch_macro
final_decoder_feature,MET_PA13.nii.gz,foreground,gamma_world_stability,4,0.9168142348387508,0.30266719601197917,0.8120608228264761,0.9716347835873957,0.2805408418986872,case_patch_macro
final_decoder_feature,MET_PA13.nii.gz,overall,gamma_world_stability,4,0.997214847140842,0.4999999315240008,0.9499706933021609,0.9994976194757426,0.11528905494764306,case_patch_macro
final_decoder_feature,MET_PA13.nii.gz,background,pairwise_joint_product,4,0.9980136535795809,0.29356661552294094,0.9956231791892769,0.9999877045538356,0.09821043465560575,case_patch_macro
final_decoder_feature,MET_PA13.nii.gz,foreground,pairwise_joint_product,4,0.9168142348387508,0.027178717447492607,0.7464671546898297,0.9491617282297385,0.19774589791093092,case_patch_macro
final_decoder_feature,MET_PA13.nii.gz,overall,pairwise_joint_product,4,0.997214847140842,0.28942617651175506,0.992946904095247,0.9999734029708518,0.11473393758769516,case_patch_macro
final_decoder_feature,MET_PA13.nii.gz,background,pairwise_world_stability,4,0.9980136535795809,0.5058002111893933,0.9916362207791338,0.9999592202869624,0.0985398094257856,case_patch_macro
final_decoder_feature,MET_PA13.nii.gz,foreground,pairwise_world_stability,4,0.9168142348387508,0.0822492141322648,0.7049246829044762,0.9439094700660903,0.15780115028829592,case_patch_macro
final_decoder_feature,MET_PA13.nii.gz,overall,pairwise_world_stability,4,0.997214847140842,0.4999999348682506,0.9890964018071341,0.9999417176889556,0.11509050284606714,case_patch_macro
final_decoder_stage_input,MET_PA13.nii.gz,background,blur_joint_product,4,0.9980136535795809,0.2915040191885446,0.9950358650001018,0.9999862462604112,0.09859553283576766,case_patch_macro
final_decoder_stage_input,MET_PA13.nii.gz,foreground,blur_joint_product,4,0.9168142348387508,0.029138934041447268,0.7402959716668872,0.948922290714429,0.19122989528746803,case_patch_macro
final_decoder_stage_input,MET_PA13.nii.gz,overall,blur_joint_product,4,0.997214847140842,0.28744610269967114,0.99243177647892,0.9999715839605787,0.11517480787392607,case_patch_macro
final_decoder_stage_input,MET_PA13.nii.gz,background,blur_world_stability,4,0.9980136535795809,0.5054824606479188,0.9851438516678344,0.9999113514494393,0.09857815933091646,case_patch_macro
final_decoder_stage_input,MET_PA13.nii.gz,foreground,blur_world_stability,4,0.9168142348387508,0.10012445651287305,0.6847011391639067,0.941305491236859,0.1367346585439992,case_patch_macro
final_decoder_stage_input,MET_PA13.nii.gz,overall,blur_world_stability,4,0.997214847140842,0.49999992965062695,0.9841782759367037,0.9998936282636327,0.11543341198970096,case_patch_macro
final_decoder_stage_input,MET_PA13.nii.gz,background,confidence_rank,4,0.9980136535795809,0.50552117613061,0.9941102397834394,0.9999589429976767,0.10118653825094388,case_patch_macro
final_decoder_stage_input,MET_PA13.nii.gz,foreground,confidence_rank,4,0.9168142348387508,0.09793617947692879,0.7635766682421744,0.9522065085755697,0.21676083702529683,case_patch_macro
final_decoder_stage_input,MET_PA13.nii.gz,overall,confidence_rank,4,0.997214847140842,0.5000000647040294,0.9921751999919496,0.9999466198814311,0.11822488837012657,case_patch_macro
final_decoder_stage_input,MET_PA13.nii.gz,background,gamma_joint_product,4,0.9980136535795809,0.287971856457674,0.9872637443369395,0.9999412601347732,0.09882087631110231,case_patch_macro
final_decoder_stage_input,MET_PA13.nii.gz,foreground,gamma_joint_product,4,0.9168142348387508,0.07315058130574775,0.8094017584281668,0.9691260389035564,0.2678043796700446,case_patch_macro
final_decoder_stage_input,MET_PA13.nii.gz,overall,gamma_joint_product,4,0.997214847140842,0.2848418333586753,0.9875267619955261,0.9999299201641552,0.11605378373968768,case_patch_macro
final_decoder_stage_input,MET_PA13.nii.gz,background,gamma_world_stability,4,0.9980136535795809,0.5017874554572586,0.9339910591246253,0.9994915484908536,0.09501906973848795,case_patch_macro
final_decoder_stage_input,MET_PA13.nii.gz,foreground,gamma_world_stability,4,0.9168142348387508,0.30266719601197917,0.8120608228264761,0.9716347835873957,0.2805408418986872,case_patch_macro
final_decoder_stage_input,MET_PA13.nii.gz,overall,gamma_world_stability,4,0.997214847140842,0.4999999315240008,0.9499706933021609,0.9994976194757426,0.11528905494764306,case_patch_macro
final_decoder_stage_input,MET_PA13.nii.gz,background,pairwise_joint_product,4,0.9980136535795809,0.29356661552294094,0.9956231791892769,0.9999877045538356,0.09821043465560575,case_patch_macro
final_decoder_stage_input,MET_PA13.nii.gz,foreground,pairwise_joint_product,4,0.9168142348387508,0.027178717447492607,0.7464671546898297,0.9491617282297385,0.19774589791093092,case_patch_macro
final_decoder_stage_input,MET_PA13.nii.gz,overall,pairwise_joint_product,4,0.997214847140842,0.28942617651175506,0.992946904095247,0.9999734029708518,0.11473393758769516,case_patch_macro
final_decoder_stage_input,MET_PA13.nii.gz,background,pairwise_world_stability,4,0.9980136535795809,0.5058002111893933,0.9916362207791338,0.9999592202869624,0.0985398094257856,case_patch_macro
final_decoder_stage_input,MET_PA13.nii.gz,foreground,pairwise_world_stability,4,0.9168142348387508,0.0822492141322648,0.7049246829044762,0.9439094700660903,0.15780115028829592,case_patch_macro
final_decoder_stage_input,MET_PA13.nii.gz,overall,pairwise_world_stability,4,0.997214847140842,0.4999999348682506,0.9890964018071341,0.9999417176889556,0.11509050284606714,case_patch_macro
full_voxtell_reference,MET_PA13.nii.gz,background,blur_joint_product,4,0.9980136535795809,0.2908080790160692,0.9947947166305066,0.9999854238507186,0.10056209775321785,case_patch_macro
full_voxtell_reference,MET_PA13.nii.gz,foreground,blur_joint_product,4,0.9168142348387508,0.03139904982206826,0.74460730631966,0.9492654978044257,0.19434037762264822,case_patch_macro
full_voxtell_reference,MET_PA13.nii.gz,overall,blur_joint_product,4,0.997214847140842,0.2868409068045046,0.9923043745036582,0.9999709652437921,0.11739093216161073,case_patch_macro
full_voxtell_reference,MET_PA13.nii.gz,background,blur_world_stability,4,0.9980136535795809,0.5053067070159528,0.984248576530037,0.999896324583094,0.0988707603410427,case_patch_macro
full_voxtell_reference,MET_PA13.nii.gz,foreground,blur_world_stability,4,0.9168142348387508,0.10824779354393826,0.6920009032124673,0.9411588347335392,0.14149420989883998,case_patch_macro
full_voxtell_reference,MET_PA13.nii.gz,overall,blur_world_stability,4,0.997214847140842,0.4999999277194117,0.9835844994491362,0.9998792163540171,0.11582446757935377,case_patch_macro
full_voxtell_reference,MET_PA13.nii.gz,background,confidence_rank,4,0.9980136535795809,0.50552117613061,0.9941102397834394,0.9999589429976767,0.10118653825094388,case_patch_macro
full_voxtell_reference,MET_PA13.nii.gz,foreground,confidence_rank,4,0.9168142348387508,0.09793617947692879,0.7635766682421744,0.9522065085755697,0.21676083702529683,case_patch_macro
full_voxtell_reference,MET_PA13.nii.gz,overall,confidence_rank,4,0.997214847140842,0.5000000647040294,0.9921751999919496,0.9999466198814311,0.11822488837012657,case_patch_macro
full_voxtell_reference,MET_PA13.nii.gz,background,gamma_joint_product,4,0.9980136535795809,0.2914450462280252,0.9869300527828856,0.9999410347821135,0.09900044177497952,case_patch_macro
full_voxtell_reference,MET_PA13.nii.gz,foreground,gamma_joint_product,4,0.9168142348387508,0.07427314870334532,0.8090230884887424,0.968865097590044,0.26735069740592987,case_patch_macro
full_voxtell_reference,MET_PA13.nii.gz,overall,gamma_joint_product,4,0.997214847140842,0.2882439662133535,0.987295043433682,0.9999296492568701,0.1162741054056327,case_patch_macro
full_voxtell_reference,MET_PA13.nii.gz,background,gamma_world_stability,4,0.9980136535795809,0.5018269899626253,0.9322385857499089,0.9994455727988696,0.09407530023202043,case_patch_macro
full_voxtell_reference,MET_PA13.nii.gz,foreground,gamma_world_stability,4,0.9168142348387508,0.300534440216443,0.8127236506894722,0.9715744800303266,0.2808865148194113,case_patch_macro
full_voxtell_reference,MET_PA13.nii.gz,overall,gamma_world_stability,4,0.997214847140842,0.4999999408330201,0.948828984454129,0.9994564316618124,0.11434354192269296,case_patch_macro
full_voxtell_reference,MET_PA13.nii.gz,background,pairwise_joint_product,4,0.9980136535795809,0.2929328479005737,0.9954217440484517,0.999987041788718,0.10015949966372073,case_patch_macro
full_voxtell_reference,MET_PA13.nii.gz,foreground,pairwise_joint_product,4,0.9168142348387508,0.029352765791554578,0.7499802732679012,0.9491878981221461,0.20004593613950936,case_patch_macro
full_voxtell_reference,MET_PA13.nii.gz,overall,pairwise_joint_product,4,0.997214847140842,0.28887280143714567,0.992853404079722,0.9999729382156317,0.11693167855242827,case_patch_macro
full_voxtell_reference,MET_PA13.nii.gz,background,pairwise_world_stability,4,0.9980136535795809,0.5056576739930845,0.9908483509694852,0.9999533093847851,0.09944381934154467,case_patch_macro
full_voxtell_reference,MET_PA13.nii.gz,foreground,pairwise_world_stability,4,0.9168142348387508,0.08840670360145593,0.7116677938756935,0.9436758569640847,0.1621882551077776,case_patch_macro
full_voxtell_reference,MET_PA13.nii.gz,overall,pairwise_world_stability,4,0.997214847140842,0.4999999337281359,0.9886276820001747,0.9999364116846017,0.11616778684800522,case_patch_macro
penultimate_decoder_stage_output,MET_PA13.nii.gz,background,blur_joint_product,4,0.9980136535795809,0.29139267721347495,0.9939297143029888,0.9999791403557385,0.0985406867773551,case_patch_macro
penultimate_decoder_stage_output,MET_PA13.nii.gz,foreground,blur_joint_product,4,0.9168142348387508,0.04131571158250622,0.7427660576592104,0.9494675932445963,0.1934541162652316,case_patch_macro
penultimate_decoder_stage_output,MET_PA13.nii.gz,overall,blur_joint_product,4,0.997214847140842,0.2875629226316317,0.9917091142811412,0.9999647929404927,0.11519167060552259,case_patch_macro
penultimate_decoder_stage_output,MET_PA13.nii.gz,background,blur_world_stability,4,0.9980136535795809,0.5050668547521971,0.9805934797005822,0.9998676154202644,0.09792639439760031,case_patch_macro
penultimate_decoder_stage_output,MET_PA13.nii.gz,foreground,blur_world_stability,4,0.9168142348387508,0.1212217545291116,0.6953184768729074,0.9443121177795931,0.14723593046426736,case_patch_macro
penultimate_decoder_stage_output,MET_PA13.nii.gz,overall,blur_world_stability,4,0.997214847140842,0.4999999238468549,0.9813022280718279,0.9998525727314195,0.11504125991401785,case_patch_macro
penultimate_decoder_stage_output,MET_PA13.nii.gz,background,confidence_rank,4,0.9980136535795809,0.50552117613061,0.9941102397834394,0.9999589429976767,0.10118653825094388,case_patch_macro
penultimate_decoder_stage_output,MET_PA13.nii.gz,foreground,confidence_rank,4,0.9168142348387508,0.09793617947692879,0.7635766682421744,0.9522065085755697,0.21676083702529683,case_patch_macro
penultimate_decoder_stage_output,MET_PA13.nii.gz,overall,confidence_rank,4,0.997214847140842,0.5000000647040294,0.9921751999919496,0.9999466198814311,0.11822488837012657,case_patch_macro
penultimate_decoder_stage_output,MET_PA13.nii.gz,background,gamma_joint_product,4,0.9980136535795809,0.28809870586017383,0.9870815219316889,0.9999407191955434,0.09889721535519458,case_patch_macro
penultimate_decoder_stage_output,MET_PA13.nii.gz,foreground,gamma_joint_product,4,0.9168142348387508,0.07226150215663073,0.8063112811576919,0.9685317996648554,0.2647761745450287,case_patch_macro
penultimate_decoder_stage_output,MET_PA13.nii.gz,overall,gamma_joint_product,4,0.997214847140842,0.2849509996857524,0.9873734527206411,0.9999293346588503,0.11614237259437399,case_patch_macro
penultimate_decoder_stage_output,MET_PA13.nii.gz,background,gamma_world_stability,4,0.9980136535795809,0.5018173170161311,0.9324038425277777,0.9994925430818763,0.09513245787078455,case_patch_macro
penultimate_decoder_stage_output,MET_PA13.nii.gz,foreground,gamma_world_stability,4,0.9168142348387508,0.29972934122719713,0.8063453275898002,0.9708062540585836,0.27459576698513705,case_patch_macro
penultimate_decoder_stage_output,MET_PA13.nii.gz,overall,gamma_world_stability,4,0.997214847140842,0.4999999380671014,0.9487627279739139,0.9994984255573889,0.11550779591958354,case_patch_macro
penultimate_decoder_stage_output,MET_PA13.nii.gz,background,pairwise_joint_product,4,0.9980136535795809,0.2934980846244267,0.9947672724993696,0.9999819530464403,0.09824873851871713,case_patch_macro
penultimate_decoder_stage_output,MET_PA13.nii.gz,foreground,pairwise_joint_product,4,0.9168142348387508,0.03770954302562584,0.748087383454766,0.9493822546701108,0.1991231486238841,case_patch_macro
penultimate_decoder_stage_output,MET_PA13.nii.gz,overall,pairwise_joint_product,4,0.997214847140842,0.2895606803442489,0.9923738191730652,0.9999678649974223,0.11483459563120764,case_patch_macro
penultimate_decoder_stage_output,MET_PA13.nii.gz,background,pairwise_world_stability,4,0.9980136535795809,0.5054338415496898,0.987951038201242,0.9999227574415455,0.0980825634834509,case_patch_macro
penultimate_decoder_stage_output,MET_PA13.nii.gz,foreground,pairwise_world_stability,4,0.9168142348387508,0.10015991375808098,0.711961213199983,0.9457098760777223,0.16447913001660316,case_patch_macro
penultimate_decoder_stage_output,MET_PA13.nii.gz,overall,pairwise_world_stability,4,0.997214847140842,0.4999999309761923,0.9866873778718123,0.999907330022225,0.11483911084957411,case_patch_macro
decoder_stage_1_low_to_high,HCC_10074592_20130816.nii.gz,background,blur_joint_product,4,0.9966213983644816,0.29702524036982597,0.9052767578491381,0.9997107969970745,0.12238632392568054,case_patch_macro
decoder_stage_1_low_to_high,HCC_10074592_20130816.nii.gz,foreground,blur_joint_product,4,0.9557235826213043,0.21676211681587143,0.9286571719450348,0.995790307392305,0.30198067276424323,case_patch_macro
decoder_stage_1_low_to_high,HCC_10074592_20130816.nii.gz,overall,blur_joint_product,4,0.9959986651385272,0.2958262519084427,0.9051968770719708,0.999711138265668,0.13257653439951633,case_patch_macro
decoder_stage_1_low_to_high,HCC_10074592_20130816.nii.gz,background,blur_world_stability,4,0.9966213983644816,0.5017928839787683,0.8804631953835681,0.9991664620986709,0.1166055539015056,case_patch_macro
decoder_stage_1_low_to_high,HCC_10074592_20130816.nii.gz,foreground,blur_world_stability,4,0.9557235826213043,0.37496590195588236,0.9012445166918598,0.9941341879147908,0.2908760480264189,case_patch_macro
decoder_stage_1_low_to_high,HCC_10074592_20130816.nii.gz,overall,blur_world_stability,4,0.9959986651385272,0.49999991932205556,0.8856019954548929,0.9991980829713246,0.12768166558803792,case_patch_macro
decoder_stage_1_low_to_high,HCC_10074592_20130816.nii.gz,background,confidence_rank,4,0.9966213983644816,0.5024318950943698,0.9058494138253766,0.9996561062162792,0.16785294385726332,case_patch_macro
decoder_stage_1_low_to_high,HCC_10074592_20130816.nii.gz,foreground,confidence_rank,4,0.9557235826213043,0.3459434676704312,0.9367711088812957,0.996063356800077,0.314476250017587,case_patch_macro
decoder_stage_1_low_to_high,HCC_10074592_20130816.nii.gz,overall,confidence_rank,4,0.9959986651385272,0.500000074853918,0.9058179958830985,0.9996647992904846,0.17815023501686655,case_patch_macro
decoder_stage_1_low_to_high,HCC_10074592_20130816.nii.gz,background,gamma_joint_product,4,0.9966213983644816,0.29392362193157195,0.9018832380288858,0.9996630942991421,0.15855561512488348,case_patch_macro
decoder_stage_1_low_to_high,HCC_10074592_20130816.nii.gz,foreground,gamma_joint_product,4,0.9557235826213043,0.28723725713118387,0.9423116639904272,0.9967361715207455,0.3174351781005192,case_patch_macro
decoder_stage_1_low_to_high,HCC_10074592_20130816.nii.gz,overall,gamma_joint_product,4,0.9959986651385272,0.2940758711321577,0.9029051534262134,0.999671223775476,0.16899631917351646,case_patch_macro
decoder_stage_1_low_to_high,HCC_10074592_20130816.nii.gz,background,gamma_world_stability,4,0.9966213983644816,0.4980551164759471,0.8557519828555308,0.9988996166594064,0.14178548106523806,case_patch_macro
decoder_stage_1_low_to_high,HCC_10074592_20130816.nii.gz,foreground,gamma_world_stability,4,0.9557235826213043,0.5689347298817146,0.9303718635799999,0.9960410944250554,0.3564905233150583,case_patch_macro
decoder_stage_1_low_to_high,HCC_10074592_20130816.nii.gz,overall,gamma_world_stability,4,0.9959986651385272,0.4999999236878554,0.866538667778421,0.9989554538195037,0.15433038907224003,case_patch_macro
decoder_stage_1_low_to_high,HCC_10074592_20130816.nii.gz,background,pairwise_joint_product,4,0.9966213983644816,0.3007372504264472,0.9076595973126387,0.9997361567227286,0.12313744879415524,case_patch_macro
decoder_stage_1_low_to_high,HCC_10074592_20130816.nii.gz,foreground,pairwise_joint_product,4,0.9557235826213043,0.21416452826780316,0.9306871299957048,0.9958601107506987,0.30308472328475256,case_patch_macro
decoder_stage_1_low_to_high,HCC_10074592_20130816.nii.gz,overall,pairwise_joint_product,4,0.9959986651385272,0.2993795055993378,0.9073171148856121,0.9997362382122289,0.13330469846938334,case_patch_macro
decoder_stage_1_low_to_high,HCC_10074592_20130816.nii.gz,background,pairwise_world_stability,4,0.9966213983644816,0.5024003907726139,0.8976735164725058,0.9994849808849019,0.12077925802423572,case_patch_macro
decoder_stage_1_low_to_high,HCC_10074592_20130816.nii.gz,foreground,pairwise_world_stability,4,0.9557235826213043,0.345444868741456,0.9107844054847464,0.9946789105559489,0.29539841561577224,case_patch_macro
decoder_stage_1_low_to_high,HCC_10074592_20130816.nii.gz,overall,pairwise_world_stability,4,0.9959986651385272,0.49999991318714126,0.8991353018406425,0.9995025329333823,0.13137459577353364,case_patch_macro
final_decoder_feature,HCC_10074592_20130816.nii.gz,background,blur_joint_product,4,0.9966213983644816,0.2982289569506496,0.9178399929296548,0.9997640617109246,0.12265765166553755,case_patch_macro
final_decoder_feature,HCC_10074592_20130816.nii.gz,foreground,blur_joint_product,4,0.9557235826213043,0.15583813432321292,0.9093182269615214,0.9945953161868814,0.2855830203612207,case_patch_macro
final_decoder_feature,HCC_10074592_20130816.nii.gz,overall,blur_joint_product,4,0.9959986651385272,0.2957287368181939,0.9168695449393465,0.9997581781398751,0.13268275993847645,case_patch_macro
final_decoder_feature,HCC_10074592_20130816.nii.gz,background,blur_world_stability,4,0.9966213983644816,0.5044343781593071,0.909239358615866,0.9995826537618514,0.11980408903638391,case_patch_macro
final_decoder_feature,HCC_10074592_20130816.nii.gz,foreground,blur_world_stability,4,0.9557235826213043,0.24245825283870678,0.8344885530397143,0.9902232363151532,0.23408433773420836,case_patch_macro
final_decoder_feature,HCC_10074592_20130816.nii.gz,overall,blur_world_stability,4,0.9959986651385272,0.4999999234499721,0.9080969926933371,0.9995771201075156,0.12993644780129912,case_patch_macro
final_decoder_feature,HCC_10074592_20130816.nii.gz,background,confidence_rank,4,0.9966213983644816,0.5024318950943698,0.9058494138253766,0.9996561062162792,0.16785294385726332,case_patch_macro
final_decoder_feature,HCC_10074592_20130816.nii.gz,foreground,confidence_rank,4,0.9557235826213043,0.3459434676704312,0.9367711088812957,0.996063356800077,0.314476250017587,case_patch_macro
final_decoder_feature,HCC_10074592_20130816.nii.gz,overall,confidence_rank,4,0.9959986651385272,0.500000074853918,0.9058179958830985,0.9996647992904846,0.17815023501686655,case_patch_macro
final_decoder_feature,HCC_10074592_20130816.nii.gz,background,gamma_joint_product,4,0.9966213983644816,0.29494487571220407,0.9093242048850066,0.9997246468163891,0.16342812124447664,case_patch_macro
final_decoder_feature,HCC_10074592_20130816.nii.gz,foreground,gamma_joint_product,4,0.9557235826213043,0.2781127675366184,0.9412078720546574,0.9966344754281851,0.3151687540465922,case_patch_macro
final_decoder_feature,HCC_10074592_20130816.nii.gz,overall,gamma_joint_product,4,0.9959986651385272,0.29491025305944135,0.9096574886238318,0.9997291809804941,0.17377384580474137,case_patch_macro
final_decoder_feature,HCC_10074592_20130816.nii.gz,background,gamma_world_stability,4,0.9966213983644816,0.4994354504762339,0.885112531051589,0.9992779972002946,0.15502585677646977,case_patch_macro
final_decoder_feature,HCC_10074592_20130816.nii.gz,foreground,gamma_world_stability,4,0.9557235826213043,0.4991424851234972,0.9322184198846867,0.9961809539495187,0.335352944587963,case_patch_macro
final_decoder_feature,HCC_10074592_20130816.nii.gz,overall,gamma_world_stability,4,0.9959986651385272,0.49999992772548346,0.8902363192152807,0.9993108787187062,0.16680341259242426,case_patch_macro
final_decoder_feature,HCC_10074592_20130816.nii.gz,background,pairwise_joint_product,4,0.9966213983644816,0.3018067524910874,0.9228518729617297,0.9998146310634777,0.1258006783062018,case_patch_macro
final_decoder_feature,HCC_10074592_20130816.nii.gz,foreground,pairwise_joint_product,4,0.9557235826213043,0.14715732031857895,0.9129238222558816,0.9948144760184551,0.28811561762466603,case_patch_macro
final_decoder_feature,HCC_10074592_20130816.nii.gz,overall,pairwise_joint_product,4,0.9959986651385272,0.2990526268824968,0.92174621031406,0.9998066322404129,0.13581153684039177,case_patch_macro
final_decoder_feature,HCC_10074592_20130816.nii.gz,background,pairwise_world_stability,4,0.9966213983644816,0.5050598460082986,0.920807093355823,0.9997558361980521,0.1253720573948956,case_patch_macro
final_decoder_feature,HCC_10074592_20130816.nii.gz,foreground,pairwise_world_stability,4,0.9557235826213043,0.21026839274346457,0.8498947898642081,0.9912865049224804,0.24463256087929633,case_patch_macro
final_decoder_feature,HCC_10074592_20130816.nii.gz,overall,pairwise_world_stability,4,0.9959986651385272,0.49999992589136744,0.9190718402163237,0.9997451092372867,0.13536037366620657,case_patch_macro
final_decoder_stage_input,HCC_10074592_20130816.nii.gz,background,blur_joint_product,4,0.9966213983644816,0.2982289569506496,0.9178399929296548,0.9997640617109246,0.12265765166553755,case_patch_macro
final_decoder_stage_input,HCC_10074592_20130816.nii.gz,foreground,blur_joint_product,4,0.9557235826213043,0.15583813432321292,0.9093182269615214,0.9945953161868814,0.2855830203612207,case_patch_macro
final_decoder_stage_input,HCC_10074592_20130816.nii.gz,overall,blur_joint_product,4,0.9959986651385272,0.2957287368181939,0.9168695449393465,0.9997581781398751,0.13268275993847645,case_patch_macro
final_decoder_stage_input,HCC_10074592_20130816.nii.gz,background,blur_world_stability,4,0.9966213983644816,0.5044343781593071,0.909239358615866,0.9995826537618514,0.11980408903638391,case_patch_macro
final_decoder_stage_input,HCC_10074592_20130816.nii.gz,foreground,blur_world_stability,4,0.9557235826213043,0.24245825283870678,0.8344885530397143,0.9902232363151532,0.23408433773420836,case_patch_macro
final_decoder_stage_input,HCC_10074592_20130816.nii.gz,overall,blur_world_stability,4,0.9959986651385272,0.4999999234499721,0.9080969926933371,0.9995771201075156,0.12993644780129912,case_patch_macro
final_decoder_stage_input,HCC_10074592_20130816.nii.gz,background,confidence_rank,4,0.9966213983644816,0.5024318950943698,0.9058494138253766,0.9996561062162792,0.16785294385726332,case_patch_macro
final_decoder_stage_input,HCC_10074592_20130816.nii.gz,foreground,confidence_rank,4,0.9557235826213043,0.3459434676704312,0.9367711088812957,0.996063356800077,0.314476250017587,case_patch_macro
final_decoder_stage_input,HCC_10074592_20130816.nii.gz,overall,confidence_rank,4,0.9959986651385272,0.500000074853918,0.9058179958830985,0.9996647992904846,0.17815023501686655,case_patch_macro
final_decoder_stage_input,HCC_10074592_20130816.nii.gz,background,gamma_joint_product,4,0.9966213983644816,0.29494487571220407,0.9093242048850066,0.9997246468163891,0.16342812124447664,case_patch_macro
final_decoder_stage_input,HCC_10074592_20130816.nii.gz,foreground,gamma_joint_product,4,0.9557235826213043,0.2781127675366184,0.9412078720546574,0.9966344754281851,0.3151687540465922,case_patch_macro
final_decoder_stage_input,HCC_10074592_20130816.nii.gz,overall,gamma_joint_product,4,0.9959986651385272,0.29491025305944135,0.9096574886238318,0.9997291809804941,0.17377384580474137,case_patch_macro
final_decoder_stage_input,HCC_10074592_20130816.nii.gz,background,gamma_world_stability,4,0.9966213983644816,0.4994354504762339,0.885112531051589,0.9992779972002946,0.15502585677646977,case_patch_macro
final_decoder_stage_input,HCC_10074592_20130816.nii.gz,foreground,gamma_world_stability,4,0.9557235826213043,0.4991424851234972,0.9322184198846867,0.9961809539495187,0.335352944587963,case_patch_macro
final_decoder_stage_input,HCC_10074592_20130816.nii.gz,overall,gamma_world_stability,4,0.9959986651385272,0.49999992772548346,0.8902363192152807,0.9993108787187062,0.16680341259242426,case_patch_macro
final_decoder_stage_input,HCC_10074592_20130816.nii.gz,background,pairwise_joint_product,4,0.9966213983644816,0.3018067524910874,0.9228518729617297,0.9998146310634777,0.1258006783062018,case_patch_macro
final_decoder_stage_input,HCC_10074592_20130816.nii.gz,foreground,pairwise_joint_product,4,0.9557235826213043,0.14715732031857895,0.9129238222558816,0.9948144760184551,0.28811561762466603,case_patch_macro
final_decoder_stage_input,HCC_10074592_20130816.nii.gz,overall,pairwise_joint_product,4,0.9959986651385272,0.2990526268824968,0.92174621031406,0.9998066322404129,0.13581153684039177,case_patch_macro
final_decoder_stage_input,HCC_10074592_20130816.nii.gz,background,pairwise_world_stability,4,0.9966213983644816,0.5050598460082986,0.920807093355823,0.9997558361980521,0.1253720573948956,case_patch_macro
final_decoder_stage_input,HCC_10074592_20130816.nii.gz,foreground,pairwise_world_stability,4,0.9557235826213043,0.21026839274346457,0.8498947898642081,0.9912865049224804,0.24463256087929633,case_patch_macro
final_decoder_stage_input,HCC_10074592_20130816.nii.gz,overall,pairwise_world_stability,4,0.9959986651385272,0.49999992589136744,0.9190718402163237,0.9997451092372867,0.13536037366620657,case_patch_macro
full_voxtell_reference,HCC_10074592_20130816.nii.gz,background,blur_joint_product,4,0.9966213983644816,0.2996349255102154,0.9496298851941332,0.9998082668038769,0.08772888004387944,case_patch_macro
full_voxtell_reference,HCC_10074592_20130816.nii.gz,foreground,blur_joint_product,4,0.9557235826213043,0.1318380767484425,0.9079333796350185,0.9945142287298582,0.284253351499723,case_patch_macro
full_voxtell_reference,HCC_10074592_20130816.nii.gz,overall,blur_joint_product,4,0.9959986651385272,0.2966582313197999,0.9485282547626379,0.9998010564051345,0.09769018476133969,case_patch_macro
full_voxtell_reference,HCC_10074592_20130816.nii.gz,background,blur_world_stability,4,0.9966213983644816,0.5049777542694268,0.9396009598761124,0.9996157805589154,0.08533082815214009,case_patch_macro
full_voxtell_reference,HCC_10074592_20130816.nii.gz,foreground,blur_world_stability,4,0.9557235826213043,0.2160606035585766,0.8264266978550472,0.9895102655256517,0.2273277433971236,case_patch_macro
full_voxtell_reference,HCC_10074592_20130816.nii.gz,overall,blur_world_stability,4,0.9959986651385272,0.499999933625683,0.9381829155533491,0.9996080042771377,0.09513933015283657,case_patch_macro
full_voxtell_reference,HCC_10074592_20130816.nii.gz,background,confidence_rank,4,0.9966213983644816,0.5024318950943698,0.9058494138253766,0.9996561062162792,0.16785294385726332,case_patch_macro
full_voxtell_reference,HCC_10074592_20130816.nii.gz,foreground,confidence_rank,4,0.9557235826213043,0.3459434676704312,0.9367711088812957,0.996063356800077,0.314476250017587,case_patch_macro
full_voxtell_reference,HCC_10074592_20130816.nii.gz,overall,confidence_rank,4,0.9959986651385272,0.500000074853918,0.9058179958830985,0.9996647992904846,0.17815023501686655,case_patch_macro
full_voxtell_reference,HCC_10074592_20130816.nii.gz,background,gamma_joint_product,4,0.9966213983644816,0.2990324869104138,0.9105479300411747,0.9997542614433641,0.1631889998458349,case_patch_macro
full_voxtell_reference,HCC_10074592_20130816.nii.gz,foreground,gamma_joint_product,4,0.9557235826213043,0.27630083932287675,0.9408270275679561,0.9965968735278555,0.31452527224336496,case_patch_macro
full_voxtell_reference,HCC_10074592_20130816.nii.gz,overall,gamma_joint_product,4,0.9959986651385272,0.2987739493783255,0.9107300181547916,0.9997567606935078,0.17350774083894932,case_patch_macro
full_voxtell_reference,HCC_10074592_20130816.nii.gz,background,gamma_world_stability,4,0.9966213983644816,0.49938320265912645,0.8874151100566136,0.9992612453435465,0.1547264769530971,case_patch_macro
full_voxtell_reference,HCC_10074592_20130816.nii.gz,foreground,gamma_world_stability,4,0.9557235826213043,0.5021718957081346,0.9320368363748802,0.9961691338185644,0.33438430168938477,case_patch_macro
full_voxtell_reference,HCC_10074592_20130816.nii.gz,overall,gamma_world_stability,4,0.9959986651385272,0.49999993616523225,0.8922181434914139,0.9993067362247264,0.1663189899970261,case_patch_macro
full_voxtell_reference,HCC_10074592_20130816.nii.gz,background,pairwise_joint_product,4,0.9966213983644816,0.30418253069418144,0.9537365831845995,0.9998685832378305,0.0886295140825093,case_patch_macro
full_voxtell_reference,HCC_10074592_20130816.nii.gz,foreground,pairwise_joint_product,4,0.9557235826213043,0.12257641371938803,0.9122282992832024,0.9947797334423262,0.2873629716987807,case_patch_macro
full_voxtell_reference,HCC_10074592_20130816.nii.gz,overall,pairwise_joint_product,4,0.9959986651385272,0.3008787003532595,0.9524999432867901,0.9998587463374493,0.09858423068794162,case_patch_macro
full_voxtell_reference,HCC_10074592_20130816.nii.gz,background,pairwise_world_stability,4,0.9966213983644816,0.5055978706669442,0.951576408075348,0.9998113867951435,0.08814811106650638,case_patch_macro
full_voxtell_reference,HCC_10074592_20130816.nii.gz,foreground,pairwise_world_stability,4,0.9557235826213043,0.18340230541505617,0.8455573391247077,0.9909580275615794,0.24095025094259548,case_patch_macro
full_voxtell_reference,HCC_10074592_20130816.nii.gz,overall,pairwise_world_stability,4,0.9959986651385272,0.49999992607013577,0.9495675203839118,0.9997986175765263,0.09790130374439346,case_patch_macro
penultimate_decoder_stage_output,HCC_10074592_20130816.nii.gz,background,blur_joint_product,4,0.9966213983644816,0.29838375559846675,0.9175577979810758,0.9997586038613026,0.12282891829508413,case_patch_macro
penultimate_decoder_stage_output,HCC_10074592_20130816.nii.gz,foreground,blur_joint_product,4,0.9557235826213043,0.16918147947707599,0.9103218835691044,0.9947530454832659,0.28680565301155275,case_patch_macro
penultimate_decoder_stage_output,HCC_10074592_20130816.nii.gz,overall,blur_joint_product,4,0.9959986651385272,0.2961329190896973,0.916610350168404,0.9997535357344158,0.13285650740353824,case_patch_macro
penultimate_decoder_stage_output,HCC_10074592_20130816.nii.gz,background,blur_world_stability,4,0.9966213983644816,0.5041340444864837,0.9086276697111061,0.999576994374129,0.11967990431219078,case_patch_macro
penultimate_decoder_stage_output,HCC_10074592_20130816.nii.gz,foreground,blur_world_stability,4,0.9557235826213043,0.2576960565873531,0.8368501375331793,0.9905835092021302,0.23688034159901003,case_patch_macro
penultimate_decoder_stage_output,HCC_10074592_20130816.nii.gz,overall,blur_world_stability,4,0.9959986651385272,0.4999999376451317,0.9075503479762479,0.9995720866248785,0.12982045905674802,case_patch_macro
penultimate_decoder_stage_output,HCC_10074592_20130816.nii.gz,background,confidence_rank,4,0.9966213983644816,0.5024318950943698,0.9058494138253766,0.9996561062162792,0.16785294385726332,case_patch_macro
penultimate_decoder_stage_output,HCC_10074592_20130816.nii.gz,foreground,confidence_rank,4,0.9557235826213043,0.3459434676704312,0.9367711088812957,0.996063356800077,0.314476250017587,case_patch_macro
penultimate_decoder_stage_output,HCC_10074592_20130816.nii.gz,overall,confidence_rank,4,0.9959986651385272,0.500000074853918,0.9058179958830985,0.9996647992904846,0.17815023501686655,case_patch_macro
penultimate_decoder_stage_output,HCC_10074592_20130816.nii.gz,background,gamma_joint_product,4,0.9966213983644816,0.2947991587534041,0.9088393561643261,0.9997137394650011,0.1639337804580681,case_patch_macro
penultimate_decoder_stage_output,HCC_10074592_20130816.nii.gz,foreground,gamma_joint_product,4,0.9557235826213043,0.27692281205024943,0.938838344873009,0.9964796715362932,0.31333870861488616,case_patch_macro
penultimate_decoder_stage_output,HCC_10074592_20130816.nii.gz,overall,gamma_joint_product,4,0.9959986651385272,0.29474097331171506,0.9092867659660655,0.999718952427838,0.17428846844586235,case_patch_macro
penultimate_decoder_stage_output,HCC_10074592_20130816.nii.gz,background,gamma_world_stability,4,0.9966213983644816,0.4993364183466201,0.8803901787393844,0.9992456313540762,0.15392189600709488,case_patch_macro
penultimate_decoder_stage_output,HCC_10074592_20130816.nii.gz,foreground,gamma_world_stability,4,0.9557235826213043,0.5030863900996757,0.9272497217613432,0.9958638239848684,0.3320810952616573,case_patch_macro
penultimate_decoder_stage_output,HCC_10074592_20130816.nii.gz,overall,gamma_world_stability,4,0.9959986651385272,0.49999992373951346,0.887350700773384,0.9992797324756375,0.16582689950638405,case_patch_macro
penultimate_decoder_stage_output,HCC_10074592_20130816.nii.gz,background,pairwise_joint_product,4,0.9966213983644816,0.3019956154849071,0.9226094619978165,0.9998036575659528,0.12613660752546765,case_patch_macro
penultimate_decoder_stage_output,HCC_10074592_20130816.nii.gz,foreground,pairwise_joint_product,4,0.9557235826213043,0.16039809524219675,0.9135681317553082,0.9949230969247728,0.28899986755629953,case_patch_macro
penultimate_decoder_stage_output,HCC_10074592_20130816.nii.gz,overall,pairwise_joint_product,4,0.9959986651385272,0.2994866195296493,0.9215496401648134,0.999796732294851,0.13615465784546313,case_patch_macro
penultimate_decoder_stage_output,HCC_10074592_20130816.nii.gz,background,pairwise_world_stability,4,0.9966213983644816,0.5047397567184352,0.9201705164176679,0.9997431605598093,0.1253892661259777,case_patch_macro
penultimate_decoder_stage_output,HCC_10074592_20130816.nii.gz,foreground,pairwise_world_stability,4,0.9557235826213043,0.22623974197599658,0.8513467997040985,0.9915553131884628,0.24668093305377126,case_patch_macro
penultimate_decoder_stage_output,HCC_10074592_20130816.nii.gz,overall,pairwise_world_stability,4,0.9959986651385272,0.4999999312427206,0.9185139425059852,0.9997337499467506,0.13539303370721106,case_patch_macro
decoder_stage_1_low_to_high,CYST_PA19.nii.gz,background,blur_joint_product,4,0.9984570808017302,0.28906462157361307,0.9772042590277558,0.9998408750166474,0.0760600873763701,case_patch_macro
decoder_stage_1_low_to_high,CYST_PA19.nii.gz,foreground,blur_joint_product,4,0.5736450144255612,0.17050909944911347,0.7247156192233025,0.8254043501990845,0.1448372816999044,case_patch_macro
decoder_stage_1_low_to_high,CYST_PA19.nii.gz,overall,blur_joint_product,4,0.996964278044524,0.2873138254972666,0.8615649256473406,0.9998103704644539,0.1218474066233289,case_patch_macro
decoder_stage_1_low_to_high,CYST_PA19.nii.gz,background,blur_world_stability,4,0.9984570808017302,0.5023827962214428,0.9401427078831932,0.9996631719967348,0.07207967658959234,case_patch_macro
decoder_stage_1_low_to_high,CYST_PA19.nii.gz,foreground,blur_world_stability,4,0.5736450144255612,0.32446368108749524,0.7117140859985597,0.8248473210804104,0.1372847745441462,case_patch_macro
decoder_stage_1_low_to_high,CYST_PA19.nii.gz,overall,blur_world_stability,4,0.996964278044524,0.49999993116689356,0.8469361411863265,0.9996273401526117,0.12264802681865705,case_patch_macro
decoder_stage_1_low_to_high,CYST_PA19.nii.gz,background,confidence_rank,4,0.9984570808017302,0.5032519870228751,0.9795554818138711,0.9998540688253471,0.07794768533496574,case_patch_macro
decoder_stage_1_low_to_high,CYST_PA19.nii.gz,foreground,confidence_rank,4,0.5736450144255612,0.2868058689904812,0.6767826595662759,0.7952728138195276,0.074888628362779,case_patch_macro
decoder_stage_1_low_to_high,CYST_PA19.nii.gz,overall,confidence_rank,4,0.996964278044524,0.5000000702776044,0.8630358415130175,0.9998219020562338,0.12581445606392835,case_patch_macro
decoder_stage_1_low_to_high,CYST_PA19.nii.gz,background,gamma_joint_product,4,0.9984570808017302,0.28576269719596353,0.9703871385652308,0.9998436494161573,0.07601391548163151,case_patch_macro
decoder_stage_1_low_to_high,CYST_PA19.nii.gz,foreground,gamma_joint_product,4,0.5736450144255612,0.19392024421602608,0.760508217727243,0.8492730595283251,0.19758695022354347,case_patch_macro
decoder_stage_1_low_to_high,CYST_PA19.nii.gz,overall,gamma_joint_product,4,0.996964278044524,0.28468194586250056,0.8595058068551893,0.9998125915710794,0.12379712131586068,case_patch_macro
decoder_stage_1_low_to_high,CYST_PA19.nii.gz,background,gamma_world_stability,4,0.9984570808017302,0.4999166484568913,0.8876927562418624,0.999496487631909,0.06991489348743062,case_patch_macro
decoder_stage_1_low_to_high,CYST_PA19.nii.gz,foreground,gamma_world_stability,4,0.5736450144255612,0.42049140311174327,0.7597639226195213,0.8529249189297619,0.22685864933539637,case_patch_macro
decoder_stage_1_low_to_high,CYST_PA19.nii.gz,overall,gamma_world_stability,4,0.996964278044524,0.4999999271428195,0.8260906163970632,0.999451417339199,0.1333747298879023,case_patch_macro
decoder_stage_1_low_to_high,CYST_PA19.nii.gz,background,pairwise_joint_product,4,0.9984570808017302,0.2915391537226594,0.9797117723076777,0.9998561525216422,0.07630630000511941,case_patch_macro
decoder_stage_1_low_to_high,CYST_PA19.nii.gz,foreground,pairwise_joint_product,4,0.5736450144255612,0.17083010737368826,0.714783978095812,0.8159508146156093,0.12833924139965155,case_patch_macro
decoder_stage_1_low_to_high,CYST_PA19.nii.gz,overall,pairwise_joint_product,4,0.996964278044524,0.2897391987621768,0.8627539644074631,0.9998250330488219,0.12170386101674446,case_patch_macro
decoder_stage_1_low_to_high,CYST_PA19.nii.gz,background,pairwise_world_stability,4,0.9984570808017302,0.5026967910119452,0.9587218306260822,0.9997359476553759,0.07431926835277317,case_patch_macro
decoder_stage_1_low_to_high,CYST_PA19.nii.gz,foreground,pairwise_world_stability,4,0.5736450144255612,0.3107353679685504,0.706251798450936,0.8148461627028137,0.1247527863310121,case_patch_macro
decoder_stage_1_low_to_high,CYST_PA19.nii.gz,overall,pairwise_world_stability,4,0.996964278044524,0.4999999343619,0.854178748886582,0.9997038486842094,0.12288953207901954,case_patch_macro
final_decoder_feature,CYST_PA19.nii.gz,background,blur_joint_product,4,0.9984570808017302,0.29096809998721673,0.9886234460777311,0.9999474691547976,0.07802178997112394,case_patch_macro
final_decoder_feature,CYST_PA19.nii.gz,foreground,blur_joint_product,4,0.5736450144255612,0.1509461143724154,0.7049767242851727,0.8040275615697298,0.11127280715774518,case_patch_macro
final_decoder_feature,CYST_PA19.nii.gz,overall,blur_joint_product,4,0.996964278044524,0.28871749171188654,0.8660200495109562,0.9999092014787805,0.12334149171217941,case_patch_macro
final_decoder_feature,CYST_PA19.nii.gz,background,blur_world_stability,4,0.9984570808017302,0.5035466548304225,0.9626558284140255,0.9997659244896215,0.07501131687366758,case_patch_macro
final_decoder_feature,CYST_PA19.nii.gz,foreground,blur_world_stability,4,0.5736450144255612,0.2754068560202456,0.6696260196884612,0.7855364313947674,0.06211866869770364,case_patch_macro
final_decoder_feature,CYST_PA19.nii.gz,overall,blur_world_stability,4,0.996964278044524,0.4999999353958102,0.854723416498177,0.9997294138846744,0.12312103917084312,case_patch_macro
final_decoder_feature,CYST_PA19.nii.gz,background,confidence_rank,4,0.9984570808017302,0.5032519870228751,0.9795554818138711,0.9998540688253471,0.07794768533496574,case_patch_macro
final_decoder_feature,CYST_PA19.nii.gz,foreground,confidence_rank,4,0.5736450144255612,0.2868058689904812,0.6767826595662759,0.7952728138195276,0.074888628362779,case_patch_macro
final_decoder_feature,CYST_PA19.nii.gz,overall,confidence_rank,4,0.996964278044524,0.5000000702776044,0.8630358415130175,0.9998219020562338,0.12581445606392835,case_patch_macro
final_decoder_feature,CYST_PA19.nii.gz,background,gamma_joint_product,4,0.9984570808017302,0.28765283392215946,0.9725897472061072,0.9998413624578734,0.07620045174436225,case_patch_macro
final_decoder_feature,CYST_PA19.nii.gz,foreground,gamma_joint_product,4,0.5736450144255612,0.19705684548071473,0.7522503493512659,0.8473195384895993,0.18675001718713105,case_patch_macro
final_decoder_feature,CYST_PA19.nii.gz,overall,gamma_joint_product,4,0.996964278044524,0.28662547517847903,0.8602976521478394,0.9998118575326331,0.12359615452326678,case_patch_macro
final_decoder_feature,CYST_PA19.nii.gz,background,gamma_world_stability,4,0.9984570808017302,0.5002485666711122,0.9101471575951842,0.9995616114576058,0.07061755218840886,case_patch_macro
final_decoder_feature,CYST_PA19.nii.gz,foreground,gamma_world_stability,4,0.5736450144255612,0.406563692561254,0.7522519610073438,0.8530933124457523,0.20831640712285246,case_patch_macro
final_decoder_feature,CYST_PA19.nii.gz,overall,gamma_world_stability,4,0.996964278044524,0.4999999432308776,0.8355128260499702,0.9995274731565247,0.12853614165043595,case_patch_macro
final_decoder_feature,CYST_PA19.nii.gz,background,pairwise_joint_product,4,0.9984570808017302,0.29339507599205317,0.9901344420278667,0.9999500532080093,0.07793588549281237,case_patch_macro
final_decoder_feature,CYST_PA19.nii.gz,foreground,pairwise_joint_product,4,0.5736450144255612,0.14978572338727222,0.699907217974587,0.7989442750036263,0.10251508631719014,case_patch_macro
final_decoder_feature,CYST_PA19.nii.gz,overall,pairwise_joint_product,4,0.996964278044524,0.29105807195961375,0.8667365309095411,0.9999122362202213,0.1227006704846157,case_patch_macro
final_decoder_feature,CYST_PA19.nii.gz,background,pairwise_world_stability,4,0.9984570808017302,0.5038988673258109,0.9778310561188622,0.9998524546342283,0.0766272074524547,case_patch_macro
final_decoder_feature,CYST_PA19.nii.gz,foreground,pairwise_world_stability,4,0.5736450144255612,0.26099758669576956,0.6706122174160282,0.7787911686406036,0.060243208666857985,case_patch_macro
final_decoder_feature,CYST_PA19.nii.gz,overall,pairwise_world_stability,4,0.996964278044524,0.4999999238391642,0.8612434218577459,0.9998166676846698,0.12285207542037996,case_patch_macro
final_decoder_stage_input,CYST_PA19.nii.gz,background,blur_joint_product,4,0.9984570808017302,0.29096809998721673,0.9886234460777311,0.9999474691547976,0.07802178997112394,case_patch_macro
final_decoder_stage_input,CYST_PA19.nii.gz,foreground,blur_joint_product,4,0.5736450144255612,0.1509461143724154,0.7049767242851727,0.8040275615697298,0.11127280715774518,case_patch_macro
final_decoder_stage_input,CYST_PA19.nii.gz,overall,blur_joint_product,4,0.996964278044524,0.28871749171188654,0.8660200495109562,0.9999092014787805,0.12334149171217941,case_patch_macro
final_decoder_stage_input,CYST_PA19.nii.gz,background,blur_world_stability,4,0.9984570808017302,0.5035466548304225,0.9626558284140255,0.9997659244896215,0.07501131687366758,case_patch_macro
final_decoder_stage_input,CYST_PA19.nii.gz,foreground,blur_world_stability,4,0.5736450144255612,0.2754068560202456,0.6696260196884612,0.7855364313947674,0.06211866869770364,case_patch_macro
final_decoder_stage_input,CYST_PA19.nii.gz,overall,blur_world_stability,4,0.996964278044524,0.4999999353958102,0.854723416498177,0.9997294138846744,0.12312103917084312,case_patch_macro
final_decoder_stage_input,CYST_PA19.nii.gz,background,confidence_rank,4,0.9984570808017302,0.5032519870228751,0.9795554818138711,0.9998540688253471,0.07794768533496574,case_patch_macro
final_decoder_stage_input,CYST_PA19.nii.gz,foreground,confidence_rank,4,0.5736450144255612,0.2868058689904812,0.6767826595662759,0.7952728138195276,0.074888628362779,case_patch_macro
final_decoder_stage_input,CYST_PA19.nii.gz,overall,confidence_rank,4,0.996964278044524,0.5000000702776044,0.8630358415130175,0.9998219020562338,0.12581445606392835,case_patch_macro
final_decoder_stage_input,CYST_PA19.nii.gz,background,gamma_joint_product,4,0.9984570808017302,0.28765283392215946,0.9725897472061072,0.9998413624578734,0.07620045174436225,case_patch_macro
final_decoder_stage_input,CYST_PA19.nii.gz,foreground,gamma_joint_product,4,0.5736450144255612,0.19705684548071473,0.7522503493512659,0.8473195384895993,0.18675001718713105,case_patch_macro
final_decoder_stage_input,CYST_PA19.nii.gz,overall,gamma_joint_product,4,0.996964278044524,0.28662547517847903,0.8602976521478394,0.9998118575326331,0.12359615452326678,case_patch_macro
final_decoder_stage_input,CYST_PA19.nii.gz,background,gamma_world_stability,4,0.9984570808017302,0.5002485666711122,0.9101471575951842,0.9995616114576058,0.07061755218840886,case_patch_macro
final_decoder_stage_input,CYST_PA19.nii.gz,foreground,gamma_world_stability,4,0.5736450144255612,0.406563692561254,0.7522519610073438,0.8530933124457523,0.20831640712285246,case_patch_macro
final_decoder_stage_input,CYST_PA19.nii.gz,overall,gamma_world_stability,4,0.996964278044524,0.4999999432308776,0.8355128260499702,0.9995274731565247,0.12853614165043595,case_patch_macro
final_decoder_stage_input,CYST_PA19.nii.gz,background,pairwise_joint_product,4,0.9984570808017302,0.29339507599205317,0.9901344420278667,0.9999500532080093,0.07793588549281237,case_patch_macro
final_decoder_stage_input,CYST_PA19.nii.gz,foreground,pairwise_joint_product,4,0.5736450144255612,0.14978572338727222,0.699907217974587,0.7989442750036263,0.10251508631719014,case_patch_macro
final_decoder_stage_input,CYST_PA19.nii.gz,overall,pairwise_joint_product,4,0.996964278044524,0.29105807195961375,0.8667365309095411,0.9999122362202213,0.1227006704846157,case_patch_macro
final_decoder_stage_input,CYST_PA19.nii.gz,background,pairwise_world_stability,4,0.9984570808017302,0.5038988673258109,0.9778310561188622,0.9998524546342283,0.0766272074524547,case_patch_macro
final_decoder_stage_input,CYST_PA19.nii.gz,foreground,pairwise_world_stability,4,0.5736450144255612,0.26099758669576956,0.6706122174160282,0.7787911686406036,0.060243208666857985,case_patch_macro
final_decoder_stage_input,CYST_PA19.nii.gz,overall,pairwise_world_stability,4,0.996964278044524,0.4999999238391642,0.8612434218577459,0.9998166676846698,0.12285207542037996,case_patch_macro
full_voxtell_reference,CYST_PA19.nii.gz,background,blur_joint_product,4,0.9984570808017302,0.29140358558290574,0.9881203273059089,0.999941603684335,0.07841752259408946,case_patch_macro
full_voxtell_reference,CYST_PA19.nii.gz,foreground,blur_joint_product,4,0.5736450144255612,0.16032300644340386,0.7000979922928877,0.7961039351878201,0.101607290218677,case_patch_macro
full_voxtell_reference,CYST_PA19.nii.gz,overall,blur_joint_product,4,0.996964278044524,0.2894053019407121,0.8656955398554006,0.9999038164916256,0.12446520338452653,case_patch_macro
full_voxtell_reference,CYST_PA19.nii.gz,background,blur_world_stability,4,0.9984570808017302,0.5032683877346545,0.963039421755762,0.9997613145701102,0.07534329682386198,case_patch_macro
full_voxtell_reference,CYST_PA19.nii.gz,foreground,blur_world_stability,4,0.5736450144255612,0.2841885618064847,0.662854043268532,0.7756310438164403,0.047194350957861377,case_patch_macro
full_voxtell_reference,CYST_PA19.nii.gz,overall,blur_world_stability,4,0.996964278044524,0.4999999318250477,0.8544394882172287,0.999725332117731,0.123877106869903,case_patch_macro
full_voxtell_reference,CYST_PA19.nii.gz,background,confidence_rank,4,0.9984570808017302,0.5032519870228751,0.9795554818138711,0.9998540688253471,0.07794768533496574,case_patch_macro
full_voxtell_reference,CYST_PA19.nii.gz,foreground,confidence_rank,4,0.5736450144255612,0.2868058689904812,0.6767826595662759,0.7952728138195276,0.074888628362779,case_patch_macro
full_voxtell_reference,CYST_PA19.nii.gz,overall,confidence_rank,4,0.996964278044524,0.5000000702776044,0.8630358415130175,0.9998219020562338,0.12581445606392835,case_patch_macro
full_voxtell_reference,CYST_PA19.nii.gz,background,gamma_joint_product,4,0.9984570808017302,0.286688754838153,0.9724820763745233,0.9998374833912315,0.07603306736207681,case_patch_macro
full_voxtell_reference,CYST_PA19.nii.gz,foreground,gamma_joint_product,4,0.5736450144255612,0.19668258283856116,0.7505060838823749,0.8453253666639151,0.18404431621595987,case_patch_macro
full_voxtell_reference,CYST_PA19.nii.gz,overall,gamma_joint_product,4,0.996964278044524,0.28567825178319217,0.8601807543775614,0.9998083896897343,0.12320280936778905,case_patch_macro
full_voxtell_reference,CYST_PA19.nii.gz,background,gamma_world_stability,4,0.9984570808017302,0.5003600015221763,0.9122167378886991,0.9995687103957902,0.07067183788983313,case_patch_macro
full_voxtell_reference,CYST_PA19.nii.gz,foreground,gamma_world_stability,4,0.5736450144255612,0.40232554956952193,0.7509106976514391,0.8510365720598111,0.205821660576079,case_patch_macro
full_voxtell_reference,CYST_PA19.nii.gz,overall,gamma_world_stability,4,0.996964278044524,0.4999999287792089,0.8358504107438891,0.9995322816016685,0.12782934324638537,case_patch_macro
full_voxtell_reference,CYST_PA19.nii.gz,background,pairwise_joint_product,4,0.9984570808017302,0.29341909114461906,0.989579138156412,0.9999438091455592,0.07815792547247812,case_patch_macro
full_voxtell_reference,CYST_PA19.nii.gz,foreground,pairwise_joint_product,4,0.5736450144255612,0.15966831849785706,0.6955677566910256,0.7914493388842261,0.09378040034729229,case_patch_macro
full_voxtell_reference,CYST_PA19.nii.gz,overall,pairwise_joint_product,4,0.996964278044524,0.29135514851238,0.8664051768300349,0.9999066485826196,0.12341172671684249,case_patch_macro
full_voxtell_reference,CYST_PA19.nii.gz,background,pairwise_world_stability,4,0.9984570808017302,0.5036138569597554,0.9774448932846839,0.9998438876649838,0.07677200244998195,case_patch_macro
full_voxtell_reference,CYST_PA19.nii.gz,foreground,pairwise_world_stability,4,0.5736450144255612,0.27022734927967756,0.6641443430514405,0.7691806587009089,0.04599841957141676,case_patch_macro
full_voxtell_reference,CYST_PA19.nii.gz,overall,pairwise_world_stability,4,0.996964278044524,0.49999993197053527,0.8607074425167396,0.9998087640444364,0.12334217230581286,case_patch_macro
penultimate_decoder_stage_output,CYST_PA19.nii.gz,background,blur_joint_product,4,0.9984570808017302,0.29078459228603837,0.9846424901597474,0.9999197058613855,0.07748882938631121,case_patch_macro
penultimate_decoder_stage_output,CYST_PA19.nii.gz,foreground,blur_joint_product,4,0.5736450144255612,0.1713934187266776,0.7043363689969828,0.8063629179027024,0.11337518046898976,case_patch_macro
penultimate_decoder_stage_output,CYST_PA19.nii.gz,overall,blur_joint_product,4,0.996964278044524,0.2890749226483492,0.8645708481285166,0.9998834461815131,0.12309768590783941,case_patch_macro
penultimate_decoder_stage_output,CYST_PA19.nii.gz,background,blur_world_stability,4,0.9984570808017302,0.5029224407603913,0.9540656588003881,0.9997223621494427,0.0738221947869731,case_patch_macro
penultimate_decoder_stage_output,CYST_PA19.nii.gz,foreground,blur_world_stability,4,0.5736450144255612,0.29899831309760216,0.6697027129647526,0.7905599439197428,0.06850659593184681,case_patch_macro
penultimate_decoder_stage_output,CYST_PA19.nii.gz,overall,blur_world_stability,4,0.996964278044524,0.4999999302870143,0.8515526841155912,0.9996876281212705,0.12253297685490334,case_patch_macro
penultimate_decoder_stage_output,CYST_PA19.nii.gz,background,confidence_rank,4,0.9984570808017302,0.5032519870228751,0.9795554818138711,0.9998540688253471,0.07794768533496574,case_patch_macro
penultimate_decoder_stage_output,CYST_PA19.nii.gz,foreground,confidence_rank,4,0.5736450144255612,0.2868058689904812,0.6767826595662759,0.7952728138195276,0.074888628362779,case_patch_macro
penultimate_decoder_stage_output,CYST_PA19.nii.gz,overall,confidence_rank,4,0.996964278044524,0.5000000702776044,0.8630358415130175,0.9998219020562338,0.12581445606392835,case_patch_macro
penultimate_decoder_stage_output,CYST_PA19.nii.gz,background,gamma_joint_product,4,0.9984570808017302,0.28776643632236765,0.9721523820509607,0.999838730947989,0.0761562770664591,case_patch_macro
penultimate_decoder_stage_output,CYST_PA19.nii.gz,foreground,gamma_joint_product,4,0.5736450144255612,0.195160705119679,0.7586220135846459,0.8529055723261489,0.1979521346151052,case_patch_macro
penultimate_decoder_stage_output,CYST_PA19.nii.gz,overall,gamma_joint_product,4,0.996964278044524,0.2866852070523642,0.8601129739049738,0.999809370878058,0.12363769029845911,case_patch_macro
penultimate_decoder_stage_output,CYST_PA19.nii.gz,background,gamma_world_stability,4,0.9984570808017302,0.5002770164062158,0.9059659441675557,0.9995460686158764,0.0700632894531726,case_patch_macro
penultimate_decoder_stage_output,CYST_PA19.nii.gz,foreground,gamma_world_stability,4,0.5736450144255612,0.40672443039742023,0.7579070636211958,0.8583175409322621,0.21865803417080332,case_patch_macro
penultimate_decoder_stage_output,CYST_PA19.nii.gz,overall,gamma_world_stability,4,0.996964278044524,0.49999992683583555,0.8341035183954563,0.9995118108747029,0.12848875018110087,case_patch_macro
penultimate_decoder_stage_output,CYST_PA19.nii.gz,background,pairwise_joint_product,4,0.9984570808017302,0.2933180889147662,0.9862672080605672,0.9999220720050894,0.07743757500995627,case_patch_macro
penultimate_decoder_stage_output,CYST_PA19.nii.gz,foreground,pairwise_joint_product,4,0.5736450144255612,0.16825640270235512,0.6993200805230136,0.8019056223145377,0.10512675625729162,case_patch_macro
penultimate_decoder_stage_output,CYST_PA19.nii.gz,overall,pairwise_joint_product,4,0.996964278044524,0.2914688337961814,0.8653351539821382,0.9998864754736003,0.12251573860746605,case_patch_macro
penultimate_decoder_stage_output,CYST_PA19.nii.gz,background,pairwise_world_stability,4,0.9984570808017302,0.5033352966090132,0.9703387623516156,0.9998047433080997,0.07555111451329342,case_patch_macro
penultimate_decoder_stage_output,CYST_PA19.nii.gz,foreground,pairwise_world_stability,4,0.5736450144255612,0.2823632800412257,0.6692641937603994,0.784580924577607,0.06540203087126222,case_patch_macro
penultimate_decoder_stage_output,CYST_PA19.nii.gz,overall,pairwise_world_stability,4,0.996964278044524,0.4999999338904933,0.8584037527154198,0.9997713474148074,0.12228731382368763,case_patch_macro
decoder_stage_1_low_to_high,HEM_PA13.nii.gz,background,blur_joint_product,4,0.9980366684825064,0.2958051153731357,0.9828488259200947,0.9998683799427915,0.09267708943479647,case_patch_macro
decoder_stage_1_low_to_high,HEM_PA13.nii.gz,foreground,blur_joint_product,4,0.8807749040629896,0.03494990995059478,0.7903284243036778,0.9627365940488649,0.31296425633584196,case_patch_macro
decoder_stage_1_low_to_high,HEM_PA13.nii.gz,overall,blur_joint_product,4,0.9959641209355107,0.288763477795003,0.9841174573332481,0.999830966219085,0.12910962322731576,case_patch_macro
decoder_stage_1_low_to_high,HEM_PA13.nii.gz,background,blur_world_stability,4,0.9980366684825064,0.5090403606664973,0.9613801740904279,0.99963834070814,0.09129939649421881,case_patch_macro
decoder_stage_1_low_to_high,HEM_PA13.nii.gz,foreground,blur_world_stability,4,0.8807749040629896,0.14659050012403965,0.7326771742031347,0.9509456911720401,0.24789921515030613,case_patch_macro
decoder_stage_1_low_to_high,HEM_PA13.nii.gz,overall,blur_world_stability,4,0.9959641209355107,0.4999999403642893,0.9705504480259961,0.9995958707358852,0.12906081387652676,case_patch_macro
decoder_stage_1_low_to_high,HEM_PA13.nii.gz,background,confidence_rank,4,0.9980366684825064,0.5104257539795883,0.9736349558233766,0.9997575186191776,0.09335923010589943,case_patch_macro
decoder_stage_1_low_to_high,HEM_PA13.nii.gz,foreground,confidence_rank,4,0.8807749040629896,0.10575799200329293,0.7762318715862158,0.9572275552938746,0.29264069162191325,case_patch_macro
decoder_stage_1_low_to_high,HEM_PA13.nii.gz,overall,confidence_rank,4,0.9959641209355107,0.5000000692328752,0.9815281197015319,0.9997300733607419,0.13098569531009796,case_patch_macro
decoder_stage_1_low_to_high,HEM_PA13.nii.gz,background,gamma_joint_product,4,0.9980366684825064,0.29212041618210605,0.9663126786118245,0.9997625203065096,0.09103114760517063,case_patch_macro
decoder_stage_1_low_to_high,HEM_PA13.nii.gz,foreground,gamma_joint_product,4,0.8807749040629896,0.062119581722904216,0.833864296101808,0.9736969276433517,0.36844701594504264,case_patch_macro
decoder_stage_1_low_to_high,HEM_PA13.nii.gz,overall,gamma_joint_product,4,0.9959641209355107,0.285645113230995,0.9777447006737535,0.9997349832336818,0.12905577968498586,case_patch_macro
decoder_stage_1_low_to_high,HEM_PA13.nii.gz,background,gamma_world_stability,4,0.9980366684825064,0.5057439840169695,0.8895164277910803,0.999299128833171,0.08620925455298904,case_patch_macro
decoder_stage_1_low_to_high,HEM_PA13.nii.gz,foreground,gamma_world_stability,4,0.8807749040629896,0.28163405561973187,0.8221223474298163,0.9726822262997863,0.37413424633189024,case_patch_macro
decoder_stage_1_low_to_high,HEM_PA13.nii.gz,overall,gamma_world_stability,4,0.9959641209355107,0.4999999256752845,0.937336093157283,0.9992799601459582,0.13093669732708793,case_patch_macro
decoder_stage_1_low_to_high,HEM_PA13.nii.gz,background,pairwise_joint_product,4,0.9980366684825064,0.29857675636021536,0.9845965817793481,0.9998723662851923,0.09267688818134646,case_patch_macro
decoder_stage_1_low_to_high,HEM_PA13.nii.gz,foreground,pairwise_joint_product,4,0.8807749040629896,0.03417846074392699,0.790674305034802,0.9616345789654734,0.3121955616885384,case_patch_macro
decoder_stage_1_low_to_high,HEM_PA13.nii.gz,overall,pairwise_joint_product,4,0.9959641209355107,0.29139670103506327,0.9851812437663511,0.9998362542638625,0.12898466890271298,case_patch_macro
decoder_stage_1_low_to_high,HEM_PA13.nii.gz,background,pairwise_world_stability,4,0.9980366684825064,0.5097539527147532,0.974492379544075,0.9997549056897242,0.09269750300737911,case_patch_macro
decoder_stage_1_low_to_high,HEM_PA13.nii.gz,foreground,pairwise_world_stability,4,0.8807749040629896,0.12011419190309387,0.7494406166505367,0.9530483296710394,0.26534786544112354,case_patch_macro
decoder_stage_1_low_to_high,HEM_PA13.nii.gz,overall,pairwise_world_stability,4,0.9959641209355107,0.49999993226925377,0.9781612813827034,0.9997167147449497,0.12961039361857696,case_patch_macro
final_decoder_feature,HEM_PA13.nii.gz,background,blur_joint_product,4,0.9980366684825064,0.29745976029731985,0.9847888020035861,0.9998884459197701,0.09272645957212071,case_patch_macro
final_decoder_feature,HEM_PA13.nii.gz,foreground,blur_joint_product,4,0.8807749040629896,0.02444278109011995,0.7914182326598381,0.9603422415472652,0.3078833808139739,case_patch_macro
final_decoder_feature,HEM_PA13.nii.gz,overall,blur_joint_product,4,0.9959641209355107,0.2901701735304576,0.9858755813771758,0.9998531993837438,0.12913008131342305,case_patch_macro
final_decoder_feature,HEM_PA13.nii.gz,background,blur_world_stability,4,0.9980366684825064,0.5096458976956845,0.9720297486932372,0.9997555299111459,0.09223947981418046,case_patch_macro
final_decoder_feature,HEM_PA13.nii.gz,foreground,blur_world_stability,4,0.8807749040629896,0.112008354735255,0.7340707041988644,0.9443817819511833,0.23682979099737925,case_patch_macro
final_decoder_feature,HEM_PA13.nii.gz,overall,blur_world_stability,4,0.9959641209355107,0.4999999332479753,0.9779671153310924,0.999715364606863,0.12927998463645382,case_patch_macro
final_decoder_feature,HEM_PA13.nii.gz,background,confidence_rank,4,0.9980366684825064,0.5104257539795883,0.9736349558233766,0.9997575186191776,0.09335923010589943,case_patch_macro
final_decoder_feature,HEM_PA13.nii.gz,foreground,confidence_rank,4,0.8807749040629896,0.10575799200329293,0.7762318715862158,0.9572275552938746,0.29264069162191325,case_patch_macro
final_decoder_feature,HEM_PA13.nii.gz,overall,confidence_rank,4,0.9959641209355107,0.5000000692328752,0.9815281197015319,0.9997300733607419,0.13098569531009796,case_patch_macro
final_decoder_feature,HEM_PA13.nii.gz,background,gamma_joint_product,4,0.9980366684825064,0.29365750920752687,0.9688997959809097,0.9997650387402883,0.09079433687227605,case_patch_macro
final_decoder_feature,HEM_PA13.nii.gz,foreground,gamma_joint_product,4,0.8807749040629896,0.06090931920044837,0.8240825905889416,0.9698193583238742,0.35328456849802015,case_patch_macro
final_decoder_feature,HEM_PA13.nii.gz,overall,gamma_joint_product,4,0.9959641209355107,0.28710309896674757,0.9792536704954301,0.9997389335491003,0.1285658350455843,case_patch_macro
final_decoder_feature,HEM_PA13.nii.gz,background,gamma_world_stability,4,0.9980366684825064,0.5072753525203224,0.9145406511051495,0.9993879530948772,0.08727271675328589,case_patch_macro
final_decoder_feature,HEM_PA13.nii.gz,foreground,gamma_world_stability,4,0.8807749040629896,0.22369443326821647,0.8227284836283242,0.9705580903367558,0.36068741736160964,case_patch_macro
final_decoder_feature,HEM_PA13.nii.gz,overall,gamma_world_stability,4,0.9959641209355107,0.4999999341424423,0.9533779641340122,0.999374826612794,0.12979368537975228,case_patch_macro
final_decoder_feature,HEM_PA13.nii.gz,background,pairwise_joint_product,4,0.9980366684825064,0.29987081389998005,0.9859054966377423,0.9998915102072925,0.09210013142474498,case_patch_macro
final_decoder_feature,HEM_PA13.nii.gz,foreground,pairwise_joint_product,4,0.8807749040629896,0.02375430064124007,0.7920415299689499,0.9592603050654901,0.30811520886014115,case_patch_macro
final_decoder_feature,HEM_PA13.nii.gz,overall,pairwise_joint_product,4,0.9959641209355107,0.2924617950706545,0.9864819204904909,0.9998568426973713,0.12832700473408323,case_patch_macro
final_decoder_feature,HEM_PA13.nii.gz,background,pairwise_world_stability,4,0.9980366684825064,0.510340565987167,0.980173669460676,0.9998174778555825,0.09213491381933353,case_patch_macro
final_decoder_feature,HEM_PA13.nii.gz,foreground,pairwise_world_stability,4,0.8807749040629896,0.08497735136540192,0.7541129263696208,0.9470407005860623,0.2601458852240257,case_patch_macro
final_decoder_feature,HEM_PA13.nii.gz,overall,pairwise_world_stability,4,0.9959641209355107,0.4999999304734565,0.9825223118817609,0.999779632125349,0.128562784344989,case_patch_macro
final_decoder_stage_input,HEM_PA13.nii.gz,background,blur_joint_product,4,0.9980366684825064,0.29745976029731985,0.9847888020035861,0.9998884459197701,0.09272645957212071,case_patch_macro
final_decoder_stage_input,HEM_PA13.nii.gz,foreground,blur_joint_product,4,0.8807749040629896,0.02444278109011995,0.7914182326598381,0.9603422415472652,0.3078833808139739,case_patch_macro
final_decoder_stage_input,HEM_PA13.nii.gz,overall,blur_joint_product,4,0.9959641209355107,0.2901701735304576,0.9858755813771758,0.9998531993837438,0.12913008131342305,case_patch_macro
final_decoder_stage_input,HEM_PA13.nii.gz,background,blur_world_stability,4,0.9980366684825064,0.5096458976956845,0.9720297486932372,0.9997555299111459,0.09223947981418046,case_patch_macro
final_decoder_stage_input,HEM_PA13.nii.gz,foreground,blur_world_stability,4,0.8807749040629896,0.112008354735255,0.7340707041988644,0.9443817819511833,0.23682979099737925,case_patch_macro
final_decoder_stage_input,HEM_PA13.nii.gz,overall,blur_world_stability,4,0.9959641209355107,0.4999999332479753,0.9779671153310924,0.999715364606863,0.12927998463645382,case_patch_macro
final_decoder_stage_input,HEM_PA13.nii.gz,background,confidence_rank,4,0.9980366684825064,0.5104257539795883,0.9736349558233766,0.9997575186191776,0.09335923010589943,case_patch_macro
final_decoder_stage_input,HEM_PA13.nii.gz,foreground,confidence_rank,4,0.8807749040629896,0.10575799200329293,0.7762318715862158,0.9572275552938746,0.29264069162191325,case_patch_macro
final_decoder_stage_input,HEM_PA13.nii.gz,overall,confidence_rank,4,0.9959641209355107,0.5000000692328752,0.9815281197015319,0.9997300733607419,0.13098569531009796,case_patch_macro
final_decoder_stage_input,HEM_PA13.nii.gz,background,gamma_joint_product,4,0.9980366684825064,0.29365750920752687,0.9688997959809097,0.9997650387402883,0.09079433687227605,case_patch_macro
final_decoder_stage_input,HEM_PA13.nii.gz,foreground,gamma_joint_product,4,0.8807749040629896,0.06090931920044837,0.8240825905889416,0.9698193583238742,0.35328456849802015,case_patch_macro
final_decoder_stage_input,HEM_PA13.nii.gz,overall,gamma_joint_product,4,0.9959641209355107,0.28710309896674757,0.9792536704954301,0.9997389335491003,0.1285658350455843,case_patch_macro
final_decoder_stage_input,HEM_PA13.nii.gz,background,gamma_world_stability,4,0.9980366684825064,0.5072753525203224,0.9145406511051495,0.9993879530948772,0.08727271675328589,case_patch_macro
final_decoder_stage_input,HEM_PA13.nii.gz,foreground,gamma_world_stability,4,0.8807749040629896,0.22369443326821647,0.8227284836283242,0.9705580903367558,0.36068741736160964,case_patch_macro
final_decoder_stage_input,HEM_PA13.nii.gz,overall,gamma_world_stability,4,0.9959641209355107,0.4999999341424423,0.9533779641340122,0.999374826612794,0.12979368537975228,case_patch_macro
final_decoder_stage_input,HEM_PA13.nii.gz,background,pairwise_joint_product,4,0.9980366684825064,0.29987081389998005,0.9859054966377423,0.9998915102072925,0.09210013142474498,case_patch_macro
final_decoder_stage_input,HEM_PA13.nii.gz,foreground,pairwise_joint_product,4,0.8807749040629896,0.02375430064124007,0.7920415299689499,0.9592603050654901,0.30811520886014115,case_patch_macro
final_decoder_stage_input,HEM_PA13.nii.gz,overall,pairwise_joint_product,4,0.9959641209355107,0.2924617950706545,0.9864819204904909,0.9998568426973713,0.12832700473408323,case_patch_macro
final_decoder_stage_input,HEM_PA13.nii.gz,background,pairwise_world_stability,4,0.9980366684825064,0.510340565987167,0.980173669460676,0.9998174778555825,0.09213491381933353,case_patch_macro
final_decoder_stage_input,HEM_PA13.nii.gz,foreground,pairwise_world_stability,4,0.8807749040629896,0.08497735136540192,0.7541129263696208,0.9470407005860623,0.2601458852240257,case_patch_macro
final_decoder_stage_input,HEM_PA13.nii.gz,overall,pairwise_world_stability,4,0.9959641209355107,0.4999999304734565,0.9825223118817609,0.999779632125349,0.128562784344989,case_patch_macro
full_voxtell_reference,HEM_PA13.nii.gz,background,blur_joint_product,4,0.9980366684825064,0.2963882613404646,0.9844561663246431,0.9998868573117686,0.0930841950026809,case_patch_macro
full_voxtell_reference,HEM_PA13.nii.gz,foreground,blur_joint_product,4,0.8807749040629896,0.02061917147626273,0.7961515462257692,0.9606217561565159,0.31180003201014195,case_patch_macro
full_voxtell_reference,HEM_PA13.nii.gz,overall,blur_joint_product,4,0.9959641209355107,0.2891732468685117,0.9857196331229919,0.999852101685863,0.1295812398743124,case_patch_macro
full_voxtell_reference,HEM_PA13.nii.gz,background,blur_world_stability,4,0.9980366684825064,0.5094222366213329,0.9696670802918467,0.9997151951749432,0.09216257890299902,case_patch_macro
full_voxtell_reference,HEM_PA13.nii.gz,foreground,blur_world_stability,4,0.8807749040629896,0.10936245549291888,0.7351948920612773,0.9411019972438641,0.2338783816198576,case_patch_macro
full_voxtell_reference,HEM_PA13.nii.gz,overall,blur_world_stability,4,0.9959641209355107,0.49999993838689194,0.9766602282208385,0.9996775974385596,0.12935519338302306,case_patch_macro
full_voxtell_reference,HEM_PA13.nii.gz,background,confidence_rank,4,0.9980366684825064,0.5104257539795883,0.9736349558233766,0.9997575186191776,0.09335923010589943,case_patch_macro
full_voxtell_reference,HEM_PA13.nii.gz,foreground,confidence_rank,4,0.8807749040629896,0.10575799200329293,0.7762318715862158,0.9572275552938746,0.29264069162191325,case_patch_macro
full_voxtell_reference,HEM_PA13.nii.gz,overall,confidence_rank,4,0.9959641209355107,0.5000000692328752,0.9815281197015319,0.9997300733607419,0.13098569531009796,case_patch_macro
full_voxtell_reference,HEM_PA13.nii.gz,background,gamma_joint_product,4,0.9980366684825064,0.29734579161699815,0.9675202964169767,0.9997423592392558,0.08868455747379006,case_patch_macro
full_voxtell_reference,HEM_PA13.nii.gz,foreground,gamma_joint_product,4,0.8807749040629896,0.062013442071316725,0.8268598233717728,0.970354513674387,0.3570905626712288,case_patch_macro
full_voxtell_reference,HEM_PA13.nii.gz,overall,gamma_joint_product,4,0.9959641209355107,0.29066743651467264,0.9786820755510598,0.9997180136655223,0.1262123673682833,case_patch_macro
full_voxtell_reference,HEM_PA13.nii.gz,background,gamma_world_stability,4,0.9980366684825064,0.5078004902585678,0.914477414599383,0.9993149297286695,0.08149854624332219,case_patch_macro
full_voxtell_reference,HEM_PA13.nii.gz,foreground,gamma_world_stability,4,0.8807749040629896,0.21316832512322625,0.8269866933303825,0.9712657206786265,0.36669814867748834,case_patch_macro
full_voxtell_reference,HEM_PA13.nii.gz,overall,gamma_world_stability,4,0.9959641209355107,0.49999993924216224,0.9529477750854669,0.9993096672484926,0.12279100903629597,case_patch_macro
full_voxtell_reference,HEM_PA13.nii.gz,background,pairwise_joint_product,4,0.9980366684825064,0.2994897897046103,0.9855500702407544,0.9998885449262067,0.09106649294910518,case_patch_macro
full_voxtell_reference,HEM_PA13.nii.gz,foreground,pairwise_joint_product,4,0.8807749040629896,0.01983366915136199,0.7990303646239366,0.9601429498862296,0.3147789880325726,case_patch_macro
full_voxtell_reference,HEM_PA13.nii.gz,overall,pairwise_joint_product,4,0.9959641209355107,0.2921229602122587,0.9864205295097396,0.9998548474706124,0.12719059366908395,case_patch_macro
full_voxtell_reference,HEM_PA13.nii.gz,background,pairwise_world_stability,4,0.9980366684825064,0.5102662806582947,0.9789633894188644,0.9997996890319715,0.09048459823552145,case_patch_macro
full_voxtell_reference,HEM_PA13.nii.gz,foreground,pairwise_world_stability,4,0.8807749040629896,0.07917851926359055,0.7628180539224992,0.9457015823902375,0.2668377293878996,case_patch_macro
full_voxtell_reference,HEM_PA13.nii.gz,overall,pairwise_world_stability,4,0.9959641209355107,0.49999992485460454,0.9821157257837622,0.9997641094342693,0.12678613589379154,case_patch_macro
penultimate_decoder_stage_output,HEM_PA13.nii.gz,background,blur_joint_product,4,0.9980366684825064,0.29726214346728275,0.9798369402268435,0.9998308121283742,0.09192509120861482,case_patch_macro
penultimate_decoder_stage_output,HEM_PA13.nii.gz,foreground,blur_joint_product,4,0.8807749040629896,0.03368411079661842,0.7919779116170426,0.9607581132961166,0.3088036007640917,case_patch_macro
penultimate_decoder_stage_output,HEM_PA13.nii.gz,overall,blur_joint_product,4,0.9959641209355107,0.29021157047453094,0.9837499721027143,0.9997988283501551,0.12868314129161323,case_patch_macro
penultimate_decoder_stage_output,HEM_PA13.nii.gz,background,blur_world_stability,4,0.9980366684825064,0.5091584518960821,0.9612575545945208,0.9996509841408181,0.09037551046616205,case_patch_macro
penultimate_decoder_stage_output,HEM_PA13.nii.gz,foreground,blur_world_stability,4,0.8807749040629896,0.12950924727333527,0.7430636138876552,0.9477373274064639,0.24812357046978048,case_patch_macro
penultimate_decoder_stage_output,HEM_PA13.nii.gz,overall,blur_world_stability,4,0.9959641209355107,0.49999993895299133,0.9729877020219063,0.9996179407026354,0.12818011303206447,case_patch_macro
penultimate_decoder_stage_output,HEM_PA13.nii.gz,background,confidence_rank,4,0.9980366684825064,0.5104257539795883,0.9736349558233766,0.9997575186191776,0.09335923010589943,case_patch_macro
penultimate_decoder_stage_output,HEM_PA13.nii.gz,foreground,confidence_rank,4,0.8807749040629896,0.10575799200329293,0.7762318715862158,0.9572275552938746,0.29264069162191325,case_patch_macro
penultimate_decoder_stage_output,HEM_PA13.nii.gz,overall,confidence_rank,4,0.9959641209355107,0.5000000692328752,0.9815281197015319,0.9997300733607419,0.13098569531009796,case_patch_macro
penultimate_decoder_stage_output,HEM_PA13.nii.gz,background,gamma_joint_product,4,0.9980366684825064,0.2933215651751835,0.966425591938036,0.9997438001262432,0.09045823181663241,case_patch_macro
penultimate_decoder_stage_output,HEM_PA13.nii.gz,foreground,gamma_joint_product,4,0.8807749040629896,0.06151472001842869,0.8291882010193498,0.9712392030963386,0.35957253996768196,case_patch_macro
penultimate_decoder_stage_output,HEM_PA13.nii.gz,overall,gamma_joint_product,4,0.9959641209355107,0.28679900761691074,0.9784065882144376,0.9997194318713871,0.12844248413631718,case_patch_macro
penultimate_decoder_stage_output,HEM_PA13.nii.gz,background,gamma_world_stability,4,0.9980366684825064,0.5068494779400693,0.9078028757778447,0.9993504422766268,0.0864054878900337,case_patch_macro
penultimate_decoder_stage_output,HEM_PA13.nii.gz,foreground,gamma_world_stability,4,0.8807749040629896,0.23941509464886054,0.8287160810365147,0.9720579569220789,0.3693679360972612,case_patch_macro
penultimate_decoder_stage_output,HEM_PA13.nii.gz,overall,gamma_world_stability,4,0.9959641209355107,0.49999993734357734,0.9504403921231054,0.9993414632223498,0.1295105022487231,case_patch_macro
penultimate_decoder_stage_output,HEM_PA13.nii.gz,background,pairwise_joint_product,4,0.9980366684825064,0.29969323035485085,0.9822944994193139,0.9998439623207416,0.09157712459132215,case_patch_macro
penultimate_decoder_stage_output,HEM_PA13.nii.gz,foreground,pairwise_joint_product,4,0.8807749040629896,0.032865360618975124,0.7934979897074924,0.9601459107213897,0.310191181737297,case_patch_macro
penultimate_decoder_stage_output,HEM_PA13.nii.gz,overall,pairwise_joint_product,4,0.9959641209355107,0.2925164392348585,0.984919851360836,0.999812430365452,0.1280776819694627,case_patch_macro
penultimate_decoder_stage_output,HEM_PA13.nii.gz,background,pairwise_world_stability,4,0.9980366684825064,0.5098960094357093,0.9728900764953133,0.9997353065554678,0.09094406650002279,case_patch_macro
penultimate_decoder_stage_output,HEM_PA13.nii.gz,foreground,pairwise_world_stability,4,0.8807749040629896,0.10269596489779635,0.7609735794130646,0.9504070780057593,0.26899284097120935,case_patch_macro
penultimate_decoder_stage_output,HEM_PA13.nii.gz,overall,pairwise_world_stability,4,0.9959641209355107,0.49999993442177293,0.9792141374301798,0.9997042083919285,0.12792046942729932,case_patch_macro
decoder_stage_1_low_to_high,HCC_10142924_20170911.nii.gz,background,blur_joint_product,4,0.9984749675642987,0.2991124235279527,0.9410920271010674,0.9998451789666345,0.09770303178410288,case_patch_macro
decoder_stage_1_low_to_high,HCC_10142924_20170911.nii.gz,foreground,blur_joint_product,4,0.771318977972928,0.16773897775674165,0.7259567133108331,0.7809354210370533,0.10166947601174119,case_patch_macro
decoder_stage_1_low_to_high,HCC_10142924_20170911.nii.gz,overall,blur_joint_product,4,0.997487915886773,0.29805365897355607,0.9628525103901028,0.9998156762991544,0.14886643583758838,case_patch_macro
decoder_stage_1_low_to_high,HCC_10142924_20170911.nii.gz,background,blur_world_stability,4,0.9984749675642987,0.5026488680328094,0.9082491373074818,0.9996835745324388,0.08878400162341317,case_patch_macro
decoder_stage_1_low_to_high,HCC_10142924_20170911.nii.gz,foreground,blur_world_stability,4,0.771318977972928,0.24395178256302236,0.7147396648612412,0.7805075778680003,0.10052793316810109,case_patch_macro
decoder_stage_1_low_to_high,HCC_10142924_20170911.nii.gz,overall,blur_world_stability,4,0.997487915886773,0.4999999323684687,0.9425306074929355,0.9996457731024624,0.1412612034365585,case_patch_macro
decoder_stage_1_low_to_high,HCC_10142924_20170911.nii.gz,background,confidence_rank,4,0.9984749675642987,0.5013815627912643,0.9382487579527556,0.9998204819749961,0.11575286010203448,case_patch_macro
decoder_stage_1_low_to_high,HCC_10142924_20170911.nii.gz,foreground,confidence_rank,4,0.771318977972928,0.31041095564851967,0.7214148459819615,0.7805479481246876,0.10396636007210698,case_patch_macro
decoder_stage_1_low_to_high,HCC_10142924_20170911.nii.gz,overall,confidence_rank,4,0.997487915886773,0.5000000726667775,0.9579884830660553,0.9997758751739508,0.17225994443964646,case_patch_macro
decoder_stage_1_low_to_high,HCC_10142924_20170911.nii.gz,background,gamma_joint_product,4,0.9984749675642987,0.2973671480030003,0.9328412086518634,0.9998162914725066,0.11085124073080431,case_patch_macro
decoder_stage_1_low_to_high,HCC_10142924_20170911.nii.gz,foreground,gamma_joint_product,4,0.771318977972928,0.2520142530497882,0.7304287448228103,0.7810122947537669,0.11050886354516878,case_patch_macro
decoder_stage_1_low_to_high,HCC_10142924_20170911.nii.gz,overall,gamma_joint_product,4,0.997487915886773,0.29793728322726154,0.9561504575295758,0.9997771441965038,0.16744373570658042,case_patch_macro
decoder_stage_1_low_to_high,HCC_10142924_20170911.nii.gz,background,gamma_world_stability,4,0.9984749675642987,0.4990441072359184,0.8579359126262349,0.9994834562422479,0.09839692689777141,case_patch_macro
decoder_stage_1_low_to_high,HCC_10142924_20170911.nii.gz,foreground,gamma_world_stability,4,0.771318977972928,0.43345436242082924,0.7222514415232507,0.7805648565631246,0.13068457262845823,case_patch_macro
decoder_stage_1_low_to_high,HCC_10142924_20170911.nii.gz,overall,gamma_world_stability,4,0.997487915886773,0.49999993937132947,0.9143435370985304,0.9994381165428994,0.1590502424455415,case_patch_macro
decoder_stage_1_low_to_high,HCC_10142924_20170911.nii.gz,background,pairwise_joint_product,4,0.9984749675642987,0.30254115057526143,0.9423556665145731,0.9998474107296735,0.09756524467416344,case_patch_macro
decoder_stage_1_low_to_high,HCC_10142924_20170911.nii.gz,foreground,pairwise_joint_product,4,0.771318977972928,0.16565816890806456,0.7269290036898914,0.7809239242369378,0.10119949741698803,case_patch_macro
decoder_stage_1_low_to_high,HCC_10142924_20170911.nii.gz,overall,pairwise_joint_product,4,0.997487915886773,0.3013644948654309,0.9636198699339216,0.999818154791322,0.14848389568352127,case_patch_macro
decoder_stage_1_low_to_high,HCC_10142924_20170911.nii.gz,background,pairwise_world_stability,4,0.9984749675642987,0.5029470527212325,0.9248710649017724,0.9997529208808791,0.09233794740786244,case_patch_macro
decoder_stage_1_low_to_high,HCC_10142924_20170911.nii.gz,foreground,pairwise_world_stability,4,0.771318977972928,0.2276959790379952,0.7195988922537504,0.7805230193790246,0.10035394151288095,case_patch_macro
decoder_stage_1_low_to_high,HCC_10142924_20170911.nii.gz,overall,pairwise_world_stability,4,0.997487915886773,0.4999999289876158,0.9526690021644335,0.9997209560611073,0.14428758064655747,case_patch_macro
final_decoder_feature,HCC_10142924_20170911.nii.gz,background,blur_joint_product,4,0.9984749675642987,0.29929077766764145,0.9586677757834285,0.99989336900285,0.09503712391117113,case_patch_macro
final_decoder_feature,HCC_10142924_20170911.nii.gz,foreground,blur_joint_product,4,0.771318977972928,0.10623539651248143,0.7043390745900282,0.7793519024673683,0.07514297641764374,case_patch_macro
final_decoder_feature,HCC_10142924_20170911.nii.gz,overall,blur_joint_product,4,0.997487915886773,0.2968739444153906,0.9763885033800275,0.9998863029037199,0.14044950485780788,case_patch_macro
final_decoder_feature,HCC_10142924_20170911.nii.gz,background,blur_world_stability,4,0.9984749675642987,0.5045108636705553,0.9435298678660433,0.9998132174663579,0.0917032706230166,case_patch_macro
final_decoder_feature,HCC_10142924_20170911.nii.gz,foreground,blur_world_stability,4,0.771318977972928,0.15242936046719846,0.65033342001936,0.7757927409312649,0.025583393558477753,case_patch_macro
final_decoder_feature,HCC_10142924_20170911.nii.gz,overall,blur_world_stability,4,0.997487915886773,0.49999992694701284,0.966322340260962,0.999801714021394,0.13763386268662384,case_patch_macro
final_decoder_feature,HCC_10142924_20170911.nii.gz,background,confidence_rank,4,0.9984749675642987,0.5013815627912643,0.9382487579527556,0.9998204819749961,0.11575286010203448,case_patch_macro
final_decoder_feature,HCC_10142924_20170911.nii.gz,foreground,confidence_rank,4,0.771318977972928,0.31041095564851967,0.7214148459819615,0.7805479481246876,0.10396636007210698,case_patch_macro
final_decoder_feature,HCC_10142924_20170911.nii.gz,overall,confidence_rank,4,0.997487915886773,0.5000000726667775,0.9579884830660553,0.9997758751739508,0.17225994443964646,case_patch_macro
final_decoder_feature,HCC_10142924_20170911.nii.gz,background,gamma_joint_product,4,0.9984749675642987,0.29796832893371683,0.9402632565784973,0.999835572081555,0.11175362149161444,case_patch_macro
final_decoder_feature,HCC_10142924_20170911.nii.gz,foreground,gamma_joint_product,4,0.771318977972928,0.2396799108204863,0.7203135604047372,0.7803431929724818,0.09900096217208969,case_patch_macro
final_decoder_feature,HCC_10142924_20170911.nii.gz,overall,gamma_joint_product,4,0.997487915886773,0.29829749600882244,0.9607899777264026,0.9998002749661805,0.16673832377930453,case_patch_macro
final_decoder_feature,HCC_10142924_20170911.nii.gz,background,gamma_world_stability,4,0.9984749675642987,0.5001166497895115,0.8973946801458836,0.9996136442848816,0.10370253922052419,case_patch_macro
final_decoder_feature,HCC_10142924_20170911.nii.gz,foreground,gamma_world_stability,4,0.771318977972928,0.37660014472346787,0.7059253426846841,0.7793076993430726,0.0993181804647272,case_patch_macro
final_decoder_feature,HCC_10142924_20170911.nii.gz,overall,gamma_world_stability,4,0.997487915886773,0.49999992127020165,0.9343071805280305,0.9995713259963641,0.16074579554789595,case_patch_macro
final_decoder_feature,HCC_10142924_20170911.nii.gz,background,pairwise_joint_product,4,0.9984749675642987,0.3023421559643289,0.9612166329640615,0.9999009513808417,0.09567851149898303,case_patch_macro
final_decoder_feature,HCC_10142924_20170911.nii.gz,foreground,pairwise_joint_product,4,0.771318977972928,0.10266157800508169,0.7066619109575949,0.7794925569762353,0.07698964287796398,case_patch_macro
final_decoder_feature,HCC_10142924_20170911.nii.gz,overall,pairwise_joint_product,4,0.997487915886773,0.2997856820703141,0.9778829214087985,0.9998944089173053,0.14069329633103572,case_patch_macro
final_decoder_feature,HCC_10142924_20170911.nii.gz,background,pairwise_world_stability,4,0.9984749675642987,0.504839595184535,0.956673456263179,0.9998702518603351,0.09476166796676483,case_patch_macro
final_decoder_feature,HCC_10142924_20170911.nii.gz,foreground,pairwise_world_stability,4,0.771318977972928,0.13584424509231993,0.6586509512216303,0.7764263547731594,0.031596523232151036,case_patch_macro
final_decoder_feature,HCC_10142924_20170911.nii.gz,overall,pairwise_world_stability,4,0.997487915886773,0.49999993596482756,0.9738441028683287,0.9998606433018177,0.1397164535455405,case_patch_macro
final_decoder_stage_input,HCC_10142924_20170911.nii.gz,background,blur_joint_product,4,0.9984749675642987,0.29929077766764145,0.9586677757834285,0.99989336900285,0.09503712391117113,case_patch_macro
final_decoder_stage_input,HCC_10142924_20170911.nii.gz,foreground,blur_joint_product,4,0.771318977972928,0.10623539651248143,0.7043390745900282,0.7793519024673683,0.07514297641764374,case_patch_macro
final_decoder_stage_input,HCC_10142924_20170911.nii.gz,overall,blur_joint_product,4,0.997487915886773,0.2968739444153906,0.9763885033800275,0.9998863029037199,0.14044950485780788,case_patch_macro
final_decoder_stage_input,HCC_10142924_20170911.nii.gz,background,blur_world_stability,4,0.9984749675642987,0.5045108636705553,0.9435298678660433,0.9998132174663579,0.0917032706230166,case_patch_macro
final_decoder_stage_input,HCC_10142924_20170911.nii.gz,foreground,blur_world_stability,4,0.771318977972928,0.15242936046719846,0.65033342001936,0.7757927409312649,0.025583393558477753,case_patch_macro
final_decoder_stage_input,HCC_10142924_20170911.nii.gz,overall,blur_world_stability,4,0.997487915886773,0.49999992694701284,0.966322340260962,0.999801714021394,0.13763386268662384,case_patch_macro
final_decoder_stage_input,HCC_10142924_20170911.nii.gz,background,confidence_rank,4,0.9984749675642987,0.5013815627912643,0.9382487579527556,0.9998204819749961,0.11575286010203448,case_patch_macro
final_decoder_stage_input,HCC_10142924_20170911.nii.gz,foreground,confidence_rank,4,0.771318977972928,0.31041095564851967,0.7214148459819615,0.7805479481246876,0.10396636007210698,case_patch_macro
final_decoder_stage_input,HCC_10142924_20170911.nii.gz,overall,confidence_rank,4,0.997487915886773,0.5000000726667775,0.9579884830660553,0.9997758751739508,0.17225994443964646,case_patch_macro
final_decoder_stage_input,HCC_10142924_20170911.nii.gz,background,gamma_joint_product,4,0.9984749675642987,0.29796832893371683,0.9402632565784973,0.999835572081555,0.11175362149161444,case_patch_macro
final_decoder_stage_input,HCC_10142924_20170911.nii.gz,foreground,gamma_joint_product,4,0.771318977972928,0.2396799108204863,0.7203135604047372,0.7803431929724818,0.09900096217208969,case_patch_macro
final_decoder_stage_input,HCC_10142924_20170911.nii.gz,overall,gamma_joint_product,4,0.997487915886773,0.29829749600882244,0.9607899777264026,0.9998002749661805,0.16673832377930453,case_patch_macro
final_decoder_stage_input,HCC_10142924_20170911.nii.gz,background,gamma_world_stability,4,0.9984749675642987,0.5001166497895115,0.8973946801458836,0.9996136442848816,0.10370253922052419,case_patch_macro
final_decoder_stage_input,HCC_10142924_20170911.nii.gz,foreground,gamma_world_stability,4,0.771318977972928,0.37660014472346787,0.7059253426846841,0.7793076993430726,0.0993181804647272,case_patch_macro
final_decoder_stage_input,HCC_10142924_20170911.nii.gz,overall,gamma_world_stability,4,0.997487915886773,0.49999992127020165,0.9343071805280305,0.9995713259963641,0.16074579554789595,case_patch_macro
final_decoder_stage_input,HCC_10142924_20170911.nii.gz,background,pairwise_joint_product,4,0.9984749675642987,0.3023421559643289,0.9612166329640615,0.9999009513808417,0.09567851149898303,case_patch_macro
final_decoder_stage_input,HCC_10142924_20170911.nii.gz,foreground,pairwise_joint_product,4,0.771318977972928,0.10266157800508169,0.7066619109575949,0.7794925569762353,0.07698964287796398,case_patch_macro
final_decoder_stage_input,HCC_10142924_20170911.nii.gz,overall,pairwise_joint_product,4,0.997487915886773,0.2997856820703141,0.9778829214087985,0.9998944089173053,0.14069329633103572,case_patch_macro
final_decoder_stage_input,HCC_10142924_20170911.nii.gz,background,pairwise_world_stability,4,0.9984749675642987,0.504839595184535,0.956673456263179,0.9998702518603351,0.09476166796676483,case_patch_macro
final_decoder_stage_input,HCC_10142924_20170911.nii.gz,foreground,pairwise_world_stability,4,0.771318977972928,0.13584424509231993,0.6586509512216303,0.7764263547731594,0.031596523232151036,case_patch_macro
final_decoder_stage_input,HCC_10142924_20170911.nii.gz,overall,pairwise_world_stability,4,0.997487915886773,0.49999993596482756,0.9738441028683287,0.9998606433018177,0.1397164535455405,case_patch_macro
full_voxtell_reference,HCC_10142924_20170911.nii.gz,background,blur_joint_product,4,0.9984749675642987,0.2949803884089637,0.9732766556814517,0.9999239355753561,0.060870542596792435,case_patch_macro
full_voxtell_reference,HCC_10142924_20170911.nii.gz,foreground,blur_joint_product,4,0.771318977972928,0.08309382886723207,0.7031847140722809,0.7791566307643463,0.07265803132478565,case_patch_macro
full_voxtell_reference,HCC_10142924_20170911.nii.gz,overall,blur_joint_product,4,0.997487915886773,0.29217831459084287,0.9837621890321381,0.9999178004925724,0.083346381552484,case_patch_macro
full_voxtell_reference,HCC_10142924_20170911.nii.gz,background,blur_world_stability,4,0.9984749675642987,0.5051506655862497,0.9572296422756943,0.9998378099494384,0.05876919316361166,case_patch_macro
full_voxtell_reference,HCC_10142924_20170911.nii.gz,foreground,blur_world_stability,4,0.771318977972928,0.12019876075073882,0.6500803108161125,0.7756239603313997,0.02489834184773739,case_patch_macro
full_voxtell_reference,HCC_10142924_20170911.nii.gz,overall,blur_world_stability,4,0.997487915886773,0.49999992507606644,0.9734350733940708,0.9998292086219466,0.0814680358871531,case_patch_macro
full_voxtell_reference,HCC_10142924_20170911.nii.gz,background,confidence_rank,4,0.9984749675642987,0.5013815627912643,0.9382487579527556,0.9998204819749961,0.11575286010203448,case_patch_macro
full_voxtell_reference,HCC_10142924_20170911.nii.gz,foreground,confidence_rank,4,0.771318977972928,0.31041095564851967,0.7214148459819615,0.7805479481246876,0.10396636007210698,case_patch_macro
full_voxtell_reference,HCC_10142924_20170911.nii.gz,overall,confidence_rank,4,0.997487915886773,0.5000000726667775,0.9579884830660553,0.9997758751739508,0.17225994443964646,case_patch_macro
full_voxtell_reference,HCC_10142924_20170911.nii.gz,background,gamma_joint_product,4,0.9984749675642987,0.2991382233070889,0.9400680133145045,0.9998315418463831,0.10238614945407701,case_patch_macro
full_voxtell_reference,HCC_10142924_20170911.nii.gz,foreground,gamma_joint_product,4,0.771318977972928,0.24687731498094295,0.7206735160262191,0.7804544650871286,0.10013103540256992,case_patch_macro
full_voxtell_reference,HCC_10142924_20170911.nii.gz,overall,gamma_joint_product,4,0.997487915886773,0.2996168536623745,0.9632810726239412,0.9998092648306998,0.15585264688691464,case_patch_macro
full_voxtell_reference,HCC_10142924_20170911.nii.gz,background,gamma_world_stability,4,0.9984749675642987,0.49983068108593043,0.8898014380680819,0.9995929803240073,0.09174303478086752,case_patch_macro
full_voxtell_reference,HCC_10142924_20170911.nii.gz,foreground,gamma_world_stability,4,0.771318977972928,0.3866423373615163,0.7063782747165824,0.7796191259588277,0.10203375044667062,case_patch_macro
full_voxtell_reference,HCC_10142924_20170911.nii.gz,overall,gamma_world_stability,4,0.997487915886773,0.49999992813581506,0.9364158785474433,0.9995750508339077,0.1486406101494825,case_patch_macro
full_voxtell_reference,HCC_10142924_20170911.nii.gz,background,pairwise_joint_product,4,0.9984749675642987,0.298328035636745,0.9744689933701519,0.9999282360821803,0.06103570367969477,case_patch_macro
full_voxtell_reference,HCC_10142924_20170911.nii.gz,foreground,pairwise_joint_product,4,0.771318977972928,0.08098538456644559,0.7057285094808301,0.7793196769168111,0.07485074065993362,case_patch_macro
full_voxtell_reference,HCC_10142924_20170911.nii.gz,overall,pairwise_joint_product,4,0.997487915886773,0.29541322508514484,0.9845058305653307,0.9999222128343767,0.0834860439106252,case_patch_macro
full_voxtell_reference,HCC_10142924_20170911.nii.gz,background,pairwise_world_stability,4,0.9984749675642987,0.5054109124567729,0.9689938155403839,0.9998969801401176,0.06033791736332275,case_patch_macro
full_voxtell_reference,HCC_10142924_20170911.nii.gz,foreground,pairwise_world_stability,4,0.771318977972928,0.10782155777005488,0.6587912019194717,0.7763119324195145,0.031271892942841634,case_patch_macro
full_voxtell_reference,HCC_10142924_20170911.nii.gz,overall,pairwise_world_stability,4,0.997487915886773,0.4999999305980025,0.9801800357354316,0.9998880202499671,0.08270903274691631,case_patch_macro
penultimate_decoder_stage_output,HCC_10142924_20170911.nii.gz,background,blur_joint_product,4,0.9984749675642987,0.29936120870697447,0.9575997708417385,0.9998886005267792,0.09549352117740867,case_patch_macro
penultimate_decoder_stage_output,HCC_10142924_20170911.nii.gz,foreground,blur_joint_product,4,0.771318977972928,0.11761180541434776,0.704318649836511,0.779330703509095,0.07504450786085688,case_patch_macro
penultimate_decoder_stage_output,HCC_10142924_20170911.nii.gz,overall,blur_joint_product,4,0.997487915886773,0.2971750907172099,0.9756593453631988,0.9998808409920428,0.14133541893890117,case_patch_macro
penultimate_decoder_stage_output,HCC_10142924_20170911.nii.gz,background,blur_world_stability,4,0.9984749675642987,0.5042567883535144,0.9420651117796006,0.9998053302414653,0.09185481645582583,case_patch_macro
penultimate_decoder_stage_output,HCC_10142924_20170911.nii.gz,foreground,blur_world_stability,4,0.771318977972928,0.16535685359491964,0.6495749257439498,0.7757491355993053,0.024809777682745365,case_patch_macro
penultimate_decoder_stage_output,HCC_10142924_20170911.nii.gz,overall,blur_world_stability,4,0.997487915886773,0.4999999369392354,0.9652037872378638,0.9997928562210898,0.13825025082516434,case_patch_macro
penultimate_decoder_stage_output,HCC_10142924_20170911.nii.gz,background,confidence_rank,4,0.9984749675642987,0.5013815627912643,0.9382487579527556,0.9998204819749961,0.11575286010203448,case_patch_macro
penultimate_decoder_stage_output,HCC_10142924_20170911.nii.gz,foreground,confidence_rank,4,0.771318977972928,0.31041095564851967,0.7214148459819615,0.7805479481246876,0.10396636007210698,case_patch_macro
penultimate_decoder_stage_output,HCC_10142924_20170911.nii.gz,overall,confidence_rank,4,0.997487915886773,0.5000000726667775,0.9579884830660553,0.9997758751739508,0.17225994443964646,case_patch_macro
penultimate_decoder_stage_output,HCC_10142924_20170911.nii.gz,background,gamma_joint_product,4,0.9984749675642987,0.2982004938940245,0.9395922173274384,0.9998300396685315,0.11336102593249711,case_patch_macro
penultimate_decoder_stage_output,HCC_10142924_20170911.nii.gz,foreground,gamma_joint_product,4,0.771318977972928,0.23624834624072713,0.7205417291483075,0.7803014244741111,0.0987165541350505,case_patch_macro
penultimate_decoder_stage_output,HCC_10142924_20170911.nii.gz,overall,gamma_joint_product,4,0.997487915886773,0.2984551611347255,0.9600507783589725,0.9997934971646825,0.16828211649185038,case_patch_macro
penultimate_decoder_stage_output,HCC_10142924_20170911.nii.gz,background,gamma_world_stability,4,0.9984749675642987,0.5002646393950057,0.8892943107177466,0.9995901797573442,0.10444044693040605,case_patch_macro
penultimate_decoder_stage_output,HCC_10142924_20170911.nii.gz,foreground,gamma_world_stability,4,0.771318977972928,0.3689579301709609,0.7055765989121567,0.7791505969890978,0.0973479079180398,case_patch_macro
penultimate_decoder_stage_output,HCC_10142924_20170911.nii.gz,overall,gamma_world_stability,4,0.997487915886773,0.4999999300118374,0.9300288909853827,0.9995437257011397,0.16145860274538393,case_patch_macro
penultimate_decoder_stage_output,HCC_10142924_20170911.nii.gz,background,pairwise_joint_product,4,0.9984749675642987,0.3024589450378013,0.9603676438653845,0.9998951075046955,0.09638992579141711,case_patch_macro
penultimate_decoder_stage_output,HCC_10142924_20170911.nii.gz,foreground,pairwise_joint_product,4,0.771318977972928,0.11315541229383647,0.7065254454481793,0.779460697080427,0.07673006131006728,case_patch_macro
penultimate_decoder_stage_output,HCC_10142924_20170911.nii.gz,overall,pairwise_joint_product,4,0.997487915886773,0.3001142136033009,0.9772154020091931,0.9998879862667587,0.14181350366561132,case_patch_macro
penultimate_decoder_stage_output,HCC_10142924_20170911.nii.gz,background,pairwise_world_stability,4,0.9984749675642987,0.5046020945126124,0.9542744331468891,0.9998588773189594,0.0951566335885507,case_patch_macro
penultimate_decoder_stage_output,HCC_10142924_20170911.nii.gz,foreground,pairwise_world_stability,4,0.771318977972928,0.14784481967845944,0.6578412359179994,0.7763519334689862,0.030715855022830786,case_patch_macro
penultimate_decoder_stage_output,HCC_10142924_20170911.nii.gz,overall,pairwise_world_stability,4,0.997487915886773,0.4999999176242438,0.9724716266697356,0.9998486049956026,0.14058053474633236,case_patch_macro
decoder_stage_1_low_to_high,MET_PA25.nii.gz,background,blur_joint_product,4,0.9974463371577655,0.2945986210927102,0.9897546583551021,0.9999491588057551,0.10176268487661055,case_patch_macro
decoder_stage_1_low_to_high,MET_PA25.nii.gz,foreground,blur_joint_product,4,0.9510839216260883,0.0894233684140957,0.8500250922061373,0.9861024754544075,0.23672455941120515,case_patch_macro
decoder_stage_1_low_to_high,MET_PA25.nii.gz,overall,blur_joint_product,4,0.9970386293199327,0.2921335463145164,0.9889060064892753,0.999942569183347,0.10939004383996416,case_patch_macro
decoder_stage_1_low_to_high,MET_PA25.nii.gz,background,blur_world_stability,4,0.9974463371577655,0.5031172689165792,0.9672252951837045,0.9997019105764845,0.09870710969565194,case_patch_macro
decoder_stage_1_low_to_high,MET_PA25.nii.gz,foreground,blur_world_stability,4,0.9510839216260883,0.2001501236055012,0.7811339392146496,0.9755488806684851,0.17818870566826453,case_patch_macro
decoder_stage_1_low_to_high,MET_PA25.nii.gz,overall,blur_world_stability,4,0.9970386293199327,0.49999992887654376,0.9694586083341791,0.999701150723588,0.10677196641073576,case_patch_macro
decoder_stage_1_low_to_high,MET_PA25.nii.gz,background,confidence_rank,4,0.9974463371577655,0.5036396288288791,0.9866220729532286,0.999905496315133,0.10246592761828571,case_patch_macro
decoder_stage_1_low_to_high,MET_PA25.nii.gz,foreground,confidence_rank,4,0.9510839216260883,0.21141649398833393,0.8775300563962899,0.989763346189335,0.2667422356219929,case_patch_macro
decoder_stage_1_low_to_high,MET_PA25.nii.gz,overall,confidence_rank,4,0.9970386293199327,0.5000000691852527,0.9864240491022063,0.9999008868126,0.1102787493950192,case_patch_macro
decoder_stage_1_low_to_high,MET_PA25.nii.gz,background,gamma_joint_product,4,0.9974463371577655,0.28989023571944694,0.9762633964676765,0.9998750564866346,0.09984011303795019,case_patch_macro
decoder_stage_1_low_to_high,MET_PA25.nii.gz,foreground,gamma_joint_product,4,0.9510839216260883,0.16488645225663015,0.9057394651859131,0.9930933824740703,0.2897631075523113,case_patch_macro
decoder_stage_1_low_to_high,MET_PA25.nii.gz,overall,gamma_joint_product,4,0.9970386293199327,0.2883291720981463,0.9776770069529798,0.999871121339964,0.10783666619384834,case_patch_macro
decoder_stage_1_low_to_high,MET_PA25.nii.gz,background,gamma_world_stability,4,0.9974463371577655,0.49924904777246626,0.8810702983040161,0.9991114302016043,0.0871471979837759,case_patch_macro
decoder_stage_1_low_to_high,MET_PA25.nii.gz,foreground,gamma_world_stability,4,0.9510839216260883,0.4891405620327334,0.9008040755555625,0.9931786817068643,0.3182704478275223,case_patch_macro
decoder_stage_1_low_to_high,MET_PA25.nii.gz,overall,gamma_world_stability,4,0.9970386293199327,0.49999994135813114,0.897246461439776,0.9991340940624388,0.09772115701986589,case_patch_macro
decoder_stage_1_low_to_high,MET_PA25.nii.gz,background,pairwise_joint_product,4,0.9974463371577655,0.29703857455322896,0.9905891032610029,0.999952068033095,0.10176230677313715,case_patch_macro
decoder_stage_1_low_to_high,MET_PA25.nii.gz,foreground,pairwise_joint_product,4,0.9510839216260883,0.08712274979213497,0.8541158610767954,0.9864588585580338,0.24007993299672825,case_patch_macro
decoder_stage_1_low_to_high,MET_PA25.nii.gz,overall,pairwise_joint_product,4,0.9970386293199327,0.294483762518314,0.9896693920563013,0.9999456083584972,0.10937791256895286,case_patch_macro
decoder_stage_1_low_to_high,MET_PA25.nii.gz,background,pairwise_world_stability,4,0.9974463371577655,0.5034323172845105,0.9761872425766364,0.9997803568522741,0.09991088431839507,case_patch_macro
decoder_stage_1_low_to_high,MET_PA25.nii.gz,foreground,pairwise_world_stability,4,0.9510839216260883,0.18139673559425326,0.7994322498793056,0.9775615267799297,0.19267211133021764,case_patch_macro
decoder_stage_1_low_to_high,MET_PA25.nii.gz,overall,pairwise_world_stability,4,0.9970386293199327,0.49999993752820476,0.977219990921203,0.9997791958157883,0.10780294440696814,case_patch_macro
final_decoder_feature,MET_PA25.nii.gz,background,blur_joint_product,4,0.9974463371577655,0.29540516065122957,0.9940899300321147,0.9999764781563047,0.10226425728834565,case_patch_macro
final_decoder_feature,MET_PA25.nii.gz,foreground,blur_joint_product,4,0.9510839216260883,0.04223771718116662,0.8131576972694831,0.9823278413967284,0.2081168709476395,case_patch_macro
final_decoder_feature,MET_PA25.nii.gz,overall,blur_joint_product,4,0.9970386293199327,0.2921548854034623,0.9921159290864797,0.9999673399238913,0.10969644956829339,case_patch_macro
final_decoder_feature,MET_PA25.nii.gz,background,blur_world_stability,4,0.9974463371577655,0.5047677617083639,0.9846869457380928,0.9998657697250392,0.10177046592771792,case_patch_macro
final_decoder_feature,MET_PA25.nii.gz,foreground,blur_world_stability,4,0.9510839216260883,0.09889454711906455,0.6707213198013298,0.9565351233635767,0.08797658429914924,case_patch_macro
final_decoder_feature,MET_PA25.nii.gz,overall,blur_world_stability,4,0.9970386293199327,0.49999993190875697,0.9827847516498709,0.9998543139529945,0.1091573549781051,case_patch_macro
final_decoder_feature,MET_PA25.nii.gz,background,confidence_rank,4,0.9974463371577655,0.5036396288288791,0.9866220729532286,0.999905496315133,0.10246592761828571,case_patch_macro
final_decoder_feature,MET_PA25.nii.gz,foreground,confidence_rank,4,0.9510839216260883,0.21141649398833393,0.8775300563962899,0.989763346189335,0.2667422356219929,case_patch_macro
final_decoder_feature,MET_PA25.nii.gz,overall,confidence_rank,4,0.9970386293199327,0.5000000691852527,0.9864240491022063,0.9999008868126,0.1102787493950192,case_patch_macro
final_decoder_feature,MET_PA25.nii.gz,background,gamma_joint_product,4,0.9974463371577655,0.29092125888549164,0.9810997309921373,0.9998921228532291,0.10077717419913418,case_patch_macro
final_decoder_feature,MET_PA25.nii.gz,foreground,gamma_joint_product,4,0.9510839216260883,0.1666808394427551,0.9002551618935652,0.9926712898643398,0.2859296938228271,case_patch_macro
final_decoder_feature,MET_PA25.nii.gz,overall,gamma_joint_product,4,0.9970386293199327,0.2893889321897757,0.981814267811581,0.9998881754529013,0.10867947850092737,case_patch_macro
final_decoder_feature,MET_PA25.nii.gz,background,gamma_world_stability,4,0.9974463371577655,0.5001617297342418,0.9188092110304433,0.9993726074715552,0.09361829223784045,case_patch_macro
final_decoder_feature,MET_PA25.nii.gz,foreground,gamma_world_stability,4,0.9510839216260883,0.430067099403723,0.8968615212870592,0.9930214666021087,0.3038636473173234,case_patch_macro
final_decoder_feature,MET_PA25.nii.gz,overall,gamma_world_stability,4,0.9970386293199327,0.49999993414152016,0.9292886948983993,0.9993859524740212,0.10321271698703509,case_patch_macro
final_decoder_feature,MET_PA25.nii.gz,background,pairwise_joint_product,4,0.9974463371577655,0.2978345171055579,0.9946726771987192,0.9999783657840495,0.10215550909240777,case_patch_macro
final_decoder_feature,MET_PA25.nii.gz,foreground,pairwise_joint_product,4,0.9510839216260883,0.041642086525038244,0.8207593923153174,0.983201328801465,0.2146689389853492,case_patch_macro
final_decoder_feature,MET_PA25.nii.gz,overall,pairwise_joint_product,4,0.9970386293199327,0.29452983721217113,0.992708050357806,0.9999695408316995,0.10958738127516782,case_patch_macro
final_decoder_feature,MET_PA25.nii.gz,background,pairwise_world_stability,4,0.9974463371577655,0.5050014890190165,0.9915018455377526,0.9999343467923492,0.10243594328722129,case_patch_macro
final_decoder_feature,MET_PA25.nii.gz,foreground,pairwise_world_stability,4,0.9510839216260883,0.08497473525839072,0.702179470418685,0.9620819347386353,0.11506000734567674,case_patch_macro
final_decoder_feature,MET_PA25.nii.gz,overall,pairwise_world_stability,4,0.9970386293199327,0.4999999325240112,0.9889548234691072,0.9999231069079002,0.10973496072937838,case_patch_macro
final_decoder_stage_input,MET_PA25.nii.gz,background,blur_joint_product,4,0.9974463371577655,0.29540516065122957,0.9940899300321147,0.9999764781563047,0.10226425728834565,case_patch_macro
final_decoder_stage_input,MET_PA25.nii.gz,foreground,blur_joint_product,4,0.9510839216260883,0.04223771718116662,0.8131576972694831,0.9823278413967284,0.2081168709476395,case_patch_macro
final_decoder_stage_input,MET_PA25.nii.gz,overall,blur_joint_product,4,0.9970386293199327,0.2921548854034623,0.9921159290864797,0.9999673399238913,0.10969644956829339,case_patch_macro
final_decoder_stage_input,MET_PA25.nii.gz,background,blur_world_stability,4,0.9974463371577655,0.5047677617083639,0.9846869457380928,0.9998657697250392,0.10177046592771792,case_patch_macro
final_decoder_stage_input,MET_PA25.nii.gz,foreground,blur_world_stability,4,0.9510839216260883,0.09889454711906455,0.6707213198013298,0.9565351233635767,0.08797658429914924,case_patch_macro
final_decoder_stage_input,MET_PA25.nii.gz,overall,blur_world_stability,4,0.9970386293199327,0.49999993190875697,0.9827847516498709,0.9998543139529945,0.1091573549781051,case_patch_macro
final_decoder_stage_input,MET_PA25.nii.gz,background,confidence_rank,4,0.9974463371577655,0.5036396288288791,0.9866220729532286,0.999905496315133,0.10246592761828571,case_patch_macro
final_decoder_stage_input,MET_PA25.nii.gz,foreground,confidence_rank,4,0.9510839216260883,0.21141649398833393,0.8775300563962899,0.989763346189335,0.2667422356219929,case_patch_macro
final_decoder_stage_input,MET_PA25.nii.gz,overall,confidence_rank,4,0.9970386293199327,0.5000000691852527,0.9864240491022063,0.9999008868126,0.1102787493950192,case_patch_macro
final_decoder_stage_input,MET_PA25.nii.gz,background,gamma_joint_product,4,0.9974463371577655,0.29092125888549164,0.9810997309921373,0.9998921228532291,0.10077717419913418,case_patch_macro
final_decoder_stage_input,MET_PA25.nii.gz,foreground,gamma_joint_product,4,0.9510839216260883,0.1666808394427551,0.9002551618935652,0.9926712898643398,0.2859296938228271,case_patch_macro
final_decoder_stage_input,MET_PA25.nii.gz,overall,gamma_joint_product,4,0.9970386293199327,0.2893889321897757,0.981814267811581,0.9998881754529013,0.10867947850092737,case_patch_macro
final_decoder_stage_input,MET_PA25.nii.gz,background,gamma_world_stability,4,0.9974463371577655,0.5001617297342418,0.9188092110304433,0.9993726074715552,0.09361829223784045,case_patch_macro
final_decoder_stage_input,MET_PA25.nii.gz,foreground,gamma_world_stability,4,0.9510839216260883,0.430067099403723,0.8968615212870592,0.9930214666021087,0.3038636473173234,case_patch_macro
final_decoder_stage_input,MET_PA25.nii.gz,overall,gamma_world_stability,4,0.9970386293199327,0.49999993414152016,0.9292886948983993,0.9993859524740212,0.10321271698703509,case_patch_macro
final_decoder_stage_input,MET_PA25.nii.gz,background,pairwise_joint_product,4,0.9974463371577655,0.2978345171055579,0.9946726771987192,0.9999783657840495,0.10215550909240777,case_patch_macro
final_decoder_stage_input,MET_PA25.nii.gz,foreground,pairwise_joint_product,4,0.9510839216260883,0.041642086525038244,0.8207593923153174,0.983201328801465,0.2146689389853492,case_patch_macro
final_decoder_stage_input,MET_PA25.nii.gz,overall,pairwise_joint_product,4,0.9970386293199327,0.29452983721217113,0.992708050357806,0.9999695408316995,0.10958738127516782,case_patch_macro
final_decoder_stage_input,MET_PA25.nii.gz,background,pairwise_world_stability,4,0.9974463371577655,0.5050014890190165,0.9915018455377526,0.9999343467923492,0.10243594328722129,case_patch_macro
final_decoder_stage_input,MET_PA25.nii.gz,foreground,pairwise_world_stability,4,0.9510839216260883,0.08497473525839072,0.702179470418685,0.9620819347386353,0.11506000734567674,case_patch_macro
final_decoder_stage_input,MET_PA25.nii.gz,overall,pairwise_world_stability,4,0.9970386293199327,0.4999999325240112,0.9889548234691072,0.9999231069079002,0.10973496072937838,case_patch_macro
full_voxtell_reference,MET_PA25.nii.gz,background,blur_joint_product,4,0.9974463371577655,0.2945097385743697,0.9946677566520905,0.9999784122746814,0.10150024295976713,case_patch_macro
full_voxtell_reference,MET_PA25.nii.gz,foreground,blur_joint_product,4,0.9510839216260883,0.043181104981628554,0.8083212072169093,0.9810887789816509,0.20322975221377926,case_patch_macro
full_voxtell_reference,MET_PA25.nii.gz,overall,blur_joint_product,4,0.9970386293199327,0.291286522790038,0.9926109040211576,0.9999692338377588,0.10888048322951283,case_patch_macro
full_voxtell_reference,MET_PA25.nii.gz,background,blur_world_stability,4,0.9974463371577655,0.5047968029759281,0.9874223148650344,0.9998740636679446,0.10132889816305189,case_patch_macro
full_voxtell_reference,MET_PA25.nii.gz,foreground,blur_world_stability,4,0.9510839216260883,0.09481674151837038,0.6524300652004699,0.9474088228816576,0.07013783182161124,case_patch_macro
full_voxtell_reference,MET_PA25.nii.gz,overall,blur_world_stability,4,0.9970386293199327,0.4999999250217557,0.9851269212892099,0.9998631214262766,0.10862177599369283,case_patch_macro
full_voxtell_reference,MET_PA25.nii.gz,background,confidence_rank,4,0.9974463371577655,0.5036396288288791,0.9866220729532286,0.999905496315133,0.10246592761828571,case_patch_macro
full_voxtell_reference,MET_PA25.nii.gz,foreground,confidence_rank,4,0.9510839216260883,0.21141649398833393,0.8775300563962899,0.989763346189335,0.2667422356219929,case_patch_macro
full_voxtell_reference,MET_PA25.nii.gz,overall,confidence_rank,4,0.9970386293199327,0.5000000691852527,0.9864240491022063,0.9999008868126,0.1102787493950192,case_patch_macro
full_voxtell_reference,MET_PA25.nii.gz,background,gamma_joint_product,4,0.9974463371577655,0.294734774053894,0.9807676065477184,0.9998897565134988,0.10102175813835829,case_patch_macro
full_voxtell_reference,MET_PA25.nii.gz,foreground,gamma_joint_product,4,0.9510839216260883,0.16980740805081576,0.8979981385675021,0.9924085169391142,0.2839013886904207,case_patch_macro
full_voxtell_reference,MET_PA25.nii.gz,overall,gamma_joint_product,4,0.9970386293199327,0.2931888137646864,0.9815237706335064,0.9998859284983457,0.10894547870093323,case_patch_macro
full_voxtell_reference,MET_PA25.nii.gz,background,gamma_world_stability,4,0.9974463371577655,0.5003264523235987,0.9194264739384846,0.9993329137612779,0.09217411503635826,case_patch_macro
full_voxtell_reference,MET_PA25.nii.gz,foreground,gamma_world_stability,4,0.9510839216260883,0.42037666053937844,0.8939819723389708,0.9927757986484593,0.2990883249915707,case_patch_macro
full_voxtell_reference,MET_PA25.nii.gz,overall,gamma_world_stability,4,0.9970386293199327,0.49999992653210645,0.9297593070848139,0.9993514033780927,0.10164672814411176,case_patch_macro
full_voxtell_reference,MET_PA25.nii.gz,background,pairwise_joint_product,4,0.9974463371577655,0.29792811299893124,0.995122675056916,0.9999798159574225,0.10156444410244574,case_patch_macro
full_voxtell_reference,MET_PA25.nii.gz,foreground,pairwise_joint_product,4,0.9510839216260883,0.04293628237888542,0.8161784655246628,0.9821113156980047,0.21004466894768137,case_patch_macro
full_voxtell_reference,MET_PA25.nii.gz,overall,pairwise_joint_product,4,0.9970386293199327,0.29464753943578614,0.9930893168422855,0.9999709555901688,0.10895505202698148,case_patch_macro
full_voxtell_reference,MET_PA25.nii.gz,background,pairwise_world_stability,4,0.9974463371577655,0.505045892760285,0.9929544278786362,0.9999396432772856,0.10180018595082956,case_patch_macro
full_voxtell_reference,MET_PA25.nii.gz,foreground,pairwise_world_stability,4,0.9510839216260883,0.08098713008352791,0.6852078626852972,0.9534961975746659,0.09837768668854215,case_patch_macro
full_voxtell_reference,MET_PA25.nii.gz,overall,pairwise_world_stability,4,0.9970386293199327,0.49999992940730553,0.9901778181949803,0.9999282532089179,0.10902501365617222,case_patch_macro
penultimate_decoder_stage_output,MET_PA25.nii.gz,background,blur_joint_product,4,0.9974463371577655,0.2953582552943365,0.9922549116891703,0.9999596594438912,0.10191263765170895,case_patch_macro
penultimate_decoder_stage_output,MET_PA25.nii.gz,foreground,blur_joint_product,4,0.9510839216260883,0.05581530717710088,0.8152370483944574,0.9828975949760724,0.2097579501235848,case_patch_macro
penultimate_decoder_stage_output,MET_PA25.nii.gz,overall,blur_joint_product,4,0.9970386293199327,0.2923511807583552,0.990636164314514,0.9999512370801168,0.10938627535872658,case_patch_macro
penultimate_decoder_stage_output,MET_PA25.nii.gz,background,blur_world_stability,4,0.9974463371577655,0.5044168564786113,0.9803620883890232,0.9998196014228771,0.10093250516417707,case_patch_macro
penultimate_decoder_stage_output,MET_PA25.nii.gz,foreground,blur_world_stability,4,0.9510839216260883,0.11876059101035118,0.6763359321986414,0.9584563496189437,0.09232243958036261,case_patch_macro
penultimate_decoder_stage_output,MET_PA25.nii.gz,overall,blur_world_stability,4,0.9970386293199327,0.4999999270644514,0.9793673852264977,0.9998102045749776,0.10844171722895975,case_patch_macro
penultimate_decoder_stage_output,MET_PA25.nii.gz,background,confidence_rank,4,0.9974463371577655,0.5036396288288791,0.9866220729532286,0.999905496315133,0.10246592761828571,case_patch_macro
penultimate_decoder_stage_output,MET_PA25.nii.gz,foreground,confidence_rank,4,0.9510839216260883,0.21141649398833393,0.8775300563962899,0.989763346189335,0.2667422356219929,case_patch_macro
penultimate_decoder_stage_output,MET_PA25.nii.gz,overall,confidence_rank,4,0.9970386293199327,0.5000000691852527,0.9864240491022063,0.9999008868126,0.1102787493950192,case_patch_macro
penultimate_decoder_stage_output,MET_PA25.nii.gz,background,gamma_joint_product,4,0.9974463371577655,0.29108513196025165,0.9807437882564832,0.999890316601781,0.10073152332910133,case_patch_macro
penultimate_decoder_stage_output,MET_PA25.nii.gz,foreground,gamma_joint_product,4,0.9510839216260883,0.165739834057936,0.9004713791052623,0.9927230105055838,0.2859954254027284,case_patch_macro
penultimate_decoder_stage_output,MET_PA25.nii.gz,overall,gamma_joint_product,4,0.9970386293199327,0.2895422278901675,0.9815443686182398,0.9998865225058826,0.10864890459963311,case_patch_macro
penultimate_decoder_stage_output,MET_PA25.nii.gz,background,gamma_world_stability,4,0.9974463371577655,0.5000670879097097,0.9168838069833866,0.9993550937569142,0.09327035668425455,case_patch_macro
penultimate_decoder_stage_output,MET_PA25.nii.gz,foreground,gamma_world_stability,4,0.9510839216260883,0.43755260824793124,0.8957166628911647,0.9929408447283216,0.30387751426815696,case_patch_macro
penultimate_decoder_stage_output,MET_PA25.nii.gz,overall,gamma_world_stability,4,0.9970386293199327,0.4999999323686224,0.9277722192536645,0.9993699899395342,0.10293685324495998,case_patch_macro
penultimate_decoder_stage_output,MET_PA25.nii.gz,background,pairwise_joint_product,4,0.9974463371577655,0.2978835008854191,0.992980329153163,0.9999624218350642,0.10184697466730347,case_patch_macro
penultimate_decoder_stage_output,MET_PA25.nii.gz,foreground,pairwise_joint_product,4,0.9510839216260883,0.054977802694578526,0.8220847238568383,0.983590989860498,0.21563572792940458,case_patch_macro
penultimate_decoder_stage_output,MET_PA25.nii.gz,overall,pairwise_joint_product,4,0.9970386293199327,0.2948158501176162,0.9913294508733267,0.999954288142383,0.10931504106864265,case_patch_macro
penultimate_decoder_stage_output,MET_PA25.nii.gz,background,pairwise_world_stability,4,0.9974463371577655,0.5046620982503394,0.9873380053456651,0.9998868773198191,0.10162286709507508,case_patch_macro
penultimate_decoder_stage_output,MET_PA25.nii.gz,foreground,pairwise_world_stability,4,0.9510839216260883,0.10435946052033045,0.7054294446160325,0.963588297157162,0.11730227580204015,case_patch_macro
penultimate_decoder_stage_output,MET_PA25.nii.gz,overall,pairwise_world_stability,4,0.9970386293199327,0.49999993634411,0.985575415525192,0.9998776497477257,0.10902487801113529,case_patch_macro
decoder_stage_1_low_to_high,HCC_10147777_20171222.nii.gz,background,blur_joint_product,4,0.9967121356395104,0.31435719180744004,0.9617471056195351,0.9995253363959739,0.08597435162935063,case_patch_macro
decoder_stage_1_low_to_high,HCC_10147777_20171222.nii.gz,foreground,blur_joint_product,4,0.9238017026924247,0.025414798873339747,0.8812712319442114,0.9829033960967369,0.3402303375894121,case_patch_macro
decoder_stage_1_low_to_high,HCC_10147777_20171222.nii.gz,overall,blur_joint_product,4,0.9956192087244105,0.30894317360543017,0.9612425318358812,0.9995151170503093,0.10609831974506115,case_patch_macro
decoder_stage_1_low_to_high,HCC_10147777_20171222.nii.gz,background,blur_world_stability,4,0.9967121356395104,0.5068119445914291,0.9482635877798903,0.9993447190368708,0.08539156279365638,case_patch_macro
decoder_stage_1_low_to_high,HCC_10147777_20171222.nii.gz,foreground,blur_world_stability,4,0.9238017026924247,0.1160990858060862,0.844667970265961,0.9803308240625862,0.31110263385488696,case_patch_macro
decoder_stage_1_low_to_high,HCC_10147777_20171222.nii.gz,overall,blur_world_stability,4,0.9956192087244105,0.4999999334176677,0.9501964762426438,0.9993331464811083,0.10567213492163126,case_patch_macro
decoder_stage_1_low_to_high,HCC_10147777_20171222.nii.gz,background,confidence_rank,4,0.9967121356395104,0.5070016489735208,0.9435235774667645,0.9992387191186693,0.08070520635616608,case_patch_macro
decoder_stage_1_low_to_high,HCC_10147777_20171222.nii.gz,foreground,confidence_rank,4,0.9238017026924247,0.0954572627148756,0.8560644241617411,0.9749364125589225,0.3098866927751542,case_patch_macro
decoder_stage_1_low_to_high,HCC_10147777_20171222.nii.gz,overall,confidence_rank,4,0.9956192087244105,0.5000000679685076,0.9431869231884767,0.9992316936606348,0.10090859153738597,case_patch_macro
decoder_stage_1_low_to_high,HCC_10147777_20171222.nii.gz,background,gamma_joint_product,4,0.9967121356395104,0.3099162023155479,0.9425454125868095,0.999290609482851,0.08072627604249341,case_patch_macro
decoder_stage_1_low_to_high,HCC_10147777_20171222.nii.gz,foreground,gamma_joint_product,4,0.9238017026924247,0.07049714031365927,0.8778389416699892,0.9841559894837995,0.3339179101258429,case_patch_macro
decoder_stage_1_low_to_high,HCC_10147777_20171222.nii.gz,overall,gamma_joint_product,4,0.9956192087244105,0.30584143730928726,0.9436414674860822,0.9992828924977744,0.10105937562069402,case_patch_macro
decoder_stage_1_low_to_high,HCC_10147777_20171222.nii.gz,background,gamma_world_stability,4,0.9967121356395104,0.5017232488898604,0.8959018310645264,0.9987969952276585,0.07648333917950267,case_patch_macro
decoder_stage_1_low_to_high,HCC_10147777_20171222.nii.gz,foreground,gamma_world_stability,4,0.9238017026924247,0.3003566064356879,0.8592793361981871,0.9815878351843845,0.32828356408939696,case_patch_macro
decoder_stage_1_low_to_high,HCC_10147777_20171222.nii.gz,overall,gamma_world_stability,4,0.9956192087244105,0.4999999304551403,0.9093366558785637,0.9987970570154903,0.09801731781882159,case_patch_macro
decoder_stage_1_low_to_high,HCC_10147777_20171222.nii.gz,background,pairwise_joint_product,4,0.9967121356395104,0.3184382171628058,0.96424995555075,0.9995550831260803,0.08649419373169573,case_patch_macro
decoder_stage_1_low_to_high,HCC_10147777_20171222.nii.gz,foreground,pairwise_joint_product,4,0.9238017026924247,0.024273277924459102,0.8983647025099535,0.9888413323777526,0.3588658505453181,case_patch_macro
decoder_stage_1_low_to_high,HCC_10147777_20171222.nii.gz,overall,pairwise_joint_product,4,0.9956192087244105,0.3129061709948004,0.9635344970442494,0.9995450325133745,0.10660330045245289,case_patch_macro
decoder_stage_1_low_to_high,HCC_10147777_20171222.nii.gz,background,pairwise_world_stability,4,0.9967121356395104,0.5073473283097167,0.9571995700079804,0.9994449143643458,0.08676615526509689,case_patch_macro
decoder_stage_1_low_to_high,HCC_10147777_20171222.nii.gz,foreground,pairwise_world_stability,4,0.9238017026924247,0.09247815973423394,0.8850129837782117,0.9901634831124373,0.3534662659256621,case_patch_macro
decoder_stage_1_low_to_high,HCC_10147777_20171222.nii.gz,overall,pairwise_world_stability,4,0.9956192087244105,0.49999992316599073,0.9576454375936796,0.9994345021507329,0.1069214373166235,case_patch_macro
final_decoder_feature,HCC_10147777_20171222.nii.gz,background,blur_joint_product,4,0.9967121356395104,0.31520322622063984,0.9769153429873189,0.9997501026742346,0.09052656089872413,case_patch_macro
final_decoder_feature,HCC_10147777_20171222.nii.gz,foreground,blur_joint_product,4,0.9238017026924247,0.006199802288279292,0.7848132593150322,0.9637650710166086,0.24155229195010153,case_patch_macro
final_decoder_feature,HCC_10147777_20171222.nii.gz,overall,blur_joint_product,4,0.9956192087244105,0.30922764155885385,0.9752593746186821,0.9997355070045538,0.11041780545806575,case_patch_macro
final_decoder_feature,HCC_10147777_20171222.nii.gz,background,blur_world_stability,4,0.9967121356395104,0.5086504802326457,0.9679172183859776,0.9996252656124596,0.09111465557002421,case_patch_macro
final_decoder_feature,HCC_10147777_20171222.nii.gz,foreground,blur_world_stability,4,0.9238017026924247,0.04725778688034982,0.6139289937207895,0.9431416133975049,0.08845870349798782,case_patch_macro
final_decoder_feature,HCC_10147777_20171222.nii.gz,overall,blur_world_stability,4,0.9956192087244105,0.499999933024347,0.9668062007327958,0.9995983692773878,0.11065309735632044,case_patch_macro
final_decoder_feature,HCC_10147777_20171222.nii.gz,background,confidence_rank,4,0.9967121356395104,0.5070016489735208,0.9435235774667645,0.9992387191186693,0.08070520635616608,case_patch_macro
final_decoder_feature,HCC_10147777_20171222.nii.gz,foreground,confidence_rank,4,0.9238017026924247,0.0954572627148756,0.8560644241617411,0.9749364125589225,0.3098866927751542,case_patch_macro
final_decoder_feature,HCC_10147777_20171222.nii.gz,overall,confidence_rank,4,0.9956192087244105,0.5000000679685076,0.9431869231884767,0.9992316936606348,0.10090859153738597,case_patch_macro
final_decoder_feature,HCC_10147777_20171222.nii.gz,background,gamma_joint_product,4,0.9967121356395104,0.31132926754235973,0.9541344585919092,0.9994305934082995,0.08432129267440898,case_patch_macro
final_decoder_feature,HCC_10147777_20171222.nii.gz,foreground,gamma_joint_product,4,0.9238017026924247,0.06517004889979285,0.8742893769888131,0.9816685240516898,0.3289590340966553,case_patch_macro
final_decoder_feature,HCC_10147777_20171222.nii.gz,overall,gamma_joint_product,4,0.9956192087244105,0.30708352374865067,0.9546775931515802,0.9994233952891582,0.10462039634823112,case_patch_macro
final_decoder_feature,HCC_10147777_20171222.nii.gz,background,gamma_world_stability,4,0.9967121356395104,0.5028118367007849,0.9318997427202872,0.9991837112309001,0.08679606530524964,case_patch_macro
final_decoder_feature,HCC_10147777_20171222.nii.gz,foreground,gamma_world_stability,4,0.9238017026924247,0.25681528739676146,0.8748425584415818,0.9834690976300853,0.3393649454285297,case_patch_macro
final_decoder_feature,HCC_10147777_20171222.nii.gz,overall,gamma_world_stability,4,0.9956192087244105,0.49999993094730955,0.9396872610417082,0.9991856267623095,0.10790775089981439,case_patch_macro
final_decoder_feature,HCC_10147777_20171222.nii.gz,background,pairwise_joint_product,4,0.9967121356395104,0.3194148070958355,0.9785284320657175,0.9997644821437397,0.09062380489666375,case_patch_macro
final_decoder_feature,HCC_10147777_20171222.nii.gz,foreground,pairwise_joint_product,4,0.9238017026924247,0.005291815221503985,0.7919465080272343,0.9664412035365798,0.24791505138904318,case_patch_macro
final_decoder_feature,HCC_10147777_20171222.nii.gz,overall,pairwise_joint_product,4,0.9956192087244105,0.31332603364445044,0.9766750743796668,0.9997505337457396,0.11051552130818536,case_patch_macro
final_decoder_feature,HCC_10147777_20171222.nii.gz,background,pairwise_world_stability,4,0.9967121356395104,0.508942915525147,0.9779914769001976,0.99973653761349,0.09226987535353047,case_patch_macro
final_decoder_feature,HCC_10147777_20171222.nii.gz,foreground,pairwise_world_stability,4,0.9238017026924247,0.034597402585563944,0.6521524583211524,0.9537295771426162,0.12510044705852205,case_patch_macro
final_decoder_feature,HCC_10147777_20171222.nii.gz,overall,pairwise_world_stability,4,0.9956192087244105,0.4999999319015821,0.9747240494497404,0.9997119223055078,0.11169001864979407,case_patch_macro
final_decoder_stage_input,HCC_10147777_20171222.nii.gz,background,blur_joint_product,4,0.9967121356395104,0.31520322622063984,0.9769153429873189,0.9997501026742346,0.09052656089872413,case_patch_macro
final_decoder_stage_input,HCC_10147777_20171222.nii.gz,foreground,blur_joint_product,4,0.9238017026924247,0.006199802288279292,0.7848132593150322,0.9637650710166086,0.24155229195010153,case_patch_macro
final_decoder_stage_input,HCC_10147777_20171222.nii.gz,overall,blur_joint_product,4,0.9956192087244105,0.30922764155885385,0.9752593746186821,0.9997355070045538,0.11041780545806575,case_patch_macro
final_decoder_stage_input,HCC_10147777_20171222.nii.gz,background,blur_world_stability,4,0.9967121356395104,0.5086504802326457,0.9679172183859776,0.9996252656124596,0.09111465557002421,case_patch_macro
final_decoder_stage_input,HCC_10147777_20171222.nii.gz,foreground,blur_world_stability,4,0.9238017026924247,0.04725778688034982,0.6139289937207895,0.9431416133975049,0.08845870349798782,case_patch_macro
final_decoder_stage_input,HCC_10147777_20171222.nii.gz,overall,blur_world_stability,4,0.9956192087244105,0.499999933024347,0.9668062007327958,0.9995983692773878,0.11065309735632044,case_patch_macro
final_decoder_stage_input,HCC_10147777_20171222.nii.gz,background,confidence_rank,4,0.9967121356395104,0.5070016489735208,0.9435235774667645,0.9992387191186693,0.08070520635616608,case_patch_macro
final_decoder_stage_input,HCC_10147777_20171222.nii.gz,foreground,confidence_rank,4,0.9238017026924247,0.0954572627148756,0.8560644241617411,0.9749364125589225,0.3098866927751542,case_patch_macro
final_decoder_stage_input,HCC_10147777_20171222.nii.gz,overall,confidence_rank,4,0.9956192087244105,0.5000000679685076,0.9431869231884767,0.9992316936606348,0.10090859153738597,case_patch_macro
final_decoder_stage_input,HCC_10147777_20171222.nii.gz,background,gamma_joint_product,4,0.9967121356395104,0.31132926754235973,0.9541344585919092,0.9994305934082995,0.08432129267440898,case_patch_macro
final_decoder_stage_input,HCC_10147777_20171222.nii.gz,foreground,gamma_joint_product,4,0.9238017026924247,0.06517004889979285,0.8742893769888131,0.9816685240516898,0.3289590340966553,case_patch_macro
final_decoder_stage_input,HCC_10147777_20171222.nii.gz,overall,gamma_joint_product,4,0.9956192087244105,0.30708352374865067,0.9546775931515802,0.9994233952891582,0.10462039634823112,case_patch_macro
final_decoder_stage_input,HCC_10147777_20171222.nii.gz,background,gamma_world_stability,4,0.9967121356395104,0.5028118367007849,0.9318997427202872,0.9991837112309001,0.08679606530524964,case_patch_macro
final_decoder_stage_input,HCC_10147777_20171222.nii.gz,foreground,gamma_world_stability,4,0.9238017026924247,0.25681528739676146,0.8748425584415818,0.9834690976300853,0.3393649454285297,case_patch_macro
final_decoder_stage_input,HCC_10147777_20171222.nii.gz,overall,gamma_world_stability,4,0.9956192087244105,0.49999993094730955,0.9396872610417082,0.9991856267623095,0.10790775089981439,case_patch_macro
final_decoder_stage_input,HCC_10147777_20171222.nii.gz,background,pairwise_joint_product,4,0.9967121356395104,0.3194148070958355,0.9785284320657175,0.9997644821437397,0.09062380489666375,case_patch_macro
final_decoder_stage_input,HCC_10147777_20171222.nii.gz,foreground,pairwise_joint_product,4,0.9238017026924247,0.005291815221503985,0.7919465080272343,0.9664412035365798,0.24791505138904318,case_patch_macro
final_decoder_stage_input,HCC_10147777_20171222.nii.gz,overall,pairwise_joint_product,4,0.9956192087244105,0.31332603364445044,0.9766750743796668,0.9997505337457396,0.11051552130818536,case_patch_macro
final_decoder_stage_input,HCC_10147777_20171222.nii.gz,background,pairwise_world_stability,4,0.9967121356395104,0.508942915525147,0.9779914769001976,0.99973653761349,0.09226987535353047,case_patch_macro
final_decoder_stage_input,HCC_10147777_20171222.nii.gz,foreground,pairwise_world_stability,4,0.9238017026924247,0.034597402585563944,0.6521524583211524,0.9537295771426162,0.12510044705852205,case_patch_macro
final_decoder_stage_input,HCC_10147777_20171222.nii.gz,overall,pairwise_world_stability,4,0.9956192087244105,0.4999999319015821,0.9747240494497404,0.9997119223055078,0.11169001864979407,case_patch_macro
full_voxtell_reference,HCC_10147777_20171222.nii.gz,background,blur_joint_product,4,0.9967121356395104,0.31629016677395094,0.9784843950241049,0.9997626538785758,0.08744385043904424,case_patch_macro
full_voxtell_reference,HCC_10147777_20171222.nii.gz,foreground,blur_joint_product,4,0.9238017026924247,0.0061961338463177185,0.7771694112943215,0.9628017833517365,0.23430070345015072,case_patch_macro
full_voxtell_reference,HCC_10147777_20171222.nii.gz,overall,blur_joint_product,4,0.9956192087244105,0.31025902456588117,0.9765920020664212,0.9997475788375495,0.10729904875371049,case_patch_macro
full_voxtell_reference,HCC_10147777_20171222.nii.gz,background,blur_world_stability,4,0.9967121356395104,0.5087786837913216,0.9708706578485709,0.9996400870153944,0.08664792312474213,case_patch_macro
full_voxtell_reference,HCC_10147777_20171222.nii.gz,foreground,blur_world_stability,4,0.9238017026924247,0.04206771775553919,0.5914571337036805,0.9405263221043972,0.06928372128571149,case_patch_macro
full_voxtell_reference,HCC_10147777_20171222.nii.gz,overall,blur_world_stability,4,0.9956192087244105,0.4999999260129828,0.9681730769437769,0.9996115893466279,0.10601644619966293,case_patch_macro
full_voxtell_reference,HCC_10147777_20171222.nii.gz,background,confidence_rank,4,0.9967121356395104,0.5070016489735208,0.9435235774667645,0.9992387191186693,0.08070520635616608,case_patch_macro
full_voxtell_reference,HCC_10147777_20171222.nii.gz,foreground,confidence_rank,4,0.9238017026924247,0.0954572627148756,0.8560644241617411,0.9749364125589225,0.3098866927751542,case_patch_macro
full_voxtell_reference,HCC_10147777_20171222.nii.gz,overall,confidence_rank,4,0.9956192087244105,0.5000000679685076,0.9431869231884767,0.9992316936606348,0.10090859153738597,case_patch_macro
full_voxtell_reference,HCC_10147777_20171222.nii.gz,background,gamma_joint_product,4,0.9967121356395104,0.31605943940688086,0.954701304171148,0.999443154491542,0.0849738465840694,case_patch_macro
full_voxtell_reference,HCC_10147777_20171222.nii.gz,foreground,gamma_joint_product,4,0.9238017026924247,0.06652161786013049,0.8717538424290661,0.9804879045995119,0.3263365195638105,case_patch_macro
full_voxtell_reference,HCC_10147777_20171222.nii.gz,overall,gamma_joint_product,4,0.9956192087244105,0.31183409712291343,0.9553092492616531,0.9994359493251539,0.10527667111246233,case_patch_macro
full_voxtell_reference,HCC_10147777_20171222.nii.gz,background,gamma_world_stability,4,0.9967121356395104,0.5029856677393771,0.9280438904583439,0.9991184971096493,0.08094316959343154,case_patch_macro
full_voxtell_reference,HCC_10147777_20171222.nii.gz,foreground,gamma_world_stability,4,0.9238017026924247,0.24732086557502375,0.8712501950877958,0.9820521243620772,0.3355052750685163,case_patch_macro
full_voxtell_reference,HCC_10147777_20171222.nii.gz,overall,gamma_world_stability,4,0.9956192087244105,0.499999923187326,0.9366755935691952,0.9991220686589286,0.1020621023382982,case_patch_macro
full_voxtell_reference,HCC_10147777_20171222.nii.gz,background,pairwise_joint_product,4,0.9967121356395104,0.3209665340817559,0.9798513560612755,0.9997763190902538,0.08775919407088326,case_patch_macro
full_voxtell_reference,HCC_10147777_20171222.nii.gz,foreground,pairwise_joint_product,4,0.9238017026924247,0.00535357240997566,0.7842500258052769,0.9647785492449421,0.2405479120503845,case_patch_macro
full_voxtell_reference,HCC_10147777_20171222.nii.gz,overall,pairwise_joint_product,4,0.9956192087244105,0.31483847534119486,0.9778503255338187,0.9997618709205678,0.10762066881076167,case_patch_macro
full_voxtell_reference,HCC_10147777_20171222.nii.gz,background,pairwise_world_stability,4,0.9967121356395104,0.5090529453191954,0.9797175988051063,0.9997502958199502,0.08829965661956518,case_patch_macro
full_voxtell_reference,HCC_10147777_20171222.nii.gz,foreground,pairwise_world_stability,4,0.9238017026924247,0.02992039183286337,0.6301701828575228,0.9493145828205758,0.10602640307397775,case_patch_macro
full_voxtell_reference,HCC_10147777_20171222.nii.gz,overall,pairwise_world_stability,4,0.9956192087244105,0.4999999277349216,0.9758903397103509,0.9997238637096543,0.10761237575778951,case_patch_macro
penultimate_decoder_stage_output,HCC_10147777_20171222.nii.gz,background,blur_joint_product,4,0.9967121356395104,0.31530742491172387,0.976801499272164,0.9997470257912355,0.09049800391203384,case_patch_macro
penultimate_decoder_stage_output,HCC_10147777_20171222.nii.gz,foreground,blur_joint_product,4,0.9238017026924247,0.006984446134540316,0.7863726273269983,0.9642467945508995,0.2434580203864512,case_patch_macro
penultimate_decoder_stage_output,HCC_10147777_20171222.nii.gz,overall,blur_joint_product,4,0.9956192087244105,0.30934955454748325,0.9751019584360727,0.9997324375900158,0.11038748768813869,case_patch_macro
penultimate_decoder_stage_output,HCC_10147777_20171222.nii.gz,background,blur_world_stability,4,0.9967121356395104,0.5086294094774901,0.9684670527114365,0.9996190404365235,0.09109759070705005,case_patch_macro
penultimate_decoder_stage_output,HCC_10147777_20171222.nii.gz,foreground,blur_world_stability,4,0.9238017026924247,0.04785675267044088,0.616491017145408,0.9444909581574672,0.09126839217243828,case_patch_macro
penultimate_decoder_stage_output,HCC_10147777_20171222.nii.gz,overall,blur_world_stability,4,0.9956192087244105,0.4999999283233752,0.9666425750277748,0.9995926086140039,0.11061250694549601,case_patch_macro
penultimate_decoder_stage_output,HCC_10147777_20171222.nii.gz,background,confidence_rank,4,0.9967121356395104,0.5070016489735208,0.9435235774667645,0.9992387191186693,0.08070520635616608,case_patch_macro
penultimate_decoder_stage_output,HCC_10147777_20171222.nii.gz,foreground,confidence_rank,4,0.9238017026924247,0.0954572627148756,0.8560644241617411,0.9749364125589225,0.3098866927751542,case_patch_macro
penultimate_decoder_stage_output,HCC_10147777_20171222.nii.gz,overall,confidence_rank,4,0.9956192087244105,0.5000000679685076,0.9431869231884767,0.9992316936606348,0.10090859153738597,case_patch_macro
penultimate_decoder_stage_output,HCC_10147777_20171222.nii.gz,background,gamma_joint_product,4,0.9967121356395104,0.3115727703502632,0.9529656073896293,0.9994156411705251,0.0839990838792095,case_patch_macro
penultimate_decoder_stage_output,HCC_10147777_20171222.nii.gz,foreground,gamma_joint_product,4,0.9238017026924247,0.06235225346235021,0.8700539334131695,0.9805618570887273,0.3243925565374922,case_patch_macro
penultimate_decoder_stage_output,HCC_10147777_20171222.nii.gz,overall,gamma_joint_product,4,0.9956192087244105,0.3072353844809461,0.9535600610114005,0.9994082347696587,0.10429677802820675,case_patch_macro
penultimate_decoder_stage_output,HCC_10147777_20171222.nii.gz,background,gamma_world_stability,4,0.9967121356395104,0.5029257356580493,0.9290288542018567,0.9991558312783495,0.0863133939282506,case_patch_macro
penultimate_decoder_stage_output,HCC_10147777_20171222.nii.gz,foreground,gamma_world_stability,4,0.9238017026924247,0.25420418491058516,0.8653191998790069,0.9807726111207502,0.3290763831519261,case_patch_macro
penultimate_decoder_stage_output,HCC_10147777_20171222.nii.gz,overall,gamma_world_stability,4,0.9956192087244105,0.4999999286530312,0.9376804448588301,0.9991573963407012,0.10746346787032993,case_patch_macro
penultimate_decoder_stage_output,HCC_10147777_20171222.nii.gz,background,pairwise_joint_product,4,0.9967121356395104,0.3195908572750785,0.9782123748088819,0.9997592387059684,0.0905784820716128,case_patch_macro
penultimate_decoder_stage_output,HCC_10147777_20171222.nii.gz,foreground,pairwise_joint_product,4,0.9238017026924247,0.005988984861408722,0.7937957381215964,0.9670594562522565,0.2503357085785028,case_patch_macro
penultimate_decoder_stage_output,HCC_10147777_20171222.nii.gz,overall,pairwise_joint_product,4,0.9956192087244105,0.3135158198735227,0.9763596584776961,0.9997452360131939,0.11046872321881275,case_patch_macro
penultimate_decoder_stage_output,HCC_10147777_20171222.nii.gz,background,pairwise_world_stability,4,0.9967121356395104,0.5089060895972553,0.977225198216854,0.999724078358547,0.09213611248282069,case_patch_macro
penultimate_decoder_stage_output,HCC_10147777_20171222.nii.gz,foreground,pairwise_world_stability,4,0.9238017026924247,0.03607548495946728,0.6522299435440803,0.9529531415542605,0.12560017257444955,case_patch_macro
penultimate_decoder_stage_output,HCC_10147777_20171222.nii.gz,overall,pairwise_world_stability,4,0.9956192087244105,0.49999992586101094,0.9740262911495179,0.9996995901912522,0.11156514515762586,case_patch_macro
decoder_stage_1_low_to_high,HCC_PA0.nii.gz,background,blur_joint_product,4,0.9893460550096398,0.3175566854294235,0.9654234486932617,0.9995100246739355,0.18678990450695054,case_patch_macro
decoder_stage_1_low_to_high,HCC_PA0.nii.gz,foreground,blur_joint_product,4,0.9748945900980569,0.08535116347764175,0.9658042220011723,0.9989863779916748,0.2510290195133043,case_patch_macro
decoder_stage_1_low_to_high,HCC_PA0.nii.gz,overall,blur_joint_product,4,0.9889487513789424,0.30031506866202645,0.9634301939116091,0.9994672702261703,0.19064009218160363,case_patch_macro
decoder_stage_1_low_to_high,HCC_PA0.nii.gz,background,blur_world_stability,4,0.9893460550096398,0.5068383476976898,0.9347166325092617,0.9980163397358625,0.17435837271062338,case_patch_macro
decoder_stage_1_low_to_high,HCC_PA0.nii.gz,foreground,blur_world_stability,4,0.9748945900980569,0.36268871112413975,0.9527865296831747,0.9986224747223483,0.2531326090316548,case_patch_macro
decoder_stage_1_low_to_high,HCC_PA0.nii.gz,overall,blur_world_stability,4,0.9889487513789424,0.4999999318254603,0.9360841239476784,0.9982943564441661,0.1795304974758218,case_patch_macro
decoder_stage_1_low_to_high,HCC_PA0.nii.gz,background,confidence_rank,4,0.9893460550096398,0.5251738285619212,0.9768348878249703,0.9996870310698531,0.19235411384683618,case_patch_macro
decoder_stage_1_low_to_high,HCC_PA0.nii.gz,foreground,confidence_rank,4,0.9748945900980569,0.1692690946594186,0.9623528684161539,0.9988091979649724,0.25037699035163136,case_patch_macro
decoder_stage_1_low_to_high,HCC_PA0.nii.gz,overall,confidence_rank,4,0.9889487513789424,0.5000000647603401,0.9745205196402799,0.9996443564511361,0.19613567455657696,case_patch_macro
decoder_stage_1_low_to_high,HCC_PA0.nii.gz,background,gamma_joint_product,4,0.9893460550096398,0.3056619587294679,0.9614504501037365,0.9994622728888531,0.1856264767299243,case_patch_macro
decoder_stage_1_low_to_high,HCC_PA0.nii.gz,foreground,gamma_joint_product,4,0.9748945900980569,0.12167863716332972,0.9677346640126107,0.9990675714648135,0.2530079644864678,case_patch_macro
decoder_stage_1_low_to_high,HCC_PA0.nii.gz,overall,gamma_joint_product,4,0.9889487513789424,0.2924872796645035,0.9625614426427899,0.999458606235813,0.19072518851956366,case_patch_macro
decoder_stage_1_low_to_high,HCC_PA0.nii.gz,background,gamma_world_stability,4,0.9893460550096398,0.49017086781649666,0.8985879242450285,0.996454428426592,0.16324757321399092,case_patch_macro
decoder_stage_1_low_to_high,HCC_PA0.nii.gz,foreground,gamma_world_stability,4,0.9748945900980569,0.5673809502996064,0.9586336030660836,0.9988331726891491,0.2906329149219642,case_patch_macro
decoder_stage_1_low_to_high,HCC_PA0.nii.gz,overall,gamma_world_stability,4,0.9889487513789424,0.49999992605519017,0.9126805204461469,0.9973510049090606,0.17349182679956096,case_patch_macro
decoder_stage_1_low_to_high,HCC_PA0.nii.gz,background,pairwise_joint_product,4,0.9893460550096398,0.3204496810527132,0.9678172180956892,0.9995489086279258,0.1877661659119476,case_patch_macro
decoder_stage_1_low_to_high,HCC_PA0.nii.gz,foreground,pairwise_joint_product,4,0.9748945900980569,0.08105722733818503,0.9679970861726265,0.9990857268899239,0.2522513456480306,case_patch_macro
decoder_stage_1_low_to_high,HCC_PA0.nii.gz,overall,pairwise_joint_product,4,0.9889487513789424,0.3024607750327504,0.9659172243620716,0.9995103970722715,0.19167878181787815,case_patch_macro
decoder_stage_1_low_to_high,HCC_PA0.nii.gz,background,pairwise_world_stability,4,0.9893460550096398,0.509515998829269,0.9492658231495795,0.9986775402337823,0.18027172514419343,case_patch_macro
decoder_stage_1_low_to_high,HCC_PA0.nii.gz,foreground,pairwise_world_stability,4,0.9748945900980569,0.33272185659009135,0.9614524712389789,0.9989725611428327,0.256092926375914,case_patch_macro
decoder_stage_1_low_to_high,HCC_PA0.nii.gz,overall,pairwise_world_stability,4,0.9889487513789424,0.49999992889564315,0.9485355511880899,0.9988365418871784,0.1845868614346076,case_patch_macro
final_decoder_feature,HCC_PA0.nii.gz,background,blur_joint_product,4,0.9893460550096398,0.3174550237685053,0.965744739091812,0.9995085565660736,0.18664447069859955,case_patch_macro
final_decoder_feature,HCC_PA0.nii.gz,foreground,blur_joint_product,4,0.9748945900980569,0.08573827709699744,0.9666720939736977,0.9990054201385465,0.25140076448543897,case_patch_macro
final_decoder_feature,HCC_PA0.nii.gz,overall,blur_joint_product,4,0.9889487513789424,0.3002766344805954,0.9645105955982411,0.9994830743013612,0.1909223557311541,case_patch_macro
final_decoder_feature,HCC_PA0.nii.gz,background,blur_world_stability,4,0.9893460550096398,0.5068268380260351,0.9397910443945189,0.998280028783057,0.1756566201816069,case_patch_macro
final_decoder_feature,HCC_PA0.nii.gz,foreground,blur_world_stability,4,0.9748945900980569,0.3560177128106256,0.9540896114625953,0.9986595020420886,0.251234987424473,case_patch_macro
final_decoder_feature,HCC_PA0.nii.gz,overall,blur_world_stability,4,0.9889487513789424,0.49999992999269377,0.9412631989122143,0.9985824924771888,0.18111931607454337,case_patch_macro
final_decoder_feature,HCC_PA0.nii.gz,background,confidence_rank,4,0.9893460550096398,0.5251738285619212,0.9768348878249703,0.9996870310698531,0.19235411384683618,case_patch_macro
final_decoder_feature,HCC_PA0.nii.gz,foreground,confidence_rank,4,0.9748945900980569,0.1692690946594186,0.9623528684161539,0.9988091979649724,0.25037699035163136,case_patch_macro
final_decoder_feature,HCC_PA0.nii.gz,overall,confidence_rank,4,0.9889487513789424,0.5000000647603401,0.9745205196402799,0.9996443564511361,0.19613567455657696,case_patch_macro
final_decoder_feature,HCC_PA0.nii.gz,background,gamma_joint_product,4,0.9893460550096398,0.30832619856187554,0.9641180156700084,0.9994889258216951,0.186516718363172,case_patch_macro
final_decoder_feature,HCC_PA0.nii.gz,foreground,gamma_joint_product,4,0.9748945900980569,0.11800431557606518,0.9652322458006276,0.9989759433512808,0.25125090994064875,case_patch_macro
final_decoder_feature,HCC_PA0.nii.gz,overall,gamma_joint_product,4,0.9889487513789424,0.2945429018675514,0.9642156131156355,0.9994740280167868,0.1912443820221185,case_patch_macro
final_decoder_feature,HCC_PA0.nii.gz,background,gamma_world_stability,4,0.9893460550096398,0.4935188067576345,0.9105939846985631,0.9965715913781049,0.1660929464004108,case_patch_macro
final_decoder_feature,HCC_PA0.nii.gz,foreground,gamma_world_stability,4,0.9748945900980569,0.5283546608974636,0.9557531564101778,0.998717290611273,0.2744182019506839,case_patch_macro
final_decoder_feature,HCC_PA0.nii.gz,overall,gamma_world_stability,4,0.9889487513789424,0.4999999325179332,0.9214799584633121,0.9974665493662647,0.17520138438281055,case_patch_macro
final_decoder_feature,HCC_PA0.nii.gz,background,pairwise_joint_product,4,0.9893460550096398,0.3208256280047203,0.9674443435151847,0.9995357159662236,0.18727161353945057,case_patch_macro
final_decoder_feature,HCC_PA0.nii.gz,foreground,pairwise_joint_product,4,0.9748945900980569,0.08013828650602439,0.968397831308014,0.9990942193949149,0.2523227954626262,case_patch_macro
final_decoder_feature,HCC_PA0.nii.gz,overall,pairwise_joint_product,4,0.9889487513789424,0.3027517097057185,0.966153462758005,0.999510266871894,0.19152895877609014,case_patch_macro
final_decoder_feature,HCC_PA0.nii.gz,background,pairwise_world_stability,4,0.9893460550096398,0.5100634907100419,0.9493557431090643,0.9986693654022497,0.1793188797399612,case_patch_macro
final_decoder_feature,HCC_PA0.nii.gz,foreground,pairwise_world_stability,4,0.9748945900980569,0.3203891116367912,0.9607838966227097,0.9989582833702123,0.2536686322795836,case_patch_macro
final_decoder_feature,HCC_PA0.nii.gz,overall,pairwise_world_stability,4,0.9889487513789424,0.4999999337076112,0.9495369776887926,0.9988973421508522,0.18425165512972086,case_patch_macro
final_decoder_stage_input,HCC_PA0.nii.gz,background,blur_joint_product,4,0.9893460550096398,0.3174550237685053,0.965744739091812,0.9995085565660736,0.18664447069859955,case_patch_macro
final_decoder_stage_input,HCC_PA0.nii.gz,foreground,blur_joint_product,4,0.9748945900980569,0.08573827709699744,0.9666720939736977,0.9990054201385465,0.25140076448543897,case_patch_macro
final_decoder_stage_input,HCC_PA0.nii.gz,overall,blur_joint_product,4,0.9889487513789424,0.3002766344805954,0.9645105955982411,0.9994830743013612,0.1909223557311541,case_patch_macro
final_decoder_stage_input,HCC_PA0.nii.gz,background,blur_world_stability,4,0.9893460550096398,0.5068268380260351,0.9397910443945189,0.998280028783057,0.1756566201816069,case_patch_macro
final_decoder_stage_input,HCC_PA0.nii.gz,foreground,blur_world_stability,4,0.9748945900980569,0.3560177128106256,0.9540896114625953,0.9986595020420886,0.251234987424473,case_patch_macro
final_decoder_stage_input,HCC_PA0.nii.gz,overall,blur_world_stability,4,0.9889487513789424,0.49999992999269377,0.9412631989122143,0.9985824924771888,0.18111931607454337,case_patch_macro
final_decoder_stage_input,HCC_PA0.nii.gz,background,confidence_rank,4,0.9893460550096398,0.5251738285619212,0.9768348878249703,0.9996870310698531,0.19235411384683618,case_patch_macro
final_decoder_stage_input,HCC_PA0.nii.gz,foreground,confidence_rank,4,0.9748945900980569,0.1692690946594186,0.9623528684161539,0.9988091979649724,0.25037699035163136,case_patch_macro
final_decoder_stage_input,HCC_PA0.nii.gz,overall,confidence_rank,4,0.9889487513789424,0.5000000647603401,0.9745205196402799,0.9996443564511361,0.19613567455657696,case_patch_macro
final_decoder_stage_input,HCC_PA0.nii.gz,background,gamma_joint_product,4,0.9893460550096398,0.30832619856187554,0.9641180156700084,0.9994889258216951,0.186516718363172,case_patch_macro
final_decoder_stage_input,HCC_PA0.nii.gz,foreground,gamma_joint_product,4,0.9748945900980569,0.11800431557606518,0.9652322458006276,0.9989759433512808,0.25125090994064875,case_patch_macro
final_decoder_stage_input,HCC_PA0.nii.gz,overall,gamma_joint_product,4,0.9889487513789424,0.2945429018675514,0.9642156131156355,0.9994740280167868,0.1912443820221185,case_patch_macro
final_decoder_stage_input,HCC_PA0.nii.gz,background,gamma_world_stability,4,0.9893460550096398,0.4935188067576345,0.9105939846985631,0.9965715913781049,0.1660929464004108,case_patch_macro
final_decoder_stage_input,HCC_PA0.nii.gz,foreground,gamma_world_stability,4,0.9748945900980569,0.5283546608974636,0.9557531564101778,0.998717290611273,0.2744182019506839,case_patch_macro
final_decoder_stage_input,HCC_PA0.nii.gz,overall,gamma_world_stability,4,0.9889487513789424,0.4999999325179332,0.9214799584633121,0.9974665493662647,0.17520138438281055,case_patch_macro
final_decoder_stage_input,HCC_PA0.nii.gz,background,pairwise_joint_product,4,0.9893460550096398,0.3208256280047203,0.9674443435151847,0.9995357159662236,0.18727161353945057,case_patch_macro
final_decoder_stage_input,HCC_PA0.nii.gz,foreground,pairwise_joint_product,4,0.9748945900980569,0.08013828650602439,0.968397831308014,0.9990942193949149,0.2523227954626262,case_patch_macro
final_decoder_stage_input,HCC_PA0.nii.gz,overall,pairwise_joint_product,4,0.9889487513789424,0.3027517097057185,0.966153462758005,0.999510266871894,0.19152895877609014,case_patch_macro
final_decoder_stage_input,HCC_PA0.nii.gz,background,pairwise_world_stability,4,0.9893460550096398,0.5100634907100419,0.9493557431090643,0.9986693654022497,0.1793188797399612,case_patch_macro
final_decoder_stage_input,HCC_PA0.nii.gz,foreground,pairwise_world_stability,4,0.9748945900980569,0.3203891116367912,0.9607838966227097,0.9989582833702123,0.2536686322795836,case_patch_macro
final_decoder_stage_input,HCC_PA0.nii.gz,overall,pairwise_world_stability,4,0.9889487513789424,0.4999999337076112,0.9495369776887926,0.9988973421508522,0.18425165512972086,case_patch_macro
full_voxtell_reference,HCC_PA0.nii.gz,background,blur_joint_product,4,0.9893460550096398,0.31716931995586384,0.9646476177596367,0.9994898384942219,0.18560461699163233,case_patch_macro
full_voxtell_reference,HCC_PA0.nii.gz,foreground,blur_joint_product,4,0.9748945900980569,0.08004477164203284,0.9661428193020134,0.9989768132975754,0.25106876298619674,case_patch_macro
full_voxtell_reference,HCC_PA0.nii.gz,overall,blur_joint_product,4,0.9889487513789424,0.29944443528199494,0.963145429327492,0.9994585976992899,0.18976342591732645,case_patch_macro
full_voxtell_reference,HCC_PA0.nii.gz,background,blur_world_stability,4,0.9893460550096398,0.5085735321152218,0.9351048115037089,0.9980366229683553,0.17249453195483602,case_patch_macro
full_voxtell_reference,HCC_PA0.nii.gz,foreground,blur_world_stability,4,0.9748945900980569,0.3432423255777677,0.950650972258762,0.9985450346362459,0.24867938966610925,case_patch_macro
full_voxtell_reference,HCC_PA0.nii.gz,overall,blur_world_stability,4,0.9889487513789424,0.49999993147189636,0.9362945914795219,0.9983865473533315,0.1778498325943523,case_patch_macro
full_voxtell_reference,HCC_PA0.nii.gz,background,confidence_rank,4,0.9893460550096398,0.5251738285619212,0.9768348878249703,0.9996870310698531,0.19235411384683618,case_patch_macro
full_voxtell_reference,HCC_PA0.nii.gz,foreground,confidence_rank,4,0.9748945900980569,0.1692690946594186,0.9623528684161539,0.9988091979649724,0.25037699035163136,case_patch_macro
full_voxtell_reference,HCC_PA0.nii.gz,overall,confidence_rank,4,0.9889487513789424,0.5000000647603401,0.9745205196402799,0.9996443564511361,0.19613567455657696,case_patch_macro
full_voxtell_reference,HCC_PA0.nii.gz,background,gamma_joint_product,4,0.9893460550096398,0.30855814072928034,0.9639533448498075,0.9994864785452524,0.18654721282427808,case_patch_macro
full_voxtell_reference,HCC_PA0.nii.gz,foreground,gamma_joint_product,4,0.9748945900980569,0.1192434509822012,0.965436871532567,0.9989827533088743,0.2513713192199145,case_patch_macro
full_voxtell_reference,HCC_PA0.nii.gz,overall,gamma_joint_product,4,0.9889487513789424,0.29480720891959683,0.9640694038832126,0.9994714188609554,0.1912768394938578,case_patch_macro
full_voxtell_reference,HCC_PA0.nii.gz,background,gamma_world_stability,4,0.9893460550096398,0.4935473622432638,0.9098638234469192,0.9965392550731319,0.165563543104635,case_patch_macro
full_voxtell_reference,HCC_PA0.nii.gz,foreground,gamma_world_stability,4,0.9748945900980569,0.5319563628168519,0.9563968908800558,0.9987409886576836,0.27518828055513794,case_patch_macro
full_voxtell_reference,HCC_PA0.nii.gz,overall,gamma_world_stability,4,0.9889487513789424,0.49999993141801097,0.9209396220196249,0.997439879948637,0.17472758970896482,case_patch_macro
full_voxtell_reference,HCC_PA0.nii.gz,background,pairwise_joint_product,4,0.9893460550096398,0.3208713004246086,0.966405058172827,0.9995177501962029,0.18637235621081225,case_patch_macro
full_voxtell_reference,HCC_PA0.nii.gz,foreground,pairwise_joint_product,4,0.9748945900980569,0.07539460819461062,0.9682921348406152,0.9990847199547201,0.2522148793780948,case_patch_macro
full_voxtell_reference,HCC_PA0.nii.gz,overall,pairwise_joint_product,4,0.9889487513789424,0.30231121868117017,0.9649670542765021,0.9994887925440616,0.19056465607524656,case_patch_macro
full_voxtell_reference,HCC_PA0.nii.gz,background,pairwise_world_stability,4,0.9893460550096398,0.5114956132792927,0.9456236357840132,0.9985314554927458,0.17686130008844836,case_patch_macro
full_voxtell_reference,HCC_PA0.nii.gz,foreground,pairwise_world_stability,4,0.9748945900980569,0.31003653263137076,0.9590485159977077,0.9989022632790289,0.2521828090703167,case_patch_macro
full_voxtell_reference,HCC_PA0.nii.gz,overall,pairwise_world_stability,4,0.9889487513789424,0.499999935144476,0.9456215087385176,0.9987748888375361,0.1817305433997063,case_patch_macro
penultimate_decoder_stage_output,HCC_PA0.nii.gz,background,blur_joint_product,4,0.9893460550096398,0.3170796892054404,0.9656744692027576,0.999509765400135,0.1866526521702494,case_patch_macro
penultimate_decoder_stage_output,HCC_PA0.nii.gz,foreground,blur_joint_product,4,0.9748945900980569,0.09045843694497498,0.9668498289647847,0.9990060523570179,0.25150249009238823,case_patch_macro
penultimate_decoder_stage_output,HCC_PA0.nii.gz,overall,blur_joint_product,4,0.9889487513789424,0.3002242773193467,0.9645497728604701,0.9994860354161128,0.1909776974966447,case_patch_macro
penultimate_decoder_stage_output,HCC_PA0.nii.gz,background,blur_world_stability,4,0.9893460550096398,0.5061641434204875,0.9397873438751073,0.9983371139071973,0.17580311506251756,case_patch_macro
penultimate_decoder_stage_output,HCC_PA0.nii.gz,foreground,blur_world_stability,4,0.9748945900980569,0.36672199878333117,0.9551961490469784,0.9986891662695211,0.25223431621022396,case_patch_macro
penultimate_decoder_stage_output,HCC_PA0.nii.gz,overall,blur_world_stability,4,0.9889487513789424,0.4999999299495433,0.9414569236556628,0.9986271503096347,0.18132297613773574,case_patch_macro
penultimate_decoder_stage_output,HCC_PA0.nii.gz,background,confidence_rank,4,0.9893460550096398,0.5251738285619212,0.9768348878249703,0.9996870310698531,0.19235411384683618,case_patch_macro
penultimate_decoder_stage_output,HCC_PA0.nii.gz,foreground,confidence_rank,4,0.9748945900980569,0.1692690946594186,0.9623528684161539,0.9988091979649724,0.25037699035163136,case_patch_macro
penultimate_decoder_stage_output,HCC_PA0.nii.gz,overall,confidence_rank,4,0.9889487513789424,0.5000000647603401,0.9745205196402799,0.9996443564511361,0.19613567455657696,case_patch_macro
penultimate_decoder_stage_output,HCC_PA0.nii.gz,background,gamma_joint_product,4,0.9893460550096398,0.3077014728720242,0.9654274107394695,0.9995118023019959,0.18714201802887323,case_patch_macro
penultimate_decoder_stage_output,HCC_PA0.nii.gz,foreground,gamma_joint_product,4,0.9748945900980569,0.11833039676363659,0.9650155597015413,0.9989649892028751,0.25114610316371755,case_patch_macro
penultimate_decoder_stage_output,HCC_PA0.nii.gz,overall,gamma_joint_product,4,0.9889487513789424,0.29415192621705244,0.9657170585707457,0.999500707774378,0.19195342673943175,case_patch_macro
penultimate_decoder_stage_output,HCC_PA0.nii.gz,background,gamma_world_stability,4,0.9893460550096398,0.4922486160516243,0.9167310819807238,0.9969099218797908,0.16900756590158503,case_patch_macro
penultimate_decoder_stage_output,HCC_PA0.nii.gz,foreground,gamma_world_stability,4,0.9748945900980569,0.5355161879369202,0.9555797895683825,0.9986974920160273,0.2760979171127132,case_patch_macro
penultimate_decoder_stage_output,HCC_PA0.nii.gz,overall,gamma_world_stability,4,0.9889487513789424,0.49999993045642654,0.9271723345215217,0.9977252196521582,0.17787060224159967,case_patch_macro
penultimate_decoder_stage_output,HCC_PA0.nii.gz,background,pairwise_joint_product,4,0.9893460550096398,0.3202625014843262,0.9675927099272671,0.999540556165153,0.18738041974575848,case_patch_macro
penultimate_decoder_stage_output,HCC_PA0.nii.gz,foreground,pairwise_joint_product,4,0.9748945900980569,0.0845616831644523,0.9687231997047655,0.9991028703179641,0.25251841212473486,case_patch_macro
penultimate_decoder_stage_output,HCC_PA0.nii.gz,overall,pairwise_joint_product,4,0.9889487513789424,0.30256020407412,0.9664694232968403,0.999518173053101,0.19171360614678445,case_patch_macro
penultimate_decoder_stage_output,HCC_PA0.nii.gz,background,pairwise_world_stability,4,0.9893460550096398,0.5090583702196432,0.9501714180492263,0.9987748610243714,0.1798164173979883,case_patch_macro
penultimate_decoder_stage_output,HCC_PA0.nii.gz,foreground,pairwise_world_stability,4,0.9748945900980569,0.33324478422939,0.9619780194398978,0.9989942852278983,0.25465323697372705,case_patch_macro
penultimate_decoder_stage_output,HCC_PA0.nii.gz,overall,pairwise_world_stability,4,0.9889487513789424,0.49999993304550755,0.9505857232812632,0.9989782918607681,0.18483576059997567,case_patch_macro
decoder_stage_1_low_to_high,CYST_PA37.nii.gz,background,blur_joint_product,4,0.997692047589456,0.29961696531878085,0.9852325724077637,0.9999215028237711,0.09163565776243389,case_patch_macro
decoder_stage_1_low_to_high,CYST_PA37.nii.gz,foreground,blur_joint_product,4,0.9213422900707272,0.0986451629179707,0.8555738455730083,0.9839882242144279,0.3264708761665959,case_patch_macro
decoder_stage_1_low_to_high,CYST_PA37.nii.gz,overall,blur_joint_product,4,0.9967894024319119,0.29636252920702116,0.9851182139978354,0.9999083521966978,0.10852263360458231,case_patch_macro
decoder_stage_1_low_to_high,CYST_PA37.nii.gz,background,blur_world_stability,4,0.997692047589456,0.5039941451989236,0.9631311076168854,0.9997363871171078,0.08890283841511902,case_patch_macro
decoder_stage_1_low_to_high,CYST_PA37.nii.gz,foreground,blur_world_stability,4,0.9213422900707272,0.2313682181371112,0.8310486741414014,0.9815846370986843,0.30827840595009975,case_patch_macro
decoder_stage_1_low_to_high,CYST_PA37.nii.gz,overall,blur_world_stability,4,0.9967894024319119,0.49999992973728996,0.9682514196413955,0.9997238219183558,0.10647486486332886,case_patch_macro
decoder_stage_1_low_to_high,CYST_PA37.nii.gz,background,confidence_rank,4,0.997692047589456,0.5047537729750462,0.9848558227538146,0.9999106539096247,0.09225968890979253,case_patch_macro
decoder_stage_1_low_to_high,CYST_PA37.nii.gz,foreground,confidence_rank,4,0.9213422900707272,0.18567454464993194,0.8508070337917845,0.9828276701170869,0.32345395807076793,case_patch_macro
decoder_stage_1_low_to_high,CYST_PA37.nii.gz,overall,confidence_rank,4,0.9967894024319119,0.5000000692704286,0.9848390307509712,0.9998980907353503,0.10922383814439567,case_patch_macro
decoder_stage_1_low_to_high,CYST_PA37.nii.gz,background,gamma_joint_product,4,0.997692047589456,0.29417554922990996,0.9774785254533519,0.9998937486682195,0.09071210399528788,case_patch_macro
decoder_stage_1_low_to_high,CYST_PA37.nii.gz,foreground,gamma_joint_product,4,0.9213422900707272,0.13182073073771972,0.8808104471702797,0.9878086220922815,0.352006798233421,case_patch_macro
decoder_stage_1_low_to_high,CYST_PA37.nii.gz,overall,gamma_joint_product,4,0.9967894024319119,0.2915775540497956,0.9798295369831411,0.9998826647233519,0.10794877882965642,case_patch_macro
decoder_stage_1_low_to_high,CYST_PA37.nii.gz,background,gamma_world_stability,4,0.997692047589456,0.5007805017163692,0.9164516734429342,0.9995721636845387,0.0853244137128004,case_patch_macro
decoder_stage_1_low_to_high,CYST_PA37.nii.gz,foreground,gamma_world_stability,4,0.9213422900707272,0.41916700748269875,0.8726478878208415,0.9871694581243897,0.37173424214963663,case_patch_macro
decoder_stage_1_low_to_high,CYST_PA37.nii.gz,overall,gamma_world_stability,4,0.9967894024319119,0.4999999445165157,0.934770377450552,0.9995661821656703,0.1052344382823644,case_patch_macro
decoder_stage_1_low_to_high,CYST_PA37.nii.gz,background,pairwise_joint_product,4,0.997692047589456,0.3024332514901202,0.9865300769400092,0.9999285133264326,0.0918515610910716,case_patch_macro
decoder_stage_1_low_to_high,CYST_PA37.nii.gz,foreground,pairwise_joint_product,4,0.9213422900707272,0.09697512567978757,0.8564349204458925,0.9837729370178492,0.32670135245464677,case_patch_macro
decoder_stage_1_low_to_high,CYST_PA37.nii.gz,overall,pairwise_joint_product,4,0.9967894024319119,0.2990890374069226,0.9861638331930921,0.9999157888639969,0.1087191022672968,case_patch_macro
decoder_stage_1_low_to_high,CYST_PA37.nii.gz,background,pairwise_world_stability,4,0.997692047589456,0.5043792280370227,0.9741794884567357,0.9998292027213522,0.0907097932137851,case_patch_macro
decoder_stage_1_low_to_high,CYST_PA37.nii.gz,foreground,pairwise_world_stability,4,0.9213422900707272,0.20703314927934682,0.8395298416297722,0.9821420124021646,0.31408672485970107,case_patch_macro
decoder_stage_1_low_to_high,CYST_PA37.nii.gz,overall,pairwise_world_stability,4,0.9967894024319119,0.49999993176818114,0.9764963859460659,0.9998177907617385,0.10796841716257706,case_patch_macro
final_decoder_feature,CYST_PA37.nii.gz,background,blur_joint_product,4,0.997692047589456,0.3008096503966279,0.9932606183724134,0.9999683685879516,0.09284209184017744,case_patch_macro
final_decoder_feature,CYST_PA37.nii.gz,foreground,blur_joint_product,4,0.9213422900707272,0.052912626094182645,0.8270060762641661,0.9795177542342696,0.2969098977994211,case_patch_macro
final_decoder_feature,CYST_PA37.nii.gz,overall,blur_joint_product,4,0.9967894024319119,0.29697054176302945,0.9912091248172915,0.9999541332263392,0.10949539489857514,case_patch_macro
final_decoder_feature,CYST_PA37.nii.gz,background,blur_world_stability,4,0.997692047589456,0.5053865576296059,0.9847314273386814,0.9999093807687316,0.09258385081811227,case_patch_macro
final_decoder_feature,CYST_PA37.nii.gz,foreground,blur_world_stability,4,0.9213422900707272,0.12666983956396435,0.7601470139105997,0.969624675030985,0.232673927163035,case_patch_macro
final_decoder_feature,CYST_PA37.nii.gz,overall,blur_world_stability,4,0.9967894024319119,0.4999999309741354,0.9839607549554118,0.9998913667875347,0.10935572277560164,case_patch_macro
final_decoder_feature,CYST_PA37.nii.gz,background,confidence_rank,4,0.997692047589456,0.5047537729750462,0.9848558227538146,0.9999106539096247,0.09225968890979253,case_patch_macro
final_decoder_feature,CYST_PA37.nii.gz,foreground,confidence_rank,4,0.9213422900707272,0.18567454464993194,0.8508070337917845,0.9828276701170869,0.32345395807076793,case_patch_macro
final_decoder_feature,CYST_PA37.nii.gz,overall,confidence_rank,4,0.9967894024319119,0.5000000692704286,0.9848390307509712,0.9998980907353503,0.10922383814439567,case_patch_macro
final_decoder_feature,CYST_PA37.nii.gz,background,gamma_joint_product,4,0.997692047589456,0.29744177706348235,0.9797309357755203,0.9998948256809965,0.09107511173397274,case_patch_macro
final_decoder_feature,CYST_PA37.nii.gz,foreground,gamma_joint_product,4,0.9213422900707272,0.13407331582350646,0.8767489437948761,0.9871116736245069,0.3475899004221208,case_patch_macro
final_decoder_feature,CYST_PA37.nii.gz,overall,gamma_joint_product,4,0.9967894024319119,0.29483327225658673,0.9814184255345659,0.9998839837180371,0.10822819221225105,case_patch_macro
final_decoder_feature,CYST_PA37.nii.gz,background,gamma_world_stability,4,0.997692047589456,0.5015513142911965,0.938077919726414,0.9996664188304135,0.08713997753981621,case_patch_macro
final_decoder_feature,CYST_PA37.nii.gz,foreground,gamma_world_stability,4,0.9213422900707272,0.3745769304144322,0.8729572547097787,0.9869992322741149,0.3613213006100358,case_patch_macro
final_decoder_feature,CYST_PA37.nii.gz,overall,gamma_world_stability,4,0.9967894024319119,0.4999999331526868,0.9506675418865069,0.999660596474007,0.10598342974060393,case_patch_macro
final_decoder_feature,CYST_PA37.nii.gz,background,pairwise_joint_product,4,0.997692047589456,0.30384016266224945,0.993789937242911,0.9999719694569219,0.09288129527800341,case_patch_macro
final_decoder_feature,CYST_PA37.nii.gz,foreground,pairwise_joint_product,4,0.9213422900707272,0.05125551049065746,0.8312845844373983,0.9797520960793703,0.3005510223367354,case_patch_macro
final_decoder_feature,CYST_PA37.nii.gz,overall,pairwise_joint_product,4,0.9967894024319119,0.29991513850685597,0.9916918317155062,0.9999581893308168,0.10953933463666406,case_patch_macro
final_decoder_feature,CYST_PA37.nii.gz,background,pairwise_world_stability,4,0.997692047589456,0.5056893352487765,0.9901298759667837,0.9999477273841241,0.09301615929795093,case_patch_macro
final_decoder_feature,CYST_PA37.nii.gz,foreground,pairwise_world_stability,4,0.9213422900707272,0.10817334462892392,0.7755337317928667,0.9710069486365986,0.24612904646963085,case_patch_macro
final_decoder_feature,CYST_PA37.nii.gz,overall,pairwise_world_stability,4,0.9967894024319119,0.49999993336755705,0.9881584186262596,0.9999315323360962,0.1096639571869484,case_patch_macro
final_decoder_stage_input,CYST_PA37.nii.gz,background,blur_joint_product,4,0.997692047589456,0.3008096503966279,0.9932606183724134,0.9999683685879516,0.09284209184017744,case_patch_macro
final_decoder_stage_input,CYST_PA37.nii.gz,foreground,blur_joint_product,4,0.9213422900707272,0.052912626094182645,0.8270060762641661,0.9795177542342696,0.2969098977994211,case_patch_macro
final_decoder_stage_input,CYST_PA37.nii.gz,overall,blur_joint_product,4,0.9967894024319119,0.29697054176302945,0.9912091248172915,0.9999541332263392,0.10949539489857514,case_patch_macro
final_decoder_stage_input,CYST_PA37.nii.gz,background,blur_world_stability,4,0.997692047589456,0.5053865576296059,0.9847314273386814,0.9999093807687316,0.09258385081811227,case_patch_macro
final_decoder_stage_input,CYST_PA37.nii.gz,foreground,blur_world_stability,4,0.9213422900707272,0.12666983956396435,0.7601470139105997,0.969624675030985,0.232673927163035,case_patch_macro
final_decoder_stage_input,CYST_PA37.nii.gz,overall,blur_world_stability,4,0.9967894024319119,0.4999999309741354,0.9839607549554118,0.9998913667875347,0.10935572277560164,case_patch_macro
final_decoder_stage_input,CYST_PA37.nii.gz,background,confidence_rank,4,0.997692047589456,0.5047537729750462,0.9848558227538146,0.9999106539096247,0.09225968890979253,case_patch_macro
final_decoder_stage_input,CYST_PA37.nii.gz,foreground,confidence_rank,4,0.9213422900707272,0.18567454464993194,0.8508070337917845,0.9828276701170869,0.32345395807076793,case_patch_macro
final_decoder_stage_input,CYST_PA37.nii.gz,overall,confidence_rank,4,0.9967894024319119,0.5000000692704286,0.9848390307509712,0.9998980907353503,0.10922383814439567,case_patch_macro
final_decoder_stage_input,CYST_PA37.nii.gz,background,gamma_joint_product,4,0.997692047589456,0.29744177706348235,0.9797309357755203,0.9998948256809965,0.09107511173397274,case_patch_macro
final_decoder_stage_input,CYST_PA37.nii.gz,foreground,gamma_joint_product,4,0.9213422900707272,0.13407331582350646,0.8767489437948761,0.9871116736245069,0.3475899004221208,case_patch_macro
final_decoder_stage_input,CYST_PA37.nii.gz,overall,gamma_joint_product,4,0.9967894024319119,0.29483327225658673,0.9814184255345659,0.9998839837180371,0.10822819221225105,case_patch_macro
final_decoder_stage_input,CYST_PA37.nii.gz,background,gamma_world_stability,4,0.997692047589456,0.5015513142911965,0.938077919726414,0.9996664188304135,0.08713997753981621,case_patch_macro
final_decoder_stage_input,CYST_PA37.nii.gz,foreground,gamma_world_stability,4,0.9213422900707272,0.3745769304144322,0.8729572547097787,0.9869992322741149,0.3613213006100358,case_patch_macro
final_decoder_stage_input,CYST_PA37.nii.gz,overall,gamma_world_stability,4,0.9967894024319119,0.4999999331526868,0.9506675418865069,0.999660596474007,0.10598342974060393,case_patch_macro
final_decoder_stage_input,CYST_PA37.nii.gz,background,pairwise_joint_product,4,0.997692047589456,0.30384016266224945,0.993789937242911,0.9999719694569219,0.09288129527800341,case_patch_macro
final_decoder_stage_input,CYST_PA37.nii.gz,foreground,pairwise_joint_product,4,0.9213422900707272,0.05125551049065746,0.8312845844373983,0.9797520960793703,0.3005510223367354,case_patch_macro
final_decoder_stage_input,CYST_PA37.nii.gz,overall,pairwise_joint_product,4,0.9967894024319119,0.29991513850685597,0.9916918317155062,0.9999581893308168,0.10953933463666406,case_patch_macro
final_decoder_stage_input,CYST_PA37.nii.gz,background,pairwise_world_stability,4,0.997692047589456,0.5056893352487765,0.9901298759667837,0.9999477273841241,0.09301615929795093,case_patch_macro
final_decoder_stage_input,CYST_PA37.nii.gz,foreground,pairwise_world_stability,4,0.9213422900707272,0.10817334462892392,0.7755337317928667,0.9710069486365986,0.24612904646963085,case_patch_macro
final_decoder_stage_input,CYST_PA37.nii.gz,overall,pairwise_world_stability,4,0.9967894024319119,0.49999993336755705,0.9881584186262596,0.9999315323360962,0.1096639571869484,case_patch_macro
full_voxtell_reference,CYST_PA37.nii.gz,background,blur_joint_product,4,0.997692047589456,0.2992612437945239,0.9940695127833687,0.9999700995498619,0.09233169804460241,case_patch_macro
full_voxtell_reference,CYST_PA37.nii.gz,foreground,blur_joint_product,4,0.9213422900707272,0.0353334012025499,0.8221456748008716,0.978255761646341,0.29170349388457495,case_patch_macro
full_voxtell_reference,CYST_PA37.nii.gz,overall,blur_joint_product,4,0.9967894024319119,0.29526496734483687,0.9915830248019996,0.9999551277575668,0.10885770491697362,case_patch_macro
full_voxtell_reference,CYST_PA37.nii.gz,background,blur_world_stability,4,0.997692047589456,0.5056465626184473,0.9866608267346987,0.9998997088520438,0.09145136380498153,case_patch_macro
full_voxtell_reference,CYST_PA37.nii.gz,foreground,blur_world_stability,4,0.9213422900707272,0.10107083045941224,0.7440823719924827,0.964674045992508,0.2152874188802759,case_patch_macro
full_voxtell_reference,CYST_PA37.nii.gz,overall,blur_world_stability,4,0.9967894024319119,0.4999999297042113,0.9845035632044045,0.9998777002813011,0.10784186243452624,case_patch_macro
full_voxtell_reference,CYST_PA37.nii.gz,background,confidence_rank,4,0.997692047589456,0.5047537729750462,0.9848558227538146,0.9999106539096247,0.09225968890979253,case_patch_macro
full_voxtell_reference,CYST_PA37.nii.gz,foreground,confidence_rank,4,0.9213422900707272,0.18567454464993194,0.8508070337917845,0.9828276701170869,0.32345395807076793,case_patch_macro
full_voxtell_reference,CYST_PA37.nii.gz,overall,confidence_rank,4,0.9967894024319119,0.5000000692704286,0.9848390307509712,0.9998980907353503,0.10922383814439567,case_patch_macro
full_voxtell_reference,CYST_PA37.nii.gz,background,gamma_joint_product,4,0.997692047589456,0.2962961010094802,0.9799875477910677,0.9998939592549289,0.091144701801695,case_patch_macro
full_voxtell_reference,CYST_PA37.nii.gz,foreground,gamma_joint_product,4,0.9213422900707272,0.13266497390619283,0.8764766727433883,0.9870721134342856,0.34735055244401397,case_patch_macro
full_voxtell_reference,CYST_PA37.nii.gz,overall,gamma_joint_product,4,0.9967894024319119,0.29368482108464744,0.9816303077529297,0.9998832937563679,0.10829246955191356,case_patch_macro
full_voxtell_reference,CYST_PA37.nii.gz,background,gamma_world_stability,4,0.997692047589456,0.5016836975696475,0.9400890620333765,0.9996897826926835,0.08749864524039934,case_patch_macro
full_voxtell_reference,CYST_PA37.nii.gz,foreground,gamma_world_stability,4,0.9213422900707272,0.3684727830973218,0.8722910804300564,0.986911404374944,0.36062100278618603,case_patch_macro
full_voxtell_reference,CYST_PA37.nii.gz,overall,gamma_world_stability,4,0.9967894024319119,0.49999992971386203,0.9523036404779036,0.9996830661233457,0.10628292464767775,case_patch_macro
full_voxtell_reference,CYST_PA37.nii.gz,background,pairwise_joint_product,4,0.997692047589456,0.30188149358414684,0.9945653575719385,0.9999731062753285,0.09241680582520351,case_patch_macro
full_voxtell_reference,CYST_PA37.nii.gz,foreground,pairwise_joint_product,4,0.9213422900707272,0.03363812649796013,0.8280122165158842,0.978820527890672,0.29683927807618793,case_patch_macro
full_voxtell_reference,CYST_PA37.nii.gz,overall,pairwise_joint_product,4,0.9967894024319119,0.2978123608557136,0.9921272989865598,0.9999588848502059,0.10897256380790495,case_patch_macro
full_voxtell_reference,CYST_PA37.nii.gz,background,pairwise_world_stability,4,0.997692047589456,0.5059413081901348,0.991927666485953,0.9999506292108334,0.09228793026271208,case_patch_macro
full_voxtell_reference,CYST_PA37.nii.gz,foreground,pairwise_world_stability,4,0.9213422900707272,0.08323671845080598,0.762564092105289,0.966631135081972,0.23184349821399874,case_patch_macro
full_voxtell_reference,CYST_PA37.nii.gz,overall,pairwise_world_stability,4,0.9967894024319119,0.49999993153284095,0.9890701804094265,0.9999326073708681,0.10869594446745602,case_patch_macro
penultimate_decoder_stage_output,CYST_PA37.nii.gz,background,blur_joint_product,4,0.997692047589456,0.30066539728439123,0.990140900661887,0.9999368640278242,0.09222941591439086,case_patch_macro
penultimate_decoder_stage_output,CYST_PA37.nii.gz,foreground,blur_joint_product,4,0.9213422900707272,0.0692167375206872,0.8324257389200476,0.9803002705962361,0.30183151605932007,case_patch_macro
penultimate_decoder_stage_output,CYST_PA37.nii.gz,overall,blur_joint_product,4,0.9967894024319119,0.2970929938242052,0.9889281785165821,0.9999233703991268,0.10897059300217382,case_patch_macro
penultimate_decoder_stage_output,CYST_PA37.nii.gz,background,blur_world_stability,4,0.997692047589456,0.5049225027701608,0.9784843945390986,0.9998480791983977,0.09131823906354947,case_patch_macro
penultimate_decoder_stage_output,CYST_PA37.nii.gz,foreground,blur_world_stability,4,0.9213422900707272,0.15423714961726245,0.7763514894368454,0.9723344364832328,0.24794354050691855,case_patch_macro
penultimate_decoder_stage_output,CYST_PA37.nii.gz,overall,blur_world_stability,4,0.9967894024319119,0.49999992986932884,0.9797988653223838,0.9998324445142982,0.10834483985910237,case_patch_macro
penultimate_decoder_stage_output,CYST_PA37.nii.gz,background,confidence_rank,4,0.997692047589456,0.5047537729750462,0.9848558227538146,0.9999106539096247,0.09225968890979253,case_patch_macro
penultimate_decoder_stage_output,CYST_PA37.nii.gz,foreground,confidence_rank,4,0.9213422900707272,0.18567454464993194,0.8508070337917845,0.9828276701170869,0.32345395807076793,case_patch_macro
penultimate_decoder_stage_output,CYST_PA37.nii.gz,overall,confidence_rank,4,0.9967894024319119,0.5000000692704286,0.9848390307509712,0.9998980907353503,0.10922383814439567,case_patch_macro
penultimate_decoder_stage_output,CYST_PA37.nii.gz,background,gamma_joint_product,4,0.997692047589456,0.29750228127687395,0.9792847853961749,0.9998931535518361,0.09099160536984514,case_patch_macro
penultimate_decoder_stage_output,CYST_PA37.nii.gz,foreground,gamma_joint_product,4,0.9213422900707272,0.13167976176829158,0.8742981005225143,0.986869527084482,0.3452519565946246,case_patch_macro
penultimate_decoder_stage_output,CYST_PA37.nii.gz,overall,gamma_joint_product,4,0.9967894024319119,0.29485750081689344,0.98101223291428,0.9998819804861508,0.10813972620368902,case_patch_macro
penultimate_decoder_stage_output,CYST_PA37.nii.gz,background,gamma_world_stability,4,0.997692047589456,0.5015637547268355,0.933516674850445,0.9996348179602181,0.08620053578376374,case_patch_macro
penultimate_decoder_stage_output,CYST_PA37.nii.gz,foreground,gamma_world_stability,4,0.9213422900707272,0.3727509955712094,0.8674863346443824,0.986425455954615,0.3557619500056995,case_patch_macro
penultimate_decoder_stage_output,CYST_PA37.nii.gz,overall,gamma_world_stability,4,0.9967894024319119,0.4999999317656905,0.9471282268326554,0.9996288433175078,0.10513264943831908,case_patch_macro
penultimate_decoder_stage_output,CYST_PA37.nii.gz,background,pairwise_joint_product,4,0.997692047589456,0.3038301784180564,0.9910080797795963,0.9999400769301086,0.09234592743131287,case_patch_macro
penultimate_decoder_stage_output,CYST_PA37.nii.gz,foreground,pairwise_joint_product,4,0.9213422900707272,0.06641969123174933,0.8345564456602647,0.9802240708190649,0.30351191480004186,case_patch_macro
penultimate_decoder_stage_output,CYST_PA37.nii.gz,overall,pairwise_joint_product,4,0.9967894024319119,0.3001514028646445,0.989624783736144,0.9999270755645451,0.10907526684611173,case_patch_macro
penultimate_decoder_stage_output,CYST_PA37.nii.gz,background,pairwise_world_stability,4,0.997692047589456,0.5052816272313574,0.9859595906044727,0.9999101123984032,0.09219961489905389,case_patch_macro
penultimate_decoder_stage_output,CYST_PA37.nii.gz,foreground,pairwise_world_stability,4,0.9213422900707272,0.13223895621768714,0.7853039751734725,0.9727969651451,0.25543026042456995,case_patch_macro
penultimate_decoder_stage_output,CYST_PA37.nii.gz,overall,pairwise_world_stability,4,0.9967894024319119,0.4999999300689187,0.9852179309504151,0.9998950934227875,0.1089824556154901,case_patch_macro
decoder_stage_1_low_to_high,ICC_PA18.nii.gz,background,blur_joint_product,4,0.9896644734841721,0.3154175853650311,0.9602109647309195,0.9993868456356486,0.1784993624214363,case_patch_macro
decoder_stage_1_low_to_high,ICC_PA18.nii.gz,foreground,blur_joint_product,4,0.9605820372698428,0.07385536166216929,0.8970215820905191,0.9951418966056277,0.27110828311442664,case_patch_macro
decoder_stage_1_low_to_high,ICC_PA18.nii.gz,overall,blur_joint_product,4,0.9882186607078269,0.30258092305539264,0.9599664063153192,0.9993048738330241,0.18957088633416208,case_patch_macro
decoder_stage_1_low_to_high,ICC_PA18.nii.gz,background,blur_world_stability,4,0.9896644734841721,0.5059113862740845,0.9197105332571188,0.9974943680951507,0.16147890072214233,case_patch_macro
decoder_stage_1_low_to_high,ICC_PA18.nii.gz,foreground,blur_world_stability,4,0.9605820372698428,0.3151566504013604,0.8590143687956086,0.9935861139742003,0.2534465486878888,case_patch_macro
decoder_stage_1_low_to_high,ICC_PA18.nii.gz,overall,blur_world_stability,4,0.9882186607078269,0.49999993078999216,0.9268294709356191,0.9976834407570012,0.17504320435586151,case_patch_macro
decoder_stage_1_low_to_high,ICC_PA18.nii.gz,background,confidence_rank,4,0.9896644734841721,0.5184868907764241,0.9729081631377808,0.9995804387225597,0.18443315005138128,case_patch_macro
decoder_stage_1_low_to_high,ICC_PA18.nii.gz,foreground,confidence_rank,4,0.9605820372698428,0.14178605272898723,0.9221919588513501,0.9963013550566204,0.2885865913208045,case_patch_macro
decoder_stage_1_low_to_high,ICC_PA18.nii.gz,overall,confidence_rank,4,0.9882186607078269,0.5000000686740697,0.9707411817111461,0.9994917923864775,0.1948854854577339,case_patch_macro
decoder_stage_1_low_to_high,ICC_PA18.nii.gz,background,gamma_joint_product,4,0.9896644734841721,0.30778508810445443,0.9487481386018087,0.9992573952488021,0.17457585206813678,case_patch_macro
decoder_stage_1_low_to_high,ICC_PA18.nii.gz,foreground,gamma_joint_product,4,0.9605820372698428,0.10195329294310089,0.9301569052784444,0.9970867687825526,0.29124790990436883,case_patch_macro
decoder_stage_1_low_to_high,ICC_PA18.nii.gz,overall,gamma_joint_product,4,0.9882186607078269,0.2974402523325092,0.9512604673609871,0.9992002569786625,0.1866139587909904,case_patch_macro
decoder_stage_1_low_to_high,ICC_PA18.nii.gz,background,gamma_world_stability,4,0.9896644734841721,0.49637739985594026,0.8463810421548325,0.9958006860761066,0.1376777227309838,case_patch_macro
decoder_stage_1_low_to_high,ICC_PA18.nii.gz,foreground,gamma_world_stability,4,0.9605820372698428,0.5336726671253716,0.9093711764368438,0.9960948599458698,0.3113121922174541,case_patch_macro
decoder_stage_1_low_to_high,ICC_PA18.nii.gz,overall,gamma_world_stability,4,0.9882186607078269,0.49999993367180195,0.8666095713194166,0.9962730601491677,0.15581284955676236,case_patch_macro
decoder_stage_1_low_to_high,ICC_PA18.nii.gz,background,pairwise_joint_product,4,0.9896644734841721,0.3177108122663417,0.9639185481685203,0.9994453300301578,0.18013931765313382,case_patch_macro
decoder_stage_1_low_to_high,ICC_PA18.nii.gz,foreground,pairwise_joint_product,4,0.9605820372698428,0.0702875690984701,0.8967826732660634,0.995102061916298,0.2708700128314162,case_patch_macro
decoder_stage_1_low_to_high,ICC_PA18.nii.gz,overall,pairwise_joint_product,4,0.9882186607078269,0.3044198183160344,0.9631631503371199,0.9993637369076047,0.19106704846387715,case_patch_macro
decoder_stage_1_low_to_high,ICC_PA18.nii.gz,background,pairwise_world_stability,4,0.9896644734841721,0.5076961123043948,0.9389746998958378,0.9982339221319152,0.16976066200344853,case_patch_macro
decoder_stage_1_low_to_high,ICC_PA18.nii.gz,foreground,pairwise_world_stability,4,0.9605820372698428,0.2917431112284174,0.8633204290651614,0.9938558332403584,0.2551557477945771,case_patch_macro
decoder_stage_1_low_to_high,ICC_PA18.nii.gz,overall,pairwise_world_stability,4,0.9882186607078269,0.49999993300500345,0.9425279060842069,0.9983338427688283,0.18210378825767493,case_patch_macro
final_decoder_feature,ICC_PA18.nii.gz,background,blur_joint_product,4,0.9896644734841721,0.31750402843782705,0.9631615988008351,0.9994462112640882,0.17970863431437145,case_patch_macro
final_decoder_feature,ICC_PA18.nii.gz,foreground,blur_joint_product,4,0.9605820372698428,0.06153058615035003,0.8848589805970235,0.99434993736332,0.2631523980166998,case_patch_macro
final_decoder_feature,ICC_PA18.nii.gz,overall,blur_joint_product,4,0.9882186607078269,0.3035592345522885,0.9617431999583789,0.9993489837180374,0.19028008324477955,case_patch_macro
final_decoder_feature,ICC_PA18.nii.gz,background,blur_world_stability,4,0.9896644734841721,0.5095261136729983,0.9329492639199595,0.9980336812034762,0.16674744752015466,case_patch_macro
final_decoder_feature,ICC_PA18.nii.gz,foreground,blur_world_stability,4,0.9605820372698428,0.2662263319028082,0.8288037071935737,0.9918003153900369,0.2315140258057972,case_patch_macro
final_decoder_feature,ICC_PA18.nii.gz,overall,blur_world_stability,4,0.9882186607078269,0.49999993414542343,0.935646825862214,0.9980997771031641,0.17849137752773434,case_patch_macro
final_decoder_feature,ICC_PA18.nii.gz,background,confidence_rank,4,0.9896644734841721,0.5184868907764241,0.9729081631377808,0.9995804387225597,0.18443315005138128,case_patch_macro
final_decoder_feature,ICC_PA18.nii.gz,foreground,confidence_rank,4,0.9605820372698428,0.14178605272898723,0.9221919588513501,0.9963013550566204,0.2885865913208045,case_patch_macro
final_decoder_feature,ICC_PA18.nii.gz,overall,confidence_rank,4,0.9882186607078269,0.5000000686740697,0.9707411817111461,0.9994917923864775,0.1948854854577339,case_patch_macro
final_decoder_feature,ICC_PA18.nii.gz,background,gamma_joint_product,4,0.9896644734841721,0.3095767840875505,0.9549728634000915,0.9993490892099571,0.1771495451550041,case_patch_macro
final_decoder_feature,ICC_PA18.nii.gz,foreground,gamma_joint_product,4,0.9605820372698428,0.0965343572102038,0.9292130003417979,0.9969949478901795,0.29012079955585496,case_patch_macro
final_decoder_feature,ICC_PA18.nii.gz,overall,gamma_joint_product,4,0.9882186607078269,0.2987121957772733,0.9559455000841162,0.9992783552325818,0.18861851978023111,case_patch_macro
final_decoder_feature,ICC_PA18.nii.gz,background,gamma_world_stability,4,0.9896644734841721,0.4990039456409677,0.8755564868029003,0.9965341290906324,0.14869856931393044,case_patch_macro
final_decoder_feature,ICC_PA18.nii.gz,foreground,gamma_world_stability,4,0.9605820372698428,0.492020320056068,0.9123866870390795,0.9961644856805437,0.30138972775112555,case_patch_macro
final_decoder_feature,ICC_PA18.nii.gz,overall,gamma_world_stability,4,0.9882186607078269,0.4999999351217618,0.8900362073578924,0.9968990557515631,0.1647152215394936,case_patch_macro
final_decoder_feature,ICC_PA18.nii.gz,background,pairwise_joint_product,4,0.9896644734841721,0.31985884428997724,0.9667768568267262,0.9995050374133949,0.1813009313579409,case_patch_macro
final_decoder_feature,ICC_PA18.nii.gz,foreground,pairwise_joint_product,4,0.9605820372698428,0.05751538805767378,0.8867462391168882,0.994425296513401,0.26414339498361666,case_patch_macro
final_decoder_feature,ICC_PA18.nii.gz,overall,pairwise_joint_product,4,0.9882186607078269,0.30542120981506576,0.9649270235352176,0.9994098020011951,0.19176843683266206,case_patch_macro
final_decoder_feature,ICC_PA18.nii.gz,background,pairwise_world_stability,4,0.9896644734841721,0.511347014267524,0.9501726790954645,0.9987106553603957,0.17419030151634482,case_patch_macro
final_decoder_feature,ICC_PA18.nii.gz,foreground,pairwise_world_stability,4,0.9605820372698428,0.24175782351159728,0.8373818683304908,0.9923870376120917,0.23627780373989835,case_patch_macro
final_decoder_feature,ICC_PA18.nii.gz,overall,pairwise_world_stability,4,0.9882186607078269,0.49999993325284486,0.9499592336549701,0.9987049528234797,0.1850012301853541,case_patch_macro
final_decoder_stage_input,ICC_PA18.nii.gz,background,blur_joint_product,4,0.9896644734841721,0.31750402843782705,0.9631615988008351,0.9994462112640882,0.17970863431437145,case_patch_macro
final_decoder_stage_input,ICC_PA18.nii.gz,foreground,blur_joint_product,4,0.9605820372698428,0.06153058615035003,0.8848589805970235,0.99434993736332,0.2631523980166998,case_patch_macro
final_decoder_stage_input,ICC_PA18.nii.gz,overall,blur_joint_product,4,0.9882186607078269,0.3035592345522885,0.9617431999583789,0.9993489837180374,0.19028008324477955,case_patch_macro
final_decoder_stage_input,ICC_PA18.nii.gz,background,blur_world_stability,4,0.9896644734841721,0.5095261136729983,0.9329492639199595,0.9980336812034762,0.16674744752015466,case_patch_macro
final_decoder_stage_input,ICC_PA18.nii.gz,foreground,blur_world_stability,4,0.9605820372698428,0.2662263319028082,0.8288037071935737,0.9918003153900369,0.2315140258057972,case_patch_macro
final_decoder_stage_input,ICC_PA18.nii.gz,overall,blur_world_stability,4,0.9882186607078269,0.49999993414542343,0.935646825862214,0.9980997771031641,0.17849137752773434,case_patch_macro
final_decoder_stage_input,ICC_PA18.nii.gz,background,confidence_rank,4,0.9896644734841721,0.5184868907764241,0.9729081631377808,0.9995804387225597,0.18443315005138128,case_patch_macro
final_decoder_stage_input,ICC_PA18.nii.gz,foreground,confidence_rank,4,0.9605820372698428,0.14178605272898723,0.9221919588513501,0.9963013550566204,0.2885865913208045,case_patch_macro
final_decoder_stage_input,ICC_PA18.nii.gz,overall,confidence_rank,4,0.9882186607078269,0.5000000686740697,0.9707411817111461,0.9994917923864775,0.1948854854577339,case_patch_macro
final_decoder_stage_input,ICC_PA18.nii.gz,background,gamma_joint_product,4,0.9896644734841721,0.3095767840875505,0.9549728634000915,0.9993490892099571,0.1771495451550041,case_patch_macro
final_decoder_stage_input,ICC_PA18.nii.gz,foreground,gamma_joint_product,4,0.9605820372698428,0.0965343572102038,0.9292130003417979,0.9969949478901795,0.29012079955585496,case_patch_macro
final_decoder_stage_input,ICC_PA18.nii.gz,overall,gamma_joint_product,4,0.9882186607078269,0.2987121957772733,0.9559455000841162,0.9992783552325818,0.18861851978023111,case_patch_macro
final_decoder_stage_input,ICC_PA18.nii.gz,background,gamma_world_stability,4,0.9896644734841721,0.4990039456409677,0.8755564868029003,0.9965341290906324,0.14869856931393044,case_patch_macro
final_decoder_stage_input,ICC_PA18.nii.gz,foreground,gamma_world_stability,4,0.9605820372698428,0.492020320056068,0.9123866870390795,0.9961644856805437,0.30138972775112555,case_patch_macro
final_decoder_stage_input,ICC_PA18.nii.gz,overall,gamma_world_stability,4,0.9882186607078269,0.4999999351217618,0.8900362073578924,0.9968990557515631,0.1647152215394936,case_patch_macro
final_decoder_stage_input,ICC_PA18.nii.gz,background,pairwise_joint_product,4,0.9896644734841721,0.31985884428997724,0.9667768568267262,0.9995050374133949,0.1813009313579409,case_patch_macro
final_decoder_stage_input,ICC_PA18.nii.gz,foreground,pairwise_joint_product,4,0.9605820372698428,0.05751538805767378,0.8867462391168882,0.994425296513401,0.26414339498361666,case_patch_macro
final_decoder_stage_input,ICC_PA18.nii.gz,overall,pairwise_joint_product,4,0.9882186607078269,0.30542120981506576,0.9649270235352176,0.9994098020011951,0.19176843683266206,case_patch_macro
final_decoder_stage_input,ICC_PA18.nii.gz,background,pairwise_world_stability,4,0.9896644734841721,0.511347014267524,0.9501726790954645,0.9987106553603957,0.17419030151634482,case_patch_macro
final_decoder_stage_input,ICC_PA18.nii.gz,foreground,pairwise_world_stability,4,0.9605820372698428,0.24175782351159728,0.8373818683304908,0.9923870376120917,0.23627780373989835,case_patch_macro
final_decoder_stage_input,ICC_PA18.nii.gz,overall,pairwise_world_stability,4,0.9882186607078269,0.49999993325284486,0.9499592336549701,0.9987049528234797,0.1850012301853541,case_patch_macro
full_voxtell_reference,ICC_PA18.nii.gz,background,blur_joint_product,4,0.9896644734841721,0.316422011918611,0.9623055245555948,0.9994449837555863,0.1790556217387289,case_patch_macro
full_voxtell_reference,ICC_PA18.nii.gz,foreground,blur_joint_product,4,0.9605820372698428,0.05594755356607434,0.8801175547760374,0.9938906787331213,0.26035931273336704,case_patch_macro
full_voxtell_reference,ICC_PA18.nii.gz,overall,blur_joint_product,4,0.9882186607078269,0.3021624218798428,0.9609714400424592,0.9993457874058909,0.18964217824530627,case_patch_macro
full_voxtell_reference,ICC_PA18.nii.gz,background,blur_world_stability,4,0.9896644734841721,0.5104841519634952,0.9296463364285575,0.9977606779447187,0.16460849179505313,case_patch_macro
full_voxtell_reference,ICC_PA18.nii.gz,foreground,blur_world_stability,4,0.9605820372698428,0.24743902748901334,0.8169593171616277,0.9907477531222783,0.2239312214848254,case_patch_macro
full_voxtell_reference,ICC_PA18.nii.gz,overall,blur_world_stability,4,0.9882186607078269,0.49999993205994153,0.9325290472507942,0.9978960918734311,0.1763202840446174,case_patch_macro
full_voxtell_reference,ICC_PA18.nii.gz,background,confidence_rank,4,0.9896644734841721,0.5184868907764241,0.9729081631377808,0.9995804387225597,0.18443315005138128,case_patch_macro
full_voxtell_reference,ICC_PA18.nii.gz,foreground,confidence_rank,4,0.9605820372698428,0.14178605272898723,0.9221919588513501,0.9963013550566204,0.2885865913208045,case_patch_macro
full_voxtell_reference,ICC_PA18.nii.gz,overall,confidence_rank,4,0.9882186607078269,0.5000000686740697,0.9707411817111461,0.9994917923864775,0.1948854854577339,case_patch_macro
full_voxtell_reference,ICC_PA18.nii.gz,background,gamma_joint_product,4,0.9896644734841721,0.3110064670843257,0.9547079852431652,0.9993452829134422,0.17704308109977782,case_patch_macro
full_voxtell_reference,ICC_PA18.nii.gz,foreground,gamma_joint_product,4,0.9605820372698428,0.09575496492511848,0.9295937374632484,0.9970175522508636,0.29041147716215937,case_patch_macro
full_voxtell_reference,ICC_PA18.nii.gz,overall,gamma_joint_product,4,0.9882186607078269,0.2999601789162002,0.9557749719579208,0.9992746979020033,0.1885468059104475,case_patch_macro
full_voxtell_reference,ICC_PA18.nii.gz,background,gamma_world_stability,4,0.9896644734841721,0.4993514967047923,0.8766932546597429,0.9966260064634687,0.14905218502832926,case_patch_macro
full_voxtell_reference,ICC_PA18.nii.gz,foreground,gamma_world_stability,4,0.9605820372698428,0.485428241127502,0.9140605827834668,0.9962781473111454,0.30190967408798236,case_patch_macro
full_voxtell_reference,ICC_PA18.nii.gz,overall,gamma_world_stability,4,0.9882186607078269,0.49999992943367666,0.8911245288828186,0.9969653837930025,0.16509622166102098,case_patch_macro
full_voxtell_reference,ICC_PA18.nii.gz,background,pairwise_joint_product,4,0.9896644734841721,0.3193349697793819,0.9658863167621141,0.9995024742699079,0.18068559580861324,case_patch_macro
full_voxtell_reference,ICC_PA18.nii.gz,foreground,pairwise_joint_product,4,0.9605820372698428,0.05282764886649253,0.8835282162085057,0.9940988375361318,0.26233343015424965,case_patch_macro
full_voxtell_reference,ICC_PA18.nii.gz,overall,pairwise_joint_product,4,0.9882186607078269,0.3046092034210385,0.9642187683735887,0.999406625812799,0.19121391277048735,case_patch_macro
full_voxtell_reference,ICC_PA18.nii.gz,background,pairwise_world_stability,4,0.9896644734841721,0.5121081491198116,0.9475648373698039,0.9985919241388961,0.17255558273309202,case_patch_macro
full_voxtell_reference,ICC_PA18.nii.gz,foreground,pairwise_world_stability,4,0.9605820372698428,0.2255821535151429,0.8291014015931077,0.991688680564981,0.2313765378615752,case_patch_macro
full_voxtell_reference,ICC_PA18.nii.gz,overall,pairwise_world_stability,4,0.9882186607078269,0.49999993012223987,0.9477147890888421,0.9986165403413039,0.18345550346585693,case_patch_macro
penultimate_decoder_stage_output,ICC_PA18.nii.gz,background,blur_joint_product,4,0.9896644734841721,0.3167113116885469,0.9624147568932097,0.9994275423575293,0.17937234660442633,case_patch_macro
penultimate_decoder_stage_output,ICC_PA18.nii.gz,foreground,blur_joint_product,4,0.9605820372698428,0.06811532099280464,0.886569814447426,0.9945036226643339,0.2642931255834278,case_patch_macro
penultimate_decoder_stage_output,ICC_PA18.nii.gz,overall,blur_joint_product,4,0.9882186607078269,0.30334044669852656,0.9612193521560638,0.9993332993360085,0.19003095839536846,case_patch_macro
penultimate_decoder_stage_output,ICC_PA18.nii.gz,background,blur_world_stability,4,0.9896644734841721,0.5081730318438556,0.9303634248415106,0.9979025423152953,0.16557689382951188,case_patch_macro
penultimate_decoder_stage_output,ICC_PA18.nii.gz,foreground,blur_world_stability,4,0.9605820372698428,0.2828837958976402,0.8328148566111553,0.992153564926845,0.23465051368697887,case_patch_macro
penultimate_decoder_stage_output,ICC_PA18.nii.gz,overall,blur_world_stability,4,0.9882186607078269,0.4999999359157844,0.9339383526627264,0.9980062600770763,0.17767591078184106,case_patch_macro
penultimate_decoder_stage_output,ICC_PA18.nii.gz,background,confidence_rank,4,0.9896644734841721,0.5184868907764241,0.9729081631377808,0.9995804387225597,0.18443315005138128,case_patch_macro
penultimate_decoder_stage_output,ICC_PA18.nii.gz,foreground,confidence_rank,4,0.9605820372698428,0.14178605272898723,0.9221919588513501,0.9963013550566204,0.2885865913208045,case_patch_macro
penultimate_decoder_stage_output,ICC_PA18.nii.gz,overall,confidence_rank,4,0.9882186607078269,0.5000000686740697,0.9707411817111461,0.9994917923864775,0.1948854854577339,case_patch_macro
penultimate_decoder_stage_output,ICC_PA18.nii.gz,background,gamma_joint_product,4,0.9896644734841721,0.3099713332642003,0.9551114812187226,0.9993532733224042,0.17726039568518462,case_patch_macro
penultimate_decoder_stage_output,ICC_PA18.nii.gz,foreground,gamma_joint_product,4,0.9605820372698428,0.09396626313366234,0.9315758849611452,0.9970989645625217,0.2913277173199256,case_patch_macro
penultimate_decoder_stage_output,ICC_PA18.nii.gz,overall,gamma_joint_product,4,0.9882186607078269,0.2988466200362092,0.9559725045810873,0.9992802767683701,0.188674312389479,case_patch_macro
penultimate_decoder_stage_output,ICC_PA18.nii.gz,background,gamma_world_stability,4,0.9896644734841721,0.4995976660673278,0.8755931742645867,0.9965829881203115,0.14898514066945123,case_patch_macro
penultimate_decoder_stage_output,ICC_PA18.nii.gz,foreground,gamma_world_stability,4,0.9605820372698428,0.49512723519448004,0.9142777546651141,0.9962113125542564,0.3031843383823089,case_patch_macro
penultimate_decoder_stage_output,ICC_PA18.nii.gz,overall,gamma_world_stability,4,0.9882186607078269,0.4999999356191817,0.8898259031596605,0.9969260206980564,0.16489007560146782,case_patch_macro
penultimate_decoder_stage_output,ICC_PA18.nii.gz,background,pairwise_joint_product,4,0.9896644734841721,0.3192408575068103,0.9662061601289649,0.9994905559466323,0.18105961334067,case_patch_macro
penultimate_decoder_stage_output,ICC_PA18.nii.gz,foreground,pairwise_joint_product,4,0.9605820372698428,0.06268816162947151,0.8882250209480143,0.9945754980114287,0.26508883559496726,case_patch_macro
penultimate_decoder_stage_output,ICC_PA18.nii.gz,overall,pairwise_joint_product,4,0.9882186607078269,0.30525467902402104,0.9645120961598911,0.9993972119549219,0.19158531286652944,case_patch_macro
penultimate_decoder_stage_output,ICC_PA18.nii.gz,background,pairwise_world_stability,4,0.9896644734841721,0.5102738363482627,0.9482896560304681,0.9986133194185147,0.17338183135852095,case_patch_macro
penultimate_decoder_stage_output,ICC_PA18.nii.gz,foreground,pairwise_world_stability,4,0.9605820372698428,0.2553143852318987,0.8408294337447835,0.99266013842402,0.2386883314153673,case_patch_macro
penultimate_decoder_stage_output,ICC_PA18.nii.gz,overall,pairwise_world_stability,4,0.9882186607078269,0.4999999300072478,0.9486721190113473,0.9986326450254823,0.1844272454277728,case_patch_macro
decoder_stage_1_low_to_high,HCC_10081574_20140213.nii.gz,background,blur_joint_product,4,0.9981799818909585,0.30035882515948803,0.9912463915862779,0.9999625347033069,0.0791585264138776,case_patch_macro
decoder_stage_1_low_to_high,HCC_10081574_20140213.nii.gz,foreground,blur_joint_product,4,0.9497402776881416,0.19563729240055383,0.9339559946270694,0.9961441156531515,0.32882923339295794,case_patch_macro
decoder_stage_1_low_to_high,HCC_10081574_20140213.nii.gz,overall,blur_joint_product,4,0.9973297119140625,0.2982888305752184,0.9913973610092985,0.9999563385685766,0.09881978310022115,case_patch_macro
decoder_stage_1_low_to_high,HCC_10081574_20140213.nii.gz,background,blur_world_stability,4,0.9981799818909585,0.5022264433973153,0.9679526837233762,0.9997769546914584,0.07541498130745254,case_patch_macro
decoder_stage_1_low_to_high,HCC_10081574_20140213.nii.gz,foreground,blur_world_stability,4,0.9497402776881416,0.3680128977499877,0.9155913167577321,0.9949923613176752,0.3254461325970379,case_patch_macro
decoder_stage_1_low_to_high,HCC_10081574_20140213.nii.gz,overall,blur_world_stability,4,0.9973297119140625,0.49999993418813815,0.9759296005812783,0.9997778506583527,0.09588812441088994,case_patch_macro
decoder_stage_1_low_to_high,HCC_10081574_20140213.nii.gz,background,confidence_rank,4,0.9981799818909585,0.5036195926420848,0.9943590571691527,0.9999665424307045,0.07975185432707142,case_patch_macro
decoder_stage_1_low_to_high,HCC_10081574_20140213.nii.gz,foreground,confidence_rank,4,0.9497402776881416,0.3010499100514108,0.9361290140432903,0.9961519675245517,0.3353493004691097,case_patch_macro
decoder_stage_1_low_to_high,HCC_10081574_20140213.nii.gz,overall,confidence_rank,4,0.9973297119140625,0.5000000701222853,0.9935905638882137,0.9999609632758979,0.09936289361873885,case_patch_macro
decoder_stage_1_low_to_high,HCC_10081574_20140213.nii.gz,background,gamma_joint_product,4,0.9981799818909585,0.29898223468542445,0.9870109702035808,0.999952516606575,0.07840332194740889,case_patch_macro
decoder_stage_1_low_to_high,HCC_10081574_20140213.nii.gz,foreground,gamma_joint_product,4,0.9497402776881416,0.24276123762193014,0.9396194382654919,0.9965240471715932,0.33590896506573475,case_patch_macro
decoder_stage_1_low_to_high,HCC_10081574_20140213.nii.gz,overall,gamma_joint_product,4,0.9973297119140625,0.2978221049653638,0.9887916771690527,0.9999470870653784,0.09825489364192508,case_patch_macro
decoder_stage_1_low_to_high,HCC_10081574_20140213.nii.gz,background,gamma_world_stability,4,0.9981799818909585,0.4992405439290974,0.9325013198011595,0.999580784538902,0.06998753246446758,case_patch_macro
decoder_stage_1_low_to_high,HCC_10081574_20140213.nii.gz,foreground,gamma_world_stability,4,0.9497402776881416,0.5288491797727929,0.9287650133959483,0.9958495296904405,0.3639974173090879,case_patch_macro
decoder_stage_1_low_to_high,HCC_10081574_20140213.nii.gz,overall,gamma_world_stability,4,0.9973297119140625,0.49999993318735286,0.9545968468660263,0.9995936364171597,0.09225272025857374,case_patch_macro
decoder_stage_1_low_to_high,HCC_10081574_20140213.nii.gz,background,pairwise_joint_product,4,0.9981799818909585,0.30399427075771085,0.9927595763607417,0.9999690484954884,0.07941691191732969,case_patch_macro
decoder_stage_1_low_to_high,HCC_10081574_20140213.nii.gz,foreground,pairwise_joint_product,4,0.9497402776881416,0.18908083394834005,0.9358871896012828,0.9962447200206971,0.3299448641697394,case_patch_macro
decoder_stage_1_low_to_high,HCC_10081574_20140213.nii.gz,overall,pairwise_joint_product,4,0.9973297119140625,0.30170069294722734,0.9924068680980666,0.9999626798827355,0.09903629176176683,case_patch_macro
decoder_stage_1_low_to_high,HCC_10081574_20140213.nii.gz,background,pairwise_world_stability,4,0.9981799818909585,0.5030552878570185,0.9811492952473043,0.9998534328175113,0.07747015496795588,case_patch_macro
decoder_stage_1_low_to_high,HCC_10081574_20140213.nii.gz,foreground,pairwise_world_stability,4,0.9497402776881416,0.3255258196475135,0.9241309321685799,0.9955511478333173,0.32882165579747247,case_patch_macro
decoder_stage_1_low_to_high,HCC_10081574_20140213.nii.gz,overall,pairwise_world_stability,4,0.9973297119140625,0.4999999359703309,0.9842676022982628,0.9998530933385632,0.09750291216916301,case_patch_macro
final_decoder_feature,HCC_10081574_20140213.nii.gz,background,blur_joint_product,4,0.9981799818909585,0.30206935406740243,0.9929231983948187,0.9999683653378214,0.07944337354872436,case_patch_macro
final_decoder_feature,HCC_10081574_20140213.nii.gz,foreground,blur_joint_product,4,0.9497402776881416,0.1499575010774318,0.9228829489506992,0.995421360896319,0.31867199381056904,case_patch_macro
final_decoder_feature,HCC_10081574_20140213.nii.gz,overall,blur_joint_product,4,0.9973297119140625,0.2990446439758334,0.9921510602426155,0.9999609235712505,0.09898454364786413,case_patch_macro
final_decoder_feature,HCC_10081574_20140213.nii.gz,background,blur_world_stability,4,0.9981799818909585,0.5044036299531403,0.9825611387379988,0.9998799924969244,0.07774912558402235,case_patch_macro
final_decoder_feature,HCC_10081574_20140213.nii.gz,foreground,blur_world_stability,4,0.9497402776881416,0.25858550694763144,0.8822058153617302,0.9927792749631771,0.29111370269794046,case_patch_macro
final_decoder_feature,HCC_10081574_20140213.nii.gz,overall,blur_world_stability,4,0.9973297119140625,0.49999991826336804,0.9837135096210177,0.9998714301325344,0.09745498695306541,case_patch_macro
final_decoder_feature,HCC_10081574_20140213.nii.gz,background,confidence_rank,4,0.9981799818909585,0.5036195926420848,0.9943590571691527,0.9999665424307045,0.07975185432707142,case_patch_macro
final_decoder_feature,HCC_10081574_20140213.nii.gz,foreground,confidence_rank,4,0.9497402776881416,0.3010499100514108,0.9361290140432903,0.9961519675245517,0.3353493004691097,case_patch_macro
final_decoder_feature,HCC_10081574_20140213.nii.gz,overall,confidence_rank,4,0.9973297119140625,0.5000000701222853,0.9935905638882137,0.9999609632758979,0.09936289361873885,case_patch_macro
final_decoder_feature,HCC_10081574_20140213.nii.gz,background,gamma_joint_product,4,0.9981799818909585,0.3002674217334963,0.9910653319493005,0.9999701982937544,0.07912021870582549,case_patch_macro
final_decoder_feature,HCC_10081574_20140213.nii.gz,foreground,gamma_joint_product,4,0.9497402776881416,0.23259796273345104,0.9331327030411122,0.9961297786263316,0.32990935041674607,case_patch_macro
final_decoder_feature,HCC_10081574_20140213.nii.gz,overall,gamma_joint_product,4,0.9973297119140625,0.29889112882225155,0.9911792414644713,0.9999632359474813,0.0987797219462015,case_patch_macro
final_decoder_feature,HCC_10081574_20140213.nii.gz,background,gamma_world_stability,4,0.9981799818909585,0.5004054451497284,0.9597482338556763,0.9997335493462816,0.07434929253216417,case_patch_macro
final_decoder_feature,HCC_10081574_20140213.nii.gz,foreground,gamma_world_stability,4,0.9497402776881416,0.46906595627256037,0.9182416951525522,0.9952334194988753,0.34052018969286363,case_patch_macro
final_decoder_feature,HCC_10081574_20140213.nii.gz,overall,gamma_world_stability,4,0.9973297119140625,0.4999999368566229,0.9706731494193407,0.9997358748926646,0.09535869557623618,case_patch_macro
final_decoder_feature,HCC_10081574_20140213.nii.gz,background,pairwise_joint_product,4,0.9981799818909585,0.30570956883637784,0.9944783866569241,0.9999808120765743,0.0797252539685781,case_patch_macro
final_decoder_feature,HCC_10081574_20140213.nii.gz,foreground,pairwise_joint_product,4,0.9497402776881416,0.13765016738890065,0.9265279831739525,0.9956711812306674,0.32142813890979016,case_patch_macro
final_decoder_feature,HCC_10081574_20140213.nii.gz,overall,pairwise_joint_product,4,0.9973297119140625,0.30235647502902613,0.9932364813373664,0.999972869837161,0.09922195671523558,case_patch_macro
final_decoder_feature,HCC_10081574_20140213.nii.gz,background,pairwise_world_stability,4,0.9981799818909585,0.5052638835127822,0.9901036008397394,0.9999414432526966,0.07902645550239362,case_patch_macro
final_decoder_feature,HCC_10081574_20140213.nii.gz,foreground,pairwise_world_stability,4,0.9497402776881416,0.2148444860161067,0.8971721326036226,0.9939249793597306,0.30191644694607317,case_patch_macro
final_decoder_feature,HCC_10081574_20140213.nii.gz,overall,pairwise_world_stability,4,0.9973297119140625,0.49999991691937695,0.9891410690959809,0.9999321068297935,0.09851659556162884,case_patch_macro
final_decoder_stage_input,HCC_10081574_20140213.nii.gz,background,blur_joint_product,4,0.9981799818909585,0.30206935406740243,0.9929231983948187,0.9999683653378214,0.07944337354872436,case_patch_macro
final_decoder_stage_input,HCC_10081574_20140213.nii.gz,foreground,blur_joint_product,4,0.9497402776881416,0.1499575010774318,0.9228829489506992,0.995421360896319,0.31867199381056904,case_patch_macro
final_decoder_stage_input,HCC_10081574_20140213.nii.gz,overall,blur_joint_product,4,0.9973297119140625,0.2990446439758334,0.9921510602426155,0.9999609235712505,0.09898454364786413,case_patch_macro
final_decoder_stage_input,HCC_10081574_20140213.nii.gz,background,blur_world_stability,4,0.9981799818909585,0.5044036299531403,0.9825611387379988,0.9998799924969244,0.07774912558402235,case_patch_macro
final_decoder_stage_input,HCC_10081574_20140213.nii.gz,foreground,blur_world_stability,4,0.9497402776881416,0.25858550694763144,0.8822058153617302,0.9927792749631771,0.29111370269794046,case_patch_macro
final_decoder_stage_input,HCC_10081574_20140213.nii.gz,overall,blur_world_stability,4,0.9973297119140625,0.49999991826336804,0.9837135096210177,0.9998714301325344,0.09745498695306541,case_patch_macro
final_decoder_stage_input,HCC_10081574_20140213.nii.gz,background,confidence_rank,4,0.9981799818909585,0.5036195926420848,0.9943590571691527,0.9999665424307045,0.07975185432707142,case_patch_macro
final_decoder_stage_input,HCC_10081574_20140213.nii.gz,foreground,confidence_rank,4,0.9497402776881416,0.3010499100514108,0.9361290140432903,0.9961519675245517,0.3353493004691097,case_patch_macro
final_decoder_stage_input,HCC_10081574_20140213.nii.gz,overall,confidence_rank,4,0.9973297119140625,0.5000000701222853,0.9935905638882137,0.9999609632758979,0.09936289361873885,case_patch_macro
final_decoder_stage_input,HCC_10081574_20140213.nii.gz,background,gamma_joint_product,4,0.9981799818909585,0.3002674217334963,0.9910653319493005,0.9999701982937544,0.07912021870582549,case_patch_macro
final_decoder_stage_input,HCC_10081574_20140213.nii.gz,foreground,gamma_joint_product,4,0.9497402776881416,0.23259796273345104,0.9331327030411122,0.9961297786263316,0.32990935041674607,case_patch_macro
final_decoder_stage_input,HCC_10081574_20140213.nii.gz,overall,gamma_joint_product,4,0.9973297119140625,0.29889112882225155,0.9911792414644713,0.9999632359474813,0.0987797219462015,case_patch_macro
final_decoder_stage_input,HCC_10081574_20140213.nii.gz,background,gamma_world_stability,4,0.9981799818909585,0.5004054451497284,0.9597482338556763,0.9997335493462816,0.07434929253216417,case_patch_macro
final_decoder_stage_input,HCC_10081574_20140213.nii.gz,foreground,gamma_world_stability,4,0.9497402776881416,0.46906595627256037,0.9182416951525522,0.9952334194988753,0.34052018969286363,case_patch_macro
final_decoder_stage_input,HCC_10081574_20140213.nii.gz,overall,gamma_world_stability,4,0.9973297119140625,0.4999999368566229,0.9706731494193407,0.9997358748926646,0.09535869557623618,case_patch_macro
final_decoder_stage_input,HCC_10081574_20140213.nii.gz,background,pairwise_joint_product,4,0.9981799818909585,0.30570956883637784,0.9944783866569241,0.9999808120765743,0.0797252539685781,case_patch_macro
final_decoder_stage_input,HCC_10081574_20140213.nii.gz,foreground,pairwise_joint_product,4,0.9497402776881416,0.13765016738890065,0.9265279831739525,0.9956711812306674,0.32142813890979016,case_patch_macro
final_decoder_stage_input,HCC_10081574_20140213.nii.gz,overall,pairwise_joint_product,4,0.9973297119140625,0.30235647502902613,0.9932364813373664,0.999972869837161,0.09922195671523558,case_patch_macro
final_decoder_stage_input,HCC_10081574_20140213.nii.gz,background,pairwise_world_stability,4,0.9981799818909585,0.5052638835127822,0.9901036008397394,0.9999414432526966,0.07902645550239362,case_patch_macro
final_decoder_stage_input,HCC_10081574_20140213.nii.gz,foreground,pairwise_world_stability,4,0.9497402776881416,0.2148444860161067,0.8971721326036226,0.9939249793597306,0.30191644694607317,case_patch_macro
final_decoder_stage_input,HCC_10081574_20140213.nii.gz,overall,pairwise_world_stability,4,0.9973297119140625,0.49999991691937695,0.9891410690959809,0.9999321068297935,0.09851659556162884,case_patch_macro
full_voxtell_reference,HCC_10081574_20140213.nii.gz,background,blur_joint_product,4,0.9981799818909585,0.2997652640481091,0.9931040528133454,0.9999676955319925,0.0794624077920281,case_patch_macro
full_voxtell_reference,HCC_10081574_20140213.nii.gz,foreground,blur_joint_product,4,0.9497402776881416,0.16077627853173682,0.9229451791168625,0.9954136813194737,0.3188395570702747,case_patch_macro
full_voxtell_reference,HCC_10081574_20140213.nii.gz,overall,blur_joint_product,4,0.9973297119140625,0.29703616790290666,0.9922527201782376,0.9999604060109311,0.09899121817620232,case_patch_macro
full_voxtell_reference,HCC_10081574_20140213.nii.gz,background,blur_world_stability,4,0.9981799818909585,0.5042629126956593,0.9841671807261863,0.9998829497979078,0.07779157791831569,case_patch_macro
full_voxtell_reference,HCC_10081574_20140213.nii.gz,foreground,blur_world_stability,4,0.9497402776881416,0.26482510880896776,0.8820564922588101,0.9927582411475777,0.2909321565589243,case_patch_macro
full_voxtell_reference,HCC_10081574_20140213.nii.gz,overall,blur_world_stability,4,0.9973297119140625,0.4999999268786302,0.9846713577808496,0.9998757330079746,0.09734702857444194,case_patch_macro
full_voxtell_reference,HCC_10081574_20140213.nii.gz,background,confidence_rank,4,0.9981799818909585,0.5036195926420848,0.9943590571691527,0.9999665424307045,0.07975185432707142,case_patch_macro
full_voxtell_reference,HCC_10081574_20140213.nii.gz,foreground,confidence_rank,4,0.9497402776881416,0.3010499100514108,0.9361290140432903,0.9961519675245517,0.3353493004691097,case_patch_macro
full_voxtell_reference,HCC_10081574_20140213.nii.gz,overall,confidence_rank,4,0.9973297119140625,0.5000000701222853,0.9935905638882137,0.9999609632758979,0.09936289361873885,case_patch_macro
full_voxtell_reference,HCC_10081574_20140213.nii.gz,background,gamma_joint_product,4,0.9981799818909585,0.3011584733218438,0.9904842276426687,0.9999670701680323,0.07901631291896721,case_patch_macro
full_voxtell_reference,HCC_10081574_20140213.nii.gz,foreground,gamma_joint_product,4,0.9497402776881416,0.2411968393461963,0.9331963510681328,0.9961345173633288,0.33024619855647935,case_patch_macro
full_voxtell_reference,HCC_10081574_20140213.nii.gz,overall,gamma_joint_product,4,0.9973297119140625,0.2999135407192617,0.9908062840202184,0.999960306591226,0.09869570128347417,case_patch_macro
full_voxtell_reference,HCC_10081574_20140213.nii.gz,background,gamma_world_stability,4,0.9981799818909585,0.5003722546690142,0.9572438279054655,0.9996747427106026,0.0738422210467582,case_patch_macro
full_voxtell_reference,HCC_10081574_20140213.nii.gz,foreground,gamma_world_stability,4,0.9497402776881416,0.47103584342893146,0.9185253830085168,0.9952877843056659,0.3407651444655791,case_patch_macro
full_voxtell_reference,HCC_10081574_20140213.nii.gz,overall,gamma_world_stability,4,0.9973297119140625,0.4999999290738557,0.9690863918376363,0.9996859103281264,0.09495812547280146,case_patch_macro
full_voxtell_reference,HCC_10081574_20140213.nii.gz,background,pairwise_joint_product,4,0.9981799818909585,0.3047517786516196,0.9942333330891534,0.9999781895788209,0.07967211517266738,case_patch_macro
full_voxtell_reference,HCC_10081574_20140213.nii.gz,foreground,pairwise_joint_product,4,0.9497402776881416,0.15086198145798482,0.9266987992716551,0.9956708650077019,0.3217141335916682,case_patch_macro
full_voxtell_reference,HCC_10081574_20140213.nii.gz,overall,pairwise_joint_product,4,0.9973297119140625,0.3017033796959549,0.993065817586196,0.999970428137504,0.09917273126046235,case_patch_macro
full_voxtell_reference,HCC_10081574_20140213.nii.gz,background,pairwise_world_stability,4,0.9981799818909585,0.505086850722565,0.9899338519168125,0.9999368658196108,0.0788502642978374,case_patch_macro
full_voxtell_reference,HCC_10081574_20140213.nii.gz,foreground,pairwise_world_stability,4,0.9497402776881416,0.22252448506438136,0.8973855172742401,0.9939204369560848,0.30199143188535144,case_patch_macro
full_voxtell_reference,HCC_10081574_20140213.nii.gz,overall,pairwise_world_stability,4,0.9973297119140625,0.499999923376063,0.9889253337742919,0.9999280311194023,0.09827896069270596,case_patch_macro
penultimate_decoder_stage_output,HCC_10081574_20140213.nii.gz,background,blur_joint_product,4,0.9981799818909585,0.30207205941536175,0.9928312110754717,0.9999660296363633,0.07942155681151798,case_patch_macro
penultimate_decoder_stage_output,HCC_10081574_20140213.nii.gz,foreground,blur_joint_product,4,0.9497402776881416,0.16279504198348885,0.9226099397499871,0.995426265522636,0.31873405048530196,case_patch_macro
penultimate_decoder_stage_output,HCC_10081574_20140213.nii.gz,overall,blur_joint_product,4,0.9973297119140625,0.2993006620337818,0.992080385482521,0.9999587603764168,0.09896435848063055,case_patch_macro
penultimate_decoder_stage_output,HCC_10081574_20140213.nii.gz,background,blur_world_stability,4,0.9981799818909585,0.504141144556439,0.9828944811105588,0.9998797099182923,0.0777984737979422,case_patch_macro
penultimate_decoder_stage_output,HCC_10081574_20140213.nii.gz,foreground,blur_world_stability,4,0.9497402776881416,0.27190241996539244,0.8821902769511634,0.9928944931197626,0.2917162672727868,case_patch_macro
penultimate_decoder_stage_output,HCC_10081574_20140213.nii.gz,overall,blur_world_stability,4,0.9973297119140625,0.49999991925349824,0.984075499047465,0.9998720469620688,0.09751459703414757,case_patch_macro
penultimate_decoder_stage_output,HCC_10081574_20140213.nii.gz,background,confidence_rank,4,0.9981799818909585,0.5036195926420848,0.9943590571691527,0.9999665424307045,0.07975185432707142,case_patch_macro
penultimate_decoder_stage_output,HCC_10081574_20140213.nii.gz,foreground,confidence_rank,4,0.9497402776881416,0.3010499100514108,0.9361290140432903,0.9961519675245517,0.3353493004691097,case_patch_macro
penultimate_decoder_stage_output,HCC_10081574_20140213.nii.gz,overall,confidence_rank,4,0.9973297119140625,0.5000000701222853,0.9935905638882137,0.9999609632758979,0.09936289361873885,case_patch_macro
penultimate_decoder_stage_output,HCC_10081574_20140213.nii.gz,background,gamma_joint_product,4,0.9981799818909585,0.30025566830406336,0.9909962783081921,0.9999699626025503,0.07911694597868384,case_patch_macro
penultimate_decoder_stage_output,HCC_10081574_20140213.nii.gz,foreground,gamma_joint_product,4,0.9497402776881416,0.22943804011169433,0.9319425332492525,0.996064350488917,0.32890333670250976,case_patch_macro
penultimate_decoder_stage_output,HCC_10081574_20140213.nii.gz,overall,gamma_joint_product,4,0.9973297119140625,0.2988240434583442,0.9911310948360125,0.9999629192253388,0.0987733647251583,case_patch_macro
penultimate_decoder_stage_output,HCC_10081574_20140213.nii.gz,background,gamma_world_stability,4,0.9981799818909585,0.5004694893295777,0.9594442689189139,0.9997385628692332,0.07439689580723584,case_patch_macro
penultimate_decoder_stage_output,HCC_10081574_20140213.nii.gz,foreground,gamma_world_stability,4,0.9497402776881416,0.4654153268739612,0.914911163739903,0.995038334246642,0.3373031536518316,case_patch_macro
penultimate_decoder_stage_output,HCC_10081574_20140213.nii.gz,overall,gamma_world_stability,4,0.9973297119140625,0.49999993072334226,0.9705949349160411,0.9997393864705791,0.09539376790633453,case_patch_macro
penultimate_decoder_stage_output,HCC_10081574_20140213.nii.gz,background,pairwise_joint_product,4,0.9981799818909585,0.30576539245206324,0.994450257577451,0.9999802958513975,0.07971854154259182,case_patch_macro
penultimate_decoder_stage_output,HCC_10081574_20140213.nii.gz,foreground,pairwise_joint_product,4,0.9497402776881416,0.14876778837331497,0.9256256064493527,0.9956223368559275,0.3209151778566921,case_patch_macro
penultimate_decoder_stage_output,HCC_10081574_20140213.nii.gz,overall,pairwise_joint_product,4,0.9973297119140625,0.3026362295329185,0.9931948880669577,0.9999723229002979,0.09921131930414033,case_patch_macro
penultimate_decoder_stage_output,HCC_10081574_20140213.nii.gz,background,pairwise_world_stability,4,0.9981799818909585,0.5050050188475327,0.9899582504487499,0.9999376428788778,0.07899315120221317,case_patch_macro
penultimate_decoder_stage_output,HCC_10081574_20140213.nii.gz,foreground,pairwise_world_stability,4,0.9497402776881416,0.22763055309112756,0.8949382537361692,0.9938243039675023,0.30056676688147,case_patch_macro
penultimate_decoder_stage_output,HCC_10081574_20140213.nii.gz,overall,pairwise_world_stability,4,0.9973297119140625,0.49999991864262305,0.9890172073494171,0.9999285657637658,0.09848406239177103,case_patch_macro
decoder_stage_1_low_to_high,MET_PA19.nii.gz,background,blur_joint_product,4,0.9986837773578168,0.2952587618512292,0.9923089219120552,0.9999548852828929,0.075328347886508,case_patch_macro
decoder_stage_1_low_to_high,MET_PA19.nii.gz,foreground,blur_joint_product,4,0.8300438958604935,0.014645748129338165,0.6364074831397718,0.8422511992241528,0.1104336731405281,case_patch_macro
decoder_stage_1_low_to_high,MET_PA19.nii.gz,overall,blur_joint_product,4,0.9972083127057111,0.2910884342387059,0.9901397551260938,0.9999377252189,0.10994365889092107,case_patch_macro
decoder_stage_1_low_to_high,MET_PA19.nii.gz,background,blur_world_stability,4,0.9986837773578168,0.5056291825231713,0.979567842418089,0.9998837921529928,0.07527492878296978,case_patch_macro
decoder_stage_1_low_to_high,MET_PA19.nii.gz,foreground,blur_world_stability,4,0.8300438958604935,0.0783293909103724,0.6072261091570099,0.8422974376857635,0.07843938216020158,case_patch_macro
decoder_stage_1_low_to_high,MET_PA19.nii.gz,overall,blur_world_stability,4,0.9972083127057111,0.49999993960588435,0.982238609525813,0.9998631457013749,0.11093472034060854,case_patch_macro
decoder_stage_1_low_to_high,MET_PA19.nii.gz,background,confidence_rank,4,0.9986837773578168,0.5064027652594585,0.9942855909219436,0.9999627115415903,0.0771652372310107,case_patch_macro
decoder_stage_1_low_to_high,MET_PA19.nii.gz,foreground,confidence_rank,4,0.8300438958604935,0.03680604990516629,0.6617611498885889,0.8424019729769947,0.14365684585745828,case_patch_macro
decoder_stage_1_low_to_high,MET_PA19.nii.gz,overall,confidence_rank,4,0.9972083127057111,0.5000000632523219,0.9916588630730176,0.9999470020084926,0.11225161161973306,case_patch_macro
decoder_stage_1_low_to_high,MET_PA19.nii.gz,background,gamma_joint_product,4,0.9986837773578168,0.29046721046488994,0.9900821125940643,0.99995791304343,0.07613132150591322,case_patch_macro
decoder_stage_1_low_to_high,MET_PA19.nii.gz,foreground,gamma_joint_product,4,0.8300438958604935,0.02212372776077397,0.6963860638169926,0.866609321387423,0.1923233988061639,case_patch_macro
decoder_stage_1_low_to_high,MET_PA19.nii.gz,overall,gamma_joint_product,4,0.9972083127057111,0.28649790588515545,0.9899819795827756,0.999942805164023,0.11136031361221795,case_patch_macro
decoder_stage_1_low_to_high,MET_PA19.nii.gz,background,gamma_world_stability,4,0.9986837773578168,0.5036324466667648,0.9600501308139958,0.9998394349467987,0.08136802756007508,case_patch_macro
decoder_stage_1_low_to_high,MET_PA19.nii.gz,foreground,gamma_world_stability,4,0.8300438958604935,0.18142978897053474,0.6962453519762563,0.8747612008024759,0.200669411288229,case_patch_macro
decoder_stage_1_low_to_high,MET_PA19.nii.gz,overall,gamma_world_stability,4,0.9972083127057111,0.4999999327724106,0.9751562026361977,0.9998178069140258,0.12112314769090025,case_patch_macro
decoder_stage_1_low_to_high,MET_PA19.nii.gz,background,pairwise_joint_product,4,0.9986837773578168,0.29767832730940175,0.9935928548390849,0.9999612935841293,0.0753569404218053,case_patch_macro
decoder_stage_1_low_to_high,MET_PA19.nii.gz,foreground,pairwise_joint_product,4,0.8300438958604935,0.013050865308925838,0.6399149972394894,0.8402080847632939,0.11552293467271996,case_patch_macro
decoder_stage_1_low_to_high,MET_PA19.nii.gz,overall,pairwise_joint_product,4,0.9972083127057111,0.2934245129948677,0.9909901119195917,0.9999443414849915,0.10988100185922887,case_patch_macro
decoder_stage_1_low_to_high,MET_PA19.nii.gz,background,pairwise_world_stability,4,0.9986837773578168,0.505985136789543,0.9882273621563047,0.9999291705471086,0.07597161109787341,case_patch_macro
decoder_stage_1_low_to_high,MET_PA19.nii.gz,foreground,pairwise_world_stability,4,0.8300438958604935,0.058994093285302494,0.6211501216841561,0.8427473384031553,0.09749200311572055,case_patch_macro
decoder_stage_1_low_to_high,MET_PA19.nii.gz,overall,pairwise_world_stability,4,0.9972083127057111,0.49999993209353605,0.9874666126047936,0.9999101820312403,0.11107932453527485,case_patch_macro
final_decoder_feature,MET_PA19.nii.gz,background,blur_joint_product,4,0.9986837773578168,0.29743984464772755,0.9964544163223575,0.9999909436456872,0.0759071689674738,case_patch_macro
final_decoder_feature,MET_PA19.nii.gz,foreground,blur_joint_product,4,0.8300438958604935,0.005955873354099196,0.6125061641550038,0.8284767025388001,0.07789201159903676,case_patch_macro
final_decoder_feature,MET_PA19.nii.gz,overall,blur_joint_product,4,0.9972083127057111,0.29305926621330014,0.992395258597575,0.9999729559280635,0.11027863191008752,case_patch_macro
final_decoder_feature,MET_PA19.nii.gz,background,blur_world_stability,4,0.9986837773578168,0.5063010879394519,0.990289104692417,0.9999456590581579,0.07642093382102798,case_patch_macro
final_decoder_feature,MET_PA19.nii.gz,foreground,blur_world_stability,4,0.8300438958604935,0.04206408224124201,0.5479617618716359,0.8174627190769964,0.00222675929727148,case_patch_macro
final_decoder_feature,MET_PA19.nii.gz,overall,blur_world_stability,4,0.9972083127057111,0.49999993474550253,0.9877097784048452,0.9999223514932021,0.11117557199654697,case_patch_macro
final_decoder_feature,MET_PA19.nii.gz,background,confidence_rank,4,0.9986837773578168,0.5064027652594585,0.9942855909219436,0.9999627115415903,0.0771652372310107,case_patch_macro
final_decoder_feature,MET_PA19.nii.gz,foreground,confidence_rank,4,0.8300438958604935,0.03680604990516629,0.6617611498885889,0.8424019729769947,0.14365684585745828,case_patch_macro
final_decoder_feature,MET_PA19.nii.gz,overall,confidence_rank,4,0.9972083127057111,0.5000000632523219,0.9916588630730176,0.9999470020084926,0.11225161161973306,case_patch_macro
final_decoder_feature,MET_PA19.nii.gz,background,gamma_joint_product,4,0.9986837773578168,0.29222923057680456,0.9913750830788005,0.9999617895512058,0.07615125109859976,case_patch_macro
final_decoder_feature,MET_PA19.nii.gz,foreground,gamma_joint_product,4,0.8300438958604935,0.02164149550210026,0.7079892249114296,0.8690471546989427,0.20850468761311966,case_patch_macro
final_decoder_feature,MET_PA19.nii.gz,overall,gamma_joint_product,4,0.9972083127057111,0.2882266152574431,0.9906888594595604,0.9999471877891644,0.11129974017217055,case_patch_macro
final_decoder_feature,MET_PA19.nii.gz,background,gamma_world_stability,4,0.9986837773578168,0.5039705442811129,0.9684918667420068,0.9998569934328656,0.07934118506785993,case_patch_macro
final_decoder_feature,MET_PA19.nii.gz,foreground,gamma_world_stability,4,0.8300438958604935,0.16417852234733987,0.7236897091259532,0.8824841409293125,0.23745566159967313,case_patch_macro
final_decoder_feature,MET_PA19.nii.gz,overall,gamma_world_stability,4,0.9972083127057111,0.49999994324478525,0.9792521374021157,0.9998411197608557,0.11787397688984037,case_patch_macro
final_decoder_feature,MET_PA19.nii.gz,background,pairwise_joint_product,4,0.9986837773578168,0.2995468054238865,0.9968545686754527,0.9999918597834936,0.07565686875902736,case_patch_macro
final_decoder_feature,MET_PA19.nii.gz,foreground,pairwise_joint_product,4,0.8300438958604935,0.0049856868950080915,0.6230102932885585,0.8304333566638918,0.09214606195170878,case_patch_macro
final_decoder_feature,MET_PA19.nii.gz,overall,pairwise_joint_product,4,0.9972083127057111,0.29510266852155576,0.9928435407458136,0.9999744960507894,0.10996688314400586,case_patch_macro
final_decoder_feature,MET_PA19.nii.gz,background,pairwise_world_stability,4,0.9986837773578168,0.5065181936808677,0.9940502222671999,0.999968454779365,0.07619069435998653,case_patch_macro
final_decoder_feature,MET_PA19.nii.gz,foreground,pairwise_world_stability,4,0.8300438958604935,0.0305568088009768,0.5771391626350223,0.8248784880207749,0.04177643641972376,case_patch_macro
final_decoder_feature,MET_PA19.nii.gz,overall,pairwise_world_stability,4,0.9972083127057111,0.4999999303374133,0.9904270240710532,0.999947644126569,0.11068250563888876,case_patch_macro
final_decoder_stage_input,MET_PA19.nii.gz,background,blur_joint_product,4,0.9986837773578168,0.29743984464772755,0.9964544163223575,0.9999909436456872,0.0759071689674738,case_patch_macro
final_decoder_stage_input,MET_PA19.nii.gz,foreground,blur_joint_product,4,0.8300438958604935,0.005955873354099196,0.6125061641550038,0.8284767025388001,0.07789201159903676,case_patch_macro
final_decoder_stage_input,MET_PA19.nii.gz,overall,blur_joint_product,4,0.9972083127057111,0.29305926621330014,0.992395258597575,0.9999729559280635,0.11027863191008752,case_patch_macro
final_decoder_stage_input,MET_PA19.nii.gz,background,blur_world_stability,4,0.9986837773578168,0.5063010879394519,0.990289104692417,0.9999456590581579,0.07642093382102798,case_patch_macro
final_decoder_stage_input,MET_PA19.nii.gz,foreground,blur_world_stability,4,0.8300438958604935,0.04206408224124201,0.5479617618716359,0.8174627190769964,0.00222675929727148,case_patch_macro
final_decoder_stage_input,MET_PA19.nii.gz,overall,blur_world_stability,4,0.9972083127057111,0.49999993474550253,0.9877097784048452,0.9999223514932021,0.11117557199654697,case_patch_macro
final_decoder_stage_input,MET_PA19.nii.gz,background,confidence_rank,4,0.9986837773578168,0.5064027652594585,0.9942855909219436,0.9999627115415903,0.0771652372310107,case_patch_macro
final_decoder_stage_input,MET_PA19.nii.gz,foreground,confidence_rank,4,0.8300438958604935,0.03680604990516629,0.6617611498885889,0.8424019729769947,0.14365684585745828,case_patch_macro
final_decoder_stage_input,MET_PA19.nii.gz,overall,confidence_rank,4,0.9972083127057111,0.5000000632523219,0.9916588630730176,0.9999470020084926,0.11225161161973306,case_patch_macro
final_decoder_stage_input,MET_PA19.nii.gz,background,gamma_joint_product,4,0.9986837773578168,0.29222923057680456,0.9913750830788005,0.9999617895512058,0.07615125109859976,case_patch_macro
final_decoder_stage_input,MET_PA19.nii.gz,foreground,gamma_joint_product,4,0.8300438958604935,0.02164149550210026,0.7079892249114296,0.8690471546989427,0.20850468761311966,case_patch_macro
final_decoder_stage_input,MET_PA19.nii.gz,overall,gamma_joint_product,4,0.9972083127057111,0.2882266152574431,0.9906888594595604,0.9999471877891644,0.11129974017217055,case_patch_macro
final_decoder_stage_input,MET_PA19.nii.gz,background,gamma_world_stability,4,0.9986837773578168,0.5039705442811129,0.9684918667420068,0.9998569934328656,0.07934118506785993,case_patch_macro
final_decoder_stage_input,MET_PA19.nii.gz,foreground,gamma_world_stability,4,0.8300438958604935,0.16417852234733987,0.7236897091259532,0.8824841409293125,0.23745566159967313,case_patch_macro
final_decoder_stage_input,MET_PA19.nii.gz,overall,gamma_world_stability,4,0.9972083127057111,0.49999994324478525,0.9792521374021157,0.9998411197608557,0.11787397688984037,case_patch_macro
final_decoder_stage_input,MET_PA19.nii.gz,background,pairwise_joint_product,4,0.9986837773578168,0.2995468054238865,0.9968545686754527,0.9999918597834936,0.07565686875902736,case_patch_macro
final_decoder_stage_input,MET_PA19.nii.gz,foreground,pairwise_joint_product,4,0.8300438958604935,0.0049856868950080915,0.6230102932885585,0.8304333566638918,0.09214606195170878,case_patch_macro
final_decoder_stage_input,MET_PA19.nii.gz,overall,pairwise_joint_product,4,0.9972083127057111,0.29510266852155576,0.9928435407458136,0.9999744960507894,0.10996688314400586,case_patch_macro
final_decoder_stage_input,MET_PA19.nii.gz,background,pairwise_world_stability,4,0.9986837773578168,0.5065181936808677,0.9940502222671999,0.999968454779365,0.07619069435998653,case_patch_macro
final_decoder_stage_input,MET_PA19.nii.gz,foreground,pairwise_world_stability,4,0.8300438958604935,0.0305568088009768,0.5771391626350223,0.8248784880207749,0.04177643641972376,case_patch_macro
final_decoder_stage_input,MET_PA19.nii.gz,overall,pairwise_world_stability,4,0.9972083127057111,0.4999999303374133,0.9904270240710532,0.999947644126569,0.11068250563888876,case_patch_macro
full_voxtell_reference,MET_PA19.nii.gz,background,blur_joint_product,4,0.9986837773578168,0.29536835850569276,0.996065803150489,0.9999881272644717,0.07631820284967587,case_patch_macro
full_voxtell_reference,MET_PA19.nii.gz,foreground,blur_joint_product,4,0.8300438958604935,0.006839126855587198,0.6181790708482031,0.8282043292787563,0.08226088350167628,case_patch_macro
full_voxtell_reference,MET_PA19.nii.gz,overall,blur_joint_product,4,0.9972083127057111,0.29106945520877536,0.992251016557423,0.9999704643147366,0.11086522468945308,case_patch_macro
full_voxtell_reference,MET_PA19.nii.gz,background,blur_world_stability,4,0.9986837773578168,0.5062223000779393,0.9887990528092411,0.9999318529682286,0.07644291809009429,case_patch_macro
full_voxtell_reference,MET_PA19.nii.gz,foreground,blur_world_stability,4,0.8300438958604935,0.04555215200079229,0.5603776441315005,0.8182085561509634,0.012617602431842049,case_patch_macro
full_voxtell_reference,MET_PA19.nii.gz,overall,blur_world_stability,4,0.9972083127057111,0.49999993009684146,0.9868464131880957,0.9999080642821323,0.11133037947779151,case_patch_macro
full_voxtell_reference,MET_PA19.nii.gz,background,confidence_rank,4,0.9986837773578168,0.5064027652594585,0.9942855909219436,0.9999627115415903,0.0771652372310107,case_patch_macro
full_voxtell_reference,MET_PA19.nii.gz,foreground,confidence_rank,4,0.8300438958604935,0.03680604990516629,0.6617611498885889,0.8424019729769947,0.14365684585745828,case_patch_macro
full_voxtell_reference,MET_PA19.nii.gz,overall,confidence_rank,4,0.9972083127057111,0.5000000632523219,0.9916588630730176,0.9999470020084926,0.11225161161973306,case_patch_macro
full_voxtell_reference,MET_PA19.nii.gz,background,gamma_joint_product,4,0.9986837773578168,0.2918750826362285,0.9914420592968746,0.9999620337732622,0.07553557934073503,case_patch_macro
full_voxtell_reference,MET_PA19.nii.gz,foreground,gamma_joint_product,4,0.8300438958604935,0.022004453293471782,0.7119513817479103,0.8731318656929187,0.21452551956899166,case_patch_macro
full_voxtell_reference,MET_PA19.nii.gz,overall,gamma_joint_product,4,0.9972083127057111,0.28790067337564523,0.9907073373449607,0.9999474861023342,0.11049592262651493,case_patch_macro
full_voxtell_reference,MET_PA19.nii.gz,background,gamma_world_stability,4,0.9986837773578168,0.5039364866859393,0.9685270571588079,0.9998615502927087,0.07670821181799993,case_patch_macro
full_voxtell_reference,MET_PA19.nii.gz,foreground,gamma_world_stability,4,0.8300438958604935,0.1679126268837259,0.7295930699638964,0.8877787658374953,0.24624150901499395,case_patch_macro
full_voxtell_reference,MET_PA19.nii.gz,overall,gamma_world_stability,4,0.9972083127057111,0.4999999247510295,0.9789748660563857,0.9998447632325416,0.11438566474846322,case_patch_macro
full_voxtell_reference,MET_PA19.nii.gz,background,pairwise_joint_product,4,0.9986837773578168,0.29799332761178765,0.9965659950017999,0.9999900002448352,0.0755849507910314,case_patch_macro
full_voxtell_reference,MET_PA19.nii.gz,foreground,pairwise_joint_product,4,0.8300438958604935,0.005794916490941861,0.629410587381151,0.8308195982808076,0.09756514820258834,case_patch_macro
full_voxtell_reference,MET_PA19.nii.gz,overall,pairwise_joint_product,4,0.9972083127057111,0.2936159675541409,0.9927977819983109,0.9999730285210056,0.10992567389931125,case_patch_macro
full_voxtell_reference,MET_PA19.nii.gz,background,pairwise_world_stability,4,0.9986837773578168,0.506459884804747,0.9930257656008245,0.9999603160533993,0.07570271615870532,case_patch_macro
full_voxtell_reference,MET_PA19.nii.gz,foreground,pairwise_world_stability,4,0.8300438958604935,0.03312072872454963,0.590374390635663,0.8262746310304886,0.053286790179467046,case_patch_macro
full_voxtell_reference,MET_PA19.nii.gz,overall,pairwise_world_stability,4,0.9972083127057111,0.49999993535285975,0.9901077232849921,0.9999402476614503,0.1101806400285678,case_patch_macro
penultimate_decoder_stage_output,MET_PA19.nii.gz,background,blur_joint_product,4,0.9986837773578168,0.2972860821177977,0.9946387350235045,0.9999670794699125,0.075595873032317,case_patch_macro
penultimate_decoder_stage_output,MET_PA19.nii.gz,foreground,blur_joint_product,4,0.8300438958604935,0.012985770662098084,0.6169247602510927,0.8323842731145973,0.0833437615094727,case_patch_macro
penultimate_decoder_stage_output,MET_PA19.nii.gz,overall,blur_joint_product,4,0.9972083127057111,0.29304070078512645,0.9912992989222259,0.9999496380969746,0.11006015682266712,case_patch_macro
penultimate_decoder_stage_output,MET_PA19.nii.gz,background,blur_world_stability,4,0.9986837773578168,0.5059673604013402,0.9887655294739549,0.999930360094891,0.07618041042844861,case_patch_macro
penultimate_decoder_stage_output,MET_PA19.nii.gz,foreground,blur_world_stability,4,0.8300438958604935,0.059626722712611345,0.5629465833257018,0.825013820569969,0.019625220163577834,case_patch_macro
penultimate_decoder_stage_output,MET_PA19.nii.gz,overall,blur_world_stability,4,0.9972083127057111,0.49999993136038645,0.98675185982566,0.9999077343481664,0.11104681998890507,case_patch_macro
penultimate_decoder_stage_output,MET_PA19.nii.gz,background,confidence_rank,4,0.9986837773578168,0.5064027652594585,0.9942855909219436,0.9999627115415903,0.0771652372310107,case_patch_macro
penultimate_decoder_stage_output,MET_PA19.nii.gz,foreground,confidence_rank,4,0.8300438958604935,0.03680604990516629,0.6617611498885889,0.8424019729769947,0.14365684585745828,case_patch_macro
penultimate_decoder_stage_output,MET_PA19.nii.gz,overall,confidence_rank,4,0.9972083127057111,0.5000000632523219,0.9916588630730176,0.9999470020084926,0.11225161161973306,case_patch_macro
penultimate_decoder_stage_output,MET_PA19.nii.gz,background,gamma_joint_product,4,0.9986837773578168,0.2921858806441527,0.9913712464084599,0.9999611535921397,0.0761923427189305,case_patch_macro
penultimate_decoder_stage_output,MET_PA19.nii.gz,foreground,gamma_joint_product,4,0.8300438958604935,0.021355294122541307,0.708085020626659,0.8721130867934871,0.2099027702622919,case_patch_macro
penultimate_decoder_stage_output,MET_PA19.nii.gz,overall,gamma_joint_product,4,0.9972083127057111,0.2881775325530989,0.9906775165959245,0.999946548390984,0.1113514000315554,case_patch_macro
penultimate_decoder_stage_output,MET_PA19.nii.gz,background,gamma_world_stability,4,0.9986837773578168,0.5039544164296395,0.9689177650970483,0.9998632661560561,0.07962108026541692,case_patch_macro
penultimate_decoder_stage_output,MET_PA19.nii.gz,foreground,gamma_world_stability,4,0.8300438958604935,0.1668565330926145,0.7223749419914315,0.8857639846833903,0.23747381652340235,case_patch_macro
penultimate_decoder_stage_output,MET_PA19.nii.gz,overall,gamma_world_stability,4,0.9972083127057111,0.49999993931135334,0.9792519609762685,0.9998466254575042,0.11818416527993486,case_patch_macro
penultimate_decoder_stage_output,MET_PA19.nii.gz,background,pairwise_joint_product,4,0.9986837773578168,0.29949497508210265,0.9955866432946109,0.999973466040011,0.07546902812040181,case_patch_macro
penultimate_decoder_stage_output,MET_PA19.nii.gz,foreground,pairwise_joint_product,4,0.8300438958604935,0.011022237939418303,0.6260124567134974,0.8336442195661334,0.0961699650595619,case_patch_macro
penultimate_decoder_stage_output,MET_PA19.nii.gz,overall,pairwise_joint_product,4,0.9972083127057111,0.29516452079628497,0.9920540837279227,0.9999564697451448,0.1098500622135911,case_patch_macro
penultimate_decoder_stage_output,MET_PA19.nii.gz,background,pairwise_world_stability,4,0.9986837773578168,0.506258934706208,0.9937611883118466,0.9999615756315912,0.07617664285212701,case_patch_macro
penultimate_decoder_stage_output,MET_PA19.nii.gz,foreground,pairwise_world_stability,4,0.8300438958604935,0.04421226581837956,0.5871108703710747,0.8310600575357597,0.05366398278103963,case_patch_macro
penultimate_decoder_stage_output,MET_PA19.nii.gz,overall,pairwise_world_stability,4,0.9972083127057111,0.49999993750025673,0.9900919905344366,0.9999411729091925,0.11071604922236554,case_patch_macro
decoder_stage_1_low_to_high,HEM_PA24.nii.gz,background,blur_joint_product,4,0.9976702065752844,0.30039731667206504,0.9882948105348796,0.9999640327737769,0.09474358804840884,case_patch_macro
decoder_stage_1_low_to_high,HEM_PA24.nii.gz,foreground,blur_joint_product,4,0.9359929596306257,0.09481180951250935,0.8590019145697682,0.9879075278190097,0.30017588808993884,case_patch_macro
decoder_stage_1_low_to_high,HEM_PA24.nii.gz,overall,blur_joint_product,4,0.996739528797291,0.2960201262142935,0.9870687935457463,0.9999498678920329,0.11095756567084879,case_patch_macro
decoder_stage_1_low_to_high,HEM_PA24.nii.gz,background,blur_world_stability,4,0.9976702065752844,0.5046689351357305,0.9616710035982217,0.9997639336979505,0.09128004243219888,case_patch_macro
decoder_stage_1_low_to_high,HEM_PA24.nii.gz,foreground,blur_world_stability,4,0.9359929596306257,0.2497816344821077,0.8226769332905285,0.9846708788213404,0.27213961256186997,case_patch_macro
decoder_stage_1_low_to_high,HEM_PA24.nii.gz,overall,blur_world_stability,4,0.996739528797291,0.49999993822121025,0.966583120915717,0.9997511221426394,0.10824288333052985,case_patch_macro
decoder_stage_1_low_to_high,HEM_PA24.nii.gz,background,confidence_rank,4,0.9976702065752844,0.5065911043537104,0.9857259413296288,0.999947834298285,0.09479632648250201,case_patch_macro
decoder_stage_1_low_to_high,HEM_PA24.nii.gz,foreground,confidence_rank,4,0.9359929596306257,0.18012647694805764,0.8782138207310952,0.9894330720645897,0.32092381372419393,case_patch_macro
decoder_stage_1_low_to_high,HEM_PA24.nii.gz,overall,confidence_rank,4,0.996739528797291,0.5000000689685273,0.9849944143299053,0.9999352314888599,0.1111457113375301,case_patch_macro
decoder_stage_1_low_to_high,HEM_PA24.nii.gz,background,gamma_joint_product,4,0.9976702065752844,0.29542552422061497,0.9754044970322537,0.9999250852586586,0.09269017997746683,case_patch_macro
decoder_stage_1_low_to_high,HEM_PA24.nii.gz,foreground,gamma_joint_product,4,0.9359929596306257,0.1177691100336931,0.8984119720681285,0.9917726716867831,0.3378220050222891,case_patch_macro
decoder_stage_1_low_to_high,HEM_PA24.nii.gz,overall,gamma_joint_product,4,0.996739528797291,0.2915547220970538,0.9774616743941582,0.9999129500104117,0.10935017913447233,case_patch_macro
decoder_stage_1_low_to_high,HEM_PA24.nii.gz,background,gamma_world_stability,4,0.9976702065752844,0.5012593976402535,0.880089914202082,0.9993625393616827,0.0788427580344836,case_patch_macro
decoder_stage_1_low_to_high,HEM_PA24.nii.gz,foreground,gamma_world_stability,4,0.9359929596306257,0.42340564427874194,0.891050376076905,0.991241456372269,0.3609107693655707,case_patch_macro
decoder_stage_1_low_to_high,HEM_PA24.nii.gz,overall,gamma_world_stability,4,0.996739528797291,0.4999999217029506,0.9058777768644947,0.9993642160565489,0.0989831129320043,case_patch_macro
decoder_stage_1_low_to_high,HEM_PA24.nii.gz,background,pairwise_joint_product,4,0.9976702065752844,0.30360115851694364,0.9898553807531317,0.9999686822326007,0.09499829519072346,case_patch_macro
decoder_stage_1_low_to_high,HEM_PA24.nii.gz,foreground,pairwise_joint_product,4,0.9359929596306257,0.09205168987692162,0.8630782545188408,0.9882041643920827,0.3035308629050881,case_patch_macro
decoder_stage_1_low_to_high,HEM_PA24.nii.gz,overall,pairwise_joint_product,4,0.996739528797291,0.2990797168263164,0.9883107999563338,0.999954957467289,0.1111858583204775,case_patch_macro
decoder_stage_1_low_to_high,HEM_PA24.nii.gz,background,pairwise_world_stability,4,0.9976702065752844,0.5054217900270472,0.9752610249603748,0.9998656950659988,0.0935377639864969,case_patch_macro
decoder_stage_1_low_to_high,HEM_PA24.nii.gz,foreground,pairwise_world_stability,4,0.9359929596306257,0.21595108763126913,0.8379020045648224,0.9861082296176207,0.2842865357355355,case_patch_macro
decoder_stage_1_low_to_high,HEM_PA24.nii.gz,overall,pairwise_world_stability,4,0.996739528797291,0.4999999321055784,0.9766573306221581,0.9998531255406207,0.11009132421214297,case_patch_macro
final_decoder_feature,HEM_PA24.nii.gz,background,blur_joint_product,4,0.9976702065752844,0.30228860703664795,0.9896023019556698,0.9999671764130389,0.09465929653900866,case_patch_macro
final_decoder_feature,HEM_PA24.nii.gz,foreground,blur_joint_product,4,0.9359929596306257,0.06340516791319266,0.8368239566705501,0.9856635120884137,0.27935200472965555,case_patch_macro
final_decoder_feature,HEM_PA24.nii.gz,overall,blur_joint_product,4,0.996739528797291,0.2973744834179145,0.9876591262663443,0.9999515704837355,0.1107115135779625,case_patch_macro
final_decoder_feature,HEM_PA24.nii.gz,background,blur_world_stability,4,0.9976702065752844,0.5065107560490024,0.9718684737424512,0.9998427741746063,0.09230741638907573,case_patch_macro
final_decoder_feature,HEM_PA24.nii.gz,foreground,blur_world_stability,4,0.9359929596306257,0.15000505268630407,0.7609632264122775,0.9784049841197064,0.21490589266515311,case_patch_macro
final_decoder_feature,HEM_PA24.nii.gz,overall,blur_world_stability,4,0.996739528797291,0.4999999307742929,0.9725375579923471,0.9998229788584936,0.10850969153163696,case_patch_macro
final_decoder_feature,HEM_PA24.nii.gz,background,confidence_rank,4,0.9976702065752844,0.5065911043537104,0.9857259413296288,0.999947834298285,0.09479632648250201,case_patch_macro
final_decoder_feature,HEM_PA24.nii.gz,foreground,confidence_rank,4,0.9359929596306257,0.18012647694805764,0.8782138207310952,0.9894330720645897,0.32092381372419393,case_patch_macro
final_decoder_feature,HEM_PA24.nii.gz,overall,confidence_rank,4,0.996739528797291,0.5000000689685273,0.9849944143299053,0.9999352314888599,0.1111457113375301,case_patch_macro
final_decoder_feature,HEM_PA24.nii.gz,background,gamma_joint_product,4,0.9976702065752844,0.2990015081908351,0.9792333187478924,0.9999337476495258,0.09337030711987733,case_patch_macro
final_decoder_feature,HEM_PA24.nii.gz,foreground,gamma_joint_product,4,0.9359929596306257,0.1175832228530342,0.8924974840126328,0.9912257995923452,0.33170445846541424,case_patch_macro
final_decoder_feature,HEM_PA24.nii.gz,overall,gamma_joint_product,4,0.996739528797291,0.29506232389784326,0.9803977122618427,0.9999216799446046,0.10993123611358258,case_patch_macro
final_decoder_feature,HEM_PA24.nii.gz,background,gamma_world_stability,4,0.9976702065752844,0.5020059134608277,0.9182091622745517,0.9995311945483993,0.0847701529678128,case_patch_macro
final_decoder_feature,HEM_PA24.nii.gz,foreground,gamma_world_stability,4,0.9359929596306257,0.3838108785059282,0.8837574809550053,0.9905723040934052,0.3413180997558385,case_patch_macro
final_decoder_feature,HEM_PA24.nii.gz,overall,gamma_world_stability,4,0.996739528797291,0.4999999366518035,0.9348904544771055,0.9995316552716815,0.10351660090256852,case_patch_macro
final_decoder_feature,HEM_PA24.nii.gz,background,pairwise_joint_product,4,0.9976702065752844,0.30523590999281225,0.9904616035638892,0.9999695333925847,0.0947822767303312,case_patch_macro
final_decoder_feature,HEM_PA24.nii.gz,foreground,pairwise_joint_product,4,0.9359929596306257,0.061903473488808515,0.8414136946427568,0.9861288611867108,0.2832378108570142,case_patch_macro
final_decoder_feature,HEM_PA24.nii.gz,overall,pairwise_joint_product,4,0.996739528797291,0.30022453744323,0.9884337930859353,0.9999545030372406,0.1108405596076597,case_patch_macro
final_decoder_feature,HEM_PA24.nii.gz,background,pairwise_world_stability,4,0.9976702065752844,0.5069244346709112,0.9803513021489563,0.9999070227052305,0.09353990027083829,case_patch_macro
final_decoder_feature,HEM_PA24.nii.gz,foreground,pairwise_world_stability,4,0.9359929596306257,0.13109766166668302,0.7776568128503923,0.9802975537165758,0.22885709285132402,case_patch_macro
final_decoder_feature,HEM_PA24.nii.gz,overall,pairwise_world_stability,4,0.996739528797291,0.49999993521440605,0.9792034749991715,0.9998878953253147,0.1095559268597636,case_patch_macro
final_decoder_stage_input,HEM_PA24.nii.gz,background,blur_joint_product,4,0.9976702065752844,0.30228860703664795,0.9896023019556698,0.9999671764130389,0.09465929653900866,case_patch_macro
final_decoder_stage_input,HEM_PA24.nii.gz,foreground,blur_joint_product,4,0.9359929596306257,0.06340516791319266,0.8368239566705501,0.9856635120884137,0.27935200472965555,case_patch_macro
final_decoder_stage_input,HEM_PA24.nii.gz,overall,blur_joint_product,4,0.996739528797291,0.2973744834179145,0.9876591262663443,0.9999515704837355,0.1107115135779625,case_patch_macro
final_decoder_stage_input,HEM_PA24.nii.gz,background,blur_world_stability,4,0.9976702065752844,0.5065107560490024,0.9718684737424512,0.9998427741746063,0.09230741638907573,case_patch_macro
final_decoder_stage_input,HEM_PA24.nii.gz,foreground,blur_world_stability,4,0.9359929596306257,0.15000505268630407,0.7609632264122775,0.9784049841197064,0.21490589266515311,case_patch_macro
final_decoder_stage_input,HEM_PA24.nii.gz,overall,blur_world_stability,4,0.996739528797291,0.4999999307742929,0.9725375579923471,0.9998229788584936,0.10850969153163696,case_patch_macro
final_decoder_stage_input,HEM_PA24.nii.gz,background,confidence_rank,4,0.9976702065752844,0.5065911043537104,0.9857259413296288,0.999947834298285,0.09479632648250201,case_patch_macro
final_decoder_stage_input,HEM_PA24.nii.gz,foreground,confidence_rank,4,0.9359929596306257,0.18012647694805764,0.8782138207310952,0.9894330720645897,0.32092381372419393,case_patch_macro
final_decoder_stage_input,HEM_PA24.nii.gz,overall,confidence_rank,4,0.996739528797291,0.5000000689685273,0.9849944143299053,0.9999352314888599,0.1111457113375301,case_patch_macro
final_decoder_stage_input,HEM_PA24.nii.gz,background,gamma_joint_product,4,0.9976702065752844,0.2990015081908351,0.9792333187478924,0.9999337476495258,0.09337030711987733,case_patch_macro
final_decoder_stage_input,HEM_PA24.nii.gz,foreground,gamma_joint_product,4,0.9359929596306257,0.1175832228530342,0.8924974840126328,0.9912257995923452,0.33170445846541424,case_patch_macro
final_decoder_stage_input,HEM_PA24.nii.gz,overall,gamma_joint_product,4,0.996739528797291,0.29506232389784326,0.9803977122618427,0.9999216799446046,0.10993123611358258,case_patch_macro
final_decoder_stage_input,HEM_PA24.nii.gz,background,gamma_world_stability,4,0.9976702065752844,0.5020059134608277,0.9182091622745517,0.9995311945483993,0.0847701529678128,case_patch_macro
final_decoder_stage_input,HEM_PA24.nii.gz,foreground,gamma_world_stability,4,0.9359929596306257,0.3838108785059282,0.8837574809550053,0.9905723040934052,0.3413180997558385,case_patch_macro
final_decoder_stage_input,HEM_PA24.nii.gz,overall,gamma_world_stability,4,0.996739528797291,0.4999999366518035,0.9348904544771055,0.9995316552716815,0.10351660090256852,case_patch_macro
final_decoder_stage_input,HEM_PA24.nii.gz,background,pairwise_joint_product,4,0.9976702065752844,0.30523590999281225,0.9904616035638892,0.9999695333925847,0.0947822767303312,case_patch_macro
final_decoder_stage_input,HEM_PA24.nii.gz,foreground,pairwise_joint_product,4,0.9359929596306257,0.061903473488808515,0.8414136946427568,0.9861288611867108,0.2832378108570142,case_patch_macro
final_decoder_stage_input,HEM_PA24.nii.gz,overall,pairwise_joint_product,4,0.996739528797291,0.30022453744323,0.9884337930859353,0.9999545030372406,0.1108405596076597,case_patch_macro
final_decoder_stage_input,HEM_PA24.nii.gz,background,pairwise_world_stability,4,0.9976702065752844,0.5069244346709112,0.9803513021489563,0.9999070227052305,0.09353990027083829,case_patch_macro
final_decoder_stage_input,HEM_PA24.nii.gz,foreground,pairwise_world_stability,4,0.9359929596306257,0.13109766166668302,0.7776568128503923,0.9802975537165758,0.22885709285132402,case_patch_macro
final_decoder_stage_input,HEM_PA24.nii.gz,overall,pairwise_world_stability,4,0.996739528797291,0.49999993521440605,0.9792034749991715,0.9998878953253147,0.1095559268597636,case_patch_macro
full_voxtell_reference,HEM_PA24.nii.gz,background,blur_joint_product,4,0.9976702065752844,0.3001907657070805,0.9919088985843326,0.9999772011608532,0.09545009409424392,case_patch_macro
full_voxtell_reference,HEM_PA24.nii.gz,foreground,blur_joint_product,4,0.9359929596306257,0.05599547501638321,0.8342876791320021,0.9852736201894373,0.2764003293199328,case_patch_macro
full_voxtell_reference,HEM_PA24.nii.gz,overall,blur_joint_product,4,0.996739528797291,0.29543722025236197,0.989559086597939,0.9999614013442736,0.11148993463471646,case_patch_macro
full_voxtell_reference,HEM_PA24.nii.gz,background,blur_world_stability,4,0.9976702065752844,0.5063612197274602,0.9757733471209956,0.9998528334527406,0.09356436914615196,case_patch_macro
full_voxtell_reference,HEM_PA24.nii.gz,foreground,blur_world_stability,4,0.9359929596306257,0.14067771627611866,0.7530696717456072,0.9768434469969542,0.20662574119339827,case_patch_macro
full_voxtell_reference,HEM_PA24.nii.gz,overall,blur_world_stability,4,0.996739528797291,0.4999999337011058,0.9757215144636963,0.9998327165757319,0.10972469151865553,case_patch_macro
full_voxtell_reference,HEM_PA24.nii.gz,background,confidence_rank,4,0.9976702065752844,0.5065911043537104,0.9857259413296288,0.999947834298285,0.09479632648250201,case_patch_macro
full_voxtell_reference,HEM_PA24.nii.gz,foreground,confidence_rank,4,0.9359929596306257,0.18012647694805764,0.8782138207310952,0.9894330720645897,0.32092381372419393,case_patch_macro
full_voxtell_reference,HEM_PA24.nii.gz,overall,confidence_rank,4,0.996739528797291,0.5000000689685273,0.9849944143299053,0.9999352314888599,0.1111457113375301,case_patch_macro
full_voxtell_reference,HEM_PA24.nii.gz,background,gamma_joint_product,4,0.9976702065752844,0.29930225055952747,0.9792649239358499,0.999934041405106,0.09338878576995428,case_patch_macro
full_voxtell_reference,HEM_PA24.nii.gz,foreground,gamma_joint_product,4,0.9359929596306257,0.11729381001745215,0.8933351680722526,0.9913183852356772,0.332447794017384,case_patch_macro
full_voxtell_reference,HEM_PA24.nii.gz,overall,gamma_joint_product,4,0.996739528797291,0.2953419518666919,0.9804399627608881,0.9999220545103689,0.10995567540314273,case_patch_macro
full_voxtell_reference,HEM_PA24.nii.gz,background,gamma_world_stability,4,0.9976702065752844,0.5021086974783634,0.918148692147788,0.9995314066798008,0.08451818640144985,case_patch_macro
full_voxtell_reference,HEM_PA24.nii.gz,foreground,gamma_world_stability,4,0.9359929596306257,0.3805179586841005,0.8854193408420689,0.9907399426282885,0.3423556738567903,case_patch_macro
full_voxtell_reference,HEM_PA24.nii.gz,overall,gamma_world_stability,4,0.996739528797291,0.4999999365704879,0.9349410536681043,0.9995327121061526,0.1032637884420341,case_patch_macro
full_voxtell_reference,HEM_PA24.nii.gz,background,pairwise_joint_product,4,0.9976702065752844,0.3030094197471321,0.9926520702965878,0.9999792183369332,0.0955394256926857,case_patch_macro
full_voxtell_reference,HEM_PA24.nii.gz,foreground,pairwise_joint_product,4,0.9359929596306257,0.05387089560184352,0.8400675721534142,0.9859234901961336,0.2813822632541286,case_patch_macro
full_voxtell_reference,HEM_PA24.nii.gz,overall,pairwise_joint_product,4,0.996739528797291,0.29814065034460124,0.990273517323872,0.9999641212604917,0.11159439155258448,case_patch_macro
full_voxtell_reference,HEM_PA24.nii.gz,background,pairwise_world_stability,4,0.9976702065752844,0.506810929477208,0.9838168795332246,0.9999189534208769,0.09460748318968489,case_patch_macro
full_voxtell_reference,HEM_PA24.nii.gz,foreground,pairwise_world_stability,4,0.9359929596306257,0.1209200034455488,0.7718896677048566,0.9791126078372056,0.22253274450939475,case_patch_macro
full_voxtell_reference,HEM_PA24.nii.gz,overall,pairwise_world_stability,4,0.996739528797291,0.4999999290871824,0.9821674890504063,0.9999000127587453,0.11061697530287062,case_patch_macro
penultimate_decoder_stage_output,HEM_PA24.nii.gz,background,blur_joint_product,4,0.9976702065752844,0.302102783086631,0.9878879290519954,0.9999602066481348,0.09435222860581789,case_patch_macro
penultimate_decoder_stage_output,HEM_PA24.nii.gz,foreground,blur_joint_product,4,0.9359929596306257,0.07349719559430179,0.8385173445357128,0.9858646048276897,0.2808478720128588,case_patch_macro
penultimate_decoder_stage_output,HEM_PA24.nii.gz,overall,blur_joint_product,4,0.996739528797291,0.2974105996514585,0.9862952375013818,0.9999446651797854,0.1104420309595513,case_patch_macro
penultimate_decoder_stage_output,HEM_PA24.nii.gz,background,blur_world_stability,4,0.9976702065752844,0.5060551927050485,0.9682599243631419,0.9998146043330536,0.09160723234463693,case_patch_macro
penultimate_decoder_stage_output,HEM_PA24.nii.gz,foreground,blur_world_stability,4,0.9359929596306257,0.17017875960659304,0.7684426084167123,0.9792856112483822,0.22131346144592748,case_patch_macro
penultimate_decoder_stage_output,HEM_PA24.nii.gz,overall,blur_world_stability,4,0.996739528797291,0.49999993484225,0.9700377172833553,0.9997967899097027,0.1079603953144399,case_patch_macro
penultimate_decoder_stage_output,HEM_PA24.nii.gz,background,confidence_rank,4,0.9976702065752844,0.5065911043537104,0.9857259413296288,0.999947834298285,0.09479632648250201,case_patch_macro
penultimate_decoder_stage_output,HEM_PA24.nii.gz,foreground,confidence_rank,4,0.9359929596306257,0.18012647694805764,0.8782138207310952,0.9894330720645897,0.32092381372419393,case_patch_macro
penultimate_decoder_stage_output,HEM_PA24.nii.gz,overall,confidence_rank,4,0.996739528797291,0.5000000689685273,0.9849944143299053,0.9999352314888599,0.1111457113375301,case_patch_macro
penultimate_decoder_stage_output,HEM_PA24.nii.gz,background,gamma_joint_product,4,0.9976702065752844,0.29911281529001854,0.978994398420014,0.999932985977648,0.09332551247578069,case_patch_macro
penultimate_decoder_stage_output,HEM_PA24.nii.gz,foreground,gamma_joint_product,4,0.9359929596306257,0.11606062565984603,0.8908762423242198,0.9910995550889243,0.33002472758164986,case_patch_macro
penultimate_decoder_stage_output,HEM_PA24.nii.gz,overall,gamma_joint_product,4,0.996739528797291,0.29515167538581755,0.980248092223519,0.9999209661121858,0.1098982089095179,case_patch_macro
penultimate_decoder_stage_output,HEM_PA24.nii.gz,background,gamma_world_stability,4,0.9976702065752844,0.5017977999312684,0.9157013215300317,0.9995126885661345,0.08423519684439462,case_patch_macro
penultimate_decoder_stage_output,HEM_PA24.nii.gz,foreground,gamma_world_stability,4,0.9359929596306257,0.38942015403268865,0.8806204257334272,0.990338609928207,0.33770408676964014,case_patch_macro
penultimate_decoder_stage_output,HEM_PA24.nii.gz,overall,gamma_world_stability,4,0.996739528797291,0.4999999339636445,0.9331808709571053,0.9995142937106936,0.10307814386535115,case_patch_macro
penultimate_decoder_stage_output,HEM_PA24.nii.gz,background,pairwise_joint_product,4,0.9976702065752844,0.3051825577771633,0.9889677044985973,0.9999633502675278,0.09451890580783573,case_patch_macro
penultimate_decoder_stage_output,HEM_PA24.nii.gz,foreground,pairwise_joint_product,4,0.9359929596306257,0.07076549521734692,0.8424338460401479,0.986267227900638,0.2841660831491701,case_patch_macro
penultimate_decoder_stage_output,HEM_PA24.nii.gz,overall,pairwise_joint_product,4,0.996739528797291,0.3003615098201414,0.9872342715390238,0.9999483464769956,0.110607347830739,case_patch_macro
penultimate_decoder_stage_output,HEM_PA24.nii.gz,background,pairwise_world_stability,4,0.9976702065752844,0.5065400745993958,0.9774900973491478,0.9998822880970866,0.09298688301630227,case_patch_macro
penultimate_decoder_stage_output,HEM_PA24.nii.gz,foreground,pairwise_world_stability,4,0.9359929596306257,0.14832457891224846,0.7819382144000331,0.9807753417884846,0.23251302853117442,case_patch_macro
penultimate_decoder_stage_output,HEM_PA24.nii.gz,overall,pairwise_world_stability,4,0.996739528797291,0.4999999320818852,0.9772127573205482,0.9998645123760742,0.10911593397461412,case_patch_macro
decoder_stage_1_low_to_high,CYST_PA74.nii.gz,background,blur_joint_product,4,0.998321870732146,0.2876721395124131,0.9911042926500984,0.9999744205996899,0.09077975383108872,case_patch_macro
decoder_stage_1_low_to_high,CYST_PA74.nii.gz,foreground,blur_joint_product,4,0.9762248980797769,0.23262560293124587,0.9565822178254345,0.9988561872056598,0.24574147850597025,case_patch_macro
decoder_stage_1_low_to_high,CYST_PA74.nii.gz,overall,blur_joint_product,4,0.9979535915233471,0.2870865563482622,0.9908618810944351,0.9999708746950975,0.09843370031801724,case_patch_macro
decoder_stage_1_low_to_high,CYST_PA74.nii.gz,background,blur_world_stability,4,0.998321870732146,0.5017775459872018,0.969299773463343,0.9998302866180642,0.09081688324701982,case_patch_macro
decoder_stage_1_low_to_high,CYST_PA74.nii.gz,foreground,blur_world_stability,4,0.9762248980797769,0.3462165781760542,0.9398926432318544,0.9983700108348814,0.24256519607126256,case_patch_macro
decoder_stage_1_low_to_high,CYST_PA74.nii.gz,overall,blur_world_stability,4,0.9979535915233471,0.4999999270191472,0.9734907578765434,0.999832661933913,0.0989089436430819,case_patch_macro
decoder_stage_1_low_to_high,CYST_PA74.nii.gz,background,confidence_rank,4,0.998321870732146,0.5008314720588602,0.9888639235483642,0.9999555525479483,0.09232124790228213,case_patch_macro
decoder_stage_1_low_to_high,CYST_PA74.nii.gz,foreground,confidence_rank,4,0.9762248980797769,0.39084205368436215,0.9607833483792287,0.9989608365993283,0.2585444280238515,case_patch_macro
decoder_stage_1_low_to_high,CYST_PA74.nii.gz,overall,confidence_rank,4,0.9979535915233471,0.5000000643346224,0.9889823194627803,0.9999541271702053,0.10006044717810274,case_patch_macro
decoder_stage_1_low_to_high,CYST_PA74.nii.gz,background,gamma_joint_product,4,0.998321870732146,0.2837486332880892,0.9811629581825975,0.999942336138438,0.09008592698414786,case_patch_macro
decoder_stage_1_low_to_high,CYST_PA74.nii.gz,foreground,gamma_joint_product,4,0.9762248980797769,0.3060223821511248,0.9672197973969605,0.9991437101745811,0.2598522439828518,case_patch_macro
decoder_stage_1_low_to_high,CYST_PA74.nii.gz,overall,gamma_joint_product,4,0.9979535915233471,0.28486513479792464,0.9829056441191106,0.999941360438766,0.09799980439931455,case_patch_macro
decoder_stage_1_low_to_high,CYST_PA74.nii.gz,background,gamma_world_stability,4,0.998321870732146,0.49761515277502916,0.8987055025457141,0.9995816242102629,0.08705308762050802,case_patch_macro
decoder_stage_1_low_to_high,CYST_PA74.nii.gz,foreground,gamma_world_stability,4,0.9762248980797769,0.56571231773947,0.9638891864574303,0.9990369623002481,0.31474583766449776,case_patch_macro
decoder_stage_1_low_to_high,CYST_PA74.nii.gz,overall,gamma_world_stability,4,0.9979535915233471,0.49999993174219737,0.915391122075054,0.9995957118183989,0.096912244278528,case_patch_macro
decoder_stage_1_low_to_high,CYST_PA74.nii.gz,background,pairwise_joint_product,4,0.998321870732146,0.2898131492312214,0.9919168859712596,0.9999761926953002,0.09039286331151092,case_patch_macro
decoder_stage_1_low_to_high,CYST_PA74.nii.gz,foreground,pairwise_joint_product,4,0.9762248980797769,0.23170128472638882,0.9575939172916961,0.9988763837732305,0.245942461356876,case_patch_macro
decoder_stage_1_low_to_high,CYST_PA74.nii.gz,overall,pairwise_joint_product,4,0.9979535915233471,0.289163413915136,0.9915503003035396,0.9999727283542605,0.09803519328766641,case_patch_macro
decoder_stage_1_low_to_high,CYST_PA74.nii.gz,background,pairwise_world_stability,4,0.998321870732146,0.5020446316019169,0.978341747046834,0.9998815963069014,0.09079780975748401,case_patch_macro
decoder_stage_1_low_to_high,CYST_PA74.nii.gz,foreground,pairwise_world_stability,4,0.9762248980797769,0.3330483153065191,0.9447181732154871,0.9984953101666263,0.24391805058159835,case_patch_macro
decoder_stage_1_low_to_high,CYST_PA74.nii.gz,overall,pairwise_world_stability,4,0.9979535915233471,0.4999999229100143,0.9807323132387652,0.9998822672622831,0.09869552698521927,case_patch_macro
final_decoder_feature,CYST_PA74.nii.gz,background,blur_joint_product,4,0.998321870732146,0.28918174215149794,0.9953791598609308,0.9999895774731443,0.09145436018372312,case_patch_macro
final_decoder_feature,CYST_PA74.nii.gz,foreground,blur_joint_product,4,0.9762248980797769,0.17279791516672371,0.9335066544261751,0.9982822302955346,0.23058096073583148,case_patch_macro
final_decoder_feature,CYST_PA74.nii.gz,overall,blur_joint_product,4,0.9979535915233471,0.2874369749824416,0.9942706578283307,0.9999848793963824,0.09898798294963991,case_patch_macro
final_decoder_feature,CYST_PA74.nii.gz,background,blur_world_stability,4,0.998321870732146,0.5037451287016277,0.9876188897451946,0.9999350172483451,0.09227059578278722,case_patch_macro
final_decoder_feature,CYST_PA74.nii.gz,foreground,blur_world_stability,4,0.9762248980797769,0.24677844910075,0.8829239375908006,0.9968580240155428,0.2058377407223488,case_patch_macro
final_decoder_feature,CYST_PA74.nii.gz,overall,blur_world_stability,4,0.9979535915233471,0.49999994049040375,0.987245353968406,0.9999301511878693,0.09979520307736774,case_patch_macro
final_decoder_feature,CYST_PA74.nii.gz,background,confidence_rank,4,0.998321870732146,0.5008314720588602,0.9888639235483642,0.9999555525479483,0.09232124790228213,case_patch_macro
final_decoder_feature,CYST_PA74.nii.gz,foreground,confidence_rank,4,0.9762248980797769,0.39084205368436215,0.9607833483792287,0.9989608365993283,0.2585444280238515,case_patch_macro
final_decoder_feature,CYST_PA74.nii.gz,overall,confidence_rank,4,0.9979535915233471,0.5000000643346224,0.9889823194627803,0.9999541271702053,0.10006044717810274,case_patch_macro
final_decoder_feature,CYST_PA74.nii.gz,background,gamma_joint_product,4,0.998321870732146,0.28480908112637715,0.9845266177762819,0.9999524361510136,0.09025500145984765,case_patch_macro
final_decoder_feature,CYST_PA74.nii.gz,foreground,gamma_joint_product,4,0.9762248980797769,0.3038662125870797,0.9659075507337532,0.9991096727297409,0.2573216104550704,case_patch_macro
final_decoder_feature,CYST_PA74.nii.gz,overall,gamma_joint_product,4,0.9979535915233471,0.2859251900701561,0.985598407332581,0.9999509978537433,0.0980889392796387,case_patch_macro
final_decoder_feature,CYST_PA74.nii.gz,background,gamma_world_stability,4,0.998321870732146,0.4979617715786991,0.927403859575051,0.9996855682261094,0.08777251609514702,case_patch_macro
final_decoder_feature,CYST_PA74.nii.gz,foreground,gamma_world_stability,4,0.9762248980797769,0.5375927597639586,0.9618510230375579,0.9989860180025167,0.2926572898405526,case_patch_macro
final_decoder_feature,CYST_PA74.nii.gz,overall,gamma_world_stability,4,0.9979535915233471,0.49999994007956694,0.9387187163527674,0.9996953168911525,0.09689343446979785,case_patch_macro
final_decoder_feature,CYST_PA74.nii.gz,background,pairwise_joint_product,4,0.998321870732146,0.2914657193742158,0.9960380687100514,0.9999910771039422,0.09070217194472491,case_patch_macro
final_decoder_feature,CYST_PA74.nii.gz,foreground,pairwise_joint_product,4,0.9762248980797769,0.1684995576565517,0.9359000645264789,0.9983474099157855,0.23158913942418846,case_patch_macro
final_decoder_feature,CYST_PA74.nii.gz,overall,pairwise_joint_product,4,0.9979535915233471,0.2896153939113376,0.9948827556440031,0.9999865010290698,0.0982321616926859,case_patch_macro
final_decoder_feature,CYST_PA74.nii.gz,background,pairwise_world_stability,4,0.998321870732146,0.5039675385354884,0.9932568026562892,0.9999673469029046,0.09152693584327454,case_patch_macro
final_decoder_feature,CYST_PA74.nii.gz,foreground,pairwise_world_stability,4,0.9762248980797769,0.23128459796836684,0.8919136688568399,0.9971375766114677,0.20996225023599033,case_patch_macro
final_decoder_feature,CYST_PA74.nii.gz,overall,pairwise_world_stability,4,0.9979535915233471,0.49999992208335736,0.9919490134052223,0.9999617598075901,0.098961891937557,case_patch_macro
final_decoder_stage_input,CYST_PA74.nii.gz,background,blur_joint_product,4,0.998321870732146,0.28918174215149794,0.9953791598609308,0.9999895774731443,0.09145436018372312,case_patch_macro
final_decoder_stage_input,CYST_PA74.nii.gz,foreground,blur_joint_product,4,0.9762248980797769,0.17279791516672371,0.9335066544261751,0.9982822302955346,0.23058096073583148,case_patch_macro
final_decoder_stage_input,CYST_PA74.nii.gz,overall,blur_joint_product,4,0.9979535915233471,0.2874369749824416,0.9942706578283307,0.9999848793963824,0.09898798294963991,case_patch_macro
final_decoder_stage_input,CYST_PA74.nii.gz,background,blur_world_stability,4,0.998321870732146,0.5037451287016277,0.9876188897451946,0.9999350172483451,0.09227059578278722,case_patch_macro
final_decoder_stage_input,CYST_PA74.nii.gz,foreground,blur_world_stability,4,0.9762248980797769,0.24677844910075,0.8829239375908006,0.9968580240155428,0.2058377407223488,case_patch_macro
final_decoder_stage_input,CYST_PA74.nii.gz,overall,blur_world_stability,4,0.9979535915233471,0.49999994049040375,0.987245353968406,0.9999301511878693,0.09979520307736774,case_patch_macro
final_decoder_stage_input,CYST_PA74.nii.gz,background,confidence_rank,4,0.998321870732146,0.5008314720588602,0.9888639235483642,0.9999555525479483,0.09232124790228213,case_patch_macro
final_decoder_stage_input,CYST_PA74.nii.gz,foreground,confidence_rank,4,0.9762248980797769,0.39084205368436215,0.9607833483792287,0.9989608365993283,0.2585444280238515,case_patch_macro
final_decoder_stage_input,CYST_PA74.nii.gz,overall,confidence_rank,4,0.9979535915233471,0.5000000643346224,0.9889823194627803,0.9999541271702053,0.10006044717810274,case_patch_macro
final_decoder_stage_input,CYST_PA74.nii.gz,background,gamma_joint_product,4,0.998321870732146,0.28480908112637715,0.9845266177762819,0.9999524361510136,0.09025500145984765,case_patch_macro
final_decoder_stage_input,CYST_PA74.nii.gz,foreground,gamma_joint_product,4,0.9762248980797769,0.3038662125870797,0.9659075507337532,0.9991096727297409,0.2573216104550704,case_patch_macro
final_decoder_stage_input,CYST_PA74.nii.gz,overall,gamma_joint_product,4,0.9979535915233471,0.2859251900701561,0.985598407332581,0.9999509978537433,0.0980889392796387,case_patch_macro
final_decoder_stage_input,CYST_PA74.nii.gz,background,gamma_world_stability,4,0.998321870732146,0.4979617715786991,0.927403859575051,0.9996855682261094,0.08777251609514702,case_patch_macro
final_decoder_stage_input,CYST_PA74.nii.gz,foreground,gamma_world_stability,4,0.9762248980797769,0.5375927597639586,0.9618510230375579,0.9989860180025167,0.2926572898405526,case_patch_macro
final_decoder_stage_input,CYST_PA74.nii.gz,overall,gamma_world_stability,4,0.9979535915233471,0.49999994007956694,0.9387187163527674,0.9996953168911525,0.09689343446979785,case_patch_macro
final_decoder_stage_input,CYST_PA74.nii.gz,background,pairwise_joint_product,4,0.998321870732146,0.2914657193742158,0.9960380687100514,0.9999910771039422,0.09070217194472491,case_patch_macro
final_decoder_stage_input,CYST_PA74.nii.gz,foreground,pairwise_joint_product,4,0.9762248980797769,0.1684995576565517,0.9359000645264789,0.9983474099157855,0.23158913942418846,case_patch_macro
final_decoder_stage_input,CYST_PA74.nii.gz,overall,pairwise_joint_product,4,0.9979535915233471,0.2896153939113376,0.9948827556440031,0.9999865010290698,0.0982321616926859,case_patch_macro
final_decoder_stage_input,CYST_PA74.nii.gz,background,pairwise_world_stability,4,0.998321870732146,0.5039675385354884,0.9932568026562892,0.9999673469029046,0.09152693584327454,case_patch_macro
final_decoder_stage_input,CYST_PA74.nii.gz,foreground,pairwise_world_stability,4,0.9762248980797769,0.23128459796836684,0.8919136688568399,0.9971375766114677,0.20996225023599033,case_patch_macro
final_decoder_stage_input,CYST_PA74.nii.gz,overall,pairwise_world_stability,4,0.9979535915233471,0.49999992208335736,0.9919490134052223,0.9999617598075901,0.098961891937557,case_patch_macro
full_voxtell_reference,CYST_PA74.nii.gz,background,blur_joint_product,4,0.998321870732146,0.29083297682998305,0.995454020810625,0.9999896777288811,0.09326107939125557,case_patch_macro
full_voxtell_reference,CYST_PA74.nii.gz,foreground,blur_joint_product,4,0.9762248980797769,0.18186681697497828,0.9322293966182048,0.9982580446608579,0.23011294757211717,case_patch_macro
full_voxtell_reference,CYST_PA74.nii.gz,overall,blur_joint_product,4,0.9979535915233471,0.28935414644075536,0.9943683308778732,0.9999850345990322,0.10078944142420321,case_patch_macro
full_voxtell_reference,CYST_PA74.nii.gz,background,blur_world_stability,4,0.998321870732146,0.5034232996992076,0.988181763058558,0.9999391468204202,0.09227769836026962,case_patch_macro
full_voxtell_reference,CYST_PA74.nii.gz,foreground,blur_world_stability,4,0.9762248980797769,0.2565426780312236,0.8807499222634779,0.9968252104838542,0.205129178750326,case_patch_macro
full_voxtell_reference,CYST_PA74.nii.gz,overall,blur_world_stability,4,0.9979535915233471,0.49999992300271334,0.9877802097737534,0.9999341555373471,0.09980029847780554,case_patch_macro
full_voxtell_reference,CYST_PA74.nii.gz,background,confidence_rank,4,0.998321870732146,0.5008314720588602,0.9888639235483642,0.9999555525479483,0.09232124790228213,case_patch_macro
full_voxtell_reference,CYST_PA74.nii.gz,foreground,confidence_rank,4,0.9762248980797769,0.39084205368436215,0.9607833483792287,0.9989608365993283,0.2585444280238515,case_patch_macro
full_voxtell_reference,CYST_PA74.nii.gz,overall,confidence_rank,4,0.9979535915233471,0.5000000643346224,0.9889823194627803,0.9999541271702053,0.10006044717810274,case_patch_macro
full_voxtell_reference,CYST_PA74.nii.gz,background,gamma_joint_product,4,0.998321870732146,0.2863691787406481,0.9842483989639154,0.9999507453239239,0.09043843307570583,case_patch_macro
full_voxtell_reference,CYST_PA74.nii.gz,foreground,gamma_joint_product,4,0.9762248980797769,0.31161567194532885,0.966019909961004,0.9991143893604137,0.25786014934339097,case_patch_macro
full_voxtell_reference,CYST_PA74.nii.gz,overall,gamma_joint_product,4,0.9979535915233471,0.2876103961543328,0.9854138866233456,0.999949505288136,0.09828355621588795,case_patch_macro
full_voxtell_reference,CYST_PA74.nii.gz,background,gamma_world_stability,4,0.998321870732146,0.4976283954850225,0.9259671476946872,0.9996460851926479,0.08793504967145578,case_patch_macro
full_voxtell_reference,CYST_PA74.nii.gz,foreground,gamma_world_stability,4,0.9762248980797769,0.5515649625603157,0.9621421657221171,0.9989899132812609,0.2950951806008137,case_patch_macro
full_voxtell_reference,CYST_PA74.nii.gz,overall,gamma_world_stability,4,0.9979535915233471,0.4999999399931312,0.9377132925529664,0.9996627078443793,0.09708455225862218,case_patch_macro
full_voxtell_reference,CYST_PA74.nii.gz,background,pairwise_joint_product,4,0.998321870732146,0.2932590121233404,0.9960424023530794,0.9999907877661274,0.09238610908906643,case_patch_macro
full_voxtell_reference,CYST_PA74.nii.gz,foreground,pairwise_joint_product,4,0.9762248980797769,0.17797499513708306,0.9348359734886484,0.9983297516079354,0.23127800828034398,case_patch_macro
full_voxtell_reference,CYST_PA74.nii.gz,overall,pairwise_joint_product,4,0.9979535915233471,0.2916615346214815,0.9949190577782,0.9999862806151483,0.09991372759138277,case_patch_macro
full_voxtell_reference,CYST_PA74.nii.gz,background,pairwise_world_stability,4,0.998321870732146,0.5036380782238005,0.9932233924505915,0.99996698217631,0.09205071045386294,case_patch_macro
full_voxtell_reference,CYST_PA74.nii.gz,foreground,pairwise_world_stability,4,0.9762248980797769,0.2415715446794264,0.8908509135070458,0.9971431647298177,0.20984060156942075,case_patch_macro
full_voxtell_reference,CYST_PA74.nii.gz,overall,pairwise_world_stability,4,0.9979535915233471,0.4999999254682524,0.9919984425250022,0.999961618659819,0.09949533433118123,case_patch_macro
penultimate_decoder_stage_output,CYST_PA74.nii.gz,background,blur_joint_product,4,0.998321870732146,0.2889969879324049,0.9946437268177922,0.999986181868427,0.09143976340029701,case_patch_macro
penultimate_decoder_stage_output,CYST_PA74.nii.gz,foreground,blur_joint_product,4,0.9762248980797769,0.19435222783836262,0.9333414081396975,0.9982910391268988,0.23124648622300026,case_patch_macro
penultimate_decoder_stage_output,CYST_PA74.nii.gz,overall,blur_joint_product,4,0.9979535915233471,0.2876887455405598,0.993661866398805,0.9999817634318378,0.09899460796003719,case_patch_macro
penultimate_decoder_stage_output,CYST_PA74.nii.gz,background,blur_world_stability,4,0.998321870732146,0.503211308984031,0.9867300553102373,0.9999297407821706,0.09232405980711676,case_patch_macro
penultimate_decoder_stage_output,CYST_PA74.nii.gz,foreground,blur_world_stability,4,0.9762248980797769,0.27329107308075157,0.8847631436683576,0.9969677932003785,0.2078434695373241,case_patch_macro
penultimate_decoder_stage_output,CYST_PA74.nii.gz,overall,blur_world_stability,4,0.9979535915233471,0.4999999333557778,0.9866553882398744,0.999925653526492,0.09989708589208109,case_patch_macro
penultimate_decoder_stage_output,CYST_PA74.nii.gz,background,confidence_rank,4,0.998321870732146,0.5008314720588602,0.9888639235483642,0.9999555525479483,0.09232124790228213,case_patch_macro
penultimate_decoder_stage_output,CYST_PA74.nii.gz,foreground,confidence_rank,4,0.9762248980797769,0.39084205368436215,0.9607833483792287,0.9989608365993283,0.2585444280238515,case_patch_macro
penultimate_decoder_stage_output,CYST_PA74.nii.gz,overall,confidence_rank,4,0.9979535915233471,0.5000000643346224,0.9889823194627803,0.9999541271702053,0.10006044717810274,case_patch_macro
penultimate_decoder_stage_output,CYST_PA74.nii.gz,background,gamma_joint_product,4,0.998321870732146,0.2851536471677009,0.9844028917433616,0.9999514537836739,0.09034748157727301,case_patch_macro
penultimate_decoder_stage_output,CYST_PA74.nii.gz,foreground,gamma_joint_product,4,0.9762248980797769,0.30364167479284343,0.9643275603334001,0.9990697602860847,0.25639726282616027,case_patch_macro
penultimate_decoder_stage_output,CYST_PA74.nii.gz,overall,gamma_joint_product,4,0.9979535915233471,0.2862586283382614,0.9855379384704027,0.9999500629889773,0.09818628850289722,case_patch_macro
penultimate_decoder_stage_output,CYST_PA74.nii.gz,background,gamma_world_stability,4,0.998321870732146,0.4979711064787634,0.9249163678262953,0.9996687623839925,0.08787799650028795,case_patch_macro
penultimate_decoder_stage_output,CYST_PA74.nii.gz,foreground,gamma_world_stability,4,0.9762248980797769,0.5349782235059314,0.9579592997746431,0.9988740294825807,0.28908504827246756,case_patch_macro
penultimate_decoder_stage_output,CYST_PA74.nii.gz,overall,gamma_world_stability,4,0.9979535915233471,0.4999999307130262,0.9368955528529677,0.9996796958506389,0.09706159476299736,case_patch_macro
penultimate_decoder_stage_output,CYST_PA74.nii.gz,background,pairwise_joint_product,4,0.998321870732146,0.29132779327938396,0.9954031472353683,0.9999884378168745,0.09076733793662922,case_patch_macro
penultimate_decoder_stage_output,CYST_PA74.nii.gz,foreground,pairwise_joint_product,4,0.9762248980797769,0.18902372960550293,0.9350916092333487,0.9983327308532469,0.23179473402227235,case_patch_macro
penultimate_decoder_stage_output,CYST_PA74.nii.gz,overall,pairwise_joint_product,4,0.9979535915233471,0.2899014664182371,0.9943400138597666,0.9999840438619532,0.09831185249131692,case_patch_macro
penultimate_decoder_stage_output,CYST_PA74.nii.gz,background,pairwise_world_stability,4,0.998321870732146,0.5034499580973192,0.9919782804082891,0.9999583560849833,0.09154628387497006,case_patch_macro
penultimate_decoder_stage_output,CYST_PA74.nii.gz,foreground,pairwise_world_stability,4,0.9762248980797769,0.25583964853705427,0.8918294068606537,0.9971679538337538,0.21075127762523457,case_patch_macro
penultimate_decoder_stage_output,CYST_PA74.nii.gz,overall,pairwise_world_stability,4,0.9979535915233471,0.49999992550153943,0.9910099161179077,0.999953607037391,0.0990274924259671,case_patch_macro
decoder_stage_1_low_to_high,HEM_PA34.nii.gz,background,blur_joint_product,4,0.9983340530294227,0.28857349992658377,0.9899990106926343,0.9999671125060083,0.08736500852620892,case_patch_macro
decoder_stage_1_low_to_high,HEM_PA34.nii.gz,foreground,blur_joint_product,4,0.9644727289449375,0.21626052794264425,0.9090699768225661,0.9922653394727338,0.2229921348712335,case_patch_macro
decoder_stage_1_low_to_high,HEM_PA34.nii.gz,overall,blur_joint_product,4,0.9980122601544414,0.28779399032479347,0.9899921995533566,0.9999653762778781,0.09514996449706763,case_patch_macro
decoder_stage_1_low_to_high,HEM_PA34.nii.gz,background,blur_world_stability,4,0.9983340530294227,0.5006272863598209,0.9686743723160752,0.9998424398812693,0.08694912748317397,case_patch_macro
decoder_stage_1_low_to_high,HEM_PA34.nii.gz,foreground,blur_world_stability,4,0.9644727289449375,0.3895640606618896,0.8905360741642957,0.9907997144429989,0.21743098879993972,case_patch_macro
decoder_stage_1_low_to_high,HEM_PA34.nii.gz,overall,blur_world_stability,4,0.9980122601544414,0.499999925375145,0.9728704025549102,0.9998490879492952,0.09534510447026602,case_patch_macro
decoder_stage_1_low_to_high,HEM_PA34.nii.gz,background,confidence_rank,4,0.9983340530294227,0.5031556985360762,0.989485706500422,0.9999463307550933,0.08911166627975779,case_patch_macro
decoder_stage_1_low_to_high,HEM_PA34.nii.gz,foreground,confidence_rank,4,0.9644727289449375,0.30565505670039617,0.9056703619900598,0.9917497024854208,0.2244834725287912,case_patch_macro
decoder_stage_1_low_to_high,HEM_PA34.nii.gz,overall,confidence_rank,4,0.9980122601544414,0.500000068822697,0.9895698368033964,0.9999467159973908,0.09703376742886267,case_patch_macro
decoder_stage_1_low_to_high,HEM_PA34.nii.gz,background,gamma_joint_product,4,0.9983340530294227,0.2850050989920261,0.9797797095933896,0.9999287120051282,0.08694377479562822,case_patch_macro
decoder_stage_1_low_to_high,HEM_PA34.nii.gz,foreground,gamma_joint_product,4,0.9644727289449375,0.24795320909139776,0.9294824262989801,0.9951075929630487,0.24709040188050813,case_patch_macro
decoder_stage_1_low_to_high,HEM_PA34.nii.gz,overall,gamma_joint_product,4,0.9980122601544414,0.2849295201839752,0.9818626053609396,0.9999298623648571,0.09504126093271677,case_patch_macro
decoder_stage_1_low_to_high,HEM_PA34.nii.gz,background,gamma_world_stability,4,0.9983340530294227,0.496845982880904,0.8999220779965541,0.9995365375183445,0.08599372150383032,case_patch_macro
decoder_stage_1_low_to_high,HEM_PA34.nii.gz,foreground,gamma_world_stability,4,0.9644727289449375,0.5614232573133974,0.9185920863416067,0.9948266987179557,0.28756441633238844,case_patch_macro
decoder_stage_1_low_to_high,HEM_PA34.nii.gz,overall,gamma_world_stability,4,0.9980122601544414,0.49999993180627256,0.9184384725457434,0.9995603810222582,0.09680104659924434,case_patch_macro
decoder_stage_1_low_to_high,HEM_PA34.nii.gz,background,pairwise_joint_product,4,0.9983340530294227,0.2911329753446202,0.9907747975195459,0.9999695576907736,0.087191942514119,case_patch_macro
decoder_stage_1_low_to_high,HEM_PA34.nii.gz,foreground,pairwise_joint_product,4,0.9644727289449375,0.21534795600822418,0.9082765702272839,0.9920993651858497,0.22215694476858006,case_patch_macro
decoder_stage_1_low_to_high,HEM_PA34.nii.gz,overall,pairwise_joint_product,4,0.9980122601544414,0.29024395098879197,0.9906162122600701,0.9999676542587553,0.09494567504611888,case_patch_macro
decoder_stage_1_low_to_high,HEM_PA34.nii.gz,background,pairwise_world_stability,4,0.9983340530294227,0.5011287769664944,0.9755547268992023,0.9998711401068655,0.08702023662117132,case_patch_macro
decoder_stage_1_low_to_high,HEM_PA34.nii.gz,foreground,pairwise_world_stability,4,0.9644727289449375,0.3693607030943122,0.8931522479572233,0.9908534420336085,0.2173919994694179,case_patch_macro
decoder_stage_1_low_to_high,HEM_PA34.nii.gz,overall,pairwise_world_stability,4,0.9980122601544414,0.4999999322085892,0.978491066212949,0.9998779569844913,0.09522117244343335,case_patch_macro
final_decoder_feature,HEM_PA34.nii.gz,background,blur_joint_product,4,0.9983340530294227,0.2920736288705983,0.9910079160976778,0.999964587998873,0.0873362141527725,case_patch_macro
final_decoder_feature,HEM_PA34.nii.gz,foreground,blur_joint_product,4,0.9644727289449375,0.17540118850578326,0.8667994075990656,0.9881390969006861,0.18666771635239157,case_patch_macro
final_decoder_feature,HEM_PA34.nii.gz,overall,blur_joint_product,4,0.9980122601544414,0.2904189575473016,0.9904833491309093,0.9999627401021248,0.0949978883545785,case_patch_macro
final_decoder_feature,HEM_PA34.nii.gz,background,blur_world_stability,4,0.9983340530294227,0.5027673765184688,0.9745814685111395,0.9998402326002078,0.08665399363978321,case_patch_macro
final_decoder_feature,HEM_PA34.nii.gz,foreground,blur_world_stability,4,0.9644727289449375,0.2834587866026436,0.7952334533549177,0.9793707971227139,0.1330204410055845,case_patch_macro
final_decoder_feature,HEM_PA34.nii.gz,overall,blur_world_stability,4,0.9980122601544414,0.4999999322368319,0.9766392456124317,0.9998477847911358,0.09462360774325701,case_patch_macro
final_decoder_feature,HEM_PA34.nii.gz,background,confidence_rank,4,0.9983340530294227,0.5031556985360762,0.989485706500422,0.9999463307550933,0.08911166627975779,case_patch_macro
final_decoder_feature,HEM_PA34.nii.gz,foreground,confidence_rank,4,0.9644727289449375,0.30565505670039617,0.9056703619900598,0.9917497024854208,0.2244834725287912,case_patch_macro
final_decoder_feature,HEM_PA34.nii.gz,overall,confidence_rank,4,0.9980122601544414,0.500000068822697,0.9895698368033964,0.9999467159973908,0.09703376742886267,case_patch_macro
final_decoder_feature,HEM_PA34.nii.gz,background,gamma_joint_product,4,0.9983340530294227,0.2875763463710899,0.9845583003781736,0.999942559383489,0.0874153929828076,case_patch_macro
final_decoder_feature,HEM_PA34.nii.gz,foreground,gamma_joint_product,4,0.9644727289449375,0.2444222866114707,0.930064693545572,0.9952063777171869,0.24719542587650642,case_patch_macro
final_decoder_feature,HEM_PA34.nii.gz,overall,gamma_joint_product,4,0.9980122601544414,0.287358738167566,0.9856867490081461,0.999943256398468,0.09539398326352265,case_patch_macro
final_decoder_feature,HEM_PA34.nii.gz,background,gamma_world_stability,4,0.9983340530294227,0.49782763348836684,0.9339959748986028,0.9996737165491973,0.08670248762487757,case_patch_macro
final_decoder_feature,HEM_PA34.nii.gz,foreground,gamma_world_stability,4,0.9644727289449375,0.526448469717946,0.9215232597059902,0.9951030767536739,0.27485823308641844,case_patch_macro
final_decoder_feature,HEM_PA34.nii.gz,overall,gamma_world_stability,4,0.9980122601544414,0.499999930424988,0.9454903008476977,0.9996925823469509,0.09640788736555021,case_patch_macro
final_decoder_feature,HEM_PA34.nii.gz,background,pairwise_joint_product,4,0.9983340530294227,0.294478162847559,0.9920774228998113,0.9999682087946797,0.08696809817817923,case_patch_macro
final_decoder_feature,HEM_PA34.nii.gz,foreground,pairwise_joint_product,4,0.9644727289449375,0.17065895791420146,0.8671869911966642,0.9880950047187406,0.186726418179786,case_patch_macro
final_decoder_feature,HEM_PA34.nii.gz,overall,pairwise_joint_product,4,0.9980122601544414,0.29261107450311097,0.9913705475703996,0.999966339161084,0.09458915339875547,case_patch_macro
final_decoder_feature,HEM_PA34.nii.gz,background,pairwise_world_stability,4,0.9983340530294227,0.5033662453444184,0.982164979261413,0.9998796658914313,0.0866153551836235,case_patch_macro
final_decoder_feature,HEM_PA34.nii.gz,foreground,pairwise_world_stability,4,0.9644727289449375,0.2615249909725141,0.7997895080857093,0.9796028477913614,0.1352661344542966,case_patch_macro
final_decoder_feature,HEM_PA34.nii.gz,overall,pairwise_world_stability,4,0.9980122601544414,0.499999940718569,0.9828150370117519,0.9998866263088113,0.09438855450443086,case_patch_macro
final_decoder_stage_input,HEM_PA34.nii.gz,background,blur_joint_product,4,0.9983340530294227,0.2920736288705983,0.9910079160976778,0.999964587998873,0.0873362141527725,case_patch_macro
final_decoder_stage_input,HEM_PA34.nii.gz,foreground,blur_joint_product,4,0.9644727289449375,0.17540118850578326,0.8667994075990656,0.9881390969006861,0.18666771635239157,case_patch_macro
final_decoder_stage_input,HEM_PA34.nii.gz,overall,blur_joint_product,4,0.9980122601544414,0.2904189575473016,0.9904833491309093,0.9999627401021248,0.0949978883545785,case_patch_macro
final_decoder_stage_input,HEM_PA34.nii.gz,background,blur_world_stability,4,0.9983340530294227,0.5027673765184688,0.9745814685111395,0.9998402326002078,0.08665399363978321,case_patch_macro
final_decoder_stage_input,HEM_PA34.nii.gz,foreground,blur_world_stability,4,0.9644727289449375,0.2834587866026436,0.7952334533549177,0.9793707971227139,0.1330204410055845,case_patch_macro
final_decoder_stage_input,HEM_PA34.nii.gz,overall,blur_world_stability,4,0.9980122601544414,0.4999999322368319,0.9766392456124317,0.9998477847911358,0.09462360774325701,case_patch_macro
final_decoder_stage_input,HEM_PA34.nii.gz,background,confidence_rank,4,0.9983340530294227,0.5031556985360762,0.989485706500422,0.9999463307550933,0.08911166627975779,case_patch_macro
final_decoder_stage_input,HEM_PA34.nii.gz,foreground,confidence_rank,4,0.9644727289449375,0.30565505670039617,0.9056703619900598,0.9917497024854208,0.2244834725287912,case_patch_macro
final_decoder_stage_input,HEM_PA34.nii.gz,overall,confidence_rank,4,0.9980122601544414,0.500000068822697,0.9895698368033964,0.9999467159973908,0.09703376742886267,case_patch_macro
final_decoder_stage_input,HEM_PA34.nii.gz,background,gamma_joint_product,4,0.9983340530294227,0.2875763463710899,0.9845583003781736,0.999942559383489,0.0874153929828076,case_patch_macro
final_decoder_stage_input,HEM_PA34.nii.gz,foreground,gamma_joint_product,4,0.9644727289449375,0.2444222866114707,0.930064693545572,0.9952063777171869,0.24719542587650642,case_patch_macro
final_decoder_stage_input,HEM_PA34.nii.gz,overall,gamma_joint_product,4,0.9980122601544414,0.287358738167566,0.9856867490081461,0.999943256398468,0.09539398326352265,case_patch_macro
final_decoder_stage_input,HEM_PA34.nii.gz,background,gamma_world_stability,4,0.9983340530294227,0.49782763348836684,0.9339959748986028,0.9996737165491973,0.08670248762487757,case_patch_macro
final_decoder_stage_input,HEM_PA34.nii.gz,foreground,gamma_world_stability,4,0.9644727289449375,0.526448469717946,0.9215232597059902,0.9951030767536739,0.27485823308641844,case_patch_macro
final_decoder_stage_input,HEM_PA34.nii.gz,overall,gamma_world_stability,4,0.9980122601544414,0.499999930424988,0.9454903008476977,0.9996925823469509,0.09640788736555021,case_patch_macro
final_decoder_stage_input,HEM_PA34.nii.gz,background,pairwise_joint_product,4,0.9983340530294227,0.294478162847559,0.9920774228998113,0.9999682087946797,0.08696809817817923,case_patch_macro
final_decoder_stage_input,HEM_PA34.nii.gz,foreground,pairwise_joint_product,4,0.9644727289449375,0.17065895791420146,0.8671869911966642,0.9880950047187406,0.186726418179786,case_patch_macro
final_decoder_stage_input,HEM_PA34.nii.gz,overall,pairwise_joint_product,4,0.9980122601544414,0.29261107450311097,0.9913705475703996,0.999966339161084,0.09458915339875547,case_patch_macro
final_decoder_stage_input,HEM_PA34.nii.gz,background,pairwise_world_stability,4,0.9983340530294227,0.5033662453444184,0.982164979261413,0.9998796658914313,0.0866153551836235,case_patch_macro
final_decoder_stage_input,HEM_PA34.nii.gz,foreground,pairwise_world_stability,4,0.9644727289449375,0.2615249909725141,0.7997895080857093,0.9796028477913614,0.1352661344542966,case_patch_macro
final_decoder_stage_input,HEM_PA34.nii.gz,overall,pairwise_world_stability,4,0.9980122601544414,0.499999940718569,0.9828150370117519,0.9998866263088113,0.09438855450443086,case_patch_macro
full_voxtell_reference,HEM_PA34.nii.gz,background,blur_joint_product,4,0.9983340530294227,0.2941901645066512,0.9906908474012731,0.9999540359635167,0.08892605607959632,case_patch_macro
full_voxtell_reference,HEM_PA34.nii.gz,foreground,blur_joint_product,4,0.9644727289449375,0.18976446498809038,0.8632044177174761,0.987557843728896,0.18332567063898705,case_patch_macro
full_voxtell_reference,HEM_PA34.nii.gz,overall,blur_joint_product,4,0.9980122601544414,0.29299160941873637,0.9903072918366013,0.999954337852935,0.09667814980040974,case_patch_macro
full_voxtell_reference,HEM_PA34.nii.gz,background,blur_world_stability,4,0.9983340530294227,0.5024588505287191,0.9778533087796927,0.999867841092942,0.08720207908476406,case_patch_macro
full_voxtell_reference,HEM_PA34.nii.gz,foreground,blur_world_stability,4,0.9644727289449375,0.28748704898122085,0.7867190211259828,0.9770247026218087,0.12475944628966103,case_patch_macro
full_voxtell_reference,HEM_PA34.nii.gz,overall,blur_world_stability,4,0.9980122601544414,0.49999993426055245,0.9794006812369386,0.9998731904804983,0.09511656813071052,case_patch_macro
full_voxtell_reference,HEM_PA34.nii.gz,background,confidence_rank,4,0.9983340530294227,0.5031556985360762,0.989485706500422,0.9999463307550933,0.08911166627975779,case_patch_macro
full_voxtell_reference,HEM_PA34.nii.gz,foreground,confidence_rank,4,0.9644727289449375,0.30565505670039617,0.9056703619900598,0.9917497024854208,0.2244834725287912,case_patch_macro
full_voxtell_reference,HEM_PA34.nii.gz,overall,confidence_rank,4,0.9980122601544414,0.500000068822697,0.9895698368033964,0.9999467159973908,0.09703376742886267,case_patch_macro
full_voxtell_reference,HEM_PA34.nii.gz,background,gamma_joint_product,4,0.9983340530294227,0.2889409601982193,0.9844145611403246,0.999941797719443,0.08723314025214236,case_patch_macro
full_voxtell_reference,HEM_PA34.nii.gz,foreground,gamma_joint_product,4,0.9644727289449375,0.24541274261254856,0.9300211209670888,0.9952220785614437,0.24740424520918236,case_patch_macro
full_voxtell_reference,HEM_PA34.nii.gz,overall,gamma_joint_product,4,0.9980122601544414,0.28867413877584835,0.9855680776748791,0.9999424568080029,0.09520622873839361,case_patch_macro
full_voxtell_reference,HEM_PA34.nii.gz,background,gamma_world_stability,4,0.9983340530294227,0.49787443863103653,0.9338840934647749,0.9996691747387269,0.0863322195955129,case_patch_macro
full_voxtell_reference,HEM_PA34.nii.gz,foreground,gamma_world_stability,4,0.9644727289449375,0.5266006350470572,0.9217610174586174,0.9951708157356882,0.27561427740911765,case_patch_macro
full_voxtell_reference,HEM_PA34.nii.gz,overall,gamma_world_stability,4,0.9980122601544414,0.49999992884477673,0.9453659270745846,0.9996891257979431,0.0960173442223161,case_patch_macro
full_voxtell_reference,HEM_PA34.nii.gz,background,pairwise_joint_product,4,0.9983340530294227,0.2963884463100355,0.9918190232223719,0.9999597919247244,0.08819126454903563,case_patch_macro
full_voxtell_reference,HEM_PA34.nii.gz,foreground,pairwise_joint_product,4,0.9644727289449375,0.18305907248265782,0.8636108335731972,0.9875210367041868,0.18340718201852424,case_patch_macro
full_voxtell_reference,HEM_PA34.nii.gz,overall,pairwise_joint_product,4,0.9980122601544414,0.294911963479458,0.991227209866746,0.9999596424335744,0.0958829371773322,case_patch_macro
full_voxtell_reference,HEM_PA34.nii.gz,background,pairwise_world_stability,4,0.9983340530294227,0.5030947605270135,0.9841682764001524,0.9999025025124268,0.08716431799702139,case_patch_macro
full_voxtell_reference,HEM_PA34.nii.gz,foreground,pairwise_world_stability,4,0.9644727289449375,0.2650221452459562,0.7911957671985045,0.9772474264737196,0.12684721677659125,case_patch_macro
full_voxtell_reference,HEM_PA34.nii.gz,overall,pairwise_world_stability,4,0.9980122601544414,0.49999993851409075,0.9845196959840429,0.9999064870543731,0.09491012824977897,case_patch_macro
penultimate_decoder_stage_output,HEM_PA34.nii.gz,background,blur_joint_product,4,0.9983340530294227,0.2919386225979481,0.9900517715934954,0.9999528257942838,0.08728677149369364,case_patch_macro
penultimate_decoder_stage_output,HEM_PA34.nii.gz,foreground,blur_joint_product,4,0.9644727289449375,0.194047569145968,0.867075134484729,0.9881966730726145,0.18733266864389642,case_patch_macro
penultimate_decoder_stage_output,HEM_PA34.nii.gz,overall,blur_joint_product,4,0.9980122601544414,0.2907757583662446,0.989763785300284,0.9999530814018058,0.0949832357369061,case_patch_macro
penultimate_decoder_stage_output,HEM_PA34.nii.gz,background,blur_world_stability,4,0.9983340530294227,0.5022866866387603,0.9740760169722855,0.9998351180014238,0.08681995754288974,case_patch_macro
penultimate_decoder_stage_output,HEM_PA34.nii.gz,foreground,blur_world_stability,4,0.9644727289449375,0.30255699756096344,0.7962352983216535,0.9797788381482224,0.1345910350347674,case_patch_macro
penultimate_decoder_stage_output,HEM_PA34.nii.gz,overall,blur_world_stability,4,0.9980122601544414,0.49999992876672017,0.9763484360326654,0.9998444262543085,0.09483774092374513,case_patch_macro
penultimate_decoder_stage_output,HEM_PA34.nii.gz,background,confidence_rank,4,0.9983340530294227,0.5031556985360762,0.989485706500422,0.9999463307550933,0.08911166627975779,case_patch_macro
penultimate_decoder_stage_output,HEM_PA34.nii.gz,foreground,confidence_rank,4,0.9644727289449375,0.30565505670039617,0.9056703619900598,0.9917497024854208,0.2244834725287912,case_patch_macro
penultimate_decoder_stage_output,HEM_PA34.nii.gz,overall,confidence_rank,4,0.9980122601544414,0.500000068822697,0.9895698368033964,0.9999467159973908,0.09703376742886267,case_patch_macro
penultimate_decoder_stage_output,HEM_PA34.nii.gz,background,gamma_joint_product,4,0.9983340530294227,0.28784034559803284,0.9844167015789402,0.9999406698925419,0.08744191693145263,case_patch_macro
penultimate_decoder_stage_output,HEM_PA34.nii.gz,foreground,gamma_joint_product,4,0.9644727289449375,0.24302111989783426,0.9277704671747659,0.9950022883736526,0.24527559477394026,case_patch_macro
penultimate_decoder_stage_output,HEM_PA34.nii.gz,overall,gamma_joint_product,4,0.9980122601544414,0.2875794598084904,0.9855374692709945,0.9999415096411979,0.0954180914802953,case_patch_macro
penultimate_decoder_stage_output,HEM_PA34.nii.gz,background,gamma_world_stability,4,0.9983340530294227,0.49790254667607664,0.9342751481686827,0.999674812420942,0.08695242675579029,case_patch_macro
penultimate_decoder_stage_output,HEM_PA34.nii.gz,foreground,gamma_world_stability,4,0.9644727289449375,0.5221164634795742,0.9174560207883046,0.9947478759284354,0.27022110455128806,case_patch_macro
penultimate_decoder_stage_output,HEM_PA34.nii.gz,overall,gamma_world_stability,4,0.9980122601544414,0.4999999325041939,0.9454518290180302,0.9996920457088869,0.09660480315592579,case_patch_macro
penultimate_decoder_stage_output,HEM_PA34.nii.gz,background,pairwise_joint_product,4,0.9983340530294227,0.29440309783485863,0.9911514158626731,0.9999567514126684,0.08694914852148113,case_patch_macro
penultimate_decoder_stage_output,HEM_PA34.nii.gz,foreground,pairwise_joint_product,4,0.9644727289449375,0.18768152399958984,0.8672922813081385,0.9881332279610877,0.18725816692386965,case_patch_macro
penultimate_decoder_stage_output,HEM_PA34.nii.gz,overall,pairwise_joint_product,4,0.9980122601544414,0.2929820463766104,0.9906675212704026,0.9999569632492784,0.09460338537139812,case_patch_macro
penultimate_decoder_stage_output,HEM_PA34.nii.gz,background,pairwise_world_stability,4,0.9983340530294227,0.5028972425022391,0.9813750528636774,0.9998743575091412,0.0867001061998467,case_patch_macro
penultimate_decoder_stage_output,HEM_PA34.nii.gz,foreground,pairwise_world_stability,4,0.9644727289449375,0.28006114640939134,0.800992377730802,0.9800556015973219,0.13702028234533126,case_patch_macro
penultimate_decoder_stage_output,HEM_PA34.nii.gz,overall,pairwise_world_stability,4,0.9980122601544414,0.49999992340771426,0.9822484771032606,0.9998825560991402,0.09451113887125627,case_patch_macro
decoder_stage_1_low_to_high,FNH_PA32.nii.gz,background,blur_joint_product,4,0.9984258082381077,0.3148222918792817,0.9970579130508117,0.9999939175942958,0.06915755847943535,case_patch_macro
decoder_stage_1_low_to_high,FNH_PA32.nii.gz,foreground,blur_joint_product,4,0.9427511044708727,0.057759724974628876,0.9031303571895946,0.9931062533262214,0.32496141786598437,case_patch_macro
decoder_stage_1_low_to_high,FNH_PA32.nii.gz,overall,blur_joint_product,4,0.9969083997938368,0.3083545157872227,0.9952881571406837,0.99998097030964,0.09483576411131275,case_patch_macro
decoder_stage_1_low_to_high,FNH_PA32.nii.gz,background,blur_world_stability,4,0.9984258082381077,0.5046169521751843,0.9850377000630802,0.9999391415369838,0.0713589038774975,case_patch_macro
decoder_stage_1_low_to_high,FNH_PA32.nii.gz,foreground,blur_world_stability,4,0.9427511044708727,0.3059202195952067,0.8904873903462122,0.9923806090242373,0.3268471663954357,case_patch_macro
decoder_stage_1_low_to_high,FNH_PA32.nii.gz,overall,blur_world_stability,4,0.9969083997938368,0.4999999153722254,0.9886059638305957,0.9999249540943699,0.09880801065383918,case_patch_macro
decoder_stage_1_low_to_high,FNH_PA32.nii.gz,background,confidence_rank,4,0.9984258082381077,0.5103117359886973,0.9981834961952533,0.9999963741066877,0.07002192941338886,case_patch_macro
decoder_stage_1_low_to_high,FNH_PA32.nii.gz,foreground,confidence_rank,4,0.9427511044708727,0.09964130648524334,0.8835027238572519,0.9907351190426623,0.31358427211898976,case_patch_macro
decoder_stage_1_low_to_high,FNH_PA32.nii.gz,overall,confidence_rank,4,0.9969083997938368,0.5000000686585032,0.9954456288446507,0.9999815464160721,0.09570729096648736,case_patch_macro
decoder_stage_1_low_to_high,FNH_PA32.nii.gz,background,gamma_joint_product,4,0.9984258082381077,0.3064047758222367,0.9920130088924747,0.9999844664242107,0.06878568720858173,case_patch_macro
decoder_stage_1_low_to_high,FNH_PA32.nii.gz,foreground,gamma_joint_product,4,0.9427511044708727,0.0527303153162247,0.9150796922293718,0.9943310713270965,0.33750763833317465,case_patch_macro
decoder_stage_1_low_to_high,FNH_PA32.nii.gz,overall,gamma_joint_product,4,0.9969083997938368,0.30001918213415624,0.9924001346587765,0.9999710554477066,0.09471838911671779,case_patch_macro
decoder_stage_1_low_to_high,FNH_PA32.nii.gz,background,gamma_world_stability,4,0.9984258082381077,0.5015811343857399,0.9357179868078368,0.9997658502578888,0.06885951895156238,case_patch_macro
decoder_stage_1_low_to_high,FNH_PA32.nii.gz,foreground,gamma_world_stability,4,0.9427511044708727,0.4186424912969736,0.8985415456787701,0.9931881008103585,0.36676645143704856,case_patch_macro
decoder_stage_1_low_to_high,FNH_PA32.nii.gz,overall,gamma_world_stability,4,0.9969083997938368,0.49999992228980417,0.9609835468076607,0.999750184246237,0.10050906181564034,case_patch_macro
decoder_stage_1_low_to_high,FNH_PA32.nii.gz,background,pairwise_joint_product,4,0.9984258082381077,0.31911102076815384,0.9976117487303582,0.9999949212910217,0.06912058328067422,case_patch_macro
decoder_stage_1_low_to_high,FNH_PA32.nii.gz,foreground,pairwise_joint_product,4,0.9427511044708727,0.049812703822562324,0.9019059819977893,0.992908798987326,0.3236290263067035,case_patch_macro
decoder_stage_1_low_to_high,FNH_PA32.nii.gz,overall,pairwise_joint_product,4,0.9969083997938368,0.3123251905616414,0.9955668763795313,0.9999819748373048,0.09474164370227,case_patch_macro
decoder_stage_1_low_to_high,FNH_PA32.nii.gz,background,pairwise_world_stability,4,0.9984258082381077,0.5055383817103567,0.9919297106524538,0.9999640826760889,0.07097774437328043,case_patch_macro
decoder_stage_1_low_to_high,FNH_PA32.nii.gz,foreground,pairwise_world_stability,4,0.9427511044708727,0.26692364750630027,0.8947602247158415,0.9926629996529058,0.3267342166808905,case_patch_macro
decoder_stage_1_low_to_high,FNH_PA32.nii.gz,overall,pairwise_world_stability,4,0.9969083997938368,0.4999999339991927,0.9924426091005178,0.9999512990460568,0.09773456799242601,case_patch_macro
final_decoder_feature,FNH_PA32.nii.gz,background,blur_joint_product,4,0.9984258082381077,0.3179851917578401,0.9980406903271188,0.9999959492253742,0.06908414633184014,case_patch_macro
final_decoder_feature,FNH_PA32.nii.gz,foreground,blur_joint_product,4,0.9427511044708727,0.04727148458696387,0.8811957772929684,0.9913678530911834,0.30658767265938747,case_patch_macro
final_decoder_feature,FNH_PA32.nii.gz,overall,blur_joint_product,4,0.9969083997938368,0.31118108705745606,0.9955045659187275,0.9999817843888994,0.09459592695489266,case_patch_macro
final_decoder_feature,FNH_PA32.nii.gz,background,blur_world_stability,4,0.9984258082381077,0.5067346666144791,0.9924940899490646,0.9999701005313553,0.0709152007569489,case_patch_macro
final_decoder_feature,FNH_PA32.nii.gz,foreground,blur_world_stability,4,0.9427511044708727,0.22137993346322432,0.8447062861400143,0.9891021700314975,0.28234958561541934,case_patch_macro
final_decoder_feature,FNH_PA32.nii.gz,overall,blur_world_stability,4,0.9969083997938368,0.49999994300719247,0.9917759955883454,0.9999527768315345,0.097298832358471,case_patch_macro
final_decoder_feature,FNH_PA32.nii.gz,background,confidence_rank,4,0.9984258082381077,0.5103117359886973,0.9981834961952533,0.9999963741066877,0.07002192941338886,case_patch_macro
final_decoder_feature,FNH_PA32.nii.gz,foreground,confidence_rank,4,0.9427511044708727,0.09964130648524334,0.8835027238572519,0.9907351190426623,0.31358427211898976,case_patch_macro
final_decoder_feature,FNH_PA32.nii.gz,overall,confidence_rank,4,0.9969083997938368,0.5000000686585032,0.9954456288446507,0.9999815464160721,0.09570729096648736,case_patch_macro
final_decoder_feature,FNH_PA32.nii.gz,background,gamma_joint_product,4,0.9984258082381077,0.3110799839522181,0.9946362955142265,0.9999893214421705,0.06902970817527153,case_patch_macro
final_decoder_feature,FNH_PA32.nii.gz,foreground,gamma_joint_product,4,0.9427511044708727,0.05204176902082171,0.907071657843839,0.9936260182344697,0.3301668011915203,case_patch_macro
final_decoder_feature,FNH_PA32.nii.gz,overall,gamma_joint_product,4,0.9969083997938368,0.304603552222054,0.9937228160500942,0.9999752965764199,0.09479603759963988,case_patch_macro
final_decoder_feature,FNH_PA32.nii.gz,background,gamma_world_stability,4,0.9984258082381077,0.5025268714454696,0.9634876705232873,0.9998594180947111,0.07028953035552651,case_patch_macro
final_decoder_feature,FNH_PA32.nii.gz,foreground,gamma_world_stability,4,0.9427511044708727,0.37026784745400276,0.8903568358523124,0.992539092553648,0.34070556447123107,case_patch_macro
final_decoder_feature,FNH_PA32.nii.gz,overall,gamma_world_stability,4,0.9969083997938368,0.4999999269976056,0.9766328124264038,0.999842734988014,0.09946695646724561,case_patch_macro
final_decoder_feature,FNH_PA32.nii.gz,background,pairwise_joint_product,4,0.9984258082381077,0.32205979752554337,0.9982947264902133,0.9999965030483171,0.0689482992968306,case_patch_macro
final_decoder_feature,FNH_PA32.nii.gz,foreground,pairwise_joint_product,4,0.9427511044708727,0.0394718389982282,0.8808662347635425,0.9911567560751212,0.30611934564951826,case_patch_macro
final_decoder_feature,FNH_PA32.nii.gz,overall,pairwise_joint_product,4,0.9969083997938368,0.314940935867594,0.9956511873256093,0.9999823965367622,0.09441065264206483,case_patch_macro
final_decoder_feature,FNH_PA32.nii.gz,background,pairwise_world_stability,4,0.9984258082381077,0.5077508977730592,0.9961710414182259,0.99998453802469,0.07023843824290298,case_patch_macro
final_decoder_feature,FNH_PA32.nii.gz,foreground,pairwise_world_stability,4,0.9427511044708727,0.18129302817346094,0.8492966493210254,0.9892899528149207,0.2848505706042823,case_patch_macro
final_decoder_feature,FNH_PA32.nii.gz,overall,pairwise_world_stability,4,0.9969083997938368,0.49999992530990345,0.9939544048866572,0.9999683659652455,0.09616116066593769,case_patch_macro
final_decoder_stage_input,FNH_PA32.nii.gz,background,blur_joint_product,4,0.9984258082381077,0.3179851917578401,0.9980406903271188,0.9999959492253742,0.06908414633184014,case_patch_macro
final_decoder_stage_input,FNH_PA32.nii.gz,foreground,blur_joint_product,4,0.9427511044708727,0.04727148458696387,0.8811957772929684,0.9913678530911834,0.30658767265938747,case_patch_macro
final_decoder_stage_input,FNH_PA32.nii.gz,overall,blur_joint_product,4,0.9969083997938368,0.31118108705745606,0.9955045659187275,0.9999817843888994,0.09459592695489266,case_patch_macro
final_decoder_stage_input,FNH_PA32.nii.gz,background,blur_world_stability,4,0.9984258082381077,0.5067346666144791,0.9924940899490646,0.9999701005313553,0.0709152007569489,case_patch_macro
final_decoder_stage_input,FNH_PA32.nii.gz,foreground,blur_world_stability,4,0.9427511044708727,0.22137993346322432,0.8447062861400143,0.9891021700314975,0.28234958561541934,case_patch_macro
final_decoder_stage_input,FNH_PA32.nii.gz,overall,blur_world_stability,4,0.9969083997938368,0.49999994300719247,0.9917759955883454,0.9999527768315345,0.097298832358471,case_patch_macro
final_decoder_stage_input,FNH_PA32.nii.gz,background,confidence_rank,4,0.9984258082381077,0.5103117359886973,0.9981834961952533,0.9999963741066877,0.07002192941338886,case_patch_macro
final_decoder_stage_input,FNH_PA32.nii.gz,foreground,confidence_rank,4,0.9427511044708727,0.09964130648524334,0.8835027238572519,0.9907351190426623,0.31358427211898976,case_patch_macro
final_decoder_stage_input,FNH_PA32.nii.gz,overall,confidence_rank,4,0.9969083997938368,0.5000000686585032,0.9954456288446507,0.9999815464160721,0.09570729096648736,case_patch_macro
final_decoder_stage_input,FNH_PA32.nii.gz,background,gamma_joint_product,4,0.9984258082381077,0.3110799839522181,0.9946362955142265,0.9999893214421705,0.06902970817527153,case_patch_macro
final_decoder_stage_input,FNH_PA32.nii.gz,foreground,gamma_joint_product,4,0.9427511044708727,0.05204176902082171,0.907071657843839,0.9936260182344697,0.3301668011915203,case_patch_macro
final_decoder_stage_input,FNH_PA32.nii.gz,overall,gamma_joint_product,4,0.9969083997938368,0.304603552222054,0.9937228160500942,0.9999752965764199,0.09479603759963988,case_patch_macro
final_decoder_stage_input,FNH_PA32.nii.gz,background,gamma_world_stability,4,0.9984258082381077,0.5025268714454696,0.9634876705232873,0.9998594180947111,0.07028953035552651,case_patch_macro
final_decoder_stage_input,FNH_PA32.nii.gz,foreground,gamma_world_stability,4,0.9427511044708727,0.37026784745400276,0.8903568358523124,0.992539092553648,0.34070556447123107,case_patch_macro
final_decoder_stage_input,FNH_PA32.nii.gz,overall,gamma_world_stability,4,0.9969083997938368,0.4999999269976056,0.9766328124264038,0.999842734988014,0.09946695646724561,case_patch_macro
final_decoder_stage_input,FNH_PA32.nii.gz,background,pairwise_joint_product,4,0.9984258082381077,0.32205979752554337,0.9982947264902133,0.9999965030483171,0.0689482992968306,case_patch_macro
final_decoder_stage_input,FNH_PA32.nii.gz,foreground,pairwise_joint_product,4,0.9427511044708727,0.0394718389982282,0.8808662347635425,0.9911567560751212,0.30611934564951826,case_patch_macro
final_decoder_stage_input,FNH_PA32.nii.gz,overall,pairwise_joint_product,4,0.9969083997938368,0.314940935867594,0.9956511873256093,0.9999823965367622,0.09441065264206483,case_patch_macro
final_decoder_stage_input,FNH_PA32.nii.gz,background,pairwise_world_stability,4,0.9984258082381077,0.5077508977730592,0.9961710414182259,0.99998453802469,0.07023843824290298,case_patch_macro
final_decoder_stage_input,FNH_PA32.nii.gz,foreground,pairwise_world_stability,4,0.9427511044708727,0.18129302817346094,0.8492966493210254,0.9892899528149207,0.2848505706042823,case_patch_macro
final_decoder_stage_input,FNH_PA32.nii.gz,overall,pairwise_world_stability,4,0.9969083997938368,0.49999992530990345,0.9939544048866572,0.9999683659652455,0.09616116066593769,case_patch_macro
full_voxtell_reference,FNH_PA32.nii.gz,background,blur_joint_product,4,0.9984258082381077,0.3162432211439029,0.9979857775642229,0.9999958204114913,0.06842152799274388,case_patch_macro
full_voxtell_reference,FNH_PA32.nii.gz,foreground,blur_joint_product,4,0.9427511044708727,0.04788344103546115,0.8817281548382286,0.9914120197419467,0.306982657802209,case_patch_macro
full_voxtell_reference,FNH_PA32.nii.gz,overall,blur_joint_product,4,0.9969083997938368,0.3095271521037659,0.9954736229276584,0.9999816141711332,0.09379690734277896,case_patch_macro
full_voxtell_reference,FNH_PA32.nii.gz,background,blur_world_stability,4,0.9984258082381077,0.5065377948438262,0.9919297266909014,0.999965763242687,0.06939035531043126,case_patch_macro
full_voxtell_reference,FNH_PA32.nii.gz,foreground,blur_world_stability,4,0.9427511044708727,0.22717432819062666,0.845596262490025,0.9891568997826161,0.2828877187179358,case_patch_macro
full_voxtell_reference,FNH_PA32.nii.gz,overall,blur_world_stability,4,0.9969083997938368,0.49999993775028145,0.9915262169333205,0.9999481052091939,0.09540349443626336,case_patch_macro
full_voxtell_reference,FNH_PA32.nii.gz,background,confidence_rank,4,0.9984258082381077,0.5103117359886973,0.9981834961952533,0.9999963741066877,0.07002192941338886,case_patch_macro
full_voxtell_reference,FNH_PA32.nii.gz,foreground,confidence_rank,4,0.9427511044708727,0.09964130648524334,0.8835027238572519,0.9907351190426623,0.31358427211898976,case_patch_macro
full_voxtell_reference,FNH_PA32.nii.gz,overall,confidence_rank,4,0.9969083997938368,0.5000000686585032,0.9954456288446507,0.9999815464160721,0.09570729096648736,case_patch_macro
full_voxtell_reference,FNH_PA32.nii.gz,background,gamma_joint_product,4,0.9984258082381077,0.31172580298595837,0.9946068930944882,0.9999892173829165,0.06909531424234006,case_patch_macro
full_voxtell_reference,FNH_PA32.nii.gz,foreground,gamma_joint_product,4,0.9427511044708727,0.052910097242128466,0.9060540579757759,0.9935446244907703,0.3292484288258362,case_patch_macro
full_voxtell_reference,FNH_PA32.nii.gz,overall,gamma_joint_product,4,0.9969083997938368,0.30525883084698474,0.9936964483035406,0.9999751577840167,0.09487556610017353,case_patch_macro
full_voxtell_reference,FNH_PA32.nii.gz,background,gamma_world_stability,4,0.9984258082381077,0.5025671506031197,0.963583690390731,0.9998610934283849,0.07032210348221776,case_patch_macro
full_voxtell_reference,FNH_PA32.nii.gz,foreground,gamma_world_stability,4,0.9427511044708727,0.3674543773205401,0.8889784924166261,0.992404898686307,0.33893366046885465,case_patch_macro
full_voxtell_reference,FNH_PA32.nii.gz,overall,gamma_world_stability,4,0.9969083997938368,0.4999999431986789,0.9765631874364891,0.999843423337053,0.09945216345432192,case_patch_macro
full_voxtell_reference,FNH_PA32.nii.gz,background,pairwise_joint_product,4,0.9984258082381077,0.32117015975363034,0.9982971075809753,0.9999965112551527,0.06839411575191083,case_patch_macro
full_voxtell_reference,FNH_PA32.nii.gz,foreground,pairwise_joint_product,4,0.9427511044708727,0.04027679974031594,0.8815397311689972,0.9912169020733146,0.30665241296702495,case_patch_macro
full_voxtell_reference,FNH_PA32.nii.gz,overall,pairwise_joint_product,4,0.9969083997938368,0.3141150004476455,0.9956581288513464,0.9999824266066191,0.09374283856417652,case_patch_macro
full_voxtell_reference,FNH_PA32.nii.gz,background,pairwise_world_stability,4,0.9984258082381077,0.5076406571509391,0.9961778603121986,0.9999842680753018,0.06918452661404288,case_patch_macro
full_voxtell_reference,FNH_PA32.nii.gz,foreground,pairwise_world_stability,4,0.9427511044708727,0.18444505500407413,0.850747066912722,0.9894119378083901,0.2859221380222332,case_patch_macro
full_voxtell_reference,FNH_PA32.nii.gz,overall,pairwise_world_stability,4,0.9969083997938368,0.4999999370596992,0.9939446353468266,0.9999680463331588,0.09483076307653437,case_patch_macro
penultimate_decoder_stage_output,FNH_PA32.nii.gz,background,blur_joint_product,4,0.9984258082381077,0.31803743487043307,0.9979628155299172,0.9999957303502536,0.06911582522298161,case_patch_macro
penultimate_decoder_stage_output,FNH_PA32.nii.gz,foreground,blur_joint_product,4,0.9427511044708727,0.05463195527673398,0.8809358635395423,0.9913878495588976,0.30643347649783825,case_patch_macro
penultimate_decoder_stage_output,FNH_PA32.nii.gz,overall,blur_joint_product,4,0.9969083997938368,0.3114418169416985,0.9954557916165288,0.9999814890721058,0.09464265453032697,case_patch_macro
penultimate_decoder_stage_output,FNH_PA32.nii.gz,background,blur_world_stability,4,0.9984258082381077,0.5065369519587207,0.9925366866248471,0.9999699592009269,0.07101876698513931,case_patch_macro
penultimate_decoder_stage_output,FNH_PA32.nii.gz,foreground,blur_world_stability,4,0.9427511044708727,0.22871819975855023,0.845477128624116,0.989265984953416,0.28335717527825643,case_patch_macro
penultimate_decoder_stage_output,FNH_PA32.nii.gz,overall,blur_world_stability,4,0.9969083997938368,0.49999992125992143,0.9919052292057532,0.9999529448086202,0.097449269353265,case_patch_macro
penultimate_decoder_stage_output,FNH_PA32.nii.gz,background,confidence_rank,4,0.9984258082381077,0.5103117359886973,0.9981834961952533,0.9999963741066877,0.07002192941338886,case_patch_macro
penultimate_decoder_stage_output,FNH_PA32.nii.gz,foreground,confidence_rank,4,0.9427511044708727,0.09964130648524334,0.8835027238572519,0.9907351190426623,0.31358427211898976,case_patch_macro
penultimate_decoder_stage_output,FNH_PA32.nii.gz,overall,confidence_rank,4,0.9969083997938368,0.5000000686585032,0.9954456288446507,0.9999815464160721,0.09570729096648736,case_patch_macro
penultimate_decoder_stage_output,FNH_PA32.nii.gz,background,gamma_joint_product,4,0.9984258082381077,0.3109280027522956,0.9947962094247198,0.9999894606344273,0.06907933868787683,case_patch_macro
penultimate_decoder_stage_output,FNH_PA32.nii.gz,foreground,gamma_joint_product,4,0.9427511044708727,0.04683631317248485,0.9039778864870329,0.993376992544853,0.3272757558865157,case_patch_macro
penultimate_decoder_stage_output,FNH_PA32.nii.gz,overall,gamma_joint_product,4,0.9969083997938368,0.3043120271862737,0.9937230927656588,0.9999751400844346,0.0948251212971439,case_patch_macro
penultimate_decoder_stage_output,FNH_PA32.nii.gz,background,gamma_world_stability,4,0.9984258082381077,0.5028939182555872,0.9656161208428424,0.9998658608830848,0.07086842428246148,case_patch_macro
penultimate_decoder_stage_output,FNH_PA32.nii.gz,foreground,gamma_world_stability,4,0.9427511044708727,0.35370768470545333,0.8831335853127562,0.9919755077511668,0.3315997881948816,case_patch_macro
penultimate_decoder_stage_output,FNH_PA32.nii.gz,overall,gamma_world_stability,4,0.9969083997938368,0.4999999304877747,0.9774491084810013,0.9998475749490646,0.0999453880915469,case_patch_macro
penultimate_decoder_stage_output,FNH_PA32.nii.gz,background,pairwise_joint_product,4,0.9984258082381077,0.32225055299344785,0.9982626158424985,0.9999963695881332,0.06900210538458411,case_patch_macro
penultimate_decoder_stage_output,FNH_PA32.nii.gz,foreground,pairwise_joint_product,4,0.9427511044708727,0.04119992915204434,0.8794453026237296,0.9910453260505907,0.30503055510211663,case_patch_macro
penultimate_decoder_stage_output,FNH_PA32.nii.gz,overall,pairwise_joint_product,4,0.9969083997938368,0.3151861260667581,0.9956025419406062,0.9999821176506873,0.0944719169912315,case_patch_macro
penultimate_decoder_stage_output,FNH_PA32.nii.gz,background,pairwise_world_stability,4,0.9984258082381077,0.5078722585355471,0.996178430249464,0.9999843533229271,0.0703501008591844,case_patch_macro
penultimate_decoder_stage_output,FNH_PA32.nii.gz,foreground,pairwise_world_stability,4,0.9427511044708727,0.17472260388152708,0.8475401919450821,0.9891819168864403,0.2835817437297017,case_patch_macro
penultimate_decoder_stage_output,FNH_PA32.nii.gz,overall,pairwise_world_stability,4,0.9969083997938368,0.49999993720515096,0.9939358023421907,0.9999680647100044,0.09628700064642642,case_patch_macro
decoder_stage_1_low_to_high,FNH_PA10.nii.gz,background,blur_joint_product,4,0.9934228154829061,0.3091334001512011,0.9833868360867252,0.9998637931761546,0.15437583685414671,case_patch_macro
decoder_stage_1_low_to_high,FNH_PA10.nii.gz,foreground,blur_joint_product,4,0.9707653117105646,0.10673215347324543,0.9513488678664643,0.9982936056962434,0.2656831338621376,case_patch_macro
decoder_stage_1_low_to_high,FNH_PA10.nii.gz,overall,blur_joint_product,4,0.9923040955154984,0.29714361576697457,0.9823681562163872,0.9998303249212267,0.16591092544313762,case_patch_macro
decoder_stage_1_low_to_high,FNH_PA10.nii.gz,background,blur_world_stability,4,0.9934228154829061,0.4999820307709788,0.9617675327519203,0.9993783579950226,0.14839102998429796,case_patch_macro
decoder_stage_1_low_to_high,FNH_PA10.nii.gz,foreground,blur_world_stability,4,0.9707653117105646,0.4403159321613584,0.9308615898140583,0.9975966790265428,0.26822089955986456,case_patch_macro
decoder_stage_1_low_to_high,FNH_PA10.nii.gz,overall,blur_world_stability,4,0.9923040955154984,0.49999993695996425,0.9631898482406499,0.9994031819892022,0.16043932437720398,case_patch_macro
decoder_stage_1_low_to_high,FNH_PA10.nii.gz,background,confidence_rank,4,0.9934228154829061,0.5204198820047943,0.9876683294978487,0.9999009295663718,0.15616711686911908,case_patch_macro
decoder_stage_1_low_to_high,FNH_PA10.nii.gz,foreground,confidence_rank,4,0.9707653117105646,0.16404945882895622,0.9533464265035144,0.9982733348227377,0.27256851558670636,case_patch_macro
decoder_stage_1_low_to_high,FNH_PA10.nii.gz,overall,confidence_rank,4,0.9923040955154984,0.5000000663443507,0.9866100599916354,0.9998725458519209,0.1678122467242501,case_patch_macro
decoder_stage_1_low_to_high,FNH_PA10.nii.gz,background,gamma_joint_product,4,0.9934228154829061,0.3005383461362606,0.9734971184896897,0.9997846208224759,0.1513409523658377,case_patch_macro
decoder_stage_1_low_to_high,FNH_PA10.nii.gz,foreground,gamma_joint_product,4,0.9707653117105646,0.12730147391576707,0.9643445900640085,0.998875315536027,0.2779276696930612,case_patch_macro
decoder_stage_1_low_to_high,FNH_PA10.nii.gz,overall,gamma_joint_product,4,0.9923040955154984,0.2908606021840202,0.9751338164349882,0.9997656585581115,0.16365367091970315,case_patch_macro
decoder_stage_1_low_to_high,FNH_PA10.nii.gz,background,gamma_world_stability,4,0.9934228154829061,0.48793277346983677,0.8937316723793914,0.9980493763016067,0.12826416203274688,case_patch_macro
decoder_stage_1_low_to_high,FNH_PA10.nii.gz,foreground,gamma_world_stability,4,0.9707653117105646,0.6335056486126805,0.9513511301529292,0.9983881972090632,0.34846610774821274,case_patch_macro
decoder_stage_1_low_to_high,FNH_PA10.nii.gz,overall,gamma_world_stability,4,0.9923040955154984,0.49999992778941543,0.9109398656966677,0.9983410114164588,0.1450567175259838,case_patch_macro
decoder_stage_1_low_to_high,FNH_PA10.nii.gz,background,pairwise_joint_product,4,0.9934228154829061,0.3120191123923932,0.9844587142474523,0.999872607053254,0.15470077197588683,case_patch_macro
decoder_stage_1_low_to_high,FNH_PA10.nii.gz,foreground,pairwise_joint_product,4,0.9707653117105646,0.10160837632794062,0.9539100184630819,0.998384080226867,0.2669661244533723,case_patch_macro
decoder_stage_1_low_to_high,FNH_PA10.nii.gz,overall,pairwise_joint_product,4,0.9923040955154984,0.29932611862488234,0.9834802479251646,0.999841371867947,0.16628367681157294,case_patch_macro
decoder_stage_1_low_to_high,FNH_PA10.nii.gz,background,pairwise_world_stability,4,0.9934228154829061,0.5022853797853322,0.9727017126467564,0.9996137171100511,0.1515300773194195,case_patch_macro
decoder_stage_1_low_to_high,FNH_PA10.nii.gz,foreground,pairwise_world_stability,4,0.9707653117105646,0.4115520744703986,0.9420645650286287,0.9980228000313985,0.2717397686014648,case_patch_macro
decoder_stage_1_low_to_high,FNH_PA10.nii.gz,overall,pairwise_world_stability,4,0.9923040955154984,0.49999993352685757,0.9726386413083081,0.9996135222978993,0.16326508839222562,case_patch_macro
final_decoder_feature,FNH_PA10.nii.gz,background,blur_joint_product,4,0.9934228154829061,0.31118713722336855,0.9842480501542171,0.999870688291328,0.15449936172292592,case_patch_macro
final_decoder_feature,FNH_PA10.nii.gz,foreground,blur_joint_product,4,0.9707653117105646,0.10183696772497723,0.9496036315584687,0.9982423395892394,0.2640274925581531,case_patch_macro
final_decoder_feature,FNH_PA10.nii.gz,overall,blur_joint_product,4,0.9923040955154984,0.2987911450955346,0.9832235257571679,0.9998378774755754,0.1660388943899899,case_patch_macro
final_decoder_feature,FNH_PA10.nii.gz,background,blur_world_stability,4,0.9934228154829061,0.5030314291890018,0.968768983455735,0.9995355816022911,0.14990512387341565,case_patch_macro
final_decoder_feature,FNH_PA10.nii.gz,foreground,blur_world_stability,4,0.9707653117105646,0.39556935135803534,0.934612690178333,0.9977530758733918,0.26513865918849616,case_patch_macro
final_decoder_feature,FNH_PA10.nii.gz,overall,blur_world_stability,4,0.9923040955154984,0.4999999339258057,0.9698243361614883,0.9995486801850484,0.16187937507223918,case_patch_macro
final_decoder_feature,FNH_PA10.nii.gz,background,confidence_rank,4,0.9934228154829061,0.5204198820047943,0.9876683294978487,0.9999009295663718,0.15616711686911908,case_patch_macro
final_decoder_feature,FNH_PA10.nii.gz,foreground,confidence_rank,4,0.9707653117105646,0.16404945882895622,0.9533464265035144,0.9982733348227377,0.27256851558670636,case_patch_macro
final_decoder_feature,FNH_PA10.nii.gz,overall,confidence_rank,4,0.9923040955154984,0.5000000663443507,0.9866100599916354,0.9998725458519209,0.1678122467242501,case_patch_macro
final_decoder_feature,FNH_PA10.nii.gz,background,gamma_joint_product,4,0.9934228154829061,0.3019718288736193,0.9778113438598067,0.9998209043534578,0.15261132529561608,case_patch_macro
final_decoder_feature,FNH_PA10.nii.gz,foreground,gamma_joint_product,4,0.9707653117105646,0.12836494453105654,0.9665086060313332,0.9989301628596303,0.2785212419674686,case_patch_macro
final_decoder_feature,FNH_PA10.nii.gz,overall,gamma_joint_product,4,0.9923040955154984,0.292277052748669,0.9787653121935719,0.9998001263991735,0.1647663497344862,case_patch_macro
final_decoder_feature,FNH_PA10.nii.gz,background,gamma_world_stability,4,0.9934228154829061,0.4895798408903771,0.9228383706362605,0.9985502213461845,0.13641879089191417,case_patch_macro
final_decoder_feature,FNH_PA10.nii.gz,foreground,gamma_world_stability,4,0.9707653117105646,0.6081459812951934,0.960754925403149,0.9987300377518009,0.33106867980293836,case_patch_macro
final_decoder_feature,FNH_PA10.nii.gz,overall,gamma_world_stability,4,0.9923040955154984,0.49999993059320447,0.9348541363749628,0.9987842644273138,0.15169208430236183,case_patch_macro
final_decoder_feature,FNH_PA10.nii.gz,background,pairwise_joint_product,4,0.9934228154829061,0.3139052693446597,0.9850698415876744,0.9998776815276641,0.15460914691243158,case_patch_macro
final_decoder_feature,FNH_PA10.nii.gz,foreground,pairwise_joint_product,4,0.9707653117105646,0.0966389210495141,0.9529392378697242,0.9983721884534197,0.26580817265675966,case_patch_macro
final_decoder_feature,FNH_PA10.nii.gz,overall,pairwise_joint_product,4,0.9923040955154984,0.3008219436669483,0.9840720593382598,0.9998465748998111,0.16618485315591583,case_patch_macro
final_decoder_feature,FNH_PA10.nii.gz,background,pairwise_world_stability,4,0.9934228154829061,0.5053368294547955,0.9762296521840366,0.9997038168928899,0.15180082944269696,case_patch_macro
final_decoder_feature,FNH_PA10.nii.gz,foreground,pairwise_world_stability,4,0.9707653117105646,0.3643064544070716,0.944916734413816,0.998173915926345,0.26947341466141855,case_patch_macro
final_decoder_feature,FNH_PA10.nii.gz,overall,pairwise_world_stability,4,0.9923040955154984,0.4999999301051006,0.9761469193758519,0.9996955344847537,0.16352572390808817,case_patch_macro
final_decoder_stage_input,FNH_PA10.nii.gz,background,blur_joint_product,4,0.9934228154829061,0.31118713722336855,0.9842480501542171,0.999870688291328,0.15449936172292592,case_patch_macro
final_decoder_stage_input,FNH_PA10.nii.gz,foreground,blur_joint_product,4,0.9707653117105646,0.10183696772497723,0.9496036315584687,0.9982423395892394,0.2640274925581531,case_patch_macro
final_decoder_stage_input,FNH_PA10.nii.gz,overall,blur_joint_product,4,0.9923040955154984,0.2987911450955346,0.9832235257571679,0.9998378774755754,0.1660388943899899,case_patch_macro
final_decoder_stage_input,FNH_PA10.nii.gz,background,blur_world_stability,4,0.9934228154829061,0.5030314291890018,0.968768983455735,0.9995355816022911,0.14990512387341565,case_patch_macro
final_decoder_stage_input,FNH_PA10.nii.gz,foreground,blur_world_stability,4,0.9707653117105646,0.39556935135803534,0.934612690178333,0.9977530758733918,0.26513865918849616,case_patch_macro
final_decoder_stage_input,FNH_PA10.nii.gz,overall,blur_world_stability,4,0.9923040955154984,0.4999999339258057,0.9698243361614883,0.9995486801850484,0.16187937507223918,case_patch_macro
final_decoder_stage_input,FNH_PA10.nii.gz,background,confidence_rank,4,0.9934228154829061,0.5204198820047943,0.9876683294978487,0.9999009295663718,0.15616711686911908,case_patch_macro
final_decoder_stage_input,FNH_PA10.nii.gz,foreground,confidence_rank,4,0.9707653117105646,0.16404945882895622,0.9533464265035144,0.9982733348227377,0.27256851558670636,case_patch_macro
final_decoder_stage_input,FNH_PA10.nii.gz,overall,confidence_rank,4,0.9923040955154984,0.5000000663443507,0.9866100599916354,0.9998725458519209,0.1678122467242501,case_patch_macro
final_decoder_stage_input,FNH_PA10.nii.gz,background,gamma_joint_product,4,0.9934228154829061,0.3019718288736193,0.9778113438598067,0.9998209043534578,0.15261132529561608,case_patch_macro
final_decoder_stage_input,FNH_PA10.nii.gz,foreground,gamma_joint_product,4,0.9707653117105646,0.12836494453105654,0.9665086060313332,0.9989301628596303,0.2785212419674686,case_patch_macro
final_decoder_stage_input,FNH_PA10.nii.gz,overall,gamma_joint_product,4,0.9923040955154984,0.292277052748669,0.9787653121935719,0.9998001263991735,0.1647663497344862,case_patch_macro
final_decoder_stage_input,FNH_PA10.nii.gz,background,gamma_world_stability,4,0.9934228154829061,0.4895798408903771,0.9228383706362605,0.9985502213461845,0.13641879089191417,case_patch_macro
final_decoder_stage_input,FNH_PA10.nii.gz,foreground,gamma_world_stability,4,0.9707653117105646,0.6081459812951934,0.960754925403149,0.9987300377518009,0.33106867980293836,case_patch_macro
final_decoder_stage_input,FNH_PA10.nii.gz,overall,gamma_world_stability,4,0.9923040955154984,0.49999993059320447,0.9348541363749628,0.9987842644273138,0.15169208430236183,case_patch_macro
final_decoder_stage_input,FNH_PA10.nii.gz,background,pairwise_joint_product,4,0.9934228154829061,0.3139052693446597,0.9850698415876744,0.9998776815276641,0.15460914691243158,case_patch_macro
final_decoder_stage_input,FNH_PA10.nii.gz,foreground,pairwise_joint_product,4,0.9707653117105646,0.0966389210495141,0.9529392378697242,0.9983721884534197,0.26580817265675966,case_patch_macro
final_decoder_stage_input,FNH_PA10.nii.gz,overall,pairwise_joint_product,4,0.9923040955154984,0.3008219436669483,0.9840720593382598,0.9998465748998111,0.16618485315591583,case_patch_macro
final_decoder_stage_input,FNH_PA10.nii.gz,background,pairwise_world_stability,4,0.9934228154829061,0.5053368294547955,0.9762296521840366,0.9997038168928899,0.15180082944269696,case_patch_macro
final_decoder_stage_input,FNH_PA10.nii.gz,foreground,pairwise_world_stability,4,0.9707653117105646,0.3643064544070716,0.944916734413816,0.998173915926345,0.26947341466141855,case_patch_macro
final_decoder_stage_input,FNH_PA10.nii.gz,overall,pairwise_world_stability,4,0.9923040955154984,0.4999999301051006,0.9761469193758519,0.9996955344847537,0.16352572390808817,case_patch_macro
full_voxtell_reference,FNH_PA10.nii.gz,background,blur_joint_product,4,0.9934228154829061,0.3098238042259182,0.9831168885656453,0.9998595231088663,0.15374207125536477,case_patch_macro
full_voxtell_reference,FNH_PA10.nii.gz,foreground,blur_joint_product,4,0.9707653117105646,0.10187660462985654,0.9480091566847483,0.9981252303446225,0.26285219273873556,case_patch_macro
full_voxtell_reference,FNH_PA10.nii.gz,overall,blur_joint_product,4,0.9923040955154984,0.2977215191004037,0.982367797013887,0.9998276472313852,0.1653577868001698,case_patch_macro
full_voxtell_reference,FNH_PA10.nii.gz,background,blur_world_stability,4,0.9934228154829061,0.5034700068679201,0.9659462187838379,0.9994811108655338,0.1483395364911244,case_patch_macro
full_voxtell_reference,FNH_PA10.nii.gz,foreground,blur_world_stability,4,0.9707653117105646,0.37803223653420687,0.9309881842550832,0.9975455702525169,0.2618100854127052,case_patch_macro
full_voxtell_reference,FNH_PA10.nii.gz,overall,blur_world_stability,4,0.9923040955154984,0.49999993335940524,0.9675899924239341,0.999508325326794,0.160440722272393,case_patch_macro
full_voxtell_reference,FNH_PA10.nii.gz,background,confidence_rank,4,0.9934228154829061,0.5204198820047943,0.9876683294978487,0.9999009295663718,0.15616711686911908,case_patch_macro
full_voxtell_reference,FNH_PA10.nii.gz,foreground,confidence_rank,4,0.9707653117105646,0.16404945882895622,0.9533464265035144,0.9982733348227377,0.27256851558670636,case_patch_macro
full_voxtell_reference,FNH_PA10.nii.gz,overall,confidence_rank,4,0.9923040955154984,0.5000000663443507,0.9866100599916354,0.9998725458519209,0.1678122467242501,case_patch_macro
full_voxtell_reference,FNH_PA10.nii.gz,background,gamma_joint_product,4,0.9934228154829061,0.30271947115539644,0.9779359824040091,0.9998233149417465,0.15257570918407845,case_patch_macro
full_voxtell_reference,FNH_PA10.nii.gz,foreground,gamma_joint_product,4,0.9707653117105646,0.12859767556954657,0.9669453954234178,0.9989500996849681,0.278811106453446,case_patch_macro
full_voxtell_reference,FNH_PA10.nii.gz,overall,gamma_joint_product,4,0.9923040955154984,0.29297448073404914,0.9787532671642919,0.999801459217366,0.16468463617016849,case_patch_macro
full_voxtell_reference,FNH_PA10.nii.gz,background,gamma_world_stability,4,0.9934228154829061,0.4904002701855107,0.9225138077631675,0.9985749166050567,0.1363911338048892,case_patch_macro
full_voxtell_reference,FNH_PA10.nii.gz,foreground,gamma_world_stability,4,0.9707653117105646,0.6029577447949509,0.9612249878200073,0.9987448608121471,0.329775822602621,case_patch_macro
full_voxtell_reference,FNH_PA10.nii.gz,overall,gamma_world_stability,4,0.9923040955154984,0.4999999363175136,0.9340797367066936,0.9987976934390298,0.15149366835002684,case_patch_macro
full_voxtell_reference,FNH_PA10.nii.gz,background,pairwise_joint_product,4,0.9934228154829061,0.31289986157171756,0.9840455319376998,0.9998679321231952,0.15390553629515166,case_patch_macro
full_voxtell_reference,FNH_PA10.nii.gz,foreground,pairwise_joint_product,4,0.9707653117105646,0.09759548213228693,0.9524763995739259,0.9983193715877708,0.2654004234097328,case_patch_macro
full_voxtell_reference,FNH_PA10.nii.gz,overall,pairwise_joint_product,4,0.9923040955154984,0.3001578999736181,0.9833367595819155,0.9998381359794178,0.16556597991963737,case_patch_macro
full_voxtell_reference,FNH_PA10.nii.gz,background,pairwise_world_stability,4,0.9934228154829061,0.5056843907463582,0.973597020200125,0.999678340278668,0.15041650388239336,case_patch_macro
full_voxtell_reference,FNH_PA10.nii.gz,foreground,pairwise_world_stability,4,0.9707653117105646,0.3503876328271911,0.9441662718776541,0.9981123202565324,0.2683776523600201,case_patch_macro
full_voxtell_reference,FNH_PA10.nii.gz,overall,pairwise_world_stability,4,0.9923040955154984,0.49999993224300054,0.9741406318007605,0.9996743518517585,0.16229943679607584,case_patch_macro
penultimate_decoder_stage_output,FNH_PA10.nii.gz,background,blur_joint_product,4,0.9934228154829061,0.3111105825689535,0.984054008193279,0.9998690644277242,0.15444260389487527,case_patch_macro
penultimate_decoder_stage_output,FNH_PA10.nii.gz,foreground,blur_joint_product,4,0.9707653117105646,0.10488047583656353,0.9495821189438404,0.9982511242121888,0.2640956341629142,case_patch_macro
penultimate_decoder_stage_output,FNH_PA10.nii.gz,overall,blur_joint_product,4,0.9923040955154984,0.29889775356440174,0.9830114956698619,0.9998356156659054,0.1659687537713874,case_patch_macro
penultimate_decoder_stage_output,FNH_PA10.nii.gz,background,blur_world_stability,4,0.9934228154829061,0.502938992765743,0.9680575880224814,0.9995180883513837,0.149711935309739,case_patch_macro
penultimate_decoder_stage_output,FNH_PA10.nii.gz,foreground,blur_world_stability,4,0.9707653117105646,0.40022576758856115,0.9342536422854274,0.9977581382041727,0.2653362757108075,case_patch_macro
penultimate_decoder_stage_output,FNH_PA10.nii.gz,overall,blur_world_stability,4,0.9923040955154984,0.4999999331331285,0.969218773323553,0.9995338848387323,0.16170068940083193,case_patch_macro
penultimate_decoder_stage_output,FNH_PA10.nii.gz,background,confidence_rank,4,0.9934228154829061,0.5204198820047943,0.9876683294978487,0.9999009295663718,0.15616711686911908,case_patch_macro
penultimate_decoder_stage_output,FNH_PA10.nii.gz,foreground,confidence_rank,4,0.9707653117105646,0.16404945882895622,0.9533464265035144,0.9982733348227377,0.27256851558670636,case_patch_macro
penultimate_decoder_stage_output,FNH_PA10.nii.gz,overall,confidence_rank,4,0.9923040955154984,0.5000000663443507,0.9866100599916354,0.9998725458519209,0.1678122467242501,case_patch_macro
penultimate_decoder_stage_output,FNH_PA10.nii.gz,background,gamma_joint_product,4,0.9934228154829061,0.3016612698466813,0.9770766665187903,0.9998158996699378,0.15241796667856136,case_patch_macro
penultimate_decoder_stage_output,FNH_PA10.nii.gz,foreground,gamma_joint_product,4,0.9707653117105646,0.12647596409949927,0.9666711560078735,0.9989479578207848,0.27872883791344427,case_patch_macro
penultimate_decoder_stage_output,FNH_PA10.nii.gz,overall,gamma_joint_product,4,0.9923040955154984,0.29189873924659293,0.978092813169798,0.9997950323598664,0.16457765163622615,case_patch_macro
penultimate_decoder_stage_output,FNH_PA10.nii.gz,background,gamma_world_stability,4,0.9934228154829061,0.4889692942635311,0.9169298774109654,0.9984587628135719,0.13480387251658096,case_patch_macro
penultimate_decoder_stage_output,FNH_PA10.nii.gz,foreground,gamma_world_stability,4,0.9707653117105646,0.6188425623049518,0.9592882838891023,0.9986917809376911,0.3355163286064529,case_patch_macro
penultimate_decoder_stage_output,FNH_PA10.nii.gz,overall,gamma_world_stability,4,0.9923040955154984,0.499999930943461,0.9296544150624774,0.9987066068088146,0.15022959243731662,case_patch_macro
penultimate_decoder_stage_output,FNH_PA10.nii.gz,background,pairwise_joint_product,4,0.9934228154829061,0.3138404779544345,0.9848435456172172,0.9998758389835609,0.15456823058655253,case_patch_macro
penultimate_decoder_stage_output,FNH_PA10.nii.gz,foreground,pairwise_joint_product,4,0.9707653117105646,0.09834605830674494,0.9532205492994494,0.998398677547768,0.2660651363749059,case_patch_macro
penultimate_decoder_stage_output,FNH_PA10.nii.gz,overall,pairwise_joint_product,4,0.9923040955154984,0.30083347149245765,0.9838246154897368,0.9998440942143736,0.16612916168310735,case_patch_macro
penultimate_decoder_stage_output,FNH_PA10.nii.gz,background,pairwise_world_stability,4,0.9934228154829061,0.5051738259602521,0.9751901119777502,0.9996803351223809,0.15153148791203655,case_patch_macro
penultimate_decoder_stage_output,FNH_PA10.nii.gz,foreground,pairwise_world_stability,4,0.9707653117105646,0.3726681312248214,0.9451102902931986,0.99819846870919,0.2701645956320918,case_patch_macro
penultimate_decoder_stage_output,FNH_PA10.nii.gz,overall,pairwise_world_stability,4,0.9923040955154984,0.49999993598032055,0.9751805539979962,0.9996751554893406,0.16325985398559376,case_patch_macro
decoder_stage_1_low_to_high,CYST_PA54.nii.gz,background,blur_joint_product,4,0.9982487784730704,0.3156182392376622,0.9965371152713828,0.9999937707760871,0.0737868618960559,case_patch_macro
decoder_stage_1_low_to_high,CYST_PA54.nii.gz,foreground,blur_joint_product,4,0.948418017311707,0.12865535863813243,0.9384204669118237,0.9962412983204476,0.3344438682953216,case_patch_macro
decoder_stage_1_low_to_high,CYST_PA54.nii.gz,overall,blur_joint_product,4,0.9973230008725766,0.3116622698827702,0.9957964946359059,0.9999883112591645,0.09079699008648823,case_patch_macro
decoder_stage_1_low_to_high,CYST_PA54.nii.gz,background,blur_world_stability,4,0.9982487784730704,0.5023186433394806,0.9868133203809393,0.9999544132248163,0.07616887081532199,case_patch_macro
decoder_stage_1_low_to_high,CYST_PA54.nii.gz,foreground,blur_world_stability,4,0.948418017311707,0.3734900850877607,0.9275600446350287,0.9956310354495589,0.34527109619067675,case_patch_macro
decoder_stage_1_low_to_high,CYST_PA54.nii.gz,overall,blur_world_stability,4,0.9973230008725766,0.49999991845995573,0.9890160129797827,0.9999479497992527,0.09424602889439924,case_patch_macro
decoder_stage_1_low_to_high,CYST_PA54.nii.gz,background,confidence_rank,4,0.9982487784730704,0.5066756364092477,0.997864178315985,0.9999962220495345,0.0744899083527265,case_patch_macro
decoder_stage_1_low_to_high,CYST_PA54.nii.gz,foreground,confidence_rank,4,0.948418017311707,0.1994390872534626,0.9364343172111758,0.9959337819305248,0.3364538403691383,case_patch_macro
decoder_stage_1_low_to_high,CYST_PA54.nii.gz,overall,confidence_rank,4,0.9973230008725766,0.5000000722686218,0.9967843698375167,0.9999910858262457,0.09157459827589126,case_patch_macro
decoder_stage_1_low_to_high,CYST_PA54.nii.gz,background,gamma_joint_product,4,0.9982487784730704,0.3054061409825235,0.9926198028153612,0.9999866899254523,0.07348642594475757,case_patch_macro
decoder_stage_1_low_to_high,CYST_PA54.nii.gz,foreground,gamma_joint_product,4,0.948418017311707,0.12300846488573351,0.9399314927311668,0.9963716882044886,0.3380817758837099,case_patch_macro
decoder_stage_1_low_to_high,CYST_PA54.nii.gz,overall,gamma_joint_product,4,0.9973230008725766,0.3014839192844788,0.993214779296285,0.9999813016519921,0.09065998430737263,case_patch_macro
decoder_stage_1_low_to_high,CYST_PA54.nii.gz,background,gamma_world_stability,4,0.9982487784730704,0.5000256629625446,0.9461963182039317,0.9998079311807424,0.07598690599451872,case_patch_macro
decoder_stage_1_low_to_high,CYST_PA54.nii.gz,foreground,gamma_world_stability,4,0.948418017311707,0.4729971713140162,0.924214359262592,0.9953416600785885,0.39146961641959976,case_patch_macro
decoder_stage_1_low_to_high,CYST_PA54.nii.gz,overall,gamma_world_stability,4,0.9973230008725766,0.499999917661053,0.961671908554657,0.9997994442303411,0.09697488904817989,case_patch_macro
decoder_stage_1_low_to_high,CYST_PA54.nii.gz,background,pairwise_joint_product,4,0.9982487784730704,0.31908753947263657,0.9969166449483111,0.9999944553200514,0.07374643790253328,case_patch_macro
decoder_stage_1_low_to_high,CYST_PA54.nii.gz,foreground,pairwise_joint_product,4,0.948418017311707,0.12483692945195074,0.9393016621454624,0.9962816353668087,0.3347407046350488,case_patch_macro
decoder_stage_1_low_to_high,CYST_PA54.nii.gz,overall,pairwise_joint_product,4,0.9973230008725766,0.3149662257051016,0.9960811962050281,0.9999890934254534,0.0907338806865943,case_patch_macro
decoder_stage_1_low_to_high,CYST_PA54.nii.gz,background,pairwise_world_stability,4,0.9982487784730704,0.5027613686444832,0.991498538877502,0.9999716414106997,0.07570867627355143,case_patch_macro
decoder_stage_1_low_to_high,CYST_PA54.nii.gz,foreground,pairwise_world_stability,4,0.948418017311707,0.35437491826585377,0.9324873133436562,0.9959496747166506,0.3450131093864379,case_patch_macro
decoder_stage_1_low_to_high,CYST_PA54.nii.gz,overall,pairwise_world_stability,4,0.9973230008725766,0.49999992379249575,0.9923476221280549,0.9999659398771173,0.09342767554925302,case_patch_macro
final_decoder_feature,CYST_PA54.nii.gz,background,blur_joint_product,4,0.9982487784730704,0.31880142540674894,0.9976046753590915,0.9999957550827911,0.07363017656805017,case_patch_macro
final_decoder_feature,CYST_PA54.nii.gz,foreground,blur_joint_product,4,0.948418017311707,0.0801014646822715,0.9141088095875813,0.9947660813499068,0.31370604182576195,case_patch_macro
final_decoder_feature,CYST_PA54.nii.gz,overall,blur_joint_product,4,0.9973230008725766,0.31364444189240237,0.996197981413228,0.9999895120023528,0.09048867604382019,case_patch_macro
final_decoder_feature,CYST_PA54.nii.gz,background,blur_world_stability,4,0.9982487784730704,0.5058427431402519,0.9912123254844348,0.999970342842657,0.07500092410125175,case_patch_macro
final_decoder_feature,CYST_PA54.nii.gz,foreground,blur_world_stability,4,0.948418017311707,0.2307330471553988,0.8744246478700892,0.9923144392803238,0.28837315979064737,case_patch_macro
final_decoder_feature,CYST_PA54.nii.gz,overall,blur_world_stability,4,0.9973230008725766,0.4999999263630436,0.9910107122628895,0.9999614298784307,0.09232390694493345,case_patch_macro
final_decoder_feature,CYST_PA54.nii.gz,background,confidence_rank,4,0.9982487784730704,0.5066756364092477,0.997864178315985,0.9999962220495345,0.0744899083527265,case_patch_macro
final_decoder_feature,CYST_PA54.nii.gz,foreground,confidence_rank,4,0.948418017311707,0.1994390872534626,0.9364343172111758,0.9959337819305248,0.3364538403691383,case_patch_macro
final_decoder_feature,CYST_PA54.nii.gz,overall,confidence_rank,4,0.9973230008725766,0.5000000722686218,0.9967843698375167,0.9999910858262457,0.09157459827589126,case_patch_macro
final_decoder_feature,CYST_PA54.nii.gz,background,gamma_joint_product,4,0.9982487784730704,0.3114110226347946,0.9937725625590652,0.9999888441131402,0.07349870028419776,case_patch_macro
final_decoder_feature,CYST_PA54.nii.gz,foreground,gamma_joint_product,4,0.948418017311707,0.1299645332892987,0.9362338513173843,0.9960880130466175,0.33417625639278103,case_patch_macro
final_decoder_feature,CYST_PA54.nii.gz,overall,gamma_joint_product,4,0.9973230008725766,0.307562653201485,0.9939224230381807,0.9999833957117599,0.0906048112612626,case_patch_macro
final_decoder_feature,CYST_PA54.nii.gz,background,gamma_world_stability,4,0.9982487784730704,0.5004511787249957,0.9562832762954858,0.999842219433583,0.07333252815145519,case_patch_macro
final_decoder_feature,CYST_PA54.nii.gz,foreground,gamma_world_stability,4,0.948418017311707,0.4481608629934357,0.921601050507727,0.9951219115811788,0.362868009183953,case_patch_macro
final_decoder_feature,CYST_PA54.nii.gz,overall,gamma_world_stability,4,0.9973230008725766,0.4999999322922459,0.9685172665599837,0.9998361572111866,0.09286572013373987,case_patch_macro
final_decoder_feature,CYST_PA54.nii.gz,background,pairwise_joint_product,4,0.9982487784730704,0.3222126037230645,0.9979514412701378,0.99999638407997,0.07352887761398155,case_patch_macro
final_decoder_feature,CYST_PA54.nii.gz,foreground,pairwise_joint_product,4,0.948418017311707,0.08024389628988263,0.9167528273889058,0.9949383783569912,0.3156700598228058,case_patch_macro
final_decoder_feature,CYST_PA54.nii.gz,overall,pairwise_joint_product,4,0.9973230008725766,0.3169887127704859,0.9964903207352334,0.9999903271852404,0.09036448958591842,case_patch_macro
final_decoder_feature,CYST_PA54.nii.gz,background,pairwise_world_stability,4,0.9982487784730704,0.5061641889254604,0.9955063586495054,0.9999868830291766,0.07462808375058039,case_patch_macro
final_decoder_feature,CYST_PA54.nii.gz,foreground,pairwise_world_stability,4,0.948418017311707,0.21503172013960953,0.8839689266093316,0.9930328185136705,0.2951554975824237,case_patch_macro
final_decoder_feature,CYST_PA54.nii.gz,overall,pairwise_world_stability,4,0.9973230008725766,0.49999993089204087,0.9941185477790202,0.9999788059380171,0.0916773076826696,case_patch_macro
final_decoder_stage_input,CYST_PA54.nii.gz,background,blur_joint_product,4,0.9982487784730704,0.31880142540674894,0.9976046753590915,0.9999957550827911,0.07363017656805017,case_patch_macro
final_decoder_stage_input,CYST_PA54.nii.gz,foreground,blur_joint_product,4,0.948418017311707,0.0801014646822715,0.9141088095875813,0.9947660813499068,0.31370604182576195,case_patch_macro
final_decoder_stage_input,CYST_PA54.nii.gz,overall,blur_joint_product,4,0.9973230008725766,0.31364444189240237,0.996197981413228,0.9999895120023528,0.09048867604382019,case_patch_macro
final_decoder_stage_input,CYST_PA54.nii.gz,background,blur_world_stability,4,0.9982487784730704,0.5058427431402519,0.9912123254844348,0.999970342842657,0.07500092410125175,case_patch_macro
final_decoder_stage_input,CYST_PA54.nii.gz,foreground,blur_world_stability,4,0.948418017311707,0.2307330471553988,0.8744246478700892,0.9923144392803238,0.28837315979064737,case_patch_macro
final_decoder_stage_input,CYST_PA54.nii.gz,overall,blur_world_stability,4,0.9973230008725766,0.4999999263630436,0.9910107122628895,0.9999614298784307,0.09232390694493345,case_patch_macro
final_decoder_stage_input,CYST_PA54.nii.gz,background,confidence_rank,4,0.9982487784730704,0.5066756364092477,0.997864178315985,0.9999962220495345,0.0744899083527265,case_patch_macro
final_decoder_stage_input,CYST_PA54.nii.gz,foreground,confidence_rank,4,0.948418017311707,0.1994390872534626,0.9364343172111758,0.9959337819305248,0.3364538403691383,case_patch_macro
final_decoder_stage_input,CYST_PA54.nii.gz,overall,confidence_rank,4,0.9973230008725766,0.5000000722686218,0.9967843698375167,0.9999910858262457,0.09157459827589126,case_patch_macro
final_decoder_stage_input,CYST_PA54.nii.gz,background,gamma_joint_product,4,0.9982487784730704,0.3114110226347946,0.9937725625590652,0.9999888441131402,0.07349870028419776,case_patch_macro
final_decoder_stage_input,CYST_PA54.nii.gz,foreground,gamma_joint_product,4,0.948418017311707,0.1299645332892987,0.9362338513173843,0.9960880130466175,0.33417625639278103,case_patch_macro
final_decoder_stage_input,CYST_PA54.nii.gz,overall,gamma_joint_product,4,0.9973230008725766,0.307562653201485,0.9939224230381807,0.9999833957117599,0.0906048112612626,case_patch_macro
final_decoder_stage_input,CYST_PA54.nii.gz,background,gamma_world_stability,4,0.9982487784730704,0.5004511787249957,0.9562832762954858,0.999842219433583,0.07333252815145519,case_patch_macro
final_decoder_stage_input,CYST_PA54.nii.gz,foreground,gamma_world_stability,4,0.948418017311707,0.4481608629934357,0.921601050507727,0.9951219115811788,0.362868009183953,case_patch_macro
final_decoder_stage_input,CYST_PA54.nii.gz,overall,gamma_world_stability,4,0.9973230008725766,0.4999999322922459,0.9685172665599837,0.9998361572111866,0.09286572013373987,case_patch_macro
final_decoder_stage_input,CYST_PA54.nii.gz,background,pairwise_joint_product,4,0.9982487784730704,0.3222126037230645,0.9979514412701378,0.99999638407997,0.07352887761398155,case_patch_macro
final_decoder_stage_input,CYST_PA54.nii.gz,foreground,pairwise_joint_product,4,0.948418017311707,0.08024389628988263,0.9167528273889058,0.9949383783569912,0.3156700598228058,case_patch_macro
final_decoder_stage_input,CYST_PA54.nii.gz,overall,pairwise_joint_product,4,0.9973230008725766,0.3169887127704859,0.9964903207352334,0.9999903271852404,0.09036448958591842,case_patch_macro
final_decoder_stage_input,CYST_PA54.nii.gz,background,pairwise_world_stability,4,0.9982487784730704,0.5061641889254604,0.9955063586495054,0.9999868830291766,0.07462808375058039,case_patch_macro
final_decoder_stage_input,CYST_PA54.nii.gz,foreground,pairwise_world_stability,4,0.948418017311707,0.21503172013960953,0.8839689266093316,0.9930328185136705,0.2951554975824237,case_patch_macro
final_decoder_stage_input,CYST_PA54.nii.gz,overall,pairwise_world_stability,4,0.9973230008725766,0.49999993089204087,0.9941185477790202,0.9999788059380171,0.0916773076826696,case_patch_macro
full_voxtell_reference,CYST_PA54.nii.gz,background,blur_joint_product,4,0.9982487784730704,0.3179603029614747,0.9976404884578285,0.9999958136551903,0.07286774817724515,case_patch_macro
full_voxtell_reference,CYST_PA54.nii.gz,foreground,blur_joint_product,4,0.948418017311707,0.08383662299130418,0.9143384211754289,0.9947774821162917,0.31382437510651573,case_patch_macro
full_voxtell_reference,CYST_PA54.nii.gz,overall,blur_joint_product,4,0.9973230008725766,0.31293190300965945,0.996221716449265,0.9999895622876107,0.08960085220064518,case_patch_macro
full_voxtell_reference,CYST_PA54.nii.gz,background,blur_world_stability,4,0.9982487784730704,0.5055739509161741,0.9911581414977422,0.9999677702632068,0.07294185794454155,case_patch_macro
full_voxtell_reference,CYST_PA54.nii.gz,foreground,blur_world_stability,4,0.948418017311707,0.2400532731670938,0.8737556908025669,0.9922605922570692,0.28754060737737414,case_patch_macro
full_voxtell_reference,CYST_PA54.nii.gz,overall,blur_world_stability,4,0.9973230008725766,0.4999999298743837,0.9909455345564682,0.9999587019794025,0.08987267234146859,case_patch_macro
full_voxtell_reference,CYST_PA54.nii.gz,background,confidence_rank,4,0.9982487784730704,0.5066756364092477,0.997864178315985,0.9999962220495345,0.0744899083527265,case_patch_macro
full_voxtell_reference,CYST_PA54.nii.gz,foreground,confidence_rank,4,0.948418017311707,0.1994390872534626,0.9364343172111758,0.9959337819305248,0.3364538403691383,case_patch_macro
full_voxtell_reference,CYST_PA54.nii.gz,overall,confidence_rank,4,0.9973230008725766,0.5000000722686218,0.9967843698375167,0.9999910858262457,0.09157459827589126,case_patch_macro
full_voxtell_reference,CYST_PA54.nii.gz,background,gamma_joint_product,4,0.9982487784730704,0.31100524188956563,0.9936795865200293,0.9999886590013708,0.0733316930907969,case_patch_macro
full_voxtell_reference,CYST_PA54.nii.gz,foreground,gamma_joint_product,4,0.948418017311707,0.12981042306885593,0.9360287061425171,0.9960761631351523,0.3340017831685011,case_patch_macro
full_voxtell_reference,CYST_PA54.nii.gz,overall,gamma_joint_product,4,0.9973230008725766,0.30715732389817657,0.9938548938248386,0.9999831750633177,0.09041264855610237,case_patch_macro
full_voxtell_reference,CYST_PA54.nii.gz,background,gamma_world_stability,4,0.9982487784730704,0.5005829125543075,0.9553303229335526,0.9998378871889914,0.07272787482057425,case_patch_macro
full_voxtell_reference,CYST_PA54.nii.gz,foreground,gamma_world_stability,4,0.948418017311707,0.44548828088503123,0.9208537904471892,0.9950573641245826,0.3613476165874586,case_patch_macro
full_voxtell_reference,CYST_PA54.nii.gz,overall,gamma_world_stability,4,0.9973230008725766,0.4999999238822368,0.9678240628301986,0.999831255527817,0.09219574565821377,case_patch_macro
full_voxtell_reference,CYST_PA54.nii.gz,background,pairwise_joint_product,4,0.9982487784730704,0.32160831610241636,0.9979958846099091,0.9999964571470943,0.07284410723318818,case_patch_macro
full_voxtell_reference,CYST_PA54.nii.gz,foreground,pairwise_joint_product,4,0.948418017311707,0.08268673890683291,0.9170901620656868,0.9949546911198528,0.31587298305698835,case_patch_macro
full_voxtell_reference,CYST_PA54.nii.gz,overall,pairwise_joint_product,4,0.9973230008725766,0.316470799308721,0.9965265645270657,0.9999904093281322,0.08956757504119928,case_patch_macro
full_voxtell_reference,CYST_PA54.nii.gz,background,pairwise_world_stability,4,0.9982487784730704,0.5060055465871971,0.9960211764802804,0.9999883518337305,0.07326246197727249,case_patch_macro
full_voxtell_reference,CYST_PA54.nii.gz,foreground,pairwise_world_stability,4,0.948418017311707,0.22053401512799795,0.8836835360434507,0.9929891238784543,0.29462093283333557,case_patch_macro
full_voxtell_reference,CYST_PA54.nii.gz,overall,pairwise_world_stability,4,0.9973230008725766,0.4999999269582658,0.9944640901476014,0.999980229320174,0.09003494609815979,case_patch_macro
penultimate_decoder_stage_output,CYST_PA54.nii.gz,background,blur_joint_product,4,0.9982487784730704,0.31854889427374733,0.997517065777964,0.9999956048401073,0.07364794412125722,case_patch_macro
penultimate_decoder_stage_output,CYST_PA54.nii.gz,foreground,blur_joint_product,4,0.948418017311707,0.09820446266284466,0.9146273323521577,0.9948044708684355,0.3143690332735587,case_patch_macro
penultimate_decoder_stage_output,CYST_PA54.nii.gz,overall,blur_joint_product,4,0.9973230008725766,0.31384362665310084,0.9961383731316205,0.9999893681854195,0.09051865201365002,case_patch_macro
penultimate_decoder_stage_output,CYST_PA54.nii.gz,background,blur_world_stability,4,0.9982487784730704,0.5050768402026897,0.9905314514028971,0.9999680065500487,0.0750008884342511,case_patch_macro
penultimate_decoder_stage_output,CYST_PA54.nii.gz,foreground,blur_world_stability,4,0.948418017311707,0.2623353996584459,0.8771461939436851,0.9925452615438317,0.29181032514743116,case_patch_macro
penultimate_decoder_stage_output,CYST_PA54.nii.gz,overall,blur_world_stability,4,0.9973230008725766,0.49999993123199404,0.9905353426786931,0.9999589445454697,0.09238167735946451,case_patch_macro
penultimate_decoder_stage_output,CYST_PA54.nii.gz,background,confidence_rank,4,0.9982487784730704,0.5066756364092477,0.997864178315985,0.9999962220495345,0.0744899083527265,case_patch_macro
penultimate_decoder_stage_output,CYST_PA54.nii.gz,foreground,confidence_rank,4,0.948418017311707,0.1994390872534626,0.9364343172111758,0.9959337819305248,0.3364538403691383,case_patch_macro
penultimate_decoder_stage_output,CYST_PA54.nii.gz,overall,confidence_rank,4,0.9973230008725766,0.5000000722686218,0.9967843698375167,0.9999910858262457,0.09157459827589126,case_patch_macro
penultimate_decoder_stage_output,CYST_PA54.nii.gz,background,gamma_joint_product,4,0.9982487784730704,0.3111023652648458,0.9939746295970852,0.99998918220166,0.07357130800872205,case_patch_macro
penultimate_decoder_stage_output,CYST_PA54.nii.gz,foreground,gamma_joint_product,4,0.948418017311707,0.12403315155262432,0.935496225805013,0.9960305029890079,0.33327038574597473,case_patch_macro
penultimate_decoder_stage_output,CYST_PA54.nii.gz,overall,gamma_joint_product,4,0.9973230008725766,0.30713560036791193,0.994060400844643,0.9999837156491462,0.09067641095065553,case_patch_macro
penultimate_decoder_stage_output,CYST_PA54.nii.gz,background,gamma_world_stability,4,0.9982487784730704,0.5007976647023442,0.9583224463652722,0.9998494483922364,0.07408030451787807,case_patch_macro
penultimate_decoder_stage_output,CYST_PA54.nii.gz,foreground,gamma_world_stability,4,0.948418017311707,0.4311791156003622,0.9197493080938915,0.994984980273262,0.35627906546287147,case_patch_macro
penultimate_decoder_stage_output,CYST_PA54.nii.gz,overall,gamma_world_stability,4,0.9973230008725766,0.4999999357475383,0.9700261622965394,0.9998436703812472,0.09363828097115343,case_patch_macro
penultimate_decoder_stage_output,CYST_PA54.nii.gz,background,pairwise_joint_product,4,0.9982487784730704,0.322101074359066,0.9978793493494512,0.99999625246495,0.07357332312858417,case_patch_macro
penultimate_decoder_stage_output,CYST_PA54.nii.gz,foreground,pairwise_joint_product,4,0.948418017311707,0.09585191956340575,0.9169521105985989,0.9949483438552585,0.3160076895763765,case_patch_macro
penultimate_decoder_stage_output,CYST_PA54.nii.gz,overall,pairwise_joint_product,4,0.9973230008725766,0.3172704562896045,0.9964430690799659,0.9999901962448892,0.09042346687912205,case_patch_macro
penultimate_decoder_stage_output,CYST_PA54.nii.gz,background,pairwise_world_stability,4,0.9982487784730704,0.5054595171335379,0.9951233099811396,0.9999853656594289,0.07468109168998412,case_patch_macro
penultimate_decoder_stage_output,CYST_PA54.nii.gz,foreground,pairwise_world_stability,4,0.948418017311707,0.2423106714309448,0.8854559562712901,0.993142991848493,0.2970785458950644,case_patch_macro
penultimate_decoder_stage_output,CYST_PA54.nii.gz,overall,pairwise_world_stability,4,0.9973230008725766,0.4999999210595357,0.9938987868784228,0.999977414518205,0.09177820118936986,case_patch_macro
decoder_stage_1_low_to_high,CYST_PA53.nii.gz,background,blur_joint_product,4,0.9954925031340681,0.32064665188292274,0.9905020804964462,0.9999290275796928,0.11262305141886808,case_patch_macro
decoder_stage_1_low_to_high,CYST_PA53.nii.gz,foreground,blur_joint_product,4,0.9752237026409235,0.25241392600961254,0.9582422335318597,0.9988417647385605,0.25282558462550475,case_patch_macro
decoder_stage_1_low_to_high,CYST_PA53.nii.gz,overall,blur_joint_product,4,0.9945725335015191,0.31659802052307784,0.9893952500651597,0.9999170544066953,0.12422245037315116,case_patch_macro
decoder_stage_1_low_to_high,CYST_PA53.nii.gz,background,blur_world_stability,4,0.9954925031340681,0.5001770165759784,0.9708348418960663,0.9996792766718696,0.10944485269765118,case_patch_macro
decoder_stage_1_low_to_high,CYST_PA53.nii.gz,foreground,blur_world_stability,4,0.9752237026409235,0.5094737614943221,0.9403882625527626,0.9982928089052476,0.2668224676988492,case_patch_macro
decoder_stage_1_low_to_high,CYST_PA53.nii.gz,overall,blur_world_stability,4,0.9945725335015191,0.49999992978986385,0.9726305929418297,0.9996732846805925,0.12163185427095224,case_patch_macro
decoder_stage_1_low_to_high,CYST_PA53.nii.gz,background,confidence_rank,4,0.9954925031340681,0.5078913650763277,0.992994815578442,0.9999407617015305,0.11337066938378806,case_patch_macro
decoder_stage_1_low_to_high,CYST_PA53.nii.gz,foreground,confidence_rank,4,0.9752237026409235,0.35926347652812096,0.9627995102131137,0.9989619813966137,0.26301436556932833,case_patch_macro
decoder_stage_1_low_to_high,CYST_PA53.nii.gz,overall,confidence_rank,4,0.9945725335015191,0.5000000686500219,0.9916966542196792,0.9999292608178701,0.12496673825655974,case_patch_macro
decoder_stage_1_low_to_high,CYST_PA53.nii.gz,background,gamma_joint_product,4,0.9954925031340681,0.31197568241331597,0.9777615410692675,0.9998640375647596,0.10968332888493286,case_patch_macro
decoder_stage_1_low_to_high,CYST_PA53.nii.gz,foreground,gamma_joint_product,4,0.9752237026409235,0.2617333081132868,0.9662521591737436,0.9991011912509078,0.26302451402028204,case_patch_macro
decoder_stage_1_low_to_high,CYST_PA53.nii.gz,overall,gamma_joint_product,4,0.9945725335015191,0.3086995711838867,0.9795665046118348,0.9998559196777821,0.12172386825679976,case_patch_macro
decoder_stage_1_low_to_high,CYST_PA53.nii.gz,background,gamma_world_stability,4,0.9954925031340681,0.4947846213515098,0.8714650754944523,0.9986513411705631,0.08906901512256152,case_patch_macro
decoder_stage_1_low_to_high,CYST_PA53.nii.gz,foreground,gamma_world_stability,4,0.9752237026409235,0.6217023455548774,0.954867381302853,0.9987325642302711,0.3572688710550861,case_patch_macro
decoder_stage_1_low_to_high,CYST_PA53.nii.gz,overall,gamma_world_stability,4,0.9945725335015191,0.4999999236666445,0.894507714845056,0.9986973841329363,0.10531112761496621,case_patch_macro
decoder_stage_1_low_to_high,CYST_PA53.nii.gz,background,pairwise_joint_product,4,0.9954925031340681,0.32373581608320356,0.9912811363418403,0.9999346150831695,0.11280692894093647,case_patch_macro
decoder_stage_1_low_to_high,CYST_PA53.nii.gz,foreground,pairwise_joint_product,4,0.9752237026409235,0.25325406469364153,0.959390407843417,0.9988774120601693,0.25304240393884975,case_patch_macro
decoder_stage_1_low_to_high,CYST_PA53.nii.gz,overall,pairwise_joint_product,4,0.9945725335015191,0.31952644620182635,0.9901327902397365,0.9999228427214855,0.12440515360969859,case_patch_macro
decoder_stage_1_low_to_high,CYST_PA53.nii.gz,background,pairwise_world_stability,4,0.9954925031340681,0.5008296187779272,0.9786089200270014,0.9997701627406677,0.11088107792222096,case_patch_macro
decoder_stage_1_low_to_high,CYST_PA53.nii.gz,foreground,pairwise_world_stability,4,0.9752237026409235,0.49812025921130076,0.9466097389722287,0.9985021388656663,0.26652513663171595,case_patch_macro
decoder_stage_1_low_to_high,CYST_PA53.nii.gz,overall,pairwise_world_stability,4,0.9945725335015191,0.4999999317908069,0.9794514763762171,0.99976341628449,0.12286514234992252,case_patch_macro
final_decoder_feature,CYST_PA53.nii.gz,background,blur_joint_product,4,0.9954925031340681,0.3227616526825145,0.9925953352388891,0.9999526469026452,0.11308211861842082,case_patch_macro
final_decoder_feature,CYST_PA53.nii.gz,foreground,blur_joint_product,4,0.9752237026409235,0.1965184627719402,0.9382035072854538,0.9982935059318863,0.23810855764824015,case_patch_macro
final_decoder_feature,CYST_PA53.nii.gz,overall,blur_joint_product,4,0.9945725335015191,0.31646295966097715,0.9902684303123896,0.9999353702605203,0.12442163210791828,case_patch_macro
final_decoder_feature,CYST_PA53.nii.gz,background,blur_world_stability,4,0.9954925031340681,0.5055227319659938,0.9759610910127456,0.9997128566423172,0.10992678479732057,case_patch_macro
final_decoder_feature,CYST_PA53.nii.gz,foreground,blur_world_stability,4,0.9752237026409235,0.38362456992709393,0.9007765184268499,0.997179854458159,0.224847636223601,case_patch_macro
final_decoder_feature,CYST_PA53.nii.gz,overall,blur_world_stability,4,0.9945725335015191,0.49999992919568587,0.9746505091712712,0.9996957214513624,0.12138367401973452,case_patch_macro
final_decoder_feature,CYST_PA53.nii.gz,background,confidence_rank,4,0.9954925031340681,0.5078913650763277,0.992994815578442,0.9999407617015305,0.11337066938378806,case_patch_macro
final_decoder_feature,CYST_PA53.nii.gz,foreground,confidence_rank,4,0.9752237026409235,0.35926347652812096,0.9627995102131137,0.9989619813966137,0.26301436556932833,case_patch_macro
final_decoder_feature,CYST_PA53.nii.gz,overall,confidence_rank,4,0.9945725335015191,0.5000000686500219,0.9916966542196792,0.9999292608178701,0.12496673825655974,case_patch_macro
final_decoder_feature,CYST_PA53.nii.gz,background,gamma_joint_product,4,0.9954925031340681,0.31661015667173675,0.9824205238561561,0.9998869948593212,0.11070873608119966,case_patch_macro
final_decoder_feature,CYST_PA53.nii.gz,foreground,gamma_joint_product,4,0.9752237026409235,0.2833405799440267,0.965918190906941,0.9990898266873143,0.26225171506821066,case_patch_macro
final_decoder_feature,CYST_PA53.nii.gz,overall,gamma_joint_product,4,0.9945725335015191,0.3139934941873616,0.9831184217441677,0.9998777406623566,0.1225915808625195,case_patch_macro
final_decoder_feature,CYST_PA53.nii.gz,background,gamma_world_stability,4,0.9954925031340681,0.4939780748739328,0.9061030005164108,0.9989249555504409,0.09438098865953004,case_patch_macro
final_decoder_feature,CYST_PA53.nii.gz,foreground,gamma_world_stability,4,0.9752237026409235,0.6388880677673912,0.9575606631571576,0.9988335733991429,0.33098527896074775,case_patch_macro
final_decoder_feature,CYST_PA53.nii.gz,overall,gamma_world_stability,4,0.9945725335015191,0.49999993017137156,0.921140763465798,0.9989627002463121,0.10886589099816531,case_patch_macro
final_decoder_feature,CYST_PA53.nii.gz,background,pairwise_joint_product,4,0.9954925031340681,0.32663435756702214,0.9935225250372463,0.9999585634949057,0.11329866295342325,case_patch_macro
final_decoder_feature,CYST_PA53.nii.gz,foreground,pairwise_joint_product,4,0.9752237026409235,0.20081346790106236,0.9403049483178614,0.9983551135402962,0.23909925635094048,case_patch_macro
final_decoder_feature,CYST_PA53.nii.gz,overall,pairwise_joint_product,4,0.9945725335015191,0.32029364047088205,0.9911785226516154,0.9999418070977054,0.12464667247570513,case_patch_macro
final_decoder_feature,CYST_PA53.nii.gz,background,pairwise_world_stability,4,0.9954925031340681,0.5060624552456006,0.9850468494151696,0.9998219148203585,0.11169146856357193,case_patch_macro
final_decoder_feature,CYST_PA53.nii.gz,foreground,pairwise_world_stability,4,0.9752237026409235,0.3736494096419867,0.9089287972592954,0.997453773450344,0.22823319610700177,case_patch_macro
final_decoder_feature,CYST_PA53.nii.gz,overall,pairwise_world_stability,4,0.9945725335015191,0.4999999249499162,0.9825721162768191,0.9998033144210632,0.12294958731378114,case_patch_macro
final_decoder_stage_input,CYST_PA53.nii.gz,background,blur_joint_product,4,0.9954925031340681,0.3227616526825145,0.9925953352388891,0.9999526469026452,0.11308211861842082,case_patch_macro
final_decoder_stage_input,CYST_PA53.nii.gz,foreground,blur_joint_product,4,0.9752237026409235,0.1965184627719402,0.9382035072854538,0.9982935059318863,0.23810855764824015,case_patch_macro
final_decoder_stage_input,CYST_PA53.nii.gz,overall,blur_joint_product,4,0.9945725335015191,0.31646295966097715,0.9902684303123896,0.9999353702605203,0.12442163210791828,case_patch_macro
final_decoder_stage_input,CYST_PA53.nii.gz,background,blur_world_stability,4,0.9954925031340681,0.5055227319659938,0.9759610910127456,0.9997128566423172,0.10992678479732057,case_patch_macro
final_decoder_stage_input,CYST_PA53.nii.gz,foreground,blur_world_stability,4,0.9752237026409235,0.38362456992709393,0.9007765184268499,0.997179854458159,0.224847636223601,case_patch_macro
final_decoder_stage_input,CYST_PA53.nii.gz,overall,blur_world_stability,4,0.9945725335015191,0.49999992919568587,0.9746505091712712,0.9996957214513624,0.12138367401973452,case_patch_macro
final_decoder_stage_input,CYST_PA53.nii.gz,background,confidence_rank,4,0.9954925031340681,0.5078913650763277,0.992994815578442,0.9999407617015305,0.11337066938378806,case_patch_macro
final_decoder_stage_input,CYST_PA53.nii.gz,foreground,confidence_rank,4,0.9752237026409235,0.35926347652812096,0.9627995102131137,0.9989619813966137,0.26301436556932833,case_patch_macro
final_decoder_stage_input,CYST_PA53.nii.gz,overall,confidence_rank,4,0.9945725335015191,0.5000000686500219,0.9916966542196792,0.9999292608178701,0.12496673825655974,case_patch_macro
final_decoder_stage_input,CYST_PA53.nii.gz,background,gamma_joint_product,4,0.9954925031340681,0.31661015667173675,0.9824205238561561,0.9998869948593212,0.11070873608119966,case_patch_macro
final_decoder_stage_input,CYST_PA53.nii.gz,foreground,gamma_joint_product,4,0.9752237026409235,0.2833405799440267,0.965918190906941,0.9990898266873143,0.26225171506821066,case_patch_macro
final_decoder_stage_input,CYST_PA53.nii.gz,overall,gamma_joint_product,4,0.9945725335015191,0.3139934941873616,0.9831184217441677,0.9998777406623566,0.1225915808625195,case_patch_macro
final_decoder_stage_input,CYST_PA53.nii.gz,background,gamma_world_stability,4,0.9954925031340681,0.4939780748739328,0.9061030005164108,0.9989249555504409,0.09438098865953004,case_patch_macro
final_decoder_stage_input,CYST_PA53.nii.gz,foreground,gamma_world_stability,4,0.9752237026409235,0.6388880677673912,0.9575606631571576,0.9988335733991429,0.33098527896074775,case_patch_macro
final_decoder_stage_input,CYST_PA53.nii.gz,overall,gamma_world_stability,4,0.9945725335015191,0.49999993017137156,0.921140763465798,0.9989627002463121,0.10886589099816531,case_patch_macro
final_decoder_stage_input,CYST_PA53.nii.gz,background,pairwise_joint_product,4,0.9954925031340681,0.32663435756702214,0.9935225250372463,0.9999585634949057,0.11329866295342325,case_patch_macro
final_decoder_stage_input,CYST_PA53.nii.gz,foreground,pairwise_joint_product,4,0.9752237026409235,0.20081346790106236,0.9403049483178614,0.9983551135402962,0.23909925635094048,case_patch_macro
final_decoder_stage_input,CYST_PA53.nii.gz,overall,pairwise_joint_product,4,0.9945725335015191,0.32029364047088205,0.9911785226516154,0.9999418070977054,0.12464667247570513,case_patch_macro
final_decoder_stage_input,CYST_PA53.nii.gz,background,pairwise_world_stability,4,0.9954925031340681,0.5060624552456006,0.9850468494151696,0.9998219148203585,0.11169146856357193,case_patch_macro
final_decoder_stage_input,CYST_PA53.nii.gz,foreground,pairwise_world_stability,4,0.9752237026409235,0.3736494096419867,0.9089287972592954,0.997453773450344,0.22823319610700177,case_patch_macro
final_decoder_stage_input,CYST_PA53.nii.gz,overall,pairwise_world_stability,4,0.9945725335015191,0.4999999249499162,0.9825721162768191,0.9998033144210632,0.12294958731378114,case_patch_macro
full_voxtell_reference,CYST_PA53.nii.gz,background,blur_joint_product,4,0.9954925031340681,0.32167518624950997,0.9927451956757971,0.9999535108147045,0.11310768420682193,case_patch_macro
full_voxtell_reference,CYST_PA53.nii.gz,foreground,blur_joint_product,4,0.9752237026409235,0.19912311648691383,0.9377384391008217,0.9982781584258696,0.23770901734430916,case_patch_macro
full_voxtell_reference,CYST_PA53.nii.gz,overall,blur_joint_product,4,0.9945725335015191,0.31558754513707993,0.9904035473512076,0.9999361799520674,0.12444175646617062,case_patch_macro
full_voxtell_reference,CYST_PA53.nii.gz,background,blur_world_stability,4,0.9954925031340681,0.5053072161840606,0.9767383863982055,0.9997146699738659,0.10976017988407002,case_patch_macro
full_voxtell_reference,CYST_PA53.nii.gz,foreground,blur_world_stability,4,0.9752237026409235,0.38675617105586124,0.8995311391189756,0.997145014628525,0.22370917286001946,case_patch_macro
full_voxtell_reference,CYST_PA53.nii.gz,overall,blur_world_stability,4,0.9945725335015191,0.49999992681118866,0.9754193195574917,0.9996982350801387,0.12116925288966779,case_patch_macro
full_voxtell_reference,CYST_PA53.nii.gz,background,confidence_rank,4,0.9954925031340681,0.5078913650763277,0.992994815578442,0.9999407617015305,0.11337066938378806,case_patch_macro
full_voxtell_reference,CYST_PA53.nii.gz,foreground,confidence_rank,4,0.9752237026409235,0.35926347652812096,0.9627995102131137,0.9989619813966137,0.26301436556932833,case_patch_macro
full_voxtell_reference,CYST_PA53.nii.gz,overall,confidence_rank,4,0.9945725335015191,0.5000000686500219,0.9916966542196792,0.9999292608178701,0.12496673825655974,case_patch_macro
full_voxtell_reference,CYST_PA53.nii.gz,background,gamma_joint_product,4,0.9954925031340681,0.3162645388212231,0.982700673820132,0.9998890047659381,0.11077716288861089,case_patch_macro
full_voxtell_reference,CYST_PA53.nii.gz,foreground,gamma_joint_product,4,0.9752237026409235,0.28108553917002843,0.9658104853435128,0.9990865712288881,0.2620399016804166,case_patch_macro
full_voxtell_reference,CYST_PA53.nii.gz,overall,gamma_joint_product,4,0.9945725335015191,0.313573353439196,0.9833522969010469,0.9998796314450265,0.1226510969852856,case_patch_macro
full_voxtell_reference,CYST_PA53.nii.gz,background,gamma_world_stability,4,0.9954925031340681,0.49405065193740394,0.9079473965236771,0.99894961791269,0.09487507107989279,case_patch_macro
full_voxtell_reference,CYST_PA53.nii.gz,foreground,gamma_world_stability,4,0.9752237026409235,0.6368099154575608,0.9573890521725974,0.9988272428611555,0.3296557744859303,case_patch_macro
full_voxtell_reference,CYST_PA53.nii.gz,overall,gamma_world_stability,4,0.9945725335015191,0.4999999341973804,0.9226690379337903,0.9989855441967244,0.10929850056223883,case_patch_macro
full_voxtell_reference,CYST_PA53.nii.gz,background,pairwise_joint_product,4,0.9954925031340681,0.3258297825009871,0.9936996196472703,0.9999595137103541,0.11333276379003039,case_patch_macro
full_voxtell_reference,CYST_PA53.nii.gz,foreground,pairwise_joint_product,4,0.9752237026409235,0.2007716276685857,0.939936142409366,0.9983437088874859,0.23875337316548279,case_patch_macro
full_voxtell_reference,CYST_PA53.nii.gz,overall,pairwise_joint_product,4,0.9945725335015191,0.31957955038281155,0.9913306220896174,0.999942718875549,0.12467473160492781,case_patch_macro
full_voxtell_reference,CYST_PA53.nii.gz,background,pairwise_world_stability,4,0.9954925031340681,0.5060139574306913,0.9860434279470136,0.9998317006885582,0.11175256819013005,case_patch_macro
full_voxtell_reference,CYST_PA53.nii.gz,foreground,pairwise_world_stability,4,0.9752237026409235,0.3732032981461814,0.9079975279880678,0.9974251003452352,0.2273372706259524,case_patch_macro
full_voxtell_reference,CYST_PA53.nii.gz,overall,pairwise_world_stability,4,0.9945725335015191,0.4999999322343961,0.9834407899661015,0.9998128612568067,0.12297115093028074,case_patch_macro
penultimate_decoder_stage_output,CYST_PA53.nii.gz,background,blur_joint_product,4,0.9954925031340681,0.3223404556448173,0.9922465393309565,0.9999497602859562,0.11299594856891862,case_patch_macro
penultimate_decoder_stage_output,CYST_PA53.nii.gz,foreground,blur_joint_product,4,0.9752237026409235,0.2224116729588636,0.9386850863970299,0.9983094955937061,0.23920193991321398,case_patch_macro
penultimate_decoder_stage_output,CYST_PA53.nii.gz,overall,blur_joint_product,4,0.9945725335015191,0.3171247866204886,0.9899549294542831,0.9999325224597692,0.12434089426591438,case_patch_macro
penultimate_decoder_stage_output,CYST_PA53.nii.gz,background,blur_world_stability,4,0.9954925031340681,0.5042556674163334,0.9746761621782649,0.9996964852036554,0.10960732536591695,case_patch_macro
penultimate_decoder_stage_output,CYST_PA53.nii.gz,foreground,blur_world_stability,4,0.9752237026409235,0.41275843500992726,0.9029989330677182,0.9972644657252935,0.22830433038341025,case_patch_macro
penultimate_decoder_stage_output,CYST_PA53.nii.gz,overall,blur_world_stability,4,0.9945725335015191,0.4999999256538398,0.9735769948032511,0.9996805379303906,0.12111435497344436,case_patch_macro
penultimate_decoder_stage_output,CYST_PA53.nii.gz,background,confidence_rank,4,0.9954925031340681,0.5078913650763277,0.992994815578442,0.9999407617015305,0.11337066938378806,case_patch_macro
penultimate_decoder_stage_output,CYST_PA53.nii.gz,foreground,confidence_rank,4,0.9752237026409235,0.35926347652812096,0.9627995102131137,0.9989619813966137,0.26301436556932833,case_patch_macro
penultimate_decoder_stage_output,CYST_PA53.nii.gz,overall,confidence_rank,4,0.9945725335015191,0.5000000686500219,0.9916966542196792,0.9999292608178701,0.12496673825655974,case_patch_macro
penultimate_decoder_stage_output,CYST_PA53.nii.gz,background,gamma_joint_product,4,0.9954925031340681,0.31687424333564795,0.9819491277598662,0.99988629965525,0.11064047969254764,case_patch_macro
penultimate_decoder_stage_output,CYST_PA53.nii.gz,foreground,gamma_joint_product,4,0.9752237026409235,0.27881418596236834,0.9653236122049873,0.9990746089977378,0.2616694215226477,case_patch_macro
penultimate_decoder_stage_output,CYST_PA53.nii.gz,overall,gamma_joint_product,4,0.9945725335015191,0.31404815121641894,0.9828467468559511,0.9998769764553913,0.12254336787526629,case_patch_macro
penultimate_decoder_stage_output,CYST_PA53.nii.gz,background,gamma_world_stability,4,0.9954925031340681,0.4941808335369201,0.9017982314083102,0.9989066540584596,0.09374134121611967,case_patch_macro
penultimate_decoder_stage_output,CYST_PA53.nii.gz,foreground,gamma_world_stability,4,0.9752237026409235,0.6353589623192345,0.9555273472702847,0.9987710989496845,0.3283020107586926,case_patch_macro
penultimate_decoder_stage_output,CYST_PA53.nii.gz,overall,gamma_world_stability,4,0.9945725335015191,0.49999993233664686,0.9187543141476215,0.9989455894643781,0.1084465600237903,case_patch_macro
penultimate_decoder_stage_output,CYST_PA53.nii.gz,background,pairwise_joint_product,4,0.9954925031340681,0.326336175477149,0.9932657279330588,0.999956662098836,0.11324019762273954,case_patch_macro
penultimate_decoder_stage_output,CYST_PA53.nii.gz,foreground,pairwise_joint_product,4,0.9752237026409235,0.2246324399014507,0.9409232497326361,0.9983767059937424,0.24019966076893967,case_patch_macro
penultimate_decoder_stage_output,CYST_PA53.nii.gz,overall,pairwise_joint_product,4,0.9945725335015191,0.3209667767132258,0.9909618407568863,0.9999399484307491,0.12459419657980506,case_patch_macro
penultimate_decoder_stage_output,CYST_PA53.nii.gz,background,pairwise_world_stability,4,0.9954925031340681,0.504848394063093,0.9841592572372465,0.9998126910850031,0.11150271879119568,case_patch_macro
penultimate_decoder_stage_output,CYST_PA53.nii.gz,foreground,pairwise_world_stability,4,0.9752237026409235,0.4027571109578072,0.9109305625112822,0.9975265690377315,0.231268298421654,case_patch_macro
penultimate_decoder_stage_output,CYST_PA53.nii.gz,overall,pairwise_world_stability,4,0.9945725335015191,0.49999992491798706,0.9819371560649481,0.9997950541409499,0.1228059207584755,case_patch_macro
decoder_stage_1_low_to_high,CYST_PA38.nii.gz,background,blur_joint_product,4,0.9993919803120012,0.312515867679001,0.9966929537777728,0.9999979114204858,0.04209695451475426,case_patch_macro
decoder_stage_1_low_to_high,CYST_PA38.nii.gz,foreground,blur_joint_product,4,0.9014569807069394,0.12781046289752707,0.8807013621436127,0.9839561672254351,0.3770203708844918,case_patch_macro
decoder_stage_1_low_to_high,CYST_PA38.nii.gz,overall,blur_joint_product,4,0.9980063615021882,0.30884861736322,0.9959568303246188,0.9999908610585566,0.07797817473064232,case_patch_macro
decoder_stage_1_low_to_high,CYST_PA38.nii.gz,background,blur_world_stability,4,0.9993919803120012,0.5035779382635024,0.9798932724399174,0.9999782898108354,0.043171943917906574,case_patch_macro
decoder_stage_1_low_to_high,CYST_PA38.nii.gz,foreground,blur_world_stability,4,0.9014569807069394,0.30150131691432525,0.8669866448697735,0.9824979812669218,0.37730989229595274,case_patch_macro
decoder_stage_1_low_to_high,CYST_PA38.nii.gz,overall,blur_world_stability,4,0.9980063615021882,0.49999993088104694,0.9907678677215481,0.9999688552960356,0.08182217347585412,case_patch_macro
decoder_stage_1_low_to_high,CYST_PA38.nii.gz,background,confidence_rank,4,0.9993919803120012,0.5054312275390083,0.997411093862522,0.9999973106274078,0.042498555943438876,case_patch_macro
decoder_stage_1_low_to_high,CYST_PA38.nii.gz,foreground,confidence_rank,4,0.9014569807069394,0.2402458934566643,0.861119568794037,0.9794139676888598,0.3583493070485205,case_patch_macro
decoder_stage_1_low_to_high,CYST_PA38.nii.gz,overall,confidence_rank,4,0.9980063615021882,0.5000000725133165,0.9959798052075953,0.9999901105945257,0.07868723763184286,case_patch_macro
decoder_stage_1_low_to_high,CYST_PA38.nii.gz,background,gamma_joint_product,4,0.9993919803120012,0.3002685134945097,0.9919432711825388,0.9999935224546843,0.041854444547996236,case_patch_macro
decoder_stage_1_low_to_high,CYST_PA38.nii.gz,foreground,gamma_joint_product,4,0.9014569807069394,0.15046623243373364,0.8993025725525893,0.9864307726804533,0.3976256398570935,case_patch_macro
decoder_stage_1_low_to_high,CYST_PA38.nii.gz,overall,gamma_joint_product,4,0.9980063615021882,0.29719349185710264,0.9948164317201007,0.9999875063256631,0.07819795342236804,case_patch_macro
decoder_stage_1_low_to_high,CYST_PA38.nii.gz,background,gamma_world_stability,4,0.9993919803120012,0.5003099710287223,0.93676953878377,0.9999195594385712,0.04332352096789577,case_patch_macro
decoder_stage_1_low_to_high,CYST_PA38.nii.gz,foreground,gamma_world_stability,4,0.9014569807069394,0.443929161098645,0.8890382227132412,0.9849897239375047,0.4545991447442852,case_patch_macro
decoder_stage_1_low_to_high,CYST_PA38.nii.gz,overall,gamma_world_stability,4,0.9980063615021882,0.4999999307095419,0.9776574678714627,0.9999088406978406,0.08853717507126685,case_patch_macro
decoder_stage_1_low_to_high,CYST_PA38.nii.gz,background,pairwise_joint_product,4,0.9993919803120012,0.31614902129313605,0.997679550964137,0.9999985092823426,0.04209924476631112,case_patch_macro
decoder_stage_1_low_to_high,CYST_PA38.nii.gz,foreground,pairwise_joint_product,4,0.9014569807069394,0.127258487111815,0.8800326845171971,0.9836189789003154,0.3755226438387542,case_patch_macro
decoder_stage_1_low_to_high,CYST_PA38.nii.gz,overall,pairwise_joint_product,4,0.9980063615021882,0.31238097511683416,0.9963075003986427,0.9999917164802834,0.07789235446738396,case_patch_macro
decoder_stage_1_low_to_high,CYST_PA38.nii.gz,background,pairwise_world_stability,4,0.9993919803120012,0.5038981201723223,0.9887041827218623,0.9999879045105727,0.04312260857003253,case_patch_macro
decoder_stage_1_low_to_high,CYST_PA38.nii.gz,foreground,pairwise_world_stability,4,0.9014569807069394,0.28720038575602314,0.8708447042436367,0.9828178982796792,0.37829767444608775,case_patch_macro
decoder_stage_1_low_to_high,CYST_PA38.nii.gz,overall,pairwise_world_stability,4,0.9980063615021882,0.49999992353873407,0.9937158438849023,0.9999805548508214,0.08079749451932207,case_patch_macro
final_decoder_feature,CYST_PA38.nii.gz,background,blur_joint_product,4,0.9993919803120012,0.31506810629736265,0.997750030412306,0.9999987026791998,0.04207118399299757,case_patch_macro
final_decoder_feature,CYST_PA38.nii.gz,foreground,blur_joint_product,4,0.9014569807069394,0.09623304595350304,0.8350547908747917,0.9768429917981507,0.3258794233543408,case_patch_macro
final_decoder_feature,CYST_PA38.nii.gz,overall,blur_joint_product,4,0.9980063615021882,0.31075087408308977,0.995661082248161,0.9999903975130069,0.07770116474978246,case_patch_macro
final_decoder_feature,CYST_PA38.nii.gz,background,blur_world_stability,4,0.9993919803120012,0.5052451883330795,0.9834656748012309,0.9999843166578096,0.042699814227862884,case_patch_macro
final_decoder_feature,CYST_PA38.nii.gz,foreground,blur_world_stability,4,0.9014569807069394,0.21641168281343526,0.7772926527291613,0.9679596367652141,0.27044042439306804,case_patch_macro
final_decoder_feature,CYST_PA38.nii.gz,overall,blur_world_stability,4,0.9980063615021882,0.49999992504073726,0.9906974853590855,0.9999723959477871,0.08013857196293026,case_patch_macro
final_decoder_feature,CYST_PA38.nii.gz,background,confidence_rank,4,0.9993919803120012,0.5054312275390083,0.997411093862522,0.9999973106274078,0.042498555943438876,case_patch_macro
final_decoder_feature,CYST_PA38.nii.gz,foreground,confidence_rank,4,0.9014569807069394,0.2402458934566643,0.861119568794037,0.9794139676888598,0.3583493070485205,case_patch_macro
final_decoder_feature,CYST_PA38.nii.gz,overall,confidence_rank,4,0.9980063615021882,0.5000000725133165,0.9959798052075953,0.9999901105945257,0.07868723763184286,case_patch_macro
final_decoder_feature,CYST_PA38.nii.gz,background,gamma_joint_product,4,0.9993919803120012,0.3070248854348251,0.9928882079446658,0.9999943517191656,0.041868752866068865,case_patch_macro
final_decoder_feature,CYST_PA38.nii.gz,foreground,gamma_joint_product,4,0.9014569807069394,0.1590048178197651,0.8886252480493115,0.9846929956570736,0.38568839473130606,case_patch_macro
final_decoder_feature,CYST_PA38.nii.gz,overall,gamma_joint_product,4,0.9980063615021882,0.30402574715941666,0.9949473343623985,0.9999879261077647,0.07806483798161891,case_patch_macro
final_decoder_feature,CYST_PA38.nii.gz,background,gamma_world_stability,4,0.9993919803120012,0.5011669654087711,0.9443971436475561,0.9999341942684075,0.04172694193928633,case_patch_macro
final_decoder_feature,CYST_PA38.nii.gz,foreground,gamma_world_stability,4,0.9014569807069394,0.41193992547613206,0.8796349399175492,0.9834980252959907,0.4155675694243067,case_patch_macro
final_decoder_feature,CYST_PA38.nii.gz,overall,gamma_world_stability,4,0.9980063615021882,0.49999993089673994,0.9807653943696399,0.9999251261558312,0.08380919807019174,case_patch_macro
final_decoder_feature,CYST_PA38.nii.gz,background,pairwise_joint_product,4,0.9993919803120012,0.3188716554286195,0.998317403588231,0.9999989639569419,0.04200682694464275,case_patch_macro
final_decoder_feature,CYST_PA38.nii.gz,foreground,pairwise_joint_product,4,0.9014569807069394,0.09799604840119361,0.8380225470482732,0.977016597449099,0.32838401208708146,case_patch_macro
final_decoder_feature,CYST_PA38.nii.gz,overall,pairwise_joint_product,4,0.9980063615021882,0.3145158395197787,0.9959728811028516,0.9999910702512753,0.07754237721362472,case_patch_macro
final_decoder_feature,CYST_PA38.nii.gz,background,pairwise_world_stability,4,0.9993919803120012,0.5056964743931448,0.9915069348844583,0.9999915721310402,0.04256338868284231,case_patch_macro
final_decoder_feature,CYST_PA38.nii.gz,foreground,pairwise_world_stability,4,0.9014569807069394,0.1992878158982901,0.7899882685576908,0.9696131031088742,0.28196818596654183,case_patch_macro
final_decoder_feature,CYST_PA38.nii.gz,overall,pairwise_world_stability,4,0.9980063615021882,0.4999999199181304,0.9934101807087089,0.999981737207087,0.07914181182068548,case_patch_macro
final_decoder_stage_input,CYST_PA38.nii.gz,background,blur_joint_product,4,0.9993919803120012,0.31506810629736265,0.997750030412306,0.9999987026791998,0.04207118399299757,case_patch_macro
final_decoder_stage_input,CYST_PA38.nii.gz,foreground,blur_joint_product,4,0.9014569807069394,0.09623304595350304,0.8350547908747917,0.9768429917981507,0.3258794233543408,case_patch_macro
final_decoder_stage_input,CYST_PA38.nii.gz,overall,blur_joint_product,4,0.9980063615021882,0.31075087408308977,0.995661082248161,0.9999903975130069,0.07770116474978246,case_patch_macro
final_decoder_stage_input,CYST_PA38.nii.gz,background,blur_world_stability,4,0.9993919803120012,0.5052451883330795,0.9834656748012309,0.9999843166578096,0.042699814227862884,case_patch_macro
final_decoder_stage_input,CYST_PA38.nii.gz,foreground,blur_world_stability,4,0.9014569807069394,0.21641168281343526,0.7772926527291613,0.9679596367652141,0.27044042439306804,case_patch_macro
final_decoder_stage_input,CYST_PA38.nii.gz,overall,blur_world_stability,4,0.9980063615021882,0.49999992504073726,0.9906974853590855,0.9999723959477871,0.08013857196293026,case_patch_macro
final_decoder_stage_input,CYST_PA38.nii.gz,background,confidence_rank,4,0.9993919803120012,0.5054312275390083,0.997411093862522,0.9999973106274078,0.042498555943438876,case_patch_macro
final_decoder_stage_input,CYST_PA38.nii.gz,foreground,confidence_rank,4,0.9014569807069394,0.2402458934566643,0.861119568794037,0.9794139676888598,0.3583493070485205,case_patch_macro
final_decoder_stage_input,CYST_PA38.nii.gz,overall,confidence_rank,4,0.9980063615021882,0.5000000725133165,0.9959798052075953,0.9999901105945257,0.07868723763184286,case_patch_macro
final_decoder_stage_input,CYST_PA38.nii.gz,background,gamma_joint_product,4,0.9993919803120012,0.3070248854348251,0.9928882079446658,0.9999943517191656,0.041868752866068865,case_patch_macro
final_decoder_stage_input,CYST_PA38.nii.gz,foreground,gamma_joint_product,4,0.9014569807069394,0.1590048178197651,0.8886252480493115,0.9846929956570736,0.38568839473130606,case_patch_macro
final_decoder_stage_input,CYST_PA38.nii.gz,overall,gamma_joint_product,4,0.9980063615021882,0.30402574715941666,0.9949473343623985,0.9999879261077647,0.07806483798161891,case_patch_macro
final_decoder_stage_input,CYST_PA38.nii.gz,background,gamma_world_stability,4,0.9993919803120012,0.5011669654087711,0.9443971436475561,0.9999341942684075,0.04172694193928633,case_patch_macro
final_decoder_stage_input,CYST_PA38.nii.gz,foreground,gamma_world_stability,4,0.9014569807069394,0.41193992547613206,0.8796349399175492,0.9834980252959907,0.4155675694243067,case_patch_macro
final_decoder_stage_input,CYST_PA38.nii.gz,overall,gamma_world_stability,4,0.9980063615021882,0.49999993089673994,0.9807653943696399,0.9999251261558312,0.08380919807019174,case_patch_macro
final_decoder_stage_input,CYST_PA38.nii.gz,background,pairwise_joint_product,4,0.9993919803120012,0.3188716554286195,0.998317403588231,0.9999989639569419,0.04200682694464275,case_patch_macro
final_decoder_stage_input,CYST_PA38.nii.gz,foreground,pairwise_joint_product,4,0.9014569807069394,0.09799604840119361,0.8380225470482732,0.977016597449099,0.32838401208708146,case_patch_macro
final_decoder_stage_input,CYST_PA38.nii.gz,overall,pairwise_joint_product,4,0.9980063615021882,0.3145158395197787,0.9959728811028516,0.9999910702512753,0.07754237721362472,case_patch_macro
final_decoder_stage_input,CYST_PA38.nii.gz,background,pairwise_world_stability,4,0.9993919803120012,0.5056964743931448,0.9915069348844583,0.9999915721310402,0.04256338868284231,case_patch_macro
final_decoder_stage_input,CYST_PA38.nii.gz,foreground,pairwise_world_stability,4,0.9014569807069394,0.1992878158982901,0.7899882685576908,0.9696131031088742,0.28196818596654183,case_patch_macro
final_decoder_stage_input,CYST_PA38.nii.gz,overall,pairwise_world_stability,4,0.9980063615021882,0.4999999199181304,0.9934101807087089,0.999981737207087,0.07914181182068548,case_patch_macro
full_voxtell_reference,CYST_PA38.nii.gz,background,blur_joint_product,4,0.9993919803120012,0.3138512907423735,0.9978569418840982,0.9999987233452242,0.04177365979044077,case_patch_macro
full_voxtell_reference,CYST_PA38.nii.gz,foreground,blur_joint_product,4,0.9014569807069394,0.08698972737354506,0.8323125505356692,0.9762916427735029,0.322735302747411,case_patch_macro
full_voxtell_reference,CYST_PA38.nii.gz,overall,blur_joint_product,4,0.9980063615021882,0.3094377506471258,0.995606526850465,0.9999902445183424,0.07708962686299034,case_patch_macro
full_voxtell_reference,CYST_PA38.nii.gz,background,blur_world_stability,4,0.9993919803120012,0.5053592499513693,0.9841380569474488,0.9999829776554925,0.04193413229698201,case_patch_macro
full_voxtell_reference,CYST_PA38.nii.gz,foreground,blur_world_stability,4,0.9014569807069394,0.20403787298750625,0.7683419160313543,0.9657864203935673,0.2599984851986881,case_patch_macro
full_voxtell_reference,CYST_PA38.nii.gz,overall,blur_world_stability,4,0.9980063615021882,0.49999992917185165,0.9902998767389866,0.999969312396511,0.07854324193207099,case_patch_macro
full_voxtell_reference,CYST_PA38.nii.gz,background,confidence_rank,4,0.9993919803120012,0.5054312275390083,0.997411093862522,0.9999973106274078,0.042498555943438876,case_patch_macro
full_voxtell_reference,CYST_PA38.nii.gz,foreground,confidence_rank,4,0.9014569807069394,0.2402458934566643,0.861119568794037,0.9794139676888598,0.3583493070485205,case_patch_macro
full_voxtell_reference,CYST_PA38.nii.gz,overall,confidence_rank,4,0.9980063615021882,0.5000000725133165,0.9959798052075953,0.9999901105945257,0.07868723763184286,case_patch_macro
full_voxtell_reference,CYST_PA38.nii.gz,background,gamma_joint_product,4,0.9993919803120012,0.3059055926399193,0.992759042001643,0.9999942386843704,0.041702344570214364,case_patch_macro
full_voxtell_reference,CYST_PA38.nii.gz,foreground,gamma_joint_product,4,0.9014569807069394,0.159405195398039,0.8879621936053559,0.9844873768697195,0.38456547735676533,case_patch_macro
full_voxtell_reference,CYST_PA38.nii.gz,overall,gamma_joint_product,4,0.9980063615021882,0.3029327938839085,0.9949160334095195,0.9999878586342503,0.07774133424248265,case_patch_macro
full_voxtell_reference,CYST_PA38.nii.gz,background,gamma_world_stability,4,0.9993919803120012,0.5011050156317786,0.9427374494574225,0.9999318871804876,0.04120415957464647,case_patch_macro
full_voxtell_reference,CYST_PA38.nii.gz,foreground,gamma_world_stability,4,0.9014569807069394,0.41414458185539305,0.8786125881541592,0.983171799915175,0.41364076845094117,case_patch_macro
full_voxtell_reference,CYST_PA38.nii.gz,overall,gamma_world_stability,4,0.9980063615021882,0.4999999336330116,0.9802556214717647,0.9999227798784399,0.08283273738549525,case_patch_macro
full_voxtell_reference,CYST_PA38.nii.gz,background,pairwise_joint_product,4,0.9993919803120012,0.31794909704215224,0.9983339864317101,0.9999989634786308,0.04170133701881072,case_patch_macro
full_voxtell_reference,CYST_PA38.nii.gz,foreground,pairwise_joint_product,4,0.9014569807069394,0.08817828749469714,0.83608901766949,0.9766146734135287,0.3260407398614966,case_patch_macro
full_voxtell_reference,CYST_PA38.nii.gz,overall,pairwise_joint_product,4,0.9980063615021882,0.3134747272397135,0.9959505664588143,0.9999910103025919,0.07692712538058412,case_patch_macro
full_voxtell_reference,CYST_PA38.nii.gz,background,pairwise_world_stability,4,0.9993919803120012,0.5058457245775352,0.9914560099759808,0.9999908125508254,0.04194951839933185,case_patch_macro
full_voxtell_reference,CYST_PA38.nii.gz,foreground,pairwise_world_stability,4,0.9014569807069394,0.18586692765991364,0.7836216626545071,0.9679600797508614,0.2742238111852938,case_patch_macro
full_voxtell_reference,CYST_PA38.nii.gz,overall,pairwise_world_stability,4,0.9980063615021882,0.49999992779437985,0.9932939053902251,0.9999807841343321,0.07794577337370477,case_patch_macro
penultimate_decoder_stage_output,CYST_PA38.nii.gz,background,blur_joint_product,4,0.9993919803120012,0.31495698110372705,0.9973226690176875,0.999998372912537,0.04205055642739455,case_patch_macro
penultimate_decoder_stage_output,CYST_PA38.nii.gz,foreground,blur_joint_product,4,0.9014569807069394,0.11744325725715865,0.8356820417629278,0.9769592370669367,0.32698833329265337,case_patch_macro
penultimate_decoder_stage_output,CYST_PA38.nii.gz,overall,blur_joint_product,4,0.9980063615021882,0.311088571906728,0.9955182705837208,0.9999900033200272,0.07771493982499714,case_patch_macro
penultimate_decoder_stage_output,CYST_PA38.nii.gz,background,blur_world_stability,4,0.9993919803120012,0.5046305251620684,0.9816424850228811,0.9999813783595926,0.04256451573987177,case_patch_macro
penultimate_decoder_stage_output,CYST_PA38.nii.gz,foreground,blur_world_stability,4,0.9014569807069394,0.24508113249342645,0.7832663976096215,0.9692974243082716,0.2779869636410682,case_patch_macro
penultimate_decoder_stage_output,CYST_PA38.nii.gz,overall,blur_world_stability,4,0.9980063615021882,0.4999999292389332,0.9900091706750294,0.9999688116957582,0.0801228257831222,case_patch_macro
penultimate_decoder_stage_output,CYST_PA38.nii.gz,background,confidence_rank,4,0.9993919803120012,0.5054312275390083,0.997411093862522,0.9999973106274078,0.042498555943438876,case_patch_macro
penultimate_decoder_stage_output,CYST_PA38.nii.gz,foreground,confidence_rank,4,0.9014569807069394,0.2402458934566643,0.861119568794037,0.9794139676888598,0.3583493070485205,case_patch_macro
penultimate_decoder_stage_output,CYST_PA38.nii.gz,overall,confidence_rank,4,0.9980063615021882,0.5000000725133165,0.9959798052075953,0.9999901105945257,0.07868723763184286,case_patch_macro
penultimate_decoder_stage_output,CYST_PA38.nii.gz,background,gamma_joint_product,4,0.9993919803120012,0.3065568026609182,0.9926791115305685,0.9999940684987717,0.041856092272654466,case_patch_macro
penultimate_decoder_stage_output,CYST_PA38.nii.gz,foreground,gamma_joint_product,4,0.9014569807069394,0.1539769340577194,0.885792887022895,0.9838782697042651,0.3811824428232838,case_patch_macro
penultimate_decoder_stage_output,CYST_PA38.nii.gz,overall,gamma_joint_product,4,0.9980063615021882,0.3034922795619035,0.9948809938932912,0.9999877416896382,0.0780855010030945,case_patch_macro
penultimate_decoder_stage_output,CYST_PA38.nii.gz,background,gamma_world_stability,4,0.9993919803120012,0.5007376229174776,0.9436737698733457,0.9999279737915034,0.04165941969994603,case_patch_macro
penultimate_decoder_stage_output,CYST_PA38.nii.gz,foreground,gamma_world_stability,4,0.9014569807069394,0.4155537168888182,0.873490839245074,0.9819858392257046,0.4092190203753926,case_patch_macro
penultimate_decoder_stage_output,CYST_PA38.nii.gz,overall,gamma_world_stability,4,0.9980063615021882,0.4999999238672975,0.9801816543138203,0.9999192662175891,0.0840233802297064,case_patch_macro
penultimate_decoder_stage_output,CYST_PA38.nii.gz,background,pairwise_joint_product,4,0.9993919803120012,0.3187188896004374,0.9981115629961418,0.9999987814553332,0.04201134503465396,case_patch_macro
penultimate_decoder_stage_output,CYST_PA38.nii.gz,foreground,pairwise_joint_product,4,0.9014569807069394,0.11712116246190471,0.8379910443247993,0.9769799126978255,0.3286041678369861,case_patch_macro
penultimate_decoder_stage_output,CYST_PA38.nii.gz,overall,pairwise_joint_product,4,0.9980063615021882,0.31478067910672114,0.9958854862666158,0.9999908461325702,0.077583670029611,case_patch_macro
penultimate_decoder_stage_output,CYST_PA38.nii.gz,background,pairwise_world_stability,4,0.9993919803120012,0.5049389433536047,0.990690831065227,0.9999896819544936,0.04252023795384788,case_patch_macro
penultimate_decoder_stage_output,CYST_PA38.nii.gz,foreground,pairwise_world_stability,4,0.9014569807069394,0.23053012811091017,0.7930451478276977,0.9703260602256569,0.28597688448414965,case_patch_macro
penultimate_decoder_stage_output,CYST_PA38.nii.gz,overall,pairwise_world_stability,4,0.9980063615021882,0.4999999342024479,0.9931365010655003,0.9999799439047339,0.07920811673064955,case_patch_macro
decoder_stage_1_low_to_high,HEM_PA66.nii.gz,background,blur_joint_product,4,0.9987108250728087,0.3100872153122276,0.9956803327011646,0.9999927401134405,0.06398943326265313,case_patch_macro
decoder_stage_1_low_to_high,HEM_PA66.nii.gz,foreground,blur_joint_product,4,0.9599587192070145,0.10820034591037545,0.9199170128732288,0.9957481672269978,0.27886056514036345,case_patch_macro
decoder_stage_1_low_to_high,HEM_PA66.nii.gz,overall,blur_joint_product,4,0.9980829733389395,0.30623869183626234,0.9953870229453146,0.9999888671816453,0.0774099936144727,case_patch_macro
decoder_stage_1_low_to_high,HEM_PA66.nii.gz,background,blur_world_stability,4,0.9987108250728087,0.5032058633629783,0.9760732776034832,0.9999285441915206,0.06602027300918659,case_patch_macro
decoder_stage_1_low_to_high,HEM_PA66.nii.gz,foreground,blur_world_stability,4,0.9599587192070145,0.3129176573252762,0.9022531434108376,0.9947682019327686,0.2785849073948721,case_patch_macro
decoder_stage_1_low_to_high,HEM_PA66.nii.gz,overall,blur_world_stability,4,0.9980829733389395,0.4999999346371653,0.982360734710257,0.9999253237609869,0.08075849427684384,case_patch_macro
decoder_stage_1_low_to_high,HEM_PA66.nii.gz,background,confidence_rank,4,0.9987108250728087,0.5058867842023378,0.9976368872104389,0.9999950463234293,0.064989512001148,case_patch_macro
decoder_stage_1_low_to_high,HEM_PA66.nii.gz,foreground,confidence_rank,4,0.9599587192070145,0.21837172952709458,0.9089745630592634,0.9948304422700356,0.2747375626336047,case_patch_macro
decoder_stage_1_low_to_high,HEM_PA66.nii.gz,overall,confidence_rank,4,0.9980829733389395,0.5000000759893989,0.9966282474283801,0.9999910419498437,0.07846175094773217,case_patch_macro
decoder_stage_1_low_to_high,HEM_PA66.nii.gz,background,gamma_joint_product,4,0.9987108250728087,0.2986961783123667,0.9911851530169064,0.9999860452274644,0.0638621364015809,case_patch_macro
decoder_stage_1_low_to_high,HEM_PA66.nii.gz,foreground,gamma_joint_product,4,0.9599587192070145,0.1271835454596259,0.9349043313091314,0.996685518897533,0.2920117330882991,case_patch_macro
decoder_stage_1_low_to_high,HEM_PA66.nii.gz,overall,gamma_joint_product,4,0.9980829733389395,0.29523014477803294,0.9925941711926917,0.9999823558850298,0.07748232897493486,case_patch_macro
decoder_stage_1_low_to_high,HEM_PA66.nii.gz,background,gamma_world_stability,4,0.9987108250728087,0.5010443853972532,0.9344846977798356,0.9998206268592547,0.06768717618119248,case_patch_macro
decoder_stage_1_low_to_high,HEM_PA66.nii.gz,foreground,gamma_world_stability,4,0.9599587192070145,0.4190145916093353,0.9264312615955347,0.9962748228986853,0.3301262121017917,case_patch_macro
decoder_stage_1_low_to_high,HEM_PA66.nii.gz,overall,gamma_world_stability,4,0.9980829733389395,0.4999999173061817,0.9549459158592645,0.9998191659232906,0.08526029786243022,case_patch_macro
decoder_stage_1_low_to_high,HEM_PA66.nii.gz,background,pairwise_joint_product,4,0.9987108250728087,0.31380337465420316,0.9962053790066595,0.9999934360746585,0.06393914006385784,case_patch_macro
decoder_stage_1_low_to_high,HEM_PA66.nii.gz,foreground,pairwise_joint_product,4,0.9599587192070145,0.10700601355375508,0.9216426822815522,0.9957799415340194,0.2798038848469832,case_patch_macro
decoder_stage_1_low_to_high,HEM_PA66.nii.gz,overall,pairwise_joint_product,4,0.9980829733389395,0.30983266303548707,0.9957151031376414,0.999989622050492,0.07733140503566067,case_patch_macro
decoder_stage_1_low_to_high,HEM_PA66.nii.gz,background,pairwise_world_stability,4,0.9987108250728087,0.5037369058766324,0.9826593698240944,0.9999462336226637,0.06551233514461519,case_patch_macro
decoder_stage_1_low_to_high,HEM_PA66.nii.gz,foreground,pairwise_world_stability,4,0.9599587192070145,0.2886633533426014,0.9126585986098115,0.9952965973698789,0.2832640141003703,case_patch_macro
decoder_stage_1_low_to_high,HEM_PA66.nii.gz,overall,pairwise_world_stability,4,0.9980829733389395,0.4999999408112975,0.9865859971588662,0.9999435129628712,0.07984198343762824,case_patch_macro
final_decoder_feature,HEM_PA66.nii.gz,background,blur_joint_product,4,0.9987108250728087,0.3134555073338642,0.9970834751357492,0.999995002379519,0.06398151209734855,case_patch_macro
final_decoder_feature,HEM_PA66.nii.gz,foreground,blur_joint_product,4,0.9599587192070145,0.06640472780960427,0.8911209729316631,0.9940486821546034,0.2577376099556512,case_patch_macro
final_decoder_feature,HEM_PA66.nii.gz,overall,blur_joint_product,4,0.9980829733389395,0.3088000800919868,0.9959826858756926,0.9999903803529195,0.07726615251493726,case_patch_macro
final_decoder_feature,HEM_PA66.nii.gz,background,blur_world_stability,4,0.9987108250728087,0.5050394658718608,0.986658676200076,0.9999598663626534,0.06565501708546545,case_patch_macro
final_decoder_feature,HEM_PA66.nii.gz,foreground,blur_world_stability,4,0.9599587192070145,0.2107860044127624,0.841528211347087,0.9909585391293592,0.22739874976019642,case_patch_macro
final_decoder_feature,HEM_PA66.nii.gz,overall,blur_world_stability,4,0.9980829733389395,0.4999999267384986,0.9882647699055273,0.9999538373545624,0.07956855946254945,case_patch_macro
final_decoder_feature,HEM_PA66.nii.gz,background,confidence_rank,4,0.9987108250728087,0.5058867842023378,0.9976368872104389,0.9999950463234293,0.064989512001148,case_patch_macro
final_decoder_feature,HEM_PA66.nii.gz,foreground,confidence_rank,4,0.9599587192070145,0.21837172952709458,0.9089745630592634,0.9948304422700356,0.2747375626336047,case_patch_macro
final_decoder_feature,HEM_PA66.nii.gz,overall,confidence_rank,4,0.9980829733389395,0.5000000759893989,0.9966282474283801,0.9999910419498437,0.07846175094773217,case_patch_macro
final_decoder_feature,HEM_PA66.nii.gz,background,gamma_joint_product,4,0.9987108250728087,0.30564282617821004,0.9934310357212534,0.9999896425785983,0.06397246838204787,case_patch_macro
final_decoder_feature,HEM_PA66.nii.gz,foreground,gamma_joint_product,4,0.9599587192070145,0.13241727974784667,0.9378184961100968,0.9968110768166499,0.2936973920320497,case_patch_macro
final_decoder_feature,HEM_PA66.nii.gz,overall,gamma_joint_product,4,0.9980829733389395,0.3022024964238527,0.9940464479970184,0.9999860219160954,0.07751482789261785,case_patch_macro
final_decoder_feature,HEM_PA66.nii.gz,background,gamma_world_stability,4,0.9987108250728087,0.5010501877987483,0.9557295792128861,0.9998751288355215,0.06587252010592899,case_patch_macro
final_decoder_feature,HEM_PA66.nii.gz,foreground,gamma_world_stability,4,0.9599587192070145,0.4110454387414426,0.9376848033940125,0.9968833705247492,0.3271380665618388,case_patch_macro
final_decoder_feature,HEM_PA66.nii.gz,overall,gamma_world_stability,4,0.9980829733389395,0.4999999208430655,0.9690258666775284,0.9998738880778555,0.08184562057456682,case_patch_macro
final_decoder_feature,HEM_PA66.nii.gz,background,pairwise_joint_product,4,0.9987108250728087,0.31741602540414526,0.9974583694479183,0.9999957210067052,0.06383086587761627,case_patch_macro
final_decoder_feature,HEM_PA66.nii.gz,foreground,pairwise_joint_product,4,0.9599587192070145,0.06670753036772653,0.9063607625837102,0.9949483595541813,0.26853275031772744,case_patch_macro
final_decoder_feature,HEM_PA66.nii.gz,overall,pairwise_joint_product,4,0.9980829733389395,0.3126935165433831,0.996390095468372,0.9999914490472359,0.07710990507717502,case_patch_macro
final_decoder_feature,HEM_PA66.nii.gz,background,pairwise_world_stability,4,0.9987108250728087,0.5054194017442214,0.9911461821021383,0.99997308138894,0.06486845686352805,case_patch_macro
final_decoder_feature,HEM_PA66.nii.gz,foreground,pairwise_world_stability,4,0.9599587192070145,0.19285282638282006,0.8840131978270224,0.9937326591713317,0.2575862595751903,case_patch_macro
final_decoder_feature,HEM_PA66.nii.gz,overall,pairwise_world_stability,4,0.9980829733389395,0.49999992482222055,0.991823180000903,0.9999683960673826,0.07855425743121883,case_patch_macro
final_decoder_stage_input,HEM_PA66.nii.gz,background,blur_joint_product,4,0.9987108250728087,0.3134555073338642,0.9970834751357492,0.999995002379519,0.06398151209734855,case_patch_macro
final_decoder_stage_input,HEM_PA66.nii.gz,foreground,blur_joint_product,4,0.9599587192070145,0.06640472780960427,0.8911209729316631,0.9940486821546034,0.2577376099556512,case_patch_macro
final_decoder_stage_input,HEM_PA66.nii.gz,overall,blur_joint_product,4,0.9980829733389395,0.3088000800919868,0.9959826858756926,0.9999903803529195,0.07726615251493726,case_patch_macro
final_decoder_stage_input,HEM_PA66.nii.gz,background,blur_world_stability,4,0.9987108250728087,0.5050394658718608,0.986658676200076,0.9999598663626534,0.06565501708546545,case_patch_macro
final_decoder_stage_input,HEM_PA66.nii.gz,foreground,blur_world_stability,4,0.9599587192070145,0.2107860044127624,0.841528211347087,0.9909585391293592,0.22739874976019642,case_patch_macro
final_decoder_stage_input,HEM_PA66.nii.gz,overall,blur_world_stability,4,0.9980829733389395,0.4999999267384986,0.9882647699055273,0.9999538373545624,0.07956855946254945,case_patch_macro
final_decoder_stage_input,HEM_PA66.nii.gz,background,confidence_rank,4,0.9987108250728087,0.5058867842023378,0.9976368872104389,0.9999950463234293,0.064989512001148,case_patch_macro
final_decoder_stage_input,HEM_PA66.nii.gz,foreground,confidence_rank,4,0.9599587192070145,0.21837172952709458,0.9089745630592634,0.9948304422700356,0.2747375626336047,case_patch_macro
final_decoder_stage_input,HEM_PA66.nii.gz,overall,confidence_rank,4,0.9980829733389395,0.5000000759893989,0.9966282474283801,0.9999910419498437,0.07846175094773217,case_patch_macro
final_decoder_stage_input,HEM_PA66.nii.gz,background,gamma_joint_product,4,0.9987108250728087,0.30564282617821004,0.9934310357212534,0.9999896425785983,0.06397246838204787,case_patch_macro
final_decoder_stage_input,HEM_PA66.nii.gz,foreground,gamma_joint_product,4,0.9599587192070145,0.13241727974784667,0.9378184961100968,0.9968110768166499,0.2936973920320497,case_patch_macro
final_decoder_stage_input,HEM_PA66.nii.gz,overall,gamma_joint_product,4,0.9980829733389395,0.3022024964238527,0.9940464479970184,0.9999860219160954,0.07751482789261785,case_patch_macro
final_decoder_stage_input,HEM_PA66.nii.gz,background,gamma_world_stability,4,0.9987108250728087,0.5010501877987483,0.9557295792128861,0.9998751288355215,0.06587252010592899,case_patch_macro
final_decoder_stage_input,HEM_PA66.nii.gz,foreground,gamma_world_stability,4,0.9599587192070145,0.4110454387414426,0.9376848033940125,0.9968833705247492,0.3271380665618388,case_patch_macro
final_decoder_stage_input,HEM_PA66.nii.gz,overall,gamma_world_stability,4,0.9980829733389395,0.4999999208430655,0.9690258666775284,0.9998738880778555,0.08184562057456682,case_patch_macro
final_decoder_stage_input,HEM_PA66.nii.gz,background,pairwise_joint_product,4,0.9987108250728087,0.31741602540414526,0.9974583694479183,0.9999957210067052,0.06383086587761627,case_patch_macro
final_decoder_stage_input,HEM_PA66.nii.gz,foreground,pairwise_joint_product,4,0.9599587192070145,0.06670753036772653,0.9063607625837102,0.9949483595541813,0.26853275031772744,case_patch_macro
final_decoder_stage_input,HEM_PA66.nii.gz,overall,pairwise_joint_product,4,0.9980829733389395,0.3126935165433831,0.996390095468372,0.9999914490472359,0.07710990507717502,case_patch_macro
final_decoder_stage_input,HEM_PA66.nii.gz,background,pairwise_world_stability,4,0.9987108250728087,0.5054194017442214,0.9911461821021383,0.99997308138894,0.06486845686352805,case_patch_macro
final_decoder_stage_input,HEM_PA66.nii.gz,foreground,pairwise_world_stability,4,0.9599587192070145,0.19285282638282006,0.8840131978270224,0.9937326591713317,0.2575862595751903,case_patch_macro
final_decoder_stage_input,HEM_PA66.nii.gz,overall,pairwise_world_stability,4,0.9980829733389395,0.49999992482222055,0.991823180000903,0.9999683960673826,0.07855425743121883,case_patch_macro
full_voxtell_reference,HEM_PA66.nii.gz,background,blur_joint_product,4,0.9987108250728087,0.31341896194928254,0.9971846271228229,0.9999950401060287,0.064000802551432,case_patch_macro
full_voxtell_reference,HEM_PA66.nii.gz,foreground,blur_joint_product,4,0.9599587192070145,0.06400250887296245,0.8897486746511117,0.9939578298634104,0.25667970729019873,case_patch_macro
full_voxtell_reference,HEM_PA66.nii.gz,overall,blur_joint_product,4,0.9980829733389395,0.3087544701584771,0.9960245898674736,0.9999903867519411,0.07727460626630739,case_patch_macro
full_voxtell_reference,HEM_PA66.nii.gz,background,blur_world_stability,4,0.9987108250728087,0.5051658134483871,0.9875002740920448,0.9999617435347475,0.06539688788733304,case_patch_macro
full_voxtell_reference,HEM_PA66.nii.gz,foreground,blur_world_stability,4,0.9599587192070145,0.20233378240163424,0.8386654245263809,0.990769795173593,0.22495732648268,case_patch_macro
full_voxtell_reference,HEM_PA66.nii.gz,overall,blur_world_stability,4,0.9980829733389395,0.4999999294134425,0.9887137262152599,0.9999555847753169,0.07917985233225537,case_patch_macro
full_voxtell_reference,HEM_PA66.nii.gz,background,confidence_rank,4,0.9987108250728087,0.5058867842023378,0.9976368872104389,0.9999950463234293,0.064989512001148,case_patch_macro
full_voxtell_reference,HEM_PA66.nii.gz,foreground,confidence_rank,4,0.9599587192070145,0.21837172952709458,0.9089745630592634,0.9948304422700356,0.2747375626336047,case_patch_macro
full_voxtell_reference,HEM_PA66.nii.gz,overall,confidence_rank,4,0.9980829733389395,0.5000000759893989,0.9966282474283801,0.9999910419498437,0.07846175094773217,case_patch_macro
full_voxtell_reference,HEM_PA66.nii.gz,background,gamma_joint_product,4,0.9987108250728087,0.30492178806064574,0.9933400053977771,0.9999894021366763,0.06394055973094365,case_patch_macro
full_voxtell_reference,HEM_PA66.nii.gz,foreground,gamma_joint_product,4,0.9599587192070145,0.1317032286943119,0.9371445480059158,0.9967782979550635,0.2932543003450304,case_patch_macro
full_voxtell_reference,HEM_PA66.nii.gz,overall,gamma_joint_product,4,0.9980829733389395,0.3014675544802721,0.9939483459837255,0.9999857486806815,0.07747773001300269,case_patch_macro
full_voxtell_reference,HEM_PA66.nii.gz,background,gamma_world_stability,4,0.9987108250728087,0.5011621238385571,0.9548975531102244,0.999873642024895,0.06593206556622164,case_patch_macro
full_voxtell_reference,HEM_PA66.nii.gz,foreground,gamma_world_stability,4,0.9599587192070145,0.40827970490122856,0.9365799570660485,0.9968239345474496,0.3257029699280115,case_patch_macro
full_voxtell_reference,HEM_PA66.nii.gz,overall,gamma_world_stability,4,0.9980829733389395,0.49999993751772237,0.968050328724616,0.9998720695820471,0.08193337979777694,case_patch_macro
full_voxtell_reference,HEM_PA66.nii.gz,background,pairwise_joint_product,4,0.9987108250728087,0.3172035603579809,0.9975325049137634,0.9999957445753661,0.0638415563069637,case_patch_macro
full_voxtell_reference,HEM_PA66.nii.gz,foreground,pairwise_joint_product,4,0.9599587192070145,0.06389530051016103,0.9040913819635957,0.9947943191904363,0.2668297988895364,case_patch_macro
full_voxtell_reference,HEM_PA66.nii.gz,overall,pairwise_joint_product,4,0.9980829733389395,0.31245488629334006,0.9964174277064296,0.9999914267768948,0.07711088834654137,case_patch_macro
full_voxtell_reference,HEM_PA66.nii.gz,background,pairwise_world_stability,4,0.9987108250728087,0.5055433185596379,0.9918273148081386,0.9999750462169519,0.0648003497769068,case_patch_macro
full_voxtell_reference,HEM_PA66.nii.gz,foreground,pairwise_world_stability,4,0.9599587192070145,0.18516669959517307,0.878897999508057,0.9933602072503217,0.2534631198780712,case_patch_macro
full_voxtell_reference,HEM_PA66.nii.gz,overall,pairwise_world_stability,4,0.9980829733389395,0.499999917014756,0.9922186168318132,0.9999701660891496,0.0784053533464727,case_patch_macro
penultimate_decoder_stage_output,HEM_PA66.nii.gz,background,blur_joint_product,4,0.9987108250728087,0.31336579165746115,0.996390696077387,0.9999933614065288,0.06392546719827767,case_patch_macro
penultimate_decoder_stage_output,HEM_PA66.nii.gz,foreground,blur_joint_product,4,0.9599587192070145,0.08505397289677523,0.8919169782571853,0.994129884393081,0.25842878433647026,case_patch_macro
penultimate_decoder_stage_output,HEM_PA66.nii.gz,overall,blur_joint_product,4,0.9980829733389395,0.3090952345200908,0.9955701188914696,0.9999887303076762,0.07724176944608235,case_patch_macro
penultimate_decoder_stage_output,HEM_PA66.nii.gz,background,blur_world_stability,4,0.9987108250728087,0.5044192517704377,0.9832203176646108,0.999950340720553,0.06529869351839897,case_patch_macro
penultimate_decoder_stage_output,HEM_PA66.nii.gz,foreground,blur_world_stability,4,0.9599587192070145,0.24100168288345614,0.8461862451301903,0.991447243997669,0.2317368776417949,case_patch_macro
penultimate_decoder_stage_output,HEM_PA66.nii.gz,overall,blur_world_stability,4,0.9980829733389395,0.4999999396286112,0.9863180202927404,0.9999448707338461,0.07937121258339595,case_patch_macro
penultimate_decoder_stage_output,HEM_PA66.nii.gz,background,confidence_rank,4,0.9987108250728087,0.5058867842023378,0.9976368872104389,0.9999950463234293,0.064989512001148,case_patch_macro
penultimate_decoder_stage_output,HEM_PA66.nii.gz,foreground,confidence_rank,4,0.9599587192070145,0.21837172952709458,0.9089745630592634,0.9948304422700356,0.2747375626336047,case_patch_macro
penultimate_decoder_stage_output,HEM_PA66.nii.gz,overall,confidence_rank,4,0.9980829733389395,0.5000000759893989,0.9966282474283801,0.9999910419498437,0.07846175094773217,case_patch_macro
penultimate_decoder_stage_output,HEM_PA66.nii.gz,background,gamma_joint_product,4,0.9987108250728087,0.3054733858026182,0.9939566603427523,0.9999906336341848,0.06408029954240933,case_patch_macro
penultimate_decoder_stage_output,HEM_PA66.nii.gz,foreground,gamma_joint_product,4,0.9599587192070145,0.12354027828024396,0.9344565919282677,0.9965989166599102,0.29064643885622077,case_patch_macro
penultimate_decoder_stage_output,HEM_PA66.nii.gz,overall,gamma_joint_product,4,0.9980829733389395,0.3018903978652724,0.9943747513812028,0.99998693594753,0.07760408613087905,case_patch_macro
penultimate_decoder_stage_output,HEM_PA66.nii.gz,background,gamma_world_stability,4,0.9987108250728087,0.5014719044421687,0.9591089325164718,0.9998847986894266,0.06667133507225957,case_patch_macro
penultimate_decoder_stage_output,HEM_PA66.nii.gz,foreground,gamma_world_stability,4,0.9599587192070145,0.3837827647372431,0.9316890925339846,0.9965236382031153,0.3155925519297353,case_patch_macro
penultimate_decoder_stage_output,HEM_PA66.nii.gz,overall,gamma_world_stability,4,0.9980829733389395,0.49999992245206476,0.9712566768873394,0.9998832906402021,0.08255302346903393,case_patch_macro
penultimate_decoder_stage_output,HEM_PA66.nii.gz,background,pairwise_joint_product,4,0.9987108250728087,0.3174423377980914,0.9971522160134569,0.999995069237894,0.06385008130090364,case_patch_macro
penultimate_decoder_stage_output,HEM_PA66.nii.gz,foreground,pairwise_joint_product,4,0.9599587192070145,0.08281152937111487,0.9054378357605936,0.9949149727988948,0.26800752667555067,case_patch_macro
penultimate_decoder_stage_output,HEM_PA66.nii.gz,overall,pairwise_joint_product,4,0.9980829733389395,0.3130472899105694,0.9962219438124967,0.9999907305605478,0.0771484761934814,case_patch_macro
penultimate_decoder_stage_output,HEM_PA66.nii.gz,background,pairwise_world_stability,4,0.9987108250728087,0.5048980760100574,0.9899916619824667,0.9999704220076191,0.0648369276655727,case_patch_macro
penultimate_decoder_stage_output,HEM_PA66.nii.gz,foreground,pairwise_world_stability,4,0.9599587192070145,0.21641703673752444,0.8836944016678718,0.9937990303433072,0.25798894566823216,case_patch_macro
penultimate_decoder_stage_output,HEM_PA66.nii.gz,overall,pairwise_world_stability,4,0.9980829733389395,0.4999999293521295,0.9913716892429769,0.9999657322363795,0.07859708470474536,case_patch_macro
decoder_stage_1_low_to_high,HEM_PA56.nii.gz,background,blur_joint_product,4,0.9985527046226016,0.31314307421699616,0.9909252162406759,0.9999862899074807,0.06456543008350214,case_patch_macro
decoder_stage_1_low_to_high,HEM_PA56.nii.gz,foreground,blur_joint_product,4,0.9367177584276103,0.12828565770143244,0.9095791291307325,0.9903457540905558,0.31988338834644353,case_patch_macro
decoder_stage_1_low_to_high,HEM_PA56.nii.gz,overall,blur_joint_product,4,0.9973018787525318,0.30853752898662956,0.9925616201626883,0.999977412763899,0.09084665063471165,case_patch_macro
decoder_stage_1_low_to_high,HEM_PA56.nii.gz,background,blur_world_stability,4,0.9985527046226016,0.5036313448948403,0.9450539359256845,0.9998570145621579,0.06164061685076267,case_patch_macro
decoder_stage_1_low_to_high,HEM_PA56.nii.gz,foreground,blur_world_stability,4,0.9367177584276103,0.32853159318171804,0.8946828448228286,0.9894961934742285,0.3209356288210597,case_patch_macro
decoder_stage_1_low_to_high,HEM_PA56.nii.gz,overall,blur_world_stability,4,0.9973018787525318,0.49999992095470386,0.9717280475825197,0.9998492959472873,0.09131151792351658,case_patch_macro
decoder_stage_1_low_to_high,HEM_PA56.nii.gz,background,confidence_rank,4,0.9985527046226016,0.5081311346090642,0.9951537019814347,0.999990261115537,0.06565211699810364,case_patch_macro
decoder_stage_1_low_to_high,HEM_PA56.nii.gz,foreground,confidence_rank,4,0.9367177584276103,0.19746435382311742,0.9017681003305034,0.9880004732169783,0.31252528913686395,case_patch_macro
decoder_stage_1_low_to_high,HEM_PA56.nii.gz,overall,confidence_rank,4,0.9973018787525318,0.500000065715019,0.9948348842188616,0.9999821873597471,0.09212279168696341,case_patch_macro
decoder_stage_1_low_to_high,HEM_PA56.nii.gz,background,gamma_joint_product,4,0.9985527046226016,0.3043972973723882,0.9852005903052532,0.9999753563968568,0.06408369541312042,case_patch_macro
decoder_stage_1_low_to_high,HEM_PA56.nii.gz,foreground,gamma_joint_product,4,0.9367177584276103,0.1340135038402538,0.9242481452917615,0.9926613764412738,0.33539669250883336,case_patch_macro
decoder_stage_1_low_to_high,HEM_PA56.nii.gz,overall,gamma_joint_product,4,0.9973018787525318,0.3002476571598901,0.9901063674182817,0.9999680032495102,0.09085134869983967,case_patch_macro
decoder_stage_1_low_to_high,HEM_PA56.nii.gz,background,gamma_world_stability,4,0.9985527046226016,0.49956357900685444,0.9004998780573358,0.999708696615315,0.05926493809554018,case_patch_macro
decoder_stage_1_low_to_high,HEM_PA56.nii.gz,foreground,gamma_world_stability,4,0.9367177584276103,0.44614559086163885,0.916605132602742,0.9923727505143555,0.3759092806958106,case_patch_macro
decoder_stage_1_low_to_high,HEM_PA56.nii.gz,overall,gamma_world_stability,4,0.9973018787525318,0.49999993148706307,0.9504759983471303,0.9997097579662043,0.09418884867395354,case_patch_macro
decoder_stage_1_low_to_high,HEM_PA56.nii.gz,background,pairwise_joint_product,4,0.9985527046226016,0.3171984978650234,0.9924253882229126,0.9999886544903747,0.06465901245014205,case_patch_macro
decoder_stage_1_low_to_high,HEM_PA56.nii.gz,foreground,pairwise_joint_product,4,0.9367177584276103,0.1275119722245985,0.911883838425497,0.9904863399602774,0.32160566027452314,case_patch_macro
decoder_stage_1_low_to_high,HEM_PA56.nii.gz,overall,pairwise_joint_product,4,0.9973018787525318,0.3124489024372943,0.993415875225633,0.9999800836725645,0.09084760076161752,case_patch_macro
decoder_stage_1_low_to_high,HEM_PA56.nii.gz,background,pairwise_world_stability,4,0.9985527046226016,0.5042664806037986,0.9614117783995213,0.9999035411350672,0.06284548905439255,case_patch_macro
decoder_stage_1_low_to_high,HEM_PA56.nii.gz,foreground,pairwise_world_stability,4,0.9367177584276103,0.30876931092543713,0.9050471133628895,0.9904984590826458,0.32720504917863336,case_patch_macro
decoder_stage_1_low_to_high,HEM_PA56.nii.gz,overall,pairwise_world_stability,4,0.9973018787525318,0.499999926403234,0.9798638305416564,0.9998966373736966,0.09135304768880373,case_patch_macro
final_decoder_feature,HEM_PA56.nii.gz,background,blur_joint_product,4,0.9985527046226016,0.3163638642134459,0.9944671498769212,0.9999914126977655,0.06480318050348054,case_patch_macro
final_decoder_feature,HEM_PA56.nii.gz,foreground,blur_joint_product,4,0.9367177584276103,0.09044264673043075,0.8815293253325025,0.9865910421383,0.29252832204241597,case_patch_macro
final_decoder_feature,HEM_PA56.nii.gz,overall,blur_joint_product,4,0.9973018787525318,0.31012727259074446,0.9935722007565289,0.999981070115524,0.09074325175176698,case_patch_macro
final_decoder_feature,HEM_PA56.nii.gz,background,blur_world_stability,4,0.9985527046226016,0.5070679799542926,0.9681075341221989,0.9999065337398969,0.06332354812556854,case_patch_macro
final_decoder_feature,HEM_PA56.nii.gz,foreground,blur_world_stability,4,0.9367177584276103,0.2271371528321185,0.8382978196056085,0.9823645654102664,0.2600407767653311,case_patch_macro
final_decoder_feature,HEM_PA56.nii.gz,overall,blur_world_stability,4,0.9973018787525318,0.49999993006187854,0.980277629115633,0.9998945888462724,0.09107666010224921,case_patch_macro
final_decoder_feature,HEM_PA56.nii.gz,background,confidence_rank,4,0.9985527046226016,0.5081311346090642,0.9951537019814347,0.999990261115537,0.06565211699810364,case_patch_macro
final_decoder_feature,HEM_PA56.nii.gz,foreground,confidence_rank,4,0.9367177584276103,0.19746435382311742,0.9017681003305034,0.9880004732169783,0.31252528913686395,case_patch_macro
final_decoder_feature,HEM_PA56.nii.gz,overall,confidence_rank,4,0.9973018787525318,0.500000065715019,0.9948348842188616,0.9999821873597471,0.09212279168696341,case_patch_macro
final_decoder_feature,HEM_PA56.nii.gz,background,gamma_joint_product,4,0.9985527046226016,0.3109423661580408,0.9899453983546845,0.9999828620267198,0.06450353700380398,case_patch_macro
final_decoder_feature,HEM_PA56.nii.gz,foreground,gamma_joint_product,4,0.9367177584276103,0.13979496591876148,0.9117390741051279,0.9909164340077864,0.322512565617884,case_patch_macro
final_decoder_feature,HEM_PA56.nii.gz,overall,gamma_joint_product,4,0.9973018787525318,0.3069360911297322,0.9921833497389969,0.9999749732056031,0.09094923542787695,case_patch_macro
final_decoder_feature,HEM_PA56.nii.gz,background,gamma_world_stability,4,0.9985527046226016,0.5004717551262711,0.9380155737847682,0.9998057539421817,0.060979945451844986,case_patch_macro
final_decoder_feature,HEM_PA56.nii.gz,foreground,gamma_world_stability,4,0.9367177584276103,0.4117712977774769,0.8970972368135539,0.9898549524322313,0.33612732710504833,case_patch_macro
final_decoder_feature,HEM_PA56.nii.gz,overall,gamma_world_stability,4,0.9973018787525318,0.4999999357784906,0.9673846394290777,0.9998038384201384,0.09161808895861687,case_patch_macro
final_decoder_feature,HEM_PA56.nii.gz,background,pairwise_joint_product,4,0.9985527046226016,0.32087351950136467,0.9959930091663034,0.9999935382535344,0.06480192169604479,case_patch_macro
final_decoder_feature,HEM_PA56.nii.gz,foreground,pairwise_joint_product,4,0.9367177584276103,0.09105507157946355,0.8851158229102993,0.9868124539448628,0.29566551284328707,case_patch_macro
final_decoder_feature,HEM_PA56.nii.gz,overall,pairwise_joint_product,4,0.9973018787525318,0.3145427094423602,0.99443918630558,0.9999835939197548,0.09060395196516638,case_patch_macro
final_decoder_feature,HEM_PA56.nii.gz,background,pairwise_world_stability,4,0.9985527046226016,0.507778676341457,0.984778746311585,0.9999535147969936,0.06434649550012368,case_patch_macro
final_decoder_feature,HEM_PA56.nii.gz,foreground,pairwise_world_stability,4,0.9367177584276103,0.20622307739521464,0.8506583736567075,0.9835707899560246,0.2702020807301756,case_patch_macro
final_decoder_feature,HEM_PA56.nii.gz,overall,pairwise_world_stability,4,0.9973018787525318,0.4999999340374104,0.9882388567625496,0.999941715306649,0.09089223345797039,case_patch_macro
final_decoder_stage_input,HEM_PA56.nii.gz,background,blur_joint_product,4,0.9985527046226016,0.3163638642134459,0.9944671498769212,0.9999914126977655,0.06480318050348054,case_patch_macro
final_decoder_stage_input,HEM_PA56.nii.gz,foreground,blur_joint_product,4,0.9367177584276103,0.09044264673043075,0.8815293253325025,0.9865910421383,0.29252832204241597,case_patch_macro
final_decoder_stage_input,HEM_PA56.nii.gz,overall,blur_joint_product,4,0.9973018787525318,0.31012727259074446,0.9935722007565289,0.999981070115524,0.09074325175176698,case_patch_macro
final_decoder_stage_input,HEM_PA56.nii.gz,background,blur_world_stability,4,0.9985527046226016,0.5070679799542926,0.9681075341221989,0.9999065337398969,0.06332354812556854,case_patch_macro
final_decoder_stage_input,HEM_PA56.nii.gz,foreground,blur_world_stability,4,0.9367177584276103,0.2271371528321185,0.8382978196056085,0.9823645654102664,0.2600407767653311,case_patch_macro
final_decoder_stage_input,HEM_PA56.nii.gz,overall,blur_world_stability,4,0.9973018787525318,0.49999993006187854,0.980277629115633,0.9998945888462724,0.09107666010224921,case_patch_macro
final_decoder_stage_input,HEM_PA56.nii.gz,background,confidence_rank,4,0.9985527046226016,0.5081311346090642,0.9951537019814347,0.999990261115537,0.06565211699810364,case_patch_macro
final_decoder_stage_input,HEM_PA56.nii.gz,foreground,confidence_rank,4,0.9367177584276103,0.19746435382311742,0.9017681003305034,0.9880004732169783,0.31252528913686395,case_patch_macro
final_decoder_stage_input,HEM_PA56.nii.gz,overall,confidence_rank,4,0.9973018787525318,0.500000065715019,0.9948348842188616,0.9999821873597471,0.09212279168696341,case_patch_macro
final_decoder_stage_input,HEM_PA56.nii.gz,background,gamma_joint_product,4,0.9985527046226016,0.3109423661580408,0.9899453983546845,0.9999828620267198,0.06450353700380398,case_patch_macro
final_decoder_stage_input,HEM_PA56.nii.gz,foreground,gamma_joint_product,4,0.9367177584276103,0.13979496591876148,0.9117390741051279,0.9909164340077864,0.322512565617884,case_patch_macro
final_decoder_stage_input,HEM_PA56.nii.gz,overall,gamma_joint_product,4,0.9973018787525318,0.3069360911297322,0.9921833497389969,0.9999749732056031,0.09094923542787695,case_patch_macro
final_decoder_stage_input,HEM_PA56.nii.gz,background,gamma_world_stability,4,0.9985527046226016,0.5004717551262711,0.9380155737847682,0.9998057539421817,0.060979945451844986,case_patch_macro
final_decoder_stage_input,HEM_PA56.nii.gz,foreground,gamma_world_stability,4,0.9367177584276103,0.4117712977774769,0.8970972368135539,0.9898549524322313,0.33612732710504833,case_patch_macro
final_decoder_stage_input,HEM_PA56.nii.gz,overall,gamma_world_stability,4,0.9973018787525318,0.4999999357784906,0.9673846394290777,0.9998038384201384,0.09161808895861687,case_patch_macro
final_decoder_stage_input,HEM_PA56.nii.gz,background,pairwise_joint_product,4,0.9985527046226016,0.32087351950136467,0.9959930091663034,0.9999935382535344,0.06480192169604479,case_patch_macro
final_decoder_stage_input,HEM_PA56.nii.gz,foreground,pairwise_joint_product,4,0.9367177584276103,0.09105507157946355,0.8851158229102993,0.9868124539448628,0.29566551284328707,case_patch_macro
final_decoder_stage_input,HEM_PA56.nii.gz,overall,pairwise_joint_product,4,0.9973018787525318,0.3145427094423602,0.99443918630558,0.9999835939197548,0.09060395196516638,case_patch_macro
final_decoder_stage_input,HEM_PA56.nii.gz,background,pairwise_world_stability,4,0.9985527046226016,0.507778676341457,0.984778746311585,0.9999535147969936,0.06434649550012368,case_patch_macro
final_decoder_stage_input,HEM_PA56.nii.gz,foreground,pairwise_world_stability,4,0.9367177584276103,0.20622307739521464,0.8506583736567075,0.9835707899560246,0.2702020807301756,case_patch_macro
final_decoder_stage_input,HEM_PA56.nii.gz,overall,pairwise_world_stability,4,0.9973018787525318,0.4999999340374104,0.9882388567625496,0.999941715306649,0.09089223345797039,case_patch_macro
full_voxtell_reference,HEM_PA56.nii.gz,background,blur_joint_product,4,0.9985527046226016,0.31615034664609365,0.9947102435337938,0.9999916074080423,0.06467635971183046,case_patch_macro
full_voxtell_reference,HEM_PA56.nii.gz,foreground,blur_joint_product,4,0.9367177584276103,0.08596832853589231,0.8803888184370802,0.9863273960733012,0.29134737407894606,case_patch_macro
full_voxtell_reference,HEM_PA56.nii.gz,overall,blur_joint_product,4,0.9973018787525318,0.3097716358209933,0.9936355695342399,0.999981200308122,0.09051372305091057,case_patch_macro
full_voxtell_reference,HEM_PA56.nii.gz,background,blur_world_stability,4,0.9985527046226016,0.5073319516277082,0.9698504857318253,0.9999087934136899,0.06337379208094265,case_patch_macro
full_voxtell_reference,HEM_PA56.nii.gz,foreground,blur_world_stability,4,0.9367177584276103,0.2173004736157301,0.8358307915428645,0.981751098891326,0.25730282679243943,case_patch_macro
full_voxtell_reference,HEM_PA56.nii.gz,overall,blur_world_stability,4,0.9973018787525318,0.49999991234369223,0.9806788790810914,0.9998959784977612,0.09092043090022361,case_patch_macro
full_voxtell_reference,HEM_PA56.nii.gz,background,confidence_rank,4,0.9985527046226016,0.5081311346090642,0.9951537019814347,0.999990261115537,0.06565211699810364,case_patch_macro
full_voxtell_reference,HEM_PA56.nii.gz,foreground,confidence_rank,4,0.9367177584276103,0.19746435382311742,0.9017681003305034,0.9880004732169783,0.31252528913686395,case_patch_macro
full_voxtell_reference,HEM_PA56.nii.gz,overall,confidence_rank,4,0.9973018787525318,0.500000065715019,0.9948348842188616,0.9999821873597471,0.09212279168696341,case_patch_macro
full_voxtell_reference,HEM_PA56.nii.gz,background,gamma_joint_product,4,0.9985527046226016,0.3104446604762504,0.9900389901849909,0.9999832419380583,0.06463463537250624,case_patch_macro
full_voxtell_reference,HEM_PA56.nii.gz,foreground,gamma_joint_product,4,0.9367177584276103,0.13767019677860298,0.9120164252449485,0.990973692606715,0.3228009496785169,case_patch_macro
full_voxtell_reference,HEM_PA56.nii.gz,overall,gamma_joint_product,4,0.9973018787525318,0.30634259122588847,0.9922463087798066,0.9999753122121402,0.09114331204258211,case_patch_macro
full_voxtell_reference,HEM_PA56.nii.gz,background,gamma_world_stability,4,0.9985527046226016,0.5006358877436652,0.9385876821138125,0.9998094408667202,0.06136443835831323,case_patch_macro
full_voxtell_reference,HEM_PA56.nii.gz,foreground,gamma_world_stability,4,0.9367177584276103,0.4088849579496661,0.8980514279174141,0.9900258758973978,0.3369322326961023,case_patch_macro
full_voxtell_reference,HEM_PA56.nii.gz,overall,gamma_world_stability,4,0.9973018787525318,0.4999999315039813,0.9676120683178502,0.999806077464066,0.09215443645015196,case_patch_macro
full_voxtell_reference,HEM_PA56.nii.gz,background,pairwise_joint_product,4,0.9985527046226016,0.3208284476883406,0.9962725995482555,0.999993849621414,0.06476141942494137,case_patch_macro
full_voxtell_reference,HEM_PA56.nii.gz,foreground,pairwise_joint_product,4,0.9367177584276103,0.08631763632888065,0.884198282202717,0.9866111053386195,0.29473895704648906,case_patch_macro
full_voxtell_reference,HEM_PA56.nii.gz,overall,pairwise_joint_product,4,0.9973018787525318,0.31434009434936205,0.9945523951922294,0.9999838887241952,0.09050903321817864,case_patch_macro
full_voxtell_reference,HEM_PA56.nii.gz,background,pairwise_world_stability,4,0.9985527046226016,0.5079940051939612,0.9869432581076159,0.9999586245473964,0.06450486001277676,case_patch_macro
full_voxtell_reference,HEM_PA56.nii.gz,foreground,pairwise_world_stability,4,0.9367177584276103,0.19754757013979635,0.8485929077702998,0.9831113905863298,0.26802306152902716,case_patch_macro
full_voxtell_reference,HEM_PA56.nii.gz,overall,pairwise_world_stability,4,0.9973018787525318,0.49999992387427233,0.9891074688794111,0.9999465788813624,0.0908983694908345,case_patch_macro
penultimate_decoder_stage_output,HEM_PA56.nii.gz,background,blur_joint_product,4,0.9985527046226016,0.3162166592392752,0.993818408829518,0.9999898033737373,0.0647553569227061,case_patch_macro
penultimate_decoder_stage_output,HEM_PA56.nii.gz,foreground,blur_joint_product,4,0.9367177584276103,0.10399445639205905,0.8813061398717963,0.9866066811990356,0.29256062430126883,case_patch_macro
penultimate_decoder_stage_output,HEM_PA56.nii.gz,overall,blur_joint_product,4,0.9973018787525318,0.3105458803192665,0.9932525218772696,0.9999794673572641,0.09074215034035082,case_patch_macro
penultimate_decoder_stage_output,HEM_PA56.nii.gz,background,blur_world_stability,4,0.9985527046226016,0.5063685615090218,0.9660176480061055,0.9998985501157871,0.06311691385372291,case_patch_macro
penultimate_decoder_stage_output,HEM_PA56.nii.gz,foreground,blur_world_stability,4,0.9367177584276103,0.24402364137690502,0.8385950890528648,0.9825713897981919,0.2610483223471446,case_patch_macro
penultimate_decoder_stage_output,HEM_PA56.nii.gz,overall,blur_world_stability,4,0.9973018787525318,0.4999999200773467,0.9792560193066704,0.9998872476696294,0.09102631339849723,case_patch_macro
penultimate_decoder_stage_output,HEM_PA56.nii.gz,background,confidence_rank,4,0.9985527046226016,0.5081311346090642,0.9951537019814347,0.999990261115537,0.06565211699810364,case_patch_macro
penultimate_decoder_stage_output,HEM_PA56.nii.gz,foreground,confidence_rank,4,0.9367177584276103,0.19746435382311742,0.9017681003305034,0.9880004732169783,0.31252528913686395,case_patch_macro
penultimate_decoder_stage_output,HEM_PA56.nii.gz,overall,confidence_rank,4,0.9973018787525318,0.500000065715019,0.9948348842188616,0.9999821873597471,0.09212279168696341,case_patch_macro
penultimate_decoder_stage_output,HEM_PA56.nii.gz,background,gamma_joint_product,4,0.9985527046226016,0.31063406764021295,0.9905654089503538,0.9999835721331549,0.06460822742802202,case_patch_macro
penultimate_decoder_stage_output,HEM_PA56.nii.gz,foreground,gamma_joint_product,4,0.9367177584276103,0.1361333449390113,0.9112911535617858,0.9908554872596153,0.32196587242219177,case_patch_macro
penultimate_decoder_stage_output,HEM_PA56.nii.gz,overall,gamma_joint_product,4,0.9973018787525318,0.30650297808582555,0.9924082940541165,0.9999756318020455,0.09104908635453615,case_patch_macro
penultimate_decoder_stage_output,HEM_PA56.nii.gz,background,gamma_world_stability,4,0.9985527046226016,0.5004991617552935,0.943686454942461,0.99981206624131,0.06184424317107936,case_patch_macro
penultimate_decoder_stage_output,HEM_PA56.nii.gz,foreground,gamma_world_stability,4,0.9367177584276103,0.40852004876564196,0.8961621657862209,0.9897266963876763,0.3348424967506991,case_patch_macro
penultimate_decoder_stage_output,HEM_PA56.nii.gz,overall,gamma_world_stability,4,0.9973018787525318,0.4999999280316927,0.9692900339242074,0.9998097309371374,0.09237652794459734,case_patch_macro
penultimate_decoder_stage_output,HEM_PA56.nii.gz,background,pairwise_joint_product,4,0.9985527046226016,0.32067679152918055,0.9955981027238945,0.9999923633623033,0.06481071049933622,case_patch_macro
penultimate_decoder_stage_output,HEM_PA56.nii.gz,foreground,pairwise_joint_product,4,0.9367177584276103,0.10276585623847491,0.884438619352636,0.9867486307354063,0.29520892961910483,case_patch_macro
penultimate_decoder_stage_output,HEM_PA56.nii.gz,overall,pairwise_joint_product,4,0.9973018787525318,0.314852843739386,0.9942213267427397,0.9999823891398398,0.09066167271681042,case_patch_macro
penultimate_decoder_stage_output,HEM_PA56.nii.gz,background,pairwise_world_stability,4,0.9985527046226016,0.5070512683932866,0.984311207168888,0.9999485478457276,0.06434832204311439,case_patch_macro
penultimate_decoder_stage_output,HEM_PA56.nii.gz,foreground,pairwise_world_stability,4,0.9367177584276103,0.22253691594821454,0.8495941021687741,0.9835443880129165,0.2696700771983356,case_patch_macro
penultimate_decoder_stage_output,HEM_PA56.nii.gz,overall,pairwise_world_stability,4,0.9973018787525318,0.49999992477553745,0.9878320321649955,0.9999370970167317,0.09097719671343307,case_patch_macro
decoder_stage_1_low_to_high,__all__,background,blur_joint_product,30,0.9970784817243997,0.3030993112146378,0.9761021997567867,0.9997932172177019,0.10270692615576518,full_train_case_macro
decoder_stage_1_low_to_high,__all__,foreground,blur_joint_product,30,0.8826768252856264,0.10500496903547364,0.8465367319346178,0.9530424052306382,0.26598506004152905,full_train_case_macro
decoder_stage_1_low_to_high,__all__,overall,blur_joint_product,30,0.9955788259153012,0.2978442729615442,0.9665784743713416,0.9997215722578642,0.1296377161333654,full_train_case_macro
decoder_stage_1_low_to_high,__all__,background,blur_world_stability,30,0.9970784817243997,0.5047975578266001,0.9535142067649465,0.9995088765910853,0.09924206118735476,full_train_case_macro
decoder_stage_1_low_to_high,__all__,foreground,blur_world_stability,30,0.8826768252856264,0.2614827211313752,0.8228811505063985,0.953055796782435,0.25356004364694207,full_train_case_macro
decoder_stage_1_low_to_high,__all__,overall,blur_world_stability,30,0.9955788259153012,0.4999999303376889,0.9509916614380075,0.9994586203150378,0.12728691300557438,full_train_case_macro
decoder_stage_1_low_to_high,__all__,background,confidence_rank,30,0.9970784817243997,0.5080869736504936,0.9748342005092925,0.9997592937106445,0.10737056434966151,full_train_case_macro
decoder_stage_1_low_to_high,__all__,foreground,confidence_rank,30,0.8826768252856264,0.19304488524119703,0.8453570285385216,0.9500804562042157,0.26453705505891867,full_train_case_macro
decoder_stage_1_low_to_high,__all__,overall,confidence_rank,30,0.9955788259153012,0.5000000689422618,0.9618254037300777,0.9996734780192518,0.1341815998368422,full_train_case_macro
decoder_stage_1_low_to_high,__all__,background,gamma_joint_product,30,0.9970784817243997,0.29798480855704573,0.9672575869832133,0.9997277400604483,0.10384846001617329,full_train_case_macro
decoder_stage_1_low_to_high,__all__,foreground,gamma_joint_product,30,0.8826768252856264,0.1376183706008169,0.8700386917729371,0.9587665167768046,0.2930068315151629,full_train_case_macro
decoder_stage_1_low_to_high,__all__,overall,gamma_joint_product,30,0.9955788259153012,0.2936902297148531,0.9572057942673917,0.9996474488554126,0.13118543824169812,full_train_case_macro
decoder_stage_1_low_to_high,__all__,background,gamma_world_stability,30,0.9970784817243997,0.5004707308896044,0.9029391627423801,0.999083548628607,0.09495848529936349,full_train_case_macro
decoder_stage_1_low_to_high,__all__,foreground,gamma_world_stability,30,0.8826768252856264,0.4204286675437079,0.8618631870099207,0.9598341693208922,0.3206739620386663,full_train_case_macro
decoder_stage_1_low_to_high,__all__,overall,gamma_world_stability,30,0.9955788259153012,0.4999999294927958,0.9138687074944252,0.9990693619841655,0.1264274042533578,full_train_case_macro
decoder_stage_1_low_to_high,__all__,background,pairwise_joint_product,30,0.9970784817243997,0.30624756586377516,0.9776209759497612,0.9998044560413887,0.10273967385500223,full_train_case_macro
decoder_stage_1_low_to_high,__all__,foreground,pairwise_joint_product,30,0.8826768252856264,0.10281425397583248,0.849486101224856,0.9532167020955938,0.26916697927656075,full_train_case_macro
decoder_stage_1_low_to_high,__all__,overall,pairwise_joint_product,30,0.9955788259153012,0.3008013300134295,0.9677301805885771,0.9997337694753349,0.12966655797361756,full_train_case_macro
decoder_stage_1_low_to_high,__all__,background,pairwise_world_stability,30,0.9970784817243997,0.5055402463774947,0.9651053192825142,0.9996363390190611,0.10105302715307117,full_train_case_macro
decoder_stage_1_low_to_high,__all__,foreground,pairwise_world_stability,30,0.8826768252856264,0.23768532397560377,0.8344941078247262,0.95446643126412,0.2638200077711152,full_train_case_macro
decoder_stage_1_low_to_high,__all__,overall,pairwise_world_stability,30,0.9955788259153012,0.49999992973147395,0.9588640099752994,0.9995808997225969,0.1286360709236831,full_train_case_macro
final_decoder_feature,__all__,background,blur_joint_product,30,0.9970784817243997,0.3047320260034398,0.9842834724465802,0.9998859412138221,0.10329868654175539,full_train_case_macro
final_decoder_feature,__all__,foreground,blur_joint_product,30,0.8826768252856264,0.07541955809044727,0.8196886885636733,0.947230670820349,0.23784895253190425,full_train_case_macro
final_decoder_feature,__all__,overall,blur_joint_product,30,0.9955788259153012,0.2987587134554095,0.9729949040295394,0.9998121014190907,0.12928454583067933,full_train_case_macro
final_decoder_feature,__all__,background,blur_world_stability,30,0.9970784817243997,0.5067028786624168,0.9720162297292025,0.9997035233815971,0.1013926865993273,full_train_case_macro
final_decoder_feature,__all__,foreground,blur_world_stability,30,0.8826768252856264,0.18404228994412333,0.7586557283649641,0.9398122746821536,0.1856789514681276,full_train_case_macro
final_decoder_feature,__all__,overall,blur_world_stability,30,0.9955788259153012,0.49999992991133835,0.9634271141200209,0.9996425513849023,0.12776740579085383,full_train_case_macro
final_decoder_feature,__all__,background,confidence_rank,30,0.9970784817243997,0.5080869736504936,0.9748342005092925,0.9997592937106445,0.10737056434966151,full_train_case_macro
final_decoder_feature,__all__,foreground,confidence_rank,30,0.8826768252856264,0.19304488524119703,0.8453570285385216,0.9500804562042157,0.26453705505891867,full_train_case_macro
final_decoder_feature,__all__,overall,confidence_rank,30,0.9955788259153012,0.5000000689422618,0.9618254037300777,0.9996734780192518,0.1341815998368422,full_train_case_macro
final_decoder_feature,__all__,background,gamma_joint_product,30,0.9970784817243997,0.3004702493101122,0.9714740063817275,0.9997531440756579,0.10457703179800772,full_train_case_macro
final_decoder_feature,__all__,foreground,gamma_joint_product,30,0.8826768252856264,0.13654869640117112,0.8679751689694262,0.9583096843436729,0.290785327713569,full_train_case_macro
final_decoder_feature,__all__,overall,gamma_joint_product,30,0.9955788259153012,0.29608903210910215,0.960456139831104,0.9996726806480168,0.13173670963403927,full_train_case_macro
final_decoder_feature,__all__,background,gamma_world_stability,30,0.9970784817243997,0.5014758812195449,0.9273613144571188,0.999254213293426,0.09843724291684411,full_train_case_macro
final_decoder_feature,__all__,foreground,gamma_world_stability,30,0.8826768252856264,0.38292079455035993,0.8626268600720322,0.9600277752211159,0.3095488229860945,full_train_case_macro
final_decoder_feature,__all__,overall,gamma_world_stability,30,0.9955788259153012,0.49999993186943215,0.9308737911260689,0.999234418205979,0.12836918889893387,full_train_case_macro
final_decoder_feature,__all__,background,pairwise_joint_product,30,0.9970784817243997,0.30789863896639597,0.9855588076331462,0.999895548789495,0.10329408965672708,full_train_case_macro
final_decoder_feature,__all__,foreground,pairwise_joint_product,30,0.8826768252856264,0.07291619558652775,0.8256758268301031,0.9482646024815445,0.24440473853741765,full_train_case_macro
final_decoder_feature,__all__,overall,pairwise_joint_product,30,0.9955788259153012,0.30172905240779807,0.9741037111425662,0.9998230220259657,0.12928248943379342,full_train_case_macro
final_decoder_feature,__all__,background,pairwise_world_stability,30,0.9970784817243997,0.5073834668716616,0.9804474796545065,0.999800279698955,0.1026786698270225,full_train_case_macro
final_decoder_feature,__all__,foreground,pairwise_world_stability,30,0.8826768252856264,0.16341576911166605,0.7778829162195413,0.9433679881774999,0.20509487547103528,full_train_case_macro
final_decoder_feature,__all__,overall,pairwise_world_stability,30,0.9955788259153012,0.4999999287768644,0.9695576600980392,0.9997368852658405,0.12875028083979242,full_train_case_macro
final_decoder_stage_input,__all__,background,blur_joint_product,30,0.9970784817243997,0.3047320260034398,0.9842834724465802,0.9998859412138221,0.10329868654175539,full_train_case_macro
final_decoder_stage_input,__all__,foreground,blur_joint_product,30,0.8826768252856264,0.07541955809044727,0.8196886885636733,0.947230670820349,0.23784895253190425,full_train_case_macro
final_decoder_stage_input,__all__,overall,blur_joint_product,30,0.9955788259153012,0.2987587134554095,0.9729949040295394,0.9998121014190907,0.12928454583067933,full_train_case_macro
final_decoder_stage_input,__all__,background,blur_world_stability,30,0.9970784817243997,0.5067028786624168,0.9720162297292025,0.9997035233815971,0.1013926865993273,full_train_case_macro
final_decoder_stage_input,__all__,foreground,blur_world_stability,30,0.8826768252856264,0.18404228994412333,0.7586557283649641,0.9398122746821536,0.1856789514681276,full_train_case_macro
final_decoder_stage_input,__all__,overall,blur_world_stability,30,0.9955788259153012,0.49999992991133835,0.9634271141200209,0.9996425513849023,0.12776740579085383,full_train_case_macro
final_decoder_stage_input,__all__,background,confidence_rank,30,0.9970784817243997,0.5080869736504936,0.9748342005092925,0.9997592937106445,0.10737056434966151,full_train_case_macro
final_decoder_stage_input,__all__,foreground,confidence_rank,30,0.8826768252856264,0.19304488524119703,0.8453570285385216,0.9500804562042157,0.26453705505891867,full_train_case_macro
final_decoder_stage_input,__all__,overall,confidence_rank,30,0.9955788259153012,0.5000000689422618,0.9618254037300777,0.9996734780192518,0.1341815998368422,full_train_case_macro
final_decoder_stage_input,__all__,background,gamma_joint_product,30,0.9970784817243997,0.3004702493101122,0.9714740063817275,0.9997531440756579,0.10457703179800772,full_train_case_macro
final_decoder_stage_input,__all__,foreground,gamma_joint_product,30,0.8826768252856264,0.13654869640117112,0.8679751689694262,0.9583096843436729,0.290785327713569,full_train_case_macro
final_decoder_stage_input,__all__,overall,gamma_joint_product,30,0.9955788259153012,0.29608903210910215,0.960456139831104,0.9996726806480168,0.13173670963403927,full_train_case_macro
final_decoder_stage_input,__all__,background,gamma_world_stability,30,0.9970784817243997,0.5014758812195449,0.9273613144571188,0.999254213293426,0.09843724291684411,full_train_case_macro
final_decoder_stage_input,__all__,foreground,gamma_world_stability,30,0.8826768252856264,0.38292079455035993,0.8626268600720322,0.9600277752211159,0.3095488229860945,full_train_case_macro
final_decoder_stage_input,__all__,overall,gamma_world_stability,30,0.9955788259153012,0.49999993186943215,0.9308737911260689,0.999234418205979,0.12836918889893387,full_train_case_macro
final_decoder_stage_input,__all__,background,pairwise_joint_product,30,0.9970784817243997,0.30789863896639597,0.9855588076331462,0.999895548789495,0.10329408965672708,full_train_case_macro
final_decoder_stage_input,__all__,foreground,pairwise_joint_product,30,0.8826768252856264,0.07291619558652775,0.8256758268301031,0.9482646024815445,0.24440473853741765,full_train_case_macro
final_decoder_stage_input,__all__,overall,pairwise_joint_product,30,0.9955788259153012,0.30172905240779807,0.9741037111425662,0.9998230220259657,0.12928248943379342,full_train_case_macro
final_decoder_stage_input,__all__,background,pairwise_world_stability,30,0.9970784817243997,0.5073834668716616,0.9804474796545065,0.999800279698955,0.1026786698270225,full_train_case_macro
final_decoder_stage_input,__all__,foreground,pairwise_world_stability,30,0.8826768252856264,0.16341576911166605,0.7778829162195413,0.9433679881774999,0.20509487547103528,full_train_case_macro
final_decoder_stage_input,__all__,overall,pairwise_world_stability,30,0.9955788259153012,0.4999999287768644,0.9695576600980392,0.9997368852658405,0.12875028083979242,full_train_case_macro
full_voxtell_reference,__all__,background,blur_joint_product,30,0.9970784817243997,0.30371719866565716,0.9862188457376245,0.9998875575195221,0.09629669565665898,full_train_case_macro
full_voxtell_reference,__all__,foreground,blur_joint_product,30,0.8826768252856264,0.0738727652740409,0.8182081492840753,0.9463329469337564,0.236011421647622,full_train_case_macro
full_voxtell_reference,__all__,overall,blur_joint_product,30,0.9955788259153012,0.29777931321182116,0.9748251652378901,0.9998146187733148,0.1195747617185965,full_train_case_macro
full_voxtell_reference,__all__,background,blur_world_stability,30,0.9970784817243997,0.5068027899044899,0.9741598983442717,0.9996850483797873,0.09418856032816965,full_train_case_macro
full_voxtell_reference,__all__,foreground,blur_world_stability,30,0.8826768252856264,0.1789562507329067,0.753961702019453,0.9372909551345395,0.18044997120292275,full_train_case_macro
full_voxtell_reference,__all__,overall,blur_world_stability,30,0.9955788259153012,0.49999992977135704,0.9652186329553895,0.9996287001079093,0.11770074372384264,full_train_case_macro
full_voxtell_reference,__all__,background,confidence_rank,30,0.9970784817243997,0.5080869736504936,0.9748342005092925,0.9997592937106445,0.10737056434966151,full_train_case_macro
full_voxtell_reference,__all__,foreground,confidence_rank,30,0.8826768252856264,0.19304488524119703,0.8453570285385216,0.9500804562042157,0.26453705505891867,full_train_case_macro
full_voxtell_reference,__all__,overall,confidence_rank,30,0.9955788259153012,0.5000000689422618,0.9618254037300777,0.9996734780192518,0.1341815998368422,full_train_case_macro
full_voxtell_reference,__all__,background,gamma_joint_product,30,0.9970784817243997,0.3015532671919775,0.9717271767337372,0.9997560051637405,0.10072586838804677,full_train_case_macro
full_voxtell_reference,__all__,foreground,gamma_joint_product,30,0.8826768252856264,0.1375891392869833,0.8684309613525847,0.958561111030437,0.2916644691644389,full_train_case_macro
full_voxtell_reference,__all__,overall,gamma_joint_product,30,0.9955788259153012,0.2971490909389895,0.9608526408403716,0.999676141540364,0.1277545727579166,full_train_case_macro
full_voxtell_reference,__all__,background,gamma_world_stability,30,0.9970784817243997,0.501566595857941,0.9265621192818565,0.9992344759084129,0.09378463836641805,full_train_case_macro
full_voxtell_reference,__all__,foreground,gamma_world_stability,30,0.8826768252856264,0.38086162018374486,0.8637625701257025,0.9608895968553224,0.31113759722260365,full_train_case_macro
full_voxtell_reference,__all__,overall,gamma_world_stability,30,0.9955788259153012,0.4999999326925065,0.9304463204282368,0.9992167711577469,0.12348091267927762,full_train_case_macro
full_voxtell_reference,__all__,background,pairwise_joint_product,30,0.9970784817243997,0.3072989207813476,0.9874302447808668,0.9998983019399537,0.09635923919437779,full_train_case_macro
full_voxtell_reference,__all__,foreground,pairwise_joint_product,30,0.8826768252856264,0.0713557842216987,0.8251163411558161,0.947807966258736,0.2437341079903166,full_train_case_macro
full_voxtell_reference,__all__,overall,pairwise_joint_product,30,0.9955788259153012,0.3011465977158382,0.9759502981954371,0.9998270211530286,0.1196143240410889,full_train_case_macro
full_voxtell_reference,__all__,background,pairwise_world_stability,30,0.9970784817243997,0.507475533338105,0.9823775231821298,0.9997949875988587,0.0954556052859994,full_train_case_macro
full_voxtell_reference,__all__,foreground,pairwise_world_stability,30,0.8826768252856264,0.1585137575334816,0.7753069781464934,0.9418249894930637,0.20239530200242484,full_train_case_macro
full_voxtell_reference,__all__,overall,pairwise_world_stability,30,0.9955788259153012,0.4999999298516403,0.9713786898806024,0.9997344668239152,0.11872401823868772,full_train_case_macro
penultimate_decoder_stage_output,__all__,background,blur_joint_product,30,0.9970784817243997,0.30462144425572557,0.982649444236577,0.999865510255654,0.10306126941357234,full_train_case_macro
penultimate_decoder_stage_output,__all__,foreground,blur_joint_product,30,0.8826768252856264,0.0867892006440956,0.8203623264605879,0.9476132184317948,0.23880513144759916,full_train_case_macro
penultimate_decoder_stage_output,__all__,overall,blur_joint_product,30,0.9955788259153012,0.29894667344022074,0.971900604910091,0.9997926496547092,0.12915373501038563,full_train_case_macro
penultimate_decoder_stage_output,__all__,background,blur_world_stability,30,0.9970784817243997,0.506265338918383,0.9689522716022043,0.9996713905939624,0.10089273203296016,full_train_case_macro
penultimate_decoder_stage_output,__all__,foreground,blur_world_stability,30,0.8826768252856264,0.20059975026020435,0.7622185154579282,0.9410864866691099,0.18967040612568112,full_train_case_macro
penultimate_decoder_stage_output,__all__,overall,blur_world_stability,30,0.9955788259153012,0.49999993017654965,0.9615922535914976,0.9996128915003814,0.1274762436510023,full_train_case_macro
penultimate_decoder_stage_output,__all__,background,confidence_rank,30,0.9970784817243997,0.5080869736504936,0.9748342005092925,0.9997592937106445,0.10737056434966151,full_train_case_macro
penultimate_decoder_stage_output,__all__,foreground,confidence_rank,30,0.8826768252856264,0.19304488524119703,0.8453570285385216,0.9500804562042157,0.26453705505891867,full_train_case_macro
penultimate_decoder_stage_output,__all__,overall,confidence_rank,30,0.9955788259153012,0.5000000689422618,0.9618254037300777,0.9996734780192518,0.1341815998368422,full_train_case_macro
penultimate_decoder_stage_output,__all__,background,gamma_joint_product,30,0.9970784817243997,0.30047614767499936,0.971183907672191,0.999750137945494,0.10470248558980687,full_train_case_macro
penultimate_decoder_stage_output,__all__,foreground,gamma_joint_product,30,0.8826768252856264,0.1343425223762437,0.8668896686566169,0.9583825206781479,0.28982578338004195,full_train_case_macro
penultimate_decoder_stage_output,__all__,overall,gamma_joint_product,30,0.9955788259153012,0.2960445118530852,0.9602551620709995,0.9996697059274536,0.1318716859227078,full_train_case_macro
penultimate_decoder_stage_output,__all__,background,gamma_world_stability,30,0.9970784817243997,0.5014389947018615,0.9258709218717208,0.9992526007326624,0.09842259088898239,full_train_case_macro
penultimate_decoder_stage_output,__all__,foreground,gamma_world_stability,30,0.8826768252856264,0.38216493736459356,0.8596709659413999,0.9599643062358728,0.3066163858034096,full_train_case_macro
penultimate_decoder_stage_output,__all__,overall,gamma_world_stability,30,0.9955788259153012,0.49999993068367365,0.9299099678989428,0.999229886246804,0.12841798937510646,full_train_case_macro
penultimate_decoder_stage_output,__all__,background,pairwise_joint_product,30,0.9970784817243997,0.3078470133056215,0.9841619400739406,0.9998764882618847,0.10315578152753198,full_train_case_macro
penultimate_decoder_stage_output,__all__,foreground,pairwise_joint_product,30,0.8826768252856264,0.08305072739811288,0.8258104663654724,0.9485801506534168,0.2448560222085913,full_train_case_macro
penultimate_decoder_stage_output,__all__,overall,pairwise_joint_product,30,0.9955788259153012,0.3019413879895383,0.9731473481334003,0.9998048779945,0.12923917002249474,full_train_case_macro
penultimate_decoder_stage_output,__all__,background,pairwise_world_stability,30,0.9970784817243997,0.5069727074467623,0.978050378152663,0.9997740401432587,0.10234591629970567,full_train_case_macro
penultimate_decoder_stage_output,__all__,foreground,pairwise_world_stability,30,0.8826768252856264,0.17840572366615895,0.7792642463907721,0.9442653368302348,0.20691166100352276,full_train_case_macro
penultimate_decoder_stage_output,__all__,overall,pairwise_world_stability,30,0.9955788259153012,0.4999999295676692,0.9680387469450735,0.9997119540291275,0.12857524468685091,full_train_case_macro
