case,patch_index,patch_kind,candidate_state,action,state_shape,context_mode,skip_context,mask_embedding_context,probability_mse,logits_mse,mean_absolute_probability_error,predicted_mask_dice_vs_real,predicted_mask_iou_vs_real
HEM_PA99.nii.gz,0,context,decoder_stage_1_low_to_high,gamma,1x288x24x24x24,hybrid_candidate_action_state_source_tail_context,source_side_downstream_skip,source_side_mask_embedding,2.7513538020544164e-30,0.2573360502719879,5.0907199599408134e-17,1.0,0.0
HEM_PA99.nii.gz,0,context,penultimate_decoder_stage_output,gamma,1x96x96x96x96,hybrid_candidate_action_state_source_tail_context,source_side_downstream_skip,source_side_mask_embedding,7.008504676805963e-31,0.14144882559776306,4.8721176307389745e-17,1.0,0.0
HEM_PA99.nii.gz,0,context,final_decoder_stage_input,gamma,1x64x192x192x192,hybrid_candidate_action_state_source_tail_context,source_side_downstream_skip,source_side_mask_embedding,4.840944909680649e-30,0.13107092678546906,6.300617520459671e-17,1.0,0.0
HEM_PA99.nii.gz,0,context,final_decoder_feature,gamma,1x32x192x192x192,hybrid_candidate_action_state_source_tail_context,source_side_downstream_skip,source_side_mask_embedding,4.840944909680649e-30,0.13107092678546906,6.300617520459671e-17,1.0,0.0
HEM_PA99.nii.gz,0,context,decoder_stage_1_low_to_high,blur,1x288x24x24x24,hybrid_candidate_action_state_source_tail_context,source_side_downstream_skip,source_side_mask_embedding,1.06581781642616e-28,22.494468688964844,1.9233561251435637e-16,1.0,0.0
HEM_PA99.nii.gz,0,context,penultimate_decoder_stage_output,blur,1x96x96x96x96,hybrid_candidate_action_state_source_tail_context,source_side_downstream_skip,source_side_mask_embedding,1.657583384480957e-28,18.532896041870117,6.396654645414955e-16,1.0,0.0
HEM_PA99.nii.gz,0,context,final_decoder_stage_input,blur,1x64x192x192x192,hybrid_candidate_action_state_source_tail_context,source_side_downstream_skip,source_side_mask_embedding,8.037062741589024e-29,18.261245727539062,6.422434622560232e-16,1.0,0.0
HEM_PA99.nii.gz,0,context,final_decoder_feature,blur,1x32x192x192x192,hybrid_candidate_action_state_source_tail_context,source_side_downstream_skip,source_side_mask_embedding,8.037062741589024e-29,18.261245727539062,6.422434622560232e-16,1.0,0.0
HEM_PA99.nii.gz,1,context,decoder_stage_1_low_to_high,gamma,1x288x24x24x24,hybrid_candidate_action_state_source_tail_context,source_side_downstream_skip,source_side_mask_embedding,0.00016517945914529264,0.2837357819080353,0.0010021395282819867,0.9888551719421816,0.9779560202484048
HEM_PA99.nii.gz,1,context,penultimate_decoder_stage_output,gamma,1x96x96x96x96,hybrid_candidate_action_state_source_tail_context,source_side_downstream_skip,source_side_mask_embedding,6.309545369731495e-06,0.21280115842819214,0.0002370244765188545,0.998180649033309,0.9963679061201295
HEM_PA99.nii.gz,1,context,final_decoder_stage_input,gamma,1x64x192x192x192,hybrid_candidate_action_state_source_tail_context,source_side_downstream_skip,source_side_mask_embedding,1.1126132903882535e-06,0.21018043160438538,0.00011389052087906748,0.9991663885108824,0.9983341656803925
HEM_PA99.nii.gz,1,context,final_decoder_feature,gamma,1x32x192x192x192,hybrid_candidate_action_state_source_tail_context,source_side_downstream_skip,source_side_mask_embedding,1.1126132903882535e-06,0.21018043160438538,0.00011389052087906748,0.9991663885108824,0.9983341656803925
HEM_PA99.nii.gz,1,context,decoder_stage_1_low_to_high,blur,1x288x24x24x24,hybrid_candidate_action_state_source_tail_context,source_side_downstream_skip,source_side_mask_embedding,0.001653096522204578,2.1693150997161865,0.0036823200061917305,0.9558106515919965,0.91536142659303
HEM_PA99.nii.gz,1,context,penultimate_decoder_stage_output,blur,1x96x96x96x96,hybrid_candidate_action_state_source_tail_context,source_side_downstream_skip,source_side_mask_embedding,0.00022946260287426412,1.6494615077972412,0.0013143245596438646,0.9839823555359506,0.9684697513840939
HEM_PA99.nii.gz,1,context,final_decoder_stage_input,blur,1x64x192x192x192,hybrid_candidate_action_state_source_tail_context,source_side_downstream_skip,source_side_mask_embedding,1.45157227962045e-05,1.5838910341262817,0.0003939170273952186,0.9962370098851605,0.992502233790451
HEM_PA99.nii.gz,1,context,final_decoder_feature,blur,1x32x192x192x192,hybrid_candidate_action_state_source_tail_context,source_side_downstream_skip,source_side_mask_embedding,1.45157227962045e-05,1.5838910341262817,0.0003939170273952186,0.9962370098851605,0.992502233790451
HEM_PA99.nii.gz,2,foreground,decoder_stage_1_low_to_high,gamma,1x288x24x24x24,hybrid_candidate_action_state_source_tail_context,source_side_downstream_skip,source_side_mask_embedding,0.00023580572451464832,0.34321966767311096,0.0015064027393236756,0.9865958410687796,0.9735462721105131
HEM_PA99.nii.gz,2,foreground,penultimate_decoder_stage_output,gamma,1x96x96x96x96,hybrid_candidate_action_state_source_tail_context,source_side_downstream_skip,source_side_mask_embedding,1.5613146388204768e-05,0.2582132816314697,0.00045548047637566924,0.9968741611314595,0.993767803106206
HEM_PA99.nii.gz,2,foreground,final_decoder_stage_input,gamma,1x64x192x192x192,hybrid_candidate_action_state_source_tail_context,source_side_downstream_skip,source_side_mask_embedding,9.010320354718715e-06,0.2529728412628174,0.00033583460026420653,0.9981156689375271,0.9962384259259259
HEM_PA99.nii.gz,2,foreground,final_decoder_feature,gamma,1x32x192x192x192,hybrid_candidate_action_state_source_tail_context,source_side_downstream_skip,source_side_mask_embedding,9.010320354718715e-06,0.2529728412628174,0.00033583460026420653,0.9981156689375271,0.9962384259259259
HEM_PA99.nii.gz,2,foreground,decoder_stage_1_low_to_high,blur,1x288x24x24x24,hybrid_candidate_action_state_source_tail_context,source_side_downstream_skip,source_side_mask_embedding,0.0032654900569468737,0.8842424750328064,0.0064195808954536915,0.9438336890323918,0.8936411616535065
HEM_PA99.nii.gz,2,foreground,penultimate_decoder_stage_output,blur,1x96x96x96x96,hybrid_candidate_action_state_source_tail_context,source_side_downstream_skip,source_side_mask_embedding,0.00025614985497668386,0.3130880296230316,0.0015518821310251951,0.986359573558558,0.9730862619808307
HEM_PA99.nii.gz,2,foreground,final_decoder_stage_input,blur,1x64x192x192x192,hybrid_candidate_action_state_source_tail_context,source_side_downstream_skip,source_side_mask_embedding,6.518693226098549e-06,0.2899445593357086,0.0003128137032035738,0.9980134803254158,0.9960348375241028
HEM_PA99.nii.gz,2,foreground,final_decoder_feature,blur,1x32x192x192x192,hybrid_candidate_action_state_source_tail_context,source_side_downstream_skip,source_side_mask_embedding,6.518693226098549e-06,0.2899445593357086,0.0003128137032035738,0.9980134803254158,0.9960348375241028
HEM_PA99.nii.gz,3,foreground,decoder_stage_1_low_to_high,gamma,1x288x24x24x24,hybrid_candidate_action_state_source_tail_context,source_side_downstream_skip,source_side_mask_embedding,0.00030966525082476437,0.32661309838294983,0.0016141540836542845,0.9859594007737394,0.972307619168357
HEM_PA99.nii.gz,3,foreground,penultimate_decoder_stage_output,gamma,1x96x96x96x96,hybrid_candidate_action_state_source_tail_context,source_side_downstream_skip,source_side_mask_embedding,2.559614040364977e-05,0.19921427965164185,0.00046121564810164273,0.9970046309186112,0.994027152719295
HEM_PA99.nii.gz,3,foreground,final_decoder_stage_input,gamma,1x64x192x192x192,hybrid_candidate_action_state_source_tail_context,source_side_downstream_skip,source_side_mask_embedding,2.5189412554027513e-05,0.20036333799362183,0.00046236792695708573,0.9969111408616546,0.9938413050644411
HEM_PA99.nii.gz,3,foreground,final_decoder_feature,gamma,1x32x192x192x192,hybrid_candidate_action_state_source_tail_context,source_side_downstream_skip,source_side_mask_embedding,2.5189412554027513e-05,0.20036333799362183,0.00046236792695708573,0.9969111408616546,0.9938413050644411
HEM_PA99.nii.gz,3,foreground,decoder_stage_1_low_to_high,blur,1x288x24x24x24,hybrid_candidate_action_state_source_tail_context,source_side_downstream_skip,source_side_mask_embedding,0.002718284958973527,0.6508117914199829,0.005289805121719837,0.9517917718536358,0.9080178406315034
HEM_PA99.nii.gz,3,foreground,penultimate_decoder_stage_output,blur,1x96x96x96x96,hybrid_candidate_action_state_source_tail_context,source_side_downstream_skip,source_side_mask_embedding,0.00014149352500680834,0.12037652730941772,0.0010871969861909747,0.9911166848857562,0.9823898066681025
HEM_PA99.nii.gz,3,foreground,final_decoder_stage_input,blur,1x64x192x192x192,hybrid_candidate_action_state_source_tail_context,source_side_downstream_skip,source_side_mask_embedding,8.380889994441532e-06,0.09931167215108871,0.00033658748725429177,0.997704549679526,0.9954196134089205
HEM_PA99.nii.gz,3,foreground,final_decoder_feature,blur,1x32x192x192x192,hybrid_candidate_action_state_source_tail_context,source_side_downstream_skip,source_side_mask_embedding,8.380889994441532e-06,0.09931167215108871,0.00033658748725429177,0.997704549679526,0.9954196134089205
HCC_10140276_20170721.nii.gz,0,context,decoder_stage_1_low_to_high,gamma,1x288x24x24x24,hybrid_candidate_action_state_source_tail_context,source_side_downstream_skip,source_side_mask_embedding,7.487525726901367e-05,0.10866302996873856,0.0002264037320856005,0.9739576010373218,0.9492371874904839
HCC_10140276_20170721.nii.gz,0,context,penultimate_decoder_stage_output,gamma,1x96x96x96x96,hybrid_candidate_action_state_source_tail_context,source_side_downstream_skip,source_side_mask_embedding,3.6500698570307577e-06,0.034289028495550156,4.8884212446864694e-05,0.9945845294437117,0.9892273975985431
HCC_10140276_20170721.nii.gz,0,context,final_decoder_stage_input,gamma,1x64x192x192x192,hybrid_candidate_action_state_source_tail_context,source_side_downstream_skip,source_side_mask_embedding,5.896679766692614e-08,0.0234270840883255,7.258874575200025e-06,0.9991018891297615,0.9982053900182555
HCC_10140276_20170721.nii.gz,0,context,final_decoder_feature,gamma,1x32x192x192x192,hybrid_candidate_action_state_source_tail_context,source_side_downstream_skip,source_side_mask_embedding,5.896679766692614e-08,0.0234270840883255,7.258874575200025e-06,0.9991018891297615,0.9982053900182555
HCC_10140276_20170721.nii.gz,0,context,decoder_stage_1_low_to_high,blur,1x288x24x24x24,hybrid_candidate_action_state_source_tail_context,source_side_downstream_skip,source_side_mask_embedding,0.000999702955596149,6.77873420715332,0.001383103197440505,0.8672105781403854,0.7655532099838569
HCC_10140276_20170721.nii.gz,0,context,penultimate_decoder_stage_output,blur,1x96x96x96x96,hybrid_candidate_action_state_source_tail_context,source_side_downstream_skip,source_side_mask_embedding,8.568431076128036e-05,5.884589672088623,0.00029279934824444354,0.9744266985817066,0.9501287691812427
HCC_10140276_20170721.nii.gz,0,context,final_decoder_stage_input,blur,1x64x192x192x192,hybrid_candidate_action_state_source_tail_context,source_side_downstream_skip,source_side_mask_embedding,1.7537771554998471e-06,5.761297225952148,5.3258663683664054e-05,0.9967826122978777,0.9935858613665144
HCC_10140276_20170721.nii.gz,0,context,final_decoder_feature,blur,1x32x192x192x192,hybrid_candidate_action_state_source_tail_context,source_side_downstream_skip,source_side_mask_embedding,1.7537771554998471e-06,5.761297225952148,5.3258663683664054e-05,0.9967826122978777,0.9935858613665144
HCC_10140276_20170721.nii.gz,1,context,decoder_stage_1_low_to_high,gamma,1x288x24x24x24,hybrid_candidate_action_state_source_tail_context,source_side_downstream_skip,source_side_mask_embedding,0.00011525650916155428,0.1218833476305008,0.0004824976495001465,0.9843890539719615,0.9692580193447276
HCC_10140276_20170721.nii.gz,1,context,penultimate_decoder_stage_output,gamma,1x96x96x96x96,hybrid_candidate_action_state_source_tail_context,source_side_downstream_skip,source_side_mask_embedding,6.610260243178345e-06,0.07357567548751831,0.00013979115465190262,0.996537762978659,0.9930994174098305
HCC_10140276_20170721.nii.gz,1,context,final_decoder_stage_input,gamma,1x64x192x192x192,hybrid_candidate_action_state_source_tail_context,source_side_downstream_skip,source_side_mask_embedding,2.596138699573203e-07,0.06978447735309601,2.5949335395125672e-05,0.9995517789656946,0.999103959555564
HCC_10140276_20170721.nii.gz,1,context,final_decoder_feature,gamma,1x32x192x192x192,hybrid_candidate_action_state_source_tail_context,source_side_downstream_skip,source_side_mask_embedding,2.596138699573203e-07,0.06978447735309601,2.5949335395125672e-05,0.9995517789656946,0.999103959555564
HCC_10140276_20170721.nii.gz,1,context,decoder_stage_1_low_to_high,blur,1x288x24x24x24,hybrid_candidate_action_state_source_tail_context,source_side_downstream_skip,source_side_mask_embedding,0.0025263705756515265,0.5948881506919861,0.003875118214637041,0.8491854852611619,0.7378995262793266
HCC_10140276_20170721.nii.gz,1,context,penultimate_decoder_stage_output,blur,1x96x96x96x96,hybrid_candidate_action_state_source_tail_context,source_side_downstream_skip,source_side_mask_embedding,0.0001855578739196062,0.12775889039039612,0.000867400027345866,0.9675318289882402,0.937105720208415
HCC_10140276_20170721.nii.gz,1,context,final_decoder_stage_input,blur,1x64x192x192x192,hybrid_candidate_action_state_source_tail_context,source_side_downstream_skip,source_side_mask_embedding,5.597512881649891e-06,0.055205073207616806,0.00017505118739791214,0.9937611459637904,0.98759965586464
HCC_10140276_20170721.nii.gz,1,context,final_decoder_feature,blur,1x32x192x192x192,hybrid_candidate_action_state_source_tail_context,source_side_downstream_skip,source_side_mask_embedding,5.597512881649891e-06,0.055205073207616806,0.00017505118739791214,0.9937611459637904,0.98759965586464
HCC_10140276_20170721.nii.gz,2,foreground,decoder_stage_1_low_to_high,gamma,1x288x24x24x24,hybrid_candidate_action_state_source_tail_context,source_side_downstream_skip,source_side_mask_embedding,0.00025387221830897033,0.07794468849897385,0.0012446315959095955,0.9739617369358001,0.9492450447482568
HCC_10140276_20170721.nii.gz,2,foreground,penultimate_decoder_stage_output,gamma,1x96x96x96x96,hybrid_candidate_action_state_source_tail_context,source_side_downstream_skip,source_side_mask_embedding,1.4307411220215727e-05,0.008143757469952106,0.0003109759127255529,0.9940664804501055,0.9882029588743609
HCC_10140276_20170721.nii.gz,2,foreground,final_decoder_stage_input,gamma,1x64x192x192x192,hybrid_candidate_action_state_source_tail_context,source_side_downstream_skip,source_side_mask_embedding,1.4920509272542404e-07,0.0009873876115307212,2.6746183721115813e-05,0.9994212831627443,0.9988432357644283
HCC_10140276_20170721.nii.gz,2,foreground,final_decoder_feature,gamma,1x32x192x192x192,hybrid_candidate_action_state_source_tail_context,source_side_downstream_skip,source_side_mask_embedding,1.4920509272542404e-07,0.0009873876115307212,2.6746183721115813e-05,0.9994212831627443,0.9988432357644283
HCC_10140276_20170721.nii.gz,2,foreground,decoder_stage_1_low_to_high,blur,1x288x24x24x24,hybrid_candidate_action_state_source_tail_context,source_side_downstream_skip,source_side_mask_embedding,0.0056564658880233765,1.4530144929885864,0.008984306827187538,0.7804057856341381,0.6398897079385676
HCC_10140276_20170721.nii.gz,2,foreground,penultimate_decoder_stage_output,blur,1x96x96x96x96,hybrid_candidate_action_state_source_tail_context,source_side_downstream_skip,source_side_mask_embedding,0.00030182101181708276,0.5608286261558533,0.0017653562827035785,0.9560488544174022,0.9157984628522631
HCC_10140276_20170721.nii.gz,2,foreground,final_decoder_stage_input,blur,1x64x192x192x192,hybrid_candidate_action_state_source_tail_context,source_side_downstream_skip,source_side_mask_embedding,5.32341655343771e-05,0.5151844620704651,0.0008323500514961779,0.9796988365189634,0.9602055467392125
HCC_10140276_20170721.nii.gz,2,foreground,final_decoder_feature,blur,1x32x192x192x192,hybrid_candidate_action_state_source_tail_context,source_side_downstream_skip,source_side_mask_embedding,5.32341655343771e-05,0.5151844620704651,0.0008323500514961779,0.9796988365189634,0.9602055467392125
HCC_10140276_20170721.nii.gz,3,foreground,decoder_stage_1_low_to_high,gamma,1x288x24x24x24,hybrid_candidate_action_state_source_tail_context,source_side_downstream_skip,source_side_mask_embedding,0.00020907811995130032,0.08209007978439331,0.0010481266072019935,0.97688283246137,0.9548103222737543
HCC_10140276_20170721.nii.gz,3,foreground,penultimate_decoder_stage_output,gamma,1x96x96x96x96,hybrid_candidate_action_state_source_tail_context,source_side_downstream_skip,source_side_mask_embedding,1.8719039871939458e-05,0.015842247754335403,0.00034244320704601705,0.9933964751194357,0.986879591184925
HCC_10140276_20170721.nii.gz,3,foreground,final_decoder_stage_input,gamma,1x64x192x192x192,hybrid_candidate_action_state_source_tail_context,source_side_downstream_skip,source_side_mask_embedding,2.1359751372074243e-06,0.007417415268719196,0.0001105094124795869,0.9978033959178438,0.9956164208236009
HCC_10140276_20170721.nii.gz,3,foreground,final_decoder_feature,gamma,1x32x192x192x192,hybrid_candidate_action_state_source_tail_context,source_side_downstream_skip,source_side_mask_embedding,2.1359751372074243e-06,0.007417415268719196,0.0001105094124795869,0.9978033959178438,0.9956164208236009
HCC_10140276_20170721.nii.gz,3,foreground,decoder_stage_1_low_to_high,blur,1x288x24x24x24,hybrid_candidate_action_state_source_tail_context,source_side_downstream_skip,source_side_mask_embedding,0.004430240951478481,2.4009053707122803,0.007585272192955017,0.7873465457754955,0.6492758034314147
HCC_10140276_20170721.nii.gz,3,foreground,penultimate_decoder_stage_output,blur,1x96x96x96x96,hybrid_candidate_action_state_source_tail_context,source_side_downstream_skip,source_side_mask_embedding,0.00021510299120564014,1.5100702047348022,0.0014506634324789047,0.9617410602678081,0.9263017379035324
HCC_10140276_20170721.nii.gz,3,foreground,final_decoder_stage_input,blur,1x64x192x192x192,hybrid_candidate_action_state_source_tail_context,source_side_downstream_skip,source_side_mask_embedding,1.3780507288174704e-05,1.4849004745483398,0.00043999735498800874,0.9902794918646891,0.980746141022208
HCC_10140276_20170721.nii.gz,3,foreground,final_decoder_feature,blur,1x32x192x192x192,hybrid_candidate_action_state_source_tail_context,source_side_downstream_skip,source_side_mask_embedding,1.3780507288174704e-05,1.4849004745483398,0.00043999735498800874,0.9902794918646891,0.980746141022208
HEM_PA97.nii.gz,0,context,decoder_stage_1_low_to_high,gamma,1x288x24x24x24,hybrid_candidate_action_state_source_tail_context,source_side_downstream_skip,source_side_mask_embedding,0.0006187575054354966,917.6070556640625,0.0007305667386390269,0.46646216768916154,0.30417388985198024
HEM_PA97.nii.gz,0,context,penultimate_decoder_stage_output,gamma,1x96x96x96x96,hybrid_candidate_action_state_source_tail_context,source_side_downstream_skip,source_side_mask_embedding,1.5076782801770605e-05,886.3570556640625,4.598542000167072e-05,0.9413949649195212,0.8892787524366472
HEM_PA97.nii.gz,0,context,final_decoder_stage_input,gamma,1x64x192x192x192,hybrid_candidate_action_state_source_tail_context,source_side_downstream_skip,source_side_mask_embedding,1.7301437765127048e-05,887.1262817382812,4.966176493326202e-05,0.9346445400532678,0.8773076923076923
HEM_PA97.nii.gz,0,context,final_decoder_feature,gamma,1x32x192x192x192,hybrid_candidate_action_state_source_tail_context,source_side_downstream_skip,source_side_mask_embedding,1.7301437765127048e-05,887.1262817382812,4.966176493326202e-05,0.9346445400532678,0.8773076923076923
HEM_PA97.nii.gz,0,context,decoder_stage_1_low_to_high,blur,1x288x24x24x24,hybrid_candidate_action_state_source_tail_context,source_side_downstream_skip,source_side_mask_embedding,2.081431679573295e-14,397.3036804199219,6.509643046825886e-09,1.0,0.0
HEM_PA97.nii.gz,0,context,penultimate_decoder_stage_output,blur,1x96x96x96x96,hybrid_candidate_action_state_source_tail_context,source_side_downstream_skip,source_side_mask_embedding,9.442803532510358e-18,380.1651611328125,4.46659653707826e-10,1.0,0.0
HEM_PA97.nii.gz,0,context,final_decoder_stage_input,blur,1x64x192x192x192,hybrid_candidate_action_state_source_tail_context,source_side_downstream_skip,source_side_mask_embedding,5.730956265131754e-18,379.98486328125,4.1379558113341375e-10,1.0,0.0
HEM_PA97.nii.gz,0,context,final_decoder_feature,blur,1x32x192x192x192,hybrid_candidate_action_state_source_tail_context,source_side_downstream_skip,source_side_mask_embedding,5.730956265131754e-18,379.98486328125,4.1379558113341375e-10,1.0,0.0
HEM_PA97.nii.gz,1,context,decoder_stage_1_low_to_high,gamma,1x288x24x24x24,hybrid_candidate_action_state_source_tail_context,source_side_downstream_skip,source_side_mask_embedding,0.0004045675741508603,0.1870620995759964,0.0020970378536731005,0.9754260516387006,0.9520308936205083
HEM_PA97.nii.gz,1,context,penultimate_decoder_stage_output,gamma,1x96x96x96x96,hybrid_candidate_action_state_source_tail_context,source_side_downstream_skip,source_side_mask_embedding,2.6907211577054113e-05,0.10623892396688461,0.0006541790789924562,0.993560527082145,0.9872034571553803
HEM_PA97.nii.gz,1,context,final_decoder_stage_input,gamma,1x64x192x192x192,hybrid_candidate_action_state_source_tail_context,source_side_downstream_skip,source_side_mask_embedding,7.191277290985454e-06,0.09770797193050385,0.00035450549330562353,0.9963014904031238,0.992630237941946
HEM_PA97.nii.gz,1,context,final_decoder_feature,gamma,1x32x192x192x192,hybrid_candidate_action_state_source_tail_context,source_side_downstream_skip,source_side_mask_embedding,7.191277290985454e-06,0.09770797193050385,0.00035450549330562353,0.9963014904031238,0.992630237941946
HEM_PA97.nii.gz,1,context,decoder_stage_1_low_to_high,blur,1x288x24x24x24,hybrid_candidate_action_state_source_tail_context,source_side_downstream_skip,source_side_mask_embedding,0.002395516261458397,0.7884150743484497,0.0053195166401565075,0.9397050196212016,0.8862675359318261
HEM_PA97.nii.gz,1,context,penultimate_decoder_stage_output,blur,1x96x96x96x96,hybrid_candidate_action_state_source_tail_context,source_side_downstream_skip,source_side_mask_embedding,0.0001393763377564028,0.376662015914917,0.0012579872272908688,0.987062163609209,0.9744548264938154
HEM_PA97.nii.gz,1,context,final_decoder_stage_input,blur,1x64x192x192x192,hybrid_candidate_action_state_source_tail_context,source_side_downstream_skip,source_side_mask_embedding,1.1640425327641424e-05,0.3408344089984894,0.0004443821671884507,0.9957473601271922,0.9915307369799967
HEM_PA97.nii.gz,1,context,final_decoder_feature,blur,1x32x192x192x192,hybrid_candidate_action_state_source_tail_context,source_side_downstream_skip,source_side_mask_embedding,1.1640425327641424e-05,0.3408344089984894,0.0004443821671884507,0.9957473601271922,0.9915307369799967
HEM_PA97.nii.gz,2,foreground,decoder_stage_1_low_to_high,gamma,1x288x24x24x24,hybrid_candidate_action_state_source_tail_context,source_side_downstream_skip,source_side_mask_embedding,0.0013091018190607429,2.6400864124298096,0.004822209011763334,0.9526767741035386,0.9096301414380363
HEM_PA97.nii.gz,2,foreground,penultimate_decoder_stage_output,gamma,1x96x96x96x96,hybrid_candidate_action_state_source_tail_context,source_side_downstream_skip,source_side_mask_embedding,0.00013591510651167482,2.4532253742218018,0.0018450599163770676,0.9844774286250884,0.9694293916994957
HEM_PA97.nii.gz,2,foreground,final_decoder_stage_input,gamma,1x64x192x192x192,hybrid_candidate_action_state_source_tail_context,source_side_downstream_skip,source_side_mask_embedding,7.566380372736603e-05,2.4187581539154053,0.0013478064211085439,0.9883451752529865,0.9769588905980297
HEM_PA97.nii.gz,2,foreground,final_decoder_feature,gamma,1x32x192x192x192,hybrid_candidate_action_state_source_tail_context,source_side_downstream_skip,source_side_mask_embedding,7.566380372736603e-05,2.4187581539154053,0.0013478064211085439,0.9883451752529865,0.9769588905980297
HEM_PA97.nii.gz,2,foreground,decoder_stage_1_low_to_high,blur,1x288x24x24x24,hybrid_candidate_action_state_source_tail_context,source_side_downstream_skip,source_side_mask_embedding,0.0033026309683918953,1.4801321029663086,0.007438862696290016,0.8858223417573559,0.7950458665223411
HEM_PA97.nii.gz,2,foreground,penultimate_decoder_stage_output,blur,1x96x96x96x96,hybrid_candidate_action_state_source_tail_context,source_side_downstream_skip,source_side_mask_embedding,0.00013336639676708728,0.9484791159629822,0.0014868533471599221,0.9791756586794388,0.95920093109531
HEM_PA97.nii.gz,2,foreground,final_decoder_stage_input,blur,1x64x192x192x192,hybrid_candidate_action_state_source_tail_context,source_side_downstream_skip,source_side_mask_embedding,2.5421966711292043e-05,0.924453854560852,0.0007440922781825066,0.9899765249469017,0.9801519958680734
HEM_PA97.nii.gz,2,foreground,final_decoder_feature,blur,1x32x192x192x192,hybrid_candidate_action_state_source_tail_context,source_side_downstream_skip,source_side_mask_embedding,2.5421966711292043e-05,0.924453854560852,0.0007440922781825066,0.9899765249469017,0.9801519958680734
HEM_PA97.nii.gz,3,context_fill,decoder_stage_1_low_to_high,gamma,1x288x24x24x24,hybrid_candidate_action_state_source_tail_context,source_side_downstream_skip,source_side_mask_embedding,3.5556951967514635e-28,1.7060492038726807,3.4165222158267974e-16,1.0,0.0
HEM_PA97.nii.gz,3,context_fill,penultimate_decoder_stage_output,gamma,1x96x96x96x96,hybrid_candidate_action_state_source_tail_context,source_side_downstream_skip,source_side_mask_embedding,4.121059635646114e-28,1.1924095153808594,5.214947333997456e-16,1.0,0.0
HEM_PA97.nii.gz,3,context_fill,final_decoder_stage_input,gamma,1x64x192x192x192,hybrid_candidate_action_state_source_tail_context,source_side_downstream_skip,source_side_mask_embedding,7.4027518162446335e-28,1.1726431846618652,6.54803796193502e-16,1.0,0.0
HEM_PA97.nii.gz,3,context_fill,final_decoder_feature,gamma,1x32x192x192x192,hybrid_candidate_action_state_source_tail_context,source_side_downstream_skip,source_side_mask_embedding,7.4027518162446335e-28,1.1726431846618652,6.54803796193502e-16,1.0,0.0
HEM_PA97.nii.gz,3,context_fill,decoder_stage_1_low_to_high,blur,1x288x24x24x24,hybrid_candidate_action_state_source_tail_context,source_side_downstream_skip,source_side_mask_embedding,0.004778646863996983,907.4152221679688,0.0069838399067521095,0.7837542087542088,0.6444044570558516
HEM_PA97.nii.gz,3,context_fill,penultimate_decoder_stage_output,blur,1x96x96x96x96,hybrid_candidate_action_state_source_tail_context,source_side_downstream_skip,source_side_mask_embedding,0.0011468908051028848,854.33837890625,0.0031557746697217226,0.913522770095259,0.8408117031365249
HEM_PA97.nii.gz,3,context_fill,final_decoder_stage_input,blur,1x64x192x192x192,hybrid_candidate_action_state_source_tail_context,source_side_downstream_skip,source_side_mask_embedding,0.0009519386803731322,856.0521850585938,0.002896716818213463,0.9227589012454884,0.8565945936451619
HEM_PA97.nii.gz,3,context_fill,final_decoder_feature,blur,1x32x192x192x192,hybrid_candidate_action_state_source_tail_context,source_side_downstream_skip,source_side_mask_embedding,0.0009519386803731322,856.0521850585938,0.002896716818213463,0.9227589012454884,0.8565945936451619
CYST_PA69.nii.gz,0,context,decoder_stage_1_low_to_high,gamma,1x288x24x24x24,hybrid_candidate_action_state_source_tail_context,source_side_downstream_skip,source_side_mask_embedding,5.473080632569804e-30,0.34603458642959595,3.92620053520988e-17,1.0,0.0
CYST_PA69.nii.gz,0,context,penultimate_decoder_stage_output,gamma,1x96x96x96x96,hybrid_candidate_action_state_source_tail_context,source_side_downstream_skip,source_side_mask_embedding,2.8618448167379236e-30,0.09611015021800995,2.741164880618039e-17,1.0,0.0
CYST_PA69.nii.gz,0,context,final_decoder_stage_input,gamma,1x64x192x192x192,hybrid_candidate_action_state_source_tail_context,source_side_downstream_skip,source_side_mask_embedding,5.505992969760059e-31,0.06140228733420372,1.563022287506725e-17,1.0,0.0
CYST_PA69.nii.gz,0,context,final_decoder_feature,gamma,1x32x192x192x192,hybrid_candidate_action_state_source_tail_context,source_side_downstream_skip,source_side_mask_embedding,5.505992969760059e-31,0.06140228733420372,1.563022287506725e-17,1.0,0.0
CYST_PA69.nii.gz,0,context,decoder_stage_1_low_to_high,blur,1x288x24x24x24,hybrid_candidate_action_state_source_tail_context,source_side_downstream_skip,source_side_mask_embedding,3.570093704803273e-30,0.9176754951477051,3.858861085030918e-17,1.0,0.0
CYST_PA69.nii.gz,0,context,penultimate_decoder_stage_output,blur,1x96x96x96x96,hybrid_candidate_action_state_source_tail_context,source_side_downstream_skip,source_side_mask_embedding,1.841497100393661e-30,0.18453112244606018,2.907223208385407e-17,1.0,0.0
CYST_PA69.nii.gz,0,context,final_decoder_stage_input,blur,1x64x192x192x192,hybrid_candidate_action_state_source_tail_context,source_side_downstream_skip,source_side_mask_embedding,9.811736147867253e-32,0.02974681556224823,8.212310332791788e-18,1.0,0.0
CYST_PA69.nii.gz,0,context,final_decoder_feature,blur,1x32x192x192x192,hybrid_candidate_action_state_source_tail_context,source_side_downstream_skip,source_side_mask_embedding,9.811736147867253e-32,0.02974681556224823,8.212310332791788e-18,1.0,0.0
CYST_PA69.nii.gz,1,context,decoder_stage_1_low_to_high,gamma,1x288x24x24x24,hybrid_candidate_action_state_source_tail_context,source_side_downstream_skip,source_side_mask_embedding,1.912863111567676e-29,0.3138364255428314,1.911382520340736e-16,1.0,0.0
CYST_PA69.nii.gz,1,context,penultimate_decoder_stage_output,gamma,1x96x96x96x96,hybrid_candidate_action_state_source_tail_context,source_side_downstream_skip,source_side_mask_embedding,8.287504502562787e-30,0.17224064469337463,1.4203274776175703e-16,1.0,0.0
CYST_PA69.nii.gz,1,context,final_decoder_stage_input,gamma,1x64x192x192x192,hybrid_candidate_action_state_source_tail_context,source_side_downstream_skip,source_side_mask_embedding,7.986822451577253e-30,0.16039422154426575,1.4853905929252352e-16,1.0,0.0
CYST_PA69.nii.gz,1,context,final_decoder_feature,gamma,1x32x192x192x192,hybrid_candidate_action_state_source_tail_context,source_side_downstream_skip,source_side_mask_embedding,7.986822451577253e-30,0.16039422154426575,1.4853905929252352e-16,1.0,0.0
CYST_PA69.nii.gz,1,context,decoder_stage_1_low_to_high,blur,1x288x24x24x24,hybrid_candidate_action_state_source_tail_context,source_side_downstream_skip,source_side_mask_embedding,4.801307729357128e-25,3.1752078533172607,1.1706172360940407e-14,1.0,0.0
CYST_PA69.nii.gz,1,context,penultimate_decoder_stage_output,blur,1x96x96x96x96,hybrid_candidate_action_state_source_tail_context,source_side_downstream_skip,source_side_mask_embedding,4.304001433058684e-25,1.2277027368545532,1.2678085069674303e-14,1.0,0.0
CYST_PA69.nii.gz,1,context,final_decoder_stage_input,blur,1x64x192x192x192,hybrid_candidate_action_state_source_tail_context,source_side_downstream_skip,source_side_mask_embedding,2.020668687837819e-25,1.1351109743118286,9.487875234277278e-15,1.0,0.0
CYST_PA69.nii.gz,1,context,final_decoder_feature,blur,1x32x192x192x192,hybrid_candidate_action_state_source_tail_context,source_side_downstream_skip,source_side_mask_embedding,2.020668687837819e-25,1.1351109743118286,9.487875234277278e-15,1.0,0.0
CYST_PA69.nii.gz,2,foreground,decoder_stage_1_low_to_high,gamma,1x288x24x24x24,hybrid_candidate_action_state_source_tail_context,source_side_downstream_skip,source_side_mask_embedding,0.0005698064924217761,0.28315404057502747,0.003081678645685315,0.9759307510229546,0.952992926989872
CYST_PA69.nii.gz,2,foreground,penultimate_decoder_stage_output,gamma,1x96x96x96x96,hybrid_candidate_action_state_source_tail_context,source_side_downstream_skip,source_side_mask_embedding,2.570313517935574e-05,0.1706773042678833,0.0007293987437151372,0.9952849773349031,0.9906142088876309
CYST_PA69.nii.gz,2,foreground,final_decoder_stage_input,gamma,1x64x192x192x192,hybrid_candidate_action_state_source_tail_context,source_side_downstream_skip,source_side_mask_embedding,4.726392489828868e-06,0.16004149615764618,0.0003304297279100865,0.9979324964054535,0.9958735243142202
CYST_PA69.nii.gz,2,foreground,final_decoder_feature,gamma,1x32x192x192x192,hybrid_candidate_action_state_source_tail_context,source_side_downstream_skip,source_side_mask_embedding,4.726392489828868e-06,0.16004149615764618,0.0003304297279100865,0.9979324964054535,0.9958735243142202
CYST_PA69.nii.gz,2,foreground,decoder_stage_1_low_to_high,blur,1x288x24x24x24,hybrid_candidate_action_state_source_tail_context,source_side_downstream_skip,source_side_mask_embedding,0.0035988681484013796,1.826576828956604,0.008507134392857552,0.9309706678370273,0.8708560558889338
CYST_PA69.nii.gz,2,foreground,penultimate_decoder_stage_output,blur,1x96x96x96x96,hybrid_candidate_action_state_source_tail_context,source_side_downstream_skip,source_side_mask_embedding,0.00024341912649106234,1.2478734254837036,0.002091407310217619,0.9862378571101188,0.9728493651367763
CYST_PA69.nii.gz,2,foreground,final_decoder_stage_input,blur,1x64x192x192x192,hybrid_candidate_action_state_source_tail_context,source_side_downstream_skip,source_side_mask_embedding,1.7407071936759166e-05,1.2332605123519897,0.000744805030990392,0.9967621617906149,0.9935452231044952
CYST_PA69.nii.gz,2,foreground,final_decoder_feature,blur,1x32x192x192x192,hybrid_candidate_action_state_source_tail_context,source_side_downstream_skip,source_side_mask_embedding,1.7407071936759166e-05,1.2332605123519897,0.000744805030990392,0.9967621617906149,0.9935452231044952
CYST_PA69.nii.gz,3,foreground,decoder_stage_1_low_to_high,gamma,1x288x24x24x24,hybrid_candidate_action_state_source_tail_context,source_side_downstream_skip,source_side_mask_embedding,0.00035651022335514426,0.10338383913040161,0.0019738543778657913,0.9724739960726138,0.9464227594782478
CYST_PA69.nii.gz,3,foreground,penultimate_decoder_stage_output,gamma,1x96x96x96x96,hybrid_candidate_action_state_source_tail_context,source_side_downstream_skip,source_side_mask_embedding,3.413664671825245e-05,0.029413536190986633,0.0007002926431596279,0.9922543315300976,0.9846277315551989
CYST_PA69.nii.gz,3,foreground,final_decoder_stage_input,gamma,1x64x192x192x192,hybrid_candidate_action_state_source_tail_context,source_side_downstream_skip,source_side_mask_embedding,6.270739504543599e-06,0.018348120152950287,0.00028836241108365357,0.9966692353797414,0.9933605850877717
CYST_PA69.nii.gz,3,foreground,final_decoder_feature,gamma,1x32x192x192x192,hybrid_candidate_action_state_source_tail_context,source_side_downstream_skip,source_side_mask_embedding,6.270739504543599e-06,0.018348120152950287,0.00028836241108365357,0.9966692353797414,0.9933605850877717
CYST_PA69.nii.gz,3,foreground,decoder_stage_1_low_to_high,blur,1x288x24x24x24,hybrid_candidate_action_state_source_tail_context,source_side_downstream_skip,source_side_mask_embedding,0.003839033655822277,1.5594151020050049,0.007679258473217487,0.8787179814798626,0.7836725881322794
CYST_PA69.nii.gz,3,foreground,penultimate_decoder_stage_output,blur,1x96x96x96x96,hybrid_candidate_action_state_source_tail_context,source_side_downstream_skip,source_side_mask_embedding,0.00044130973401479423,1.0088326930999756,0.0024905321188271046,0.9671659864456666,0.9364195734775613
CYST_PA69.nii.gz,3,foreground,final_decoder_stage_input,blur,1x64x192x192x192,hybrid_candidate_action_state_source_tail_context,source_side_downstream_skip,source_side_mask_embedding,3.6862904380541295e-05,0.9540238380432129,0.000805667310487479,0.9903718994579915,0.9809274315228753
CYST_PA69.nii.gz,3,foreground,final_decoder_feature,blur,1x32x192x192x192,hybrid_candidate_action_state_source_tail_context,source_side_downstream_skip,source_side_mask_embedding,3.6862904380541295e-05,0.9540238380432129,0.000805667310487479,0.9903718994579915,0.9809274315228753
HCC_10076307_20130925.nii.gz,0,context,decoder_stage_1_low_to_high,gamma,1x288x24x24x24,hybrid_candidate_action_state_source_tail_context,source_side_downstream_skip,source_side_mask_embedding,0.0002014860074268654,35.507911682128906,0.0004269522032700479,0.9226261473837059,0.8563658243080626
HCC_10076307_20130925.nii.gz,0,context,penultimate_decoder_stage_output,gamma,1x96x96x96x96,hybrid_candidate_action_state_source_tail_context,source_side_downstream_skip,source_side_mask_embedding,1.5625131709384732e-05,33.71194839477539,0.00012068465730408207,0.9785702947245886,0.9580397845006217
HCC_10076307_20130925.nii.gz,0,context,final_decoder_stage_input,gamma,1x64x192x192x192,hybrid_candidate_action_state_source_tail_context,source_side_downstream_skip,source_side_mask_embedding,8.777884431765415e-06,33.484432220458984,8.962548599811271e-05,0.9859532123821776,0.9722955828284398
HCC_10076307_20130925.nii.gz,0,context,final_decoder_feature,gamma,1x32x192x192x192,hybrid_candidate_action_state_source_tail_context,source_side_downstream_skip,source_side_mask_embedding,8.777884431765415e-06,33.484432220458984,8.962548599811271e-05,0.9859532123821776,0.9722955828284398
HCC_10076307_20130925.nii.gz,0,context,decoder_stage_1_low_to_high,blur,1x288x24x24x24,hybrid_candidate_action_state_source_tail_context,source_side_downstream_skip,source_side_mask_embedding,0.0011639405274763703,137.4500732421875,0.0015734591288492084,0.8283026814544433,0.7069254732806135
HCC_10076307_20130925.nii.gz,0,context,penultimate_decoder_stage_output,blur,1x96x96x96x96,hybrid_candidate_action_state_source_tail_context,source_side_downstream_skip,source_side_mask_embedding,6.553024286404252e-05,130.27301025390625,0.00028246495639905334,0.9739581770723951,0.9492382818211059
HCC_10076307_20130925.nii.gz,0,context,final_decoder_stage_input,blur,1x64x192x192x192,hybrid_candidate_action_state_source_tail_context,source_side_downstream_skip,source_side_mask_embedding,3.539214230841026e-05,130.39662170410156,0.00022120930952951312,0.9831331763864469,0.9668258945579228
HCC_10076307_20130925.nii.gz,0,context,final_decoder_feature,blur,1x32x192x192x192,hybrid_candidate_action_state_source_tail_context,source_side_downstream_skip,source_side_mask_embedding,3.539214230841026e-05,130.39662170410156,0.00022120930952951312,0.9831331763864469,0.9668258945579228
HCC_10076307_20130925.nii.gz,1,context,decoder_stage_1_low_to_high,gamma,1x288x24x24x24,hybrid_candidate_action_state_source_tail_context,source_side_downstream_skip,source_side_mask_embedding,5.555429379455745e-05,0.03945836424827576,0.00035933032631874084,0.9914140343438627,0.9829742511823437
HCC_10076307_20130925.nii.gz,1,context,penultimate_decoder_stage_output,gamma,1x96x96x96x96,hybrid_candidate_action_state_source_tail_context,source_side_downstream_skip,source_side_mask_embedding,3.316407855891157e-06,0.006392922718077898,0.0001026789759634994,0.9976439790575916,0.9952990336902585
HCC_10076307_20130925.nii.gz,1,context,final_decoder_stage_input,gamma,1x64x192x192x192,hybrid_candidate_action_state_source_tail_context,source_side_downstream_skip,source_side_mask_embedding,7.191865734057501e-07,0.0017901529790833592,5.4257867304841056e-05,0.9986591427712229,0.9973218765236685
HCC_10076307_20130925.nii.gz,1,context,final_decoder_feature,gamma,1x32x192x192x192,hybrid_candidate_action_state_source_tail_context,source_side_downstream_skip,source_side_mask_embedding,7.191865734057501e-07,0.0017901529790833592,5.4257867304841056e-05,0.9986591427712229,0.9973218765236685
HCC_10076307_20130925.nii.gz,1,context,decoder_stage_1_low_to_high,blur,1x288x24x24x24,hybrid_candidate_action_state_source_tail_context,source_side_downstream_skip,source_side_mask_embedding,0.0035508000291883945,1.834324598312378,0.005759683903306723,0.8710037819199825,0.7714851192338097
HCC_10076307_20130925.nii.gz,1,context,penultimate_decoder_stage_output,blur,1x96x96x96x96,hybrid_candidate_action_state_source_tail_context,source_side_downstream_skip,source_side_mask_embedding,9.060107549885288e-05,0.7145980000495911,0.0008080832194536924,0.9839926320854832,0.9684896617484693
HCC_10076307_20130925.nii.gz,1,context,final_decoder_stage_input,blur,1x64x192x192x192,hybrid_candidate_action_state_source_tail_context,source_side_downstream_skip,source_side_mask_embedding,1.3694126209884416e-05,0.6734541654586792,0.0003247089043725282,0.9931635503771012,0.986419940149248
HCC_10076307_20130925.nii.gz,1,context,final_decoder_feature,blur,1x32x192x192x192,hybrid_candidate_action_state_source_tail_context,source_side_downstream_skip,source_side_mask_embedding,1.3694126209884416e-05,0.6734541654586792,0.0003247089043725282,0.9931635503771012,0.986419940149248
HCC_10076307_20130925.nii.gz,2,foreground,decoder_stage_1_low_to_high,gamma,1x288x24x24x24,hybrid_candidate_action_state_source_tail_context,source_side_downstream_skip,source_side_mask_embedding,0.00030068765045143664,0.1608102023601532,0.0013944042148068547,0.9794492994273878,0.9597262525789624
HCC_10076307_20130925.nii.gz,2,foreground,penultimate_decoder_stage_output,gamma,1x96x96x96x96,hybrid_candidate_action_state_source_tail_context,source_side_downstream_skip,source_side_mask_embedding,1.3567175301432144e-05,0.05994164198637009,0.00032954022753983736,0.9955832494143565,0.9912053426367725
HCC_10076307_20130925.nii.gz,2,foreground,final_decoder_stage_input,gamma,1x64x192x192x192,hybrid_candidate_action_state_source_tail_context,source_side_downstream_skip,source_side_mask_embedding,7.50683852857037e-07,0.053763359785079956,8.752946450840682e-05,0.9992135652494413,0.998428366486093
HCC_10076307_20130925.nii.gz,2,foreground,final_decoder_feature,gamma,1x32x192x192x192,hybrid_candidate_action_state_source_tail_context,source_side_downstream_skip,source_side_mask_embedding,7.50683852857037e-07,0.053763359785079956,8.752946450840682e-05,0.9992135652494413,0.998428366486093
HCC_10076307_20130925.nii.gz,2,foreground,decoder_stage_1_low_to_high,blur,1x288x24x24x24,hybrid_candidate_action_state_source_tail_context,source_side_downstream_skip,source_side_mask_embedding,0.003774682991206646,2.542454957962036,0.007278807926923037,0.8929123426805035,0.806541683286797
HCC_10076307_20130925.nii.gz,2,foreground,penultimate_decoder_stage_output,blur,1x96x96x96x96,hybrid_candidate_action_state_source_tail_context,source_side_downstream_skip,source_side_mask_embedding,0.00027793680783361197,1.6550750732421875,0.0018631147686392069,0.9748430056422112,0.9509206989831864
HCC_10076307_20130925.nii.gz,2,foreground,final_decoder_stage_input,blur,1x64x192x192x192,hybrid_candidate_action_state_source_tail_context,source_side_downstream_skip,source_side_mask_embedding,1.575597343617119e-05,1.604007363319397,0.0005787630216218531,0.9938771066885278,0.9878287367235631
HCC_10076307_20130925.nii.gz,2,foreground,final_decoder_feature,blur,1x32x192x192x192,hybrid_candidate_action_state_source_tail_context,source_side_downstream_skip,source_side_mask_embedding,1.575597343617119e-05,1.604007363319397,0.0005787630216218531,0.9938771066885278,0.9878287367235631
HCC_10076307_20130925.nii.gz,3,foreground,decoder_stage_1_low_to_high,gamma,1x288x24x24x24,hybrid_candidate_action_state_source_tail_context,source_side_downstream_skip,source_side_mask_embedding,0.00011762640497181565,0.13346116244792938,0.0007192924967966974,0.9859669844483816,0.9723223695157801
HCC_10076307_20130925.nii.gz,3,foreground,penultimate_decoder_stage_output,gamma,1x96x96x96x96,hybrid_candidate_action_state_source_tail_context,source_side_downstream_skip,source_side_mask_embedding,9.249117283616215e-06,0.05179676041007042,0.00021577814186457545,0.9958188054939936,0.9916724301771788
HCC_10076307_20130925.nii.gz,3,foreground,final_decoder_stage_input,gamma,1x64x192x192x192,hybrid_candidate_action_state_source_tail_context,source_side_downstream_skip,source_side_mask_embedding,2.58266538821772e-07,0.044440243393182755,4.710040593636222e-05,0.9994934657076284,0.998987444309437
HCC_10076307_20130925.nii.gz,3,foreground,final_decoder_feature,gamma,1x32x192x192x192,hybrid_candidate_action_state_source_tail_context,source_side_downstream_skip,source_side_mask_embedding,2.58266538821772e-07,0.044440243393182755,4.710040593636222e-05,0.9994934657076284,0.998987444309437
HCC_10076307_20130925.nii.gz,3,foreground,decoder_stage_1_low_to_high,blur,1x288x24x24x24,hybrid_candidate_action_state_source_tail_context,source_side_downstream_skip,source_side_mask_embedding,0.002581008244305849,2.298696994781494,0.004721441771835089,0.9029443572832097,0.8230615860533054
HCC_10076307_20130925.nii.gz,3,foreground,penultimate_decoder_stage_output,blur,1x96x96x96x96,hybrid_candidate_action_state_source_tail_context,source_side_downstream_skip,source_side_mask_embedding,0.00021431212371680886,1.5114480257034302,0.001245806342922151,0.9759523559826737,0.9530341304766101
HCC_10076307_20130925.nii.gz,3,foreground,final_decoder_stage_input,blur,1x64x192x192x192,hybrid_candidate_action_state_source_tail_context,source_side_downstream_skip,source_side_mask_embedding,3.838692009594524e-06,1.4286707639694214,0.00023269660596270114,0.998161069946039,0.9963288908051079
HCC_10076307_20130925.nii.gz,3,foreground,final_decoder_feature,blur,1x32x192x192x192,hybrid_candidate_action_state_source_tail_context,source_side_downstream_skip,source_side_mask_embedding,3.838692009594524e-06,1.4286707639694214,0.00023269660596270114,0.998161069946039,0.9963288908051079
CYST_PA20.nii.gz,0,context,decoder_stage_1_low_to_high,gamma,1x288x24x24x24,hybrid_candidate_action_state_source_tail_context,source_side_downstream_skip,source_side_mask_embedding,4.8471389163751155e-05,3.5399532318115234,0.00016438828606624156,0.9371075990474128,0.8816580099806498
CYST_PA20.nii.gz,0,context,penultimate_decoder_stage_output,gamma,1x96x96x96x96,hybrid_candidate_action_state_source_tail_context,source_side_downstream_skip,source_side_mask_embedding,2.6774639536597533e-06,3.213935375213623,3.915809065802023e-05,0.9859495060373217,0.9722883741069496
CYST_PA20.nii.gz,0,context,final_decoder_stage_input,gamma,1x64x192x192x192,hybrid_candidate_action_state_source_tail_context,source_side_downstream_skip,source_side_mask_embedding,7.979436418281693e-07,3.146216630935669,2.183505603170488e-05,0.9921870731574058,0.9844952835303047
CYST_PA20.nii.gz,0,context,final_decoder_feature,gamma,1x32x192x192x192,hybrid_candidate_action_state_source_tail_context,source_side_downstream_skip,source_side_mask_embedding,7.979436418281693e-07,3.146216630935669,2.183505603170488e-05,0.9921870731574058,0.9844952835303047
CYST_PA20.nii.gz,0,context,decoder_stage_1_low_to_high,blur,1x288x24x24x24,hybrid_candidate_action_state_source_tail_context,source_side_downstream_skip,source_side_mask_embedding,0.0012638168409466743,86.24229431152344,0.001709087984636426,0.7455163620909477,0.594281455383156
CYST_PA20.nii.gz,0,context,penultimate_decoder_stage_output,blur,1x96x96x96x96,hybrid_candidate_action_state_source_tail_context,source_side_downstream_skip,source_side_mask_embedding,7.488159462809563e-05,80.46350860595703,0.0002948702604044229,0.9571778635029236,0.9178725978316504
CYST_PA20.nii.gz,0,context,final_decoder_stage_input,blur,1x64x192x192x192,hybrid_candidate_action_state_source_tail_context,source_side_downstream_skip,source_side_mask_embedding,1.3015613149036653e-05,80.98182678222656,0.00014280456525739282,0.9873338015548182,0.9749844549672358
CYST_PA20.nii.gz,0,context,final_decoder_feature,blur,1x32x192x192x192,hybrid_candidate_action_state_source_tail_context,source_side_downstream_skip,source_side_mask_embedding,1.3015613149036653e-05,80.98182678222656,0.00014280456525739282,0.9873338015548182,0.9749844549672358
CYST_PA20.nii.gz,1,context,decoder_stage_1_low_to_high,gamma,1x288x24x24x24,hybrid_candidate_action_state_source_tail_context,source_side_downstream_skip,source_side_mask_embedding,5.002356192562729e-05,0.057201970368623734,0.0003916385758202523,0.992910665772759,0.9859211412805184
CYST_PA20.nii.gz,1,context,penultimate_decoder_stage_output,gamma,1x96x96x96x96,hybrid_candidate_action_state_source_tail_context,source_side_downstream_skip,source_side_mask_embedding,3.5507896427589003e-06,0.027544686570763588,0.00011325599916744977,0.9981372219608897,0.9962813709023981
CYST_PA20.nii.gz,1,context,final_decoder_stage_input,gamma,1x64x192x192x192,hybrid_candidate_action_state_source_tail_context,source_side_downstream_skip,source_side_mask_embedding,3.754933572963637e-07,0.02365388534963131,4.2503092117840424e-05,0.9993040309773393,0.9986090300266915
CYST_PA20.nii.gz,1,context,final_decoder_feature,gamma,1x32x192x192x192,hybrid_candidate_action_state_source_tail_context,source_side_downstream_skip,source_side_mask_embedding,3.754933572963637e-07,0.02365388534963131,4.2503092117840424e-05,0.9993040309773393,0.9986090300266915
CYST_PA20.nii.gz,1,context,decoder_stage_1_low_to_high,blur,1x288x24x24x24,hybrid_candidate_action_state_source_tail_context,source_side_downstream_skip,source_side_mask_embedding,0.0021586078219115734,0.5763624906539917,0.0039109233766794205,0.9264407963674467,0.8629619989588756
CYST_PA20.nii.gz,1,context,penultimate_decoder_stage_output,blur,1x96x96x96x96,hybrid_candidate_action_state_source_tail_context,source_side_downstream_skip,source_side_mask_embedding,0.0001014826339087449,0.08967135101556778,0.0007575420895591378,0.98708043359552,0.9744904396499318
CYST_PA20.nii.gz,1,context,final_decoder_stage_input,blur,1x64x192x192x192,hybrid_candidate_action_state_source_tail_context,source_side_downstream_skip,source_side_mask_embedding,5.914072971791029e-06,0.03586432710289955,0.00022008632367942482,0.9963890527000764,0.9928040894539097
CYST_PA20.nii.gz,1,context,final_decoder_feature,blur,1x32x192x192x192,hybrid_candidate_action_state_source_tail_context,source_side_downstream_skip,source_side_mask_embedding,5.914072971791029e-06,0.03586432710289955,0.00022008632367942482,0.9963890527000764,0.9928040894539097
CYST_PA20.nii.gz,2,foreground,decoder_stage_1_low_to_high,gamma,1x288x24x24x24,hybrid_candidate_action_state_source_tail_context,source_side_downstream_skip,source_side_mask_embedding,5.6377844884991646e-05,0.025954551994800568,0.00047740741865709424,0.9931367856593689,0.9863671365824489
CYST_PA20.nii.gz,2,foreground,penultimate_decoder_stage_output,gamma,1x96x96x96x96,hybrid_candidate_action_state_source_tail_context,source_side_downstream_skip,source_side_mask_embedding,4.660116246668622e-06,0.007112391758710146,0.0001416764862369746,0.9980511207677849,0.9961098230206944
CYST_PA20.nii.gz,2,foreground,final_decoder_stage_input,gamma,1x64x192x192x192,hybrid_candidate_action_state_source_tail_context,source_side_downstream_skip,source_side_mask_embedding,8.717512400835403e-07,0.005046916659921408,6.785332516301423e-05,0.9990396137689969,0.9980810704515103
CYST_PA20.nii.gz,2,foreground,final_decoder_feature,gamma,1x32x192x192x192,hybrid_candidate_action_state_source_tail_context,source_side_downstream_skip,source_side_mask_embedding,8.717512400835403e-07,0.005046916659921408,6.785332516301423e-05,0.9990396137689969,0.9980810704515103
CYST_PA20.nii.gz,2,foreground,decoder_stage_1_low_to_high,blur,1x288x24x24x24,hybrid_candidate_action_state_source_tail_context,source_side_downstream_skip,source_side_mask_embedding,0.0027485848404467106,0.7005710005760193,0.004956194665282965,0.922862299133609,0.8567728140898873
CYST_PA20.nii.gz,2,foreground,penultimate_decoder_stage_output,blur,1x96x96x96x96,hybrid_candidate_action_state_source_tail_context,source_side_downstream_skip,source_side_mask_embedding,0.00011285326036158949,0.16494950652122498,0.0008881446556188166,0.9881176297798351,0.9765143250443634
CYST_PA20.nii.gz,2,foreground,final_decoder_stage_input,blur,1x64x192x192x192,hybrid_candidate_action_state_source_tail_context,source_side_downstream_skip,source_side_mask_embedding,1.9346911358297803e-05,0.11838263273239136,0.0004285789909772575,0.9939513026597696,0.9879753388554217
CYST_PA20.nii.gz,2,foreground,final_decoder_feature,blur,1x32x192x192x192,hybrid_candidate_action_state_source_tail_context,source_side_downstream_skip,source_side_mask_embedding,1.9346911358297803e-05,0.11838263273239136,0.0004285789909772575,0.9939513026597696,0.9879753388554217
CYST_PA20.nii.gz,3,foreground,decoder_stage_1_low_to_high,gamma,1x288x24x24x24,hybrid_candidate_action_state_source_tail_context,source_side_downstream_skip,source_side_mask_embedding,0.00012251500447746366,0.12450762838125229,0.0008861139649525285,0.9867345440305448,0.9738164251207729
CYST_PA20.nii.gz,3,foreground,penultimate_decoder_stage_output,gamma,1x96x96x96x96,hybrid_candidate_action_state_source_tail_context,source_side_downstream_skip,source_side_mask_embedding,9.102229341806378e-06,0.0792362242937088,0.00026512652402743697,0.9964464408814961,0.9929180478984595
CYST_PA20.nii.gz,3,foreground,final_decoder_stage_input,gamma,1x64x192x192x192,hybrid_candidate_action_state_source_tail_context,source_side_downstream_skip,source_side_mask_embedding,1.2735914651784697e-06,0.07645698636770248,0.00010814874985953793,0.9987211765176038,0.997445619636799
CYST_PA20.nii.gz,3,foreground,final_decoder_feature,gamma,1x32x192x192x192,hybrid_candidate_action_state_source_tail_context,source_side_downstream_skip,source_side_mask_embedding,1.2735914651784697e-06,0.07645698636770248,0.00010814874985953793,0.9987211765176038,0.997445619636799
CYST_PA20.nii.gz,3,foreground,decoder_stage_1_low_to_high,blur,1x288x24x24x24,hybrid_candidate_action_state_source_tail_context,source_side_downstream_skip,source_side_mask_embedding,0.003987947944551706,0.7773082852363586,0.0071414862759411335,0.8751589818274853,0.7780290438281865
CYST_PA20.nii.gz,3,foreground,penultimate_decoder_stage_output,blur,1x96x96x96x96,hybrid_candidate_action_state_source_tail_context,source_side_downstream_skip,source_side_mask_embedding,0.00024435811792500317,0.10561183094978333,0.0015475391410291195,0.9744953386392051,0.9502592970626746
CYST_PA20.nii.gz,3,foreground,final_decoder_stage_input,blur,1x64x192x192x192,hybrid_candidate_action_state_source_tail_context,source_side_downstream_skip,source_side_mask_embedding,2.0195418983348645e-05,0.013584258034825325,0.0005055753863416612,0.991284729652261,0.9827200586648509
CYST_PA20.nii.gz,3,foreground,final_decoder_feature,blur,1x32x192x192x192,hybrid_candidate_action_state_source_tail_context,source_side_downstream_skip,source_side_mask_embedding,2.0195418983348645e-05,0.013584258034825325,0.0005055753863416612,0.991284729652261,0.9827200586648509
CYST_PA56.nii.gz,0,context,decoder_stage_1_low_to_high,gamma,1x288x24x24x24,hybrid_candidate_action_state_source_tail_context,source_side_downstream_skip,source_side_mask_embedding,1.3991943053300274e-32,0.15458574891090393,1.2950545431307574e-18,1.0,0.0
CYST_PA56.nii.gz,0,context,penultimate_decoder_stage_output,gamma,1x96x96x96x96,hybrid_candidate_action_state_source_tail_context,source_side_downstream_skip,source_side_mask_embedding,1.0962007181719978e-32,0.042558882385492325,8.430664094219554e-19,1.0,0.0
CYST_PA56.nii.gz,0,context,final_decoder_stage_input,gamma,1x64x192x192x192,hybrid_candidate_action_state_source_tail_context,source_side_downstream_skip,source_side_mask_embedding,1.8618664206223828e-33,0.025537844747304916,7.196635731358086e-19,1.0,0.0
CYST_PA56.nii.gz,0,context,final_decoder_feature,gamma,1x32x192x192x192,hybrid_candidate_action_state_source_tail_context,source_side_downstream_skip,source_side_mask_embedding,1.8618664206223828e-33,0.025537844747304916,7.196635731358086e-19,1.0,0.0
CYST_PA56.nii.gz,0,context,decoder_stage_1_low_to_high,blur,1x288x24x24x24,hybrid_candidate_action_state_source_tail_context,source_side_downstream_skip,source_side_mask_embedding,9.13798933555221e-31,11.226744651794434,2.724684961274145e-17,1.0,0.0
CYST_PA56.nii.gz,0,context,penultimate_decoder_stage_output,blur,1x96x96x96x96,hybrid_candidate_action_state_source_tail_context,source_side_downstream_skip,source_side_mask_embedding,8.944238714276797e-31,9.585052490234375,2.6165408569140648e-17,1.0,0.0
CYST_PA56.nii.gz,0,context,final_decoder_stage_input,blur,1x64x192x192x192,hybrid_candidate_action_state_source_tail_context,source_side_downstream_skip,source_side_mask_embedding,1.0111251638259032e-30,9.749388694763184,2.6964230121572908e-17,1.0,0.0
CYST_PA56.nii.gz,0,context,final_decoder_feature,blur,1x32x192x192x192,hybrid_candidate_action_state_source_tail_context,source_side_downstream_skip,source_side_mask_embedding,1.0111251638259032e-30,9.749388694763184,2.6964230121572908e-17,1.0,0.0
CYST_PA56.nii.gz,1,context,decoder_stage_1_low_to_high,gamma,1x288x24x24x24,hybrid_candidate_action_state_source_tail_context,source_side_downstream_skip,source_side_mask_embedding,4.468073166208342e-05,0.1494957059621811,0.00023090874310582876,0.9695466605144769,0.9408933169148103
CYST_PA56.nii.gz,1,context,penultimate_decoder_stage_output,gamma,1x96x96x96x96,hybrid_candidate_action_state_source_tail_context,source_side_downstream_skip,source_side_mask_embedding,2.2864896891405806e-06,0.02419891580939293,5.4001084208721295e-05,0.9937231708480397,0.9875246473532534
CYST_PA56.nii.gz,1,context,final_decoder_stage_input,gamma,1x64x192x192x192,hybrid_candidate_action_state_source_tail_context,source_side_downstream_skip,source_side_mask_embedding,4.455130309111155e-08,0.017978694289922714,7.590808309032582e-06,0.9988802216781492,0.9977629483582315
CYST_PA56.nii.gz,1,context,final_decoder_feature,gamma,1x32x192x192x192,hybrid_candidate_action_state_source_tail_context,source_side_downstream_skip,source_side_mask_embedding,4.455130309111155e-08,0.017978694289922714,7.590808309032582e-06,0.9988802216781492,0.9977629483582315
CYST_PA56.nii.gz,1,context,decoder_stage_1_low_to_high,blur,1x288x24x24x24,hybrid_candidate_action_state_source_tail_context,source_side_downstream_skip,source_side_mask_embedding,0.0009175132145173848,8.048341751098633,0.001578323426656425,0.7777070978597664,0.6362690125239231
CYST_PA56.nii.gz,1,context,penultimate_decoder_stage_output,blur,1x96x96x96x96,hybrid_candidate_action_state_source_tail_context,source_side_downstream_skip,source_side_mask_embedding,5.4893491324037313e-05,6.698440074920654,0.00031741775455884635,0.9571127662808625,0.9177528838545788
CYST_PA56.nii.gz,1,context,final_decoder_stage_input,blur,1x64x192x192x192,hybrid_candidate_action_state_source_tail_context,source_side_downstream_skip,source_side_mask_embedding,6.136260253697401e-06,6.7691731452941895,0.00013325859617907554,0.9860509860509861,0.9724857685009488
CYST_PA56.nii.gz,1,context,final_decoder_feature,blur,1x32x192x192x192,hybrid_candidate_action_state_source_tail_context,source_side_downstream_skip,source_side_mask_embedding,6.136260253697401e-06,6.7691731452941895,0.00013325859617907554,0.9860509860509861,0.9724857685009488
CYST_PA56.nii.gz,2,foreground,decoder_stage_1_low_to_high,gamma,1x288x24x24x24,hybrid_candidate_action_state_source_tail_context,source_side_downstream_skip,source_side_mask_embedding,0.00013834958372171968,0.08792001008987427,0.0008199900621548295,0.9886924233566081,0.9776377100210746
CYST_PA56.nii.gz,2,foreground,penultimate_decoder_stage_output,gamma,1x96x96x96x96,hybrid_candidate_action_state_source_tail_context,source_side_downstream_skip,source_side_mask_embedding,6.290743385761743e-06,0.021313702687621117,0.00018104228365700692,0.9977498829703119,0.9955098692602666
CYST_PA56.nii.gz,2,foreground,final_decoder_stage_input,gamma,1x64x192x192x192,hybrid_candidate_action_state_source_tail_context,source_side_downstream_skip,source_side_mask_embedding,7.500678975702613e-07,0.01898031309247017,7.525346154579893e-05,0.9990838638141935,0.99816940470298
CYST_PA56.nii.gz,2,foreground,final_decoder_feature,gamma,1x32x192x192x192,hybrid_candidate_action_state_source_tail_context,source_side_downstream_skip,source_side_mask_embedding,7.500678975702613e-07,0.01898031309247017,7.525346154579893e-05,0.9990838638141935,0.99816940470298
CYST_PA56.nii.gz,2,foreground,decoder_stage_1_low_to_high,blur,1x288x24x24x24,hybrid_candidate_action_state_source_tail_context,source_side_downstream_skip,source_side_mask_embedding,0.0026445300318300724,1.3858286142349243,0.0052439868450164795,0.9307386555699316,0.8704501106472043
CYST_PA56.nii.gz,2,foreground,penultimate_decoder_stage_output,blur,1x96x96x96x96,hybrid_candidate_action_state_source_tail_context,source_side_downstream_skip,source_side_mask_embedding,0.00023783801589161158,0.26086536049842834,0.0015497857239097357,0.981407609854432,0.9634939543522194
CYST_PA56.nii.gz,2,foreground,final_decoder_stage_input,blur,1x64x192x192x192,hybrid_candidate_action_state_source_tail_context,source_side_downstream_skip,source_side_mask_embedding,1.4773487237107474e-05,0.2106381207704544,0.000463372707599774,0.9949399872436653,0.9899309241396286
CYST_PA56.nii.gz,2,foreground,final_decoder_feature,blur,1x32x192x192x192,hybrid_candidate_action_state_source_tail_context,source_side_downstream_skip,source_side_mask_embedding,1.4773487237107474e-05,0.2106381207704544,0.000463372707599774,0.9949399872436653,0.9899309241396286
CYST_PA56.nii.gz,3,foreground,decoder_stage_1_low_to_high,gamma,1x288x24x24x24,hybrid_candidate_action_state_source_tail_context,source_side_downstream_skip,source_side_mask_embedding,0.00014495491632260382,0.0462338924407959,0.0007639198447577655,0.9880440870140765,0.9763706840732899
CYST_PA56.nii.gz,3,foreground,penultimate_decoder_stage_output,gamma,1x96x96x96x96,hybrid_candidate_action_state_source_tail_context,source_side_downstream_skip,source_side_mask_embedding,6.4199548432952724e-06,0.003761294297873974,0.00018693096353672445,0.9974611149714041,0.994935089169088
CYST_PA56.nii.gz,3,foreground,final_decoder_stage_input,gamma,1x64x192x192x192,hybrid_candidate_action_state_source_tail_context,source_side_downstream_skip,source_side_mask_embedding,4.130407091906818e-07,0.0008613362442702055,4.622959022526629e-05,0.9992568033644111,0.9985147105909139
CYST_PA56.nii.gz,3,foreground,final_decoder_feature,gamma,1x32x192x192x192,hybrid_candidate_action_state_source_tail_context,source_side_downstream_skip,source_side_mask_embedding,4.130407091906818e-07,0.0008613362442702055,4.622959022526629e-05,0.9992568033644111,0.9985147105909139
CYST_PA56.nii.gz,3,foreground,decoder_stage_1_low_to_high,blur,1x288x24x24x24,hybrid_candidate_action_state_source_tail_context,source_side_downstream_skip,source_side_mask_embedding,0.002475171582773328,0.829314112663269,0.004711101297289133,0.9230211751970626,0.8570467254692351
CYST_PA56.nii.gz,3,foreground,penultimate_decoder_stage_output,blur,1x96x96x96x96,hybrid_candidate_action_state_source_tail_context,source_side_downstream_skip,source_side_mask_embedding,0.00020784101798199117,0.09576378762722015,0.0012847090838477015,0.9810096299014712,0.9627270862300836
CYST_PA56.nii.gz,3,foreground,final_decoder_stage_input,blur,1x64x192x192x192,hybrid_candidate_action_state_source_tail_context,source_side_downstream_skip,source_side_mask_embedding,2.3696916287008207e-06,0.02874123491346836,0.00011164518946316093,0.9983880558187933,0.9967813000023189
CYST_PA56.nii.gz,3,foreground,final_decoder_feature,blur,1x32x192x192x192,hybrid_candidate_action_state_source_tail_context,source_side_downstream_skip,source_side_mask_embedding,2.3696916287008207e-06,0.02874123491346836,0.00011164518946316093,0.9983880558187933,0.9967813000023189
HCC_10136895_20170421.nii.gz,0,context,decoder_stage_1_low_to_high,gamma,1x288x24x24x24,hybrid_candidate_action_state_source_tail_context,source_side_downstream_skip,source_side_mask_embedding,0.001627671648748219,155.35711669921875,0.00276064476929605,0.9159256961676316,0.8448919902719715
HCC_10136895_20170421.nii.gz,0,context,penultimate_decoder_stage_output,gamma,1x96x96x96x96,hybrid_candidate_action_state_source_tail_context,source_side_downstream_skip,source_side_mask_embedding,0.00020253442926332355,147.97837829589844,0.0009325476712547243,0.9744547727523014,0.950182153709095
HCC_10136895_20170421.nii.gz,0,context,final_decoder_stage_input,gamma,1x64x192x192x192,hybrid_candidate_action_state_source_tail_context,source_side_downstream_skip,source_side_mask_embedding,0.00014099905092734843,147.56358337402344,0.0007834467687644064,0.9798556422459438,0.9605068486612895
HCC_10136895_20170421.nii.gz,0,context,final_decoder_feature,gamma,1x32x192x192x192,hybrid_candidate_action_state_source_tail_context,source_side_downstream_skip,source_side_mask_embedding,0.00014099905092734843,147.56358337402344,0.0007834467687644064,0.9798556422459438,0.9605068486612895
HCC_10136895_20170421.nii.gz,0,context,decoder_stage_1_low_to_high,blur,1x288x24x24x24,hybrid_candidate_action_state_source_tail_context,source_side_downstream_skip,source_side_mask_embedding,0.0024826691951602697,217.9564971923828,0.0038025821559131145,0.8867887310361152,0.7966041628930768
HCC_10136895_20170421.nii.gz,0,context,penultimate_decoder_stage_output,blur,1x96x96x96x96,hybrid_candidate_action_state_source_tail_context,source_side_downstream_skip,source_side_mask_embedding,0.00019323463493492454,206.54835510253906,0.0009825846645981073,0.976706834397462,0.9544741108696402
HCC_10136895_20170421.nii.gz,0,context,final_decoder_stage_input,blur,1x64x192x192x192,hybrid_candidate_action_state_source_tail_context,source_side_downstream_skip,source_side_mask_embedding,0.00013200906687416136,207.0416259765625,0.0008735303417779505,0.980246728708528,0.9612587243452422
HCC_10136895_20170421.nii.gz,0,context,final_decoder_feature,blur,1x32x192x192x192,hybrid_candidate_action_state_source_tail_context,source_side_downstream_skip,source_side_mask_embedding,0.00013200906687416136,207.0416259765625,0.0008735303417779505,0.980246728708528,0.9612587243452422
HCC_10136895_20170421.nii.gz,1,context,decoder_stage_1_low_to_high,gamma,1x288x24x24x24,hybrid_candidate_action_state_source_tail_context,source_side_downstream_skip,source_side_mask_embedding,5.8441393775865436e-05,0.06195993721485138,0.00032133463537320495,0.991602253914506,0.9833443775175156
HCC_10136895_20170421.nii.gz,1,context,penultimate_decoder_stage_output,gamma,1x96x96x96x96,hybrid_candidate_action_state_source_tail_context,source_side_downstream_skip,source_side_mask_embedding,2.4763605779298814e-06,0.01839388534426689,6.894393300171942e-05,0.9984398085663908,0.9968844779436054
HCC_10136895_20170421.nii.gz,1,context,final_decoder_stage_input,gamma,1x64x192x192x192,hybrid_candidate_action_state_source_tail_context,source_side_downstream_skip,source_side_mask_embedding,4.5863075115448737e-07,0.013343890197575092,3.372948049218394e-05,0.9993493133939889,0.9986994730234621
HCC_10136895_20170421.nii.gz,1,context,final_decoder_feature,gamma,1x32x192x192x192,hybrid_candidate_action_state_source_tail_context,source_side_downstream_skip,source_side_mask_embedding,4.5863075115448737e-07,0.013343890197575092,3.372948049218394e-05,0.9993493133939889,0.9986994730234621
HCC_10136895_20170421.nii.gz,1,context,decoder_stage_1_low_to_high,blur,1x288x24x24x24,hybrid_candidate_action_state_source_tail_context,source_side_downstream_skip,source_side_mask_embedding,0.001069323974661529,1.0486023426055908,0.0019328072667121887,0.9475534330227824,0.900334005311354
HCC_10136895_20170421.nii.gz,1,context,penultimate_decoder_stage_output,blur,1x96x96x96x96,hybrid_candidate_action_state_source_tail_context,source_side_downstream_skip,source_side_mask_embedding,2.392538772255648e-05,0.19871652126312256,0.0002545172756072134,0.9935924852925748,0.9872665602873845
HCC_10136895_20170421.nii.gz,1,context,final_decoder_stage_input,blur,1x64x192x192x192,hybrid_candidate_action_state_source_tail_context,source_side_downstream_skip,source_side_mask_embedding,3.5207140172133222e-06,0.15680748224258423,8.924367284635082e-05,0.9976655519475274,0.9953419778058943
HCC_10136895_20170421.nii.gz,1,context,final_decoder_feature,blur,1x32x192x192x192,hybrid_candidate_action_state_source_tail_context,source_side_downstream_skip,source_side_mask_embedding,3.5207140172133222e-06,0.15680748224258423,8.924367284635082e-05,0.9976655519475274,0.9953419778058943
HCC_10136895_20170421.nii.gz,2,foreground,decoder_stage_1_low_to_high,gamma,1x288x24x24x24,hybrid_candidate_action_state_source_tail_context,source_side_downstream_skip,source_side_mask_embedding,0.00018697575433179736,0.09627912938594818,0.00122646929230541,0.9838753864819381,0.9682625274428995
HCC_10136895_20170421.nii.gz,2,foreground,penultimate_decoder_stage_output,gamma,1x96x96x96x96,hybrid_candidate_action_state_source_tail_context,source_side_downstream_skip,source_side_mask_embedding,1.0713430128816981e-05,0.024663170799613,0.00033020373666659,0.9962771527192502,0.9925819218107157
HCC_10136895_20170421.nii.gz,2,foreground,final_decoder_stage_input,gamma,1x64x192x192x192,hybrid_candidate_action_state_source_tail_context,source_side_downstream_skip,source_side_mask_embedding,1.3584037787950365e-06,0.018030131235718727,0.0001096425112336874,0.99874715261959,0.9974974405642134
HCC_10136895_20170421.nii.gz,2,foreground,final_decoder_feature,gamma,1x32x192x192x192,hybrid_candidate_action_state_source_tail_context,source_side_downstream_skip,source_side_mask_embedding,1.3584037787950365e-06,0.018030131235718727,0.0001096425112336874,0.99874715261959,0.9974974405642134
HCC_10136895_20170421.nii.gz,2,foreground,decoder_stage_1_low_to_high,blur,1x288x24x24x24,hybrid_candidate_action_state_source_tail_context,source_side_downstream_skip,source_side_mask_embedding,0.004105886910110712,1.5090810060501099,0.008131979033350945,0.8944548541408199,0.8090622599095125
HCC_10136895_20170421.nii.gz,2,foreground,penultimate_decoder_stage_output,blur,1x96x96x96x96,hybrid_candidate_action_state_source_tail_context,source_side_downstream_skip,source_side_mask_embedding,0.0001990126329474151,0.6523516774177551,0.0017021261155605316,0.9803158270926422,0.9613916280543345
HCC_10136895_20170421.nii.gz,2,foreground,final_decoder_stage_input,blur,1x64x192x192x192,hybrid_candidate_action_state_source_tail_context,source_side_downstream_skip,source_side_mask_embedding,2.7492544177221134e-05,0.6247609257698059,0.0007301885634660721,0.9922372458958219,0.9845940841283053
HCC_10136895_20170421.nii.gz,2,foreground,final_decoder_feature,blur,1x32x192x192x192,hybrid_candidate_action_state_source_tail_context,source_side_downstream_skip,source_side_mask_embedding,2.7492544177221134e-05,0.6247609257698059,0.0007301885634660721,0.9922372458958219,0.9845940841283053
HCC_10136895_20170421.nii.gz,3,foreground,decoder_stage_1_low_to_high,gamma,1x288x24x24x24,hybrid_candidate_action_state_source_tail_context,source_side_downstream_skip,source_side_mask_embedding,0.00012589052494149655,0.07741592079401016,0.0007959303329698741,0.9881556075584921,0.9765885099922761
HCC_10136895_20170421.nii.gz,3,foreground,penultimate_decoder_stage_output,gamma,1x96x96x96x96,hybrid_candidate_action_state_source_tail_context,source_side_downstream_skip,source_side_mask_embedding,6.217051577550592e-06,0.03400740772485733,0.00019853949197568,0.997383274971755,0.9947802087020418
HCC_10136895_20170421.nii.gz,3,foreground,final_decoder_stage_input,gamma,1x64x192x192x192,hybrid_candidate_action_state_source_tail_context,source_side_downstream_skip,source_side_mask_embedding,5.079926381768018e-07,0.028281671926379204,6.0951992054469883e-05,0.9991765447638793,0.9983544445689945
HCC_10136895_20170421.nii.gz,3,foreground,final_decoder_feature,gamma,1x32x192x192x192,hybrid_candidate_action_state_source_tail_context,source_side_downstream_skip,source_side_mask_embedding,5.079926381768018e-07,0.028281671926379204,6.0951992054469883e-05,0.9991765447638793,0.9983544445689945
HCC_10136895_20170421.nii.gz,3,foreground,decoder_stage_1_low_to_high,blur,1x288x24x24x24,hybrid_candidate_action_state_source_tail_context,source_side_downstream_skip,source_side_mask_embedding,0.0029204990714788437,1.4340463876724243,0.005665947683155537,0.919503373428905,0.8510006887730001
HCC_10136895_20170421.nii.gz,3,foreground,penultimate_decoder_stage_output,blur,1x96x96x96x96,hybrid_candidate_action_state_source_tail_context,source_side_downstream_skip,source_side_mask_embedding,0.00013162287359591573,0.8920994400978088,0.0011283663334324956,0.985979662290693,0.9723470285793692
HCC_10136895_20170421.nii.gz,3,foreground,final_decoder_stage_input,blur,1x64x192x192x192,hybrid_candidate_action_state_source_tail_context,source_side_downstream_skip,source_side_mask_embedding,1.223464005306596e-05,0.8570948243141174,0.00032570012263022363,0.9965197636081932,0.9930636672938957
HCC_10136895_20170421.nii.gz,3,foreground,final_decoder_feature,blur,1x32x192x192x192,hybrid_candidate_action_state_source_tail_context,source_side_downstream_skip,source_side_mask_embedding,1.223464005306596e-05,0.8570948243141174,0.00032570012263022363,0.9965197636081932,0.9930636672938957
MET_PA13.nii.gz,0,context,decoder_stage_1_low_to_high,gamma,1x288x24x24x24,hybrid_candidate_action_state_source_tail_context,source_side_downstream_skip,source_side_mask_embedding,7.146167378590578e-33,0.28843286633491516,1.409201435157589e-18,1.0,0.0
MET_PA13.nii.gz,0,context,penultimate_decoder_stage_output,gamma,1x96x96x96x96,hybrid_candidate_action_state_source_tail_context,source_side_downstream_skip,source_side_mask_embedding,4.713961935537768e-33,0.060381051152944565,6.29289490022233e-19,1.0,0.0
MET_PA13.nii.gz,0,context,final_decoder_stage_input,gamma,1x64x192x192x192,hybrid_candidate_action_state_source_tail_context,source_side_downstream_skip,source_side_mask_embedding,1.2191313643541994e-34,0.023262571543455124,3.0881575833082015e-19,1.0,0.0
MET_PA13.nii.gz,0,context,final_decoder_feature,gamma,1x32x192x192x192,hybrid_candidate_action_state_source_tail_context,source_side_downstream_skip,source_side_mask_embedding,1.2191313643541994e-34,0.023262571543455124,3.0881575833082015e-19,1.0,0.0
MET_PA13.nii.gz,0,context,decoder_stage_1_low_to_high,blur,1x288x24x24x24,hybrid_candidate_action_state_source_tail_context,source_side_downstream_skip,source_side_mask_embedding,2.019230811802962e-31,3.57806396484375,6.331529094514655e-18,1.0,0.0
MET_PA13.nii.gz,0,context,penultimate_decoder_stage_output,blur,1x96x96x96x96,hybrid_candidate_action_state_source_tail_context,source_side_downstream_skip,source_side_mask_embedding,7.27388004966794e-30,2.243152141571045,6.523409767618274e-18,1.0,0.0
MET_PA13.nii.gz,0,context,final_decoder_stage_input,blur,1x64x192x192x192,hybrid_candidate_action_state_source_tail_context,source_side_downstream_skip,source_side_mask_embedding,4.8042227835444357e-32,2.0901689529418945,4.911135905669223e-18,1.0,0.0
MET_PA13.nii.gz,0,context,final_decoder_feature,blur,1x32x192x192x192,hybrid_candidate_action_state_source_tail_context,source_side_downstream_skip,source_side_mask_embedding,4.8042227835444357e-32,2.0901689529418945,4.911135905669223e-18,1.0,0.0
MET_PA13.nii.gz,1,context,decoder_stage_1_low_to_high,gamma,1x288x24x24x24,hybrid_candidate_action_state_source_tail_context,source_side_downstream_skip,source_side_mask_embedding,1.4284454664448276e-05,0.3020780086517334,9.44568746490404e-05,0.9849600824105074,0.9703658598467549
MET_PA13.nii.gz,1,context,penultimate_decoder_stage_output,gamma,1x96x96x96x96,hybrid_candidate_action_state_source_tail_context,source_side_downstream_skip,source_side_mask_embedding,1.3961312106403057e-06,0.038046788424253464,3.1432493415195495e-05,0.9956304780618973,0.9912989754414869
MET_PA13.nii.gz,1,context,final_decoder_stage_input,gamma,1x64x192x192x192,hybrid_candidate_action_state_source_tail_context,source_side_downstream_skip,source_side_mask_embedding,8.051705435718759e-08,0.028613824397325516,8.035166501940694e-06,0.998942290328406,0.9978868157921864
MET_PA13.nii.gz,1,context,final_decoder_feature,gamma,1x32x192x192x192,hybrid_candidate_action_state_source_tail_context,source_side_downstream_skip,source_side_mask_embedding,8.051705435718759e-08,0.028613824397325516,8.035166501940694e-06,0.998942290328406,0.9978868157921864
MET_PA13.nii.gz,1,context,decoder_stage_1_low_to_high,blur,1x288x24x24x24,hybrid_candidate_action_state_source_tail_context,source_side_downstream_skip,source_side_mask_embedding,0.0003270411107223481,5.649990558624268,0.0005281231133267283,0.8705317324185249,0.770744745474426
MET_PA13.nii.gz,1,context,penultimate_decoder_stage_output,blur,1x96x96x96x96,hybrid_candidate_action_state_source_tail_context,source_side_downstream_skip,source_side_mask_embedding,2.0084182324353606e-05,4.168465614318848,0.00010344353358959779,0.9778344651659829,0.9566302441656549
MET_PA13.nii.gz,1,context,final_decoder_stage_input,blur,1x64x192x192x192,hybrid_candidate_action_state_source_tail_context,source_side_downstream_skip,source_side_mask_embedding,3.4044776384689612e-06,4.0202860832214355,5.091310231364332e-05,0.9887137843231711,0.9776794828172848
MET_PA13.nii.gz,1,context,final_decoder_feature,blur,1x32x192x192x192,hybrid_candidate_action_state_source_tail_context,source_side_downstream_skip,source_side_mask_embedding,3.4044776384689612e-06,4.0202860832214355,5.091310231364332e-05,0.9887137843231711,0.9776794828172848
MET_PA13.nii.gz,2,foreground,decoder_stage_1_low_to_high,gamma,1x288x24x24x24,hybrid_candidate_action_state_source_tail_context,source_side_downstream_skip,source_side_mask_embedding,6.0550752095878124e-05,0.06599491089582443,0.0005316131864674389,0.9915695382481738,0.98328003353413
MET_PA13.nii.gz,2,foreground,penultimate_decoder_stage_output,gamma,1x96x96x96x96,hybrid_candidate_action_state_source_tail_context,source_side_downstream_skip,source_side_mask_embedding,6.074287284718594e-06,0.02065872587263584,0.0001871523418230936,0.9974749457982003,0.9949626112759644
MET_PA13.nii.gz,2,foreground,final_decoder_stage_input,gamma,1x64x192x192x192,hybrid_candidate_action_state_source_tail_context,source_side_downstream_skip,source_side_mask_embedding,8.912541602512647e-07,0.018553614616394043,7.945932884467766e-05,0.9989134905483188,0.997829339539744
MET_PA13.nii.gz,2,foreground,final_decoder_feature,gamma,1x32x192x192x192,hybrid_candidate_action_state_source_tail_context,source_side_downstream_skip,source_side_mask_embedding,8.912541602512647e-07,0.018553614616394043,7.945932884467766e-05,0.9989134905483188,0.997829339539744
MET_PA13.nii.gz,2,foreground,decoder_stage_1_low_to_high,blur,1x288x24x24x24,hybrid_candidate_action_state_source_tail_context,source_side_downstream_skip,source_side_mask_embedding,0.002516959561035037,1.360842227935791,0.005088158883154392,0.922441531422728,0.8560477768233321
MET_PA13.nii.gz,2,foreground,penultimate_decoder_stage_output,blur,1x96x96x96x96,hybrid_candidate_action_state_source_tail_context,source_side_downstream_skip,source_side_mask_embedding,0.0002363748790230602,0.6470229625701904,0.001532606198452413,0.978935859899885,0.9587408091757103
MET_PA13.nii.gz,2,foreground,final_decoder_stage_input,blur,1x64x192x192x192,hybrid_candidate_action_state_source_tail_context,source_side_downstream_skip,source_side_mask_embedding,3.599766205297783e-05,0.5945003628730774,0.0007363876793533564,0.9907307252842918,0.9816317112827613
MET_PA13.nii.gz,2,foreground,final_decoder_feature,blur,1x32x192x192x192,hybrid_candidate_action_state_source_tail_context,source_side_downstream_skip,source_side_mask_embedding,3.599766205297783e-05,0.5945003628730774,0.0007363876793533564,0.9907307252842918,0.9816317112827613
MET_PA13.nii.gz,3,foreground,decoder_stage_1_low_to_high,gamma,1x288x24x24x24,hybrid_candidate_action_state_source_tail_context,source_side_downstream_skip,source_side_mask_embedding,7.360670861089602e-05,0.11639202386140823,0.0005390112637542188,0.9902575281023174,0.9807030561379221
MET_PA13.nii.gz,3,foreground,penultimate_decoder_stage_output,gamma,1x96x96x96x96,hybrid_candidate_action_state_source_tail_context,source_side_downstream_skip,source_side_mask_embedding,4.3145992094650865e-06,0.04430845007300377,0.00013781101733911783,0.9978141165113805,0.995637768352892
MET_PA13.nii.gz,3,foreground,final_decoder_stage_input,gamma,1x64x192x192x192,hybrid_candidate_action_state_source_tail_context,source_side_downstream_skip,source_side_mask_embedding,5.192461003389326e-07,0.042063988745212555,5.7754725276026875e-05,0.9991007330541227,0.9982030820171919
MET_PA13.nii.gz,3,foreground,final_decoder_feature,gamma,1x32x192x192x192,hybrid_candidate_action_state_source_tail_context,source_side_downstream_skip,source_side_mask_embedding,5.192461003389326e-07,0.042063988745212555,5.7754725276026875e-05,0.9991007330541227,0.9982030820171919
MET_PA13.nii.gz,3,foreground,decoder_stage_1_low_to_high,blur,1x288x24x24x24,hybrid_candidate_action_state_source_tail_context,source_side_downstream_skip,source_side_mask_embedding,0.002064945176243782,1.1671775579452515,0.004045698791742325,0.9328980460437222,0.8742351586790794
MET_PA13.nii.gz,3,foreground,penultimate_decoder_stage_output,blur,1x96x96x96x96,hybrid_candidate_action_state_source_tail_context,source_side_downstream_skip,source_side_mask_embedding,0.000179720766027458,0.3894202411174774,0.001128254341892898,0.9828492506356378,0.9662768780830567
MET_PA13.nii.gz,3,foreground,final_decoder_stage_input,blur,1x64x192x192x192,hybrid_candidate_action_state_source_tail_context,source_side_downstream_skip,source_side_mask_embedding,1.6197640434256755e-05,0.3187982439994812,0.00038124321145005524,0.9943873794493597,0.9888374102791848
MET_PA13.nii.gz,3,foreground,final_decoder_feature,blur,1x32x192x192x192,hybrid_candidate_action_state_source_tail_context,source_side_downstream_skip,source_side_mask_embedding,1.6197640434256755e-05,0.3187982439994812,0.00038124321145005524,0.9943873794493597,0.9888374102791848
HCC_10074592_20130816.nii.gz,0,context,decoder_stage_1_low_to_high,gamma,1x288x24x24x24,hybrid_candidate_action_state_source_tail_context,source_side_downstream_skip,source_side_mask_embedding,3.034283872693777e-05,3.9300107955932617,5.384394171414897e-05,0.9586700531055183,0.9206208425720621
HCC_10074592_20130816.nii.gz,0,context,penultimate_decoder_stage_output,gamma,1x96x96x96x96,hybrid_candidate_action_state_source_tail_context,source_side_downstream_skip,source_side_mask_embedding,8.303344429805293e-07,2.985137462615967,7.68713653087616e-06,0.9940385739333722,0.9881478038577737
HCC_10074592_20130816.nii.gz,0,context,final_decoder_stage_input,gamma,1x64x192x192x192,hybrid_candidate_action_state_source_tail_context,source_side_downstream_skip,source_side_mask_embedding,8.258629691226815e-08,2.8797175884246826,2.4241012397396844e-06,0.9981378026070763,0.9962825278810409
HCC_10074592_20130816.nii.gz,0,context,final_decoder_feature,gamma,1x32x192x192x192,hybrid_candidate_action_state_source_tail_context,source_side_downstream_skip,source_side_mask_embedding,8.258629691226815e-08,2.8797175884246826,2.4241012397396844e-06,0.9981378026070763,0.9962825278810409
HCC_10074592_20130816.nii.gz,0,context,decoder_stage_1_low_to_high,blur,1x288x24x24x24,hybrid_candidate_action_state_source_tail_context,source_side_downstream_skip,source_side_mask_embedding,0.0007606622530147433,1283.073486328125,0.0008992059156298637,0.7433526957375439,0.5915364583333333
HCC_10074592_20130816.nii.gz,0,context,penultimate_decoder_stage_output,blur,1x96x96x96x96,hybrid_candidate_action_state_source_tail_context,source_side_downstream_skip,source_side_mask_embedding,8.725675434106961e-05,1195.681884765625,0.00020056618086528033,0.9523772649837385,0.9090841895188114
HCC_10074592_20130816.nii.gz,0,context,final_decoder_stage_input,blur,1x64x192x192x192,hybrid_candidate_action_state_source_tail_context,source_side_downstream_skip,source_side_mask_embedding,6.299328379100189e-05,1197.462890625,0.0001701698638498783,0.9613654711105986,0.9256051521208084
HCC_10074592_20130816.nii.gz,0,context,final_decoder_feature,blur,1x32x192x192x192,hybrid_candidate_action_state_source_tail_context,source_side_downstream_skip,source_side_mask_embedding,6.299328379100189e-05,1197.462890625,0.0001701698638498783,0.9613654711105986,0.9256051521208084
HCC_10074592_20130816.nii.gz,1,context,decoder_stage_1_low_to_high,gamma,1x288x24x24x24,hybrid_candidate_action_state_source_tail_context,source_side_downstream_skip,source_side_mask_embedding,4.4004998926538974e-05,0.06391040980815887,0.00021351739997044206,0.9903910249154184,0.980964957083951
HCC_10074592_20130816.nii.gz,1,context,penultimate_decoder_stage_output,gamma,1x96x96x96x96,hybrid_candidate_action_state_source_tail_context,source_side_downstream_skip,source_side_mask_embedding,1.7079431700040004e-06,0.024709846824407578,4.587404691847041e-05,0.9981879368366554,0.9963824289405685
HCC_10074592_20130816.nii.gz,1,context,final_decoder_stage_input,gamma,1x64x192x192x192,hybrid_candidate_action_state_source_tail_context,source_side_downstream_skip,source_side_mask_embedding,9.471423823015357e-08,0.01891338638961315,1.3225631846580654e-05,0.9996026013839564,0.9992055184937639
HCC_10074592_20130816.nii.gz,1,context,final_decoder_feature,gamma,1x32x192x192x192,hybrid_candidate_action_state_source_tail_context,source_side_downstream_skip,source_side_mask_embedding,9.471423823015357e-08,0.01891338638961315,1.3225631846580654e-05,0.9996026013839564,0.9992055184937639
HCC_10074592_20130816.nii.gz,1,context,decoder_stage_1_low_to_high,blur,1x288x24x24x24,hybrid_candidate_action_state_source_tail_context,source_side_downstream_skip,source_side_mask_embedding,0.0006841354770585895,2.2542123794555664,0.0011790423886850476,0.9449924000455328,0.8957209408598739
HCC_10074592_20130816.nii.gz,1,context,penultimate_decoder_stage_output,blur,1x96x96x96x96,hybrid_candidate_action_state_source_tail_context,source_side_downstream_skip,source_side_mask_embedding,6.124516221461818e-05,1.7457184791564941,0.00031626937561668456,0.9859664692912512,0.9723213675213676
HCC_10074592_20130816.nii.gz,1,context,final_decoder_stage_input,blur,1x64x192x192x192,hybrid_candidate_action_state_source_tail_context,source_side_downstream_skip,source_side_mask_embedding,1.6196376009247615e-06,1.7000337839126587,6.384387233993039e-05,0.9981208502108824,0.9962487495831944
HCC_10074592_20130816.nii.gz,1,context,final_decoder_feature,blur,1x32x192x192x192,hybrid_candidate_action_state_source_tail_context,source_side_downstream_skip,source_side_mask_embedding,1.6196376009247615e-06,1.7000337839126587,6.384387233993039e-05,0.9981208502108824,0.9962487495831944
HCC_10074592_20130816.nii.gz,2,foreground,decoder_stage_1_low_to_high,gamma,1x288x24x24x24,hybrid_candidate_action_state_source_tail_context,source_side_downstream_skip,source_side_mask_embedding,0.00037966412492096424,0.2783850431442261,0.0014891285682097077,0.9793871932641675,0.9596069996382717
HCC_10074592_20130816.nii.gz,2,foreground,penultimate_decoder_stage_output,gamma,1x96x96x96x96,hybrid_candidate_action_state_source_tail_context,source_side_downstream_skip,source_side_mask_embedding,1.30759135572589e-05,0.21017125248908997,0.00031637208303436637,0.9962196169397829,0.9924677088255264
HCC_10074592_20130816.nii.gz,2,foreground,final_decoder_stage_input,gamma,1x64x192x192x192,hybrid_candidate_action_state_source_tail_context,source_side_downstream_skip,source_side_mask_embedding,2.6262623578077182e-06,0.20111806690692902,0.00016666283772792667,0.9983974358974359,0.9968
HCC_10074592_20130816.nii.gz,2,foreground,final_decoder_feature,gamma,1x32x192x192x192,hybrid_candidate_action_state_source_tail_context,source_side_downstream_skip,source_side_mask_embedding,2.6262623578077182e-06,0.20111806690692902,0.00016666283772792667,0.9983974358974359,0.9968
HCC_10074592_20130816.nii.gz,2,foreground,decoder_stage_1_low_to_high,blur,1x288x24x24x24,hybrid_candidate_action_state_source_tail_context,source_side_downstream_skip,source_side_mask_embedding,0.0028116304893046618,0.8861476182937622,0.005371627863496542,0.9306615571936911,0.870315252813055
HCC_10074592_20130816.nii.gz,2,foreground,penultimate_decoder_stage_output,blur,1x96x96x96x96,hybrid_candidate_action_state_source_tail_context,source_side_downstream_skip,source_side_mask_embedding,0.00013186689466238022,0.3582313060760498,0.001061509014107287,0.987132737373238,0.9745924009955814
HCC_10074592_20130816.nii.gz,2,foreground,final_decoder_stage_input,blur,1x64x192x192x192,hybrid_candidate_action_state_source_tail_context,source_side_downstream_skip,source_side_mask_embedding,3.991104676970281e-06,0.32359784841537476,0.0002169336221413687,0.9981086008388934,0.9962243429523593
HCC_10074592_20130816.nii.gz,2,foreground,final_decoder_feature,blur,1x32x192x192x192,hybrid_candidate_action_state_source_tail_context,source_side_downstream_skip,source_side_mask_embedding,3.991104676970281e-06,0.32359784841537476,0.0002169336221413687,0.9981086008388934,0.9962243429523593
HCC_10074592_20130816.nii.gz,3,foreground,decoder_stage_1_low_to_high,gamma,1x288x24x24x24,hybrid_candidate_action_state_source_tail_context,source_side_downstream_skip,source_side_mask_embedding,0.0003518987214192748,0.14813469350337982,0.0013221038971096277,0.9805468199904602,0.9618360501668989
HCC_10074592_20130816.nii.gz,3,foreground,penultimate_decoder_stage_output,gamma,1x96x96x96x96,hybrid_candidate_action_state_source_tail_context,source_side_downstream_skip,source_side_mask_embedding,7.5122811722394545e-06,0.07341380417346954,0.00020581184071488678,0.9974808241840878,0.9949743089674831
HCC_10074592_20130816.nii.gz,3,foreground,final_decoder_stage_input,gamma,1x64x192x192x192,hybrid_candidate_action_state_source_tail_context,source_side_downstream_skip,source_side_mask_embedding,3.0927105854061665e-07,0.0634305477142334,6.0920505347894505e-05,0.9994709824462357,0.9989425243156711
HCC_10074592_20130816.nii.gz,3,foreground,final_decoder_feature,gamma,1x32x192x192x192,hybrid_candidate_action_state_source_tail_context,source_side_downstream_skip,source_side_mask_embedding,3.0927105854061665e-07,0.0634305477142334,6.0920505347894505e-05,0.9994709824462357,0.9989425243156711
HCC_10074592_20130816.nii.gz,3,foreground,decoder_stage_1_low_to_high,blur,1x288x24x24x24,hybrid_candidate_action_state_source_tail_context,source_side_downstream_skip,source_side_mask_embedding,0.0031616725027561188,0.7624502182006836,0.005538823548704386,0.9244417448570196,0.8594994649863275
HCC_10074592_20130816.nii.gz,3,foreground,penultimate_decoder_stage_output,blur,1x96x96x96x96,hybrid_candidate_action_state_source_tail_context,source_side_downstream_skip,source_side_mask_embedding,0.00014265679055824876,0.14237669110298157,0.001051217201165855,0.9879400021229515,0.9761674250492142
HCC_10074592_20130816.nii.gz,3,foreground,final_decoder_stage_input,blur,1x64x192x192x192,hybrid_candidate_action_state_source_tail_context,source_side_downstream_skip,source_side_mask_embedding,1.3555807527154684e-05,0.09539274871349335,0.0003752072516363114,0.9961762626787347,0.9923816559041152
HCC_10074592_20130816.nii.gz,3,foreground,final_decoder_feature,blur,1x32x192x192x192,hybrid_candidate_action_state_source_tail_context,source_side_downstream_skip,source_side_mask_embedding,1.3555807527154684e-05,0.09539274871349335,0.0003752072516363114,0.9961762626787347,0.9923816559041152
CYST_PA19.nii.gz,0,context,decoder_stage_1_low_to_high,gamma,1x288x24x24x24,hybrid_candidate_action_state_source_tail_context,source_side_downstream_skip,source_side_mask_embedding,2.3790510431828853e-31,3.1716675758361816,3.244002805110196e-18,1.0,0.0
CYST_PA19.nii.gz,0,context,penultimate_decoder_stage_output,gamma,1x96x96x96x96,hybrid_candidate_action_state_source_tail_context,source_side_downstream_skip,source_side_mask_embedding,1.8671064438305624e-31,2.4285199642181396,2.9886674528564087e-18,1.0,0.0
CYST_PA19.nii.gz,0,context,final_decoder_stage_input,gamma,1x64x192x192x192,hybrid_candidate_action_state_source_tail_context,source_side_downstream_skip,source_side_mask_embedding,1.9363606935092574e-31,2.2957425117492676,2.873791297722035e-18,1.0,0.0
CYST_PA19.nii.gz,0,context,final_decoder_feature,gamma,1x32x192x192x192,hybrid_candidate_action_state_source_tail_context,source_side_downstream_skip,source_side_mask_embedding,1.9363606935092574e-31,2.2957425117492676,2.873791297722035e-18,1.0,0.0
CYST_PA19.nii.gz,0,context,decoder_stage_1_low_to_high,blur,1x288x24x24x24,hybrid_candidate_action_state_source_tail_context,source_side_downstream_skip,source_side_mask_embedding,7.457421925684428e-30,6.379904270172119,1.2404449269501344e-17,1.0,0.0
CYST_PA19.nii.gz,0,context,penultimate_decoder_stage_output,blur,1x96x96x96x96,hybrid_candidate_action_state_source_tail_context,source_side_downstream_skip,source_side_mask_embedding,1.3682440918843599e-27,4.349825859069824,3.170905888354651e-17,1.0,0.0
CYST_PA19.nii.gz,0,context,final_decoder_stage_input,blur,1x64x192x192x192,hybrid_candidate_action_state_source_tail_context,source_side_downstream_skip,source_side_mask_embedding,3.8353856645861156e-30,4.150600910186768,9.573315262378362e-18,1.0,0.0
CYST_PA19.nii.gz,0,context,final_decoder_feature,blur,1x32x192x192x192,hybrid_candidate_action_state_source_tail_context,source_side_downstream_skip,source_side_mask_embedding,3.8353856645861156e-30,4.150600910186768,9.573315262378362e-18,1.0,0.0
CYST_PA19.nii.gz,1,context,decoder_stage_1_low_to_high,gamma,1x288x24x24x24,hybrid_candidate_action_state_source_tail_context,source_side_downstream_skip,source_side_mask_embedding,2.4271839720313437e-05,0.26318323612213135,0.00011499163520056754,0.978993137408979,0.958850692662904
CYST_PA19.nii.gz,1,context,penultimate_decoder_stage_output,gamma,1x96x96x96x96,hybrid_candidate_action_state_source_tail_context,source_side_downstream_skip,source_side_mask_embedding,6.026907612977084e-07,0.02341410517692566,1.859734948084224e-05,0.9970426481270105,0.9941027365371683
CYST_PA19.nii.gz,1,context,final_decoder_stage_input,gamma,1x64x192x192x192,hybrid_candidate_action_state_source_tail_context,source_side_downstream_skip,source_side_mask_embedding,1.9116168203936468e-08,0.010082428343594074,4.0421896301268134e-06,0.9990932877386596,0.9981882182420541
CYST_PA19.nii.gz,1,context,final_decoder_feature,gamma,1x32x192x192x192,hybrid_candidate_action_state_source_tail_context,source_side_downstream_skip,source_side_mask_embedding,1.9116168203936468e-08,0.010082428343594074,4.0421896301268134e-06,0.9990932877386596,0.9981882182420541
CYST_PA19.nii.gz,1,context,decoder_stage_1_low_to_high,blur,1x288x24x24x24,hybrid_candidate_action_state_source_tail_context,source_side_downstream_skip,source_side_mask_embedding,0.00039155385456979275,1.9060817956924438,0.0006311658071354032,0.893923839083204,0.808193748920739
CYST_PA19.nii.gz,1,context,penultimate_decoder_stage_output,blur,1x96x96x96x96,hybrid_candidate_action_state_source_tail_context,source_side_downstream_skip,source_side_mask_embedding,3.0224349757190794e-05,0.38220682740211487,0.00014956040831748396,0.9779037650821341,0.9567629071255866
CYST_PA19.nii.gz,1,context,final_decoder_stage_input,blur,1x64x192x192x192,hybrid_candidate_action_state_source_tail_context,source_side_downstream_skip,source_side_mask_embedding,9.71710505837109e-06,0.21241146326065063,9.990989201469347e-05,0.9858580958156459,0.9721106008419441
CYST_PA19.nii.gz,1,context,final_decoder_feature,blur,1x32x192x192x192,hybrid_candidate_action_state_source_tail_context,source_side_downstream_skip,source_side_mask_embedding,9.71710505837109e-06,0.21241146326065063,9.990989201469347e-05,0.9858580958156459,0.9721106008419441
CYST_PA19.nii.gz,2,foreground,decoder_stage_1_low_to_high,gamma,1x288x24x24x24,hybrid_candidate_action_state_source_tail_context,source_side_downstream_skip,source_side_mask_embedding,9.214998863171786e-05,0.06219235807657242,0.0006038477877154946,0.9898806108663998,0.9799639740758174
CYST_PA19.nii.gz,2,foreground,penultimate_decoder_stage_output,gamma,1x96x96x96x96,hybrid_candidate_action_state_source_tail_context,source_side_downstream_skip,source_side_mask_embedding,4.080475264345296e-06,0.00423209136351943,0.00013859306636732072,0.9980074998345289,0.9960229239936585
CYST_PA19.nii.gz,2,foreground,final_decoder_stage_input,gamma,1x64x192x192x192,hybrid_candidate_action_state_source_tail_context,source_side_downstream_skip,source_side_mask_embedding,8.629913850199955e-08,0.000441964395577088,2.301010135852266e-05,0.9996898842994806,0.9993799608828263
CYST_PA19.nii.gz,2,foreground,final_decoder_feature,gamma,1x32x192x192x192,hybrid_candidate_action_state_source_tail_context,source_side_downstream_skip,source_side_mask_embedding,8.629913850199955e-08,0.000441964395577088,2.301010135852266e-05,0.9996898842994806,0.9993799608828263
CYST_PA19.nii.gz,2,foreground,decoder_stage_1_low_to_high,blur,1x288x24x24x24,hybrid_candidate_action_state_source_tail_context,source_side_downstream_skip,source_side_mask_embedding,0.0021134805865585804,0.7608305811882019,0.003964348696172237,0.9406825084866893,0.8880080958003036
CYST_PA19.nii.gz,2,foreground,penultimate_decoder_stage_output,blur,1x96x96x96x96,hybrid_candidate_action_state_source_tail_context,source_side_downstream_skip,source_side_mask_embedding,0.00016414739366155118,0.08240847289562225,0.0010548240970820189,0.9864962658786186,0.9733523742108598
CYST_PA19.nii.gz,2,foreground,final_decoder_stage_input,blur,1x64x192x192x192,hybrid_candidate_action_state_source_tail_context,source_side_downstream_skip,source_side_mask_embedding,9.436303116672207e-06,0.01087120920419693,0.0002763452648650855,0.9965603970950763,0.9931443748184421
CYST_PA19.nii.gz,2,foreground,final_decoder_feature,blur,1x32x192x192x192,hybrid_candidate_action_state_source_tail_context,source_side_downstream_skip,source_side_mask_embedding,9.436303116672207e-06,0.01087120920419693,0.0002763452648650855,0.9965603970950763,0.9931443748184421
CYST_PA19.nii.gz,3,foreground,decoder_stage_1_low_to_high,gamma,1x288x24x24x24,hybrid_candidate_action_state_source_tail_context,source_side_downstream_skip,source_side_mask_embedding,8.778796473052353e-05,0.11119535565376282,0.0004910933203063905,0.9906740144128868,0.9815203695926081
CYST_PA19.nii.gz,3,foreground,penultimate_decoder_stage_output,gamma,1x96x96x96x96,hybrid_candidate_action_state_source_tail_context,source_side_downstream_skip,source_side_mask_embedding,4.307220478949603e-06,0.016800248995423317,0.00011824439570773393,0.9979624998233789,0.9959332855781108
CYST_PA19.nii.gz,3,foreground,final_decoder_stage_input,gamma,1x64x192x192x192,hybrid_candidate_action_state_source_tail_context,source_side_downstream_skip,source_side_mask_embedding,2.0442263348741108e-07,0.00947963073849678,2.9130003895261325e-05,0.9995680272396941,0.9991364275191764
CYST_PA19.nii.gz,3,foreground,final_decoder_feature,gamma,1x32x192x192x192,hybrid_candidate_action_state_source_tail_context,source_side_downstream_skip,source_side_mask_embedding,2.0442263348741108e-07,0.00947963073849678,2.9130003895261325e-05,0.9995680272396941,0.9991364275191764
CYST_PA19.nii.gz,3,foreground,decoder_stage_1_low_to_high,blur,1x288x24x24x24,hybrid_candidate_action_state_source_tail_context,source_side_downstream_skip,source_side_mask_embedding,0.0013620583340525627,0.9413584470748901,0.0024980311281979084,0.9503739533718437,0.9054405199116845
CYST_PA19.nii.gz,3,foreground,penultimate_decoder_stage_output,blur,1x96x96x96x96,hybrid_candidate_action_state_source_tail_context,source_side_downstream_skip,source_side_mask_embedding,9.296020289184526e-05,0.1734590083360672,0.0005958123365417123,0.9892465672399715,0.978721946596482
CYST_PA19.nii.gz,3,foreground,final_decoder_stage_input,blur,1x64x192x192x192,hybrid_candidate_action_state_source_tail_context,source_side_downstream_skip,source_side_mask_embedding,3.546072093740804e-06,0.06003547087311745,0.00013439841859508306,0.9977488448778294,0.9955078023893199
CYST_PA19.nii.gz,3,foreground,final_decoder_feature,blur,1x32x192x192x192,hybrid_candidate_action_state_source_tail_context,source_side_downstream_skip,source_side_mask_embedding,3.546072093740804e-06,0.06003547087311745,0.00013439841859508306,0.9977488448778294,0.9955078023893199
HEM_PA13.nii.gz,0,context,decoder_stage_1_low_to_high,gamma,1x288x24x24x24,hybrid_candidate_action_state_source_tail_context,source_side_downstream_skip,source_side_mask_embedding,1.7303879284958869e-32,0.1980248987674713,2.0923694894748283e-18,1.0,0.0
HEM_PA13.nii.gz,0,context,penultimate_decoder_stage_output,gamma,1x96x96x96x96,hybrid_candidate_action_state_source_tail_context,source_side_downstream_skip,source_side_mask_embedding,5.035297275330456e-33,0.03623442351818085,9.2858478724348e-19,1.0,0.0
HEM_PA13.nii.gz,0,context,final_decoder_stage_input,gamma,1x64x192x192x192,hybrid_candidate_action_state_source_tail_context,source_side_downstream_skip,source_side_mask_embedding,5.94127905684201e-35,0.002055737189948559,1.2766949850918074e-19,1.0,0.0
HEM_PA13.nii.gz,0,context,final_decoder_feature,gamma,1x32x192x192x192,hybrid_candidate_action_state_source_tail_context,source_side_downstream_skip,source_side_mask_embedding,5.94127905684201e-35,0.002055737189948559,1.2766949850918074e-19,1.0,0.0
HEM_PA13.nii.gz,0,context,decoder_stage_1_low_to_high,blur,1x288x24x24x24,hybrid_candidate_action_state_source_tail_context,source_side_downstream_skip,source_side_mask_embedding,1.002486267762614e-31,5.722640514373779,7.749320800333607e-18,1.0,0.0
HEM_PA13.nii.gz,0,context,penultimate_decoder_stage_output,blur,1x96x96x96x96,hybrid_candidate_action_state_source_tail_context,source_side_downstream_skip,source_side_mask_embedding,5.6668446074610426e-30,3.797581195831299,2.5580011195275646e-17,1.0,0.0
HEM_PA13.nii.gz,0,context,final_decoder_stage_input,blur,1x64x192x192x192,hybrid_candidate_action_state_source_tail_context,source_side_downstream_skip,source_side_mask_embedding,2.974100154402467e-31,3.3322877883911133,1.4188069873027998e-17,1.0,0.0
HEM_PA13.nii.gz,0,context,final_decoder_feature,blur,1x32x192x192x192,hybrid_candidate_action_state_source_tail_context,source_side_downstream_skip,source_side_mask_embedding,2.974100154402467e-31,3.3322877883911133,1.4188069873027998e-17,1.0,0.0
HEM_PA13.nii.gz,1,context,decoder_stage_1_low_to_high,gamma,1x288x24x24x24,hybrid_candidate_action_state_source_tail_context,source_side_downstream_skip,source_side_mask_embedding,8.055858052102849e-05,0.5377467274665833,0.00028203200781717896,0.963919806062322,0.9303525071731111
HEM_PA13.nii.gz,1,context,penultimate_decoder_stage_output,gamma,1x96x96x96x96,hybrid_candidate_action_state_source_tail_context,source_side_downstream_skip,source_side_mask_embedding,1.9625804270617664e-06,0.2936705946922302,4.7634963266318664e-05,0.99506168530895,0.990171904844591
HEM_PA13.nii.gz,1,context,final_decoder_stage_input,gamma,1x64x192x192x192,hybrid_candidate_action_state_source_tail_context,source_side_downstream_skip,source_side_mask_embedding,4.88965270051267e-07,0.2659134268760681,2.57135288848076e-05,0.997422231511478,0.9948577186338209
HEM_PA13.nii.gz,1,context,final_decoder_feature,gamma,1x32x192x192x192,hybrid_candidate_action_state_source_tail_context,source_side_downstream_skip,source_side_mask_embedding,4.88965270051267e-07,0.2659134268760681,2.57135288848076e-05,0.997422231511478,0.9948577186338209
HEM_PA13.nii.gz,1,context,decoder_stage_1_low_to_high,blur,1x288x24x24x24,hybrid_candidate_action_state_source_tail_context,source_side_downstream_skip,source_side_mask_embedding,0.0005125096067786217,1.3486647605895996,0.0007810775423422456,0.8811636239549565,0.7875714830346932
HEM_PA13.nii.gz,1,context,penultimate_decoder_stage_output,blur,1x96x96x96x96,hybrid_candidate_action_state_source_tail_context,source_side_downstream_skip,source_side_mask_embedding,1.4092246601649094e-05,0.2498479187488556,9.377559763379395e-05,0.9861906521337521,0.9727575053528313
HEM_PA13.nii.gz,1,context,final_decoder_stage_input,blur,1x64x192x192x192,hybrid_candidate_action_state_source_tail_context,source_side_downstream_skip,source_side_mask_embedding,2.39395558310207e-06,0.04536003619432449,4.7451565478695557e-05,0.9924510007618256,0.9850151223535881
HEM_PA13.nii.gz,1,context,final_decoder_feature,blur,1x32x192x192x192,hybrid_candidate_action_state_source_tail_context,source_side_downstream_skip,source_side_mask_embedding,2.39395558310207e-06,0.04536003619432449,4.7451565478695557e-05,0.9924510007618256,0.9850151223535881
HEM_PA13.nii.gz,2,foreground,decoder_stage_1_low_to_high,gamma,1x288x24x24x24,hybrid_candidate_action_state_source_tail_context,source_side_downstream_skip,source_side_mask_embedding,0.00016940495697781444,0.12730273604393005,0.0012628590920940042,0.9881029882031435,0.9764857260014422
HEM_PA13.nii.gz,2,foreground,penultimate_decoder_stage_output,gamma,1x96x96x96x96,hybrid_candidate_action_state_source_tail_context,source_side_downstream_skip,source_side_mask_embedding,1.840956429077778e-05,0.07161460071802139,0.0004693205701187253,0.9961366580449633,0.9923030520319374
HEM_PA13.nii.gz,2,foreground,final_decoder_stage_input,gamma,1x64x192x192x192,hybrid_candidate_action_state_source_tail_context,source_side_downstream_skip,source_side_mask_embedding,3.961820311815245e-06,0.06813803315162659,0.0002483456628397107,0.9979425775240496,0.9958936036402649
HEM_PA13.nii.gz,2,foreground,final_decoder_feature,gamma,1x32x192x192x192,hybrid_candidate_action_state_source_tail_context,source_side_downstream_skip,source_side_mask_embedding,3.961820311815245e-06,0.06813803315162659,0.0002483456628397107,0.9979425775240496,0.9958936036402649
HEM_PA13.nii.gz,2,foreground,decoder_stage_1_low_to_high,blur,1x288x24x24x24,hybrid_candidate_action_state_source_tail_context,source_side_downstream_skip,source_side_mask_embedding,0.0028855467680841684,1.4247347116470337,0.006584325339645147,0.9394765388145635,0.8858611555508931
HEM_PA13.nii.gz,2,foreground,penultimate_decoder_stage_output,blur,1x96x96x96x96,hybrid_candidate_action_state_source_tail_context,source_side_downstream_skip,source_side_mask_embedding,0.0004800473398063332,0.5926949381828308,0.002695634262636304,0.9773397341049332,0.9556836876316227
HEM_PA13.nii.gz,2,foreground,final_decoder_stage_input,blur,1x64x192x192x192,hybrid_candidate_action_state_source_tail_context,source_side_downstream_skip,source_side_mask_embedding,0.0001349718659184873,0.5120421648025513,0.0016173372277989984,0.9874918032786886,0.9752926509398832
HEM_PA13.nii.gz,2,foreground,final_decoder_feature,blur,1x32x192x192x192,hybrid_candidate_action_state_source_tail_context,source_side_downstream_skip,source_side_mask_embedding,0.0001349718659184873,0.5120421648025513,0.0016173372277989984,0.9874918032786886,0.9752926509398832
HEM_PA13.nii.gz,3,foreground,decoder_stage_1_low_to_high,gamma,1x288x24x24x24,hybrid_candidate_action_state_source_tail_context,source_side_downstream_skip,source_side_mask_embedding,0.0001271990913664922,0.14095227420330048,0.0008212438551709056,0.9903517811681993,0.9808879594856037
HEM_PA13.nii.gz,3,foreground,penultimate_decoder_stage_output,gamma,1x96x96x96x96,hybrid_candidate_action_state_source_tail_context,source_side_downstream_skip,source_side_mask_embedding,1.2140343642386142e-05,0.0749657079577446,0.00029813649598509073,0.997065536354744,0.994148244473342
HEM_PA13.nii.gz,3,foreground,final_decoder_stage_input,gamma,1x64x192x192x192,hybrid_candidate_action_state_source_tail_context,source_side_downstream_skip,source_side_mask_embedding,3.275247536294046e-06,0.07001755386590958,0.0001718569255899638,0.9983108108108109,0.9966273187183811
HEM_PA13.nii.gz,3,foreground,final_decoder_feature,gamma,1x32x192x192x192,hybrid_candidate_action_state_source_tail_context,source_side_downstream_skip,source_side_mask_embedding,3.275247536294046e-06,0.07001755386590958,0.0001718569255899638,0.9983108108108109,0.9966273187183811
HEM_PA13.nii.gz,3,foreground,decoder_stage_1_low_to_high,blur,1x288x24x24x24,hybrid_candidate_action_state_source_tail_context,source_side_downstream_skip,source_side_mask_embedding,0.002522536087781191,2.094322443008423,0.005213654600083828,0.9408391236969581,0.8882872703728624
HEM_PA13.nii.gz,3,foreground,penultimate_decoder_stage_output,blur,1x96x96x96x96,hybrid_candidate_action_state_source_tail_context,source_side_downstream_skip,source_side_mask_embedding,0.0002955071977339685,1.207897663116455,0.0017551888013258576,0.9817115839869244,0.9640800862987705
HEM_PA13.nii.gz,3,foreground,final_decoder_stage_input,blur,1x64x192x192x192,hybrid_candidate_action_state_source_tail_context,source_side_downstream_skip,source_side_mask_embedding,0.00010932723671430722,1.144964337348938,0.001185697503387928,0.9882813659862689,0.9768342034637822
HEM_PA13.nii.gz,3,foreground,final_decoder_feature,blur,1x32x192x192x192,hybrid_candidate_action_state_source_tail_context,source_side_downstream_skip,source_side_mask_embedding,0.00010932723671430722,1.144964337348938,0.001185697503387928,0.9882813659862689,0.9768342034637822
HCC_10142924_20170911.nii.gz,0,context,decoder_stage_1_low_to_high,gamma,1x288x24x24x24,hybrid_candidate_action_state_source_tail_context,source_side_downstream_skip,source_side_mask_embedding,8.227522630477324e-05,4.445908546447754,0.00018778664525598288,0.9497642297553187,0.9043342996535388
HCC_10142924_20170911.nii.gz,0,context,penultimate_decoder_stage_output,gamma,1x96x96x96x96,hybrid_candidate_action_state_source_tail_context,source_side_downstream_skip,source_side_mask_embedding,2.2423544123739703e-06,4.010815620422363,3.177327016601339e-05,0.9918747012757821,0.9838803792851933
HCC_10142924_20170911.nii.gz,0,context,final_decoder_stage_input,gamma,1x64x192x192x192,hybrid_candidate_action_state_source_tail_context,source_side_downstream_skip,source_side_mask_embedding,3.5148781307725585e-07,3.9065423011779785,1.4225311133486684e-05,0.9968523534148306,0.9937244600116755
HCC_10142924_20170911.nii.gz,0,context,final_decoder_feature,gamma,1x32x192x192x192,hybrid_candidate_action_state_source_tail_context,source_side_downstream_skip,source_side_mask_embedding,3.5148781307725585e-07,3.9065423011779785,1.4225311133486684e-05,0.9968523534148306,0.9937244600116755
HCC_10142924_20170911.nii.gz,0,context,decoder_stage_1_low_to_high,blur,1x288x24x24x24,hybrid_candidate_action_state_source_tail_context,source_side_downstream_skip,source_side_mask_embedding,0.0009457097621634603,166.6092987060547,0.0012987368972972035,0.7667016255899318,0.6216675879076491
HCC_10142924_20170911.nii.gz,0,context,penultimate_decoder_stage_output,blur,1x96x96x96x96,hybrid_candidate_action_state_source_tail_context,source_side_downstream_skip,source_side_mask_embedding,4.123957478441298e-05,157.40875244140625,0.00022929170518182218,0.9755555555555555,0.9522776572668112
HCC_10142924_20170911.nii.gz,0,context,final_decoder_stage_input,blur,1x64x192x192x192,hybrid_candidate_action_state_source_tail_context,source_side_downstream_skip,source_side_mask_embedding,2.1875604943488725e-05,157.8497772216797,0.00018243465456180274,0.9818622133649504,0.9643706640237859
HCC_10142924_20170911.nii.gz,0,context,final_decoder_feature,blur,1x32x192x192x192,hybrid_candidate_action_state_source_tail_context,source_side_downstream_skip,source_side_mask_embedding,2.1875604943488725e-05,157.8497772216797,0.00018243465456180274,0.9818622133649504,0.9643706640237859
HCC_10142924_20170911.nii.gz,1,context,decoder_stage_1_low_to_high,gamma,1x288x24x24x24,hybrid_candidate_action_state_source_tail_context,source_side_downstream_skip,source_side_mask_embedding,5.175709520699456e-05,0.13195262849330902,0.0002441332908347249,0.9906717460033738,0.9815159162350025
HCC_10142924_20170911.nii.gz,1,context,penultimate_decoder_stage_output,gamma,1x96x96x96x96,hybrid_candidate_action_state_source_tail_context,source_side_downstream_skip,source_side_mask_embedding,3.947296136175282e-06,0.05030020698904991,6.591098645003513e-05,0.9978208869942246,0.9956512504052498
HCC_10142924_20170911.nii.gz,1,context,final_decoder_stage_input,gamma,1x64x192x192x192,hybrid_candidate_action_state_source_tail_context,source_side_downstream_skip,source_side_mask_embedding,9.297887118009385e-07,0.04496294632554054,3.8637019315501675e-05,0.9987881236113917,0.9975791809562236
HCC_10142924_20170911.nii.gz,1,context,final_decoder_feature,gamma,1x32x192x192x192,hybrid_candidate_action_state_source_tail_context,source_side_downstream_skip,source_side_mask_embedding,9.297887118009385e-07,0.04496294632554054,3.8637019315501675e-05,0.9987881236113917,0.9975791809562236
HCC_10142924_20170911.nii.gz,1,context,decoder_stage_1_low_to_high,blur,1x288x24x24x24,hybrid_candidate_action_state_source_tail_context,source_side_downstream_skip,source_side_mask_embedding,0.0007668465841561556,1.2295359373092651,0.0013631765032187104,0.9477157642869067,0.9006271614861506
HCC_10142924_20170911.nii.gz,1,context,penultimate_decoder_stage_output,blur,1x96x96x96x96,hybrid_candidate_action_state_source_tail_context,source_side_downstream_skip,source_side_mask_embedding,2.7256111934548244e-05,0.8152758479118347,0.0002307483955519274,0.9919491382886874,0.9840268740058509
HCC_10142924_20170911.nii.gz,1,context,final_decoder_stage_input,blur,1x64x192x192x192,hybrid_candidate_action_state_source_tail_context,source_side_downstream_skip,source_side_mask_embedding,2.2237018129089847e-06,0.7680792808532715,8.898923260858282e-05,0.9976624485851071,0.9953357999775759
HCC_10142924_20170911.nii.gz,1,context,final_decoder_feature,blur,1x32x192x192x192,hybrid_candidate_action_state_source_tail_context,source_side_downstream_skip,source_side_mask_embedding,2.2237018129089847e-06,0.7680792808532715,8.898923260858282e-05,0.9976624485851071,0.9953357999775759
HCC_10142924_20170911.nii.gz,2,foreground,decoder_stage_1_low_to_high,gamma,1x288x24x24x24,hybrid_candidate_action_state_source_tail_context,source_side_downstream_skip,source_side_mask_embedding,0.00011697025183821097,0.07446729391813278,0.0005963285220786929,0.9883825446047368,0.9770319198560607
HCC_10142924_20170911.nii.gz,2,foreground,penultimate_decoder_stage_output,gamma,1x96x96x96x96,hybrid_candidate_action_state_source_tail_context,source_side_downstream_skip,source_side_mask_embedding,9.201616194332018e-06,0.009560840204358101,0.00014739218750037253,0.9974589440375433,0.9949307692740479
HCC_10142924_20170911.nii.gz,2,foreground,final_decoder_stage_input,gamma,1x64x192x192x192,hybrid_candidate_action_state_source_tail_context,source_side_downstream_skip,source_side_mask_embedding,1.3014716842008056e-06,0.0024818105157464743,6.714361370541155e-05,0.9987315918381183,0.9974663973185568
HCC_10142924_20170911.nii.gz,2,foreground,final_decoder_feature,gamma,1x32x192x192x192,hybrid_candidate_action_state_source_tail_context,source_side_downstream_skip,source_side_mask_embedding,1.3014716842008056e-06,0.0024818105157464743,6.714361370541155e-05,0.9987315918381183,0.9974663973185568
HCC_10142924_20170911.nii.gz,2,foreground,decoder_stage_1_low_to_high,blur,1x288x24x24x24,hybrid_candidate_action_state_source_tail_context,source_side_downstream_skip,source_side_mask_embedding,0.0020933900959789753,2.599541187286377,0.004064657725393772,0.9218656161326758,0.8550563175862139
HCC_10142924_20170911.nii.gz,2,foreground,penultimate_decoder_stage_output,blur,1x96x96x96x96,hybrid_candidate_action_state_source_tail_context,source_side_downstream_skip,source_side_mask_embedding,8.046934817684814e-05,1.674676537513733,0.0007887068786658347,0.9876587114161087,0.9756183241302845
HCC_10142924_20170911.nii.gz,2,foreground,final_decoder_stage_input,blur,1x64x192x192x192,hybrid_candidate_action_state_source_tail_context,source_side_downstream_skip,source_side_mask_embedding,1.6989897630992346e-05,1.661741018295288,0.00037145373062230647,0.9955399888430337,0.99111958443855
HCC_10142924_20170911.nii.gz,2,foreground,final_decoder_feature,blur,1x32x192x192x192,hybrid_candidate_action_state_source_tail_context,source_side_downstream_skip,source_side_mask_embedding,1.6989897630992346e-05,1.661741018295288,0.00037145373062230647,0.9955399888430337,0.99111958443855
HCC_10142924_20170911.nii.gz,3,foreground,decoder_stage_1_low_to_high,gamma,1x288x24x24x24,hybrid_candidate_action_state_source_tail_context,source_side_downstream_skip,source_side_mask_embedding,0.00012076301936758682,0.049442317336797714,0.0005914756329730153,0.9876345440800605,0.9755711618810561
HCC_10142924_20170911.nii.gz,3,foreground,penultimate_decoder_stage_output,gamma,1x96x96x96x96,hybrid_candidate_action_state_source_tail_context,source_side_downstream_skip,source_side_mask_embedding,1.240836991200922e-05,0.005961135495454073,0.00014695429126732051,0.9970473567817394,0.9941120984361013
HCC_10142924_20170911.nii.gz,3,foreground,final_decoder_stage_input,gamma,1x64x192x192x192,hybrid_candidate_action_state_source_tail_context,source_side_downstream_skip,source_side_mask_embedding,2.8233515081410587e-08,0.0002958571712952107,1.0850826583919115e-05,0.999785707602551,0.9995715070278882
HCC_10142924_20170911.nii.gz,3,foreground,final_decoder_feature,gamma,1x32x192x192x192,hybrid_candidate_action_state_source_tail_context,source_side_downstream_skip,source_side_mask_embedding,2.8233515081410587e-08,0.0002958571712952107,1.0850826583919115e-05,0.999785707602551,0.9995715070278882
HCC_10142924_20170911.nii.gz,3,foreground,decoder_stage_1_low_to_high,blur,1x288x24x24x24,hybrid_candidate_action_state_source_tail_context,source_side_downstream_skip,source_side_mask_embedding,0.0018856191309168935,2.3193306922912598,0.003568981308490038,0.9278114015068436,0.8653434692467173
HCC_10142924_20170911.nii.gz,3,foreground,penultimate_decoder_stage_output,blur,1x96x96x96x96,hybrid_candidate_action_state_source_tail_context,source_side_downstream_skip,source_side_mask_embedding,5.179350409889594e-05,1.339407205581665,0.0005527762696146965,0.991428209749658,0.9830021217464064
HCC_10142924_20170911.nii.gz,3,foreground,final_decoder_stage_input,blur,1x64x192x192x192,hybrid_candidate_action_state_source_tail_context,source_side_downstream_skip,source_side_mask_embedding,1.5066451851453166e-05,1.3301645517349243,0.0003041574964299798,0.9955672530821443,0.9911736312232795
HCC_10142924_20170911.nii.gz,3,foreground,final_decoder_feature,blur,1x32x192x192x192,hybrid_candidate_action_state_source_tail_context,source_side_downstream_skip,source_side_mask_embedding,1.5066451851453166e-05,1.3301645517349243,0.0003041574964299798,0.9955672530821443,0.9911736312232795
MET_PA25.nii.gz,0,context,decoder_stage_1_low_to_high,gamma,1x288x24x24x24,hybrid_candidate_action_state_source_tail_context,source_side_downstream_skip,source_side_mask_embedding,1.078152857492144e-33,0.37268468737602234,8.300497919052444e-19,1.0,0.0
MET_PA25.nii.gz,0,context,penultimate_decoder_stage_output,gamma,1x96x96x96x96,hybrid_candidate_action_state_source_tail_context,source_side_downstream_skip,source_side_mask_embedding,7.408448912769328e-34,0.1387045532464981,6.1122619188954765e-19,1.0,0.0
MET_PA25.nii.gz,0,context,final_decoder_stage_input,gamma,1x64x192x192x192,hybrid_candidate_action_state_source_tail_context,source_side_downstream_skip,source_side_mask_embedding,7.580495367981632e-34,0.13080063462257385,6.935479819326492e-19,1.0,0.0
MET_PA25.nii.gz,0,context,final_decoder_feature,gamma,1x32x192x192x192,hybrid_candidate_action_state_source_tail_context,source_side_downstream_skip,source_side_mask_embedding,7.580495367981632e-34,0.13080063462257385,6.935479819326492e-19,1.0,0.0
MET_PA25.nii.gz,0,context,decoder_stage_1_low_to_high,blur,1x288x24x24x24,hybrid_candidate_action_state_source_tail_context,source_side_downstream_skip,source_side_mask_embedding,6.968872414570249e-32,7.994674205780029,7.429895080628905e-18,1.0,0.0
MET_PA25.nii.gz,0,context,penultimate_decoder_stage_output,blur,1x96x96x96x96,hybrid_candidate_action_state_source_tail_context,source_side_downstream_skip,source_side_mask_embedding,1.2989967243959505e-31,6.393186092376709,7.97622223262119e-18,1.0,0.0
MET_PA25.nii.gz,0,context,final_decoder_stage_input,blur,1x64x192x192x192,hybrid_candidate_action_state_source_tail_context,source_side_downstream_skip,source_side_mask_embedding,4.961828657998872e-32,6.456765174865723,7.82466123770555e-18,1.0,0.0
MET_PA25.nii.gz,0,context,final_decoder_feature,blur,1x32x192x192x192,hybrid_candidate_action_state_source_tail_context,source_side_downstream_skip,source_side_mask_embedding,4.961828657998872e-32,6.456765174865723,7.82466123770555e-18,1.0,0.0
MET_PA25.nii.gz,1,context,decoder_stage_1_low_to_high,gamma,1x288x24x24x24,hybrid_candidate_action_state_source_tail_context,source_side_downstream_skip,source_side_mask_embedding,8.706957305548713e-05,0.21103397011756897,0.00028112935251556337,0.9757702662279389,0.9526869158878505
MET_PA25.nii.gz,1,context,penultimate_decoder_stage_output,gamma,1x96x96x96x96,hybrid_candidate_action_state_source_tail_context,source_side_downstream_skip,source_side_mask_embedding,1.6589256119914353e-06,0.09161244332790375,4.364662163425237e-05,0.9967424343340155,0.9935060232238129
MET_PA25.nii.gz,1,context,final_decoder_stage_input,gamma,1x64x192x192x192,hybrid_candidate_action_state_source_tail_context,source_side_downstream_skip,source_side_mask_embedding,1.0823335117038368e-07,0.08971641212701797,1.2158541721873917e-05,0.9990216564202288,0.998045225281753
MET_PA25.nii.gz,1,context,final_decoder_feature,gamma,1x32x192x192x192,hybrid_candidate_action_state_source_tail_context,source_side_downstream_skip,source_side_mask_embedding,1.0823335117038368e-07,0.08971641212701797,1.2158541721873917e-05,0.9990216564202288,0.998045225281753
MET_PA25.nii.gz,1,context,decoder_stage_1_low_to_high,blur,1x288x24x24x24,hybrid_candidate_action_state_source_tail_context,source_side_downstream_skip,source_side_mask_embedding,0.0009203901863656938,1.3283060789108276,0.0014474962372332811,0.8332418450687825,0.714151293091158
MET_PA25.nii.gz,1,context,penultimate_decoder_stage_output,blur,1x96x96x96x96,hybrid_candidate_action_state_source_tail_context,source_side_downstream_skip,source_side_mask_embedding,3.3657659514574334e-05,0.34959861636161804,0.00021423283033072948,0.9755966952264382,0.9523560600403256
MET_PA25.nii.gz,1,context,final_decoder_stage_input,blur,1x64x192x192x192,hybrid_candidate_action_state_source_tail_context,source_side_downstream_skip,source_side_mask_embedding,9.521321771899238e-06,0.2572474181652069,0.00014595632092095912,0.9849883199938728,0.9704206753442747
MET_PA25.nii.gz,1,context,final_decoder_feature,blur,1x32x192x192x192,hybrid_candidate_action_state_source_tail_context,source_side_downstream_skip,source_side_mask_embedding,9.521321771899238e-06,0.2572474181652069,0.00014595632092095912,0.9849883199938728,0.9704206753442747
MET_PA25.nii.gz,2,foreground,decoder_stage_1_low_to_high,gamma,1x288x24x24x24,hybrid_candidate_action_state_source_tail_context,source_side_downstream_skip,source_side_mask_embedding,7.179145904956385e-05,0.05851443111896515,0.0005031694890931249,0.9908000669835504,0.9817678683569638
MET_PA25.nii.gz,2,foreground,penultimate_decoder_stage_output,gamma,1x96x96x96x96,hybrid_candidate_action_state_source_tail_context,source_side_downstream_skip,source_side_mask_embedding,4.766857273352798e-06,0.009166347794234753,0.00014139660925138742,0.9977181797062543,0.9954467491127856
MET_PA25.nii.gz,2,foreground,final_decoder_stage_input,gamma,1x64x192x192x192,hybrid_candidate_action_state_source_tail_context,source_side_downstream_skip,source_side_mask_embedding,8.751836730880314e-07,0.004620740655809641,6.744707934558392e-05,0.9989109733627182,0.9978243161031543
MET_PA25.nii.gz,2,foreground,final_decoder_feature,gamma,1x32x192x192x192,hybrid_candidate_action_state_source_tail_context,source_side_downstream_skip,source_side_mask_embedding,8.751836730880314e-07,0.004620740655809641,6.744707934558392e-05,0.9989109733627182,0.9978243161031543
MET_PA25.nii.gz,2,foreground,decoder_stage_1_low_to_high,blur,1x288x24x24x24,hybrid_candidate_action_state_source_tail_context,source_side_downstream_skip,source_side_mask_embedding,0.001873992383480072,0.7637796998023987,0.00352746294811368,0.9337452430837645,0.8757243398231508
MET_PA25.nii.gz,2,foreground,penultimate_decoder_stage_output,blur,1x96x96x96x96,hybrid_candidate_action_state_source_tail_context,source_side_downstream_skip,source_side_mask_embedding,0.00011430130689404905,0.14894044399261475,0.0007625757716596127,0.9867020099167699,0.9737530514944813
MET_PA25.nii.gz,2,foreground,final_decoder_stage_input,blur,1x64x192x192x192,hybrid_candidate_action_state_source_tail_context,source_side_downstream_skip,source_side_mask_embedding,2.3117553382689948e-07,0.05694020166993141,4.469130726647563e-05,0.9994651472784865,0.998930866385996
MET_PA25.nii.gz,2,foreground,final_decoder_feature,blur,1x32x192x192x192,hybrid_candidate_action_state_source_tail_context,source_side_downstream_skip,source_side_mask_embedding,2.3117553382689948e-07,0.05694020166993141,4.469130726647563e-05,0.9994651472784865,0.998930866385996
MET_PA25.nii.gz,3,foreground,decoder_stage_1_low_to_high,gamma,1x288x24x24x24,hybrid_candidate_action_state_source_tail_context,source_side_downstream_skip,source_side_mask_embedding,8.309831173392013e-05,0.055502671748399734,0.0005150468205101788,0.9902997552792142,0.9807858921070813
MET_PA25.nii.gz,3,foreground,penultimate_decoder_stage_output,gamma,1x96x96x96x96,hybrid_candidate_action_state_source_tail_context,source_side_downstream_skip,source_side_mask_embedding,4.448854724614648e-06,0.021636171266436577,0.00013925782695878297,0.9977624899812985,0.9955349705108127
MET_PA25.nii.gz,3,foreground,final_decoder_stage_input,gamma,1x64x192x192x192,hybrid_candidate_action_state_source_tail_context,source_side_downstream_skip,source_side_mask_embedding,5.237245659373002e-07,0.01974562741816044,5.29408898728434e-05,0.999148832008367,0.9982991117583627
MET_PA25.nii.gz,3,foreground,final_decoder_feature,gamma,1x32x192x192x192,hybrid_candidate_action_state_source_tail_context,source_side_downstream_skip,source_side_mask_embedding,5.237245659373002e-07,0.01974562741816044,5.29408898728434e-05,0.999148832008367,0.9982991117583627
MET_PA25.nii.gz,3,foreground,decoder_stage_1_low_to_high,blur,1x288x24x24x24,hybrid_candidate_action_state_source_tail_context,source_side_downstream_skip,source_side_mask_embedding,0.001764805754646659,0.9755550622940063,0.003627026453614235,0.9311817906017597,0.8712256045170002
MET_PA25.nii.gz,3,foreground,penultimate_decoder_stage_output,blur,1x96x96x96x96,hybrid_candidate_action_state_source_tail_context,source_side_downstream_skip,source_side_mask_embedding,0.00014099679538048804,0.4543626606464386,0.0010112655581906438,0.9832134556406695,0.9669811831156605
MET_PA25.nii.gz,3,foreground,final_decoder_stage_input,blur,1x64x192x192x192,hybrid_candidate_action_state_source_tail_context,source_side_downstream_skip,source_side_mask_embedding,6.646499059570488e-06,0.4132751524448395,0.00021311304590199143,0.9972081281229416,0.9944318019414488
MET_PA25.nii.gz,3,foreground,final_decoder_feature,blur,1x32x192x192x192,hybrid_candidate_action_state_source_tail_context,source_side_downstream_skip,source_side_mask_embedding,6.646499059570488e-06,0.4132751524448395,0.00021311304590199143,0.9972081281229416,0.9944318019414488
HCC_10147777_20171222.nii.gz,0,context,decoder_stage_1_low_to_high,gamma,1x288x24x24x24,hybrid_candidate_action_state_source_tail_context,source_side_downstream_skip,source_side_mask_embedding,0.00020853689056821167,0.9377866983413696,0.0005975281237624586,0.9547738693467337,0.9134615384615384
HCC_10147777_20171222.nii.gz,0,context,penultimate_decoder_stage_output,gamma,1x96x96x96x96,hybrid_candidate_action_state_source_tail_context,source_side_downstream_skip,source_side_mask_embedding,4.2099040911125485e-06,0.8054236173629761,8.423627878073603e-05,0.9936117289970524,0.9873045599059275
HCC_10147777_20171222.nii.gz,0,context,final_decoder_stage_input,gamma,1x64x192x192x192,hybrid_candidate_action_state_source_tail_context,source_side_downstream_skip,source_side_mask_embedding,1.5112541404960211e-06,0.8117702603340149,5.6026128731900826e-05,0.9957793911826452,0.991594259706888
HCC_10147777_20171222.nii.gz,0,context,final_decoder_feature,gamma,1x32x192x192x192,hybrid_candidate_action_state_source_tail_context,source_side_downstream_skip,source_side_mask_embedding,1.5112541404960211e-06,0.8117702603340149,5.6026128731900826e-05,0.9957793911826452,0.991594259706888
HCC_10147777_20171222.nii.gz,0,context,decoder_stage_1_low_to_high,blur,1x288x24x24x24,hybrid_candidate_action_state_source_tail_context,source_side_downstream_skip,source_side_mask_embedding,0.0013758530840277672,2.723175525665283,0.0020588019397109747,0.8470575959933222,0.7346920306249887
HCC_10147777_20171222.nii.gz,0,context,penultimate_decoder_stage_output,blur,1x96x96x96x96,hybrid_candidate_action_state_source_tail_context,source_side_downstream_skip,source_side_mask_embedding,8.08587865321897e-05,1.8979766368865967,0.0003962049668189138,0.9715674899165699,0.9447070958868784
HCC_10147777_20171222.nii.gz,0,context,final_decoder_stage_input,blur,1x64x192x192x192,hybrid_candidate_action_state_source_tail_context,source_side_downstream_skip,source_side_mask_embedding,6.228075108083431e-06,1.875064730644226,0.000108983731479384,0.9925354375457656,0.9851814887939077
HCC_10147777_20171222.nii.gz,0,context,final_decoder_feature,blur,1x32x192x192x192,hybrid_candidate_action_state_source_tail_context,source_side_downstream_skip,source_side_mask_embedding,6.228075108083431e-06,1.875064730644226,0.000108983731479384,0.9925354375457656,0.9851814887939077
HCC_10147777_20171222.nii.gz,1,context,decoder_stage_1_low_to_high,gamma,1x288x24x24x24,hybrid_candidate_action_state_source_tail_context,source_side_downstream_skip,source_side_mask_embedding,7.045022357488051e-05,0.07874410599470139,0.00041612921631895006,0.9887405807573508,0.9777318875287577
HCC_10147777_20171222.nii.gz,1,context,penultimate_decoder_stage_output,gamma,1x96x96x96x96,hybrid_candidate_action_state_source_tail_context,source_side_downstream_skip,source_side_mask_embedding,3.5920459140470484e-06,0.03503759577870369,0.00010100874351337552,0.997963566939782,0.9959354111426892
HCC_10147777_20171222.nii.gz,1,context,final_decoder_stage_input,gamma,1x64x192x192x192,hybrid_candidate_action_state_source_tail_context,source_side_downstream_skip,source_side_mask_embedding,2.39414418956585e-07,0.034729309380054474,3.828636181424372e-05,0.9994311649979514,0.9988629767745116
HCC_10147777_20171222.nii.gz,1,context,final_decoder_feature,gamma,1x32x192x192x192,hybrid_candidate_action_state_source_tail_context,source_side_downstream_skip,source_side_mask_embedding,2.39414418956585e-07,0.034729309380054474,3.828636181424372e-05,0.9994311649979514,0.9988629767745116
HCC_10147777_20171222.nii.gz,1,context,decoder_stage_1_low_to_high,blur,1x288x24x24x24,hybrid_candidate_action_state_source_tail_context,source_side_downstream_skip,source_side_mask_embedding,0.0010858937166631222,0.6059248447418213,0.002061124425381422,0.9443665191683264,0.8945969754808398
HCC_10147777_20171222.nii.gz,1,context,penultimate_decoder_stage_output,blur,1x96x96x96x96,hybrid_candidate_action_state_source_tail_context,source_side_downstream_skip,source_side_mask_embedding,3.874196409014985e-05,0.09967894107103348,0.0003951120306737721,0.9912632175595645,0.9826777756248789
HCC_10147777_20171222.nii.gz,1,context,final_decoder_stage_input,blur,1x64x192x192x192,hybrid_candidate_action_state_source_tail_context,source_side_downstream_skip,source_side_mask_embedding,8.560363312426489e-06,0.06613282859325409,0.00021055263641756028,0.9957638709778267,0.991563480142269
HCC_10147777_20171222.nii.gz,1,context,final_decoder_feature,blur,1x32x192x192x192,hybrid_candidate_action_state_source_tail_context,source_side_downstream_skip,source_side_mask_embedding,8.560363312426489e-06,0.06613282859325409,0.00021055263641756028,0.9957638709778267,0.991563480142269
HCC_10147777_20171222.nii.gz,2,foreground,decoder_stage_1_low_to_high,gamma,1x288x24x24x24,hybrid_candidate_action_state_source_tail_context,source_side_downstream_skip,source_side_mask_embedding,0.00014030949387233704,0.09451485425233841,0.0008367144619114697,0.9874495267094724,0.9752101774250487
HCC_10147777_20171222.nii.gz,2,foreground,penultimate_decoder_stage_output,gamma,1x96x96x96x96,hybrid_candidate_action_state_source_tail_context,source_side_downstream_skip,source_side_mask_embedding,8.633001016278286e-06,0.014329150319099426,0.0002069098991341889,0.9971948235971351,0.9944053411991204
HCC_10147777_20171222.nii.gz,2,foreground,final_decoder_stage_input,gamma,1x64x192x192x192,hybrid_candidate_action_state_source_tail_context,source_side_downstream_skip,source_side_mask_embedding,3.4836949680538964e-07,0.0070923566818237305,4.7248522605514154e-05,0.9994306387258713,0.9988619254273315
HCC_10147777_20171222.nii.gz,2,foreground,final_decoder_feature,gamma,1x32x192x192x192,hybrid_candidate_action_state_source_tail_context,source_side_downstream_skip,source_side_mask_embedding,3.4836949680538964e-07,0.0070923566818237305,4.7248522605514154e-05,0.9994306387258713,0.9988619254273315
HCC_10147777_20171222.nii.gz,2,foreground,decoder_stage_1_low_to_high,blur,1x288x24x24x24,hybrid_candidate_action_state_source_tail_context,source_side_downstream_skip,source_side_mask_embedding,0.005245822016149759,1.5282840728759766,0.00867279153317213,0.8577612939731707,0.7509474941160182
HCC_10147777_20171222.nii.gz,2,foreground,penultimate_decoder_stage_output,blur,1x96x96x96x96,hybrid_candidate_action_state_source_tail_context,source_side_downstream_skip,source_side_mask_embedding,0.00022757152328267694,0.5408909916877747,0.001643472001887858,0.9738876540449541,0.9491043138541677
HCC_10147777_20171222.nii.gz,2,foreground,final_decoder_stage_input,blur,1x64x192x192x192,hybrid_candidate_action_state_source_tail_context,source_side_downstream_skip,source_side_mask_embedding,0.0001349971571471542,0.4712812304496765,0.0013989410363137722,0.9781894233642068,0.9573099415204679
HCC_10147777_20171222.nii.gz,2,foreground,final_decoder_feature,blur,1x32x192x192x192,hybrid_candidate_action_state_source_tail_context,source_side_downstream_skip,source_side_mask_embedding,0.0001349971571471542,0.4712812304496765,0.0013989410363137722,0.9781894233642068,0.9573099415204679
HCC_10147777_20171222.nii.gz,3,foreground,decoder_stage_1_low_to_high,gamma,1x288x24x24x24,hybrid_candidate_action_state_source_tail_context,source_side_downstream_skip,source_side_mask_embedding,0.00010980754450429231,0.1020621582865715,0.0007114053005352616,0.9874208886869236,0.9751543140233966
HCC_10147777_20171222.nii.gz,3,foreground,penultimate_decoder_stage_output,gamma,1x96x96x96x96,hybrid_candidate_action_state_source_tail_context,source_side_downstream_skip,source_side_mask_embedding,6.576114628842333e-06,0.05707544833421707,0.00019037268066313118,0.9971292012155084,0.9942748382185002
HCC_10147777_20171222.nii.gz,3,foreground,final_decoder_stage_input,gamma,1x64x192x192x192,hybrid_candidate_action_state_source_tail_context,source_side_downstream_skip,source_side_mask_embedding,1.6817307368910406e-06,0.04998535290360451,0.00011595878459047526,0.9981800734588531,0.9963667591491611
HCC_10147777_20171222.nii.gz,3,foreground,final_decoder_feature,gamma,1x32x192x192x192,hybrid_candidate_action_state_source_tail_context,source_side_downstream_skip,source_side_mask_embedding,1.6817307368910406e-06,0.04998535290360451,0.00011595878459047526,0.9981800734588531,0.9963667591491611
HCC_10147777_20171222.nii.gz,3,foreground,decoder_stage_1_low_to_high,blur,1x288x24x24x24,hybrid_candidate_action_state_source_tail_context,source_side_downstream_skip,source_side_mask_embedding,0.005319296848028898,1.5727427005767822,0.00851674098521471,0.8456624401604347,0.7325954465849387
HCC_10147777_20171222.nii.gz,3,foreground,penultimate_decoder_stage_output,blur,1x96x96x96x96,hybrid_candidate_action_state_source_tail_context,source_side_downstream_skip,source_side_mask_embedding,0.00016604046686552465,0.15080058574676514,0.0013060875935479999,0.9770403449775577,0.9551113185945957
HCC_10147777_20171222.nii.gz,3,foreground,final_decoder_stage_input,blur,1x64x192x192x192,hybrid_candidate_action_state_source_tail_context,source_side_downstream_skip,source_side_mask_embedding,5.141139627085067e-05,0.12106133997440338,0.0007937088375911117,0.9862528645766941,0.9728785711092234
HCC_10147777_20171222.nii.gz,3,foreground,final_decoder_feature,blur,1x32x192x192x192,hybrid_candidate_action_state_source_tail_context,source_side_downstream_skip,source_side_mask_embedding,5.141139627085067e-05,0.12106133997440338,0.0007937088375911117,0.9862528645766941,0.9728785711092234
HCC_PA0.nii.gz,0,context,decoder_stage_1_low_to_high,gamma,1x288x24x24x24,hybrid_candidate_action_state_source_tail_context,source_side_downstream_skip,source_side_mask_embedding,8.096645221232205e-32,1.1272692680358887,1.5485156902321375e-17,1.0,0.0
HCC_PA0.nii.gz,0,context,penultimate_decoder_stage_output,gamma,1x96x96x96x96,hybrid_candidate_action_state_source_tail_context,source_side_downstream_skip,source_side_mask_embedding,1.5909496131069963e-32,0.07967399060726166,5.675430525743213e-18,1.0,0.0
HCC_PA0.nii.gz,0,context,final_decoder_stage_input,gamma,1x64x192x192x192,hybrid_candidate_action_state_source_tail_context,source_side_downstream_skip,source_side_mask_embedding,2.0215696341380757e-33,0.0039847553707659245,2.4973407805636927e-18,1.0,0.0
HCC_PA0.nii.gz,0,context,final_decoder_feature,gamma,1x32x192x192x192,hybrid_candidate_action_state_source_tail_context,source_side_downstream_skip,source_side_mask_embedding,2.0215696341380757e-33,0.0039847553707659245,2.4973407805636927e-18,1.0,0.0
HCC_PA0.nii.gz,0,context,decoder_stage_1_low_to_high,blur,1x288x24x24x24,hybrid_candidate_action_state_source_tail_context,source_side_downstream_skip,source_side_mask_embedding,1.100598527595804e-30,6.963530540466309,6.884425053187347e-17,1.0,0.0
HCC_PA0.nii.gz,0,context,penultimate_decoder_stage_output,blur,1x96x96x96x96,hybrid_candidate_action_state_source_tail_context,source_side_downstream_skip,source_side_mask_embedding,8.554840694041484e-31,2.9151594638824463,6.183437129651939e-17,1.0,0.0
HCC_PA0.nii.gz,0,context,final_decoder_stage_input,blur,1x64x192x192x192,hybrid_candidate_action_state_source_tail_context,source_side_downstream_skip,source_side_mask_embedding,5.903565847908731e-31,2.6455342769622803,5.68990014804442e-17,1.0,0.0
HCC_PA0.nii.gz,0,context,final_decoder_feature,blur,1x32x192x192x192,hybrid_candidate_action_state_source_tail_context,source_side_downstream_skip,source_side_mask_embedding,5.903565847908731e-31,2.6455342769622803,5.68990014804442e-17,1.0,0.0
HCC_PA0.nii.gz,1,context,decoder_stage_1_low_to_high,gamma,1x288x24x24x24,hybrid_candidate_action_state_source_tail_context,source_side_downstream_skip,source_side_mask_embedding,5.620942829409614e-05,0.06183052062988281,0.0007725965697318316,0.997214976443226,0.9944454225155941
HCC_PA0.nii.gz,1,context,penultimate_decoder_stage_output,gamma,1x96x96x96x96,hybrid_candidate_action_state_source_tail_context,source_side_downstream_skip,source_side_mask_embedding,1.2439672900654841e-06,0.01859215833246708,0.00014320223999675363,0.9996547682757743,0.9993097748391708
HCC_PA0.nii.gz,1,context,final_decoder_stage_input,gamma,1x64x192x192x192,hybrid_candidate_action_state_source_tail_context,source_side_downstream_skip,source_side_mask_embedding,1.5859642132909357e-07,0.011328376829624176,4.982023892807774e-05,0.9998631325441202,0.9997263025485142
HCC_PA0.nii.gz,1,context,final_decoder_feature,gamma,1x32x192x192x192,hybrid_candidate_action_state_source_tail_context,source_side_downstream_skip,source_side_mask_embedding,1.5859642132909357e-07,0.011328376829624176,4.982023892807774e-05,0.9998631325441202,0.9997263025485142
HCC_PA0.nii.gz,1,context,decoder_stage_1_low_to_high,blur,1x288x24x24x24,hybrid_candidate_action_state_source_tail_context,source_side_downstream_skip,source_side_mask_embedding,0.001299502095207572,0.6921901106834412,0.0046419003047049046,0.9831116509993815,0.9667842609914528
HCC_PA0.nii.gz,1,context,penultimate_decoder_stage_output,blur,1x96x96x96x96,hybrid_candidate_action_state_source_tail_context,source_side_downstream_skip,source_side_mask_embedding,1.8744247427093796e-05,0.42477670311927795,0.0006369440234266222,0.9985025486755243,0.9970095753663771
HCC_PA0.nii.gz,1,context,final_decoder_stage_input,blur,1x64x192x192x192,hybrid_candidate_action_state_source_tail_context,source_side_downstream_skip,source_side_mask_embedding,3.4515041988925077e-06,0.40505629777908325,0.0003419309214223176,0.9993759590450836,0.9987526964586603
HCC_PA0.nii.gz,1,context,final_decoder_feature,blur,1x32x192x192x192,hybrid_candidate_action_state_source_tail_context,source_side_downstream_skip,source_side_mask_embedding,3.4515041988925077e-06,0.40505629777908325,0.0003419309214223176,0.9993759590450836,0.9987526964586603
HCC_PA0.nii.gz,2,foreground,decoder_stage_1_low_to_high,gamma,1x288x24x24x24,hybrid_candidate_action_state_source_tail_context,source_side_downstream_skip,source_side_mask_embedding,6.551929982379079e-05,0.05805112421512604,0.0012326267315074801,0.9968015352630737,0.9936234656464211
HCC_PA0.nii.gz,2,foreground,penultimate_decoder_stage_output,gamma,1x96x96x96x96,hybrid_candidate_action_state_source_tail_context,source_side_downstream_skip,source_side_mask_embedding,4.958893441653345e-06,0.0033138084691017866,0.00037422464811243117,0.9992521877486078,0.9985054931077794
HCC_PA0.nii.gz,2,foreground,final_decoder_stage_input,gamma,1x64x192x192x192,hybrid_candidate_action_state_source_tail_context,source_side_downstream_skip,source_side_mask_embedding,9.802778322409722e-08,0.0002242506598122418,5.50341974303592e-05,0.9999009882609207,0.9998019961265492
HCC_PA0.nii.gz,2,foreground,final_decoder_feature,gamma,1x32x192x192x192,hybrid_candidate_action_state_source_tail_context,source_side_downstream_skip,source_side_mask_embedding,9.802778322409722e-08,0.0002242506598122418,5.50341974303592e-05,0.9999009882609207,0.9998019961265492
HCC_PA0.nii.gz,2,foreground,decoder_stage_1_low_to_high,blur,1x288x24x24x24,hybrid_candidate_action_state_source_tail_context,source_side_downstream_skip,source_side_mask_embedding,0.0043189637362957,1.6884746551513672,0.015518388710916042,0.9573038326329945,0.9181042978707383
HCC_PA0.nii.gz,2,foreground,penultimate_decoder_stage_output,blur,1x96x96x96x96,hybrid_candidate_action_state_source_tail_context,source_side_downstream_skip,source_side_mask_embedding,0.00021293299505487084,1.552638053894043,0.00375931803137064,0.9927070670688698,0.9855197377193773
HCC_PA0.nii.gz,2,foreground,final_decoder_stage_input,blur,1x64x192x192x192,hybrid_candidate_action_state_source_tail_context,source_side_downstream_skip,source_side_mask_embedding,0.00016227454761974514,1.5242340564727783,0.0034916221629828215,0.9926707813815846,0.9854482159696157
HCC_PA0.nii.gz,2,foreground,final_decoder_feature,blur,1x32x192x192x192,hybrid_candidate_action_state_source_tail_context,source_side_downstream_skip,source_side_mask_embedding,0.00016227454761974514,1.5242340564727783,0.0034916221629828215,0.9926707813815846,0.9854482159696157
HCC_PA0.nii.gz,3,context_fill,decoder_stage_1_low_to_high,gamma,1x288x24x24x24,hybrid_candidate_action_state_source_tail_context,source_side_downstream_skip,source_side_mask_embedding,0.00019924904336221516,0.21292689442634583,0.0014047581935301423,0.9704540530129764,0.9426039273458555
HCC_PA0.nii.gz,3,context_fill,penultimate_decoder_stage_output,gamma,1x96x96x96x96,hybrid_candidate_action_state_source_tail_context,source_side_downstream_skip,source_side_mask_embedding,1.5583739241264993e-06,0.06414961069822311,0.0001396018051309511,0.9976902165499391,0.9953910787099963
HCC_PA0.nii.gz,3,context_fill,final_decoder_stage_input,gamma,1x64x192x192x192,hybrid_candidate_action_state_source_tail_context,source_side_downstream_skip,source_side_mask_embedding,8.19567560483847e-07,0.06213490292429924,0.00011167119373567402,0.9981628335663297,0.9963324051148748
HCC_PA0.nii.gz,3,context_fill,final_decoder_feature,gamma,1x32x192x192x192,hybrid_candidate_action_state_source_tail_context,source_side_downstream_skip,source_side_mask_embedding,8.19567560483847e-07,0.06213490292429924,0.00011167119373567402,0.9981628335663297,0.9963324051148748
HCC_PA0.nii.gz,3,context_fill,decoder_stage_1_low_to_high,blur,1x288x24x24x24,hybrid_candidate_action_state_source_tail_context,source_side_downstream_skip,source_side_mask_embedding,0.0029789069667458534,1.5519894361495972,0.007129896432161331,0.8898555277832962,0.8015673185368919
HCC_PA0.nii.gz,3,context_fill,penultimate_decoder_stage_output,blur,1x96x96x96x96,hybrid_candidate_action_state_source_tail_context,source_side_downstream_skip,source_side_mask_embedding,5.24288734595757e-05,0.7942749857902527,0.0009585837251506746,0.9884719296891369,0.977206623030599
HCC_PA0.nii.gz,3,context_fill,final_decoder_stage_input,blur,1x64x192x192x192,hybrid_candidate_action_state_source_tail_context,source_side_downstream_skip,source_side_mask_embedding,5.283104201225797e-06,0.7424597144126892,0.00038899280480109155,0.996361466024139,0.9927493139159431
HCC_PA0.nii.gz,3,context_fill,final_decoder_feature,blur,1x32x192x192x192,hybrid_candidate_action_state_source_tail_context,source_side_downstream_skip,source_side_mask_embedding,5.283104201225797e-06,0.7424597144126892,0.00038899280480109155,0.996361466024139,0.9927493139159431
CYST_PA37.nii.gz,0,context,decoder_stage_1_low_to_high,gamma,1x288x24x24x24,hybrid_candidate_action_state_source_tail_context,source_side_downstream_skip,source_side_mask_embedding,7.796816579145367e-31,0.42447590827941895,1.4388290801452836e-18,1.0,0.0
CYST_PA37.nii.gz,0,context,penultimate_decoder_stage_output,gamma,1x96x96x96x96,hybrid_candidate_action_state_source_tail_context,source_side_downstream_skip,source_side_mask_embedding,1.3079173159254707e-32,0.15161027014255524,6.574702927209958e-19,1.0,0.0
CYST_PA37.nii.gz,0,context,final_decoder_stage_input,gamma,1x64x192x192x192,hybrid_candidate_action_state_source_tail_context,source_side_downstream_skip,source_side_mask_embedding,3.78787736391723e-33,0.13729068636894226,5.306460306261765e-19,1.0,0.0
CYST_PA37.nii.gz,0,context,final_decoder_feature,gamma,1x32x192x192x192,hybrid_candidate_action_state_source_tail_context,source_side_downstream_skip,source_side_mask_embedding,3.78787736391723e-33,0.13729068636894226,5.306460306261765e-19,1.0,0.0
CYST_PA37.nii.gz,0,context,decoder_stage_1_low_to_high,blur,1x288x24x24x24,hybrid_candidate_action_state_source_tail_context,source_side_downstream_skip,source_side_mask_embedding,1.5696716959891744e-31,8.618402481079102,5.025276076853578e-18,1.0,0.0
CYST_PA37.nii.gz,0,context,penultimate_decoder_stage_output,blur,1x96x96x96x96,hybrid_candidate_action_state_source_tail_context,source_side_downstream_skip,source_side_mask_embedding,2.686428945089574e-31,6.233062267303467,4.869271054096996e-18,1.0,0.0
CYST_PA37.nii.gz,0,context,final_decoder_stage_input,blur,1x64x192x192x192,hybrid_candidate_action_state_source_tail_context,source_side_downstream_skip,source_side_mask_embedding,6.287558239822353e-32,6.124658584594727,4.2792360921277145e-18,1.0,0.0
CYST_PA37.nii.gz,0,context,final_decoder_feature,blur,1x32x192x192x192,hybrid_candidate_action_state_source_tail_context,source_side_downstream_skip,source_side_mask_embedding,6.287558239822353e-32,6.124658584594727,4.2792360921277145e-18,1.0,0.0
CYST_PA37.nii.gz,1,context,decoder_stage_1_low_to_high,gamma,1x288x24x24x24,hybrid_candidate_action_state_source_tail_context,source_side_downstream_skip,source_side_mask_embedding,4.322120366850868e-05,0.20155790448188782,0.0002111118083121255,0.9809216470891958,0.9625576328722704
CYST_PA37.nii.gz,1,context,penultimate_decoder_stage_output,gamma,1x96x96x96x96,hybrid_candidate_action_state_source_tail_context,source_side_downstream_skip,source_side_mask_embedding,1.5175972976066987e-06,0.01015294250100851,3.991691846749745e-05,0.9964793727351277,0.9929834481340598
CYST_PA37.nii.gz,1,context,final_decoder_stage_input,gamma,1x64x192x192x192,hybrid_candidate_action_state_source_tail_context,source_side_downstream_skip,source_side_mask_embedding,1.9786696725532238e-08,0.001658090972341597,5.14216708324966e-06,0.9996394261725088,0.9992791122782627
CYST_PA37.nii.gz,1,context,final_decoder_feature,gamma,1x32x192x192x192,hybrid_candidate_action_state_source_tail_context,source_side_downstream_skip,source_side_mask_embedding,1.9786696725532238e-08,0.001658090972341597,5.14216708324966e-06,0.9996394261725088,0.9992791122782627
CYST_PA37.nii.gz,1,context,decoder_stage_1_low_to_high,blur,1x288x24x24x24,hybrid_candidate_action_state_source_tail_context,source_side_downstream_skip,source_side_mask_embedding,0.000659040582831949,1.5758315324783325,0.0010456080781295896,0.8932979037496309,0.8071710596521182
CYST_PA37.nii.gz,1,context,penultimate_decoder_stage_output,blur,1x96x96x96x96,hybrid_candidate_action_state_source_tail_context,source_side_downstream_skip,source_side_mask_embedding,4.026486203656532e-05,0.6883449554443359,0.000209183112019673,0.9798605731990705,0.9605163249810175
CYST_PA37.nii.gz,1,context,final_decoder_stage_input,blur,1x64x192x192x192,hybrid_candidate_action_state_source_tail_context,source_side_downstream_skip,source_side_mask_embedding,1.1264621207374148e-05,0.6153970956802368,0.00012089061783626676,0.9891832332355635,0.9785979672674794
CYST_PA37.nii.gz,1,context,final_decoder_feature,blur,1x32x192x192x192,hybrid_candidate_action_state_source_tail_context,source_side_downstream_skip,source_side_mask_embedding,1.1264621207374148e-05,0.6153970956802368,0.00012089061783626676,0.9891832332355635,0.9785979672674794
CYST_PA37.nii.gz,2,foreground,decoder_stage_1_low_to_high,gamma,1x288x24x24x24,hybrid_candidate_action_state_source_tail_context,source_side_downstream_skip,source_side_mask_embedding,0.0001903533557197079,0.08950918912887573,0.0011304212966933846,0.9809753617688546,0.9626610829269664
CYST_PA37.nii.gz,2,foreground,penultimate_decoder_stage_output,gamma,1x96x96x96x96,hybrid_candidate_action_state_source_tail_context,source_side_downstream_skip,source_side_mask_embedding,9.721967217046767e-06,0.006940350402146578,0.000282032327959314,0.9957243862598515,0.9914851786070455
CYST_PA37.nii.gz,2,foreground,final_decoder_stage_input,gamma,1x64x192x192x192,hybrid_candidate_action_state_source_tail_context,source_side_downstream_skip,source_side_mask_embedding,9.312835231867211e-07,0.002514299936592579,7.460178312612697e-05,0.9990249007063524,0.998051701197491
CYST_PA37.nii.gz,2,foreground,final_decoder_feature,gamma,1x32x192x192x192,hybrid_candidate_action_state_source_tail_context,source_side_downstream_skip,source_side_mask_embedding,9.312835231867211e-07,0.002514299936592579,7.460178312612697e-05,0.9990249007063524,0.998051701197491
CYST_PA37.nii.gz,2,foreground,decoder_stage_1_low_to_high,blur,1x288x24x24x24,hybrid_candidate_action_state_source_tail_context,source_side_downstream_skip,source_side_mask_embedding,0.0019506344106048346,2.1964616775512695,0.004427889361977577,0.9277214566194365,0.8651870004734189
CYST_PA37.nii.gz,2,foreground,penultimate_decoder_stage_output,blur,1x96x96x96x96,hybrid_candidate_action_state_source_tail_context,source_side_downstream_skip,source_side_mask_embedding,0.0002899701939895749,1.5839906930923462,0.0017751308623701334,0.9744697322711953,0.9502106012232181
CYST_PA37.nii.gz,2,foreground,final_decoder_stage_input,blur,1x64x192x192x192,hybrid_candidate_action_state_source_tail_context,source_side_downstream_skip,source_side_mask_embedding,3.452960663707927e-05,1.4941275119781494,0.0007730192737653852,0.9901544531038441,0.9805008856524307
CYST_PA37.nii.gz,2,foreground,final_decoder_feature,blur,1x32x192x192x192,hybrid_candidate_action_state_source_tail_context,source_side_downstream_skip,source_side_mask_embedding,3.452960663707927e-05,1.4941275119781494,0.0007730192737653852,0.9901544531038441,0.9805008856524307
CYST_PA37.nii.gz,3,foreground,decoder_stage_1_low_to_high,gamma,1x288x24x24x24,hybrid_candidate_action_state_source_tail_context,source_side_downstream_skip,source_side_mask_embedding,0.00014306933735497296,0.16068139672279358,0.0007270039059221745,0.9874194195414118,0.9751514482869293
CYST_PA37.nii.gz,3,foreground,penultimate_decoder_stage_output,gamma,1x96x96x96x96,hybrid_candidate_action_state_source_tail_context,source_side_downstream_skip,source_side_mask_embedding,4.49181879957905e-06,0.020648470148444176,0.0001355255371890962,0.9980278837441274,0.9960635306634242
CYST_PA37.nii.gz,3,foreground,final_decoder_stage_input,gamma,1x64x192x192x192,hybrid_candidate_action_state_source_tail_context,source_side_downstream_skip,source_side_mask_embedding,1.3969250289846968e-07,0.014445294626057148,2.398227297817357e-05,0.9997362762202296,0.9994726915042489
CYST_PA37.nii.gz,3,foreground,final_decoder_feature,gamma,1x32x192x192x192,hybrid_candidate_action_state_source_tail_context,source_side_downstream_skip,source_side_mask_embedding,1.3969250289846968e-07,0.014445294626057148,2.398227297817357e-05,0.9997362762202296,0.9994726915042489
CYST_PA37.nii.gz,3,foreground,decoder_stage_1_low_to_high,blur,1x288x24x24x24,hybrid_candidate_action_state_source_tail_context,source_side_downstream_skip,source_side_mask_embedding,0.00186095607932657,3.2903690338134766,0.0035047668498009443,0.9384870922858952,0.8841033259848557
CYST_PA37.nii.gz,3,foreground,penultimate_decoder_stage_output,blur,1x96x96x96x96,hybrid_candidate_action_state_source_tail_context,source_side_downstream_skip,source_side_mask_embedding,0.00016377757128793746,2.364706039428711,0.0009888834320008755,0.9845486900087316,0.9695676004565865
CYST_PA37.nii.gz,3,foreground,final_decoder_stage_input,blur,1x64x192x192x192,hybrid_candidate_action_state_source_tail_context,source_side_downstream_skip,source_side_mask_embedding,8.064414032560308e-06,2.3095154762268066,0.00028219944215379655,0.9972810865422737,0.9945769179752467
CYST_PA37.nii.gz,3,foreground,final_decoder_feature,blur,1x32x192x192x192,hybrid_candidate_action_state_source_tail_context,source_side_downstream_skip,source_side_mask_embedding,8.064414032560308e-06,2.3095154762268066,0.00028219944215379655,0.9972810865422737,0.9945769179752467
ICC_PA18.nii.gz,0,context,decoder_stage_1_low_to_high,gamma,1x288x24x24x24,hybrid_candidate_action_state_source_tail_context,source_side_downstream_skip,source_side_mask_embedding,9.00659245946786e-32,7.543727397918701,1.027048458933398e-17,1.0,0.0
ICC_PA18.nii.gz,0,context,penultimate_decoder_stage_output,gamma,1x96x96x96x96,hybrid_candidate_action_state_source_tail_context,source_side_downstream_skip,source_side_mask_embedding,4.6439200194206814e-30,6.071032524108887,6.434666440063074e-17,1.0,0.0
ICC_PA18.nii.gz,0,context,final_decoder_stage_input,gamma,1x64x192x192x192,hybrid_candidate_action_state_source_tail_context,source_side_downstream_skip,source_side_mask_embedding,4.8747423470972994e-30,6.199136257171631,6.21824819855062e-17,1.0,0.0
ICC_PA18.nii.gz,0,context,final_decoder_feature,gamma,1x32x192x192x192,hybrid_candidate_action_state_source_tail_context,source_side_downstream_skip,source_side_mask_embedding,4.8747423470972994e-30,6.199136257171631,6.21824819855062e-17,1.0,0.0
ICC_PA18.nii.gz,0,context,decoder_stage_1_low_to_high,blur,1x288x24x24x24,hybrid_candidate_action_state_source_tail_context,source_side_downstream_skip,source_side_mask_embedding,1.1020929100541174e-30,20.291196823120117,5.3820056569509517e-17,1.0,0.0
ICC_PA18.nii.gz,0,context,penultimate_decoder_stage_output,blur,1x96x96x96x96,hybrid_candidate_action_state_source_tail_context,source_side_downstream_skip,source_side_mask_embedding,1.194603657186995e-30,14.709476470947266,5.858770724458345e-17,1.0,0.0
ICC_PA18.nii.gz,0,context,final_decoder_stage_input,blur,1x64x192x192x192,hybrid_candidate_action_state_source_tail_context,source_side_downstream_skip,source_side_mask_embedding,1.1555008846266656e-30,14.451498985290527,5.894786830073394e-17,1.0,0.0
ICC_PA18.nii.gz,0,context,final_decoder_feature,blur,1x32x192x192x192,hybrid_candidate_action_state_source_tail_context,source_side_downstream_skip,source_side_mask_embedding,1.1555008846266656e-30,14.451498985290527,5.894786830073394e-17,1.0,0.0
ICC_PA18.nii.gz,1,context,decoder_stage_1_low_to_high,gamma,1x288x24x24x24,hybrid_candidate_action_state_source_tail_context,source_side_downstream_skip,source_side_mask_embedding,2.0170606148894876e-05,0.09842494875192642,0.00026013317983597517,0.9936771858842872,0.9874338253550005
ICC_PA18.nii.gz,1,context,penultimate_decoder_stage_output,gamma,1x96x96x96x96,hybrid_candidate_action_state_source_tail_context,source_side_downstream_skip,source_side_mask_embedding,3.7043679412818165e-07,0.017446858808398247,4.609199822880328e-05,0.9991796421946794,0.9983606292599412
ICC_PA18.nii.gz,1,context,final_decoder_stage_input,gamma,1x64x192x192x192,hybrid_candidate_action_state_source_tail_context,source_side_downstream_skip,source_side_mask_embedding,6.319602618987119e-08,0.01572181098163128,2.2392308892449364e-05,0.9995880751803181,0.9991764895850154
ICC_PA18.nii.gz,1,context,final_decoder_feature,gamma,1x32x192x192x192,hybrid_candidate_action_state_source_tail_context,source_side_downstream_skip,source_side_mask_embedding,6.319602618987119e-08,0.01572181098163128,2.2392308892449364e-05,0.9995880751803181,0.9991764895850154
ICC_PA18.nii.gz,1,context,decoder_stage_1_low_to_high,blur,1x288x24x24x24,hybrid_candidate_action_state_source_tail_context,source_side_downstream_skip,source_side_mask_embedding,0.0008992963121272624,1.369850993156433,0.0024977612774819136,0.9322163481089873,0.8730386033332318
ICC_PA18.nii.gz,1,context,penultimate_decoder_stage_output,blur,1x96x96x96x96,hybrid_candidate_action_state_source_tail_context,source_side_downstream_skip,source_side_mask_embedding,1.9684084691107273e-05,0.8379669189453125,0.00040708668529987335,0.991112366806587,0.9823813219609381
ICC_PA18.nii.gz,1,context,final_decoder_stage_input,blur,1x64x192x192x192,hybrid_candidate_action_state_source_tail_context,source_side_downstream_skip,source_side_mask_embedding,9.199843589158263e-06,0.792928159236908,0.000293333810986951,0.9937673298141516,0.987611870752125
ICC_PA18.nii.gz,1,context,final_decoder_feature,blur,1x32x192x192x192,hybrid_candidate_action_state_source_tail_context,source_side_downstream_skip,source_side_mask_embedding,9.199843589158263e-06,0.792928159236908,0.000293333810986951,0.9937673298141516,0.987611870752125
ICC_PA18.nii.gz,2,foreground,decoder_stage_1_low_to_high,gamma,1x288x24x24x24,hybrid_candidate_action_state_source_tail_context,source_side_downstream_skip,source_side_mask_embedding,0.00015458893903996795,0.06742589175701141,0.001756981248036027,0.9932649232066788,0.9866199619968068
ICC_PA18.nii.gz,2,foreground,penultimate_decoder_stage_output,gamma,1x96x96x96x96,hybrid_candidate_action_state_source_tail_context,source_side_downstream_skip,source_side_mask_embedding,4.40497979070642e-06,0.032186347991228104,0.0003728149167727679,0.9990614287795316,0.998124617738881
ICC_PA18.nii.gz,2,foreground,final_decoder_stage_input,gamma,1x64x192x192x192,hybrid_candidate_action_state_source_tail_context,source_side_downstream_skip,source_side_mask_embedding,2.756008825599565e-06,0.03479461371898651,0.00031703151762485504,0.9991751933563116,0.9983517462033051
ICC_PA18.nii.gz,2,foreground,final_decoder_feature,gamma,1x32x192x192x192,hybrid_candidate_action_state_source_tail_context,source_side_downstream_skip,source_side_mask_embedding,2.756008825599565e-06,0.03479461371898651,0.00031703151762485504,0.9991751933563116,0.9983517462033051
ICC_PA18.nii.gz,2,foreground,decoder_stage_1_low_to_high,blur,1x288x24x24x24,hybrid_candidate_action_state_source_tail_context,source_side_downstream_skip,source_side_mask_embedding,0.0017720756586641073,0.6590229868888855,0.007057690527290106,0.973820995029659,0.9489777030254141
ICC_PA18.nii.gz,2,foreground,penultimate_decoder_stage_output,blur,1x96x96x96x96,hybrid_candidate_action_state_source_tail_context,source_side_downstream_skip,source_side_mask_embedding,3.8473288441309705e-05,0.2865005433559418,0.0012555629946291447,0.9970907905795582,0.9941984590566818
ICC_PA18.nii.gz,2,foreground,final_decoder_stage_input,blur,1x64x192x192x192,hybrid_candidate_action_state_source_tail_context,source_side_downstream_skip,source_side_mask_embedding,8.34876573208021e-06,0.25910648703575134,0.0007217233069241047,0.9985271237181008,0.9970585797842725
ICC_PA18.nii.gz,2,foreground,final_decoder_feature,blur,1x32x192x192x192,hybrid_candidate_action_state_source_tail_context,source_side_downstream_skip,source_side_mask_embedding,8.34876573208021e-06,0.25910648703575134,0.0007217233069241047,0.9985271237181008,0.9970585797842725
ICC_PA18.nii.gz,3,foreground,decoder_stage_1_low_to_high,gamma,1x288x24x24x24,hybrid_candidate_action_state_source_tail_context,source_side_downstream_skip,source_side_mask_embedding,0.00014455638302024454,0.06711549311876297,0.0016423070337623358,0.9933205155402914,0.9867296700433037
ICC_PA18.nii.gz,3,foreground,penultimate_decoder_stage_output,gamma,1x96x96x96x96,hybrid_candidate_action_state_source_tail_context,source_side_downstream_skip,source_side_mask_embedding,3.7018473904026905e-06,0.024081319570541382,0.0003391545033082366,0.9991260605514228,0.9982536473093532
ICC_PA18.nii.gz,3,foreground,final_decoder_stage_input,gamma,1x64x192x192x192,hybrid_candidate_action_state_source_tail_context,source_side_downstream_skip,source_side_mask_embedding,2.4147402655216865e-06,0.02519049309194088,0.00028817367274314165,0.9992606520927447,0.9985223966484352
ICC_PA18.nii.gz,3,foreground,final_decoder_feature,gamma,1x32x192x192x192,hybrid_candidate_action_state_source_tail_context,source_side_downstream_skip,source_side_mask_embedding,2.4147402655216865e-06,0.02519049309194088,0.00028817367274314165,0.9992606520927447,0.9985223966484352
ICC_PA18.nii.gz,3,foreground,decoder_stage_1_low_to_high,blur,1x288x24x24x24,hybrid_candidate_action_state_source_tail_context,source_side_downstream_skip,source_side_mask_embedding,0.0015268131392076612,1.4497339725494385,0.006560692097991705,0.9756384466337652,0.9524356350818157
ICC_PA18.nii.gz,3,foreground,penultimate_decoder_stage_output,blur,1x96x96x96x96,hybrid_candidate_action_state_source_tail_context,source_side_downstream_skip,source_side_mask_embedding,6.015437247697264e-05,1.1152927875518799,0.0018154627177864313,0.996635927604208,0.993294413287573
ICC_PA18.nii.gz,3,foreground,final_decoder_stage_input,blur,1x64x192x192x192,hybrid_candidate_action_state_source_tail_context,source_side_downstream_skip,source_side_mask_embedding,3.546126026776619e-05,1.08219313621521,0.0015732565661892295,0.9971437870242158,0.9943038434845831
ICC_PA18.nii.gz,3,foreground,final_decoder_feature,blur,1x32x192x192x192,hybrid_candidate_action_state_source_tail_context,source_side_downstream_skip,source_side_mask_embedding,3.546126026776619e-05,1.08219313621521,0.0015732565661892295,0.9971437870242158,0.9943038434845831
HCC_10081574_20140213.nii.gz,0,context,decoder_stage_1_low_to_high,gamma,1x288x24x24x24,hybrid_candidate_action_state_source_tail_context,source_side_downstream_skip,source_side_mask_embedding,1.0023792037371412e-29,6.182074546813965,1.5583710509223393e-18,1.0,0.0
HCC_10081574_20140213.nii.gz,0,context,penultimate_decoder_stage_output,gamma,1x96x96x96x96,hybrid_candidate_action_state_source_tail_context,source_side_downstream_skip,source_side_mask_embedding,8.47565130716896e-30,3.2520039081573486,1.4667521126856596e-18,1.0,0.0
HCC_10081574_20140213.nii.gz,0,context,final_decoder_stage_input,gamma,1x64x192x192x192,hybrid_candidate_action_state_source_tail_context,source_side_downstream_skip,source_side_mask_embedding,3.103652468261394e-30,3.138108968734741,1.0026005982619951e-18,1.0,0.0
HCC_10081574_20140213.nii.gz,0,context,final_decoder_feature,gamma,1x32x192x192x192,hybrid_candidate_action_state_source_tail_context,source_side_downstream_skip,source_side_mask_embedding,3.103652468261394e-30,3.138108968734741,1.0026005982619951e-18,1.0,0.0
HCC_10081574_20140213.nii.gz,0,context,decoder_stage_1_low_to_high,blur,1x288x24x24x24,hybrid_candidate_action_state_source_tail_context,source_side_downstream_skip,source_side_mask_embedding,1.3863234471500618e-07,47.69573211669922,2.7538152380657266e-07,0.0,0.0
HCC_10081574_20140213.nii.gz,0,context,penultimate_decoder_stage_output,blur,1x96x96x96x96,hybrid_candidate_action_state_source_tail_context,source_side_downstream_skip,source_side_mask_embedding,3.945587678799711e-08,37.870792388916016,1.6292976567910955e-07,0.0,0.0
HCC_10081574_20140213.nii.gz,0,context,final_decoder_stage_input,blur,1x64x192x192x192,hybrid_candidate_action_state_source_tail_context,source_side_downstream_skip,source_side_mask_embedding,2.677350785518229e-09,37.913570404052734,5.137434655466677e-08,1.0,1.0
HCC_10081574_20140213.nii.gz,0,context,final_decoder_feature,blur,1x32x192x192x192,hybrid_candidate_action_state_source_tail_context,source_side_downstream_skip,source_side_mask_embedding,2.677350785518229e-09,37.913570404052734,5.137434655466677e-08,1.0,1.0
HCC_10081574_20140213.nii.gz,1,context,decoder_stage_1_low_to_high,gamma,1x288x24x24x24,hybrid_candidate_action_state_source_tail_context,source_side_downstream_skip,source_side_mask_embedding,8.518579852534458e-05,0.05382750555872917,0.0003833312075585127,0.9879442013800601,0.9761756246318051
HCC_10081574_20140213.nii.gz,1,context,penultimate_decoder_stage_output,gamma,1x96x96x96x96,hybrid_candidate_action_state_source_tail_context,source_side_downstream_skip,source_side_mask_embedding,3.3987578262895113e-06,0.009568003937602043,7.658143294975162e-05,0.9979150779972407,0.9958388317058151
HCC_10081574_20140213.nii.gz,1,context,final_decoder_stage_input,gamma,1x64x192x192x192,hybrid_candidate_action_state_source_tail_context,source_side_downstream_skip,source_side_mask_embedding,2.7455544682197797e-07,0.0011404937831684947,2.3725146093056537e-05,0.9993082207172473,0.9986173978899907
HCC_10081574_20140213.nii.gz,1,context,final_decoder_feature,gamma,1x32x192x192x192,hybrid_candidate_action_state_source_tail_context,source_side_downstream_skip,source_side_mask_embedding,2.7455544682197797e-07,0.0011404937831684947,2.3725146093056537e-05,0.9993082207172473,0.9986173978899907
HCC_10081574_20140213.nii.gz,1,context,decoder_stage_1_low_to_high,blur,1x288x24x24x24,hybrid_candidate_action_state_source_tail_context,source_side_downstream_skip,source_side_mask_embedding,0.000811777135822922,0.7721989750862122,0.0015119044110178947,0.9522111622839597,0.9087815483505057
HCC_10081574_20140213.nii.gz,1,context,penultimate_decoder_stage_output,blur,1x96x96x96x96,hybrid_candidate_action_state_source_tail_context,source_side_downstream_skip,source_side_mask_embedding,6.0236237914068624e-05,0.3637896776199341,0.00036000178079120815,0.9899517998248101,0.9801035234289865
HCC_10081574_20140213.nii.gz,1,context,final_decoder_stage_input,blur,1x64x192x192x192,hybrid_candidate_action_state_source_tail_context,source_side_downstream_skip,source_side_mask_embedding,2.223054025307647e-06,0.3036990761756897,8.024773705983534e-05,0.9978310617687876,0.9956715117611995
HCC_10081574_20140213.nii.gz,1,context,final_decoder_feature,blur,1x32x192x192x192,hybrid_candidate_action_state_source_tail_context,source_side_downstream_skip,source_side_mask_embedding,2.223054025307647e-06,0.3036990761756897,8.024773705983534e-05,0.9978310617687876,0.9956715117611995
HCC_10081574_20140213.nii.gz,2,foreground,decoder_stage_1_low_to_high,gamma,1x288x24x24x24,hybrid_candidate_action_state_source_tail_context,source_side_downstream_skip,source_side_mask_embedding,0.00010473438305780292,0.07357870042324066,0.0006440739380195737,0.9903052724703287,0.9807967155510646
HCC_10081574_20140213.nii.gz,2,foreground,penultimate_decoder_stage_output,gamma,1x96x96x96x96,hybrid_candidate_action_state_source_tail_context,source_side_downstream_skip,source_side_mask_embedding,7.038539479253814e-06,0.02864971198141575,0.0001794666313799098,0.9974172578736804,0.9948478224932498
HCC_10081574_20140213.nii.gz,2,foreground,final_decoder_stage_input,gamma,1x64x192x192x192,hybrid_candidate_action_state_source_tail_context,source_side_downstream_skip,source_side_mask_embedding,1.157944666374533e-06,0.02189014106988907,8.463839185424149e-05,0.9989895944337931,0.9979812286453998
HCC_10081574_20140213.nii.gz,2,foreground,final_decoder_feature,gamma,1x32x192x192x192,hybrid_candidate_action_state_source_tail_context,source_side_downstream_skip,source_side_mask_embedding,1.157944666374533e-06,0.02189014106988907,8.463839185424149e-05,0.9989895944337931,0.9979812286453998
HCC_10081574_20140213.nii.gz,2,foreground,decoder_stage_1_low_to_high,blur,1x288x24x24x24,hybrid_candidate_action_state_source_tail_context,source_side_downstream_skip,source_side_mask_embedding,0.001970278797671199,1.0194660425186157,0.0037200585938990116,0.9454541514993933,0.8965510156278894
HCC_10081574_20140213.nii.gz,2,foreground,penultimate_decoder_stage_output,blur,1x96x96x96x96,hybrid_candidate_action_state_source_tail_context,source_side_downstream_skip,source_side_mask_embedding,0.00010890991688938811,0.138053297996521,0.0007998555665835738,0.9898112453983469,0.9798280181693948
HCC_10081574_20140213.nii.gz,2,foreground,final_decoder_stage_input,blur,1x64x192x192x192,hybrid_candidate_action_state_source_tail_context,source_side_downstream_skip,source_side_mask_embedding,2.7989703994535375e-06,0.09336156398057938,0.00014612515224143863,0.9988605559184895,0.9977237055472212
HCC_10081574_20140213.nii.gz,2,foreground,final_decoder_feature,blur,1x32x192x192x192,hybrid_candidate_action_state_source_tail_context,source_side_downstream_skip,source_side_mask_embedding,2.7989703994535375e-06,0.09336156398057938,0.00014612515224143863,0.9988605559184895,0.9977237055472212
HCC_10081574_20140213.nii.gz,3,foreground,decoder_stage_1_low_to_high,gamma,1x288x24x24x24,hybrid_candidate_action_state_source_tail_context,source_side_downstream_skip,source_side_mask_embedding,0.0002560075663495809,0.41103595495224,0.001213535782881081,0.9811255753277416,0.9629504397888292
HCC_10081574_20140213.nii.gz,3,foreground,penultimate_decoder_stage_output,gamma,1x96x96x96x96,hybrid_candidate_action_state_source_tail_context,source_side_downstream_skip,source_side_mask_embedding,1.1436395652708597e-05,0.32014960050582886,0.0002903632412198931,0.9959390513752422,0.9919109519590021
HCC_10081574_20140213.nii.gz,3,foreground,final_decoder_stage_input,gamma,1x64x192x192x192,hybrid_candidate_action_state_source_tail_context,source_side_downstream_skip,source_side_mask_embedding,3.753965302166762e-06,0.3024061322212219,0.00019472902931738645,0.9974996100309222,0.9950116927751921
HCC_10081574_20140213.nii.gz,3,foreground,final_decoder_feature,gamma,1x32x192x192x192,hybrid_candidate_action_state_source_tail_context,source_side_downstream_skip,source_side_mask_embedding,3.753965302166762e-06,0.3024061322212219,0.00019472902931738645,0.9974996100309222,0.9950116927751921
HCC_10081574_20140213.nii.gz,3,foreground,decoder_stage_1_low_to_high,blur,1x288x24x24x24,hybrid_candidate_action_state_source_tail_context,source_side_downstream_skip,source_side_mask_embedding,0.002656126394867897,2.0649313926696777,0.005142529960721731,0.9180164534453293,0.8484569440714167
HCC_10081574_20140213.nii.gz,3,foreground,penultimate_decoder_stage_output,blur,1x96x96x96x96,hybrid_candidate_action_state_source_tail_context,source_side_downstream_skip,source_side_mask_embedding,0.00013910038978792727,1.1801954507827759,0.001110560609959066,0.9845566852222358,0.969583108080939
HCC_10081574_20140213.nii.gz,3,foreground,final_decoder_stage_input,blur,1x64x192x192x192,hybrid_candidate_action_state_source_tail_context,source_side_downstream_skip,source_side_mask_embedding,1.1524515684868675e-05,1.1604100465774536,0.00035466576809994876,0.9966631549914771,0.9933485049908745
HCC_10081574_20140213.nii.gz,3,foreground,final_decoder_feature,blur,1x32x192x192x192,hybrid_candidate_action_state_source_tail_context,source_side_downstream_skip,source_side_mask_embedding,1.1524515684868675e-05,1.1604100465774536,0.00035466576809994876,0.9966631549914771,0.9933485049908745
MET_PA19.nii.gz,0,context,decoder_stage_1_low_to_high,gamma,1x288x24x24x24,hybrid_candidate_action_state_source_tail_context,source_side_downstream_skip,source_side_mask_embedding,1.3479436332549388e-32,0.4037371873855591,1.7357981903876666e-18,1.0,0.0
MET_PA19.nii.gz,0,context,penultimate_decoder_stage_output,gamma,1x96x96x96x96,hybrid_candidate_action_state_source_tail_context,source_side_downstream_skip,source_side_mask_embedding,9.309510447645453e-33,0.20186848938465118,1.0773187890181444e-18,1.0,0.0
MET_PA19.nii.gz,0,context,final_decoder_stage_input,gamma,1x64x192x192x192,hybrid_candidate_action_state_source_tail_context,source_side_downstream_skip,source_side_mask_embedding,2.611516637024188e-33,0.1995914727449417,1.0588264426414855e-18,1.0,0.0
MET_PA19.nii.gz,0,context,final_decoder_feature,gamma,1x32x192x192x192,hybrid_candidate_action_state_source_tail_context,source_side_downstream_skip,source_side_mask_embedding,2.611516637024188e-33,0.1995914727449417,1.0588264426414855e-18,1.0,0.0
MET_PA19.nii.gz,0,context,decoder_stage_1_low_to_high,blur,1x288x24x24x24,hybrid_candidate_action_state_source_tail_context,source_side_downstream_skip,source_side_mask_embedding,7.929651555018513e-32,21.44741439819336,6.7972900956151944e-18,1.0,0.0
MET_PA19.nii.gz,0,context,penultimate_decoder_stage_output,blur,1x96x96x96x96,hybrid_candidate_action_state_source_tail_context,source_side_downstream_skip,source_side_mask_embedding,5.141018078102345e-32,16.888587951660156,7.046423247636059e-18,1.0,0.0
MET_PA19.nii.gz,0,context,final_decoder_stage_input,blur,1x64x192x192x192,hybrid_candidate_action_state_source_tail_context,source_side_downstream_skip,source_side_mask_embedding,5.079344591492103e-32,16.967592239379883,7.057921885331159e-18,1.0,0.0
MET_PA19.nii.gz,0,context,final_decoder_feature,blur,1x32x192x192x192,hybrid_candidate_action_state_source_tail_context,source_side_downstream_skip,source_side_mask_embedding,5.079344591492103e-32,16.967592239379883,7.057921885331159e-18,1.0,0.0
MET_PA19.nii.gz,1,context,decoder_stage_1_low_to_high,gamma,1x288x24x24x24,hybrid_candidate_action_state_source_tail_context,source_side_downstream_skip,source_side_mask_embedding,5.440540917334147e-05,0.2289721518754959,0.0002815248735714704,0.9616243400596816,0.9260852090032154
MET_PA19.nii.gz,1,context,penultimate_decoder_stage_output,gamma,1x96x96x96x96,hybrid_candidate_action_state_source_tail_context,source_side_downstream_skip,source_side_mask_embedding,3.3285921290371334e-06,0.1093975305557251,7.224672299344093e-05,0.9907669580204358,0.9817028543547207
MET_PA19.nii.gz,1,context,final_decoder_stage_input,gamma,1x64x192x192x192,hybrid_candidate_action_state_source_tail_context,source_side_downstream_skip,source_side_mask_embedding,1.5111601214812254e-07,0.0969298928976059,1.8814384020515718e-05,0.9981059448891061,0.9962190511037932
MET_PA19.nii.gz,1,context,final_decoder_feature,gamma,1x32x192x192x192,hybrid_candidate_action_state_source_tail_context,source_side_downstream_skip,source_side_mask_embedding,1.5111601214812254e-07,0.0969298928976059,1.8814384020515718e-05,0.9981059448891061,0.9962190511037932
MET_PA19.nii.gz,1,context,decoder_stage_1_low_to_high,blur,1x288x24x24x24,hybrid_candidate_action_state_source_tail_context,source_side_downstream_skip,source_side_mask_embedding,0.0006335026700980961,1.4424755573272705,0.0010454404400661588,0.7677015507533579,0.6229834592607719
MET_PA19.nii.gz,1,context,penultimate_decoder_stage_output,blur,1x96x96x96x96,hybrid_candidate_action_state_source_tail_context,source_side_downstream_skip,source_side_mask_embedding,4.235512824379839e-05,0.2914027273654938,0.00020489907183218747,0.9515440622646246,0.9075670498084292
MET_PA19.nii.gz,1,context,final_decoder_stage_input,blur,1x64x192x192x192,hybrid_candidate_action_state_source_tail_context,source_side_downstream_skip,source_side_mask_embedding,2.752366071945289e-06,0.12833623588085175,6.394328374881297e-05,0.9844832563510393,0.9694406936251866
MET_PA19.nii.gz,1,context,final_decoder_feature,blur,1x32x192x192x192,hybrid_candidate_action_state_source_tail_context,source_side_downstream_skip,source_side_mask_embedding,2.752366071945289e-06,0.12833623588085175,6.394328374881297e-05,0.9844832563510393,0.9694406936251866
MET_PA19.nii.gz,2,foreground,decoder_stage_1_low_to_high,gamma,1x288x24x24x24,hybrid_candidate_action_state_source_tail_context,source_side_downstream_skip,source_side_mask_embedding,6.273703911574557e-05,0.0396646149456501,0.000551910197827965,0.9896853046379184,0.9795812227429098
MET_PA19.nii.gz,2,foreground,penultimate_decoder_stage_output,gamma,1x96x96x96x96,hybrid_candidate_action_state_source_tail_context,source_side_downstream_skip,source_side_mask_embedding,6.356694939313456e-06,0.006583147216588259,0.00019299477571621537,0.9967803789922476,0.9935814233686574
MET_PA19.nii.gz,2,foreground,final_decoder_stage_input,gamma,1x64x192x192x192,hybrid_candidate_action_state_source_tail_context,source_side_downstream_skip,source_side_mask_embedding,1.082383604966708e-07,0.00317949615418911,2.593711542431265e-05,0.9996243477497881,0.9992489776228223
MET_PA19.nii.gz,2,foreground,final_decoder_feature,gamma,1x32x192x192x192,hybrid_candidate_action_state_source_tail_context,source_side_downstream_skip,source_side_mask_embedding,1.082383604966708e-07,0.00317949615418911,2.593711542431265e-05,0.9996243477497881,0.9992489776228223
MET_PA19.nii.gz,2,foreground,decoder_stage_1_low_to_high,blur,1x288x24x24x24,hybrid_candidate_action_state_source_tail_context,source_side_downstream_skip,source_side_mask_embedding,0.001971414778381586,0.8277727365493774,0.004087215289473534,0.9179022636194979,0.8482618831546399
MET_PA19.nii.gz,2,foreground,penultimate_decoder_stage_output,blur,1x96x96x96x96,hybrid_candidate_action_state_source_tail_context,source_side_downstream_skip,source_side_mask_embedding,0.00035054280306212604,0.14781399071216583,0.00167357106693089,0.9677603990938449,0.9375346559503173
MET_PA19.nii.gz,2,foreground,final_decoder_stage_input,blur,1x64x192x192x192,hybrid_candidate_action_state_source_tail_context,source_side_downstream_skip,source_side_mask_embedding,2.2522881408804096e-05,0.052668552845716476,0.000510292302351445,0.9910936857861945,0.9823446159701245
MET_PA19.nii.gz,2,foreground,final_decoder_feature,blur,1x32x192x192x192,hybrid_candidate_action_state_source_tail_context,source_side_downstream_skip,source_side_mask_embedding,2.2522881408804096e-05,0.052668552845716476,0.000510292302351445,0.9910936857861945,0.9823446159701245
MET_PA19.nii.gz,3,foreground,decoder_stage_1_low_to_high,gamma,1x288x24x24x24,hybrid_candidate_action_state_source_tail_context,source_side_downstream_skip,source_side_mask_embedding,5.8427809562999755e-05,0.0749555379152298,0.0005080087576061487,0.9907919782742626,0.9817519846701341
MET_PA19.nii.gz,3,foreground,penultimate_decoder_stage_output,gamma,1x96x96x96x96,hybrid_candidate_action_state_source_tail_context,source_side_downstream_skip,source_side_mask_embedding,7.667737008887343e-06,0.01494140550494194,0.0002013928460655734,0.9968873531444368,0.993794023302726
MET_PA19.nii.gz,3,foreground,final_decoder_stage_input,gamma,1x64x192x192x192,hybrid_candidate_action_state_source_tail_context,source_side_downstream_skip,source_side_mask_embedding,9.109950269703404e-07,0.008838272653520107,8.407532732235268e-05,0.9987354982633808,0.9974741904173652
MET_PA19.nii.gz,3,foreground,final_decoder_feature,gamma,1x32x192x192x192,hybrid_candidate_action_state_source_tail_context,source_side_downstream_skip,source_side_mask_embedding,9.109950269703404e-07,0.008838272653520107,8.407532732235268e-05,0.9987354982633808,0.9974741904173652
MET_PA19.nii.gz,3,foreground,decoder_stage_1_low_to_high,blur,1x288x24x24x24,hybrid_candidate_action_state_source_tail_context,source_side_downstream_skip,source_side_mask_embedding,0.0019317178521305323,2.631182909011841,0.0037535368464887142,0.9296231851779674,0.8685008609164729
MET_PA19.nii.gz,3,foreground,penultimate_decoder_stage_output,blur,1x96x96x96x96,hybrid_candidate_action_state_source_tail_context,source_side_downstream_skip,source_side_mask_embedding,0.00024025994935072958,1.5011337995529175,0.0012357576051726937,0.9776594904875215,0.9562953647936109
MET_PA19.nii.gz,3,foreground,final_decoder_stage_input,blur,1x64x192x192x192,hybrid_candidate_action_state_source_tail_context,source_side_downstream_skip,source_side_mask_embedding,3.810149064520374e-05,1.423155665397644,0.0005775614990852773,0.9899860558216944,0.980170681333608
MET_PA19.nii.gz,3,foreground,final_decoder_feature,blur,1x32x192x192x192,hybrid_candidate_action_state_source_tail_context,source_side_downstream_skip,source_side_mask_embedding,3.810149064520374e-05,1.423155665397644,0.0005775614990852773,0.9899860558216944,0.980170681333608
HEM_PA24.nii.gz,0,context,decoder_stage_1_low_to_high,gamma,1x288x24x24x24,hybrid_candidate_action_state_source_tail_context,source_side_downstream_skip,source_side_mask_embedding,3.0351669683782497e-32,3.703145980834961,6.440380686452652e-19,1.0,0.0
HEM_PA24.nii.gz,0,context,penultimate_decoder_stage_output,gamma,1x96x96x96x96,hybrid_candidate_action_state_source_tail_context,source_side_downstream_skip,source_side_mask_embedding,1.860412444313011e-32,2.8190975189208984,5.674790908334557e-19,1.0,0.0
HEM_PA24.nii.gz,0,context,final_decoder_stage_input,gamma,1x64x192x192x192,hybrid_candidate_action_state_source_tail_context,source_side_downstream_skip,source_side_mask_embedding,1.273439919679059e-32,2.661189317703247,5.206517242725811e-19,1.0,0.0
HEM_PA24.nii.gz,0,context,final_decoder_feature,gamma,1x32x192x192x192,hybrid_candidate_action_state_source_tail_context,source_side_downstream_skip,source_side_mask_embedding,1.273439919679059e-32,2.661189317703247,5.206517242725811e-19,1.0,0.0
HEM_PA24.nii.gz,0,context,decoder_stage_1_low_to_high,blur,1x288x24x24x24,hybrid_candidate_action_state_source_tail_context,source_side_downstream_skip,source_side_mask_embedding,4.0131433560801735e-31,12.097352981567383,2.878371189978588e-18,1.0,0.0
HEM_PA24.nii.gz,0,context,penultimate_decoder_stage_output,blur,1x96x96x96x96,hybrid_candidate_action_state_source_tail_context,source_side_downstream_skip,source_side_mask_embedding,1.0840943047916149e-30,6.721554756164551,2.976971532585215e-18,1.0,0.0
HEM_PA24.nii.gz,0,context,final_decoder_stage_input,blur,1x64x192x192x192,hybrid_candidate_action_state_source_tail_context,source_side_downstream_skip,source_side_mask_embedding,1.491345098460268e-31,6.613265514373779,1.772917093195371e-18,1.0,0.0
HEM_PA24.nii.gz,0,context,final_decoder_feature,blur,1x32x192x192x192,hybrid_candidate_action_state_source_tail_context,source_side_downstream_skip,source_side_mask_embedding,1.491345098460268e-31,6.613265514373779,1.772917093195371e-18,1.0,0.0
HEM_PA24.nii.gz,1,context,decoder_stage_1_low_to_high,gamma,1x288x24x24x24,hybrid_candidate_action_state_source_tail_context,source_side_downstream_skip,source_side_mask_embedding,6.094260243116878e-05,0.1722252070903778,0.0002544015005696565,0.9832060189628037,0.9669667969118674
HEM_PA24.nii.gz,1,context,penultimate_decoder_stage_output,gamma,1x96x96x96x96,hybrid_candidate_action_state_source_tail_context,source_side_downstream_skip,source_side_mask_embedding,1.719341639727645e-06,0.010918093845248222,4.252140934113413e-05,0.997609148607257,0.995229702287444
HEM_PA24.nii.gz,1,context,final_decoder_stage_input,gamma,1x64x192x192x192,hybrid_candidate_action_state_source_tail_context,source_side_downstream_skip,source_side_mask_embedding,1.0891524127032426e-08,0.005395771004259586,4.193710083200131e-06,0.9997697797559666,0.9995396654902563
HEM_PA24.nii.gz,1,context,final_decoder_feature,gamma,1x32x192x192x192,hybrid_candidate_action_state_source_tail_context,source_side_downstream_skip,source_side_mask_embedding,1.0891524127032426e-08,0.005395771004259586,4.193710083200131e-06,0.9997697797559666,0.9995396654902563
HEM_PA24.nii.gz,1,context,decoder_stage_1_low_to_high,blur,1x288x24x24x24,hybrid_candidate_action_state_source_tail_context,source_side_downstream_skip,source_side_mask_embedding,0.0008898417581804097,1.6840331554412842,0.0014157836558297276,0.8993386610715131,0.8170893527949614
HEM_PA24.nii.gz,1,context,penultimate_decoder_stage_output,blur,1x96x96x96x96,hybrid_candidate_action_state_source_tail_context,source_side_downstream_skip,source_side_mask_embedding,3.7009471270721406e-05,0.6068064570426941,0.0002269177493872121,0.9845364779116026,0.969543914179024
HEM_PA24.nii.gz,1,context,final_decoder_stage_input,blur,1x64x192x192x192,hybrid_candidate_action_state_source_tail_context,source_side_downstream_skip,source_side_mask_embedding,1.869908555818256e-05,0.5113216042518616,0.00017264645430259407,0.9886199501028582,0.9774959968840611
HEM_PA24.nii.gz,1,context,final_decoder_feature,blur,1x32x192x192x192,hybrid_candidate_action_state_source_tail_context,source_side_downstream_skip,source_side_mask_embedding,1.869908555818256e-05,0.5113216042518616,0.00017264645430259407,0.9886199501028582,0.9774959968840611
HEM_PA24.nii.gz,2,foreground,decoder_stage_1_low_to_high,gamma,1x288x24x24x24,hybrid_candidate_action_state_source_tail_context,source_side_downstream_skip,source_side_mask_embedding,4.887086834060028e-05,0.062096692621707916,0.0004503078816924244,0.9940461072783215,0.9881626926149274
HEM_PA24.nii.gz,2,foreground,penultimate_decoder_stage_output,gamma,1x96x96x96x96,hybrid_candidate_action_state_source_tail_context,source_side_downstream_skip,source_side_mask_embedding,4.413559054228244e-06,0.012132887728512287,0.0001494087919127196,0.9982785853936406,0.9965630871392803
HEM_PA24.nii.gz,2,foreground,final_decoder_stage_input,gamma,1x64x192x192x192,hybrid_candidate_action_state_source_tail_context,source_side_downstream_skip,source_side_mask_embedding,6.197497555149312e-07,0.010122374631464481,5.8425532188266516e-05,0.9993181405881506,0.9986372104072115
HEM_PA24.nii.gz,2,foreground,final_decoder_feature,gamma,1x32x192x192x192,hybrid_candidate_action_state_source_tail_context,source_side_downstream_skip,source_side_mask_embedding,6.197497555149312e-07,0.010122374631464481,5.8425532188266516e-05,0.9993181405881506,0.9986372104072115
HEM_PA24.nii.gz,2,foreground,decoder_stage_1_low_to_high,blur,1x288x24x24x24,hybrid_candidate_action_state_source_tail_context,source_side_downstream_skip,source_side_mask_embedding,0.002654787851497531,1.781059741973877,0.004689166788011789,0.9338187705589993,0.875853696138133
HEM_PA24.nii.gz,2,foreground,penultimate_decoder_stage_output,blur,1x96x96x96x96,hybrid_candidate_action_state_source_tail_context,source_side_downstream_skip,source_side_mask_embedding,0.00015606454689987004,0.7472400069236755,0.0011170573998242617,0.986983964865693,0.9743024104597094
HEM_PA24.nii.gz,2,foreground,final_decoder_stage_input,blur,1x64x192x192x192,hybrid_candidate_action_state_source_tail_context,source_side_downstream_skip,source_side_mask_embedding,2.209681952081155e-05,0.6964597105979919,0.000392349436879158,0.9960085516423041,0.9920488399294136
HEM_PA24.nii.gz,2,foreground,final_decoder_feature,blur,1x32x192x192x192,hybrid_candidate_action_state_source_tail_context,source_side_downstream_skip,source_side_mask_embedding,2.209681952081155e-05,0.6964597105979919,0.000392349436879158,0.9960085516423041,0.9920488399294136
HEM_PA24.nii.gz,3,foreground,decoder_stage_1_low_to_high,gamma,1x288x24x24x24,hybrid_candidate_action_state_source_tail_context,source_side_downstream_skip,source_side_mask_embedding,7.644158904440701e-05,0.08991455286741257,0.0006089492817409337,0.9907871372350567,0.9817424785100286
HEM_PA24.nii.gz,3,foreground,penultimate_decoder_stage_output,gamma,1x96x96x96x96,hybrid_candidate_action_state_source_tail_context,source_side_downstream_skip,source_side_mask_embedding,5.7762881624512374e-06,0.009388416074216366,0.00018796992662828416,0.9974752387890196,0.9949631943096733
HEM_PA24.nii.gz,3,foreground,final_decoder_stage_input,gamma,1x64x192x192x192,hybrid_candidate_action_state_source_tail_context,source_side_downstream_skip,source_side_mask_embedding,6.523879392261733e-07,0.005802734289318323,6.545570067828521e-05,0.9991524102063373,0.9983062560127911
HEM_PA24.nii.gz,3,foreground,final_decoder_feature,gamma,1x32x192x192x192,hybrid_candidate_action_state_source_tail_context,source_side_downstream_skip,source_side_mask_embedding,6.523879392261733e-07,0.005802734289318323,6.545570067828521e-05,0.9991524102063373,0.9983062560127911
HEM_PA24.nii.gz,3,foreground,decoder_stage_1_low_to_high,blur,1x288x24x24x24,hybrid_candidate_action_state_source_tail_context,source_side_downstream_skip,source_side_mask_embedding,0.00254225661046803,1.955443263053894,0.004671883303672075,0.924203842564586,0.8590882540125367
HEM_PA24.nii.gz,3,foreground,penultimate_decoder_stage_output,blur,1x96x96x96x96,hybrid_candidate_action_state_source_tail_context,source_side_downstream_skip,source_side_mask_embedding,0.00014842816744931042,0.8189060091972351,0.0011291773989796638,0.9844615409729786,0.9693985808436861
HEM_PA24.nii.gz,3,foreground,final_decoder_stage_input,blur,1x64x192x192x192,hybrid_candidate_action_state_source_tail_context,source_side_downstream_skip,source_side_mask_embedding,3.502703839330934e-05,0.7804752588272095,0.0004972766037099063,0.9935389701990538,0.987160894243021
HEM_PA24.nii.gz,3,foreground,final_decoder_feature,blur,1x32x192x192x192,hybrid_candidate_action_state_source_tail_context,source_side_downstream_skip,source_side_mask_embedding,3.502703839330934e-05,0.7804752588272095,0.0004972766037099063,0.9935389701990538,0.987160894243021
CYST_PA74.nii.gz,0,context,decoder_stage_1_low_to_high,gamma,1x288x24x24x24,hybrid_candidate_action_state_source_tail_context,source_side_downstream_skip,source_side_mask_embedding,5.46475789158964e-33,0.9708106517791748,1.4015613882248961e-18,1.0,0.0
CYST_PA74.nii.gz,0,context,penultimate_decoder_stage_output,gamma,1x96x96x96x96,hybrid_candidate_action_state_source_tail_context,source_side_downstream_skip,source_side_mask_embedding,3.1563645501782554e-32,0.6603507995605469,3.3592571885796597e-18,1.0,0.0
CYST_PA74.nii.gz,0,context,final_decoder_stage_input,gamma,1x64x192x192x192,hybrid_candidate_action_state_source_tail_context,source_side_downstream_skip,source_side_mask_embedding,5.710566837721233e-32,0.686575710773468,4.0741937347074574e-18,1.0,0.0
CYST_PA74.nii.gz,0,context,final_decoder_feature,gamma,1x32x192x192x192,hybrid_candidate_action_state_source_tail_context,source_side_downstream_skip,source_side_mask_embedding,5.710566837721233e-32,0.686575710773468,4.0741937347074574e-18,1.0,0.0
CYST_PA74.nii.gz,0,context,decoder_stage_1_low_to_high,blur,1x288x24x24x24,hybrid_candidate_action_state_source_tail_context,source_side_downstream_skip,source_side_mask_embedding,6.154171957098671e-32,2.167257070541382,6.380575528165068e-18,1.0,0.0
CYST_PA74.nii.gz,0,context,penultimate_decoder_stage_output,blur,1x96x96x96x96,hybrid_candidate_action_state_source_tail_context,source_side_downstream_skip,source_side_mask_embedding,2.1415278040819332e-32,1.2930729389190674,5.800581711651568e-18,1.0,0.0
CYST_PA74.nii.gz,0,context,final_decoder_stage_input,blur,1x64x192x192x192,hybrid_candidate_action_state_source_tail_context,source_side_downstream_skip,source_side_mask_embedding,5.934496748311353e-32,1.1520639657974243,6.12039951496662e-18,1.0,0.0
CYST_PA74.nii.gz,0,context,final_decoder_feature,blur,1x32x192x192x192,hybrid_candidate_action_state_source_tail_context,source_side_downstream_skip,source_side_mask_embedding,5.934496748311353e-32,1.1520639657974243,6.12039951496662e-18,1.0,0.0
CYST_PA74.nii.gz,1,context,decoder_stage_1_low_to_high,gamma,1x288x24x24x24,hybrid_candidate_action_state_source_tail_context,source_side_downstream_skip,source_side_mask_embedding,1.2472635717131197e-05,0.13875658810138702,8.773059380473569e-05,0.987429705590473,0.975171512577589
CYST_PA74.nii.gz,1,context,penultimate_decoder_stage_output,gamma,1x96x96x96x96,hybrid_candidate_action_state_source_tail_context,source_side_downstream_skip,source_side_mask_embedding,7.457565516233444e-07,0.015197313390672207,2.0735771613544784e-05,0.9967433466780062,0.9935078360831989
CYST_PA74.nii.gz,1,context,final_decoder_stage_input,gamma,1x64x192x192x192,hybrid_candidate_action_state_source_tail_context,source_side_downstream_skip,source_side_mask_embedding,3.231977530049335e-08,0.006816401146352291,3.941961495002033e-06,0.9992332082979296,0.9984675916338787
CYST_PA74.nii.gz,1,context,final_decoder_feature,gamma,1x32x192x192x192,hybrid_candidate_action_state_source_tail_context,source_side_downstream_skip,source_side_mask_embedding,3.231977530049335e-08,0.006816401146352291,3.941961495002033e-06,0.9992332082979296,0.9984675916338787
CYST_PA74.nii.gz,1,context,decoder_stage_1_low_to_high,blur,1x288x24x24x24,hybrid_candidate_action_state_source_tail_context,source_side_downstream_skip,source_side_mask_embedding,0.0005258467863313854,8.194915771484375,0.0007564187399111688,0.8794323065902578,0.7848096208398258
CYST_PA74.nii.gz,1,context,penultimate_decoder_stage_output,blur,1x96x96x96x96,hybrid_candidate_action_state_source_tail_context,source_side_downstream_skip,source_side_mask_embedding,1.4260549505706877e-05,6.567806243896484,8.768788393354043e-05,0.9866391152229553,0.9736305496338864
CYST_PA74.nii.gz,1,context,final_decoder_stage_input,blur,1x64x192x192x192,hybrid_candidate_action_state_source_tail_context,source_side_downstream_skip,source_side_mask_embedding,6.612701326957904e-06,6.459091663360596,7.381074829027057e-05,0.9883759081321771,0.9770189500996155
CYST_PA74.nii.gz,1,context,final_decoder_feature,blur,1x32x192x192x192,hybrid_candidate_action_state_source_tail_context,source_side_downstream_skip,source_side_mask_embedding,6.612701326957904e-06,6.459091663360596,7.381074829027057e-05,0.9883759081321771,0.9770189500996155
CYST_PA74.nii.gz,2,foreground,decoder_stage_1_low_to_high,gamma,1x288x24x24x24,hybrid_candidate_action_state_source_tail_context,source_side_downstream_skip,source_side_mask_embedding,5.254976713331416e-05,0.09269870072603226,0.0004532333405222744,0.9941091320065334,0.9882872622052576
CYST_PA74.nii.gz,2,foreground,penultimate_decoder_stage_output,gamma,1x96x96x96x96,hybrid_candidate_action_state_source_tail_context,source_side_downstream_skip,source_side_mask_embedding,6.185361144162016e-06,0.04551704600453377,0.00014477688819169998,0.9982178827053353,0.9964421059951093
CYST_PA74.nii.gz,2,foreground,final_decoder_stage_input,gamma,1x64x192x192x192,hybrid_candidate_action_state_source_tail_context,source_side_downstream_skip,source_side_mask_embedding,5.572487680183258e-07,0.039214957505464554,6.013902748236433e-05,0.9993512165174465,0.9987032743290897
CYST_PA74.nii.gz,2,foreground,final_decoder_feature,gamma,1x32x192x192x192,hybrid_candidate_action_state_source_tail_context,source_side_downstream_skip,source_side_mask_embedding,5.572487680183258e-07,0.039214957505464554,6.013902748236433e-05,0.9993512165174465,0.9987032743290897
CYST_PA74.nii.gz,2,foreground,decoder_stage_1_low_to_high,blur,1x288x24x24x24,hybrid_candidate_action_state_source_tail_context,source_side_downstream_skip,source_side_mask_embedding,0.0020336012821644545,0.7891584634780884,0.0038360923063009977,0.9470317247170761,0.899392457443807
CYST_PA74.nii.gz,2,foreground,penultimate_decoder_stage_output,blur,1x96x96x96x96,hybrid_candidate_action_state_source_tail_context,source_side_downstream_skip,source_side_mask_embedding,7.036761962808669e-05,0.07714605331420898,0.0006405948661267757,0.9919371954214428,0.9840033685561326
CYST_PA74.nii.gz,2,foreground,final_decoder_stage_input,blur,1x64x192x192x192,hybrid_candidate_action_state_source_tail_context,source_side_downstream_skip,source_side_mask_embedding,9.014846909849439e-06,0.03332729637622833,0.00022334890672937036,0.9973479298109643,0.9947098893666361
CYST_PA74.nii.gz,2,foreground,final_decoder_feature,blur,1x32x192x192x192,hybrid_candidate_action_state_source_tail_context,source_side_downstream_skip,source_side_mask_embedding,9.014846909849439e-06,0.03332729637622833,0.00022334890672937036,0.9973479298109643,0.9947098893666361
CYST_PA74.nii.gz,3,foreground,decoder_stage_1_low_to_high,gamma,1x288x24x24x24,hybrid_candidate_action_state_source_tail_context,source_side_downstream_skip,source_side_mask_embedding,5.811578739667311e-05,0.06464404612779617,0.0003872730885632336,0.9933482684773062,0.9867844432897717
CYST_PA74.nii.gz,3,foreground,penultimate_decoder_stage_output,gamma,1x96x96x96x96,hybrid_candidate_action_state_source_tail_context,source_side_downstream_skip,source_side_mask_embedding,5.529997451958479e-06,0.008824761025607586,0.00010183222184423357,0.9983842197065901,0.9967736524819196
CYST_PA74.nii.gz,3,foreground,final_decoder_stage_input,gamma,1x64x192x192x192,hybrid_candidate_action_state_source_tail_context,source_side_downstream_skip,source_side_mask_embedding,6.855825063212251e-08,0.005362553056329489,1.6264155419776216e-05,0.9997428136190081,0.9994857594936709
CYST_PA74.nii.gz,3,foreground,final_decoder_feature,gamma,1x32x192x192x192,hybrid_candidate_action_state_source_tail_context,source_side_downstream_skip,source_side_mask_embedding,6.855825063212251e-08,0.005362553056329489,1.6264155419776216e-05,0.9997428136190081,0.9994857594936709
CYST_PA74.nii.gz,3,foreground,decoder_stage_1_low_to_high,blur,1x288x24x24x24,hybrid_candidate_action_state_source_tail_context,source_side_downstream_skip,source_side_mask_embedding,0.0013751649530604482,0.9546317458152771,0.002570259151980281,0.9559709364802382,0.9156554830546086
CYST_PA74.nii.gz,3,foreground,penultimate_decoder_stage_output,blur,1x96x96x96x96,hybrid_candidate_action_state_source_tail_context,source_side_downstream_skip,source_side_mask_embedding,3.823439692496322e-05,0.2808997631072998,0.00036678131436929107,0.9943480870927646,0.9887597033631721
CYST_PA74.nii.gz,3,foreground,final_decoder_stage_input,blur,1x64x192x192x192,hybrid_candidate_action_state_source_tail_context,source_side_downstream_skip,source_side_mask_embedding,4.174399691692088e-06,0.22796212136745453,0.00014641218876931816,0.9977561444534929,0.9955223361378782
CYST_PA74.nii.gz,3,foreground,final_decoder_feature,blur,1x32x192x192x192,hybrid_candidate_action_state_source_tail_context,source_side_downstream_skip,source_side_mask_embedding,4.174399691692088e-06,0.22796212136745453,0.00014641218876931816,0.9977561444534929,0.9955223361378782
HEM_PA34.nii.gz,0,context,decoder_stage_1_low_to_high,gamma,1x288x24x24x24,hybrid_candidate_action_state_source_tail_context,source_side_downstream_skip,source_side_mask_embedding,5.438530408570887e-32,1.008407711982727,1.3838546566350094e-18,1.0,0.0
HEM_PA34.nii.gz,0,context,penultimate_decoder_stage_output,gamma,1x96x96x96x96,hybrid_candidate_action_state_source_tail_context,source_side_downstream_skip,source_side_mask_embedding,5.0310757812430656e-33,0.6101809740066528,8.781282174438172e-19,1.0,0.0
HEM_PA34.nii.gz,0,context,final_decoder_stage_input,gamma,1x64x192x192x192,hybrid_candidate_action_state_source_tail_context,source_side_downstream_skip,source_side_mask_embedding,2.8023221453656924e-33,0.5181968212127686,7.561496827749101e-19,1.0,0.0
HEM_PA34.nii.gz,0,context,final_decoder_feature,gamma,1x32x192x192x192,hybrid_candidate_action_state_source_tail_context,source_side_downstream_skip,source_side_mask_embedding,2.8023221453656924e-33,0.5181968212127686,7.561496827749101e-19,1.0,0.0
HEM_PA34.nii.gz,0,context,decoder_stage_1_low_to_high,blur,1x288x24x24x24,hybrid_candidate_action_state_source_tail_context,source_side_downstream_skip,source_side_mask_embedding,7.094832981930352e-31,30.283470153808594,6.696194149100495e-18,1.0,0.0
HEM_PA34.nii.gz,0,context,penultimate_decoder_stage_output,blur,1x96x96x96x96,hybrid_candidate_action_state_source_tail_context,source_side_downstream_skip,source_side_mask_embedding,4.2941334669260156e-32,24.190711975097656,6.288198065306677e-18,1.0,0.0
HEM_PA34.nii.gz,0,context,final_decoder_stage_input,blur,1x64x192x192x192,hybrid_candidate_action_state_source_tail_context,source_side_downstream_skip,source_side_mask_embedding,4.035319585980894e-32,24.338016510009766,6.300013099586078e-18,1.0,0.0
HEM_PA34.nii.gz,0,context,final_decoder_feature,blur,1x32x192x192x192,hybrid_candidate_action_state_source_tail_context,source_side_downstream_skip,source_side_mask_embedding,4.035319585980894e-32,24.338016510009766,6.300013099586078e-18,1.0,0.0
HEM_PA34.nii.gz,1,context,decoder_stage_1_low_to_high,gamma,1x288x24x24x24,hybrid_candidate_action_state_source_tail_context,source_side_downstream_skip,source_side_mask_embedding,4.400129182613455e-05,0.2452831268310547,0.0002387115528108552,0.9788488126713076,0.9585738378583815
HEM_PA34.nii.gz,1,context,penultimate_decoder_stage_output,gamma,1x96x96x96x96,hybrid_candidate_action_state_source_tail_context,source_side_downstream_skip,source_side_mask_embedding,7.155837238315144e-07,0.02030414156615734,2.9974533390486613e-05,0.9972791098802323,0.9945729860690491
HEM_PA34.nii.gz,1,context,final_decoder_stage_input,gamma,1x64x192x192x192,hybrid_candidate_action_state_source_tail_context,source_side_downstream_skip,source_side_mask_embedding,1.1779155073554648e-07,0.00556847732514143,1.3551073607231956e-05,0.9987730061349693,0.9975490196078431
HEM_PA34.nii.gz,1,context,final_decoder_feature,gamma,1x32x192x192x192,hybrid_candidate_action_state_source_tail_context,source_side_downstream_skip,source_side_mask_embedding,1.1779155073554648e-07,0.00556847732514143,1.3551073607231956e-05,0.9987730061349693,0.9975490196078431
HEM_PA34.nii.gz,1,context,decoder_stage_1_low_to_high,blur,1x288x24x24x24,hybrid_candidate_action_state_source_tail_context,source_side_downstream_skip,source_side_mask_embedding,0.0014615649124607444,4.904066562652588,0.00197053630836308,0.7989566788581753,0.6652188682907891
HEM_PA34.nii.gz,1,context,penultimate_decoder_stage_output,blur,1x96x96x96x96,hybrid_candidate_action_state_source_tail_context,source_side_downstream_skip,source_side_mask_embedding,3.265491977799684e-05,3.569774866104126,0.00019972898007836193,0.9780799888127535,0.9571003386815368
HEM_PA34.nii.gz,1,context,final_decoder_stage_input,blur,1x64x192x192x192,hybrid_candidate_action_state_source_tail_context,source_side_downstream_skip,source_side_mask_embedding,2.1706087864004076e-05,3.3607447147369385,0.00018318521324545145,0.9798839592815204,0.9605612696682787
HEM_PA34.nii.gz,1,context,final_decoder_feature,blur,1x32x192x192x192,hybrid_candidate_action_state_source_tail_context,source_side_downstream_skip,source_side_mask_embedding,2.1706087864004076e-05,3.3607447147369385,0.00018318521324545145,0.9798839592815204,0.9605612696682787
HEM_PA34.nii.gz,2,foreground,decoder_stage_1_low_to_high,gamma,1x288x24x24x24,hybrid_candidate_action_state_source_tail_context,source_side_downstream_skip,source_side_mask_embedding,6.843885057605803e-05,0.08190888166427612,0.0005490604671649635,0.9939237557614374,0.9879209070418687
HEM_PA34.nii.gz,2,foreground,penultimate_decoder_stage_output,gamma,1x96x96x96x96,hybrid_candidate_action_state_source_tail_context,source_side_downstream_skip,source_side_mask_embedding,4.283981070329901e-06,0.015173320658504963,0.00012729415902867913,0.9987117735618685,0.9974268619082557
HEM_PA34.nii.gz,2,foreground,final_decoder_stage_input,gamma,1x64x192x192x192,hybrid_candidate_action_state_source_tail_context,source_side_downstream_skip,source_side_mask_embedding,5.76201671265153e-07,0.013362469151616096,6.495316483778879e-05,0.9993479633341498,0.998696776417859
HEM_PA34.nii.gz,2,foreground,final_decoder_feature,gamma,1x32x192x192x192,hybrid_candidate_action_state_source_tail_context,source_side_downstream_skip,source_side_mask_embedding,5.76201671265153e-07,0.013362469151616096,6.495316483778879e-05,0.9993479633341498,0.998696776417859
HEM_PA34.nii.gz,2,foreground,decoder_stage_1_low_to_high,blur,1x288x24x24x24,hybrid_candidate_action_state_source_tail_context,source_side_downstream_skip,source_side_mask_embedding,0.0017240503802895546,0.9507629871368408,0.003570533823221922,0.9611266908342372,0.9251625605879144
HEM_PA34.nii.gz,2,foreground,penultimate_decoder_stage_output,blur,1x96x96x96x96,hybrid_candidate_action_state_source_tail_context,source_side_downstream_skip,source_side_mask_embedding,8.088731556199491e-05,0.12368927150964737,0.0007893215515650809,0.9925264397880273,0.9851637591156235
HEM_PA34.nii.gz,2,foreground,final_decoder_stage_input,blur,1x64x192x192x192,hybrid_candidate_action_state_source_tail_context,source_side_downstream_skip,source_side_mask_embedding,1.3641762961924542e-05,0.08287721127271652,0.0003485713095869869,0.9965345739893589,0.993093083387201
HEM_PA34.nii.gz,2,foreground,final_decoder_feature,blur,1x32x192x192x192,hybrid_candidate_action_state_source_tail_context,source_side_downstream_skip,source_side_mask_embedding,1.3641762961924542e-05,0.08287721127271652,0.0003485713095869869,0.9965345739893589,0.993093083387201
HEM_PA34.nii.gz,3,foreground,decoder_stage_1_low_to_high,gamma,1x288x24x24x24,hybrid_candidate_action_state_source_tail_context,source_side_downstream_skip,source_side_mask_embedding,4.5158802095102146e-05,0.0933283343911171,0.00035706322523765266,0.9953707990000926,0.9907842595152521
HEM_PA34.nii.gz,3,foreground,penultimate_decoder_stage_output,gamma,1x96x96x96x96,hybrid_candidate_action_state_source_tail_context,source_side_downstream_skip,source_side_mask_embedding,3.5038710848311894e-06,0.00535704055801034,8.964278822531924e-05,0.9989351731068402,0.9978726115141523
HEM_PA34.nii.gz,3,foreground,final_decoder_stage_input,gamma,1x64x192x192x192,hybrid_candidate_action_state_source_tail_context,source_side_downstream_skip,source_side_mask_embedding,7.071480467857327e-08,0.0012972363037988544,1.5484762116102502e-05,0.9998337611727955,0.9996675776070999
HEM_PA34.nii.gz,3,foreground,final_decoder_feature,gamma,1x32x192x192x192,hybrid_candidate_action_state_source_tail_context,source_side_downstream_skip,source_side_mask_embedding,7.071480467857327e-08,0.0012972363037988544,1.5484762116102502e-05,0.9998337611727955,0.9996675776070999
HEM_PA34.nii.gz,3,foreground,decoder_stage_1_low_to_high,blur,1x288x24x24x24,hybrid_candidate_action_state_source_tail_context,source_side_downstream_skip,source_side_mask_embedding,0.001640950096771121,0.9597973227500916,0.0029900316148996353,0.9605115324884483,0.924023269625908
HEM_PA34.nii.gz,3,foreground,penultimate_decoder_stage_output,blur,1x96x96x96x96,hybrid_candidate_action_state_source_tail_context,source_side_downstream_skip,source_side_mask_embedding,6.279676017584279e-05,0.12613406777381897,0.000528537726495415,0.9934261985493773,0.9869382623685439
HEM_PA34.nii.gz,3,foreground,final_decoder_stage_input,blur,1x64x192x192x192,hybrid_candidate_action_state_source_tail_context,source_side_downstream_skip,source_side_mask_embedding,9.956679605238605e-07,0.059656787663698196,7.181003456935287e-05,0.9992665435184179,0.9985341621650967
HEM_PA34.nii.gz,3,foreground,final_decoder_feature,blur,1x32x192x192x192,hybrid_candidate_action_state_source_tail_context,source_side_downstream_skip,source_side_mask_embedding,9.956679605238605e-07,0.059656787663698196,7.181003456935287e-05,0.9992665435184179,0.9985341621650967
FNH_PA32.nii.gz,0,context,decoder_stage_1_low_to_high,gamma,1x288x24x24x24,hybrid_candidate_action_state_source_tail_context,source_side_downstream_skip,source_side_mask_embedding,7.119653309928253e-05,0.11051955074071884,0.0003365635348018259,0.9863458336826724,0.9730595171981898
FNH_PA32.nii.gz,0,context,penultimate_decoder_stage_output,gamma,1x96x96x96x96,hybrid_candidate_action_state_source_tail_context,source_side_downstream_skip,source_side_mask_embedding,8.178261055036273e-07,0.03268085792660713,3.944088166463189e-05,0.9985144350378551,0.9970332773349537
FNH_PA32.nii.gz,0,context,final_decoder_stage_input,gamma,1x64x192x192x192,hybrid_candidate_action_state_source_tail_context,source_side_downstream_skip,source_side_mask_embedding,3.9111122873691784e-07,0.021262522786855698,2.7063306333729997e-05,0.9989036525055115,0.997809706333996
FNH_PA32.nii.gz,0,context,final_decoder_feature,gamma,1x32x192x192x192,hybrid_candidate_action_state_source_tail_context,source_side_downstream_skip,source_side_mask_embedding,3.9111122873691784e-07,0.021262522786855698,2.7063306333729997e-05,0.9989036525055115,0.997809706333996
FNH_PA32.nii.gz,0,context,decoder_stage_1_low_to_high,blur,1x288x24x24x24,hybrid_candidate_action_state_source_tail_context,source_side_downstream_skip,source_side_mask_embedding,0.0006455045659095049,0.8426583409309387,0.0012309255544096231,0.9474941248595075,0.9002269224701785
FNH_PA32.nii.gz,0,context,penultimate_decoder_stage_output,blur,1x96x96x96x96,hybrid_candidate_action_state_source_tail_context,source_side_downstream_skip,source_side_mask_embedding,9.198397492582444e-06,0.28630200028419495,0.00013255821249913424,0.994707535523862,0.9894707964832983
FNH_PA32.nii.gz,0,context,final_decoder_stage_input,blur,1x64x192x192x192,hybrid_candidate_action_state_source_tail_context,source_side_downstream_skip,source_side_mask_embedding,5.520749368770339e-07,0.18243493139743805,3.2977994123939425e-05,0.9986152947584641,0.9972344190313913
FNH_PA32.nii.gz,0,context,final_decoder_feature,blur,1x32x192x192x192,hybrid_candidate_action_state_source_tail_context,source_side_downstream_skip,source_side_mask_embedding,5.520749368770339e-07,0.18243493139743805,3.2977994123939425e-05,0.9986152947584641,0.9972344190313913
FNH_PA32.nii.gz,1,context,decoder_stage_1_low_to_high,gamma,1x288x24x24x24,hybrid_candidate_action_state_source_tail_context,source_side_downstream_skip,source_side_mask_embedding,0.00010130152804777026,0.0657181590795517,0.000612483243457973,0.9924016258298874,0.9849178514676131
FNH_PA32.nii.gz,1,context,penultimate_decoder_stage_output,gamma,1x96x96x96x96,hybrid_candidate_action_state_source_tail_context,source_side_downstream_skip,source_side_mask_embedding,2.2921205982129322e-06,0.014708386734127998,9.519443119643256e-05,0.9990004626833515,0.9980029215211669
FNH_PA32.nii.gz,1,context,final_decoder_stage_input,gamma,1x64x192x192x192,hybrid_candidate_action_state_source_tail_context,source_side_downstream_skip,source_side_mask_embedding,5.06482365381089e-07,0.005758640822023153,4.645116860046983e-05,0.9994916421019187,0.9989838007967284
FNH_PA32.nii.gz,1,context,final_decoder_feature,gamma,1x32x192x192x192,hybrid_candidate_action_state_source_tail_context,source_side_downstream_skip,source_side_mask_embedding,5.06482365381089e-07,0.005758640822023153,4.645116860046983e-05,0.9994916421019187,0.9989838007967284
FNH_PA32.nii.gz,1,context,decoder_stage_1_low_to_high,blur,1x288x24x24x24,hybrid_candidate_action_state_source_tail_context,source_side_downstream_skip,source_side_mask_embedding,0.0012170253321528435,0.7211796045303345,0.002493051579222083,0.9687253982119556,0.9393476737741433
FNH_PA32.nii.gz,1,context,penultimate_decoder_stage_output,blur,1x96x96x96x96,hybrid_candidate_action_state_source_tail_context,source_side_downstream_skip,source_side_mask_embedding,3.0265144232544117e-05,0.2515346109867096,0.0003706269199028611,0.9958706766862317,0.9917753157528736
FNH_PA32.nii.gz,1,context,final_decoder_stage_input,blur,1x64x192x192x192,hybrid_candidate_action_state_source_tail_context,source_side_downstream_skip,source_side_mask_embedding,9.806939260670333e-07,0.16447065770626068,7.25008940207772e-05,0.9992547373497145,0.9985105847050191
FNH_PA32.nii.gz,1,context,final_decoder_feature,blur,1x32x192x192x192,hybrid_candidate_action_state_source_tail_context,source_side_downstream_skip,source_side_mask_embedding,9.806939260670333e-07,0.16447065770626068,7.25008940207772e-05,0.9992547373497145,0.9985105847050191
FNH_PA32.nii.gz,2,foreground,decoder_stage_1_low_to_high,gamma,1x288x24x24x24,hybrid_candidate_action_state_source_tail_context,source_side_downstream_skip,source_side_mask_embedding,8.6124477093108e-05,0.0900796428322792,0.0005261091864667833,0.9933295139074385,0.9867474289060498
FNH_PA32.nii.gz,2,foreground,penultimate_decoder_stage_output,gamma,1x96x96x96x96,hybrid_candidate_action_state_source_tail_context,source_side_downstream_skip,source_side_mask_embedding,1.98759062186582e-06,0.014594323933124542,8.910027099773288e-05,0.9990516649265179,0.9981051268277248
FNH_PA32.nii.gz,2,foreground,final_decoder_stage_input,gamma,1x64x192x192x192,hybrid_candidate_action_state_source_tail_context,source_side_downstream_skip,source_side_mask_embedding,2.8870300639027846e-07,0.006388977635651827,3.355063745402731e-05,0.9996116776445949,0.9992236567606251
FNH_PA32.nii.gz,2,foreground,final_decoder_feature,gamma,1x32x192x192x192,hybrid_candidate_action_state_source_tail_context,source_side_downstream_skip,source_side_mask_embedding,2.8870300639027846e-07,0.006388977635651827,3.355063745402731e-05,0.9996116776445949,0.9992236567606251
FNH_PA32.nii.gz,2,foreground,decoder_stage_1_low_to_high,blur,1x288x24x24x24,hybrid_candidate_action_state_source_tail_context,source_side_downstream_skip,source_side_mask_embedding,0.0012352694757282734,1.3399494886398315,0.0026226076297461987,0.9657583655451399,0.9337840726690363
FNH_PA32.nii.gz,2,foreground,penultimate_decoder_stage_output,blur,1x96x96x96x96,hybrid_candidate_action_state_source_tail_context,source_side_downstream_skip,source_side_mask_embedding,3.897721762768924e-05,0.7394161820411682,0.000451523665105924,0.9949111191198142,0.9898737694208112
FNH_PA32.nii.gz,2,foreground,final_decoder_stage_input,blur,1x64x192x192x192,hybrid_candidate_action_state_source_tail_context,source_side_downstream_skip,source_side_mask_embedding,2.444241999910446e-06,0.6464924216270447,0.00012771856563631445,0.9987461890746875,0.9974955182958979
FNH_PA32.nii.gz,2,foreground,final_decoder_feature,blur,1x32x192x192x192,hybrid_candidate_action_state_source_tail_context,source_side_downstream_skip,source_side_mask_embedding,2.444241999910446e-06,0.6464924216270447,0.00012771856563631445,0.9987461890746875,0.9974955182958979
FNH_PA32.nii.gz,3,repeat_fill,decoder_stage_1_low_to_high,gamma,1x288x24x24x24,hybrid_candidate_action_state_source_tail_context,source_side_downstream_skip,source_side_mask_embedding,7.119653309928253e-05,0.11051955074071884,0.0003365635348018259,0.9863458336826724,0.9730595171981898
FNH_PA32.nii.gz,3,repeat_fill,penultimate_decoder_stage_output,gamma,1x96x96x96x96,hybrid_candidate_action_state_source_tail_context,source_side_downstream_skip,source_side_mask_embedding,8.178261055036273e-07,0.03268085792660713,3.944088166463189e-05,0.9985144350378551,0.9970332773349537
FNH_PA32.nii.gz,3,repeat_fill,final_decoder_stage_input,gamma,1x64x192x192x192,hybrid_candidate_action_state_source_tail_context,source_side_downstream_skip,source_side_mask_embedding,3.9111122873691784e-07,0.021262522786855698,2.7063306333729997e-05,0.9989036525055115,0.997809706333996
FNH_PA32.nii.gz,3,repeat_fill,final_decoder_feature,gamma,1x32x192x192x192,hybrid_candidate_action_state_source_tail_context,source_side_downstream_skip,source_side_mask_embedding,3.9111122873691784e-07,0.021262522786855698,2.7063306333729997e-05,0.9989036525055115,0.997809706333996
FNH_PA32.nii.gz,3,repeat_fill,decoder_stage_1_low_to_high,blur,1x288x24x24x24,hybrid_candidate_action_state_source_tail_context,source_side_downstream_skip,source_side_mask_embedding,0.0006455045659095049,0.8426583409309387,0.0012309255544096231,0.9474941248595075,0.9002269224701785
FNH_PA32.nii.gz,3,repeat_fill,penultimate_decoder_stage_output,blur,1x96x96x96x96,hybrid_candidate_action_state_source_tail_context,source_side_downstream_skip,source_side_mask_embedding,9.198397492582444e-06,0.28630200028419495,0.00013255821249913424,0.994707535523862,0.9894707964832983
FNH_PA32.nii.gz,3,repeat_fill,final_decoder_stage_input,blur,1x64x192x192x192,hybrid_candidate_action_state_source_tail_context,source_side_downstream_skip,source_side_mask_embedding,5.520749368770339e-07,0.18243493139743805,3.2977994123939425e-05,0.9986152947584641,0.9972344190313913
FNH_PA32.nii.gz,3,repeat_fill,final_decoder_feature,blur,1x32x192x192x192,hybrid_candidate_action_state_source_tail_context,source_side_downstream_skip,source_side_mask_embedding,5.520749368770339e-07,0.18243493139743805,3.2977994123939425e-05,0.9986152947584641,0.9972344190313913
FNH_PA10.nii.gz,0,context,decoder_stage_1_low_to_high,gamma,1x288x24x24x24,hybrid_candidate_action_state_source_tail_context,source_side_downstream_skip,source_side_mask_embedding,1.7083164116319378e-30,0.9754601716995239,2.4091502991708923e-17,1.0,0.0
FNH_PA10.nii.gz,0,context,penultimate_decoder_stage_output,gamma,1x96x96x96x96,hybrid_candidate_action_state_source_tail_context,source_side_downstream_skip,source_side_mask_embedding,6.152370512006036e-32,0.14215770363807678,7.267272199381592e-18,1.0,0.0
FNH_PA10.nii.gz,0,context,final_decoder_stage_input,gamma,1x64x192x192x192,hybrid_candidate_action_state_source_tail_context,source_side_downstream_skip,source_side_mask_embedding,3.02456048285078e-32,0.054421424865722656,5.570572148212316e-18,1.0,0.0
FNH_PA10.nii.gz,0,context,final_decoder_feature,gamma,1x32x192x192x192,hybrid_candidate_action_state_source_tail_context,source_side_downstream_skip,source_side_mask_embedding,3.02456048285078e-32,0.054421424865722656,5.570572148212316e-18,1.0,0.0
FNH_PA10.nii.gz,0,context,decoder_stage_1_low_to_high,blur,1x288x24x24x24,hybrid_candidate_action_state_source_tail_context,source_side_downstream_skip,source_side_mask_embedding,5.817046830580865e-30,16.587486267089844,1.2179631008868414e-16,1.0,0.0
FNH_PA10.nii.gz,0,context,penultimate_decoder_stage_output,blur,1x96x96x96x96,hybrid_candidate_action_state_source_tail_context,source_side_downstream_skip,source_side_mask_embedding,5.1032975693491475e-30,12.394287109375,1.3089707030200076e-16,1.0,0.0
FNH_PA10.nii.gz,0,context,final_decoder_stage_input,blur,1x64x192x192x192,hybrid_candidate_action_state_source_tail_context,source_side_downstream_skip,source_side_mask_embedding,4.904639400218373e-30,12.282917976379395,1.2921793336318751e-16,1.0,0.0
FNH_PA10.nii.gz,0,context,final_decoder_feature,blur,1x32x192x192x192,hybrid_candidate_action_state_source_tail_context,source_side_downstream_skip,source_side_mask_embedding,4.904639400218373e-30,12.282917976379395,1.2921793336318751e-16,1.0,0.0
FNH_PA10.nii.gz,1,context,decoder_stage_1_low_to_high,gamma,1x288x24x24x24,hybrid_candidate_action_state_source_tail_context,source_side_downstream_skip,source_side_mask_embedding,4.5879060053266585e-05,0.29337820410728455,0.00037223604158498347,0.9905659687433724,0.9813082757971151
FNH_PA10.nii.gz,1,context,penultimate_decoder_stage_output,gamma,1x96x96x96x96,hybrid_candidate_action_state_source_tail_context,source_side_downstream_skip,source_side_mask_embedding,7.325167530325416e-07,0.05593125894665718,5.213322219788097e-05,0.9988343714712418,0.9976714571584501
FNH_PA10.nii.gz,1,context,final_decoder_stage_input,gamma,1x64x192x192x192,hybrid_candidate_action_state_source_tail_context,source_side_downstream_skip,source_side_mask_embedding,6.110865058417403e-08,0.035776253789663315,1.913123924168758e-05,0.9996759948596038,0.999352199609864
FNH_PA10.nii.gz,1,context,final_decoder_feature,gamma,1x32x192x192x192,hybrid_candidate_action_state_source_tail_context,source_side_downstream_skip,source_side_mask_embedding,6.110865058417403e-08,0.035776253789663315,1.913123924168758e-05,0.9996759948596038,0.999352199609864
FNH_PA10.nii.gz,1,context,decoder_stage_1_low_to_high,blur,1x288x24x24x24,hybrid_candidate_action_state_source_tail_context,source_side_downstream_skip,source_side_mask_embedding,0.0007591850007884204,0.8732154965400696,0.001680252025835216,0.9536484735108656,0.9114035287076809
FNH_PA10.nii.gz,1,context,penultimate_decoder_stage_output,blur,1x96x96x96x96,hybrid_candidate_action_state_source_tail_context,source_side_downstream_skip,source_side_mask_embedding,1.0076463695440907e-05,0.3106209337711334,0.0001850709377322346,0.995553337451371,0.9911460454508431
FNH_PA10.nii.gz,1,context,final_decoder_stage_input,blur,1x64x192x192x192,hybrid_candidate_action_state_source_tail_context,source_side_downstream_skip,source_side_mask_embedding,6.327124992822064e-06,0.26653236150741577,0.0001495212927693501,0.9962243775131615,0.9924771584360966
FNH_PA10.nii.gz,1,context,final_decoder_feature,blur,1x32x192x192x192,hybrid_candidate_action_state_source_tail_context,source_side_downstream_skip,source_side_mask_embedding,6.327124992822064e-06,0.26653236150741577,0.0001495212927693501,0.9962243775131615,0.9924771584360966
FNH_PA10.nii.gz,2,foreground,decoder_stage_1_low_to_high,gamma,1x288x24x24x24,hybrid_candidate_action_state_source_tail_context,source_side_downstream_skip,source_side_mask_embedding,5.992994556436315e-05,0.15760791301727295,0.0008781927754171193,0.9967830549924568,0.9935867410861585
FNH_PA10.nii.gz,2,foreground,penultimate_decoder_stage_output,gamma,1x96x96x96x96,hybrid_candidate_action_state_source_tail_context,source_side_downstream_skip,source_side_mask_embedding,2.6515758690948132e-06,0.004765299614518881,0.00022500264458358288,0.9993765823992672,0.9987539416132641
FNH_PA10.nii.gz,2,foreground,final_decoder_stage_input,gamma,1x64x192x192x192,hybrid_candidate_action_state_source_tail_context,source_side_downstream_skip,source_side_mask_embedding,4.829116164728475e-07,0.0014948734315112233,0.0001021618300001137,0.9997172228625026,0.9994346056056137
FNH_PA10.nii.gz,2,foreground,final_decoder_feature,gamma,1x32x192x192x192,hybrid_candidate_action_state_source_tail_context,source_side_downstream_skip,source_side_mask_embedding,4.829116164728475e-07,0.0014948734315112233,0.0001021618300001137,0.9997172228625026,0.9994346056056137
FNH_PA10.nii.gz,2,foreground,decoder_stage_1_low_to_high,blur,1x288x24x24x24,hybrid_candidate_action_state_source_tail_context,source_side_downstream_skip,source_side_mask_embedding,0.0016196883516386151,1.021207332611084,0.006020276807248592,0.978418136298687,0.9577481463441034
FNH_PA10.nii.gz,2,foreground,penultimate_decoder_stage_output,blur,1x96x96x96x96,hybrid_candidate_action_state_source_tail_context,source_side_downstream_skip,source_side_mask_embedding,4.630421972251497e-05,0.5769385099411011,0.0011759218759834766,0.9973020390524252,0.9946185969202027
FNH_PA10.nii.gz,2,foreground,final_decoder_stage_input,blur,1x64x192x192x192,hybrid_candidate_action_state_source_tail_context,source_side_downstream_skip,source_side_mask_embedding,2.530677375034429e-05,0.5657172203063965,0.0009704093099571764,0.9976787271016938,0.9953682058615916
FNH_PA10.nii.gz,2,foreground,final_decoder_feature,blur,1x32x192x192x192,hybrid_candidate_action_state_source_tail_context,source_side_downstream_skip,source_side_mask_embedding,2.530677375034429e-05,0.5657172203063965,0.0009704093099571764,0.9976787271016938,0.9953682058615916
FNH_PA10.nii.gz,3,foreground,decoder_stage_1_low_to_high,gamma,1x288x24x24x24,hybrid_candidate_action_state_source_tail_context,source_side_downstream_skip,source_side_mask_embedding,4.363762855064124e-05,0.09779559075832367,0.0007741558947600424,0.9974076914636122,0.9948287883034488
FNH_PA10.nii.gz,3,foreground,penultimate_decoder_stage_output,gamma,1x96x96x96x96,hybrid_candidate_action_state_source_tail_context,source_side_downstream_skip,source_side_mask_embedding,2.1931089122517733e-06,0.009736950509250164,0.00020720658358186483,0.9994981879654452,0.9989968793089252
FNH_PA10.nii.gz,3,foreground,final_decoder_stage_input,gamma,1x64x192x192x192,hybrid_candidate_action_state_source_tail_context,source_side_downstream_skip,source_side_mask_embedding,5.653557977325363e-08,0.007575398776680231,4.8262838390655816e-05,0.9999443079861188,0.9998886221750929
FNH_PA10.nii.gz,3,foreground,final_decoder_feature,gamma,1x32x192x192x192,hybrid_candidate_action_state_source_tail_context,source_side_downstream_skip,source_side_mask_embedding,5.653557977325363e-08,0.007575398776680231,4.8262838390655816e-05,0.9999443079861188,0.9998886221750929
FNH_PA10.nii.gz,3,foreground,decoder_stage_1_low_to_high,blur,1x288x24x24x24,hybrid_candidate_action_state_source_tail_context,source_side_downstream_skip,source_side_mask_embedding,0.001381266163662076,1.8017539978027344,0.005499846767634153,0.980651172767147,0.9620368872442266
FNH_PA10.nii.gz,3,foreground,penultimate_decoder_stage_output,blur,1x96x96x96x96,hybrid_candidate_action_state_source_tail_context,source_side_downstream_skip,source_side_mask_embedding,7.441858906531706e-05,1.3254197835922241,0.0016308746999129653,0.9963460392695315,0.9927186841811312
FNH_PA10.nii.gz,3,foreground,final_decoder_stage_input,blur,1x64x192x192x192,hybrid_candidate_action_state_source_tail_context,source_side_downstream_skip,source_side_mask_embedding,6.047246279194951e-05,1.311558723449707,0.0015830715419724584,0.9962357351358945,0.9924997033748455
FNH_PA10.nii.gz,3,foreground,final_decoder_feature,blur,1x32x192x192x192,hybrid_candidate_action_state_source_tail_context,source_side_downstream_skip,source_side_mask_embedding,6.047246279194951e-05,1.311558723449707,0.0015830715419724584,0.9962357351358945,0.9924997033748455
CYST_PA54.nii.gz,0,context,decoder_stage_1_low_to_high,gamma,1x288x24x24x24,hybrid_candidate_action_state_source_tail_context,source_side_downstream_skip,source_side_mask_embedding,3.886282502207905e-05,0.12911078333854675,0.0002706865197978914,0.988526896207881,0.977314070440222
CYST_PA54.nii.gz,0,context,penultimate_decoder_stage_output,gamma,1x96x96x96x96,hybrid_candidate_action_state_source_tail_context,source_side_downstream_skip,source_side_mask_embedding,9.297857559431577e-07,0.0437786765396595,4.458224066183902e-05,0.9983533202076248,0.9967120546084843
CYST_PA54.nii.gz,0,context,final_decoder_stage_input,gamma,1x64x192x192x192,hybrid_candidate_action_state_source_tail_context,source_side_downstream_skip,source_side_mask_embedding,2.0349324358903687e-07,0.023052120581269264,2.1190697225392796e-05,0.9992490076172085,0.9984991423670669
CYST_PA54.nii.gz,0,context,final_decoder_feature,gamma,1x32x192x192x192,hybrid_candidate_action_state_source_tail_context,source_side_downstream_skip,source_side_mask_embedding,2.0349324358903687e-07,0.023052120581269264,2.1190697225392796e-05,0.9992490076172085,0.9984991423670669
CYST_PA54.nii.gz,0,context,decoder_stage_1_low_to_high,blur,1x288x24x24x24,hybrid_candidate_action_state_source_tail_context,source_side_downstream_skip,source_side_mask_embedding,0.0007083207601681352,1.229758858680725,0.001400015433318913,0.940938266829451,0.88846404072455
CYST_PA54.nii.gz,0,context,penultimate_decoder_stage_output,blur,1x96x96x96x96,hybrid_candidate_action_state_source_tail_context,source_side_downstream_skip,source_side_mask_embedding,9.692860658105928e-06,0.4377519488334656,0.0001492374431109056,0.9938045550316043,0.9876854044621712
CYST_PA54.nii.gz,0,context,final_decoder_stage_input,blur,1x64x192x192x192,hybrid_candidate_action_state_source_tail_context,source_side_downstream_skip,source_side_mask_embedding,4.346187267856294e-07,0.3506494462490082,3.6095440009376034e-05,0.9986891538456714,0.9973817398276208
CYST_PA54.nii.gz,0,context,final_decoder_feature,blur,1x32x192x192x192,hybrid_candidate_action_state_source_tail_context,source_side_downstream_skip,source_side_mask_embedding,4.346187267856294e-07,0.3506494462490082,3.6095440009376034e-05,0.9986891538456714,0.9973817398276208
CYST_PA54.nii.gz,1,context,decoder_stage_1_low_to_high,gamma,1x288x24x24x24,hybrid_candidate_action_state_source_tail_context,source_side_downstream_skip,source_side_mask_embedding,4.779396113008261e-05,0.08926084637641907,0.00038829693221487105,0.9941864245860916,0.9884400537912486
CYST_PA54.nii.gz,1,context,penultimate_decoder_stage_output,gamma,1x96x96x96x96,hybrid_candidate_action_state_source_tail_context,source_side_downstream_skip,source_side_mask_embedding,2.2996662210061913e-06,0.025982631370425224,8.6622079834342e-05,0.9987676404552992,0.997538314592107
CYST_PA54.nii.gz,1,context,final_decoder_stage_input,gamma,1x64x192x192x192,hybrid_candidate_action_state_source_tail_context,source_side_downstream_skip,source_side_mask_embedding,2.913829177941807e-07,0.012650986202061176,3.371260390849784e-05,0.9995980087308158,0.9991963405257236
CYST_PA54.nii.gz,1,context,final_decoder_feature,gamma,1x32x192x192x192,hybrid_candidate_action_state_source_tail_context,source_side_downstream_skip,source_side_mask_embedding,2.913829177941807e-07,0.012650986202061176,3.371260390849784e-05,0.9995980087308158,0.9991963405257236
CYST_PA54.nii.gz,1,context,decoder_stage_1_low_to_high,blur,1x288x24x24x24,hybrid_candidate_action_state_source_tail_context,source_side_downstream_skip,source_side_mask_embedding,0.0012680907966569066,1.5372425317764282,0.002698821946978569,0.9584904661717809,0.9202896709439715
CYST_PA54.nii.gz,1,context,penultimate_decoder_stage_output,blur,1x96x96x96x96,hybrid_candidate_action_state_source_tail_context,source_side_downstream_skip,source_side_mask_embedding,2.9037508284091018e-05,0.6685072779655457,0.0003924093907698989,0.9948882484093752,0.9898284910458259
CYST_PA54.nii.gz,1,context,final_decoder_stage_input,blur,1x64x192x192x192,hybrid_candidate_action_state_source_tail_context,source_side_downstream_skip,source_side_mask_embedding,3.2432772059109993e-06,0.6024643182754517,0.00014307376113720238,0.9982000444321526,0.9964065569022167
CYST_PA54.nii.gz,1,context,final_decoder_feature,blur,1x32x192x192x192,hybrid_candidate_action_state_source_tail_context,source_side_downstream_skip,source_side_mask_embedding,3.2432772059109993e-06,0.6024643182754517,0.00014307376113720238,0.9982000444321526,0.9964065569022167
CYST_PA54.nii.gz,2,repeat_fill,decoder_stage_1_low_to_high,gamma,1x288x24x24x24,hybrid_candidate_action_state_source_tail_context,source_side_downstream_skip,source_side_mask_embedding,3.886282502207905e-05,0.12911078333854675,0.0002706865197978914,0.988526896207881,0.977314070440222
CYST_PA54.nii.gz,2,repeat_fill,penultimate_decoder_stage_output,gamma,1x96x96x96x96,hybrid_candidate_action_state_source_tail_context,source_side_downstream_skip,source_side_mask_embedding,9.297857559431577e-07,0.0437786765396595,4.458224066183902e-05,0.9983533202076248,0.9967120546084843
CYST_PA54.nii.gz,2,repeat_fill,final_decoder_stage_input,gamma,1x64x192x192x192,hybrid_candidate_action_state_source_tail_context,source_side_downstream_skip,source_side_mask_embedding,2.0349324358903687e-07,0.023052120581269264,2.1190697225392796e-05,0.9992490076172085,0.9984991423670669
CYST_PA54.nii.gz,2,repeat_fill,final_decoder_feature,gamma,1x32x192x192x192,hybrid_candidate_action_state_source_tail_context,source_side_downstream_skip,source_side_mask_embedding,2.0349324358903687e-07,0.023052120581269264,2.1190697225392796e-05,0.9992490076172085,0.9984991423670669
CYST_PA54.nii.gz,2,repeat_fill,decoder_stage_1_low_to_high,blur,1x288x24x24x24,hybrid_candidate_action_state_source_tail_context,source_side_downstream_skip,source_side_mask_embedding,0.0007083207601681352,1.229758858680725,0.001400015433318913,0.940938266829451,0.88846404072455
CYST_PA54.nii.gz,2,repeat_fill,penultimate_decoder_stage_output,blur,1x96x96x96x96,hybrid_candidate_action_state_source_tail_context,source_side_downstream_skip,source_side_mask_embedding,9.692860658105928e-06,0.4377519488334656,0.0001492374431109056,0.9938045550316043,0.9876854044621712
CYST_PA54.nii.gz,2,repeat_fill,final_decoder_stage_input,blur,1x64x192x192x192,hybrid_candidate_action_state_source_tail_context,source_side_downstream_skip,source_side_mask_embedding,4.346187267856294e-07,0.3506494462490082,3.6095440009376034e-05,0.9986891538456714,0.9973817398276208
CYST_PA54.nii.gz,2,repeat_fill,final_decoder_feature,blur,1x32x192x192x192,hybrid_candidate_action_state_source_tail_context,source_side_downstream_skip,source_side_mask_embedding,4.346187267856294e-07,0.3506494462490082,3.6095440009376034e-05,0.9986891538456714,0.9973817398276208
CYST_PA54.nii.gz,3,repeat_fill,decoder_stage_1_low_to_high,gamma,1x288x24x24x24,hybrid_candidate_action_state_source_tail_context,source_side_downstream_skip,source_side_mask_embedding,4.779396113008261e-05,0.08926084637641907,0.00038829693221487105,0.9941864245860916,0.9884400537912486
CYST_PA54.nii.gz,3,repeat_fill,penultimate_decoder_stage_output,gamma,1x96x96x96x96,hybrid_candidate_action_state_source_tail_context,source_side_downstream_skip,source_side_mask_embedding,2.2996662210061913e-06,0.025982631370425224,8.6622079834342e-05,0.9987676404552992,0.997538314592107
CYST_PA54.nii.gz,3,repeat_fill,final_decoder_stage_input,gamma,1x64x192x192x192,hybrid_candidate_action_state_source_tail_context,source_side_downstream_skip,source_side_mask_embedding,2.913829177941807e-07,0.012650986202061176,3.371260390849784e-05,0.9995980087308158,0.9991963405257236
CYST_PA54.nii.gz,3,repeat_fill,final_decoder_feature,gamma,1x32x192x192x192,hybrid_candidate_action_state_source_tail_context,source_side_downstream_skip,source_side_mask_embedding,2.913829177941807e-07,0.012650986202061176,3.371260390849784e-05,0.9995980087308158,0.9991963405257236
CYST_PA54.nii.gz,3,repeat_fill,decoder_stage_1_low_to_high,blur,1x288x24x24x24,hybrid_candidate_action_state_source_tail_context,source_side_downstream_skip,source_side_mask_embedding,0.0012680907966569066,1.5372425317764282,0.002698821946978569,0.9584904661717809,0.9202896709439715
CYST_PA54.nii.gz,3,repeat_fill,penultimate_decoder_stage_output,blur,1x96x96x96x96,hybrid_candidate_action_state_source_tail_context,source_side_downstream_skip,source_side_mask_embedding,2.9037508284091018e-05,0.6685072779655457,0.0003924093907698989,0.9948882484093752,0.9898284910458259
CYST_PA54.nii.gz,3,repeat_fill,final_decoder_stage_input,blur,1x64x192x192x192,hybrid_candidate_action_state_source_tail_context,source_side_downstream_skip,source_side_mask_embedding,3.2432772059109993e-06,0.6024643182754517,0.00014307376113720238,0.9982000444321526,0.9964065569022167
CYST_PA54.nii.gz,3,repeat_fill,final_decoder_feature,blur,1x32x192x192x192,hybrid_candidate_action_state_source_tail_context,source_side_downstream_skip,source_side_mask_embedding,3.2432772059109993e-06,0.6024643182754517,0.00014307376113720238,0.9982000444321526,0.9964065569022167
CYST_PA53.nii.gz,0,context,decoder_stage_1_low_to_high,gamma,1x288x24x24x24,hybrid_candidate_action_state_source_tail_context,source_side_downstream_skip,source_side_mask_embedding,3.797369572566822e-05,0.07018066942691803,0.000358718418283388,0.9950553137717361,0.9901592867825945
CYST_PA53.nii.gz,0,context,penultimate_decoder_stage_output,gamma,1x96x96x96x96,hybrid_candidate_action_state_source_tail_context,source_side_downstream_skip,source_side_mask_embedding,1.5848119119254989e-06,0.010132083669304848,6.713564653182402e-05,0.9992582970657604,0.9985176935625549
CYST_PA53.nii.gz,0,context,final_decoder_stage_input,gamma,1x64x192x192x192,hybrid_candidate_action_state_source_tail_context,source_side_downstream_skip,source_side_mask_embedding,4.750555948618285e-09,0.0020244535990059376,6.125831532699522e-06,0.9999764513799492,0.9999529038689472
CYST_PA53.nii.gz,0,context,final_decoder_feature,gamma,1x32x192x192x192,hybrid_candidate_action_state_source_tail_context,source_side_downstream_skip,source_side_mask_embedding,4.750555948618285e-09,0.0020244535990059376,6.125831532699522e-06,0.9999764513799492,0.9999529038689472
CYST_PA53.nii.gz,0,context,decoder_stage_1_low_to_high,blur,1x288x24x24x24,hybrid_candidate_action_state_source_tail_context,source_side_downstream_skip,source_side_mask_embedding,0.0010982071980834007,0.6042160987854004,0.0024195865262299776,0.9670641154776384,0.9362285984718374
CYST_PA53.nii.gz,0,context,penultimate_decoder_stage_output,blur,1x96x96x96x96,hybrid_candidate_action_state_source_tail_context,source_side_downstream_skip,source_side_mask_embedding,2.0755973309860565e-05,0.12043900787830353,0.0003058415895793587,0.996468720509792,0.9929622931295139
CYST_PA53.nii.gz,0,context,final_decoder_stage_input,blur,1x64x192x192x192,hybrid_candidate_action_state_source_tail_context,source_side_downstream_skip,source_side_mask_embedding,1.4844432598692947e-06,0.06264378130435944,9.48534143390134e-05,0.9988724544652816,0.997747448784628
CYST_PA53.nii.gz,0,context,final_decoder_feature,blur,1x32x192x192x192,hybrid_candidate_action_state_source_tail_context,source_side_downstream_skip,source_side_mask_embedding,1.4844432598692947e-06,0.06264378130435944,9.48534143390134e-05,0.9988724544652816,0.997747448784628
CYST_PA53.nii.gz,1,context,decoder_stage_1_low_to_high,gamma,1x288x24x24x24,hybrid_candidate_action_state_source_tail_context,source_side_downstream_skip,source_side_mask_embedding,3.4149237762903795e-05,0.06648220121860504,0.0003819510748144239,0.9967537447284794,0.993528497605721
CYST_PA53.nii.gz,1,context,penultimate_decoder_stage_output,gamma,1x96x96x96x96,hybrid_candidate_action_state_source_tail_context,source_side_downstream_skip,source_side_mask_embedding,2.2700430690747453e-06,0.006108602974563837,9.331233741249889e-05,0.9992738866578891,0.9985488270318321
CYST_PA53.nii.gz,1,context,final_decoder_stage_input,gamma,1x64x192x192x192,hybrid_candidate_action_state_source_tail_context,source_side_downstream_skip,source_side_mask_embedding,2.6189326263192925e-08,0.00037880579475313425,1.1718448149622418e-05,0.9999036879896388,0.9998073945294977
CYST_PA53.nii.gz,1,context,final_decoder_feature,gamma,1x32x192x192x192,hybrid_candidate_action_state_source_tail_context,source_side_downstream_skip,source_side_mask_embedding,2.6189326263192925e-08,0.00037880579475313425,1.1718448149622418e-05,0.9999036879896388,0.9998073945294977
CYST_PA53.nii.gz,1,context,decoder_stage_1_low_to_high,blur,1x288x24x24x24,hybrid_candidate_action_state_source_tail_context,source_side_downstream_skip,source_side_mask_embedding,0.0017159280832856894,0.8159559965133667,0.0035343472845852375,0.9678021416580646,0.9376130107581191
CYST_PA53.nii.gz,1,context,penultimate_decoder_stage_output,blur,1x96x96x96x96,hybrid_candidate_action_state_source_tail_context,source_side_downstream_skip,source_side_mask_embedding,2.9013463063165545e-05,0.16171960532665253,0.0004091936571057886,0.9966247667589613,0.9932722412728163
CYST_PA53.nii.gz,1,context,final_decoder_stage_input,blur,1x64x192x192x192,hybrid_candidate_action_state_source_tail_context,source_side_downstream_skip,source_side_mask_embedding,1.5497371350647882e-06,0.10591743886470795,0.00010889763507293537,0.9991513157279238,0.9983040707643166
CYST_PA53.nii.gz,1,context,final_decoder_feature,blur,1x32x192x192x192,hybrid_candidate_action_state_source_tail_context,source_side_downstream_skip,source_side_mask_embedding,1.5497371350647882e-06,0.10591743886470795,0.00010889763507293537,0.9991513157279238,0.9983040707643166
CYST_PA53.nii.gz,2,repeat_fill,decoder_stage_1_low_to_high,gamma,1x288x24x24x24,hybrid_candidate_action_state_source_tail_context,source_side_downstream_skip,source_side_mask_embedding,3.797369572566822e-05,0.07018066942691803,0.000358718418283388,0.9950553137717361,0.9901592867825945
CYST_PA53.nii.gz,2,repeat_fill,penultimate_decoder_stage_output,gamma,1x96x96x96x96,hybrid_candidate_action_state_source_tail_context,source_side_downstream_skip,source_side_mask_embedding,1.5848119119254989e-06,0.010132083669304848,6.713564653182402e-05,0.9992582970657604,0.9985176935625549
CYST_PA53.nii.gz,2,repeat_fill,final_decoder_stage_input,gamma,1x64x192x192x192,hybrid_candidate_action_state_source_tail_context,source_side_downstream_skip,source_side_mask_embedding,4.750555948618285e-09,0.0020244535990059376,6.125831532699522e-06,0.9999764513799492,0.9999529038689472
CYST_PA53.nii.gz,2,repeat_fill,final_decoder_feature,gamma,1x32x192x192x192,hybrid_candidate_action_state_source_tail_context,source_side_downstream_skip,source_side_mask_embedding,4.750555948618285e-09,0.0020244535990059376,6.125831532699522e-06,0.9999764513799492,0.9999529038689472
CYST_PA53.nii.gz,2,repeat_fill,decoder_stage_1_low_to_high,blur,1x288x24x24x24,hybrid_candidate_action_state_source_tail_context,source_side_downstream_skip,source_side_mask_embedding,0.0010982071980834007,0.6042160987854004,0.0024195865262299776,0.9670641154776384,0.9362285984718374
CYST_PA53.nii.gz,2,repeat_fill,penultimate_decoder_stage_output,blur,1x96x96x96x96,hybrid_candidate_action_state_source_tail_context,source_side_downstream_skip,source_side_mask_embedding,2.0755973309860565e-05,0.12043900787830353,0.0003058415895793587,0.996468720509792,0.9929622931295139
CYST_PA53.nii.gz,2,repeat_fill,final_decoder_stage_input,blur,1x64x192x192x192,hybrid_candidate_action_state_source_tail_context,source_side_downstream_skip,source_side_mask_embedding,1.4844432598692947e-06,0.06264378130435944,9.48534143390134e-05,0.9988724544652816,0.997747448784628
CYST_PA53.nii.gz,2,repeat_fill,final_decoder_feature,blur,1x32x192x192x192,hybrid_candidate_action_state_source_tail_context,source_side_downstream_skip,source_side_mask_embedding,1.4844432598692947e-06,0.06264378130435944,9.48534143390134e-05,0.9988724544652816,0.997747448784628
CYST_PA53.nii.gz,3,repeat_fill,decoder_stage_1_low_to_high,gamma,1x288x24x24x24,hybrid_candidate_action_state_source_tail_context,source_side_downstream_skip,source_side_mask_embedding,3.4149237762903795e-05,0.06648220121860504,0.0003819510748144239,0.9967537447284794,0.993528497605721
CYST_PA53.nii.gz,3,repeat_fill,penultimate_decoder_stage_output,gamma,1x96x96x96x96,hybrid_candidate_action_state_source_tail_context,source_side_downstream_skip,source_side_mask_embedding,2.2700430690747453e-06,0.006108602974563837,9.331233741249889e-05,0.9992738866578891,0.9985488270318321
CYST_PA53.nii.gz,3,repeat_fill,final_decoder_stage_input,gamma,1x64x192x192x192,hybrid_candidate_action_state_source_tail_context,source_side_downstream_skip,source_side_mask_embedding,2.6189326263192925e-08,0.00037880579475313425,1.1718448149622418e-05,0.9999036879896388,0.9998073945294977
CYST_PA53.nii.gz,3,repeat_fill,final_decoder_feature,gamma,1x32x192x192x192,hybrid_candidate_action_state_source_tail_context,source_side_downstream_skip,source_side_mask_embedding,2.6189326263192925e-08,0.00037880579475313425,1.1718448149622418e-05,0.9999036879896388,0.9998073945294977
CYST_PA53.nii.gz,3,repeat_fill,decoder_stage_1_low_to_high,blur,1x288x24x24x24,hybrid_candidate_action_state_source_tail_context,source_side_downstream_skip,source_side_mask_embedding,0.0017159280832856894,0.8159559965133667,0.0035343472845852375,0.9678021416580646,0.9376130107581191
CYST_PA53.nii.gz,3,repeat_fill,penultimate_decoder_stage_output,blur,1x96x96x96x96,hybrid_candidate_action_state_source_tail_context,source_side_downstream_skip,source_side_mask_embedding,2.9013463063165545e-05,0.16171960532665253,0.0004091936571057886,0.9966247667589613,0.9932722412728163
CYST_PA53.nii.gz,3,repeat_fill,final_decoder_stage_input,blur,1x64x192x192x192,hybrid_candidate_action_state_source_tail_context,source_side_downstream_skip,source_side_mask_embedding,1.5497371350647882e-06,0.10591743886470795,0.00010889763507293537,0.9991513157279238,0.9983040707643166
CYST_PA53.nii.gz,3,repeat_fill,final_decoder_feature,blur,1x32x192x192x192,hybrid_candidate_action_state_source_tail_context,source_side_downstream_skip,source_side_mask_embedding,1.5497371350647882e-06,0.10591743886470795,0.00010889763507293537,0.9991513157279238,0.9983040707643166
CYST_PA38.nii.gz,0,context,decoder_stage_1_low_to_high,gamma,1x288x24x24x24,hybrid_candidate_action_state_source_tail_context,source_side_downstream_skip,source_side_mask_embedding,1.4117086720943917e-05,0.1440388411283493,0.00010871137055801228,0.9920910574549107,0.9843062359877107
CYST_PA38.nii.gz,0,context,penultimate_decoder_stage_output,gamma,1x96x96x96x96,hybrid_candidate_action_state_source_tail_context,source_side_downstream_skip,source_side_mask_embedding,4.951290293320199e-07,0.06239521503448486,2.280164699186571e-05,0.9985627209685373,0.9971295675494468
CYST_PA38.nii.gz,0,context,final_decoder_stage_input,gamma,1x64x192x192x192,hybrid_candidate_action_state_source_tail_context,source_side_downstream_skip,source_side_mask_embedding,7.264974755116782e-08,0.04579036310315132,8.643281944387127e-06,0.9994865077285826,0.9989735425351405
CYST_PA38.nii.gz,0,context,final_decoder_feature,gamma,1x32x192x192x192,hybrid_candidate_action_state_source_tail_context,source_side_downstream_skip,source_side_mask_embedding,7.264974755116782e-08,0.04579036310315132,8.643281944387127e-06,0.9994865077285826,0.9989735425351405
CYST_PA38.nii.gz,0,context,decoder_stage_1_low_to_high,blur,1x288x24x24x24,hybrid_candidate_action_state_source_tail_context,source_side_downstream_skip,source_side_mask_embedding,0.0005108140176162124,0.9219638705253601,0.0008555642561987042,0.9351986302854295,0.8782845861065315
CYST_PA38.nii.gz,0,context,penultimate_decoder_stage_output,blur,1x96x96x96x96,hybrid_candidate_action_state_source_tail_context,source_side_downstream_skip,source_side_mask_embedding,1.0375443707744125e-05,0.3097940683364868,9.864375897450373e-05,0.9931416004443789,0.986376635366705
CYST_PA38.nii.gz,0,context,final_decoder_stage_input,blur,1x64x192x192x192,hybrid_candidate_action_state_source_tail_context,source_side_downstream_skip,source_side_mask_embedding,1.862609622094169e-07,0.21244461834430695,1.78840673470404e-05,0.998830329665338,0.9976633923912797
CYST_PA38.nii.gz,0,context,final_decoder_feature,blur,1x32x192x192x192,hybrid_candidate_action_state_source_tail_context,source_side_downstream_skip,source_side_mask_embedding,1.862609622094169e-07,0.21244461834430695,1.78840673470404e-05,0.998830329665338,0.9976633923912797
CYST_PA38.nii.gz,1,context,decoder_stage_1_low_to_high,gamma,1x288x24x24x24,hybrid_candidate_action_state_source_tail_context,source_side_downstream_skip,source_side_mask_embedding,2.530236088205129e-05,0.06264146417379379,0.00023506276193074882,0.9961508481407028,0.9923312146009827
CYST_PA38.nii.gz,1,context,penultimate_decoder_stage_output,gamma,1x96x96x96x96,hybrid_candidate_action_state_source_tail_context,source_side_downstream_skip,source_side_mask_embedding,1.9565650291042402e-06,0.01657932810485363,7.084581011440605e-05,0.9989304864475974,0.9978632581695406
CYST_PA38.nii.gz,1,context,final_decoder_stage_input,gamma,1x64x192x192x192,hybrid_candidate_action_state_source_tail_context,source_side_downstream_skip,source_side_mask_embedding,2.6723022017449694e-08,0.009547246620059013,9.182541361951735e-06,0.9998672526857195,0.9997345406104601
CYST_PA38.nii.gz,1,context,final_decoder_feature,gamma,1x32x192x192x192,hybrid_candidate_action_state_source_tail_context,source_side_downstream_skip,source_side_mask_embedding,2.6723022017449694e-08,0.009547246620059013,9.182541361951735e-06,0.9998672526857195,0.9997345406104601
CYST_PA38.nii.gz,1,context,decoder_stage_1_low_to_high,blur,1x288x24x24x24,hybrid_candidate_action_state_source_tail_context,source_side_downstream_skip,source_side_mask_embedding,0.0009898003190755844,0.6144292950630188,0.0019034658325836062,0.9665762779953802,0.9353145833738266
CYST_PA38.nii.gz,1,context,penultimate_decoder_stage_output,blur,1x96x96x96x96,hybrid_candidate_action_state_source_tail_context,source_side_downstream_skip,source_side_mask_embedding,2.6474614060134627e-05,0.18089038133621216,0.0002813092723954469,0.9955570903580614,0.9911534849829895
CYST_PA38.nii.gz,1,context,final_decoder_stage_input,blur,1x64x192x192x192,hybrid_candidate_action_state_source_tail_context,source_side_downstream_skip,source_side_mask_embedding,1.1718932455551112e-06,0.09831809997558594,6.611314893234521e-05,0.9989279787245008,0.9978582534468734
CYST_PA38.nii.gz,1,context,final_decoder_feature,blur,1x32x192x192x192,hybrid_candidate_action_state_source_tail_context,source_side_downstream_skip,source_side_mask_embedding,1.1718932455551112e-06,0.09831809997558594,6.611314893234521e-05,0.9989279787245008,0.9978582534468734
CYST_PA38.nii.gz,2,foreground,decoder_stage_1_low_to_high,gamma,1x288x24x24x24,hybrid_candidate_action_state_source_tail_context,source_side_downstream_skip,source_side_mask_embedding,2.6564941435935907e-05,0.08211588859558105,0.0002745983365457505,0.995945245437852,0.9919232401545347
CYST_PA38.nii.gz,2,foreground,penultimate_decoder_stage_output,gamma,1x96x96x96x96,hybrid_candidate_action_state_source_tail_context,source_side_downstream_skip,source_side_mask_embedding,2.2388226170733105e-06,0.018452318385243416,8.611680095782503e-05,0.9989505207875924,0.9979032420790364
CYST_PA38.nii.gz,2,foreground,final_decoder_stage_input,gamma,1x64x192x192x192,hybrid_candidate_action_state_source_tail_context,source_side_downstream_skip,source_side_mask_embedding,1.842265362483886e-08,0.010457266122102737,9.582941856933758e-06,0.9999188010648034,0.9998376153150702
CYST_PA38.nii.gz,2,foreground,final_decoder_feature,gamma,1x32x192x192x192,hybrid_candidate_action_state_source_tail_context,source_side_downstream_skip,source_side_mask_embedding,1.842265362483886e-08,0.010457266122102737,9.582941856933758e-06,0.9999188010648034,0.9998376153150702
CYST_PA38.nii.gz,2,foreground,decoder_stage_1_low_to_high,blur,1x288x24x24x24,hybrid_candidate_action_state_source_tail_context,source_side_downstream_skip,source_side_mask_embedding,0.001105472561903298,1.3571786880493164,0.0022265613079071045,0.9646548635165058,0.9317229873633395
CYST_PA38.nii.gz,2,foreground,penultimate_decoder_stage_output,blur,1x96x96x96x96,hybrid_candidate_action_state_source_tail_context,source_side_downstream_skip,source_side_mask_embedding,4.7553239710396156e-05,0.8553152084350586,0.0004257880209479481,0.994024868956115,0.9881207181778248
CYST_PA38.nii.gz,2,foreground,final_decoder_stage_input,blur,1x64x192x192x192,hybrid_candidate_action_state_source_tail_context,source_side_downstream_skip,source_side_mask_embedding,8.795317967269511e-07,0.7552910447120667,7.79961483203806e-05,0.9993604574610161,0.9987217324285204
CYST_PA38.nii.gz,2,foreground,final_decoder_feature,blur,1x32x192x192x192,hybrid_candidate_action_state_source_tail_context,source_side_downstream_skip,source_side_mask_embedding,8.795317967269511e-07,0.7552910447120667,7.79961483203806e-05,0.9993604574610161,0.9987217324285204
CYST_PA38.nii.gz,3,repeat_fill,decoder_stage_1_low_to_high,gamma,1x288x24x24x24,hybrid_candidate_action_state_source_tail_context,source_side_downstream_skip,source_side_mask_embedding,1.4117086720943917e-05,0.1440388411283493,0.00010871137055801228,0.9920910574549107,0.9843062359877107
CYST_PA38.nii.gz,3,repeat_fill,penultimate_decoder_stage_output,gamma,1x96x96x96x96,hybrid_candidate_action_state_source_tail_context,source_side_downstream_skip,source_side_mask_embedding,4.951290293320199e-07,0.06239521503448486,2.280164699186571e-05,0.9985627209685373,0.9971295675494468
CYST_PA38.nii.gz,3,repeat_fill,final_decoder_stage_input,gamma,1x64x192x192x192,hybrid_candidate_action_state_source_tail_context,source_side_downstream_skip,source_side_mask_embedding,7.264974755116782e-08,0.04579036310315132,8.643281944387127e-06,0.9994865077285826,0.9989735425351405
CYST_PA38.nii.gz,3,repeat_fill,final_decoder_feature,gamma,1x32x192x192x192,hybrid_candidate_action_state_source_tail_context,source_side_downstream_skip,source_side_mask_embedding,7.264974755116782e-08,0.04579036310315132,8.643281944387127e-06,0.9994865077285826,0.9989735425351405
CYST_PA38.nii.gz,3,repeat_fill,decoder_stage_1_low_to_high,blur,1x288x24x24x24,hybrid_candidate_action_state_source_tail_context,source_side_downstream_skip,source_side_mask_embedding,0.0005108140176162124,0.9219638705253601,0.0008555642561987042,0.9351986302854295,0.8782845861065315
CYST_PA38.nii.gz,3,repeat_fill,penultimate_decoder_stage_output,blur,1x96x96x96x96,hybrid_candidate_action_state_source_tail_context,source_side_downstream_skip,source_side_mask_embedding,1.0375443707744125e-05,0.3097940683364868,9.864375897450373e-05,0.9931416004443789,0.986376635366705
CYST_PA38.nii.gz,3,repeat_fill,final_decoder_stage_input,blur,1x64x192x192x192,hybrid_candidate_action_state_source_tail_context,source_side_downstream_skip,source_side_mask_embedding,1.862609622094169e-07,0.21244461834430695,1.78840673470404e-05,0.998830329665338,0.9976633923912797
CYST_PA38.nii.gz,3,repeat_fill,final_decoder_feature,blur,1x32x192x192x192,hybrid_candidate_action_state_source_tail_context,source_side_downstream_skip,source_side_mask_embedding,1.862609622094169e-07,0.21244461834430695,1.78840673470404e-05,0.998830329665338,0.9976633923912797
HEM_PA66.nii.gz,0,context,decoder_stage_1_low_to_high,gamma,1x288x24x24x24,hybrid_candidate_action_state_source_tail_context,source_side_downstream_skip,source_side_mask_embedding,4.162957702646963e-05,0.11033236980438232,0.00021817880042362958,0.9857075453151417,0.9718178822708506
HEM_PA66.nii.gz,0,context,penultimate_decoder_stage_output,gamma,1x96x96x96x96,hybrid_candidate_action_state_source_tail_context,source_side_downstream_skip,source_side_mask_embedding,1.0417647899885196e-06,0.016809720546007156,3.779062899411656e-05,0.9975417462416141,0.9950955488686545
HEM_PA66.nii.gz,0,context,final_decoder_stage_input,gamma,1x64x192x192x192,hybrid_candidate_action_state_source_tail_context,source_side_downstream_skip,source_side_mask_embedding,1.0418683160651199e-07,0.003138744505122304,1.1706392797350418e-05,0.9993158182813355,0.99863257213182
HEM_PA66.nii.gz,0,context,final_decoder_feature,gamma,1x32x192x192x192,hybrid_candidate_action_state_source_tail_context,source_side_downstream_skip,source_side_mask_embedding,1.0418683160651199e-07,0.003138744505122304,1.1706392797350418e-05,0.9993158182813355,0.99863257213182
HEM_PA66.nii.gz,0,context,decoder_stage_1_low_to_high,blur,1x288x24x24x24,hybrid_candidate_action_state_source_tail_context,source_side_downstream_skip,source_side_mask_embedding,0.0004004681250080466,0.8478503823280334,0.0007749884971417487,0.9430958002053844,0.8923190960814168
HEM_PA66.nii.gz,0,context,penultimate_decoder_stage_output,blur,1x96x96x96x96,hybrid_candidate_action_state_source_tail_context,source_side_downstream_skip,source_side_mask_embedding,1.1413315405661706e-05,0.19251799583435059,0.00011507785529829562,0.9927087091026355,0.9855229744101751
HEM_PA66.nii.gz,0,context,final_decoder_stage_input,blur,1x64x192x192x192,hybrid_candidate_action_state_source_tail_context,source_side_downstream_skip,source_side_mask_embedding,1.5030854001452099e-06,0.08155529946088791,4.621567495632917e-05,0.9972749061538967,0.9945646242168912
HEM_PA66.nii.gz,0,context,final_decoder_feature,blur,1x32x192x192x192,hybrid_candidate_action_state_source_tail_context,source_side_downstream_skip,source_side_mask_embedding,1.5030854001452099e-06,0.08155529946088791,4.621567495632917e-05,0.9972749061538967,0.9945646242168912
HEM_PA66.nii.gz,1,context,decoder_stage_1_low_to_high,gamma,1x288x24x24x24,hybrid_candidate_action_state_source_tail_context,source_side_downstream_skip,source_side_mask_embedding,6.158491305541247e-05,0.09381059557199478,0.00038833895814605057,0.9945442409820366,0.9891476895546512
HEM_PA66.nii.gz,1,context,penultimate_decoder_stage_output,gamma,1x96x96x96x96,hybrid_candidate_action_state_source_tail_context,source_side_downstream_skip,source_side_mask_embedding,1.8662072989172884e-06,0.02693817764520645,7.199987885542214e-05,0.9991069560046331,0.998215505641238
HEM_PA66.nii.gz,1,context,final_decoder_stage_input,gamma,1x64x192x192x192,hybrid_candidate_action_state_source_tail_context,source_side_downstream_skip,source_side_mask_embedding,3.849457925753086e-07,0.015193729661405087,3.436768747633323e-05,0.9995940331152987,0.9991883957150607
HEM_PA66.nii.gz,1,context,final_decoder_feature,gamma,1x32x192x192x192,hybrid_candidate_action_state_source_tail_context,source_side_downstream_skip,source_side_mask_embedding,3.849457925753086e-07,0.015193729661405087,3.436768747633323e-05,0.9995940331152987,0.9991883957150607
HEM_PA66.nii.gz,1,context,decoder_stage_1_low_to_high,blur,1x288x24x24x24,hybrid_candidate_action_state_source_tail_context,source_side_downstream_skip,source_side_mask_embedding,0.0009380477131344378,0.753716230392456,0.0018988914089277387,0.9721789817431177,0.9458640799074824
HEM_PA66.nii.gz,1,context,penultimate_decoder_stage_output,blur,1x96x96x96x96,hybrid_candidate_action_state_source_tail_context,source_side_downstream_skip,source_side_mask_embedding,2.5620603992138058e-05,0.21350958943367004,0.0002846162533387542,0.996475012926383,0.9929747896285147
HEM_PA66.nii.gz,1,context,final_decoder_stage_input,blur,1x64x192x192x192,hybrid_candidate_action_state_source_tail_context,source_side_downstream_skip,source_side_mask_embedding,1.1156835171277635e-06,0.13346272706985474,6.455792026827112e-05,0.9992147136064814,0.99843065959463
HEM_PA66.nii.gz,1,context,final_decoder_feature,blur,1x32x192x192x192,hybrid_candidate_action_state_source_tail_context,source_side_downstream_skip,source_side_mask_embedding,1.1156835171277635e-06,0.13346272706985474,6.455792026827112e-05,0.9992147136064814,0.99843065959463
HEM_PA66.nii.gz,2,foreground,decoder_stage_1_low_to_high,gamma,1x288x24x24x24,hybrid_candidate_action_state_source_tail_context,source_side_downstream_skip,source_side_mask_embedding,5.251460606814362e-05,0.08853603154420853,0.0003859492135234177,0.9944457942769942,0.9889529461636286
HEM_PA66.nii.gz,2,foreground,penultimate_decoder_stage_output,gamma,1x96x96x96x96,hybrid_candidate_action_state_source_tail_context,source_side_downstream_skip,source_side_mask_embedding,1.9852793684549397e-06,0.016992468386888504,8.247890218626708e-05,0.998936449104081,0.9978751580856835
HEM_PA66.nii.gz,2,foreground,final_decoder_stage_input,gamma,1x64x192x192x192,hybrid_candidate_action_state_source_tail_context,source_side_downstream_skip,source_side_mask_embedding,2.954913611574739e-07,0.0056641013361513615,3.354007640155032e-05,0.9995783214638634,0.9991569984034061
HEM_PA66.nii.gz,2,foreground,final_decoder_feature,gamma,1x32x192x192x192,hybrid_candidate_action_state_source_tail_context,source_side_downstream_skip,source_side_mask_embedding,2.954913611574739e-07,0.0056641013361513615,3.354007640155032e-05,0.9995783214638634,0.9991569984034061
HEM_PA66.nii.gz,2,foreground,decoder_stage_1_low_to_high,blur,1x288x24x24x24,hybrid_candidate_action_state_source_tail_context,source_side_downstream_skip,source_side_mask_embedding,0.0011343321530148387,0.9073553085327148,0.0023356217425316572,0.9655648418938231,0.9334222974995937
HEM_PA66.nii.gz,2,foreground,penultimate_decoder_stage_output,blur,1x96x96x96x96,hybrid_candidate_action_state_source_tail_context,source_side_downstream_skip,source_side_mask_embedding,4.724492828245275e-05,0.35696664452552795,0.00043555328738875687,0.9940579552854352,0.988186109238031
HEM_PA66.nii.gz,2,foreground,final_decoder_stage_input,blur,1x64x192x192x192,hybrid_candidate_action_state_source_tail_context,source_side_downstream_skip,source_side_mask_embedding,2.420404371150653e-06,0.26370251178741455,0.00011312949936836958,0.9984916839094106,0.9969879110011245
HEM_PA66.nii.gz,2,foreground,final_decoder_feature,blur,1x32x192x192x192,hybrid_candidate_action_state_source_tail_context,source_side_downstream_skip,source_side_mask_embedding,2.420404371150653e-06,0.26370251178741455,0.00011312949936836958,0.9984916839094106,0.9969879110011245
HEM_PA66.nii.gz,3,repeat_fill,decoder_stage_1_low_to_high,gamma,1x288x24x24x24,hybrid_candidate_action_state_source_tail_context,source_side_downstream_skip,source_side_mask_embedding,4.162957702646963e-05,0.11033236980438232,0.00021817880042362958,0.9857075453151417,0.9718178822708506
HEM_PA66.nii.gz,3,repeat_fill,penultimate_decoder_stage_output,gamma,1x96x96x96x96,hybrid_candidate_action_state_source_tail_context,source_side_downstream_skip,source_side_mask_embedding,1.0417647899885196e-06,0.016809720546007156,3.779062899411656e-05,0.9975417462416141,0.9950955488686545
HEM_PA66.nii.gz,3,repeat_fill,final_decoder_stage_input,gamma,1x64x192x192x192,hybrid_candidate_action_state_source_tail_context,source_side_downstream_skip,source_side_mask_embedding,1.0418683160651199e-07,0.003138744505122304,1.1706392797350418e-05,0.9993158182813355,0.99863257213182
HEM_PA66.nii.gz,3,repeat_fill,final_decoder_feature,gamma,1x32x192x192x192,hybrid_candidate_action_state_source_tail_context,source_side_downstream_skip,source_side_mask_embedding,1.0418683160651199e-07,0.003138744505122304,1.1706392797350418e-05,0.9993158182813355,0.99863257213182
HEM_PA66.nii.gz,3,repeat_fill,decoder_stage_1_low_to_high,blur,1x288x24x24x24,hybrid_candidate_action_state_source_tail_context,source_side_downstream_skip,source_side_mask_embedding,0.0004004681250080466,0.8478503823280334,0.0007749884971417487,0.9430958002053844,0.8923190960814168
HEM_PA66.nii.gz,3,repeat_fill,penultimate_decoder_stage_output,blur,1x96x96x96x96,hybrid_candidate_action_state_source_tail_context,source_side_downstream_skip,source_side_mask_embedding,1.1413315405661706e-05,0.19251799583435059,0.00011507785529829562,0.9927087091026355,0.9855229744101751
HEM_PA66.nii.gz,3,repeat_fill,final_decoder_stage_input,blur,1x64x192x192x192,hybrid_candidate_action_state_source_tail_context,source_side_downstream_skip,source_side_mask_embedding,1.5030854001452099e-06,0.08155529946088791,4.621567495632917e-05,0.9972749061538967,0.9945646242168912
HEM_PA66.nii.gz,3,repeat_fill,final_decoder_feature,blur,1x32x192x192x192,hybrid_candidate_action_state_source_tail_context,source_side_downstream_skip,source_side_mask_embedding,1.5030854001452099e-06,0.08155529946088791,4.621567495632917e-05,0.9972749061538967,0.9945646242168912
HEM_PA56.nii.gz,0,context,decoder_stage_1_low_to_high,gamma,1x288x24x24x24,hybrid_candidate_action_state_source_tail_context,source_side_downstream_skip,source_side_mask_embedding,5.688914825441316e-05,0.21330755949020386,0.0002846373536158353,0.9880601828900449,0.9764021201496854
HEM_PA56.nii.gz,0,context,penultimate_decoder_stage_output,gamma,1x96x96x96x96,hybrid_candidate_action_state_source_tail_context,source_side_downstream_skip,source_side_mask_embedding,6.937531793482776e-07,0.041862357407808304,3.579280382837169e-05,0.9986456685363632,0.9972950005386061
HEM_PA56.nii.gz,0,context,final_decoder_stage_input,gamma,1x64x192x192x192,hybrid_candidate_action_state_source_tail_context,source_side_downstream_skip,source_side_mask_embedding,2.2615387251789798e-07,0.03033250942826271,2.1702589947381057e-05,0.9992278269614093,0.9984568455051139
HEM_PA56.nii.gz,0,context,final_decoder_feature,gamma,1x32x192x192x192,hybrid_candidate_action_state_source_tail_context,source_side_downstream_skip,source_side_mask_embedding,2.2615387251789798e-07,0.03033250942826271,2.1702589947381057e-05,0.9992278269614093,0.9984568455051139
HEM_PA56.nii.gz,0,context,decoder_stage_1_low_to_high,blur,1x288x24x24x24,hybrid_candidate_action_state_source_tail_context,source_side_downstream_skip,source_side_mask_embedding,0.00055947236251086,0.7926567792892456,0.0011341995559632778,0.9535412180409979,0.9112076218195048
HEM_PA56.nii.gz,0,context,penultimate_decoder_stage_output,blur,1x96x96x96x96,hybrid_candidate_action_state_source_tail_context,source_side_downstream_skip,source_side_mask_embedding,1.058148882293608e-05,0.15446271002292633,0.0001326672499999404,0.9950657289096734,0.9901799127917629
HEM_PA56.nii.gz,0,context,final_decoder_stage_input,blur,1x64x192x192x192,hybrid_candidate_action_state_source_tail_context,source_side_downstream_skip,source_side_mask_embedding,3.176532743509597e-07,0.05303731560707092,2.6773534045787528e-05,0.9990603639400844,0.9981224920543373
HEM_PA56.nii.gz,0,context,final_decoder_feature,blur,1x32x192x192x192,hybrid_candidate_action_state_source_tail_context,source_side_downstream_skip,source_side_mask_embedding,3.176532743509597e-07,0.05303731560707092,2.6773534045787528e-05,0.9990603639400844,0.9981224920543373
HEM_PA56.nii.gz,1,context,decoder_stage_1_low_to_high,gamma,1x288x24x24x24,hybrid_candidate_action_state_source_tail_context,source_side_downstream_skip,source_side_mask_embedding,8.329310367116705e-05,0.09710779786109924,0.0005310453707352281,0.9943068748492698,0.9886782060882103
HEM_PA56.nii.gz,1,context,penultimate_decoder_stage_output,gamma,1x96x96x96x96,hybrid_candidate_action_state_source_tail_context,source_side_downstream_skip,source_side_mask_embedding,2.342359721296816e-06,0.010503454133868217,8.188009087461978e-05,0.9992619419508763,0.998524972557629
HEM_PA56.nii.gz,1,context,final_decoder_stage_input,gamma,1x64x192x192x192,hybrid_candidate_action_state_source_tail_context,source_side_downstream_skip,source_side_mask_embedding,1.3501427531537047e-07,0.0011883762199431658,2.6107214580406435e-05,0.9997737270586546,0.9995475564930324
HEM_PA56.nii.gz,1,context,final_decoder_feature,gamma,1x32x192x192x192,hybrid_candidate_action_state_source_tail_context,source_side_downstream_skip,source_side_mask_embedding,1.3501427531537047e-07,0.0011883762199431658,2.6107214580406435e-05,0.9997737270586546,0.9995475564930324
HEM_PA56.nii.gz,1,context,decoder_stage_1_low_to_high,blur,1x288x24x24x24,hybrid_candidate_action_state_source_tail_context,source_side_downstream_skip,source_side_mask_embedding,0.0009145630756393075,0.4538307785987854,0.0022011827677488327,0.9760585408212258,0.9532366641390303
HEM_PA56.nii.gz,1,context,penultimate_decoder_stage_output,blur,1x96x96x96x96,hybrid_candidate_action_state_source_tail_context,source_side_downstream_skip,source_side_mask_embedding,1.2449632777133957e-05,0.055324114859104156,0.00024370301980525255,0.9977886289821577,0.9955870167076704
HEM_PA56.nii.gz,1,context,final_decoder_stage_input,blur,1x64x192x192x192,hybrid_candidate_action_state_source_tail_context,source_side_downstream_skip,source_side_mask_embedding,3.704431321693846e-07,0.00456306291744113,4.779630762641318e-05,0.999565435723115,0.9991312489743911
HEM_PA56.nii.gz,1,context,final_decoder_feature,blur,1x32x192x192x192,hybrid_candidate_action_state_source_tail_context,source_side_downstream_skip,source_side_mask_embedding,3.704431321693846e-07,0.00456306291744113,4.779630762641318e-05,0.999565435723115,0.9991312489743911
HEM_PA56.nii.gz,2,foreground,decoder_stage_1_low_to_high,gamma,1x288x24x24x24,hybrid_candidate_action_state_source_tail_context,source_side_downstream_skip,source_side_mask_embedding,6.942665640963241e-05,0.08460624516010284,0.0005312488065101206,0.9953223985794433,0.9906883533305751
HEM_PA56.nii.gz,2,foreground,penultimate_decoder_stage_output,gamma,1x96x96x96x96,hybrid_candidate_action_state_source_tail_context,source_side_downstream_skip,source_side_mask_embedding,2.4752807803452015e-06,0.01844898797571659,9.632523142499849e-05,0.9992311364999408,0.9984634543937144
HEM_PA56.nii.gz,2,foreground,final_decoder_stage_input,gamma,1x64x192x192x192,hybrid_candidate_action_state_source_tail_context,source_side_downstream_skip,source_side_mask_embedding,4.1999076216825415e-08,0.006886133458465338,1.783491825335659e-05,0.9999037348284788,0.9998074881891402
HEM_PA56.nii.gz,2,foreground,final_decoder_feature,gamma,1x32x192x192x192,hybrid_candidate_action_state_source_tail_context,source_side_downstream_skip,source_side_mask_embedding,4.1999076216825415e-08,0.006886133458465338,1.783491825335659e-05,0.9999037348284788,0.9998074881891402
HEM_PA56.nii.gz,2,foreground,decoder_stage_1_low_to_high,blur,1x288x24x24x24,hybrid_candidate_action_state_source_tail_context,source_side_downstream_skip,source_side_mask_embedding,0.001150257303379476,0.4959254860877991,0.002668794011697173,0.9756555327670016,0.9524682018369101
HEM_PA56.nii.gz,2,foreground,penultimate_decoder_stage_output,blur,1x96x96x96x96,hybrid_candidate_action_state_source_tail_context,source_side_downstream_skip,source_side_mask_embedding,2.2930329578230157e-05,0.061606284230947495,0.00035399929038248956,0.9973677596499715,0.9947493402982741
HEM_PA56.nii.gz,2,foreground,final_decoder_stage_input,blur,1x64x192x192x192,hybrid_candidate_action_state_source_tail_context,source_side_downstream_skip,source_side_mask_embedding,6.472420182035421e-07,0.010395586490631104,6.869898788863793e-05,0.9995053158274606,0.9990111208377914
HEM_PA56.nii.gz,2,foreground,final_decoder_feature,blur,1x32x192x192x192,hybrid_candidate_action_state_source_tail_context,source_side_downstream_skip,source_side_mask_embedding,6.472420182035421e-07,0.010395586490631104,6.869898788863793e-05,0.9995053158274606,0.9990111208377914
HEM_PA56.nii.gz,3,repeat_fill,decoder_stage_1_low_to_high,gamma,1x288x24x24x24,hybrid_candidate_action_state_source_tail_context,source_side_downstream_skip,source_side_mask_embedding,5.688914825441316e-05,0.21330755949020386,0.0002846373536158353,0.9880601828900449,0.9764021201496854
HEM_PA56.nii.gz,3,repeat_fill,penultimate_decoder_stage_output,gamma,1x96x96x96x96,hybrid_candidate_action_state_source_tail_context,source_side_downstream_skip,source_side_mask_embedding,6.937531793482776e-07,0.041862357407808304,3.579280382837169e-05,0.9986456685363632,0.9972950005386061
HEM_PA56.nii.gz,3,repeat_fill,final_decoder_stage_input,gamma,1x64x192x192x192,hybrid_candidate_action_state_source_tail_context,source_side_downstream_skip,source_side_mask_embedding,2.2615387251789798e-07,0.03033250942826271,2.1702589947381057e-05,0.9992278269614093,0.9984568455051139
HEM_PA56.nii.gz,3,repeat_fill,final_decoder_feature,gamma,1x32x192x192x192,hybrid_candidate_action_state_source_tail_context,source_side_downstream_skip,source_side_mask_embedding,2.2615387251789798e-07,0.03033250942826271,2.1702589947381057e-05,0.9992278269614093,0.9984568455051139
HEM_PA56.nii.gz,3,repeat_fill,decoder_stage_1_low_to_high,blur,1x288x24x24x24,hybrid_candidate_action_state_source_tail_context,source_side_downstream_skip,source_side_mask_embedding,0.00055947236251086,0.7926567792892456,0.0011341995559632778,0.9535412180409979,0.9112076218195048
HEM_PA56.nii.gz,3,repeat_fill,penultimate_decoder_stage_output,blur,1x96x96x96x96,hybrid_candidate_action_state_source_tail_context,source_side_downstream_skip,source_side_mask_embedding,1.058148882293608e-05,0.15446271002292633,0.0001326672499999404,0.9950657289096734,0.9901799127917629
HEM_PA56.nii.gz,3,repeat_fill,final_decoder_stage_input,blur,1x64x192x192x192,hybrid_candidate_action_state_source_tail_context,source_side_downstream_skip,source_side_mask_embedding,3.176532743509597e-07,0.05303731560707092,2.6773534045787528e-05,0.9990603639400844,0.9981224920543373
HEM_PA56.nii.gz,3,repeat_fill,final_decoder_feature,blur,1x32x192x192x192,hybrid_candidate_action_state_source_tail_context,source_side_downstream_skip,source_side_mask_embedding,3.176532743509597e-07,0.05303731560707092,2.6773534045787528e-05,0.9990603639400844,0.9981224920543373
