case,patch_index,patch_kind,candidate_state,action,context_test,skip_context,mask_embedding_context,probability_mse,logits_mse,predicted_mask_dice_vs_real,predicted_mask_iou_vs_real,mean_absolute_probability_error
HEM_PA99.nii.gz,0,context,final_decoder_stage_input,gamma,source_mask_embedding,not_used_after_final_boundary; skip_embedded_in_candidate_state,source_side_mask_embedding,5.230723413927437e-30,0.13923227787017822,1.0,0.0,6.517720667519318e-17
HEM_PA99.nii.gz,0,context,final_decoder_stage_input,gamma,action_mask_embedding,not_used_after_final_boundary; skip_embedded_in_candidate_state,action_specific_mask_embedding,0.0,0.0,1.0,0.0,0.0
HEM_PA99.nii.gz,0,context,final_decoder_feature,gamma,source_mask_embedding,not_used_after_final_boundary; skip_embedded_in_candidate_state,source_side_mask_embedding,5.230723413927437e-30,0.13923227787017822,1.0,0.0,6.517720667519318e-17
HEM_PA99.nii.gz,0,context,final_decoder_feature,gamma,action_mask_embedding,not_used_after_final_boundary; skip_embedded_in_candidate_state,action_specific_mask_embedding,0.0,0.0,1.0,0.0,0.0
HEM_PA99.nii.gz,0,context,final_decoder_stage_input,blur,source_mask_embedding,not_used_after_final_boundary; skip_embedded_in_candidate_state,source_side_mask_embedding,8.302656906863531e-29,18.351051330566406,1.0,0.0,6.49638006945994e-16
HEM_PA99.nii.gz,0,context,final_decoder_stage_input,blur,action_mask_embedding,not_used_after_final_boundary; skip_embedded_in_candidate_state,action_specific_mask_embedding,0.0,0.0,1.0,0.0,0.0
HEM_PA99.nii.gz,0,context,final_decoder_feature,blur,source_mask_embedding,not_used_after_final_boundary; skip_embedded_in_candidate_state,source_side_mask_embedding,8.302656906863531e-29,18.351051330566406,1.0,0.0,6.49638006945994e-16
HEM_PA99.nii.gz,0,context,final_decoder_feature,blur,action_mask_embedding,not_used_after_final_boundary; skip_embedded_in_candidate_state,action_specific_mask_embedding,0.0,0.0,1.0,0.0,0.0
HEM_PA99.nii.gz,1,context,final_decoder_stage_input,gamma,source_mask_embedding,not_used_after_final_boundary; skip_embedded_in_candidate_state,source_side_mask_embedding,1.1053630259993952e-06,0.20822341740131378,0.9991494750532648,0.9983003956624182,0.00011372080916771665
HEM_PA99.nii.gz,1,context,final_decoder_stage_input,gamma,action_mask_embedding,not_used_after_final_boundary; skip_embedded_in_candidate_state,action_specific_mask_embedding,0.0,0.0,1.0,1.0,0.0
HEM_PA99.nii.gz,1,context,final_decoder_feature,gamma,source_mask_embedding,not_used_after_final_boundary; skip_embedded_in_candidate_state,source_side_mask_embedding,1.1053630259993952e-06,0.20822341740131378,0.9991494750532648,0.9983003956624182,0.00011372080916771665
HEM_PA99.nii.gz,1,context,final_decoder_feature,gamma,action_mask_embedding,not_used_after_final_boundary; skip_embedded_in_candidate_state,action_specific_mask_embedding,0.0,0.0,1.0,1.0,0.0
HEM_PA99.nii.gz,1,context,final_decoder_stage_input,blur,source_mask_embedding,not_used_after_final_boundary; skip_embedded_in_candidate_state,source_side_mask_embedding,1.4394484423974063e-05,1.577392339706421,0.9962728692172317,0.9925734182758182,0.0003921763563994318
HEM_PA99.nii.gz,1,context,final_decoder_stage_input,blur,action_mask_embedding,not_used_after_final_boundary; skip_embedded_in_candidate_state,action_specific_mask_embedding,0.0,0.0,1.0,1.0,0.0
HEM_PA99.nii.gz,1,context,final_decoder_feature,blur,source_mask_embedding,not_used_after_final_boundary; skip_embedded_in_candidate_state,source_side_mask_embedding,1.4394484423974063e-05,1.577392339706421,0.9962728692172317,0.9925734182758182,0.0003921763563994318
HEM_PA99.nii.gz,1,context,final_decoder_feature,blur,action_mask_embedding,not_used_after_final_boundary; skip_embedded_in_candidate_state,action_specific_mask_embedding,0.0,0.0,1.0,1.0,0.0
HEM_PA99.nii.gz,2,foreground,final_decoder_stage_input,gamma,source_mask_embedding,not_used_after_final_boundary; skip_embedded_in_candidate_state,source_side_mask_embedding,9.030333785631228e-06,0.25077497959136963,0.9980993886260805,0.9962059881941518,0.0003357687673997134
HEM_PA99.nii.gz,2,foreground,final_decoder_stage_input,gamma,action_mask_embedding,not_used_after_final_boundary; skip_embedded_in_candidate_state,action_specific_mask_embedding,0.0,0.0,1.0,1.0,0.0
HEM_PA99.nii.gz,2,foreground,final_decoder_feature,gamma,source_mask_embedding,not_used_after_final_boundary; skip_embedded_in_candidate_state,source_side_mask_embedding,9.030333785631228e-06,0.25077497959136963,0.9980993886260805,0.9962059881941518,0.0003357687673997134
HEM_PA99.nii.gz,2,foreground,final_decoder_feature,gamma,action_mask_embedding,not_used_after_final_boundary; skip_embedded_in_candidate_state,action_specific_mask_embedding,0.0,0.0,1.0,1.0,0.0
HEM_PA99.nii.gz,2,foreground,final_decoder_stage_input,blur,source_mask_embedding,not_used_after_final_boundary; skip_embedded_in_candidate_state,source_side_mask_embedding,6.447385658248095e-06,0.28682753443717957,0.9979980966359207,0.9960041924923332,0.00031094919540919363
HEM_PA99.nii.gz,2,foreground,final_decoder_stage_input,blur,action_mask_embedding,not_used_after_final_boundary; skip_embedded_in_candidate_state,action_specific_mask_embedding,0.0,0.0,1.0,1.0,0.0
HEM_PA99.nii.gz,2,foreground,final_decoder_feature,blur,source_mask_embedding,not_used_after_final_boundary; skip_embedded_in_candidate_state,source_side_mask_embedding,6.447385658248095e-06,0.28682753443717957,0.9979980966359207,0.9960041924923332,0.00031094919540919363
HEM_PA99.nii.gz,2,foreground,final_decoder_feature,blur,action_mask_embedding,not_used_after_final_boundary; skip_embedded_in_candidate_state,action_specific_mask_embedding,0.0,0.0,1.0,1.0,0.0
HEM_PA99.nii.gz,3,foreground,final_decoder_stage_input,gamma,source_mask_embedding,not_used_after_final_boundary; skip_embedded_in_candidate_state,source_side_mask_embedding,2.5446423023822717e-05,0.2014172077178955,0.9969059306132763,0.9938309486993271,0.0004649970505852252
HEM_PA99.nii.gz,3,foreground,final_decoder_stage_input,gamma,action_mask_embedding,not_used_after_final_boundary; skip_embedded_in_candidate_state,action_specific_mask_embedding,0.0,0.0,1.0,1.0,0.0
HEM_PA99.nii.gz,3,foreground,final_decoder_feature,gamma,source_mask_embedding,not_used_after_final_boundary; skip_embedded_in_candidate_state,source_side_mask_embedding,2.5446423023822717e-05,0.2014172077178955,0.9969059306132763,0.9938309486993271,0.0004649970505852252
HEM_PA99.nii.gz,3,foreground,final_decoder_feature,gamma,action_mask_embedding,not_used_after_final_boundary; skip_embedded_in_candidate_state,action_specific_mask_embedding,0.0,0.0,1.0,1.0,0.0
HEM_PA99.nii.gz,3,foreground,final_decoder_stage_input,blur,source_mask_embedding,not_used_after_final_boundary; skip_embedded_in_candidate_state,source_side_mask_embedding,8.426096428593155e-06,0.09875524044036865,0.9977032923069048,0.9954171101721339,0.000337143981596455
HEM_PA99.nii.gz,3,foreground,final_decoder_stage_input,blur,action_mask_embedding,not_used_after_final_boundary; skip_embedded_in_candidate_state,action_specific_mask_embedding,0.0,0.0,1.0,1.0,0.0
HEM_PA99.nii.gz,3,foreground,final_decoder_feature,blur,source_mask_embedding,not_used_after_final_boundary; skip_embedded_in_candidate_state,source_side_mask_embedding,8.426096428593155e-06,0.09875524044036865,0.9977032923069048,0.9954171101721339,0.000337143981596455
HEM_PA99.nii.gz,3,foreground,final_decoder_feature,blur,action_mask_embedding,not_used_after_final_boundary; skip_embedded_in_candidate_state,action_specific_mask_embedding,0.0,0.0,1.0,1.0,0.0
HCC_10140276_20170721.nii.gz,0,context,final_decoder_stage_input,gamma,source_mask_embedding,not_used_after_final_boundary; skip_embedded_in_candidate_state,source_side_mask_embedding,5.8086882859242905e-08,0.02254849672317505,0.9992720739696749,0.9985452069211007,7.2230209298140835e-06
HCC_10140276_20170721.nii.gz,0,context,final_decoder_stage_input,gamma,action_mask_embedding,not_used_after_final_boundary; skip_embedded_in_candidate_state,action_specific_mask_embedding,0.0,0.0,1.0,1.0,0.0
HCC_10140276_20170721.nii.gz,0,context,final_decoder_feature,gamma,source_mask_embedding,not_used_after_final_boundary; skip_embedded_in_candidate_state,source_side_mask_embedding,5.8086882859242905e-08,0.02254849672317505,0.9992720739696749,0.9985452069211007,7.2230209298140835e-06
HCC_10140276_20170721.nii.gz,0,context,final_decoder_feature,gamma,action_mask_embedding,not_used_after_final_boundary; skip_embedded_in_candidate_state,action_specific_mask_embedding,0.0,0.0,1.0,1.0,0.0
HCC_10140276_20170721.nii.gz,0,context,final_decoder_stage_input,blur,source_mask_embedding,not_used_after_final_boundary; skip_embedded_in_candidate_state,source_side_mask_embedding,1.7752059875419945e-06,5.758303165435791,0.9968097007195437,0.9936396927228173,5.342042277334258e-05
HCC_10140276_20170721.nii.gz,0,context,final_decoder_stage_input,blur,action_mask_embedding,not_used_after_final_boundary; skip_embedded_in_candidate_state,action_specific_mask_embedding,0.0,0.0,1.0,1.0,0.0
HCC_10140276_20170721.nii.gz,0,context,final_decoder_feature,blur,source_mask_embedding,not_used_after_final_boundary; skip_embedded_in_candidate_state,source_side_mask_embedding,1.7752059875419945e-06,5.758303165435791,0.9968097007195437,0.9936396927228173,5.342042277334258e-05
HCC_10140276_20170721.nii.gz,0,context,final_decoder_feature,blur,action_mask_embedding,not_used_after_final_boundary; skip_embedded_in_candidate_state,action_specific_mask_embedding,0.0,0.0,1.0,1.0,0.0
HCC_10140276_20170721.nii.gz,1,context,final_decoder_stage_input,gamma,source_mask_embedding,not_used_after_final_boundary; skip_embedded_in_candidate_state,source_side_mask_embedding,2.6150914322897734e-07,0.07093285769224167,0.9995518719957734,0.9991041454490589,2.6311994588468224e-05
HCC_10140276_20170721.nii.gz,1,context,final_decoder_stage_input,gamma,action_mask_embedding,not_used_after_final_boundary; skip_embedded_in_candidate_state,action_specific_mask_embedding,0.0,0.0,1.0,1.0,0.0
HCC_10140276_20170721.nii.gz,1,context,final_decoder_feature,gamma,source_mask_embedding,not_used_after_final_boundary; skip_embedded_in_candidate_state,source_side_mask_embedding,2.6150914322897734e-07,0.07093285769224167,0.9995518719957734,0.9991041454490589,2.6311994588468224e-05
HCC_10140276_20170721.nii.gz,1,context,final_decoder_feature,gamma,action_mask_embedding,not_used_after_final_boundary; skip_embedded_in_candidate_state,action_specific_mask_embedding,0.0,0.0,1.0,1.0,0.0
HCC_10140276_20170721.nii.gz,1,context,final_decoder_stage_input,blur,source_mask_embedding,not_used_after_final_boundary; skip_embedded_in_candidate_state,source_side_mask_embedding,5.556711585086305e-06,0.05512102320790291,0.9938454787940372,0.9877662504590525,0.00017438233771827072
HCC_10140276_20170721.nii.gz,1,context,final_decoder_stage_input,blur,action_mask_embedding,not_used_after_final_boundary; skip_embedded_in_candidate_state,action_specific_mask_embedding,0.0,0.0,1.0,1.0,0.0
HCC_10140276_20170721.nii.gz,1,context,final_decoder_feature,blur,source_mask_embedding,not_used_after_final_boundary; skip_embedded_in_candidate_state,source_side_mask_embedding,5.556711585086305e-06,0.05512102320790291,0.9938454787940372,0.9877662504590525,0.00017438233771827072
HCC_10140276_20170721.nii.gz,1,context,final_decoder_feature,blur,action_mask_embedding,not_used_after_final_boundary; skip_embedded_in_candidate_state,action_specific_mask_embedding,0.0,0.0,1.0,1.0,0.0
HCC_10140276_20170721.nii.gz,2,foreground,final_decoder_stage_input,gamma,source_mask_embedding,not_used_after_final_boundary; skip_embedded_in_candidate_state,source_side_mask_embedding,1.564400520237541e-07,0.00098627049010247,0.9994329587080532,0.9988665601233182,2.713485991989728e-05
HCC_10140276_20170721.nii.gz,2,foreground,final_decoder_stage_input,gamma,action_mask_embedding,not_used_after_final_boundary; skip_embedded_in_candidate_state,action_specific_mask_embedding,0.0,0.0,1.0,1.0,0.0
HCC_10140276_20170721.nii.gz,2,foreground,final_decoder_feature,gamma,source_mask_embedding,not_used_after_final_boundary; skip_embedded_in_candidate_state,source_side_mask_embedding,1.564400520237541e-07,0.00098627049010247,0.9994329587080532,0.9988665601233182,2.713485991989728e-05
HCC_10140276_20170721.nii.gz,2,foreground,final_decoder_feature,gamma,action_mask_embedding,not_used_after_final_boundary; skip_embedded_in_candidate_state,action_specific_mask_embedding,0.0,0.0,1.0,1.0,0.0
HCC_10140276_20170721.nii.gz,2,foreground,final_decoder_stage_input,blur,source_mask_embedding,not_used_after_final_boundary; skip_embedded_in_candidate_state,source_side_mask_embedding,5.313680958352052e-05,0.5185518860816956,0.9796600767369832,0.9601310841626772,0.0008318828768096864
HCC_10140276_20170721.nii.gz,2,foreground,final_decoder_stage_input,blur,action_mask_embedding,not_used_after_final_boundary; skip_embedded_in_candidate_state,action_specific_mask_embedding,0.0,0.0,1.0,1.0,0.0
HCC_10140276_20170721.nii.gz,2,foreground,final_decoder_feature,blur,source_mask_embedding,not_used_after_final_boundary; skip_embedded_in_candidate_state,source_side_mask_embedding,5.313680958352052e-05,0.5185518860816956,0.9796600767369832,0.9601310841626772,0.0008318828768096864
HCC_10140276_20170721.nii.gz,2,foreground,final_decoder_feature,blur,action_mask_embedding,not_used_after_final_boundary; skip_embedded_in_candidate_state,action_specific_mask_embedding,0.0,0.0,1.0,1.0,0.0
HCC_10140276_20170721.nii.gz,3,foreground,final_decoder_stage_input,gamma,source_mask_embedding,not_used_after_final_boundary; skip_embedded_in_candidate_state,source_side_mask_embedding,2.058735162790981e-06,0.008192120119929314,0.9978263099848675,0.995662049329793,0.00010817825386766344
HCC_10140276_20170721.nii.gz,3,foreground,final_decoder_stage_input,gamma,action_mask_embedding,not_used_after_final_boundary; skip_embedded_in_candidate_state,action_specific_mask_embedding,0.0,0.0,1.0,1.0,0.0
HCC_10140276_20170721.nii.gz,3,foreground,final_decoder_feature,gamma,source_mask_embedding,not_used_after_final_boundary; skip_embedded_in_candidate_state,source_side_mask_embedding,2.058735162790981e-06,0.008192120119929314,0.9978263099848675,0.995662049329793,0.00010817825386766344
HCC_10140276_20170721.nii.gz,3,foreground,final_decoder_feature,gamma,action_mask_embedding,not_used_after_final_boundary; skip_embedded_in_candidate_state,action_specific_mask_embedding,0.0,0.0,1.0,1.0,0.0
HCC_10140276_20170721.nii.gz,3,foreground,final_decoder_stage_input,blur,source_mask_embedding,not_used_after_final_boundary; skip_embedded_in_candidate_state,source_side_mask_embedding,1.3641221812576987e-05,1.4809930324554443,0.9903745735570563,0.980932678217395,0.00043794765952043235
HCC_10140276_20170721.nii.gz,3,foreground,final_decoder_stage_input,blur,action_mask_embedding,not_used_after_final_boundary; skip_embedded_in_candidate_state,action_specific_mask_embedding,0.0,0.0,1.0,1.0,0.0
HCC_10140276_20170721.nii.gz,3,foreground,final_decoder_feature,blur,source_mask_embedding,not_used_after_final_boundary; skip_embedded_in_candidate_state,source_side_mask_embedding,1.3641221812576987e-05,1.4809930324554443,0.9903745735570563,0.980932678217395,0.00043794765952043235
HCC_10140276_20170721.nii.gz,3,foreground,final_decoder_feature,blur,action_mask_embedding,not_used_after_final_boundary; skip_embedded_in_candidate_state,action_specific_mask_embedding,0.0,0.0,1.0,1.0,0.0
HEM_PA97.nii.gz,0,context,final_decoder_stage_input,gamma,source_mask_embedding,not_used_after_final_boundary; skip_embedded_in_candidate_state,source_side_mask_embedding,1.793835144781042e-05,884.88818359375,0.9308774014656368,0.8706928492034087,5.1174185500713065e-05
HEM_PA97.nii.gz,0,context,final_decoder_stage_input,gamma,action_mask_embedding,not_used_after_final_boundary; skip_embedded_in_candidate_state,action_specific_mask_embedding,0.0,0.0,1.0,1.0,0.0
HEM_PA97.nii.gz,0,context,final_decoder_feature,gamma,source_mask_embedding,not_used_after_final_boundary; skip_embedded_in_candidate_state,source_side_mask_embedding,1.793835144781042e-05,884.88818359375,0.9308774014656368,0.8706928492034087,5.1174185500713065e-05
HEM_PA97.nii.gz,0,context,final_decoder_feature,gamma,action_mask_embedding,not_used_after_final_boundary; skip_embedded_in_candidate_state,action_specific_mask_embedding,0.0,0.0,1.0,1.0,0.0
HEM_PA97.nii.gz,0,context,final_decoder_stage_input,blur,source_mask_embedding,not_used_after_final_boundary; skip_embedded_in_candidate_state,source_side_mask_embedding,6.019677867679101e-18,380.78533935546875,1.0,0.0,4.24978635615858e-10
HEM_PA97.nii.gz,0,context,final_decoder_stage_input,blur,action_mask_embedding,not_used_after_final_boundary; skip_embedded_in_candidate_state,action_specific_mask_embedding,0.0,0.0,1.0,0.0,0.0
HEM_PA97.nii.gz,0,context,final_decoder_feature,blur,source_mask_embedding,not_used_after_final_boundary; skip_embedded_in_candidate_state,source_side_mask_embedding,6.019677867679101e-18,380.78533935546875,1.0,0.0,4.24978635615858e-10
HEM_PA97.nii.gz,0,context,final_decoder_feature,blur,action_mask_embedding,not_used_after_final_boundary; skip_embedded_in_candidate_state,action_specific_mask_embedding,0.0,0.0,1.0,0.0,0.0
HEM_PA97.nii.gz,1,context,final_decoder_stage_input,gamma,source_mask_embedding,not_used_after_final_boundary; skip_embedded_in_candidate_state,source_side_mask_embedding,7.151335012167692e-06,0.10097037255764008,0.996352465564904,0.9927314434401534,0.0003529700916260481
HEM_PA97.nii.gz,1,context,final_decoder_stage_input,gamma,action_mask_embedding,not_used_after_final_boundary; skip_embedded_in_candidate_state,action_specific_mask_embedding,0.0,0.0,1.0,1.0,0.0
HEM_PA97.nii.gz,1,context,final_decoder_feature,gamma,source_mask_embedding,not_used_after_final_boundary; skip_embedded_in_candidate_state,source_side_mask_embedding,7.151335012167692e-06,0.10097037255764008,0.996352465564904,0.9927314434401534,0.0003529700916260481
HEM_PA97.nii.gz,1,context,final_decoder_feature,gamma,action_mask_embedding,not_used_after_final_boundary; skip_embedded_in_candidate_state,action_specific_mask_embedding,0.0,0.0,1.0,1.0,0.0
HEM_PA97.nii.gz,1,context,final_decoder_stage_input,blur,source_mask_embedding,not_used_after_final_boundary; skip_embedded_in_candidate_state,source_side_mask_embedding,1.161889304057695e-05,0.34760740399360657,0.9957862896134501,0.9916079409333539,0.000443359836935997
HEM_PA97.nii.gz,1,context,final_decoder_stage_input,blur,action_mask_embedding,not_used_after_final_boundary; skip_embedded_in_candidate_state,action_specific_mask_embedding,0.0,0.0,1.0,1.0,0.0
HEM_PA97.nii.gz,1,context,final_decoder_feature,blur,source_mask_embedding,not_used_after_final_boundary; skip_embedded_in_candidate_state,source_side_mask_embedding,1.161889304057695e-05,0.34760740399360657,0.9957862896134501,0.9916079409333539,0.000443359836935997
HEM_PA97.nii.gz,1,context,final_decoder_feature,blur,action_mask_embedding,not_used_after_final_boundary; skip_embedded_in_candidate_state,action_specific_mask_embedding,0.0,0.0,1.0,1.0,0.0
HEM_PA97.nii.gz,2,foreground,final_decoder_stage_input,gamma,source_mask_embedding,not_used_after_final_boundary; skip_embedded_in_candidate_state,source_side_mask_embedding,7.453704893123358e-05,2.4035840034484863,0.9884264447647364,0.9771177188739933,0.0013354889815673232
HEM_PA97.nii.gz,2,foreground,final_decoder_stage_input,gamma,action_mask_embedding,not_used_after_final_boundary; skip_embedded_in_candidate_state,action_specific_mask_embedding,0.0,0.0,1.0,1.0,0.0
HEM_PA97.nii.gz,2,foreground,final_decoder_feature,gamma,source_mask_embedding,not_used_after_final_boundary; skip_embedded_in_candidate_state,source_side_mask_embedding,7.453704893123358e-05,2.4035840034484863,0.9884264447647364,0.9771177188739933,0.0013354889815673232
HEM_PA97.nii.gz,2,foreground,final_decoder_feature,gamma,action_mask_embedding,not_used_after_final_boundary; skip_embedded_in_candidate_state,action_specific_mask_embedding,0.0,0.0,1.0,1.0,0.0
HEM_PA97.nii.gz,2,foreground,final_decoder_stage_input,blur,source_mask_embedding,not_used_after_final_boundary; skip_embedded_in_candidate_state,source_side_mask_embedding,2.557141488068737e-05,0.9284459352493286,0.9898587569308565,0.9799211384769696,0.0007466743118129671
HEM_PA97.nii.gz,2,foreground,final_decoder_stage_input,blur,action_mask_embedding,not_used_after_final_boundary; skip_embedded_in_candidate_state,action_specific_mask_embedding,0.0,0.0,1.0,1.0,0.0
HEM_PA97.nii.gz,2,foreground,final_decoder_feature,blur,source_mask_embedding,not_used_after_final_boundary; skip_embedded_in_candidate_state,source_side_mask_embedding,2.557141488068737e-05,0.9284459352493286,0.9898587569308565,0.9799211384769696,0.0007466743118129671
HEM_PA97.nii.gz,2,foreground,final_decoder_feature,blur,action_mask_embedding,not_used_after_final_boundary; skip_embedded_in_candidate_state,action_specific_mask_embedding,0.0,0.0,1.0,1.0,0.0
HEM_PA97.nii.gz,3,context_fill,final_decoder_stage_input,gamma,source_mask_embedding,not_used_after_final_boundary; skip_embedded_in_candidate_state,source_side_mask_embedding,7.861935885445327e-28,1.2098371982574463,1.0,0.0,6.707941371113279e-16
HEM_PA97.nii.gz,3,context_fill,final_decoder_stage_input,gamma,action_mask_embedding,not_used_after_final_boundary; skip_embedded_in_candidate_state,action_specific_mask_embedding,0.0,0.0,1.0,0.0,0.0
HEM_PA97.nii.gz,3,context_fill,final_decoder_feature,gamma,source_mask_embedding,not_used_after_final_boundary; skip_embedded_in_candidate_state,source_side_mask_embedding,7.861935885445327e-28,1.2098371982574463,1.0,0.0,6.707941371113279e-16
HEM_PA97.nii.gz,3,context_fill,final_decoder_feature,gamma,action_mask_embedding,not_used_after_final_boundary; skip_embedded_in_candidate_state,action_specific_mask_embedding,0.0,0.0,1.0,0.0,0.0
HEM_PA97.nii.gz,3,context_fill,final_decoder_stage_input,blur,source_mask_embedding,not_used_after_final_boundary; skip_embedded_in_candidate_state,source_side_mask_embedding,0.00095325184520334,856.2476196289062,0.9226711788143324,0.8564434188244172,0.0028987941332161427
HEM_PA97.nii.gz,3,context_fill,final_decoder_stage_input,blur,action_mask_embedding,not_used_after_final_boundary; skip_embedded_in_candidate_state,action_specific_mask_embedding,0.0,0.0,1.0,1.0,0.0
HEM_PA97.nii.gz,3,context_fill,final_decoder_feature,blur,source_mask_embedding,not_used_after_final_boundary; skip_embedded_in_candidate_state,source_side_mask_embedding,0.00095325184520334,856.2476196289062,0.9226711788143324,0.8564434188244172,0.0028987941332161427
HEM_PA97.nii.gz,3,context_fill,final_decoder_feature,blur,action_mask_embedding,not_used_after_final_boundary; skip_embedded_in_candidate_state,action_specific_mask_embedding,0.0,0.0,1.0,1.0,0.0
CYST_PA69.nii.gz,0,context,final_decoder_stage_input,gamma,source_mask_embedding,not_used_after_final_boundary; skip_embedded_in_candidate_state,source_side_mask_embedding,5.704360462647762e-31,0.06235281750559807,1.0,0.0,1.5776761229303468e-17
CYST_PA69.nii.gz,0,context,final_decoder_stage_input,gamma,action_mask_embedding,not_used_after_final_boundary; skip_embedded_in_candidate_state,action_specific_mask_embedding,0.0,0.0,1.0,0.0,0.0
CYST_PA69.nii.gz,0,context,final_decoder_feature,gamma,source_mask_embedding,not_used_after_final_boundary; skip_embedded_in_candidate_state,source_side_mask_embedding,5.704360462647762e-31,0.06235281750559807,1.0,0.0,1.5776761229303468e-17
CYST_PA69.nii.gz,0,context,final_decoder_feature,gamma,action_mask_embedding,not_used_after_final_boundary; skip_embedded_in_candidate_state,action_specific_mask_embedding,0.0,0.0,1.0,0.0,0.0
CYST_PA69.nii.gz,0,context,final_decoder_stage_input,blur,source_mask_embedding,not_used_after_final_boundary; skip_embedded_in_candidate_state,source_side_mask_embedding,8.778511290577812e-32,0.023153308779001236,1.0,0.0,7.208323173028e-18
CYST_PA69.nii.gz,0,context,final_decoder_stage_input,blur,action_mask_embedding,not_used_after_final_boundary; skip_embedded_in_candidate_state,action_specific_mask_embedding,0.0,0.0,1.0,0.0,0.0
CYST_PA69.nii.gz,0,context,final_decoder_feature,blur,source_mask_embedding,not_used_after_final_boundary; skip_embedded_in_candidate_state,source_side_mask_embedding,8.778511290577812e-32,0.023153308779001236,1.0,0.0,7.208323173028e-18
CYST_PA69.nii.gz,0,context,final_decoder_feature,blur,action_mask_embedding,not_used_after_final_boundary; skip_embedded_in_candidate_state,action_specific_mask_embedding,0.0,0.0,1.0,0.0,0.0
CYST_PA69.nii.gz,1,context,final_decoder_stage_input,gamma,source_mask_embedding,not_used_after_final_boundary; skip_embedded_in_candidate_state,source_side_mask_embedding,8.42783558240124e-30,0.1619167923927307,1.0,0.0,1.5062785577534243e-16
CYST_PA69.nii.gz,1,context,final_decoder_stage_input,gamma,action_mask_embedding,not_used_after_final_boundary; skip_embedded_in_candidate_state,action_specific_mask_embedding,0.0,0.0,1.0,0.0,0.0
CYST_PA69.nii.gz,1,context,final_decoder_feature,gamma,source_mask_embedding,not_used_after_final_boundary; skip_embedded_in_candidate_state,source_side_mask_embedding,8.42783558240124e-30,0.1619167923927307,1.0,0.0,1.5062785577534243e-16
CYST_PA69.nii.gz,1,context,final_decoder_feature,gamma,action_mask_embedding,not_used_after_final_boundary; skip_embedded_in_candidate_state,action_specific_mask_embedding,0.0,0.0,1.0,0.0,0.0
CYST_PA69.nii.gz,1,context,final_decoder_stage_input,blur,source_mask_embedding,not_used_after_final_boundary; skip_embedded_in_candidate_state,source_side_mask_embedding,2.189313590827263e-25,1.1447023153305054,1.0,0.0,9.81528565564306e-15
CYST_PA69.nii.gz,1,context,final_decoder_stage_input,blur,action_mask_embedding,not_used_after_final_boundary; skip_embedded_in_candidate_state,action_specific_mask_embedding,0.0,0.0,1.0,0.0,0.0
CYST_PA69.nii.gz,1,context,final_decoder_feature,blur,source_mask_embedding,not_used_after_final_boundary; skip_embedded_in_candidate_state,source_side_mask_embedding,2.189313590827263e-25,1.1447023153305054,1.0,0.0,9.81528565564306e-15
CYST_PA69.nii.gz,1,context,final_decoder_feature,blur,action_mask_embedding,not_used_after_final_boundary; skip_embedded_in_candidate_state,action_specific_mask_embedding,0.0,0.0,1.0,0.0,0.0
CYST_PA69.nii.gz,2,foreground,final_decoder_stage_input,gamma,source_mask_embedding,not_used_after_final_boundary; skip_embedded_in_candidate_state,source_side_mask_embedding,4.580771474138601e-06,0.15467049181461334,0.9979775393243618,0.9959632428313543,0.00032511743484064937
CYST_PA69.nii.gz,2,foreground,final_decoder_stage_input,gamma,action_mask_embedding,not_used_after_final_boundary; skip_embedded_in_candidate_state,action_specific_mask_embedding,0.0,0.0,1.0,1.0,0.0
CYST_PA69.nii.gz,2,foreground,final_decoder_feature,gamma,source_mask_embedding,not_used_after_final_boundary; skip_embedded_in_candidate_state,source_side_mask_embedding,4.580771474138601e-06,0.15467049181461334,0.9979775393243618,0.9959632428313543,0.00032511743484064937
CYST_PA69.nii.gz,2,foreground,final_decoder_feature,gamma,action_mask_embedding,not_used_after_final_boundary; skip_embedded_in_candidate_state,action_specific_mask_embedding,0.0,0.0,1.0,1.0,0.0
CYST_PA69.nii.gz,2,foreground,final_decoder_stage_input,blur,source_mask_embedding,not_used_after_final_boundary; skip_embedded_in_candidate_state,source_side_mask_embedding,1.725999936752487e-05,1.229069709777832,0.9968103572978446,0.9936409975414741,0.0007416837615892291
CYST_PA69.nii.gz,2,foreground,final_decoder_stage_input,blur,action_mask_embedding,not_used_after_final_boundary; skip_embedded_in_candidate_state,action_specific_mask_embedding,0.0,0.0,1.0,1.0,0.0
CYST_PA69.nii.gz,2,foreground,final_decoder_feature,blur,source_mask_embedding,not_used_after_final_boundary; skip_embedded_in_candidate_state,source_side_mask_embedding,1.725999936752487e-05,1.229069709777832,0.9968103572978446,0.9936409975414741,0.0007416837615892291
CYST_PA69.nii.gz,2,foreground,final_decoder_feature,blur,action_mask_embedding,not_used_after_final_boundary; skip_embedded_in_candidate_state,action_specific_mask_embedding,0.0,0.0,1.0,1.0,0.0
CYST_PA69.nii.gz,3,foreground,final_decoder_stage_input,gamma,source_mask_embedding,not_used_after_final_boundary; skip_embedded_in_candidate_state,source_side_mask_embedding,6.457170456997119e-06,0.018191738054156303,0.9966530849825378,0.9933284989122553,0.00029214154346846044
CYST_PA69.nii.gz,3,foreground,final_decoder_stage_input,gamma,action_mask_embedding,not_used_after_final_boundary; skip_embedded_in_candidate_state,action_specific_mask_embedding,0.0,0.0,1.0,1.0,0.0
CYST_PA69.nii.gz,3,foreground,final_decoder_feature,gamma,source_mask_embedding,not_used_after_final_boundary; skip_embedded_in_candidate_state,source_side_mask_embedding,6.457170456997119e-06,0.018191738054156303,0.9966530849825378,0.9933284989122553,0.00029214154346846044
CYST_PA69.nii.gz,3,foreground,final_decoder_feature,gamma,action_mask_embedding,not_used_after_final_boundary; skip_embedded_in_candidate_state,action_specific_mask_embedding,0.0,0.0,1.0,1.0,0.0
CYST_PA69.nii.gz,3,foreground,final_decoder_stage_input,blur,source_mask_embedding,not_used_after_final_boundary; skip_embedded_in_candidate_state,source_side_mask_embedding,3.664195537567139e-05,0.9470977187156677,0.9904042232011229,0.9809908539251176,0.0008035971550270915
CYST_PA69.nii.gz,3,foreground,final_decoder_stage_input,blur,action_mask_embedding,not_used_after_final_boundary; skip_embedded_in_candidate_state,action_specific_mask_embedding,0.0,0.0,1.0,1.0,0.0
CYST_PA69.nii.gz,3,foreground,final_decoder_feature,blur,source_mask_embedding,not_used_after_final_boundary; skip_embedded_in_candidate_state,source_side_mask_embedding,3.664195537567139e-05,0.9470977187156677,0.9904042232011229,0.9809908539251176,0.0008035971550270915
CYST_PA69.nii.gz,3,foreground,final_decoder_feature,blur,action_mask_embedding,not_used_after_final_boundary; skip_embedded_in_candidate_state,action_specific_mask_embedding,0.0,0.0,1.0,1.0,0.0
HCC_10076307_20130925.nii.gz,0,context,final_decoder_stage_input,gamma,source_mask_embedding,not_used_after_final_boundary; skip_embedded_in_candidate_state,source_side_mask_embedding,8.634919140604325e-06,32.47098159790039,0.9862208340988425,0.972816237767307,8.888610318535939e-05
HCC_10076307_20130925.nii.gz,0,context,final_decoder_stage_input,gamma,action_mask_embedding,not_used_after_final_boundary; skip_embedded_in_candidate_state,action_specific_mask_embedding,0.0,0.0,1.0,1.0,0.0
HCC_10076307_20130925.nii.gz,0,context,final_decoder_feature,gamma,source_mask_embedding,not_used_after_final_boundary; skip_embedded_in_candidate_state,source_side_mask_embedding,8.634919140604325e-06,32.47098159790039,0.9862208340988425,0.972816237767307,8.888610318535939e-05
HCC_10076307_20130925.nii.gz,0,context,final_decoder_feature,gamma,action_mask_embedding,not_used_after_final_boundary; skip_embedded_in_candidate_state,action_specific_mask_embedding,0.0,0.0,1.0,1.0,0.0
HCC_10076307_20130925.nii.gz,0,context,final_decoder_stage_input,blur,source_mask_embedding,not_used_after_final_boundary; skip_embedded_in_candidate_state,source_side_mask_embedding,3.489056689431891e-05,127.85601043701172,0.9830427656087022,0.9666510373930371,0.00021961593301966786
HCC_10076307_20130925.nii.gz,0,context,final_decoder_stage_input,blur,action_mask_embedding,not_used_after_final_boundary; skip_embedded_in_candidate_state,action_specific_mask_embedding,0.0,0.0,1.0,1.0,0.0
HCC_10076307_20130925.nii.gz,0,context,final_decoder_feature,blur,source_mask_embedding,not_used_after_final_boundary; skip_embedded_in_candidate_state,source_side_mask_embedding,3.489056689431891e-05,127.85601043701172,0.9830427656087022,0.9666510373930371,0.00021961593301966786
HCC_10076307_20130925.nii.gz,0,context,final_decoder_feature,blur,action_mask_embedding,not_used_after_final_boundary; skip_embedded_in_candidate_state,action_specific_mask_embedding,0.0,0.0,1.0,1.0,0.0
HCC_10076307_20130925.nii.gz,1,context,final_decoder_stage_input,gamma,source_mask_embedding,not_used_after_final_boundary; skip_embedded_in_candidate_state,source_side_mask_embedding,7.396893693112361e-07,0.0020377831533551216,0.9986838380979338,0.9973711362062386,5.512683492270298e-05
HCC_10076307_20130925.nii.gz,1,context,final_decoder_stage_input,gamma,action_mask_embedding,not_used_after_final_boundary; skip_embedded_in_candidate_state,action_specific_mask_embedding,0.0,0.0,1.0,1.0,0.0
HCC_10076307_20130925.nii.gz,1,context,final_decoder_feature,gamma,source_mask_embedding,not_used_after_final_boundary; skip_embedded_in_candidate_state,source_side_mask_embedding,7.396893693112361e-07,0.0020377831533551216,0.9986838380979338,0.9973711362062386,5.512683492270298e-05
HCC_10076307_20130925.nii.gz,1,context,final_decoder_feature,gamma,action_mask_embedding,not_used_after_final_boundary; skip_embedded_in_candidate_state,action_specific_mask_embedding,0.0,0.0,1.0,1.0,0.0
HCC_10076307_20130925.nii.gz,1,context,final_decoder_stage_input,blur,source_mask_embedding,not_used_after_final_boundary; skip_embedded_in_candidate_state,source_side_mask_embedding,1.3650232176587451e-05,0.6697219014167786,0.9931851211127682,0.9864624986576206,0.0003238027566112578
HCC_10076307_20130925.nii.gz,1,context,final_decoder_stage_input,blur,action_mask_embedding,not_used_after_final_boundary; skip_embedded_in_candidate_state,action_specific_mask_embedding,0.0,0.0,1.0,1.0,0.0
HCC_10076307_20130925.nii.gz,1,context,final_decoder_feature,blur,source_mask_embedding,not_used_after_final_boundary; skip_embedded_in_candidate_state,source_side_mask_embedding,1.3650232176587451e-05,0.6697219014167786,0.9931851211127682,0.9864624986576206,0.0003238027566112578
HCC_10076307_20130925.nii.gz,1,context,final_decoder_feature,blur,action_mask_embedding,not_used_after_final_boundary; skip_embedded_in_candidate_state,action_specific_mask_embedding,0.0,0.0,1.0,1.0,0.0
HCC_10076307_20130925.nii.gz,2,foreground,final_decoder_stage_input,gamma,source_mask_embedding,not_used_after_final_boundary; skip_embedded_in_candidate_state,source_side_mask_embedding,7.089499263202015e-07,0.05364448204636574,0.999243695138438,0.998488533406409,8.594286919105798e-05
HCC_10076307_20130925.nii.gz,2,foreground,final_decoder_stage_input,gamma,action_mask_embedding,not_used_after_final_boundary; skip_embedded_in_candidate_state,action_specific_mask_embedding,0.0,0.0,1.0,1.0,0.0
HCC_10076307_20130925.nii.gz,2,foreground,final_decoder_feature,gamma,source_mask_embedding,not_used_after_final_boundary; skip_embedded_in_candidate_state,source_side_mask_embedding,7.089499263202015e-07,0.05364448204636574,0.999243695138438,0.998488533406409,8.594286919105798e-05
HCC_10076307_20130925.nii.gz,2,foreground,final_decoder_feature,gamma,action_mask_embedding,not_used_after_final_boundary; skip_embedded_in_candidate_state,action_specific_mask_embedding,0.0,0.0,1.0,1.0,0.0
HCC_10076307_20130925.nii.gz,2,foreground,final_decoder_stage_input,blur,source_mask_embedding,not_used_after_final_boundary; skip_embedded_in_candidate_state,source_side_mask_embedding,1.554389382363297e-05,1.5937751531600952,0.994001302421927,0.9880741444446899,0.0005752205033786595
HCC_10076307_20130925.nii.gz,2,foreground,final_decoder_stage_input,blur,action_mask_embedding,not_used_after_final_boundary; skip_embedded_in_candidate_state,action_specific_mask_embedding,0.0,0.0,1.0,1.0,0.0
HCC_10076307_20130925.nii.gz,2,foreground,final_decoder_feature,blur,source_mask_embedding,not_used_after_final_boundary; skip_embedded_in_candidate_state,source_side_mask_embedding,1.554389382363297e-05,1.5937751531600952,0.994001302421927,0.9880741444446899,0.0005752205033786595
HCC_10076307_20130925.nii.gz,2,foreground,final_decoder_feature,blur,action_mask_embedding,not_used_after_final_boundary; skip_embedded_in_candidate_state,action_specific_mask_embedding,0.0,0.0,1.0,1.0,0.0
HCC_10076307_20130925.nii.gz,3,foreground,final_decoder_stage_input,gamma,source_mask_embedding,not_used_after_final_boundary; skip_embedded_in_candidate_state,source_side_mask_embedding,2.596841000013228e-07,0.04577843099832535,0.9994682003505938,0.9989369660222843,4.729239662992768e-05
HCC_10076307_20130925.nii.gz,3,foreground,final_decoder_stage_input,gamma,action_mask_embedding,not_used_after_final_boundary; skip_embedded_in_candidate_state,action_specific_mask_embedding,0.0,0.0,1.0,1.0,0.0
HCC_10076307_20130925.nii.gz,3,foreground,final_decoder_feature,gamma,source_mask_embedding,not_used_after_final_boundary; skip_embedded_in_candidate_state,source_side_mask_embedding,2.596841000013228e-07,0.04577843099832535,0.9994682003505938,0.9989369660222843,4.729239662992768e-05
HCC_10076307_20130925.nii.gz,3,foreground,final_decoder_feature,gamma,action_mask_embedding,not_used_after_final_boundary; skip_embedded_in_candidate_state,action_specific_mask_embedding,0.0,0.0,1.0,1.0,0.0
HCC_10076307_20130925.nii.gz,3,foreground,final_decoder_stage_input,blur,source_mask_embedding,not_used_after_final_boundary; skip_embedded_in_candidate_state,source_side_mask_embedding,3.836938958556857e-06,1.4263571500778198,0.998161338570925,0.996329426084531,0.00023285950010176748
HCC_10076307_20130925.nii.gz,3,foreground,final_decoder_stage_input,blur,action_mask_embedding,not_used_after_final_boundary; skip_embedded_in_candidate_state,action_specific_mask_embedding,0.0,0.0,1.0,1.0,0.0
HCC_10076307_20130925.nii.gz,3,foreground,final_decoder_feature,blur,source_mask_embedding,not_used_after_final_boundary; skip_embedded_in_candidate_state,source_side_mask_embedding,3.836938958556857e-06,1.4263571500778198,0.998161338570925,0.996329426084531,0.00023285950010176748
HCC_10076307_20130925.nii.gz,3,foreground,final_decoder_feature,blur,action_mask_embedding,not_used_after_final_boundary; skip_embedded_in_candidate_state,action_specific_mask_embedding,0.0,0.0,1.0,1.0,0.0
CYST_PA20.nii.gz,0,context,final_decoder_stage_input,gamma,source_mask_embedding,not_used_after_final_boundary; skip_embedded_in_candidate_state,source_side_mask_embedding,7.708824796281988e-07,3.076087236404419,0.9921483097055616,0.9844189569357282,2.1560044842772186e-05
CYST_PA20.nii.gz,0,context,final_decoder_stage_input,gamma,action_mask_embedding,not_used_after_final_boundary; skip_embedded_in_candidate_state,action_specific_mask_embedding,0.0,0.0,1.0,1.0,0.0
CYST_PA20.nii.gz,0,context,final_decoder_feature,gamma,source_mask_embedding,not_used_after_final_boundary; skip_embedded_in_candidate_state,source_side_mask_embedding,7.708824796281988e-07,3.076087236404419,0.9921483097055616,0.9844189569357282,2.1560044842772186e-05
CYST_PA20.nii.gz,0,context,final_decoder_feature,gamma,action_mask_embedding,not_used_after_final_boundary; skip_embedded_in_candidate_state,action_specific_mask_embedding,0.0,0.0,1.0,1.0,0.0
CYST_PA20.nii.gz,0,context,final_decoder_stage_input,blur,source_mask_embedding,not_used_after_final_boundary; skip_embedded_in_candidate_state,source_side_mask_embedding,1.279910884477431e-05,79.80199432373047,0.9877110648797717,0.9757204989724227,0.00014209366054274142
CYST_PA20.nii.gz,0,context,final_decoder_stage_input,blur,action_mask_embedding,not_used_after_final_boundary; skip_embedded_in_candidate_state,action_specific_mask_embedding,0.0,0.0,1.0,1.0,0.0
CYST_PA20.nii.gz,0,context,final_decoder_feature,blur,source_mask_embedding,not_used_after_final_boundary; skip_embedded_in_candidate_state,source_side_mask_embedding,1.279910884477431e-05,79.80199432373047,0.9877110648797717,0.9757204989724227,0.00014209366054274142
CYST_PA20.nii.gz,0,context,final_decoder_feature,blur,action_mask_embedding,not_used_after_final_boundary; skip_embedded_in_candidate_state,action_specific_mask_embedding,0.0,0.0,1.0,1.0,0.0
CYST_PA20.nii.gz,1,context,final_decoder_stage_input,gamma,source_mask_embedding,not_used_after_final_boundary; skip_embedded_in_candidate_state,source_side_mask_embedding,3.5332527659193147e-07,0.022394228726625443,0.9993389193750369,0.9986787122278201,4.0943843487184495e-05
CYST_PA20.nii.gz,1,context,final_decoder_stage_input,gamma,action_mask_embedding,not_used_after_final_boundary; skip_embedded_in_candidate_state,action_specific_mask_embedding,0.0,0.0,1.0,1.0,0.0
CYST_PA20.nii.gz,1,context,final_decoder_feature,gamma,source_mask_embedding,not_used_after_final_boundary; skip_embedded_in_candidate_state,source_side_mask_embedding,3.5332527659193147e-07,0.022394228726625443,0.9993389193750369,0.9986787122278201,4.0943843487184495e-05
CYST_PA20.nii.gz,1,context,final_decoder_feature,gamma,action_mask_embedding,not_used_after_final_boundary; skip_embedded_in_candidate_state,action_specific_mask_embedding,0.0,0.0,1.0,1.0,0.0
CYST_PA20.nii.gz,1,context,final_decoder_stage_input,blur,source_mask_embedding,not_used_after_final_boundary; skip_embedded_in_candidate_state,source_side_mask_embedding,5.974726263957564e-06,0.037893231958150864,0.9963393801350362,0.9927054627978603,0.00022132495359983295
CYST_PA20.nii.gz,1,context,final_decoder_stage_input,blur,action_mask_embedding,not_used_after_final_boundary; skip_embedded_in_candidate_state,action_specific_mask_embedding,0.0,0.0,1.0,1.0,0.0
CYST_PA20.nii.gz,1,context,final_decoder_feature,blur,source_mask_embedding,not_used_after_final_boundary; skip_embedded_in_candidate_state,source_side_mask_embedding,5.974726263957564e-06,0.037893231958150864,0.9963393801350362,0.9927054627978603,0.00022132495359983295
CYST_PA20.nii.gz,1,context,final_decoder_feature,blur,action_mask_embedding,not_used_after_final_boundary; skip_embedded_in_candidate_state,action_specific_mask_embedding,0.0,0.0,1.0,1.0,0.0
CYST_PA20.nii.gz,2,foreground,final_decoder_stage_input,gamma,source_mask_embedding,not_used_after_final_boundary; skip_embedded_in_candidate_state,source_side_mask_embedding,8.740564680920215e-07,0.0045998659916222095,0.9990114836613607,0.9980249197218465,6.795740046072751e-05
CYST_PA20.nii.gz,2,foreground,final_decoder_stage_input,gamma,action_mask_embedding,not_used_after_final_boundary; skip_embedded_in_candidate_state,action_specific_mask_embedding,0.0,0.0,1.0,1.0,0.0
CYST_PA20.nii.gz,2,foreground,final_decoder_feature,gamma,source_mask_embedding,not_used_after_final_boundary; skip_embedded_in_candidate_state,source_side_mask_embedding,8.740564680920215e-07,0.0045998659916222095,0.9990114836613607,0.9980249197218465,6.795740046072751e-05
CYST_PA20.nii.gz,2,foreground,final_decoder_feature,gamma,action_mask_embedding,not_used_after_final_boundary; skip_embedded_in_candidate_state,action_specific_mask_embedding,0.0,0.0,1.0,1.0,0.0
CYST_PA20.nii.gz,2,foreground,final_decoder_stage_input,blur,source_mask_embedding,not_used_after_final_boundary; skip_embedded_in_candidate_state,source_side_mask_embedding,1.9250588593422435e-05,0.12058526277542114,0.9939237857631483,0.9879209663226942,0.0004273022059351206
CYST_PA20.nii.gz,2,foreground,final_decoder_stage_input,blur,action_mask_embedding,not_used_after_final_boundary; skip_embedded_in_candidate_state,action_specific_mask_embedding,0.0,0.0,1.0,1.0,0.0
CYST_PA20.nii.gz,2,foreground,final_decoder_feature,blur,source_mask_embedding,not_used_after_final_boundary; skip_embedded_in_candidate_state,source_side_mask_embedding,1.9250588593422435e-05,0.12058526277542114,0.9939237857631483,0.9879209663226942,0.0004273022059351206
CYST_PA20.nii.gz,2,foreground,final_decoder_feature,blur,action_mask_embedding,not_used_after_final_boundary; skip_embedded_in_candidate_state,action_specific_mask_embedding,0.0,0.0,1.0,1.0,0.0
CYST_PA20.nii.gz,3,foreground,final_decoder_stage_input,gamma,source_mask_embedding,not_used_after_final_boundary; skip_embedded_in_candidate_state,source_side_mask_embedding,1.242199459738913e-06,0.0722784772515297,0.9987506795814888,0.9975044768709774,0.00010660488624125719
CYST_PA20.nii.gz,3,foreground,final_decoder_stage_input,gamma,action_mask_embedding,not_used_after_final_boundary; skip_embedded_in_candidate_state,action_specific_mask_embedding,0.0,0.0,1.0,1.0,0.0
CYST_PA20.nii.gz,3,foreground,final_decoder_feature,gamma,source_mask_embedding,not_used_after_final_boundary; skip_embedded_in_candidate_state,source_side_mask_embedding,1.242199459738913e-06,0.0722784772515297,0.9987506795814888,0.9975044768709774,0.00010660488624125719
CYST_PA20.nii.gz,3,foreground,final_decoder_feature,gamma,action_mask_embedding,not_used_after_final_boundary; skip_embedded_in_candidate_state,action_specific_mask_embedding,0.0,0.0,1.0,1.0,0.0
CYST_PA20.nii.gz,3,foreground,final_decoder_stage_input,blur,source_mask_embedding,not_used_after_final_boundary; skip_embedded_in_candidate_state,source_side_mask_embedding,2.013647826970555e-05,0.014712641015648842,0.9912246669992056,0.9826020071789613,0.0005050248000770807
CYST_PA20.nii.gz,3,foreground,final_decoder_stage_input,blur,action_mask_embedding,not_used_after_final_boundary; skip_embedded_in_candidate_state,action_specific_mask_embedding,0.0,0.0,1.0,1.0,0.0
CYST_PA20.nii.gz,3,foreground,final_decoder_feature,blur,source_mask_embedding,not_used_after_final_boundary; skip_embedded_in_candidate_state,source_side_mask_embedding,2.013647826970555e-05,0.014712641015648842,0.9912246669992056,0.9826020071789613,0.0005050248000770807
CYST_PA20.nii.gz,3,foreground,final_decoder_feature,blur,action_mask_embedding,not_used_after_final_boundary; skip_embedded_in_candidate_state,action_specific_mask_embedding,0.0,0.0,1.0,1.0,0.0
CYST_PA56.nii.gz,0,context,final_decoder_stage_input,gamma,source_mask_embedding,not_used_after_final_boundary; skip_embedded_in_candidate_state,source_side_mask_embedding,1.4763651604866252e-33,0.01953076384961605,1.0,0.0,6.222258328801247e-19
CYST_PA56.nii.gz,0,context,final_decoder_stage_input,gamma,action_mask_embedding,not_used_after_final_boundary; skip_embedded_in_candidate_state,action_specific_mask_embedding,0.0,0.0,1.0,0.0,0.0
CYST_PA56.nii.gz,0,context,final_decoder_feature,gamma,source_mask_embedding,not_used_after_final_boundary; skip_embedded_in_candidate_state,source_side_mask_embedding,1.4763651604866252e-33,0.01953076384961605,1.0,0.0,6.222258328801247e-19
CYST_PA56.nii.gz,0,context,final_decoder_feature,gamma,action_mask_embedding,not_used_after_final_boundary; skip_embedded_in_candidate_state,action_specific_mask_embedding,0.0,0.0,1.0,0.0,0.0
CYST_PA56.nii.gz,0,context,final_decoder_stage_input,blur,source_mask_embedding,not_used_after_final_boundary; skip_embedded_in_candidate_state,source_side_mask_embedding,9.844133242373656e-31,9.718997955322266,1.0,0.0,2.688597552690294e-17
CYST_PA56.nii.gz,0,context,final_decoder_stage_input,blur,action_mask_embedding,not_used_after_final_boundary; skip_embedded_in_candidate_state,action_specific_mask_embedding,0.0,0.0,1.0,0.0,0.0
CYST_PA56.nii.gz,0,context,final_decoder_feature,blur,source_mask_embedding,not_used_after_final_boundary; skip_embedded_in_candidate_state,source_side_mask_embedding,9.844133242373656e-31,9.718997955322266,1.0,0.0,2.688597552690294e-17
CYST_PA56.nii.gz,0,context,final_decoder_feature,blur,action_mask_embedding,not_used_after_final_boundary; skip_embedded_in_candidate_state,action_specific_mask_embedding,0.0,0.0,1.0,0.0,0.0
CYST_PA56.nii.gz,1,context,final_decoder_stage_input,gamma,source_mask_embedding,not_used_after_final_boundary; skip_embedded_in_candidate_state,source_side_mask_embedding,4.313355361773574e-08,0.017810381948947906,0.9990523482809598,0.9981064909490267,7.482004093617434e-06
CYST_PA56.nii.gz,1,context,final_decoder_stage_input,gamma,action_mask_embedding,not_used_after_final_boundary; skip_embedded_in_candidate_state,action_specific_mask_embedding,0.0,0.0,1.0,1.0,0.0
CYST_PA56.nii.gz,1,context,final_decoder_feature,gamma,source_mask_embedding,not_used_after_final_boundary; skip_embedded_in_candidate_state,source_side_mask_embedding,4.313355361773574e-08,0.017810381948947906,0.9990523482809598,0.9981064909490267,7.482004093617434e-06
CYST_PA56.nii.gz,1,context,final_decoder_feature,gamma,action_mask_embedding,not_used_after_final_boundary; skip_embedded_in_candidate_state,action_specific_mask_embedding,0.0,0.0,1.0,1.0,0.0
CYST_PA56.nii.gz,1,context,final_decoder_stage_input,blur,source_mask_embedding,not_used_after_final_boundary; skip_embedded_in_candidate_state,source_side_mask_embedding,6.179076990520116e-06,6.756927013397217,0.9862127733956781,0.9728005517479201,0.00013379642041400075
CYST_PA56.nii.gz,1,context,final_decoder_stage_input,blur,action_mask_embedding,not_used_after_final_boundary; skip_embedded_in_candidate_state,action_specific_mask_embedding,0.0,0.0,1.0,1.0,0.0
CYST_PA56.nii.gz,1,context,final_decoder_feature,blur,source_mask_embedding,not_used_after_final_boundary; skip_embedded_in_candidate_state,source_side_mask_embedding,6.179076990520116e-06,6.756927013397217,0.9862127733956781,0.9728005517479201,0.00013379642041400075
CYST_PA56.nii.gz,1,context,final_decoder_feature,blur,action_mask_embedding,not_used_after_final_boundary; skip_embedded_in_candidate_state,action_specific_mask_embedding,0.0,0.0,1.0,1.0,0.0
CYST_PA56.nii.gz,2,foreground,final_decoder_stage_input,gamma,source_mask_embedding,not_used_after_final_boundary; skip_embedded_in_candidate_state,source_side_mask_embedding,7.946755999910238e-07,0.021351823583245277,0.9990526394408608,0.9981070721668919,7.755032856948674e-05
CYST_PA56.nii.gz,2,foreground,final_decoder_stage_input,gamma,action_mask_embedding,not_used_after_final_boundary; skip_embedded_in_candidate_state,action_specific_mask_embedding,0.0,0.0,1.0,1.0,0.0
CYST_PA56.nii.gz,2,foreground,final_decoder_feature,gamma,source_mask_embedding,not_used_after_final_boundary; skip_embedded_in_candidate_state,source_side_mask_embedding,7.946755999910238e-07,0.021351823583245277,0.9990526394408608,0.9981070721668919,7.755032856948674e-05
CYST_PA56.nii.gz,2,foreground,final_decoder_feature,gamma,action_mask_embedding,not_used_after_final_boundary; skip_embedded_in_candidate_state,action_specific_mask_embedding,0.0,0.0,1.0,1.0,0.0
CYST_PA56.nii.gz,2,foreground,final_decoder_stage_input,blur,source_mask_embedding,not_used_after_final_boundary; skip_embedded_in_candidate_state,source_side_mask_embedding,1.5132368389458861e-05,0.2085893303155899,0.9948329048346626,0.989718932921322,0.00046944033238105476
CYST_PA56.nii.gz,2,foreground,final_decoder_stage_input,blur,action_mask_embedding,not_used_after_final_boundary; skip_embedded_in_candidate_state,action_specific_mask_embedding,0.0,0.0,1.0,1.0,0.0
CYST_PA56.nii.gz,2,foreground,final_decoder_feature,blur,source_mask_embedding,not_used_after_final_boundary; skip_embedded_in_candidate_state,source_side_mask_embedding,1.5132368389458861e-05,0.2085893303155899,0.9948329048346626,0.989718932921322,0.00046944033238105476
CYST_PA56.nii.gz,2,foreground,final_decoder_feature,blur,action_mask_embedding,not_used_after_final_boundary; skip_embedded_in_candidate_state,action_specific_mask_embedding,0.0,0.0,1.0,1.0,0.0
CYST_PA56.nii.gz,3,foreground,final_decoder_stage_input,gamma,source_mask_embedding,not_used_after_final_boundary; skip_embedded_in_candidate_state,source_side_mask_embedding,4.094372343388386e-07,0.0008467052248306572,0.9992704107053882,0.9985418852356989,4.610190080711618e-05
CYST_PA56.nii.gz,3,foreground,final_decoder_stage_input,gamma,action_mask_embedding,not_used_after_final_boundary; skip_embedded_in_candidate_state,action_specific_mask_embedding,0.0,0.0,1.0,1.0,0.0
CYST_PA56.nii.gz,3,foreground,final_decoder_feature,gamma,source_mask_embedding,not_used_after_final_boundary; skip_embedded_in_candidate_state,source_side_mask_embedding,4.094372343388386e-07,0.0008467052248306572,0.9992704107053882,0.9985418852356989,4.610190080711618e-05
CYST_PA56.nii.gz,3,foreground,final_decoder_feature,gamma,action_mask_embedding,not_used_after_final_boundary; skip_embedded_in_candidate_state,action_specific_mask_embedding,0.0,0.0,1.0,1.0,0.0
CYST_PA56.nii.gz,3,foreground,final_decoder_stage_input,blur,source_mask_embedding,not_used_after_final_boundary; skip_embedded_in_candidate_state,source_side_mask_embedding,2.406799467280507e-06,0.028432572260499,0.998369656094978,0.9967446195795829,0.0001137023646151647
CYST_PA56.nii.gz,3,foreground,final_decoder_stage_input,blur,action_mask_embedding,not_used_after_final_boundary; skip_embedded_in_candidate_state,action_specific_mask_embedding,0.0,0.0,1.0,1.0,0.0
CYST_PA56.nii.gz,3,foreground,final_decoder_feature,blur,source_mask_embedding,not_used_after_final_boundary; skip_embedded_in_candidate_state,source_side_mask_embedding,2.406799467280507e-06,0.028432572260499,0.998369656094978,0.9967446195795829,0.0001137023646151647
CYST_PA56.nii.gz,3,foreground,final_decoder_feature,blur,action_mask_embedding,not_used_after_final_boundary; skip_embedded_in_candidate_state,action_specific_mask_embedding,0.0,0.0,1.0,1.0,0.0
HCC_10136895_20170421.nii.gz,0,context,final_decoder_stage_input,gamma,source_mask_embedding,not_used_after_final_boundary; skip_embedded_in_candidate_state,source_side_mask_embedding,0.00013897388998884708,144.16786193847656,0.9800442739797118,0.9608694269541436,0.0007774846744723618
HCC_10136895_20170421.nii.gz,0,context,final_decoder_stage_input,gamma,action_mask_embedding,not_used_after_final_boundary; skip_embedded_in_candidate_state,action_specific_mask_embedding,0.0,0.0,1.0,1.0,0.0
HCC_10136895_20170421.nii.gz,0,context,final_decoder_feature,gamma,source_mask_embedding,not_used_after_final_boundary; skip_embedded_in_candidate_state,source_side_mask_embedding,0.00013897388998884708,144.16786193847656,0.9800442739797118,0.9608694269541436,0.0007774846744723618
HCC_10136895_20170421.nii.gz,0,context,final_decoder_feature,gamma,action_mask_embedding,not_used_after_final_boundary; skip_embedded_in_candidate_state,action_specific_mask_embedding,0.0,0.0,1.0,1.0,0.0
HCC_10136895_20170421.nii.gz,0,context,final_decoder_stage_input,blur,source_mask_embedding,not_used_after_final_boundary; skip_embedded_in_candidate_state,source_side_mask_embedding,0.0001306719204876572,203.0543670654297,0.9803230905384402,0.9614055995992884,0.000869487295858562
HCC_10136895_20170421.nii.gz,0,context,final_decoder_stage_input,blur,action_mask_embedding,not_used_after_final_boundary; skip_embedded_in_candidate_state,action_specific_mask_embedding,0.0,0.0,1.0,1.0,0.0
HCC_10136895_20170421.nii.gz,0,context,final_decoder_feature,blur,source_mask_embedding,not_used_after_final_boundary; skip_embedded_in_candidate_state,source_side_mask_embedding,0.0001306719204876572,203.0543670654297,0.9803230905384402,0.9614055995992884,0.000869487295858562
HCC_10136895_20170421.nii.gz,0,context,final_decoder_feature,blur,action_mask_embedding,not_used_after_final_boundary; skip_embedded_in_candidate_state,action_specific_mask_embedding,0.0,0.0,1.0,1.0,0.0
HCC_10136895_20170421.nii.gz,1,context,final_decoder_stage_input,gamma,source_mask_embedding,not_used_after_final_boundary; skip_embedded_in_candidate_state,source_side_mask_embedding,4.579064238896535e-07,0.013787013478577137,0.9993267360993572,0.9986543781573249,3.369996920810081e-05
HCC_10136895_20170421.nii.gz,1,context,final_decoder_stage_input,gamma,action_mask_embedding,not_used_after_final_boundary; skip_embedded_in_candidate_state,action_specific_mask_embedding,0.0,0.0,1.0,1.0,0.0
HCC_10136895_20170421.nii.gz,1,context,final_decoder_feature,gamma,source_mask_embedding,not_used_after_final_boundary; skip_embedded_in_candidate_state,source_side_mask_embedding,4.579064238896535e-07,0.013787013478577137,0.9993267360993572,0.9986543781573249,3.369996920810081e-05
HCC_10136895_20170421.nii.gz,1,context,final_decoder_feature,gamma,action_mask_embedding,not_used_after_final_boundary; skip_embedded_in_candidate_state,action_specific_mask_embedding,0.0,0.0,1.0,1.0,0.0
HCC_10136895_20170421.nii.gz,1,context,final_decoder_stage_input,blur,source_mask_embedding,not_used_after_final_boundary; skip_embedded_in_candidate_state,source_side_mask_embedding,3.5328175727045164e-06,0.15552450716495514,0.9976942428757758,0.9953990943225952,8.948849426815286e-05
HCC_10136895_20170421.nii.gz,1,context,final_decoder_stage_input,blur,action_mask_embedding,not_used_after_final_boundary; skip_embedded_in_candidate_state,action_specific_mask_embedding,0.0,0.0,1.0,1.0,0.0
HCC_10136895_20170421.nii.gz,1,context,final_decoder_feature,blur,source_mask_embedding,not_used_after_final_boundary; skip_embedded_in_candidate_state,source_side_mask_embedding,3.5328175727045164e-06,0.15552450716495514,0.9976942428757758,0.9953990943225952,8.948849426815286e-05
HCC_10136895_20170421.nii.gz,1,context,final_decoder_feature,blur,action_mask_embedding,not_used_after_final_boundary; skip_embedded_in_candidate_state,action_specific_mask_embedding,0.0,0.0,1.0,1.0,0.0
HCC_10136895_20170421.nii.gz,2,foreground,final_decoder_stage_input,gamma,source_mask_embedding,not_used_after_final_boundary; skip_embedded_in_candidate_state,source_side_mask_embedding,1.3929462738815346e-06,0.017618730664253235,0.9986902538786747,0.9973839341394634,0.00011182319576619193
HCC_10136895_20170421.nii.gz,2,foreground,final_decoder_stage_input,gamma,action_mask_embedding,not_used_after_final_boundary; skip_embedded_in_candidate_state,action_specific_mask_embedding,0.0,0.0,1.0,1.0,0.0
HCC_10136895_20170421.nii.gz,2,foreground,final_decoder_feature,gamma,source_mask_embedding,not_used_after_final_boundary; skip_embedded_in_candidate_state,source_side_mask_embedding,1.3929462738815346e-06,0.017618730664253235,0.9986902538786747,0.9973839341394634,0.00011182319576619193
HCC_10136895_20170421.nii.gz,2,foreground,final_decoder_feature,gamma,action_mask_embedding,not_used_after_final_boundary; skip_embedded_in_candidate_state,action_specific_mask_embedding,0.0,0.0,1.0,1.0,0.0
HCC_10136895_20170421.nii.gz,2,foreground,final_decoder_stage_input,blur,source_mask_embedding,not_used_after_final_boundary; skip_embedded_in_candidate_state,source_side_mask_embedding,2.7875041268998757e-05,0.620339035987854,0.9921416360234824,0.984405816814354,0.0007374257547780871
HCC_10136895_20170421.nii.gz,2,foreground,final_decoder_stage_input,blur,action_mask_embedding,not_used_after_final_boundary; skip_embedded_in_candidate_state,action_specific_mask_embedding,0.0,0.0,1.0,1.0,0.0
HCC_10136895_20170421.nii.gz,2,foreground,final_decoder_feature,blur,source_mask_embedding,not_used_after_final_boundary; skip_embedded_in_candidate_state,source_side_mask_embedding,2.7875041268998757e-05,0.620339035987854,0.9921416360234824,0.984405816814354,0.0007374257547780871
HCC_10136895_20170421.nii.gz,2,foreground,final_decoder_feature,blur,action_mask_embedding,not_used_after_final_boundary; skip_embedded_in_candidate_state,action_specific_mask_embedding,0.0,0.0,1.0,1.0,0.0
HCC_10136895_20170421.nii.gz,3,foreground,final_decoder_stage_input,gamma,source_mask_embedding,not_used_after_final_boundary; skip_embedded_in_candidate_state,source_side_mask_embedding,5.389601938077249e-07,0.030724743381142616,0.9991766186622634,0.9983545921226659,6.319992826320231e-05
HCC_10136895_20170421.nii.gz,3,foreground,final_decoder_stage_input,gamma,action_mask_embedding,not_used_after_final_boundary; skip_embedded_in_candidate_state,action_specific_mask_embedding,0.0,0.0,1.0,1.0,0.0
HCC_10136895_20170421.nii.gz,3,foreground,final_decoder_feature,gamma,source_mask_embedding,not_used_after_final_boundary; skip_embedded_in_candidate_state,source_side_mask_embedding,5.389601938077249e-07,0.030724743381142616,0.9991766186622634,0.9983545921226659,6.319992826320231e-05
HCC_10136895_20170421.nii.gz,3,foreground,final_decoder_feature,gamma,action_mask_embedding,not_used_after_final_boundary; skip_embedded_in_candidate_state,action_specific_mask_embedding,0.0,0.0,1.0,1.0,0.0
HCC_10136895_20170421.nii.gz,3,foreground,final_decoder_stage_input,blur,source_mask_embedding,not_used_after_final_boundary; skip_embedded_in_candidate_state,source_side_mask_embedding,1.2288601283216849e-05,0.862179160118103,0.9964990038248863,0.9930224360743877,0.0003261689271312207
HCC_10136895_20170421.nii.gz,3,foreground,final_decoder_stage_input,blur,action_mask_embedding,not_used_after_final_boundary; skip_embedded_in_candidate_state,action_specific_mask_embedding,0.0,0.0,1.0,1.0,0.0
HCC_10136895_20170421.nii.gz,3,foreground,final_decoder_feature,blur,source_mask_embedding,not_used_after_final_boundary; skip_embedded_in_candidate_state,source_side_mask_embedding,1.2288601283216849e-05,0.862179160118103,0.9964990038248863,0.9930224360743877,0.0003261689271312207
HCC_10136895_20170421.nii.gz,3,foreground,final_decoder_feature,blur,action_mask_embedding,not_used_after_final_boundary; skip_embedded_in_candidate_state,action_specific_mask_embedding,0.0,0.0,1.0,1.0,0.0
MET_PA13.nii.gz,0,context,final_decoder_stage_input,gamma,source_mask_embedding,not_used_after_final_boundary; skip_embedded_in_candidate_state,source_side_mask_embedding,9.492666173951367e-35,0.02052309364080429,1.0,0.0,2.874707503648014e-19
MET_PA13.nii.gz,0,context,final_decoder_stage_input,gamma,action_mask_embedding,not_used_after_final_boundary; skip_embedded_in_candidate_state,action_specific_mask_embedding,0.0,0.0,1.0,0.0,0.0
MET_PA13.nii.gz,0,context,final_decoder_feature,gamma,source_mask_embedding,not_used_after_final_boundary; skip_embedded_in_candidate_state,source_side_mask_embedding,9.492666173951367e-35,0.02052309364080429,1.0,0.0,2.874707503648014e-19
MET_PA13.nii.gz,0,context,final_decoder_feature,gamma,action_mask_embedding,not_used_after_final_boundary; skip_embedded_in_candidate_state,action_specific_mask_embedding,0.0,0.0,1.0,0.0,0.0
MET_PA13.nii.gz,0,context,final_decoder_stage_input,blur,source_mask_embedding,not_used_after_final_boundary; skip_embedded_in_candidate_state,source_side_mask_embedding,4.8543194140406046e-32,2.087852716445923,1.0,0.0,4.9216018083695505e-18
MET_PA13.nii.gz,0,context,final_decoder_stage_input,blur,action_mask_embedding,not_used_after_final_boundary; skip_embedded_in_candidate_state,action_specific_mask_embedding,0.0,0.0,1.0,0.0,0.0
MET_PA13.nii.gz,0,context,final_decoder_feature,blur,source_mask_embedding,not_used_after_final_boundary; skip_embedded_in_candidate_state,source_side_mask_embedding,4.8543194140406046e-32,2.087852716445923,1.0,0.0,4.9216018083695505e-18
MET_PA13.nii.gz,0,context,final_decoder_feature,blur,action_mask_embedding,not_used_after_final_boundary; skip_embedded_in_candidate_state,action_specific_mask_embedding,0.0,0.0,1.0,0.0,0.0
MET_PA13.nii.gz,1,context,final_decoder_stage_input,gamma,source_mask_embedding,not_used_after_final_boundary; skip_embedded_in_candidate_state,source_side_mask_embedding,8.325753952931336e-08,0.02908453717827797,0.9989689127184617,0.9979399495287634,8.201134733099025e-06
MET_PA13.nii.gz,1,context,final_decoder_stage_input,gamma,action_mask_embedding,not_used_after_final_boundary; skip_embedded_in_candidate_state,action_specific_mask_embedding,0.0,0.0,1.0,1.0,0.0
MET_PA13.nii.gz,1,context,final_decoder_feature,gamma,source_mask_embedding,not_used_after_final_boundary; skip_embedded_in_candidate_state,source_side_mask_embedding,8.325753952931336e-08,0.02908453717827797,0.9989689127184617,0.9979399495287634,8.201134733099025e-06
MET_PA13.nii.gz,1,context,final_decoder_feature,gamma,action_mask_embedding,not_used_after_final_boundary; skip_embedded_in_candidate_state,action_specific_mask_embedding,0.0,0.0,1.0,1.0,0.0
MET_PA13.nii.gz,1,context,final_decoder_stage_input,blur,source_mask_embedding,not_used_after_final_boundary; skip_embedded_in_candidate_state,source_side_mask_embedding,3.4187773962912615e-06,3.9830899238586426,0.9886660255529606,0.9775860897914828,5.10954596393276e-05
MET_PA13.nii.gz,1,context,final_decoder_stage_input,blur,action_mask_embedding,not_used_after_final_boundary; skip_embedded_in_candidate_state,action_specific_mask_embedding,0.0,0.0,1.0,1.0,0.0
MET_PA13.nii.gz,1,context,final_decoder_feature,blur,source_mask_embedding,not_used_after_final_boundary; skip_embedded_in_candidate_state,source_side_mask_embedding,3.4187773962912615e-06,3.9830899238586426,0.9886660255529606,0.9775860897914828,5.10954596393276e-05
MET_PA13.nii.gz,1,context,final_decoder_feature,blur,action_mask_embedding,not_used_after_final_boundary; skip_embedded_in_candidate_state,action_specific_mask_embedding,0.0,0.0,1.0,1.0,0.0
MET_PA13.nii.gz,2,foreground,final_decoder_stage_input,gamma,source_mask_embedding,not_used_after_final_boundary; skip_embedded_in_candidate_state,source_side_mask_embedding,9.216005310008768e-07,0.019100090488791466,0.9989087200165475,0.9978198192207397,8.052875637076795e-05
MET_PA13.nii.gz,2,foreground,final_decoder_stage_input,gamma,action_mask_embedding,not_used_after_final_boundary; skip_embedded_in_candidate_state,action_specific_mask_embedding,0.0,0.0,1.0,1.0,0.0
MET_PA13.nii.gz,2,foreground,final_decoder_feature,gamma,source_mask_embedding,not_used_after_final_boundary; skip_embedded_in_candidate_state,source_side_mask_embedding,9.216005310008768e-07,0.019100090488791466,0.9989087200165475,0.9978198192207397,8.052875637076795e-05
MET_PA13.nii.gz,2,foreground,final_decoder_feature,gamma,action_mask_embedding,not_used_after_final_boundary; skip_embedded_in_candidate_state,action_specific_mask_embedding,0.0,0.0,1.0,1.0,0.0
MET_PA13.nii.gz,2,foreground,final_decoder_stage_input,blur,source_mask_embedding,not_used_after_final_boundary; skip_embedded_in_candidate_state,source_side_mask_embedding,3.620212009991519e-05,0.5907138586044312,0.9907278254454931,0.981626017662481,0.0007385764038190246
MET_PA13.nii.gz,2,foreground,final_decoder_stage_input,blur,action_mask_embedding,not_used_after_final_boundary; skip_embedded_in_candidate_state,action_specific_mask_embedding,0.0,0.0,1.0,1.0,0.0
MET_PA13.nii.gz,2,foreground,final_decoder_feature,blur,source_mask_embedding,not_used_after_final_boundary; skip_embedded_in_candidate_state,source_side_mask_embedding,3.620212009991519e-05,0.5907138586044312,0.9907278254454931,0.981626017662481,0.0007385764038190246
MET_PA13.nii.gz,2,foreground,final_decoder_feature,blur,action_mask_embedding,not_used_after_final_boundary; skip_embedded_in_candidate_state,action_specific_mask_embedding,0.0,0.0,1.0,1.0,0.0
MET_PA13.nii.gz,3,foreground,final_decoder_stage_input,gamma,source_mask_embedding,not_used_after_final_boundary; skip_embedded_in_candidate_state,source_side_mask_embedding,5.244611998023174e-07,0.041709836572408676,0.9991083043890117,0.9982181976034,5.8030873333336785e-05
MET_PA13.nii.gz,3,foreground,final_decoder_stage_input,gamma,action_mask_embedding,not_used_after_final_boundary; skip_embedded_in_candidate_state,action_specific_mask_embedding,0.0,0.0,1.0,1.0,0.0
MET_PA13.nii.gz,3,foreground,final_decoder_feature,gamma,source_mask_embedding,not_used_after_final_boundary; skip_embedded_in_candidate_state,source_side_mask_embedding,5.244611998023174e-07,0.041709836572408676,0.9991083043890117,0.9982181976034,5.8030873333336785e-05
MET_PA13.nii.gz,3,foreground,final_decoder_feature,gamma,action_mask_embedding,not_used_after_final_boundary; skip_embedded_in_candidate_state,action_specific_mask_embedding,0.0,0.0,1.0,1.0,0.0
MET_PA13.nii.gz,3,foreground,final_decoder_stage_input,blur,source_mask_embedding,not_used_after_final_boundary; skip_embedded_in_candidate_state,source_side_mask_embedding,1.63684380822815e-05,0.3218727111816406,0.9943410386908855,0.9887457646641007,0.0003836507094092667
MET_PA13.nii.gz,3,foreground,final_decoder_stage_input,blur,action_mask_embedding,not_used_after_final_boundary; skip_embedded_in_candidate_state,action_specific_mask_embedding,0.0,0.0,1.0,1.0,0.0
MET_PA13.nii.gz,3,foreground,final_decoder_feature,blur,source_mask_embedding,not_used_after_final_boundary; skip_embedded_in_candidate_state,source_side_mask_embedding,1.63684380822815e-05,0.3218727111816406,0.9943410386908855,0.9887457646641007,0.0003836507094092667
MET_PA13.nii.gz,3,foreground,final_decoder_feature,blur,action_mask_embedding,not_used_after_final_boundary; skip_embedded_in_candidate_state,action_specific_mask_embedding,0.0,0.0,1.0,1.0,0.0
HCC_10074592_20130816.nii.gz,0,context,final_decoder_stage_input,gamma,source_mask_embedding,not_used_after_final_boundary; skip_embedded_in_candidate_state,source_side_mask_embedding,7.305744986751961e-08,2.4592649936676025,0.998488547843274,0.9969816577664268,2.2667420580546604e-06
HCC_10074592_20130816.nii.gz,0,context,final_decoder_stage_input,gamma,action_mask_embedding,not_used_after_final_boundary; skip_embedded_in_candidate_state,action_specific_mask_embedding,0.0,0.0,1.0,1.0,0.0
HCC_10074592_20130816.nii.gz,0,context,final_decoder_feature,gamma,source_mask_embedding,not_used_after_final_boundary; skip_embedded_in_candidate_state,source_side_mask_embedding,7.305744986751961e-08,2.4592649936676025,0.998488547843274,0.9969816577664268,2.2667420580546604e-06
HCC_10074592_20130816.nii.gz,0,context,final_decoder_feature,gamma,action_mask_embedding,not_used_after_final_boundary; skip_embedded_in_candidate_state,action_specific_mask_embedding,0.0,0.0,1.0,1.0,0.0
HCC_10074592_20130816.nii.gz,0,context,final_decoder_stage_input,blur,source_mask_embedding,not_used_after_final_boundary; skip_embedded_in_candidate_state,source_side_mask_embedding,6.287202995736152e-05,1186.793701171875,0.9615591604520642,0.9259643147997335,0.00017008506983984262
HCC_10074592_20130816.nii.gz,0,context,final_decoder_stage_input,blur,action_mask_embedding,not_used_after_final_boundary; skip_embedded_in_candidate_state,action_specific_mask_embedding,0.0,0.0,1.0,1.0,0.0
HCC_10074592_20130816.nii.gz,0,context,final_decoder_feature,blur,source_mask_embedding,not_used_after_final_boundary; skip_embedded_in_candidate_state,source_side_mask_embedding,6.287202995736152e-05,1186.793701171875,0.9615591604520642,0.9259643147997335,0.00017008506983984262
HCC_10074592_20130816.nii.gz,0,context,final_decoder_feature,blur,action_mask_embedding,not_used_after_final_boundary; skip_embedded_in_candidate_state,action_specific_mask_embedding,0.0,0.0,1.0,1.0,0.0
HCC_10074592_20130816.nii.gz,1,context,final_decoder_stage_input,gamma,source_mask_embedding,not_used_after_final_boundary; skip_embedded_in_candidate_state,source_side_mask_embedding,1.08848702495834e-07,0.017203010618686676,0.9995836592566425,0.9991676650482376,1.4085821021581069e-05
HCC_10074592_20130816.nii.gz,1,context,final_decoder_stage_input,gamma,action_mask_embedding,not_used_after_final_boundary; skip_embedded_in_candidate_state,action_specific_mask_embedding,0.0,0.0,1.0,1.0,0.0
HCC_10074592_20130816.nii.gz,1,context,final_decoder_feature,gamma,source_mask_embedding,not_used_after_final_boundary; skip_embedded_in_candidate_state,source_side_mask_embedding,1.08848702495834e-07,0.017203010618686676,0.9995836592566425,0.9991676650482376,1.4085821021581069e-05
HCC_10074592_20130816.nii.gz,1,context,final_decoder_feature,gamma,action_mask_embedding,not_used_after_final_boundary; skip_embedded_in_candidate_state,action_specific_mask_embedding,0.0,0.0,1.0,1.0,0.0
HCC_10074592_20130816.nii.gz,1,context,final_decoder_stage_input,blur,source_mask_embedding,not_used_after_final_boundary; skip_embedded_in_candidate_state,source_side_mask_embedding,1.6148745771715767e-06,1.7041841745376587,0.9981348736864082,0.9962766918128899,6.340310210362077e-05
HCC_10074592_20130816.nii.gz,1,context,final_decoder_stage_input,blur,action_mask_embedding,not_used_after_final_boundary; skip_embedded_in_candidate_state,action_specific_mask_embedding,0.0,0.0,1.0,1.0,0.0
HCC_10074592_20130816.nii.gz,1,context,final_decoder_feature,blur,source_mask_embedding,not_used_after_final_boundary; skip_embedded_in_candidate_state,source_side_mask_embedding,1.6148745771715767e-06,1.7041841745376587,0.9981348736864082,0.9962766918128899,6.340310210362077e-05
HCC_10074592_20130816.nii.gz,1,context,final_decoder_feature,blur,action_mask_embedding,not_used_after_final_boundary; skip_embedded_in_candidate_state,action_specific_mask_embedding,0.0,0.0,1.0,1.0,0.0
HCC_10074592_20130816.nii.gz,2,foreground,final_decoder_stage_input,gamma,source_mask_embedding,not_used_after_final_boundary; skip_embedded_in_candidate_state,source_side_mask_embedding,2.653503543115221e-06,0.20562545955181122,0.9983773417908246,0.996759941089838,0.00016766107000876218
HCC_10074592_20130816.nii.gz,2,foreground,final_decoder_stage_input,gamma,action_mask_embedding,not_used_after_final_boundary; skip_embedded_in_candidate_state,action_specific_mask_embedding,0.0,0.0,1.0,1.0,0.0
HCC_10074592_20130816.nii.gz,2,foreground,final_decoder_feature,gamma,source_mask_embedding,not_used_after_final_boundary; skip_embedded_in_candidate_state,source_side_mask_embedding,2.653503543115221e-06,0.20562545955181122,0.9983773417908246,0.996759941089838,0.00016766107000876218
HCC_10074592_20130816.nii.gz,2,foreground,final_decoder_feature,gamma,action_mask_embedding,not_used_after_final_boundary; skip_embedded_in_candidate_state,action_specific_mask_embedding,0.0,0.0,1.0,1.0,0.0
HCC_10074592_20130816.nii.gz,2,foreground,final_decoder_stage_input,blur,source_mask_embedding,not_used_after_final_boundary; skip_embedded_in_candidate_state,source_side_mask_embedding,3.987225227319868e-06,0.3248741030693054,0.9981217771403204,0.996250596496012,0.00021688333072233945
HCC_10074592_20130816.nii.gz,2,foreground,final_decoder_stage_input,blur,action_mask_embedding,not_used_after_final_boundary; skip_embedded_in_candidate_state,action_specific_mask_embedding,0.0,0.0,1.0,1.0,0.0
HCC_10074592_20130816.nii.gz,2,foreground,final_decoder_feature,blur,source_mask_embedding,not_used_after_final_boundary; skip_embedded_in_candidate_state,source_side_mask_embedding,3.987225227319868e-06,0.3248741030693054,0.9981217771403204,0.996250596496012,0.00021688333072233945
HCC_10074592_20130816.nii.gz,2,foreground,final_decoder_feature,blur,action_mask_embedding,not_used_after_final_boundary; skip_embedded_in_candidate_state,action_specific_mask_embedding,0.0,0.0,1.0,1.0,0.0
HCC_10074592_20130816.nii.gz,3,foreground,final_decoder_stage_input,gamma,source_mask_embedding,not_used_after_final_boundary; skip_embedded_in_candidate_state,source_side_mask_embedding,3.13607728230636e-07,0.06414444744586945,0.9994961226533637,0.9989927528357561,6.152064452180639e-05
HCC_10074592_20130816.nii.gz,3,foreground,final_decoder_stage_input,gamma,action_mask_embedding,not_used_after_final_boundary; skip_embedded_in_candidate_state,action_specific_mask_embedding,0.0,0.0,1.0,1.0,0.0
HCC_10074592_20130816.nii.gz,3,foreground,final_decoder_feature,gamma,source_mask_embedding,not_used_after_final_boundary; skip_embedded_in_candidate_state,source_side_mask_embedding,3.13607728230636e-07,0.06414444744586945,0.9994961226533637,0.9989927528357561,6.152064452180639e-05
HCC_10074592_20130816.nii.gz,3,foreground,final_decoder_feature,gamma,action_mask_embedding,not_used_after_final_boundary; skip_embedded_in_candidate_state,action_specific_mask_embedding,0.0,0.0,1.0,1.0,0.0
HCC_10074592_20130816.nii.gz,3,foreground,final_decoder_stage_input,blur,source_mask_embedding,not_used_after_final_boundary; skip_embedded_in_candidate_state,source_side_mask_embedding,1.356678876618389e-05,0.09819625318050385,0.9962046591221619,0.99243801854167,0.00037564366357401013
HCC_10074592_20130816.nii.gz,3,foreground,final_decoder_stage_input,blur,action_mask_embedding,not_used_after_final_boundary; skip_embedded_in_candidate_state,action_specific_mask_embedding,0.0,0.0,1.0,1.0,0.0
HCC_10074592_20130816.nii.gz,3,foreground,final_decoder_feature,blur,source_mask_embedding,not_used_after_final_boundary; skip_embedded_in_candidate_state,source_side_mask_embedding,1.356678876618389e-05,0.09819625318050385,0.9962046591221619,0.99243801854167,0.00037564366357401013
HCC_10074592_20130816.nii.gz,3,foreground,final_decoder_feature,blur,action_mask_embedding,not_used_after_final_boundary; skip_embedded_in_candidate_state,action_specific_mask_embedding,0.0,0.0,1.0,1.0,0.0
CYST_PA19.nii.gz,0,context,final_decoder_stage_input,gamma,source_mask_embedding,not_used_after_final_boundary; skip_embedded_in_candidate_state,source_side_mask_embedding,1.936427226489514e-31,2.263606548309326,1.0,0.0,2.8510256329033506e-18
CYST_PA19.nii.gz,0,context,final_decoder_stage_input,gamma,action_mask_embedding,not_used_after_final_boundary; skip_embedded_in_candidate_state,action_specific_mask_embedding,0.0,0.0,1.0,0.0,0.0
CYST_PA19.nii.gz,0,context,final_decoder_feature,gamma,source_mask_embedding,not_used_after_final_boundary; skip_embedded_in_candidate_state,source_side_mask_embedding,1.936427226489514e-31,2.263606548309326,1.0,0.0,2.8510256329033506e-18
CYST_PA19.nii.gz,0,context,final_decoder_feature,gamma,action_mask_embedding,not_used_after_final_boundary; skip_embedded_in_candidate_state,action_specific_mask_embedding,0.0,0.0,1.0,0.0,0.0
CYST_PA19.nii.gz,0,context,final_decoder_stage_input,blur,source_mask_embedding,not_used_after_final_boundary; skip_embedded_in_candidate_state,source_side_mask_embedding,3.8521025108084814e-30,4.12803316116333,1.0,0.0,9.580689577539272e-18
CYST_PA19.nii.gz,0,context,final_decoder_stage_input,blur,action_mask_embedding,not_used_after_final_boundary; skip_embedded_in_candidate_state,action_specific_mask_embedding,0.0,0.0,1.0,0.0,0.0
CYST_PA19.nii.gz,0,context,final_decoder_feature,blur,source_mask_embedding,not_used_after_final_boundary; skip_embedded_in_candidate_state,source_side_mask_embedding,3.8521025108084814e-30,4.12803316116333,1.0,0.0,9.580689577539272e-18
CYST_PA19.nii.gz,0,context,final_decoder_feature,blur,action_mask_embedding,not_used_after_final_boundary; skip_embedded_in_candidate_state,action_specific_mask_embedding,0.0,0.0,1.0,0.0,0.0
CYST_PA19.nii.gz,1,context,final_decoder_stage_input,gamma,source_mask_embedding,not_used_after_final_boundary; skip_embedded_in_candidate_state,source_side_mask_embedding,1.7196585488932215e-08,0.00906346645206213,0.9992501228247097,0.998501369438272,3.828341959888348e-06
CYST_PA19.nii.gz,1,context,final_decoder_stage_input,gamma,action_mask_embedding,not_used_after_final_boundary; skip_embedded_in_candidate_state,action_specific_mask_embedding,0.0,0.0,1.0,1.0,0.0
CYST_PA19.nii.gz,1,context,final_decoder_feature,gamma,source_mask_embedding,not_used_after_final_boundary; skip_embedded_in_candidate_state,source_side_mask_embedding,1.7196585488932215e-08,0.00906346645206213,0.9992501228247097,0.998501369438272,3.828341959888348e-06
CYST_PA19.nii.gz,1,context,final_decoder_feature,gamma,action_mask_embedding,not_used_after_final_boundary; skip_embedded_in_candidate_state,action_specific_mask_embedding,0.0,0.0,1.0,1.0,0.0
CYST_PA19.nii.gz,1,context,final_decoder_stage_input,blur,source_mask_embedding,not_used_after_final_boundary; skip_embedded_in_candidate_state,source_side_mask_embedding,9.740832865645643e-06,0.21830272674560547,0.985919588978019,0.9722301883185164,0.00010005391959566623
CYST_PA19.nii.gz,1,context,final_decoder_stage_input,blur,action_mask_embedding,not_used_after_final_boundary; skip_embedded_in_candidate_state,action_specific_mask_embedding,0.0,0.0,1.0,1.0,0.0
CYST_PA19.nii.gz,1,context,final_decoder_feature,blur,source_mask_embedding,not_used_after_final_boundary; skip_embedded_in_candidate_state,source_side_mask_embedding,9.740832865645643e-06,0.21830272674560547,0.985919588978019,0.9722301883185164,0.00010005391959566623
CYST_PA19.nii.gz,1,context,final_decoder_feature,blur,action_mask_embedding,not_used_after_final_boundary; skip_embedded_in_candidate_state,action_specific_mask_embedding,0.0,0.0,1.0,1.0,0.0
CYST_PA19.nii.gz,2,foreground,final_decoder_stage_input,gamma,source_mask_embedding,not_used_after_final_boundary; skip_embedded_in_candidate_state,source_side_mask_embedding,9.285576396678152e-08,0.00031495944131165743,0.9996238004363915,0.9992478838185622,2.3821567083359696e-05
CYST_PA19.nii.gz,2,foreground,final_decoder_stage_input,gamma,action_mask_embedding,not_used_after_final_boundary; skip_embedded_in_candidate_state,action_specific_mask_embedding,0.0,0.0,1.0,1.0,0.0
CYST_PA19.nii.gz,2,foreground,final_decoder_feature,gamma,source_mask_embedding,not_used_after_final_boundary; skip_embedded_in_candidate_state,source_side_mask_embedding,9.285576396678152e-08,0.00031495944131165743,0.9996238004363915,0.9992478838185622,2.3821567083359696e-05
CYST_PA19.nii.gz,2,foreground,final_decoder_feature,gamma,action_mask_embedding,not_used_after_final_boundary; skip_embedded_in_candidate_state,action_specific_mask_embedding,0.0,0.0,1.0,1.0,0.0
CYST_PA19.nii.gz,2,foreground,final_decoder_stage_input,blur,source_mask_embedding,not_used_after_final_boundary; skip_embedded_in_candidate_state,source_side_mask_embedding,9.658066119300202e-06,0.011364800855517387,0.9965154618574212,0.9930551234022428,0.00028014145209454
CYST_PA19.nii.gz,2,foreground,final_decoder_stage_input,blur,action_mask_embedding,not_used_after_final_boundary; skip_embedded_in_candidate_state,action_specific_mask_embedding,0.0,0.0,1.0,1.0,0.0
CYST_PA19.nii.gz,2,foreground,final_decoder_feature,blur,source_mask_embedding,not_used_after_final_boundary; skip_embedded_in_candidate_state,source_side_mask_embedding,9.658066119300202e-06,0.011364800855517387,0.9965154618574212,0.9930551234022428,0.00028014145209454
CYST_PA19.nii.gz,2,foreground,final_decoder_feature,blur,action_mask_embedding,not_used_after_final_boundary; skip_embedded_in_candidate_state,action_specific_mask_embedding,0.0,0.0,1.0,1.0,0.0
CYST_PA19.nii.gz,3,foreground,final_decoder_stage_input,gamma,source_mask_embedding,not_used_after_final_boundary; skip_embedded_in_candidate_state,source_side_mask_embedding,1.7568389409916563e-07,0.009388596750795841,0.9996020153266438,0.9992043473108632,2.6459198124939576e-05
CYST_PA19.nii.gz,3,foreground,final_decoder_stage_input,gamma,action_mask_embedding,not_used_after_final_boundary; skip_embedded_in_candidate_state,action_specific_mask_embedding,0.0,0.0,1.0,1.0,0.0
CYST_PA19.nii.gz,3,foreground,final_decoder_feature,gamma,source_mask_embedding,not_used_after_final_boundary; skip_embedded_in_candidate_state,source_side_mask_embedding,1.7568389409916563e-07,0.009388596750795841,0.9996020153266438,0.9992043473108632,2.6459198124939576e-05
CYST_PA19.nii.gz,3,foreground,final_decoder_feature,gamma,action_mask_embedding,not_used_after_final_boundary; skip_embedded_in_candidate_state,action_specific_mask_embedding,0.0,0.0,1.0,1.0,0.0
CYST_PA19.nii.gz,3,foreground,final_decoder_stage_input,blur,source_mask_embedding,not_used_after_final_boundary; skip_embedded_in_candidate_state,source_side_mask_embedding,3.373946356077795e-06,0.0632806122303009,0.9977666156590501,0.9955431850987113,0.00013099539501126856
CYST_PA19.nii.gz,3,foreground,final_decoder_stage_input,blur,action_mask_embedding,not_used_after_final_boundary; skip_embedded_in_candidate_state,action_specific_mask_embedding,0.0,0.0,1.0,1.0,0.0
CYST_PA19.nii.gz,3,foreground,final_decoder_feature,blur,source_mask_embedding,not_used_after_final_boundary; skip_embedded_in_candidate_state,source_side_mask_embedding,3.373946356077795e-06,0.0632806122303009,0.9977666156590501,0.9955431850987113,0.00013099539501126856
CYST_PA19.nii.gz,3,foreground,final_decoder_feature,blur,action_mask_embedding,not_used_after_final_boundary; skip_embedded_in_candidate_state,action_specific_mask_embedding,0.0,0.0,1.0,1.0,0.0
HEM_PA13.nii.gz,0,context,final_decoder_stage_input,gamma,source_mask_embedding,not_used_after_final_boundary; skip_embedded_in_candidate_state,source_side_mask_embedding,5.28608961496799e-35,0.002103437203913927,1.0,0.0,1.18602771814987e-19
HEM_PA13.nii.gz,0,context,final_decoder_stage_input,gamma,action_mask_embedding,not_used_after_final_boundary; skip_embedded_in_candidate_state,action_specific_mask_embedding,0.0,0.0,1.0,0.0,0.0
HEM_PA13.nii.gz,0,context,final_decoder_feature,gamma,source_mask_embedding,not_used_after_final_boundary; skip_embedded_in_candidate_state,source_side_mask_embedding,5.28608961496799e-35,0.002103437203913927,1.0,0.0,1.18602771814987e-19
HEM_PA13.nii.gz,0,context,final_decoder_feature,gamma,action_mask_embedding,not_used_after_final_boundary; skip_embedded_in_candidate_state,action_specific_mask_embedding,0.0,0.0,1.0,0.0,0.0
HEM_PA13.nii.gz,0,context,final_decoder_stage_input,blur,source_mask_embedding,not_used_after_final_boundary; skip_embedded_in_candidate_state,source_side_mask_embedding,3.0109269818205082e-31,3.331894874572754,1.0,0.0,1.4238228451011988e-17
HEM_PA13.nii.gz,0,context,final_decoder_stage_input,blur,action_mask_embedding,not_used_after_final_boundary; skip_embedded_in_candidate_state,action_specific_mask_embedding,0.0,0.0,1.0,0.0,0.0
HEM_PA13.nii.gz,0,context,final_decoder_feature,blur,source_mask_embedding,not_used_after_final_boundary; skip_embedded_in_candidate_state,source_side_mask_embedding,3.0109269818205082e-31,3.331894874572754,1.0,0.0,1.4238228451011988e-17
HEM_PA13.nii.gz,0,context,final_decoder_feature,blur,action_mask_embedding,not_used_after_final_boundary; skip_embedded_in_candidate_state,action_specific_mask_embedding,0.0,0.0,1.0,0.0,0.0
HEM_PA13.nii.gz,1,context,final_decoder_stage_input,gamma,source_mask_embedding,not_used_after_final_boundary; skip_embedded_in_candidate_state,source_side_mask_embedding,4.752322695367184e-07,0.26589226722717285,0.9974216926239504,0.9948566463944396,2.538129956519697e-05
HEM_PA13.nii.gz,1,context,final_decoder_stage_input,gamma,action_mask_embedding,not_used_after_final_boundary; skip_embedded_in_candidate_state,action_specific_mask_embedding,0.0,0.0,1.0,1.0,0.0
HEM_PA13.nii.gz,1,context,final_decoder_feature,gamma,source_mask_embedding,not_used_after_final_boundary; skip_embedded_in_candidate_state,source_side_mask_embedding,4.752322695367184e-07,0.26589226722717285,0.9974216926239504,0.9948566463944396,2.538129956519697e-05
HEM_PA13.nii.gz,1,context,final_decoder_feature,gamma,action_mask_embedding,not_used_after_final_boundary; skip_embedded_in_candidate_state,action_specific_mask_embedding,0.0,0.0,1.0,1.0,0.0
HEM_PA13.nii.gz,1,context,final_decoder_stage_input,blur,source_mask_embedding,not_used_after_final_boundary; skip_embedded_in_candidate_state,source_side_mask_embedding,2.336387524337624e-06,0.0446576289832592,0.9925238820434722,0.9851587192524391,4.680659549194388e-05
HEM_PA13.nii.gz,1,context,final_decoder_stage_input,blur,action_mask_embedding,not_used_after_final_boundary; skip_embedded_in_candidate_state,action_specific_mask_embedding,0.0,0.0,1.0,1.0,0.0
HEM_PA13.nii.gz,1,context,final_decoder_feature,blur,source_mask_embedding,not_used_after_final_boundary; skip_embedded_in_candidate_state,source_side_mask_embedding,2.336387524337624e-06,0.0446576289832592,0.9925238820434722,0.9851587192524391,4.680659549194388e-05
HEM_PA13.nii.gz,1,context,final_decoder_feature,blur,action_mask_embedding,not_used_after_final_boundary; skip_embedded_in_candidate_state,action_specific_mask_embedding,0.0,0.0,1.0,1.0,0.0
HEM_PA13.nii.gz,2,foreground,final_decoder_stage_input,gamma,source_mask_embedding,not_used_after_final_boundary; skip_embedded_in_candidate_state,source_side_mask_embedding,3.860555352730444e-06,0.06405648589134216,0.9979624230921583,0.9959331327391346,0.000244661932811141
HEM_PA13.nii.gz,2,foreground,final_decoder_stage_input,gamma,action_mask_embedding,not_used_after_final_boundary; skip_embedded_in_candidate_state,action_specific_mask_embedding,0.0,0.0,1.0,1.0,0.0
HEM_PA13.nii.gz,2,foreground,final_decoder_feature,gamma,source_mask_embedding,not_used_after_final_boundary; skip_embedded_in_candidate_state,source_side_mask_embedding,3.860555352730444e-06,0.06405648589134216,0.9979624230921583,0.9959331327391346,0.000244661932811141
HEM_PA13.nii.gz,2,foreground,final_decoder_feature,gamma,action_mask_embedding,not_used_after_final_boundary; skip_embedded_in_candidate_state,action_specific_mask_embedding,0.0,0.0,1.0,1.0,0.0
HEM_PA13.nii.gz,2,foreground,final_decoder_stage_input,blur,source_mask_embedding,not_used_after_final_boundary; skip_embedded_in_candidate_state,source_side_mask_embedding,0.0001345791679341346,0.4999447464942932,0.9875405144896471,0.9753876857520429,0.0016127926064655185
HEM_PA13.nii.gz,2,foreground,final_decoder_stage_input,blur,action_mask_embedding,not_used_after_final_boundary; skip_embedded_in_candidate_state,action_specific_mask_embedding,0.0,0.0,1.0,1.0,0.0
HEM_PA13.nii.gz,2,foreground,final_decoder_feature,blur,source_mask_embedding,not_used_after_final_boundary; skip_embedded_in_candidate_state,source_side_mask_embedding,0.0001345791679341346,0.4999447464942932,0.9875405144896471,0.9753876857520429,0.0016127926064655185
HEM_PA13.nii.gz,2,foreground,final_decoder_feature,blur,action_mask_embedding,not_used_after_final_boundary; skip_embedded_in_candidate_state,action_specific_mask_embedding,0.0,0.0,1.0,1.0,0.0
HEM_PA13.nii.gz,3,foreground,final_decoder_stage_input,gamma,source_mask_embedding,not_used_after_final_boundary; skip_embedded_in_candidate_state,source_side_mask_embedding,3.250233248763834e-06,0.06755618005990982,0.9983183054243595,0.9966422575459903,0.00017122073040809482
HEM_PA13.nii.gz,3,foreground,final_decoder_stage_input,gamma,action_mask_embedding,not_used_after_final_boundary; skip_embedded_in_candidate_state,action_specific_mask_embedding,0.0,0.0,1.0,1.0,0.0
HEM_PA13.nii.gz,3,foreground,final_decoder_feature,gamma,source_mask_embedding,not_used_after_final_boundary; skip_embedded_in_candidate_state,source_side_mask_embedding,3.250233248763834e-06,0.06755618005990982,0.9983183054243595,0.9966422575459903,0.00017122073040809482
HEM_PA13.nii.gz,3,foreground,final_decoder_feature,gamma,action_mask_embedding,not_used_after_final_boundary; skip_embedded_in_candidate_state,action_specific_mask_embedding,0.0,0.0,1.0,1.0,0.0
HEM_PA13.nii.gz,3,foreground,final_decoder_stage_input,blur,source_mask_embedding,not_used_after_final_boundary; skip_embedded_in_candidate_state,source_side_mask_embedding,0.00010908321564784274,1.1367928981781006,0.9883675293450263,0.9770025755550484,0.001183621003292501
HEM_PA13.nii.gz,3,foreground,final_decoder_stage_input,blur,action_mask_embedding,not_used_after_final_boundary; skip_embedded_in_candidate_state,action_specific_mask_embedding,0.0,0.0,1.0,1.0,0.0
HEM_PA13.nii.gz,3,foreground,final_decoder_feature,blur,source_mask_embedding,not_used_after_final_boundary; skip_embedded_in_candidate_state,source_side_mask_embedding,0.00010908321564784274,1.1367928981781006,0.9883675293450263,0.9770025755550484,0.001183621003292501
HEM_PA13.nii.gz,3,foreground,final_decoder_feature,blur,action_mask_embedding,not_used_after_final_boundary; skip_embedded_in_candidate_state,action_specific_mask_embedding,0.0,0.0,1.0,1.0,0.0
HCC_10142924_20170911.nii.gz,0,context,final_decoder_stage_input,gamma,source_mask_embedding,not_used_after_final_boundary; skip_embedded_in_candidate_state,source_side_mask_embedding,3.432878941111994e-07,3.805305242538452,0.9966736118726468,0.9933692800932673,1.4091399862081744e-05
HCC_10142924_20170911.nii.gz,0,context,final_decoder_stage_input,gamma,action_mask_embedding,not_used_after_final_boundary; skip_embedded_in_candidate_state,action_specific_mask_embedding,0.0,0.0,1.0,1.0,0.0
HCC_10142924_20170911.nii.gz,0,context,final_decoder_feature,gamma,source_mask_embedding,not_used_after_final_boundary; skip_embedded_in_candidate_state,source_side_mask_embedding,3.432878941111994e-07,3.805305242538452,0.9966736118726468,0.9933692800932673,1.4091399862081744e-05
HCC_10142924_20170911.nii.gz,0,context,final_decoder_feature,gamma,action_mask_embedding,not_used_after_final_boundary; skip_embedded_in_candidate_state,action_specific_mask_embedding,0.0,0.0,1.0,1.0,0.0
HCC_10142924_20170911.nii.gz,0,context,final_decoder_stage_input,blur,source_mask_embedding,not_used_after_final_boundary; skip_embedded_in_candidate_state,source_side_mask_embedding,2.1774305423605256e-05,155.8268280029297,0.9818456883509834,0.9643387815750372,0.00018239615019410849
HCC_10142924_20170911.nii.gz,0,context,final_decoder_stage_input,blur,action_mask_embedding,not_used_after_final_boundary; skip_embedded_in_candidate_state,action_specific_mask_embedding,0.0,0.0,1.0,1.0,0.0
HCC_10142924_20170911.nii.gz,0,context,final_decoder_feature,blur,source_mask_embedding,not_used_after_final_boundary; skip_embedded_in_candidate_state,source_side_mask_embedding,2.1774305423605256e-05,155.8268280029297,0.9818456883509834,0.9643387815750372,0.00018239615019410849
HCC_10142924_20170911.nii.gz,0,context,final_decoder_feature,blur,action_mask_embedding,not_used_after_final_boundary; skip_embedded_in_candidate_state,action_specific_mask_embedding,0.0,0.0,1.0,1.0,0.0
HCC_10142924_20170911.nii.gz,1,context,final_decoder_stage_input,gamma,source_mask_embedding,not_used_after_final_boundary; skip_embedded_in_candidate_state,source_side_mask_embedding,9.299684506913763e-07,0.045814018696546555,0.9987712851011306,0.9975455859773387,3.866173210553825e-05
HCC_10142924_20170911.nii.gz,1,context,final_decoder_stage_input,gamma,action_mask_embedding,not_used_after_final_boundary; skip_embedded_in_candidate_state,action_specific_mask_embedding,0.0,0.0,1.0,1.0,0.0
HCC_10142924_20170911.nii.gz,1,context,final_decoder_feature,gamma,source_mask_embedding,not_used_after_final_boundary; skip_embedded_in_candidate_state,source_side_mask_embedding,9.299684506913763e-07,0.045814018696546555,0.9987712851011306,0.9975455859773387,3.866173210553825e-05
HCC_10142924_20170911.nii.gz,1,context,final_decoder_feature,gamma,action_mask_embedding,not_used_after_final_boundary; skip_embedded_in_candidate_state,action_specific_mask_embedding,0.0,0.0,1.0,1.0,0.0
HCC_10142924_20170911.nii.gz,1,context,final_decoder_stage_input,blur,source_mask_embedding,not_used_after_final_boundary; skip_embedded_in_candidate_state,source_side_mask_embedding,2.227153800049564e-06,0.755434513092041,0.9976120241606967,0.9952354260089686,8.892521873349324e-05
HCC_10142924_20170911.nii.gz,1,context,final_decoder_stage_input,blur,action_mask_embedding,not_used_after_final_boundary; skip_embedded_in_candidate_state,action_specific_mask_embedding,0.0,0.0,1.0,1.0,0.0
HCC_10142924_20170911.nii.gz,1,context,final_decoder_feature,blur,source_mask_embedding,not_used_after_final_boundary; skip_embedded_in_candidate_state,source_side_mask_embedding,2.227153800049564e-06,0.755434513092041,0.9976120241606967,0.9952354260089686,8.892521873349324e-05
HCC_10142924_20170911.nii.gz,1,context,final_decoder_feature,blur,action_mask_embedding,not_used_after_final_boundary; skip_embedded_in_candidate_state,action_specific_mask_embedding,0.0,0.0,1.0,1.0,0.0
HCC_10142924_20170911.nii.gz,2,foreground,final_decoder_stage_input,gamma,source_mask_embedding,not_used_after_final_boundary; skip_embedded_in_candidate_state,source_side_mask_embedding,1.3680574966201675e-06,0.002844510367140174,0.9987175141242938,0.9974383135752453,6.87023566570133e-05
HCC_10142924_20170911.nii.gz,2,foreground,final_decoder_stage_input,gamma,action_mask_embedding,not_used_after_final_boundary; skip_embedded_in_candidate_state,action_specific_mask_embedding,0.0,0.0,1.0,1.0,0.0
HCC_10142924_20170911.nii.gz,2,foreground,final_decoder_feature,gamma,source_mask_embedding,not_used_after_final_boundary; skip_embedded_in_candidate_state,source_side_mask_embedding,1.3680574966201675e-06,0.002844510367140174,0.9987175141242938,0.9974383135752453,6.87023566570133e-05
HCC_10142924_20170911.nii.gz,2,foreground,final_decoder_feature,gamma,action_mask_embedding,not_used_after_final_boundary; skip_embedded_in_candidate_state,action_specific_mask_embedding,0.0,0.0,1.0,1.0,0.0
HCC_10142924_20170911.nii.gz,2,foreground,final_decoder_stage_input,blur,source_mask_embedding,not_used_after_final_boundary; skip_embedded_in_candidate_state,source_side_mask_embedding,1.7180000213556923e-05,1.6686971187591553,0.9954622282540819,0.9909654532192825,0.00037293872446753085
HCC_10142924_20170911.nii.gz,2,foreground,final_decoder_stage_input,blur,action_mask_embedding,not_used_after_final_boundary; skip_embedded_in_candidate_state,action_specific_mask_embedding,0.0,0.0,1.0,1.0,0.0
HCC_10142924_20170911.nii.gz,2,foreground,final_decoder_feature,blur,source_mask_embedding,not_used_after_final_boundary; skip_embedded_in_candidate_state,source_side_mask_embedding,1.7180000213556923e-05,1.6686971187591553,0.9954622282540819,0.9909654532192825,0.00037293872446753085
HCC_10142924_20170911.nii.gz,2,foreground,final_decoder_feature,blur,action_mask_embedding,not_used_after_final_boundary; skip_embedded_in_candidate_state,action_specific_mask_embedding,0.0,0.0,1.0,1.0,0.0
HCC_10142924_20170911.nii.gz,3,foreground,final_decoder_stage_input,gamma,source_mask_embedding,not_used_after_final_boundary; skip_embedded_in_candidate_state,source_side_mask_embedding,2.6042656031677325e-08,0.00036403609556145966,0.9998219260359227,0.9996439154812271,1.0309710887668189e-05
HCC_10142924_20170911.nii.gz,3,foreground,final_decoder_stage_input,gamma,action_mask_embedding,not_used_after_final_boundary; skip_embedded_in_candidate_state,action_specific_mask_embedding,0.0,0.0,1.0,1.0,0.0
HCC_10142924_20170911.nii.gz,3,foreground,final_decoder_feature,gamma,source_mask_embedding,not_used_after_final_boundary; skip_embedded_in_candidate_state,source_side_mask_embedding,2.6042656031677325e-08,0.00036403609556145966,0.9998219260359227,0.9996439154812271,1.0309710887668189e-05
HCC_10142924_20170911.nii.gz,3,foreground,final_decoder_feature,gamma,action_mask_embedding,not_used_after_final_boundary; skip_embedded_in_candidate_state,action_specific_mask_embedding,0.0,0.0,1.0,1.0,0.0
HCC_10142924_20170911.nii.gz,3,foreground,final_decoder_stage_input,blur,source_mask_embedding,not_used_after_final_boundary; skip_embedded_in_candidate_state,source_side_mask_embedding,1.5157555026235059e-05,1.3363240957260132,0.9956584834197422,0.991354501414936,0.0003044345648959279
HCC_10142924_20170911.nii.gz,3,foreground,final_decoder_stage_input,blur,action_mask_embedding,not_used_after_final_boundary; skip_embedded_in_candidate_state,action_specific_mask_embedding,0.0,0.0,1.0,1.0,0.0
HCC_10142924_20170911.nii.gz,3,foreground,final_decoder_feature,blur,source_mask_embedding,not_used_after_final_boundary; skip_embedded_in_candidate_state,source_side_mask_embedding,1.5157555026235059e-05,1.3363240957260132,0.9956584834197422,0.991354501414936,0.0003044345648959279
HCC_10142924_20170911.nii.gz,3,foreground,final_decoder_feature,blur,action_mask_embedding,not_used_after_final_boundary; skip_embedded_in_candidate_state,action_specific_mask_embedding,0.0,0.0,1.0,1.0,0.0
MET_PA25.nii.gz,0,context,final_decoder_stage_input,gamma,source_mask_embedding,not_used_after_final_boundary; skip_embedded_in_candidate_state,source_side_mask_embedding,7.745332277568052e-34,0.1332913190126419,1.0,0.0,7.093384979347685e-19
MET_PA25.nii.gz,0,context,final_decoder_stage_input,gamma,action_mask_embedding,not_used_after_final_boundary; skip_embedded_in_candidate_state,action_specific_mask_embedding,0.0,0.0,1.0,0.0,0.0
MET_PA25.nii.gz,0,context,final_decoder_feature,gamma,source_mask_embedding,not_used_after_final_boundary; skip_embedded_in_candidate_state,source_side_mask_embedding,7.745332277568052e-34,0.1332913190126419,1.0,0.0,7.093384979347685e-19
MET_PA25.nii.gz,0,context,final_decoder_feature,gamma,action_mask_embedding,not_used_after_final_boundary; skip_embedded_in_candidate_state,action_specific_mask_embedding,0.0,0.0,1.0,0.0,0.0
MET_PA25.nii.gz,0,context,final_decoder_stage_input,blur,source_mask_embedding,not_used_after_final_boundary; skip_embedded_in_candidate_state,source_side_mask_embedding,4.9231425511661355e-32,6.4652180671691895,1.0,0.0,7.825168299421044e-18
MET_PA25.nii.gz,0,context,final_decoder_stage_input,blur,action_mask_embedding,not_used_after_final_boundary; skip_embedded_in_candidate_state,action_specific_mask_embedding,0.0,0.0,1.0,0.0,0.0
MET_PA25.nii.gz,0,context,final_decoder_feature,blur,source_mask_embedding,not_used_after_final_boundary; skip_embedded_in_candidate_state,source_side_mask_embedding,4.9231425511661355e-32,6.4652180671691895,1.0,0.0,7.825168299421044e-18
MET_PA25.nii.gz,0,context,final_decoder_feature,blur,action_mask_embedding,not_used_after_final_boundary; skip_embedded_in_candidate_state,action_specific_mask_embedding,0.0,0.0,1.0,0.0,0.0
MET_PA25.nii.gz,1,context,final_decoder_stage_input,gamma,source_mask_embedding,not_used_after_final_boundary; skip_embedded_in_candidate_state,source_side_mask_embedding,1.0396939842394204e-07,0.08702412247657776,0.9991182403459397,0.998238034322126,1.1965277735725977e-05
MET_PA25.nii.gz,1,context,final_decoder_stage_input,gamma,action_mask_embedding,not_used_after_final_boundary; skip_embedded_in_candidate_state,action_specific_mask_embedding,0.0,0.0,1.0,1.0,0.0
MET_PA25.nii.gz,1,context,final_decoder_feature,gamma,source_mask_embedding,not_used_after_final_boundary; skip_embedded_in_candidate_state,source_side_mask_embedding,1.0396939842394204e-07,0.08702412247657776,0.9991182403459397,0.998238034322126,1.1965277735725977e-05
MET_PA25.nii.gz,1,context,final_decoder_feature,gamma,action_mask_embedding,not_used_after_final_boundary; skip_embedded_in_candidate_state,action_specific_mask_embedding,0.0,0.0,1.0,1.0,0.0
MET_PA25.nii.gz,1,context,final_decoder_stage_input,blur,source_mask_embedding,not_used_after_final_boundary; skip_embedded_in_candidate_state,source_side_mask_embedding,9.361640877614263e-06,0.2673366963863373,0.9849496089193169,0.9703455292211463,0.00014476373326033354
MET_PA25.nii.gz,1,context,final_decoder_stage_input,blur,action_mask_embedding,not_used_after_final_boundary; skip_embedded_in_candidate_state,action_specific_mask_embedding,0.0,0.0,1.0,1.0,0.0
MET_PA25.nii.gz,1,context,final_decoder_feature,blur,source_mask_embedding,not_used_after_final_boundary; skip_embedded_in_candidate_state,source_side_mask_embedding,9.361640877614263e-06,0.2673366963863373,0.9849496089193169,0.9703455292211463,0.00014476373326033354
MET_PA25.nii.gz,1,context,final_decoder_feature,blur,action_mask_embedding,not_used_after_final_boundary; skip_embedded_in_candidate_state,action_specific_mask_embedding,0.0,0.0,1.0,1.0,0.0
MET_PA25.nii.gz,2,foreground,final_decoder_stage_input,gamma,source_mask_embedding,not_used_after_final_boundary; skip_embedded_in_candidate_state,source_side_mask_embedding,8.784811598161468e-07,0.004814522806555033,0.9988929689334568,0.9977883861921062,6.72487512929365e-05
MET_PA25.nii.gz,2,foreground,final_decoder_stage_input,gamma,action_mask_embedding,not_used_after_final_boundary; skip_embedded_in_candidate_state,action_specific_mask_embedding,0.0,0.0,1.0,1.0,0.0
MET_PA25.nii.gz,2,foreground,final_decoder_feature,gamma,source_mask_embedding,not_used_after_final_boundary; skip_embedded_in_candidate_state,source_side_mask_embedding,8.784811598161468e-07,0.004814522806555033,0.9988929689334568,0.9977883861921062,6.72487512929365e-05
MET_PA25.nii.gz,2,foreground,final_decoder_feature,gamma,action_mask_embedding,not_used_after_final_boundary; skip_embedded_in_candidate_state,action_specific_mask_embedding,0.0,0.0,1.0,1.0,0.0
MET_PA25.nii.gz,2,foreground,final_decoder_stage_input,blur,source_mask_embedding,not_used_after_final_boundary; skip_embedded_in_candidate_state,source_side_mask_embedding,2.2626295503869187e-07,0.057491544634103775,0.9994514293313533,0.9989034601922822,4.399083263706416e-05
MET_PA25.nii.gz,2,foreground,final_decoder_stage_input,blur,action_mask_embedding,not_used_after_final_boundary; skip_embedded_in_candidate_state,action_specific_mask_embedding,0.0,0.0,1.0,1.0,0.0
MET_PA25.nii.gz,2,foreground,final_decoder_feature,blur,source_mask_embedding,not_used_after_final_boundary; skip_embedded_in_candidate_state,source_side_mask_embedding,2.2626295503869187e-07,0.057491544634103775,0.9994514293313533,0.9989034601922822,4.399083263706416e-05
MET_PA25.nii.gz,2,foreground,final_decoder_feature,blur,action_mask_embedding,not_used_after_final_boundary; skip_embedded_in_candidate_state,action_specific_mask_embedding,0.0,0.0,1.0,1.0,0.0
MET_PA25.nii.gz,3,foreground,final_decoder_stage_input,gamma,source_mask_embedding,not_used_after_final_boundary; skip_embedded_in_candidate_state,source_side_mask_embedding,5.191039349483617e-07,0.01985158771276474,0.9991324079017618,0.9982663199306528,5.2758976380573586e-05
MET_PA25.nii.gz,3,foreground,final_decoder_stage_input,gamma,action_mask_embedding,not_used_after_final_boundary; skip_embedded_in_candidate_state,action_specific_mask_embedding,0.0,0.0,1.0,1.0,0.0
MET_PA25.nii.gz,3,foreground,final_decoder_feature,gamma,source_mask_embedding,not_used_after_final_boundary; skip_embedded_in_candidate_state,source_side_mask_embedding,5.191039349483617e-07,0.01985158771276474,0.9991324079017618,0.9982663199306528,5.2758976380573586e-05
MET_PA25.nii.gz,3,foreground,final_decoder_feature,gamma,action_mask_embedding,not_used_after_final_boundary; skip_embedded_in_candidate_state,action_specific_mask_embedding,0.0,0.0,1.0,1.0,0.0
MET_PA25.nii.gz,3,foreground,final_decoder_stage_input,blur,source_mask_embedding,not_used_after_final_boundary; skip_embedded_in_candidate_state,source_side_mask_embedding,6.787143320252653e-06,0.4235404133796692,0.9972286654068022,0.9944726489527703,0.00021526515774894506
MET_PA25.nii.gz,3,foreground,final_decoder_stage_input,blur,action_mask_embedding,not_used_after_final_boundary; skip_embedded_in_candidate_state,action_specific_mask_embedding,0.0,0.0,1.0,1.0,0.0
MET_PA25.nii.gz,3,foreground,final_decoder_feature,blur,source_mask_embedding,not_used_after_final_boundary; skip_embedded_in_candidate_state,source_side_mask_embedding,6.787143320252653e-06,0.4235404133796692,0.9972286654068022,0.9944726489527703,0.00021526515774894506
MET_PA25.nii.gz,3,foreground,final_decoder_feature,blur,action_mask_embedding,not_used_after_final_boundary; skip_embedded_in_candidate_state,action_specific_mask_embedding,0.0,0.0,1.0,1.0,0.0
HCC_10147777_20171222.nii.gz,0,context,final_decoder_stage_input,gamma,source_mask_embedding,not_used_after_final_boundary; skip_embedded_in_candidate_state,source_side_mask_embedding,1.507595925431815e-06,0.7997710704803467,0.9958803667238535,0.9917945369463489,5.600624717772007e-05
HCC_10147777_20171222.nii.gz,0,context,final_decoder_stage_input,gamma,action_mask_embedding,not_used_after_final_boundary; skip_embedded_in_candidate_state,action_specific_mask_embedding,0.0,0.0,1.0,1.0,0.0
HCC_10147777_20171222.nii.gz,0,context,final_decoder_feature,gamma,source_mask_embedding,not_used_after_final_boundary; skip_embedded_in_candidate_state,source_side_mask_embedding,1.507595925431815e-06,0.7997710704803467,0.9958803667238535,0.9917945369463489,5.600624717772007e-05
HCC_10147777_20171222.nii.gz,0,context,final_decoder_feature,gamma,action_mask_embedding,not_used_after_final_boundary; skip_embedded_in_candidate_state,action_specific_mask_embedding,0.0,0.0,1.0,1.0,0.0
HCC_10147777_20171222.nii.gz,0,context,final_decoder_stage_input,blur,source_mask_embedding,not_used_after_final_boundary; skip_embedded_in_candidate_state,source_side_mask_embedding,6.240705715754302e-06,1.8725600242614746,0.992458357014821,0.9850296153262025,0.00010911963181570172
HCC_10147777_20171222.nii.gz,0,context,final_decoder_stage_input,blur,action_mask_embedding,not_used_after_final_boundary; skip_embedded_in_candidate_state,action_specific_mask_embedding,0.0,0.0,1.0,1.0,0.0
HCC_10147777_20171222.nii.gz,0,context,final_decoder_feature,blur,source_mask_embedding,not_used_after_final_boundary; skip_embedded_in_candidate_state,source_side_mask_embedding,6.240705715754302e-06,1.8725600242614746,0.992458357014821,0.9850296153262025,0.00010911963181570172
HCC_10147777_20171222.nii.gz,0,context,final_decoder_feature,blur,action_mask_embedding,not_used_after_final_boundary; skip_embedded_in_candidate_state,action_specific_mask_embedding,0.0,0.0,1.0,1.0,0.0
HCC_10147777_20171222.nii.gz,1,context,final_decoder_stage_input,gamma,source_mask_embedding,not_used_after_final_boundary; skip_embedded_in_candidate_state,source_side_mask_embedding,2.4325947833858663e-07,0.03310025483369827,0.9994391296565166,0.9988788881114433,3.8530994061147794e-05
HCC_10147777_20171222.nii.gz,1,context,final_decoder_stage_input,gamma,action_mask_embedding,not_used_after_final_boundary; skip_embedded_in_candidate_state,action_specific_mask_embedding,0.0,0.0,1.0,1.0,0.0
HCC_10147777_20171222.nii.gz,1,context,final_decoder_feature,gamma,source_mask_embedding,not_used_after_final_boundary; skip_embedded_in_candidate_state,source_side_mask_embedding,2.4325947833858663e-07,0.03310025483369827,0.9994391296565166,0.9988788881114433,3.8530994061147794e-05
HCC_10147777_20171222.nii.gz,1,context,final_decoder_feature,gamma,action_mask_embedding,not_used_after_final_boundary; skip_embedded_in_candidate_state,action_specific_mask_embedding,0.0,0.0,1.0,1.0,0.0
HCC_10147777_20171222.nii.gz,1,context,final_decoder_stage_input,blur,source_mask_embedding,not_used_after_final_boundary; skip_embedded_in_candidate_state,source_side_mask_embedding,8.434429219050799e-06,0.06568042188882828,0.9957482395054202,0.9915324808741468,0.00020874767506029457
HCC_10147777_20171222.nii.gz,1,context,final_decoder_stage_input,blur,action_mask_embedding,not_used_after_final_boundary; skip_embedded_in_candidate_state,action_specific_mask_embedding,0.0,0.0,1.0,1.0,0.0
HCC_10147777_20171222.nii.gz,1,context,final_decoder_feature,blur,source_mask_embedding,not_used_after_final_boundary; skip_embedded_in_candidate_state,source_side_mask_embedding,8.434429219050799e-06,0.06568042188882828,0.9957482395054202,0.9915324808741468,0.00020874767506029457
HCC_10147777_20171222.nii.gz,1,context,final_decoder_feature,blur,action_mask_embedding,not_used_after_final_boundary; skip_embedded_in_candidate_state,action_specific_mask_embedding,0.0,0.0,1.0,1.0,0.0
HCC_10147777_20171222.nii.gz,2,foreground,final_decoder_stage_input,gamma,source_mask_embedding,not_used_after_final_boundary; skip_embedded_in_candidate_state,source_side_mask_embedding,3.486221089588071e-07,0.007089253980666399,0.9994107039208128,0.9988221019723149,4.7184363211272284e-05
HCC_10147777_20171222.nii.gz,2,foreground,final_decoder_stage_input,gamma,action_mask_embedding,not_used_after_final_boundary; skip_embedded_in_candidate_state,action_specific_mask_embedding,0.0,0.0,1.0,1.0,0.0
HCC_10147777_20171222.nii.gz,2,foreground,final_decoder_feature,gamma,source_mask_embedding,not_used_after_final_boundary; skip_embedded_in_candidate_state,source_side_mask_embedding,3.486221089588071e-07,0.007089253980666399,0.9994107039208128,0.9988221019723149,4.7184363211272284e-05
HCC_10147777_20171222.nii.gz,2,foreground,final_decoder_feature,gamma,action_mask_embedding,not_used_after_final_boundary; skip_embedded_in_candidate_state,action_specific_mask_embedding,0.0,0.0,1.0,1.0,0.0
HCC_10147777_20171222.nii.gz,2,foreground,final_decoder_stage_input,blur,source_mask_embedding,not_used_after_final_boundary; skip_embedded_in_candidate_state,source_side_mask_embedding,0.00013543548993766308,0.4737788438796997,0.9781009651932746,0.9571405118102156,0.0014014177722856402
HCC_10147777_20171222.nii.gz,2,foreground,final_decoder_stage_input,blur,action_mask_embedding,not_used_after_final_boundary; skip_embedded_in_candidate_state,action_specific_mask_embedding,0.0,0.0,1.0,1.0,0.0
HCC_10147777_20171222.nii.gz,2,foreground,final_decoder_feature,blur,source_mask_embedding,not_used_after_final_boundary; skip_embedded_in_candidate_state,source_side_mask_embedding,0.00013543548993766308,0.4737788438796997,0.9781009651932746,0.9571405118102156,0.0014014177722856402
HCC_10147777_20171222.nii.gz,2,foreground,final_decoder_feature,blur,action_mask_embedding,not_used_after_final_boundary; skip_embedded_in_candidate_state,action_specific_mask_embedding,0.0,0.0,1.0,1.0,0.0
HCC_10147777_20171222.nii.gz,3,foreground,final_decoder_stage_input,gamma,source_mask_embedding,not_used_after_final_boundary; skip_embedded_in_candidate_state,source_side_mask_embedding,1.6886225466805627e-06,0.05037906393408775,0.9982082684339655,0.9964229459885169,0.00011616485426202416
HCC_10147777_20171222.nii.gz,3,foreground,final_decoder_stage_input,gamma,action_mask_embedding,not_used_after_final_boundary; skip_embedded_in_candidate_state,action_specific_mask_embedding,0.0,0.0,1.0,1.0,0.0
HCC_10147777_20171222.nii.gz,3,foreground,final_decoder_feature,gamma,source_mask_embedding,not_used_after_final_boundary; skip_embedded_in_candidate_state,source_side_mask_embedding,1.6886225466805627e-06,0.05037906393408775,0.9982082684339655,0.9964229459885169,0.00011616485426202416
HCC_10147777_20171222.nii.gz,3,foreground,final_decoder_feature,gamma,action_mask_embedding,not_used_after_final_boundary; skip_embedded_in_candidate_state,action_specific_mask_embedding,0.0,0.0,1.0,1.0,0.0
HCC_10147777_20171222.nii.gz,3,foreground,final_decoder_stage_input,blur,source_mask_embedding,not_used_after_final_boundary; skip_embedded_in_candidate_state,source_side_mask_embedding,5.175302067073062e-05,0.12119472026824951,0.986181694569559,0.9727400751072961,0.0007966469856910408
HCC_10147777_20171222.nii.gz,3,foreground,final_decoder_stage_input,blur,action_mask_embedding,not_used_after_final_boundary; skip_embedded_in_candidate_state,action_specific_mask_embedding,0.0,0.0,1.0,1.0,0.0
HCC_10147777_20171222.nii.gz,3,foreground,final_decoder_feature,blur,source_mask_embedding,not_used_after_final_boundary; skip_embedded_in_candidate_state,source_side_mask_embedding,5.175302067073062e-05,0.12119472026824951,0.986181694569559,0.9727400751072961,0.0007966469856910408
HCC_10147777_20171222.nii.gz,3,foreground,final_decoder_feature,blur,action_mask_embedding,not_used_after_final_boundary; skip_embedded_in_candidate_state,action_specific_mask_embedding,0.0,0.0,1.0,1.0,0.0
HCC_PA0.nii.gz,0,context,final_decoder_stage_input,gamma,source_mask_embedding,not_used_after_final_boundary; skip_embedded_in_candidate_state,source_side_mask_embedding,1.878166486506457e-33,0.0030840083491057158,1.0,0.0,2.3670290216087733e-18
HCC_PA0.nii.gz,0,context,final_decoder_stage_input,gamma,action_mask_embedding,not_used_after_final_boundary; skip_embedded_in_candidate_state,action_specific_mask_embedding,0.0,0.0,1.0,0.0,0.0
HCC_PA0.nii.gz,0,context,final_decoder_feature,gamma,source_mask_embedding,not_used_after_final_boundary; skip_embedded_in_candidate_state,source_side_mask_embedding,1.878166486506457e-33,0.0030840083491057158,1.0,0.0,2.3670290216087733e-18
HCC_PA0.nii.gz,0,context,final_decoder_feature,gamma,action_mask_embedding,not_used_after_final_boundary; skip_embedded_in_candidate_state,action_specific_mask_embedding,0.0,0.0,1.0,0.0,0.0
HCC_PA0.nii.gz,0,context,final_decoder_stage_input,blur,source_mask_embedding,not_used_after_final_boundary; skip_embedded_in_candidate_state,source_side_mask_embedding,5.912324221217838e-31,2.6267006397247314,1.0,0.0,5.70020681847683e-17
HCC_PA0.nii.gz,0,context,final_decoder_stage_input,blur,action_mask_embedding,not_used_after_final_boundary; skip_embedded_in_candidate_state,action_specific_mask_embedding,0.0,0.0,1.0,0.0,0.0
HCC_PA0.nii.gz,0,context,final_decoder_feature,blur,source_mask_embedding,not_used_after_final_boundary; skip_embedded_in_candidate_state,source_side_mask_embedding,5.912324221217838e-31,2.6267006397247314,1.0,0.0,5.70020681847683e-17
HCC_PA0.nii.gz,0,context,final_decoder_feature,blur,action_mask_embedding,not_used_after_final_boundary; skip_embedded_in_candidate_state,action_specific_mask_embedding,0.0,0.0,1.0,0.0,0.0
HCC_PA0.nii.gz,1,context,final_decoder_stage_input,gamma,source_mask_embedding,not_used_after_final_boundary; skip_embedded_in_candidate_state,source_side_mask_embedding,1.540067700034342e-07,0.011857391335070133,0.9998687186775335,0.9997374718201134,4.90238016936928e-05
HCC_PA0.nii.gz,1,context,final_decoder_stage_input,gamma,action_mask_embedding,not_used_after_final_boundary; skip_embedded_in_candidate_state,action_specific_mask_embedding,0.0,0.0,1.0,1.0,0.0
HCC_PA0.nii.gz,1,context,final_decoder_feature,gamma,source_mask_embedding,not_used_after_final_boundary; skip_embedded_in_candidate_state,source_side_mask_embedding,1.540067700034342e-07,0.011857391335070133,0.9998687186775335,0.9997374718201134,4.90238016936928e-05
HCC_PA0.nii.gz,1,context,final_decoder_feature,gamma,action_mask_embedding,not_used_after_final_boundary; skip_embedded_in_candidate_state,action_specific_mask_embedding,0.0,0.0,1.0,1.0,0.0
HCC_PA0.nii.gz,1,context,final_decoder_stage_input,blur,source_mask_embedding,not_used_after_final_boundary; skip_embedded_in_candidate_state,source_side_mask_embedding,3.5457558169582626e-06,0.4075976610183716,0.9993664513418471,0.9987337049432283,0.0003466724883764982
HCC_PA0.nii.gz,1,context,final_decoder_stage_input,blur,action_mask_embedding,not_used_after_final_boundary; skip_embedded_in_candidate_state,action_specific_mask_embedding,0.0,0.0,1.0,1.0,0.0
HCC_PA0.nii.gz,1,context,final_decoder_feature,blur,source_mask_embedding,not_used_after_final_boundary; skip_embedded_in_candidate_state,source_side_mask_embedding,3.5457558169582626e-06,0.4075976610183716,0.9993664513418471,0.9987337049432283,0.0003466724883764982
HCC_PA0.nii.gz,1,context,final_decoder_feature,blur,action_mask_embedding,not_used_after_final_boundary; skip_embedded_in_candidate_state,action_specific_mask_embedding,0.0,0.0,1.0,1.0,0.0
HCC_PA0.nii.gz,2,foreground,final_decoder_stage_input,gamma,source_mask_embedding,not_used_after_final_boundary; skip_embedded_in_candidate_state,source_side_mask_embedding,9.319627025661248e-08,0.00017625057080294937,0.9999058573106218,0.999811732345267,5.665571734425612e-05
HCC_PA0.nii.gz,2,foreground,final_decoder_stage_input,gamma,action_mask_embedding,not_used_after_final_boundary; skip_embedded_in_candidate_state,action_specific_mask_embedding,0.0,0.0,1.0,1.0,0.0
HCC_PA0.nii.gz,2,foreground,final_decoder_feature,gamma,source_mask_embedding,not_used_after_final_boundary; skip_embedded_in_candidate_state,source_side_mask_embedding,9.319627025661248e-08,0.00017625057080294937,0.9999058573106218,0.999811732345267,5.665571734425612e-05
HCC_PA0.nii.gz,2,foreground,final_decoder_feature,gamma,action_mask_embedding,not_used_after_final_boundary; skip_embedded_in_candidate_state,action_specific_mask_embedding,0.0,0.0,1.0,1.0,0.0
HCC_PA0.nii.gz,2,foreground,final_decoder_stage_input,blur,source_mask_embedding,not_used_after_final_boundary; skip_embedded_in_candidate_state,source_side_mask_embedding,0.00016289277118630707,1.5260860919952393,0.9926491289844747,0.9854055399622282,0.00349817075766623
HCC_PA0.nii.gz,2,foreground,final_decoder_stage_input,blur,action_mask_embedding,not_used_after_final_boundary; skip_embedded_in_candidate_state,action_specific_mask_embedding,0.0,0.0,1.0,1.0,0.0
HCC_PA0.nii.gz,2,foreground,final_decoder_feature,blur,source_mask_embedding,not_used_after_final_boundary; skip_embedded_in_candidate_state,source_side_mask_embedding,0.00016289277118630707,1.5260860919952393,0.9926491289844747,0.9854055399622282,0.00349817075766623
HCC_PA0.nii.gz,2,foreground,final_decoder_feature,blur,action_mask_embedding,not_used_after_final_boundary; skip_embedded_in_candidate_state,action_specific_mask_embedding,0.0,0.0,1.0,1.0,0.0
HCC_PA0.nii.gz,3,context_fill,final_decoder_stage_input,gamma,source_mask_embedding,not_used_after_final_boundary; skip_embedded_in_candidate_state,source_side_mask_embedding,8.882271913535078e-07,0.0632307380437851,0.9980097746990674,0.9960274556563965,0.00011574979725992307
HCC_PA0.nii.gz,3,context_fill,final_decoder_stage_input,gamma,action_mask_embedding,not_used_after_final_boundary; skip_embedded_in_candidate_state,action_specific_mask_embedding,0.0,0.0,1.0,1.0,0.0
HCC_PA0.nii.gz,3,context_fill,final_decoder_feature,gamma,source_mask_embedding,not_used_after_final_boundary; skip_embedded_in_candidate_state,source_side_mask_embedding,8.882271913535078e-07,0.0632307380437851,0.9980097746990674,0.9960274556563965,0.00011574979725992307
HCC_PA0.nii.gz,3,context_fill,final_decoder_feature,gamma,action_mask_embedding,not_used_after_final_boundary; skip_embedded_in_candidate_state,action_specific_mask_embedding,0.0,0.0,1.0,1.0,0.0
HCC_PA0.nii.gz,3,context_fill,final_decoder_stage_input,blur,source_mask_embedding,not_used_after_final_boundary; skip_embedded_in_candidate_state,source_side_mask_embedding,5.354212134989211e-06,0.7275363802909851,0.9963499050444711,0.9927263595671941,0.0003890417283400893
HCC_PA0.nii.gz,3,context_fill,final_decoder_stage_input,blur,action_mask_embedding,not_used_after_final_boundary; skip_embedded_in_candidate_state,action_specific_mask_embedding,0.0,0.0,1.0,1.0,0.0
HCC_PA0.nii.gz,3,context_fill,final_decoder_feature,blur,source_mask_embedding,not_used_after_final_boundary; skip_embedded_in_candidate_state,source_side_mask_embedding,5.354212134989211e-06,0.7275363802909851,0.9963499050444711,0.9927263595671941,0.0003890417283400893
HCC_PA0.nii.gz,3,context_fill,final_decoder_feature,blur,action_mask_embedding,not_used_after_final_boundary; skip_embedded_in_candidate_state,action_specific_mask_embedding,0.0,0.0,1.0,1.0,0.0
CYST_PA37.nii.gz,0,context,final_decoder_stage_input,gamma,source_mask_embedding,not_used_after_final_boundary; skip_embedded_in_candidate_state,source_side_mask_embedding,3.6569140689241804e-33,0.12810324132442474,1.0,0.0,5.174036445010268e-19
CYST_PA37.nii.gz,0,context,final_decoder_stage_input,gamma,action_mask_embedding,not_used_after_final_boundary; skip_embedded_in_candidate_state,action_specific_mask_embedding,0.0,0.0,1.0,0.0,0.0
CYST_PA37.nii.gz,0,context,final_decoder_feature,gamma,source_mask_embedding,not_used_after_final_boundary; skip_embedded_in_candidate_state,source_side_mask_embedding,3.6569140689241804e-33,0.12810324132442474,1.0,0.0,5.174036445010268e-19
CYST_PA37.nii.gz,0,context,final_decoder_feature,gamma,action_mask_embedding,not_used_after_final_boundary; skip_embedded_in_candidate_state,action_specific_mask_embedding,0.0,0.0,1.0,0.0,0.0
CYST_PA37.nii.gz,0,context,final_decoder_stage_input,blur,source_mask_embedding,not_used_after_final_boundary; skip_embedded_in_candidate_state,source_side_mask_embedding,6.472484660105014e-32,6.214998722076416,1.0,0.0,4.331806315187603e-18
CYST_PA37.nii.gz,0,context,final_decoder_stage_input,blur,action_mask_embedding,not_used_after_final_boundary; skip_embedded_in_candidate_state,action_specific_mask_embedding,0.0,0.0,1.0,0.0,0.0
CYST_PA37.nii.gz,0,context,final_decoder_feature,blur,source_mask_embedding,not_used_after_final_boundary; skip_embedded_in_candidate_state,source_side_mask_embedding,6.472484660105014e-32,6.214998722076416,1.0,0.0,4.331806315187603e-18
CYST_PA37.nii.gz,0,context,final_decoder_feature,blur,action_mask_embedding,not_used_after_final_boundary; skip_embedded_in_candidate_state,action_specific_mask_embedding,0.0,0.0,1.0,0.0,0.0
CYST_PA37.nii.gz,1,context,final_decoder_stage_input,gamma,source_mask_embedding,not_used_after_final_boundary; skip_embedded_in_candidate_state,source_side_mask_embedding,1.7873988511496464e-08,0.0017040107632055879,0.9996265918133475,0.99925346238995,4.846855063078692e-06
CYST_PA37.nii.gz,1,context,final_decoder_stage_input,gamma,action_mask_embedding,not_used_after_final_boundary; skip_embedded_in_candidate_state,action_specific_mask_embedding,0.0,0.0,1.0,1.0,0.0
CYST_PA37.nii.gz,1,context,final_decoder_feature,gamma,source_mask_embedding,not_used_after_final_boundary; skip_embedded_in_candidate_state,source_side_mask_embedding,1.7873988511496464e-08,0.0017040107632055879,0.9996265918133475,0.99925346238995,4.846855063078692e-06
CYST_PA37.nii.gz,1,context,final_decoder_feature,gamma,action_mask_embedding,not_used_after_final_boundary; skip_embedded_in_candidate_state,action_specific_mask_embedding,0.0,0.0,1.0,1.0,0.0
CYST_PA37.nii.gz,1,context,final_decoder_stage_input,blur,source_mask_embedding,not_used_after_final_boundary; skip_embedded_in_candidate_state,source_side_mask_embedding,1.1307506611046847e-05,0.617912232875824,0.9892192904897079,0.9786685491544151,0.00012118357699364424
CYST_PA37.nii.gz,1,context,final_decoder_stage_input,blur,action_mask_embedding,not_used_after_final_boundary; skip_embedded_in_candidate_state,action_specific_mask_embedding,0.0,0.0,1.0,1.0,0.0
CYST_PA37.nii.gz,1,context,final_decoder_feature,blur,source_mask_embedding,not_used_after_final_boundary; skip_embedded_in_candidate_state,source_side_mask_embedding,1.1307506611046847e-05,0.617912232875824,0.9892192904897079,0.9786685491544151,0.00012118357699364424
CYST_PA37.nii.gz,1,context,final_decoder_feature,blur,action_mask_embedding,not_used_after_final_boundary; skip_embedded_in_candidate_state,action_specific_mask_embedding,0.0,0.0,1.0,1.0,0.0
CYST_PA37.nii.gz,2,foreground,final_decoder_stage_input,gamma,source_mask_embedding,not_used_after_final_boundary; skip_embedded_in_candidate_state,source_side_mask_embedding,9.456511520511413e-07,0.0025277016684412956,0.9990015167436133,0.9980050254359257,7.510618161177263e-05
CYST_PA37.nii.gz,2,foreground,final_decoder_stage_input,gamma,action_mask_embedding,not_used_after_final_boundary; skip_embedded_in_candidate_state,action_specific_mask_embedding,0.0,0.0,1.0,1.0,0.0
CYST_PA37.nii.gz,2,foreground,final_decoder_feature,gamma,source_mask_embedding,not_used_after_final_boundary; skip_embedded_in_candidate_state,source_side_mask_embedding,9.456511520511413e-07,0.0025277016684412956,0.9990015167436133,0.9980050254359257,7.510618161177263e-05
CYST_PA37.nii.gz,2,foreground,final_decoder_feature,gamma,action_mask_embedding,not_used_after_final_boundary; skip_embedded_in_candidate_state,action_specific_mask_embedding,0.0,0.0,1.0,1.0,0.0
CYST_PA37.nii.gz,2,foreground,final_decoder_stage_input,blur,source_mask_embedding,not_used_after_final_boundary; skip_embedded_in_candidate_state,source_side_mask_embedding,3.4121054341085255e-05,1.4823837280273438,0.9902244696228374,0.9806382110021792,0.0007682961295358837
CYST_PA37.nii.gz,2,foreground,final_decoder_stage_input,blur,action_mask_embedding,not_used_after_final_boundary; skip_embedded_in_candidate_state,action_specific_mask_embedding,0.0,0.0,1.0,1.0,0.0
CYST_PA37.nii.gz,2,foreground,final_decoder_feature,blur,source_mask_embedding,not_used_after_final_boundary; skip_embedded_in_candidate_state,source_side_mask_embedding,3.4121054341085255e-05,1.4823837280273438,0.9902244696228374,0.9806382110021792,0.0007682961295358837
CYST_PA37.nii.gz,2,foreground,final_decoder_feature,blur,action_mask_embedding,not_used_after_final_boundary; skip_embedded_in_candidate_state,action_specific_mask_embedding,0.0,0.0,1.0,1.0,0.0
CYST_PA37.nii.gz,3,foreground,final_decoder_stage_input,gamma,source_mask_embedding,not_used_after_final_boundary; skip_embedded_in_candidate_state,source_side_mask_embedding,1.3428490319711273e-07,0.01271312590688467,0.9997312727530853,0.9994626898960356,2.2900670956005342e-05
CYST_PA37.nii.gz,3,foreground,final_decoder_stage_input,gamma,action_mask_embedding,not_used_after_final_boundary; skip_embedded_in_candidate_state,action_specific_mask_embedding,0.0,0.0,1.0,1.0,0.0
CYST_PA37.nii.gz,3,foreground,final_decoder_feature,gamma,source_mask_embedding,not_used_after_final_boundary; skip_embedded_in_candidate_state,source_side_mask_embedding,1.3428490319711273e-07,0.01271312590688467,0.9997312727530853,0.9994626898960356,2.2900670956005342e-05
CYST_PA37.nii.gz,3,foreground,final_decoder_feature,gamma,action_mask_embedding,not_used_after_final_boundary; skip_embedded_in_candidate_state,action_specific_mask_embedding,0.0,0.0,1.0,1.0,0.0
CYST_PA37.nii.gz,3,foreground,final_decoder_stage_input,blur,source_mask_embedding,not_used_after_final_boundary; skip_embedded_in_candidate_state,source_side_mask_embedding,8.103015716187656e-06,2.3155040740966797,0.9973330196712173,0.9946802270721867,0.00028269426547922194
CYST_PA37.nii.gz,3,foreground,final_decoder_stage_input,blur,action_mask_embedding,not_used_after_final_boundary; skip_embedded_in_candidate_state,action_specific_mask_embedding,0.0,0.0,1.0,1.0,0.0
CYST_PA37.nii.gz,3,foreground,final_decoder_feature,blur,source_mask_embedding,not_used_after_final_boundary; skip_embedded_in_candidate_state,source_side_mask_embedding,8.103015716187656e-06,2.3155040740966797,0.9973330196712173,0.9946802270721867,0.00028269426547922194
CYST_PA37.nii.gz,3,foreground,final_decoder_feature,blur,action_mask_embedding,not_used_after_final_boundary; skip_embedded_in_candidate_state,action_specific_mask_embedding,0.0,0.0,1.0,1.0,0.0
ICC_PA18.nii.gz,0,context,final_decoder_stage_input,gamma,source_mask_embedding,not_used_after_final_boundary; skip_embedded_in_candidate_state,source_side_mask_embedding,4.7913085792623754e-30,6.025584697723389,1.0,0.0,6.133020140444587e-17
ICC_PA18.nii.gz,0,context,final_decoder_stage_input,gamma,action_mask_embedding,not_used_after_final_boundary; skip_embedded_in_candidate_state,action_specific_mask_embedding,0.0,0.0,1.0,0.0,0.0
ICC_PA18.nii.gz,0,context,final_decoder_feature,gamma,source_mask_embedding,not_used_after_final_boundary; skip_embedded_in_candidate_state,source_side_mask_embedding,4.7913085792623754e-30,6.025584697723389,1.0,0.0,6.133020140444587e-17
ICC_PA18.nii.gz,0,context,final_decoder_feature,gamma,action_mask_embedding,not_used_after_final_boundary; skip_embedded_in_candidate_state,action_specific_mask_embedding,0.0,0.0,1.0,0.0,0.0
ICC_PA18.nii.gz,0,context,final_decoder_stage_input,blur,source_mask_embedding,not_used_after_final_boundary; skip_embedded_in_candidate_state,source_side_mask_embedding,1.1655964062697196e-30,14.66533374786377,1.0,0.0,5.926532036749709e-17
ICC_PA18.nii.gz,0,context,final_decoder_stage_input,blur,action_mask_embedding,not_used_after_final_boundary; skip_embedded_in_candidate_state,action_specific_mask_embedding,0.0,0.0,1.0,0.0,0.0
ICC_PA18.nii.gz,0,context,final_decoder_feature,blur,source_mask_embedding,not_used_after_final_boundary; skip_embedded_in_candidate_state,source_side_mask_embedding,1.1655964062697196e-30,14.66533374786377,1.0,0.0,5.926532036749709e-17
ICC_PA18.nii.gz,0,context,final_decoder_feature,blur,action_mask_embedding,not_used_after_final_boundary; skip_embedded_in_candidate_state,action_specific_mask_embedding,0.0,0.0,1.0,0.0,0.0
ICC_PA18.nii.gz,1,context,final_decoder_stage_input,gamma,source_mask_embedding,not_used_after_final_boundary; skip_embedded_in_candidate_state,source_side_mask_embedding,6.292292198395444e-08,0.01528406236320734,0.9996284899732675,0.9992572558834215,2.225884236395359e-05
ICC_PA18.nii.gz,1,context,final_decoder_stage_input,gamma,action_mask_embedding,not_used_after_final_boundary; skip_embedded_in_candidate_state,action_specific_mask_embedding,0.0,0.0,1.0,1.0,0.0
ICC_PA18.nii.gz,1,context,final_decoder_feature,gamma,source_mask_embedding,not_used_after_final_boundary; skip_embedded_in_candidate_state,source_side_mask_embedding,6.292292198395444e-08,0.01528406236320734,0.9996284899732675,0.9992572558834215,2.225884236395359e-05
ICC_PA18.nii.gz,1,context,final_decoder_feature,gamma,action_mask_embedding,not_used_after_final_boundary; skip_embedded_in_candidate_state,action_specific_mask_embedding,0.0,0.0,1.0,1.0,0.0
ICC_PA18.nii.gz,1,context,final_decoder_stage_input,blur,source_mask_embedding,not_used_after_final_boundary; skip_embedded_in_candidate_state,source_side_mask_embedding,9.135793334280606e-06,0.7939853072166443,0.9937341031127619,0.9875462402002873,0.0002924131404142827
ICC_PA18.nii.gz,1,context,final_decoder_stage_input,blur,action_mask_embedding,not_used_after_final_boundary; skip_embedded_in_candidate_state,action_specific_mask_embedding,0.0,0.0,1.0,1.0,0.0
ICC_PA18.nii.gz,1,context,final_decoder_feature,blur,source_mask_embedding,not_used_after_final_boundary; skip_embedded_in_candidate_state,source_side_mask_embedding,9.135793334280606e-06,0.7939853072166443,0.9937341031127619,0.9875462402002873,0.0002924131404142827
ICC_PA18.nii.gz,1,context,final_decoder_feature,blur,action_mask_embedding,not_used_after_final_boundary; skip_embedded_in_candidate_state,action_specific_mask_embedding,0.0,0.0,1.0,1.0,0.0
ICC_PA18.nii.gz,2,foreground,final_decoder_stage_input,gamma,source_mask_embedding,not_used_after_final_boundary; skip_embedded_in_candidate_state,source_side_mask_embedding,2.678568307601381e-06,0.03431438282132149,0.9991807797280778,0.9983629006011704,0.00031286748708225787
ICC_PA18.nii.gz,2,foreground,final_decoder_stage_input,gamma,action_mask_embedding,not_used_after_final_boundary; skip_embedded_in_candidate_state,action_specific_mask_embedding,0.0,0.0,1.0,1.0,0.0
ICC_PA18.nii.gz,2,foreground,final_decoder_feature,gamma,source_mask_embedding,not_used_after_final_boundary; skip_embedded_in_candidate_state,source_side_mask_embedding,2.678568307601381e-06,0.03431438282132149,0.9991807797280778,0.9983629006011704,0.00031286748708225787
ICC_PA18.nii.gz,2,foreground,final_decoder_feature,gamma,action_mask_embedding,not_used_after_final_boundary; skip_embedded_in_candidate_state,action_specific_mask_embedding,0.0,0.0,1.0,1.0,0.0
ICC_PA18.nii.gz,2,foreground,final_decoder_stage_input,blur,source_mask_embedding,not_used_after_final_boundary; skip_embedded_in_candidate_state,source_side_mask_embedding,8.675520803080872e-06,0.2646171450614929,0.9984973901578179,0.9969992892131975,0.0007361038587987423
ICC_PA18.nii.gz,2,foreground,final_decoder_stage_input,blur,action_mask_embedding,not_used_after_final_boundary; skip_embedded_in_candidate_state,action_specific_mask_embedding,0.0,0.0,1.0,1.0,0.0
ICC_PA18.nii.gz,2,foreground,final_decoder_feature,blur,source_mask_embedding,not_used_after_final_boundary; skip_embedded_in_candidate_state,source_side_mask_embedding,8.675520803080872e-06,0.2646171450614929,0.9984973901578179,0.9969992892131975,0.0007361038587987423
ICC_PA18.nii.gz,2,foreground,final_decoder_feature,blur,action_mask_embedding,not_used_after_final_boundary; skip_embedded_in_candidate_state,action_specific_mask_embedding,0.0,0.0,1.0,1.0,0.0
ICC_PA18.nii.gz,3,foreground,final_decoder_stage_input,gamma,source_mask_embedding,not_used_after_final_boundary; skip_embedded_in_candidate_state,source_side_mask_embedding,2.449778321533813e-06,0.025330981239676476,0.9992641014705863,0.9985292852380031,0.0002908340247813612
ICC_PA18.nii.gz,3,foreground,final_decoder_stage_input,gamma,action_mask_embedding,not_used_after_final_boundary; skip_embedded_in_candidate_state,action_specific_mask_embedding,0.0,0.0,1.0,1.0,0.0
ICC_PA18.nii.gz,3,foreground,final_decoder_feature,gamma,source_mask_embedding,not_used_after_final_boundary; skip_embedded_in_candidate_state,source_side_mask_embedding,2.449778321533813e-06,0.025330981239676476,0.9992641014705863,0.9985292852380031,0.0002908340247813612
ICC_PA18.nii.gz,3,foreground,final_decoder_feature,gamma,action_mask_embedding,not_used_after_final_boundary; skip_embedded_in_candidate_state,action_specific_mask_embedding,0.0,0.0,1.0,1.0,0.0
ICC_PA18.nii.gz,3,foreground,final_decoder_stage_input,blur,source_mask_embedding,not_used_after_final_boundary; skip_embedded_in_candidate_state,source_side_mask_embedding,3.5427783586783335e-05,1.0773259401321411,0.9971486556527802,0.9943135254027589,0.0015718244249001145
ICC_PA18.nii.gz,3,foreground,final_decoder_stage_input,blur,action_mask_embedding,not_used_after_final_boundary; skip_embedded_in_candidate_state,action_specific_mask_embedding,0.0,0.0,1.0,1.0,0.0
ICC_PA18.nii.gz,3,foreground,final_decoder_feature,blur,source_mask_embedding,not_used_after_final_boundary; skip_embedded_in_candidate_state,source_side_mask_embedding,3.5427783586783335e-05,1.0773259401321411,0.9971486556527802,0.9943135254027589,0.0015718244249001145
ICC_PA18.nii.gz,3,foreground,final_decoder_feature,blur,action_mask_embedding,not_used_after_final_boundary; skip_embedded_in_candidate_state,action_specific_mask_embedding,0.0,0.0,1.0,1.0,0.0
HCC_10081574_20140213.nii.gz,0,context,final_decoder_stage_input,gamma,source_mask_embedding,not_used_after_final_boundary; skip_embedded_in_candidate_state,source_side_mask_embedding,3.0091430986134744e-30,3.1837246417999268,1.0,0.0,9.945574041782592e-19
HCC_10081574_20140213.nii.gz,0,context,final_decoder_stage_input,gamma,action_mask_embedding,not_used_after_final_boundary; skip_embedded_in_candidate_state,action_specific_mask_embedding,0.0,0.0,1.0,0.0,0.0
HCC_10081574_20140213.nii.gz,0,context,final_decoder_feature,gamma,source_mask_embedding,not_used_after_final_boundary; skip_embedded_in_candidate_state,source_side_mask_embedding,3.0091430986134744e-30,3.1837246417999268,1.0,0.0,9.945574041782592e-19
HCC_10081574_20140213.nii.gz,0,context,final_decoder_feature,gamma,action_mask_embedding,not_used_after_final_boundary; skip_embedded_in_candidate_state,action_specific_mask_embedding,0.0,0.0,1.0,0.0,0.0
HCC_10081574_20140213.nii.gz,0,context,final_decoder_stage_input,blur,source_mask_embedding,not_used_after_final_boundary; skip_embedded_in_candidate_state,source_side_mask_embedding,3.5735128189884335e-09,37.298736572265625,1.0,1.0,6.365372229311106e-08
HCC_10081574_20140213.nii.gz,0,context,final_decoder_stage_input,blur,action_mask_embedding,not_used_after_final_boundary; skip_embedded_in_candidate_state,action_specific_mask_embedding,0.0,0.0,1.0,1.0,0.0
HCC_10081574_20140213.nii.gz,0,context,final_decoder_feature,blur,source_mask_embedding,not_used_after_final_boundary; skip_embedded_in_candidate_state,source_side_mask_embedding,3.5735128189884335e-09,37.298736572265625,1.0,1.0,6.365372229311106e-08
HCC_10081574_20140213.nii.gz,0,context,final_decoder_feature,blur,action_mask_embedding,not_used_after_final_boundary; skip_embedded_in_candidate_state,action_specific_mask_embedding,0.0,0.0,1.0,1.0,0.0
HCC_10081574_20140213.nii.gz,1,context,final_decoder_stage_input,gamma,source_mask_embedding,not_used_after_final_boundary; skip_embedded_in_candidate_state,source_side_mask_embedding,2.601082087494433e-07,0.0010868944227695465,0.9993787752620379,0.9987583218852373,2.3144461010815576e-05
HCC_10081574_20140213.nii.gz,1,context,final_decoder_stage_input,gamma,action_mask_embedding,not_used_after_final_boundary; skip_embedded_in_candidate_state,action_specific_mask_embedding,0.0,0.0,1.0,1.0,0.0
HCC_10081574_20140213.nii.gz,1,context,final_decoder_feature,gamma,source_mask_embedding,not_used_after_final_boundary; skip_embedded_in_candidate_state,source_side_mask_embedding,2.601082087494433e-07,0.0010868944227695465,0.9993787752620379,0.9987583218852373,2.3144461010815576e-05
HCC_10081574_20140213.nii.gz,1,context,final_decoder_feature,gamma,action_mask_embedding,not_used_after_final_boundary; skip_embedded_in_candidate_state,action_specific_mask_embedding,0.0,0.0,1.0,1.0,0.0
HCC_10081574_20140213.nii.gz,1,context,final_decoder_stage_input,blur,source_mask_embedding,not_used_after_final_boundary; skip_embedded_in_candidate_state,source_side_mask_embedding,2.2262477159529226e-06,0.30254897475242615,0.997776062343773,0.995561994535018,8.031320612644777e-05
HCC_10081574_20140213.nii.gz,1,context,final_decoder_stage_input,blur,action_mask_embedding,not_used_after_final_boundary; skip_embedded_in_candidate_state,action_specific_mask_embedding,0.0,0.0,1.0,1.0,0.0
HCC_10081574_20140213.nii.gz,1,context,final_decoder_feature,blur,source_mask_embedding,not_used_after_final_boundary; skip_embedded_in_candidate_state,source_side_mask_embedding,2.2262477159529226e-06,0.30254897475242615,0.997776062343773,0.995561994535018,8.031320612644777e-05
HCC_10081574_20140213.nii.gz,1,context,final_decoder_feature,blur,action_mask_embedding,not_used_after_final_boundary; skip_embedded_in_candidate_state,action_specific_mask_embedding,0.0,0.0,1.0,1.0,0.0
HCC_10081574_20140213.nii.gz,2,foreground,final_decoder_stage_input,gamma,source_mask_embedding,not_used_after_final_boundary; skip_embedded_in_candidate_state,source_side_mask_embedding,1.1292048611721839e-06,0.022152259945869446,0.9989988515561529,0.9979997057038277,8.351215365109965e-05
HCC_10081574_20140213.nii.gz,2,foreground,final_decoder_stage_input,gamma,action_mask_embedding,not_used_after_final_boundary; skip_embedded_in_candidate_state,action_specific_mask_embedding,0.0,0.0,1.0,1.0,0.0
HCC_10081574_20140213.nii.gz,2,foreground,final_decoder_feature,gamma,source_mask_embedding,not_used_after_final_boundary; skip_embedded_in_candidate_state,source_side_mask_embedding,1.1292048611721839e-06,0.022152259945869446,0.9989988515561529,0.9979997057038277,8.351215365109965e-05
HCC_10081574_20140213.nii.gz,2,foreground,final_decoder_feature,gamma,action_mask_embedding,not_used_after_final_boundary; skip_embedded_in_candidate_state,action_specific_mask_embedding,0.0,0.0,1.0,1.0,0.0
HCC_10081574_20140213.nii.gz,2,foreground,final_decoder_stage_input,blur,source_mask_embedding,not_used_after_final_boundary; skip_embedded_in_candidate_state,source_side_mask_embedding,2.8253518848941894e-06,0.09080594033002853,0.9988432783185216,0.9976892295553176,0.00014608025958295912
HCC_10081574_20140213.nii.gz,2,foreground,final_decoder_stage_input,blur,action_mask_embedding,not_used_after_final_boundary; skip_embedded_in_candidate_state,action_specific_mask_embedding,0.0,0.0,1.0,1.0,0.0
HCC_10081574_20140213.nii.gz,2,foreground,final_decoder_feature,blur,source_mask_embedding,not_used_after_final_boundary; skip_embedded_in_candidate_state,source_side_mask_embedding,2.8253518848941894e-06,0.09080594033002853,0.9988432783185216,0.9976892295553176,0.00014608025958295912
HCC_10081574_20140213.nii.gz,2,foreground,final_decoder_feature,blur,action_mask_embedding,not_used_after_final_boundary; skip_embedded_in_candidate_state,action_specific_mask_embedding,0.0,0.0,1.0,1.0,0.0
HCC_10081574_20140213.nii.gz,3,foreground,final_decoder_stage_input,gamma,source_mask_embedding,not_used_after_final_boundary; skip_embedded_in_candidate_state,source_side_mask_embedding,3.78743447981833e-06,0.3031677305698395,0.9974838583896235,0.994980346937188,0.00019568695279303938
HCC_10081574_20140213.nii.gz,3,foreground,final_decoder_stage_input,gamma,action_mask_embedding,not_used_after_final_boundary; skip_embedded_in_candidate_state,action_specific_mask_embedding,0.0,0.0,1.0,1.0,0.0
HCC_10081574_20140213.nii.gz,3,foreground,final_decoder_feature,gamma,source_mask_embedding,not_used_after_final_boundary; skip_embedded_in_candidate_state,source_side_mask_embedding,3.78743447981833e-06,0.3031677305698395,0.9974838583896235,0.994980346937188,0.00019568695279303938
HCC_10081574_20140213.nii.gz,3,foreground,final_decoder_feature,gamma,action_mask_embedding,not_used_after_final_boundary; skip_embedded_in_candidate_state,action_specific_mask_embedding,0.0,0.0,1.0,1.0,0.0
HCC_10081574_20140213.nii.gz,3,foreground,final_decoder_stage_input,blur,source_mask_embedding,not_used_after_final_boundary; skip_embedded_in_candidate_state,source_side_mask_embedding,1.1560097846086137e-05,1.1588155031204224,0.9966346099515194,0.9932917956272779,0.00035482668317854404
HCC_10081574_20140213.nii.gz,3,foreground,final_decoder_stage_input,blur,action_mask_embedding,not_used_after_final_boundary; skip_embedded_in_candidate_state,action_specific_mask_embedding,0.0,0.0,1.0,1.0,0.0
HCC_10081574_20140213.nii.gz,3,foreground,final_decoder_feature,blur,source_mask_embedding,not_used_after_final_boundary; skip_embedded_in_candidate_state,source_side_mask_embedding,1.1560097846086137e-05,1.1588155031204224,0.9966346099515194,0.9932917956272779,0.00035482668317854404
HCC_10081574_20140213.nii.gz,3,foreground,final_decoder_feature,blur,action_mask_embedding,not_used_after_final_boundary; skip_embedded_in_candidate_state,action_specific_mask_embedding,0.0,0.0,1.0,1.0,0.0
MET_PA19.nii.gz,0,context,final_decoder_stage_input,gamma,source_mask_embedding,not_used_after_final_boundary; skip_embedded_in_candidate_state,source_side_mask_embedding,2.8128512686711984e-33,0.21057778596878052,1.0,0.0,1.0984336081293261e-18
MET_PA19.nii.gz,0,context,final_decoder_stage_input,gamma,action_mask_embedding,not_used_after_final_boundary; skip_embedded_in_candidate_state,action_specific_mask_embedding,0.0,0.0,1.0,0.0,0.0
MET_PA19.nii.gz,0,context,final_decoder_feature,gamma,source_mask_embedding,not_used_after_final_boundary; skip_embedded_in_candidate_state,source_side_mask_embedding,2.8128512686711984e-33,0.21057778596878052,1.0,0.0,1.0984336081293261e-18
MET_PA19.nii.gz,0,context,final_decoder_feature,gamma,action_mask_embedding,not_used_after_final_boundary; skip_embedded_in_candidate_state,action_specific_mask_embedding,0.0,0.0,1.0,0.0,0.0
MET_PA19.nii.gz,0,context,final_decoder_stage_input,blur,source_mask_embedding,not_used_after_final_boundary; skip_embedded_in_candidate_state,source_side_mask_embedding,5.099729426776887e-32,16.96885108947754,1.0,0.0,7.09120018855478e-18
MET_PA19.nii.gz,0,context,final_decoder_stage_input,blur,action_mask_embedding,not_used_after_final_boundary; skip_embedded_in_candidate_state,action_specific_mask_embedding,0.0,0.0,1.0,0.0,0.0
MET_PA19.nii.gz,0,context,final_decoder_feature,blur,source_mask_embedding,not_used_after_final_boundary; skip_embedded_in_candidate_state,source_side_mask_embedding,5.099729426776887e-32,16.96885108947754,1.0,0.0,7.09120018855478e-18
MET_PA19.nii.gz,0,context,final_decoder_feature,blur,action_mask_embedding,not_used_after_final_boundary; skip_embedded_in_candidate_state,action_specific_mask_embedding,0.0,0.0,1.0,0.0,0.0
MET_PA19.nii.gz,1,context,final_decoder_stage_input,gamma,source_mask_embedding,not_used_after_final_boundary; skip_embedded_in_candidate_state,source_side_mask_embedding,1.4973662132433674e-07,0.09669762849807739,0.9984139249257798,0.9968328731525093,1.8589631508802995e-05
MET_PA19.nii.gz,1,context,final_decoder_stage_input,gamma,action_mask_embedding,not_used_after_final_boundary; skip_embedded_in_candidate_state,action_specific_mask_embedding,0.0,0.0,1.0,1.0,0.0
MET_PA19.nii.gz,1,context,final_decoder_feature,gamma,source_mask_embedding,not_used_after_final_boundary; skip_embedded_in_candidate_state,source_side_mask_embedding,1.4973662132433674e-07,0.09669762849807739,0.9984139249257798,0.9968328731525093,1.8589631508802995e-05
MET_PA19.nii.gz,1,context,final_decoder_feature,gamma,action_mask_embedding,not_used_after_final_boundary; skip_embedded_in_candidate_state,action_specific_mask_embedding,0.0,0.0,1.0,1.0,0.0
MET_PA19.nii.gz,1,context,final_decoder_stage_input,blur,source_mask_embedding,not_used_after_final_boundary; skip_embedded_in_candidate_state,source_side_mask_embedding,2.7417936507845297e-06,0.1266956478357315,0.9846397352422749,0.9697442074682916,6.385418237186968e-05
MET_PA19.nii.gz,1,context,final_decoder_stage_input,blur,action_mask_embedding,not_used_after_final_boundary; skip_embedded_in_candidate_state,action_specific_mask_embedding,0.0,0.0,1.0,1.0,0.0
MET_PA19.nii.gz,1,context,final_decoder_feature,blur,source_mask_embedding,not_used_after_final_boundary; skip_embedded_in_candidate_state,source_side_mask_embedding,2.7417936507845297e-06,0.1266956478357315,0.9846397352422749,0.9697442074682916,6.385418237186968e-05
MET_PA19.nii.gz,1,context,final_decoder_feature,blur,action_mask_embedding,not_used_after_final_boundary; skip_embedded_in_candidate_state,action_specific_mask_embedding,0.0,0.0,1.0,1.0,0.0
MET_PA19.nii.gz,2,foreground,final_decoder_stage_input,gamma,source_mask_embedding,not_used_after_final_boundary; skip_embedded_in_candidate_state,source_side_mask_embedding,7.806282553701749e-08,0.002482492243871093,0.9997066926166034,0.9994135572411978,2.2080868802731857e-05
MET_PA19.nii.gz,2,foreground,final_decoder_stage_input,gamma,action_mask_embedding,not_used_after_final_boundary; skip_embedded_in_candidate_state,action_specific_mask_embedding,0.0,0.0,1.0,1.0,0.0
MET_PA19.nii.gz,2,foreground,final_decoder_feature,gamma,source_mask_embedding,not_used_after_final_boundary; skip_embedded_in_candidate_state,source_side_mask_embedding,7.806282553701749e-08,0.002482492243871093,0.9997066926166034,0.9994135572411978,2.2080868802731857e-05
MET_PA19.nii.gz,2,foreground,final_decoder_feature,gamma,action_mask_embedding,not_used_after_final_boundary; skip_embedded_in_candidate_state,action_specific_mask_embedding,0.0,0.0,1.0,1.0,0.0
MET_PA19.nii.gz,2,foreground,final_decoder_stage_input,blur,source_mask_embedding,not_used_after_final_boundary; skip_embedded_in_candidate_state,source_side_mask_embedding,2.184497679991182e-05,0.050922419875860214,0.9911956779327992,0.9825450349991377,0.0005024480051361024
MET_PA19.nii.gz,2,foreground,final_decoder_stage_input,blur,action_mask_embedding,not_used_after_final_boundary; skip_embedded_in_candidate_state,action_specific_mask_embedding,0.0,0.0,1.0,1.0,0.0
MET_PA19.nii.gz,2,foreground,final_decoder_feature,blur,source_mask_embedding,not_used_after_final_boundary; skip_embedded_in_candidate_state,source_side_mask_embedding,2.184497679991182e-05,0.050922419875860214,0.9911956779327992,0.9825450349991377,0.0005024480051361024
MET_PA19.nii.gz,2,foreground,final_decoder_feature,blur,action_mask_embedding,not_used_after_final_boundary; skip_embedded_in_candidate_state,action_specific_mask_embedding,0.0,0.0,1.0,1.0,0.0
MET_PA19.nii.gz,3,foreground,final_decoder_stage_input,gamma,source_mask_embedding,not_used_after_final_boundary; skip_embedded_in_candidate_state,source_side_mask_embedding,8.784846841081162e-07,0.008809310384094715,0.9987664848128617,0.9975360089960477,8.228072692872956e-05
MET_PA19.nii.gz,3,foreground,final_decoder_stage_input,gamma,action_mask_embedding,not_used_after_final_boundary; skip_embedded_in_candidate_state,action_specific_mask_embedding,0.0,0.0,1.0,1.0,0.0
MET_PA19.nii.gz,3,foreground,final_decoder_feature,gamma,source_mask_embedding,not_used_after_final_boundary; skip_embedded_in_candidate_state,source_side_mask_embedding,8.784846841081162e-07,0.008809310384094715,0.9987664848128617,0.9975360089960477,8.228072692872956e-05
MET_PA19.nii.gz,3,foreground,final_decoder_feature,gamma,action_mask_embedding,not_used_after_final_boundary; skip_embedded_in_candidate_state,action_specific_mask_embedding,0.0,0.0,1.0,1.0,0.0
MET_PA19.nii.gz,3,foreground,final_decoder_stage_input,blur,source_mask_embedding,not_used_after_final_boundary; skip_embedded_in_candidate_state,source_side_mask_embedding,3.81910394935403e-05,1.4181952476501465,0.9899712178449361,0.9801415913442273,0.0005782705848105252
MET_PA19.nii.gz,3,foreground,final_decoder_stage_input,blur,action_mask_embedding,not_used_after_final_boundary; skip_embedded_in_candidate_state,action_specific_mask_embedding,0.0,0.0,1.0,1.0,0.0
MET_PA19.nii.gz,3,foreground,final_decoder_feature,blur,source_mask_embedding,not_used_after_final_boundary; skip_embedded_in_candidate_state,source_side_mask_embedding,3.81910394935403e-05,1.4181952476501465,0.9899712178449361,0.9801415913442273,0.0005782705848105252
MET_PA19.nii.gz,3,foreground,final_decoder_feature,blur,action_mask_embedding,not_used_after_final_boundary; skip_embedded_in_candidate_state,action_specific_mask_embedding,0.0,0.0,1.0,1.0,0.0
HEM_PA24.nii.gz,0,context,final_decoder_stage_input,gamma,source_mask_embedding,not_used_after_final_boundary; skip_embedded_in_candidate_state,source_side_mask_embedding,1.2606587696025684e-32,2.6175408363342285,1.0,0.0,5.200837613844869e-19
HEM_PA24.nii.gz,0,context,final_decoder_stage_input,gamma,action_mask_embedding,not_used_after_final_boundary; skip_embedded_in_candidate_state,action_specific_mask_embedding,0.0,0.0,1.0,0.0,0.0
HEM_PA24.nii.gz,0,context,final_decoder_feature,gamma,source_mask_embedding,not_used_after_final_boundary; skip_embedded_in_candidate_state,source_side_mask_embedding,1.2606587696025684e-32,2.6175408363342285,1.0,0.0,5.200837613844869e-19
HEM_PA24.nii.gz,0,context,final_decoder_feature,gamma,action_mask_embedding,not_used_after_final_boundary; skip_embedded_in_candidate_state,action_specific_mask_embedding,0.0,0.0,1.0,0.0,0.0
HEM_PA24.nii.gz,0,context,final_decoder_stage_input,blur,source_mask_embedding,not_used_after_final_boundary; skip_embedded_in_candidate_state,source_side_mask_embedding,1.4901053045684557e-31,6.462859153747559,1.0,0.0,1.7658879191450487e-18
HEM_PA24.nii.gz,0,context,final_decoder_stage_input,blur,action_mask_embedding,not_used_after_final_boundary; skip_embedded_in_candidate_state,action_specific_mask_embedding,0.0,0.0,1.0,0.0,0.0
HEM_PA24.nii.gz,0,context,final_decoder_feature,blur,source_mask_embedding,not_used_after_final_boundary; skip_embedded_in_candidate_state,source_side_mask_embedding,1.4901053045684557e-31,6.462859153747559,1.0,0.0,1.7658879191450487e-18
HEM_PA24.nii.gz,0,context,final_decoder_feature,blur,action_mask_embedding,not_used_after_final_boundary; skip_embedded_in_candidate_state,action_specific_mask_embedding,0.0,0.0,1.0,0.0,0.0
HEM_PA24.nii.gz,1,context,final_decoder_stage_input,gamma,source_mask_embedding,not_used_after_final_boundary; skip_embedded_in_candidate_state,source_side_mask_embedding,1.2857563902457514e-08,0.00552635220810771,0.9998465639924049,0.9996931750628032,4.596988219418563e-06
HEM_PA24.nii.gz,1,context,final_decoder_stage_input,gamma,action_mask_embedding,not_used_after_final_boundary; skip_embedded_in_candidate_state,action_specific_mask_embedding,0.0,0.0,1.0,1.0,0.0
HEM_PA24.nii.gz,1,context,final_decoder_feature,gamma,source_mask_embedding,not_used_after_final_boundary; skip_embedded_in_candidate_state,source_side_mask_embedding,1.2857563902457514e-08,0.00552635220810771,0.9998465639924049,0.9996931750628032,4.596988219418563e-06
HEM_PA24.nii.gz,1,context,final_decoder_feature,gamma,action_mask_embedding,not_used_after_final_boundary; skip_embedded_in_candidate_state,action_specific_mask_embedding,0.0,0.0,1.0,1.0,0.0
HEM_PA24.nii.gz,1,context,final_decoder_stage_input,blur,source_mask_embedding,not_used_after_final_boundary; skip_embedded_in_candidate_state,source_side_mask_embedding,1.868326580733992e-05,0.517262876033783,0.9884290651384575,0.9771228404004584,0.00017264895723201334
HEM_PA24.nii.gz,1,context,final_decoder_stage_input,blur,action_mask_embedding,not_used_after_final_boundary; skip_embedded_in_candidate_state,action_specific_mask_embedding,0.0,0.0,1.0,1.0,0.0
HEM_PA24.nii.gz,1,context,final_decoder_feature,blur,source_mask_embedding,not_used_after_final_boundary; skip_embedded_in_candidate_state,source_side_mask_embedding,1.868326580733992e-05,0.517262876033783,0.9884290651384575,0.9771228404004584,0.00017264895723201334
HEM_PA24.nii.gz,1,context,final_decoder_feature,blur,action_mask_embedding,not_used_after_final_boundary; skip_embedded_in_candidate_state,action_specific_mask_embedding,0.0,0.0,1.0,1.0,0.0
HEM_PA24.nii.gz,2,foreground,final_decoder_stage_input,gamma,source_mask_embedding,not_used_after_final_boundary; skip_embedded_in_candidate_state,source_side_mask_embedding,6.181676326377783e-07,0.010664606466889381,0.999314035991218,0.9986290124305651,5.852891627000645e-05
HEM_PA24.nii.gz,2,foreground,final_decoder_stage_input,gamma,action_mask_embedding,not_used_after_final_boundary; skip_embedded_in_candidate_state,action_specific_mask_embedding,0.0,0.0,1.0,1.0,0.0
HEM_PA24.nii.gz,2,foreground,final_decoder_feature,gamma,source_mask_embedding,not_used_after_final_boundary; skip_embedded_in_candidate_state,source_side_mask_embedding,6.181676326377783e-07,0.010664606466889381,0.999314035991218,0.9986290124305651,5.852891627000645e-05
HEM_PA24.nii.gz,2,foreground,final_decoder_feature,gamma,action_mask_embedding,not_used_after_final_boundary; skip_embedded_in_candidate_state,action_specific_mask_embedding,0.0,0.0,1.0,1.0,0.0
HEM_PA24.nii.gz,2,foreground,final_decoder_stage_input,blur,source_mask_embedding,not_used_after_final_boundary; skip_embedded_in_candidate_state,source_side_mask_embedding,2.2157457351568155e-05,0.6924930810928345,0.9960103934365857,0.9920524942940985,0.0003927534562535584
HEM_PA24.nii.gz,2,foreground,final_decoder_stage_input,blur,action_mask_embedding,not_used_after_final_boundary; skip_embedded_in_candidate_state,action_specific_mask_embedding,0.0,0.0,1.0,1.0,0.0
HEM_PA24.nii.gz,2,foreground,final_decoder_feature,blur,source_mask_embedding,not_used_after_final_boundary; skip_embedded_in_candidate_state,source_side_mask_embedding,2.2157457351568155e-05,0.6924930810928345,0.9960103934365857,0.9920524942940985,0.0003927534562535584
HEM_PA24.nii.gz,2,foreground,final_decoder_feature,blur,action_mask_embedding,not_used_after_final_boundary; skip_embedded_in_candidate_state,action_specific_mask_embedding,0.0,0.0,1.0,1.0,0.0
HEM_PA24.nii.gz,3,foreground,final_decoder_stage_input,gamma,source_mask_embedding,not_used_after_final_boundary; skip_embedded_in_candidate_state,source_side_mask_embedding,6.63932610223128e-07,0.0048547121696174145,0.9991097131649471,0.9982210101411453,6.600742199225351e-05
HEM_PA24.nii.gz,3,foreground,final_decoder_stage_input,gamma,action_mask_embedding,not_used_after_final_boundary; skip_embedded_in_candidate_state,action_specific_mask_embedding,0.0,0.0,1.0,1.0,0.0
HEM_PA24.nii.gz,3,foreground,final_decoder_feature,gamma,source_mask_embedding,not_used_after_final_boundary; skip_embedded_in_candidate_state,source_side_mask_embedding,6.63932610223128e-07,0.0048547121696174145,0.9991097131649471,0.9982210101411453,6.600742199225351e-05
HEM_PA24.nii.gz,3,foreground,final_decoder_feature,gamma,action_mask_embedding,not_used_after_final_boundary; skip_embedded_in_candidate_state,action_specific_mask_embedding,0.0,0.0,1.0,1.0,0.0
HEM_PA24.nii.gz,3,foreground,final_decoder_stage_input,blur,source_mask_embedding,not_used_after_final_boundary; skip_embedded_in_candidate_state,source_side_mask_embedding,3.5227127227699384e-05,0.7764018774032593,0.9935358141074505,0.9871546628620134,0.0004994089831598103
HEM_PA24.nii.gz,3,foreground,final_decoder_stage_input,blur,action_mask_embedding,not_used_after_final_boundary; skip_embedded_in_candidate_state,action_specific_mask_embedding,0.0,0.0,1.0,1.0,0.0
HEM_PA24.nii.gz,3,foreground,final_decoder_feature,blur,source_mask_embedding,not_used_after_final_boundary; skip_embedded_in_candidate_state,source_side_mask_embedding,3.5227127227699384e-05,0.7764018774032593,0.9935358141074505,0.9871546628620134,0.0004994089831598103
HEM_PA24.nii.gz,3,foreground,final_decoder_feature,blur,action_mask_embedding,not_used_after_final_boundary; skip_embedded_in_candidate_state,action_specific_mask_embedding,0.0,0.0,1.0,1.0,0.0
CYST_PA74.nii.gz,0,context,final_decoder_stage_input,gamma,source_mask_embedding,not_used_after_final_boundary; skip_embedded_in_candidate_state,source_side_mask_embedding,5.796246269963968e-32,0.6941675543785095,1.0,0.0,4.108302113675775e-18
CYST_PA74.nii.gz,0,context,final_decoder_stage_input,gamma,action_mask_embedding,not_used_after_final_boundary; skip_embedded_in_candidate_state,action_specific_mask_embedding,0.0,0.0,1.0,0.0,0.0
CYST_PA74.nii.gz,0,context,final_decoder_feature,gamma,source_mask_embedding,not_used_after_final_boundary; skip_embedded_in_candidate_state,source_side_mask_embedding,5.796246269963968e-32,0.6941675543785095,1.0,0.0,4.108302113675775e-18
CYST_PA74.nii.gz,0,context,final_decoder_feature,gamma,action_mask_embedding,not_used_after_final_boundary; skip_embedded_in_candidate_state,action_specific_mask_embedding,0.0,0.0,1.0,0.0,0.0
CYST_PA74.nii.gz,0,context,final_decoder_stage_input,blur,source_mask_embedding,not_used_after_final_boundary; skip_embedded_in_candidate_state,source_side_mask_embedding,5.726849785468824e-32,1.1076256036758423,1.0,0.0,6.03559406343554e-18
CYST_PA74.nii.gz,0,context,final_decoder_stage_input,blur,action_mask_embedding,not_used_after_final_boundary; skip_embedded_in_candidate_state,action_specific_mask_embedding,0.0,0.0,1.0,0.0,0.0
CYST_PA74.nii.gz,0,context,final_decoder_feature,blur,source_mask_embedding,not_used_after_final_boundary; skip_embedded_in_candidate_state,source_side_mask_embedding,5.726849785468824e-32,1.1076256036758423,1.0,0.0,6.03559406343554e-18
CYST_PA74.nii.gz,0,context,final_decoder_feature,blur,action_mask_embedding,not_used_after_final_boundary; skip_embedded_in_candidate_state,action_specific_mask_embedding,0.0,0.0,1.0,0.0,0.0
CYST_PA74.nii.gz,1,context,final_decoder_stage_input,gamma,source_mask_embedding,not_used_after_final_boundary; skip_embedded_in_candidate_state,source_side_mask_embedding,3.048034358243967e-08,0.007276803255081177,0.9992542569499109,0.9985096253363693,3.831596586678643e-06
CYST_PA74.nii.gz,1,context,final_decoder_stage_input,gamma,action_mask_embedding,not_used_after_final_boundary; skip_embedded_in_candidate_state,action_specific_mask_embedding,0.0,0.0,1.0,1.0,0.0
CYST_PA74.nii.gz,1,context,final_decoder_feature,gamma,source_mask_embedding,not_used_after_final_boundary; skip_embedded_in_candidate_state,source_side_mask_embedding,3.048034358243967e-08,0.007276803255081177,0.9992542569499109,0.9985096253363693,3.831596586678643e-06
CYST_PA74.nii.gz,1,context,final_decoder_feature,gamma,action_mask_embedding,not_used_after_final_boundary; skip_embedded_in_candidate_state,action_specific_mask_embedding,0.0,0.0,1.0,1.0,0.0
CYST_PA74.nii.gz,1,context,final_decoder_stage_input,blur,source_mask_embedding,not_used_after_final_boundary; skip_embedded_in_candidate_state,source_side_mask_embedding,6.566267074958887e-06,6.459208011627197,0.9882743932408079,0.9768205792541871,7.358245056821033e-05
CYST_PA74.nii.gz,1,context,final_decoder_stage_input,blur,action_mask_embedding,not_used_after_final_boundary; skip_embedded_in_candidate_state,action_specific_mask_embedding,0.0,0.0,1.0,1.0,0.0
CYST_PA74.nii.gz,1,context,final_decoder_feature,blur,source_mask_embedding,not_used_after_final_boundary; skip_embedded_in_candidate_state,source_side_mask_embedding,6.566267074958887e-06,6.459208011627197,0.9882743932408079,0.9768205792541871,7.358245056821033e-05
CYST_PA74.nii.gz,1,context,final_decoder_feature,blur,action_mask_embedding,not_used_after_final_boundary; skip_embedded_in_candidate_state,action_specific_mask_embedding,0.0,0.0,1.0,1.0,0.0
CYST_PA74.nii.gz,2,foreground,final_decoder_stage_input,gamma,source_mask_embedding,not_used_after_final_boundary; skip_embedded_in_candidate_state,source_side_mask_embedding,5.376776925913873e-07,0.0383828803896904,0.9993591394268654,0.9987190997322106,5.904065619688481e-05
CYST_PA74.nii.gz,2,foreground,final_decoder_stage_input,gamma,action_mask_embedding,not_used_after_final_boundary; skip_embedded_in_candidate_state,action_specific_mask_embedding,0.0,0.0,1.0,1.0,0.0
CYST_PA74.nii.gz,2,foreground,final_decoder_feature,gamma,source_mask_embedding,not_used_after_final_boundary; skip_embedded_in_candidate_state,source_side_mask_embedding,5.376776925913873e-07,0.0383828803896904,0.9993591394268654,0.9987190997322106,5.904065619688481e-05
CYST_PA74.nii.gz,2,foreground,final_decoder_feature,gamma,action_mask_embedding,not_used_after_final_boundary; skip_embedded_in_candidate_state,action_specific_mask_embedding,0.0,0.0,1.0,1.0,0.0
CYST_PA74.nii.gz,2,foreground,final_decoder_stage_input,blur,source_mask_embedding,not_used_after_final_boundary; skip_embedded_in_candidate_state,source_side_mask_embedding,8.90397495822981e-06,0.032655756920576096,0.9973807621215424,0.9947752092130209,0.00022274676302913576
CYST_PA74.nii.gz,2,foreground,final_decoder_stage_input,blur,action_mask_embedding,not_used_after_final_boundary; skip_embedded_in_candidate_state,action_specific_mask_embedding,0.0,0.0,1.0,1.0,0.0
CYST_PA74.nii.gz,2,foreground,final_decoder_feature,blur,source_mask_embedding,not_used_after_final_boundary; skip_embedded_in_candidate_state,source_side_mask_embedding,8.90397495822981e-06,0.032655756920576096,0.9973807621215424,0.9947752092130209,0.00022274676302913576
CYST_PA74.nii.gz,2,foreground,final_decoder_feature,blur,action_mask_embedding,not_used_after_final_boundary; skip_embedded_in_candidate_state,action_specific_mask_embedding,0.0,0.0,1.0,1.0,0.0
CYST_PA74.nii.gz,3,foreground,final_decoder_stage_input,gamma,source_mask_embedding,not_used_after_final_boundary; skip_embedded_in_candidate_state,source_side_mask_embedding,6.639534433361405e-08,0.005055201705545187,0.9997379079117195,0.9994759531719665,1.614519533177372e-05
CYST_PA74.nii.gz,3,foreground,final_decoder_stage_input,gamma,action_mask_embedding,not_used_after_final_boundary; skip_embedded_in_candidate_state,action_specific_mask_embedding,0.0,0.0,1.0,1.0,0.0
CYST_PA74.nii.gz,3,foreground,final_decoder_feature,gamma,source_mask_embedding,not_used_after_final_boundary; skip_embedded_in_candidate_state,source_side_mask_embedding,6.639534433361405e-08,0.005055201705545187,0.9997379079117195,0.9994759531719665,1.614519533177372e-05
CYST_PA74.nii.gz,3,foreground,final_decoder_feature,gamma,action_mask_embedding,not_used_after_final_boundary; skip_embedded_in_candidate_state,action_specific_mask_embedding,0.0,0.0,1.0,1.0,0.0
CYST_PA74.nii.gz,3,foreground,final_decoder_stage_input,blur,source_mask_embedding,not_used_after_final_boundary; skip_embedded_in_candidate_state,source_side_mask_embedding,4.203256139589939e-06,0.22486050426959991,0.997771541968463,0.9955529939033783,0.00014678102161269635
CYST_PA74.nii.gz,3,foreground,final_decoder_stage_input,blur,action_mask_embedding,not_used_after_final_boundary; skip_embedded_in_candidate_state,action_specific_mask_embedding,0.0,0.0,1.0,1.0,0.0
CYST_PA74.nii.gz,3,foreground,final_decoder_feature,blur,source_mask_embedding,not_used_after_final_boundary; skip_embedded_in_candidate_state,source_side_mask_embedding,4.203256139589939e-06,0.22486050426959991,0.997771541968463,0.9955529939033783,0.00014678102161269635
CYST_PA74.nii.gz,3,foreground,final_decoder_feature,blur,action_mask_embedding,not_used_after_final_boundary; skip_embedded_in_candidate_state,action_specific_mask_embedding,0.0,0.0,1.0,1.0,0.0
HEM_PA34.nii.gz,0,context,final_decoder_stage_input,gamma,source_mask_embedding,not_used_after_final_boundary; skip_embedded_in_candidate_state,source_side_mask_embedding,2.740124351540785e-33,0.4912620186805725,1.0,0.0,7.41570624478663e-19
HEM_PA34.nii.gz,0,context,final_decoder_stage_input,gamma,action_mask_embedding,not_used_after_final_boundary; skip_embedded_in_candidate_state,action_specific_mask_embedding,0.0,0.0,1.0,0.0,0.0
HEM_PA34.nii.gz,0,context,final_decoder_feature,gamma,source_mask_embedding,not_used_after_final_boundary; skip_embedded_in_candidate_state,source_side_mask_embedding,2.740124351540785e-33,0.4912620186805725,1.0,0.0,7.41570624478663e-19
HEM_PA34.nii.gz,0,context,final_decoder_feature,gamma,action_mask_embedding,not_used_after_final_boundary; skip_embedded_in_candidate_state,action_specific_mask_embedding,0.0,0.0,1.0,0.0,0.0
HEM_PA34.nii.gz,0,context,final_decoder_stage_input,blur,source_mask_embedding,not_used_after_final_boundary; skip_embedded_in_candidate_state,source_side_mask_embedding,4.0589960993215686e-32,24.256895065307617,1.0,0.0,6.2969591487645324e-18
HEM_PA34.nii.gz,0,context,final_decoder_stage_input,blur,action_mask_embedding,not_used_after_final_boundary; skip_embedded_in_candidate_state,action_specific_mask_embedding,0.0,0.0,1.0,0.0,0.0
HEM_PA34.nii.gz,0,context,final_decoder_feature,blur,source_mask_embedding,not_used_after_final_boundary; skip_embedded_in_candidate_state,source_side_mask_embedding,4.0589960993215686e-32,24.256895065307617,1.0,0.0,6.2969591487645324e-18
HEM_PA34.nii.gz,0,context,final_decoder_feature,blur,action_mask_embedding,not_used_after_final_boundary; skip_embedded_in_candidate_state,action_specific_mask_embedding,0.0,0.0,1.0,0.0,0.0
HEM_PA34.nii.gz,1,context,final_decoder_stage_input,gamma,source_mask_embedding,not_used_after_final_boundary; skip_embedded_in_candidate_state,source_side_mask_embedding,1.1930956134165172e-07,0.005865802522748709,0.9987981790591806,0.9975992433979194,1.3621937796415295e-05
HEM_PA34.nii.gz,1,context,final_decoder_stage_input,gamma,action_mask_embedding,not_used_after_final_boundary; skip_embedded_in_candidate_state,action_specific_mask_embedding,0.0,0.0,1.0,1.0,0.0
HEM_PA34.nii.gz,1,context,final_decoder_feature,gamma,source_mask_embedding,not_used_after_final_boundary; skip_embedded_in_candidate_state,source_side_mask_embedding,1.1930956134165172e-07,0.005865802522748709,0.9987981790591806,0.9975992433979194,1.3621937796415295e-05
HEM_PA34.nii.gz,1,context,final_decoder_feature,gamma,action_mask_embedding,not_used_after_final_boundary; skip_embedded_in_candidate_state,action_specific_mask_embedding,0.0,0.0,1.0,1.0,0.0
HEM_PA34.nii.gz,1,context,final_decoder_stage_input,blur,source_mask_embedding,not_used_after_final_boundary; skip_embedded_in_candidate_state,source_side_mask_embedding,2.1765354176750407e-05,3.369448184967041,0.9798806715693076,0.9605549510337323,0.00018365822324994951
HEM_PA34.nii.gz,1,context,final_decoder_stage_input,blur,action_mask_embedding,not_used_after_final_boundary; skip_embedded_in_candidate_state,action_specific_mask_embedding,0.0,0.0,1.0,1.0,0.0
HEM_PA34.nii.gz,1,context,final_decoder_feature,blur,source_mask_embedding,not_used_after_final_boundary; skip_embedded_in_candidate_state,source_side_mask_embedding,2.1765354176750407e-05,3.369448184967041,0.9798806715693076,0.9605549510337323,0.00018365822324994951
HEM_PA34.nii.gz,1,context,final_decoder_feature,blur,action_mask_embedding,not_used_after_final_boundary; skip_embedded_in_candidate_state,action_specific_mask_embedding,0.0,0.0,1.0,1.0,0.0
HEM_PA34.nii.gz,2,foreground,final_decoder_stage_input,gamma,source_mask_embedding,not_used_after_final_boundary; skip_embedded_in_candidate_state,source_side_mask_embedding,5.749911338170932e-07,0.013255112804472446,0.9993877463027637,0.9987762418559757,6.469656364060938e-05
HEM_PA34.nii.gz,2,foreground,final_decoder_stage_input,gamma,action_mask_embedding,not_used_after_final_boundary; skip_embedded_in_candidate_state,action_specific_mask_embedding,0.0,0.0,1.0,1.0,0.0
HEM_PA34.nii.gz,2,foreground,final_decoder_feature,gamma,source_mask_embedding,not_used_after_final_boundary; skip_embedded_in_candidate_state,source_side_mask_embedding,5.749911338170932e-07,0.013255112804472446,0.9993877463027637,0.9987762418559757,6.469656364060938e-05
HEM_PA34.nii.gz,2,foreground,final_decoder_feature,gamma,action_mask_embedding,not_used_after_final_boundary; skip_embedded_in_candidate_state,action_specific_mask_embedding,0.0,0.0,1.0,1.0,0.0
HEM_PA34.nii.gz,2,foreground,final_decoder_stage_input,blur,source_mask_embedding,not_used_after_final_boundary; skip_embedded_in_candidate_state,source_side_mask_embedding,1.3636064977617934e-05,0.08478652685880661,0.9965658026585033,0.9931551120131339,0.0003483465116005391
HEM_PA34.nii.gz,2,foreground,final_decoder_stage_input,blur,action_mask_embedding,not_used_after_final_boundary; skip_embedded_in_candidate_state,action_specific_mask_embedding,0.0,0.0,1.0,1.0,0.0
HEM_PA34.nii.gz,2,foreground,final_decoder_feature,blur,source_mask_embedding,not_used_after_final_boundary; skip_embedded_in_candidate_state,source_side_mask_embedding,1.3636064977617934e-05,0.08478652685880661,0.9965658026585033,0.9931551120131339,0.0003483465116005391
HEM_PA34.nii.gz,2,foreground,final_decoder_feature,blur,action_mask_embedding,not_used_after_final_boundary; skip_embedded_in_candidate_state,action_specific_mask_embedding,0.0,0.0,1.0,1.0,0.0
HEM_PA34.nii.gz,3,foreground,final_decoder_stage_input,gamma,source_mask_embedding,not_used_after_final_boundary; skip_embedded_in_candidate_state,source_side_mask_embedding,6.979171729426525e-08,0.00113890809006989,0.9998221631150837,0.9996443894708361,1.5568028175039217e-05
HEM_PA34.nii.gz,3,foreground,final_decoder_stage_input,gamma,action_mask_embedding,not_used_after_final_boundary; skip_embedded_in_candidate_state,action_specific_mask_embedding,0.0,0.0,1.0,1.0,0.0
HEM_PA34.nii.gz,3,foreground,final_decoder_feature,gamma,source_mask_embedding,not_used_after_final_boundary; skip_embedded_in_candidate_state,source_side_mask_embedding,6.979171729426525e-08,0.00113890809006989,0.9998221631150837,0.9996443894708361,1.5568028175039217e-05
HEM_PA34.nii.gz,3,foreground,final_decoder_feature,gamma,action_mask_embedding,not_used_after_final_boundary; skip_embedded_in_candidate_state,action_specific_mask_embedding,0.0,0.0,1.0,1.0,0.0
HEM_PA34.nii.gz,3,foreground,final_decoder_stage_input,blur,source_mask_embedding,not_used_after_final_boundary; skip_embedded_in_candidate_state,source_side_mask_embedding,1.0140380481971079e-06,0.0581972599029541,0.9992296303195772,0.9984604466643657,7.229710899991915e-05
HEM_PA34.nii.gz,3,foreground,final_decoder_stage_input,blur,action_mask_embedding,not_used_after_final_boundary; skip_embedded_in_candidate_state,action_specific_mask_embedding,0.0,0.0,1.0,1.0,0.0
HEM_PA34.nii.gz,3,foreground,final_decoder_feature,blur,source_mask_embedding,not_used_after_final_boundary; skip_embedded_in_candidate_state,source_side_mask_embedding,1.0140380481971079e-06,0.0581972599029541,0.9992296303195772,0.9984604466643657,7.229710899991915e-05
HEM_PA34.nii.gz,3,foreground,final_decoder_feature,blur,action_mask_embedding,not_used_after_final_boundary; skip_embedded_in_candidate_state,action_specific_mask_embedding,0.0,0.0,1.0,1.0,0.0
