candidate_state,case,method,region,voxel_count,reliability_mean,aggregation
decoder_stage_1_low_to_high,HEM_PA99.nii.gz,blur_joint_product,FN,86893,0.0005472310818172645,case_patch_macro
decoder_stage_1_low_to_high,HEM_PA99.nii.gz,blur_joint_product,FP,53950,0.0006969578996938348,case_patch_macro
decoder_stage_1_low_to_high,HEM_PA99.nii.gz,blur_joint_product,TN,27156157,0.30837451883589584,case_patch_macro
decoder_stage_1_low_to_high,HEM_PA99.nii.gz,blur_joint_product,TP,1014552,0.056940445745651456,case_patch_macro
decoder_stage_1_low_to_high,HEM_PA99.nii.gz,blur_world_stability,FN,86893,0.016246606220139344,case_patch_macro
decoder_stage_1_low_to_high,HEM_PA99.nii.gz,blur_world_stability,FP,53950,0.023699390251413956,case_patch_macro
decoder_stage_1_low_to_high,HEM_PA99.nii.gz,blur_world_stability,TN,27156157,0.5120683229628105,case_patch_macro
decoder_stage_1_low_to_high,HEM_PA99.nii.gz,blur_world_stability,TP,1014552,0.2451260295335885,case_patch_macro
decoder_stage_1_low_to_high,HEM_PA99.nii.gz,confidence_rank,FN,86893,0.011759335322502555,case_patch_macro
decoder_stage_1_low_to_high,HEM_PA99.nii.gz,confidence_rank,FP,53950,0.013374727795450186,case_patch_macro
decoder_stage_1_low_to_high,HEM_PA99.nii.gz,confidence_rank,TN,27156157,0.5164438763566896,case_patch_macro
decoder_stage_1_low_to_high,HEM_PA99.nii.gz,confidence_rank,TP,1014552,0.1326144910886857,case_patch_macro
decoder_stage_1_low_to_high,HEM_PA99.nii.gz,gamma_joint_product,FN,86893,0.0007014063579448582,case_patch_macro
decoder_stage_1_low_to_high,HEM_PA99.nii.gz,gamma_joint_product,FP,53950,0.0018779659159125549,case_patch_macro
decoder_stage_1_low_to_high,HEM_PA99.nii.gz,gamma_joint_product,TN,27156157,0.30655265876548576,case_patch_macro
decoder_stage_1_low_to_high,HEM_PA99.nii.gz,gamma_joint_product,TP,1014552,0.10207112032142739,case_patch_macro
decoder_stage_1_low_to_high,HEM_PA99.nii.gz,gamma_world_stability,FN,86893,0.017075229830799277,case_patch_macro
decoder_stage_1_low_to_high,HEM_PA99.nii.gz,gamma_world_stability,FP,53950,0.05034954246928544,case_patch_macro
decoder_stage_1_low_to_high,HEM_PA99.nii.gz,gamma_world_stability,TN,27156157,0.5057182386152608,case_patch_macro
decoder_stage_1_low_to_high,HEM_PA99.nii.gz,gamma_world_stability,TP,1014552,0.413360457383157,case_patch_macro
decoder_stage_1_low_to_high,HEM_PA99.nii.gz,pairwise_joint_product,FN,86893,0.0005119757800269003,case_patch_macro
decoder_stage_1_low_to_high,HEM_PA99.nii.gz,pairwise_joint_product,FP,53950,0.0005224157788352334,case_patch_macro
decoder_stage_1_low_to_high,HEM_PA99.nii.gz,pairwise_joint_product,TN,27156157,0.31292467642769783,case_patch_macro
decoder_stage_1_low_to_high,HEM_PA99.nii.gz,pairwise_joint_product,TP,1014552,0.053061837325995787,case_patch_macro
decoder_stage_1_low_to_high,HEM_PA99.nii.gz,pairwise_world_stability,FN,86893,0.01409197896419761,case_patch_macro
decoder_stage_1_low_to_high,HEM_PA99.nii.gz,pairwise_world_stability,FP,53950,0.016456329982155574,case_patch_macro
decoder_stage_1_low_to_high,HEM_PA99.nii.gz,pairwise_world_stability,TN,27156157,0.5140317386284522,case_patch_macro
decoder_stage_1_low_to_high,HEM_PA99.nii.gz,pairwise_world_stability,TP,1014552,0.19515079473711672,case_patch_macro
final_decoder_feature,HEM_PA99.nii.gz,blur_joint_product,FN,86893,0.0004641626003502814,case_patch_macro
final_decoder_feature,HEM_PA99.nii.gz,blur_joint_product,FP,53950,0.0004838411379432894,case_patch_macro
final_decoder_feature,HEM_PA99.nii.gz,blur_joint_product,TN,27156157,0.3104565748281368,case_patch_macro
final_decoder_feature,HEM_PA99.nii.gz,blur_joint_product,TP,1014552,0.052673629559752994,case_patch_macro
final_decoder_feature,HEM_PA99.nii.gz,blur_world_stability,FN,86893,0.015316558230760634,case_patch_macro
final_decoder_feature,HEM_PA99.nii.gz,blur_world_stability,FP,53950,0.01854287226790265,case_patch_macro
final_decoder_feature,HEM_PA99.nii.gz,blur_world_stability,TN,27156157,0.514455467034917,case_patch_macro
final_decoder_feature,HEM_PA99.nii.gz,blur_world_stability,TP,1014552,0.18304706869120588,case_patch_macro
final_decoder_feature,HEM_PA99.nii.gz,confidence_rank,FN,86893,0.011759335322502555,case_patch_macro
final_decoder_feature,HEM_PA99.nii.gz,confidence_rank,FP,53950,0.013374727795450186,case_patch_macro
final_decoder_feature,HEM_PA99.nii.gz,confidence_rank,TN,27156157,0.5164438763566896,case_patch_macro
final_decoder_feature,HEM_PA99.nii.gz,confidence_rank,TP,1014552,0.1326144910886857,case_patch_macro
final_decoder_feature,HEM_PA99.nii.gz,gamma_joint_product,FN,86893,0.000580086841009869,case_patch_macro
final_decoder_feature,HEM_PA99.nii.gz,gamma_joint_product,FP,53950,0.0016406157479157604,case_patch_macro
final_decoder_feature,HEM_PA99.nii.gz,gamma_joint_product,TN,27156157,0.3090965219062626,case_patch_macro
final_decoder_feature,HEM_PA99.nii.gz,gamma_joint_product,TP,1014552,0.08740231307056902,case_patch_macro
final_decoder_feature,HEM_PA99.nii.gz,gamma_world_stability,FN,86893,0.014142323078815668,case_patch_macro
final_decoder_feature,HEM_PA99.nii.gz,gamma_world_stability,FP,53950,0.04195309259536121,case_patch_macro
final_decoder_feature,HEM_PA99.nii.gz,gamma_world_stability,TN,27156157,0.5090218310759013,case_patch_macro
final_decoder_feature,HEM_PA99.nii.gz,gamma_world_stability,TP,1014552,0.3276549128070764,case_patch_macro
final_decoder_feature,HEM_PA99.nii.gz,pairwise_joint_product,FN,86893,0.0004539099174594976,case_patch_macro
final_decoder_feature,HEM_PA99.nii.gz,pairwise_joint_product,FP,53950,0.00036263291459931636,case_patch_macro
final_decoder_feature,HEM_PA99.nii.gz,pairwise_joint_product,TN,27156157,0.3149595876368636,case_patch_macro
final_decoder_feature,HEM_PA99.nii.gz,pairwise_joint_product,TP,1014552,0.04456044374578707,case_patch_macro
final_decoder_feature,HEM_PA99.nii.gz,pairwise_world_stability,FN,86893,0.013677381342990092,case_patch_macro
final_decoder_feature,HEM_PA99.nii.gz,pairwise_world_stability,FP,53950,0.014317869804902487,case_patch_macro
final_decoder_feature,HEM_PA99.nii.gz,pairwise_world_stability,TN,27156157,0.5161507246711811,case_patch_macro
final_decoder_feature,HEM_PA99.nii.gz,pairwise_world_stability,TP,1014552,0.1394289143487654,case_patch_macro
final_decoder_stage_input,HEM_PA99.nii.gz,blur_joint_product,FN,86893,0.0004641626003502814,case_patch_macro
final_decoder_stage_input,HEM_PA99.nii.gz,blur_joint_product,FP,53950,0.0004838411379432894,case_patch_macro
final_decoder_stage_input,HEM_PA99.nii.gz,blur_joint_product,TN,27156157,0.3104565748281368,case_patch_macro
final_decoder_stage_input,HEM_PA99.nii.gz,blur_joint_product,TP,1014552,0.052673629559752994,case_patch_macro
final_decoder_stage_input,HEM_PA99.nii.gz,blur_world_stability,FN,86893,0.015316558230760634,case_patch_macro
final_decoder_stage_input,HEM_PA99.nii.gz,blur_world_stability,FP,53950,0.01854287226790265,case_patch_macro
final_decoder_stage_input,HEM_PA99.nii.gz,blur_world_stability,TN,27156157,0.514455467034917,case_patch_macro
final_decoder_stage_input,HEM_PA99.nii.gz,blur_world_stability,TP,1014552,0.18304706869120588,case_patch_macro
final_decoder_stage_input,HEM_PA99.nii.gz,confidence_rank,FN,86893,0.011759335322502555,case_patch_macro
final_decoder_stage_input,HEM_PA99.nii.gz,confidence_rank,FP,53950,0.013374727795450186,case_patch_macro
final_decoder_stage_input,HEM_PA99.nii.gz,confidence_rank,TN,27156157,0.5164438763566896,case_patch_macro
final_decoder_stage_input,HEM_PA99.nii.gz,confidence_rank,TP,1014552,0.1326144910886857,case_patch_macro
final_decoder_stage_input,HEM_PA99.nii.gz,gamma_joint_product,FN,86893,0.000580086841009869,case_patch_macro
final_decoder_stage_input,HEM_PA99.nii.gz,gamma_joint_product,FP,53950,0.0016406157479157604,case_patch_macro
final_decoder_stage_input,HEM_PA99.nii.gz,gamma_joint_product,TN,27156157,0.3090965219062626,case_patch_macro
final_decoder_stage_input,HEM_PA99.nii.gz,gamma_joint_product,TP,1014552,0.08740231307056902,case_patch_macro
final_decoder_stage_input,HEM_PA99.nii.gz,gamma_world_stability,FN,86893,0.014142323078815668,case_patch_macro
final_decoder_stage_input,HEM_PA99.nii.gz,gamma_world_stability,FP,53950,0.04195309259536121,case_patch_macro
final_decoder_stage_input,HEM_PA99.nii.gz,gamma_world_stability,TN,27156157,0.5090218310759013,case_patch_macro
final_decoder_stage_input,HEM_PA99.nii.gz,gamma_world_stability,TP,1014552,0.3276549128070764,case_patch_macro
final_decoder_stage_input,HEM_PA99.nii.gz,pairwise_joint_product,FN,86893,0.0004539099174594976,case_patch_macro
final_decoder_stage_input,HEM_PA99.nii.gz,pairwise_joint_product,FP,53950,0.00036263291459931636,case_patch_macro
final_decoder_stage_input,HEM_PA99.nii.gz,pairwise_joint_product,TN,27156157,0.3149595876368636,case_patch_macro
final_decoder_stage_input,HEM_PA99.nii.gz,pairwise_joint_product,TP,1014552,0.04456044374578707,case_patch_macro
final_decoder_stage_input,HEM_PA99.nii.gz,pairwise_world_stability,FN,86893,0.013677381342990092,case_patch_macro
final_decoder_stage_input,HEM_PA99.nii.gz,pairwise_world_stability,FP,53950,0.014317869804902487,case_patch_macro
final_decoder_stage_input,HEM_PA99.nii.gz,pairwise_world_stability,TN,27156157,0.5161507246711811,case_patch_macro
final_decoder_stage_input,HEM_PA99.nii.gz,pairwise_world_stability,TP,1014552,0.1394289143487654,case_patch_macro
full_voxtell_reference,HEM_PA99.nii.gz,blur_joint_product,FN,86893,0.0004912823857624667,case_patch_macro
full_voxtell_reference,HEM_PA99.nii.gz,blur_joint_product,FP,53950,0.0004897514250316191,case_patch_macro
full_voxtell_reference,HEM_PA99.nii.gz,blur_joint_product,TN,27156157,0.31162228467175795,case_patch_macro
full_voxtell_reference,HEM_PA99.nii.gz,blur_joint_product,TP,1014552,0.058438998146153935,case_patch_macro
full_voxtell_reference,HEM_PA99.nii.gz,blur_world_stability,FN,86893,0.015462788782338595,case_patch_macro
full_voxtell_reference,HEM_PA99.nii.gz,blur_world_stability,FP,53950,0.018420916234795748,case_patch_macro
full_voxtell_reference,HEM_PA99.nii.gz,blur_world_stability,TN,27156157,0.5144648059799057,case_patch_macro
full_voxtell_reference,HEM_PA99.nii.gz,blur_world_stability,TP,1014552,0.18258090204086463,case_patch_macro
full_voxtell_reference,HEM_PA99.nii.gz,confidence_rank,FN,86893,0.011759335322502555,case_patch_macro
full_voxtell_reference,HEM_PA99.nii.gz,confidence_rank,FP,53950,0.013374727795450186,case_patch_macro
full_voxtell_reference,HEM_PA99.nii.gz,confidence_rank,TN,27156157,0.5164438763566896,case_patch_macro
full_voxtell_reference,HEM_PA99.nii.gz,confidence_rank,TP,1014552,0.1326144910886857,case_patch_macro
full_voxtell_reference,HEM_PA99.nii.gz,gamma_joint_product,FN,86893,0.0006064943318528593,case_patch_macro
full_voxtell_reference,HEM_PA99.nii.gz,gamma_joint_product,FP,53950,0.0014985475929656827,case_patch_macro
full_voxtell_reference,HEM_PA99.nii.gz,gamma_joint_product,TN,27156157,0.31279471638712086,case_patch_macro
full_voxtell_reference,HEM_PA99.nii.gz,gamma_joint_product,TP,1014552,0.08811794407103268,case_patch_macro
full_voxtell_reference,HEM_PA99.nii.gz,gamma_world_stability,FN,86893,0.014612419979342697,case_patch_macro
full_voxtell_reference,HEM_PA99.nii.gz,gamma_world_stability,FP,53950,0.039427335061842796,case_patch_macro
full_voxtell_reference,HEM_PA99.nii.gz,gamma_world_stability,TN,27156157,0.509071343113561,case_patch_macro
full_voxtell_reference,HEM_PA99.nii.gz,gamma_world_stability,TP,1014552,0.3261982409952958,case_patch_macro
full_voxtell_reference,HEM_PA99.nii.gz,pairwise_joint_product,FN,86893,0.0004891387247566808,case_patch_macro
full_voxtell_reference,HEM_PA99.nii.gz,pairwise_joint_product,FP,53950,0.0003616762475620404,case_patch_macro
full_voxtell_reference,HEM_PA99.nii.gz,pairwise_joint_product,TN,27156157,0.3170002250232856,case_patch_macro
full_voxtell_reference,HEM_PA99.nii.gz,pairwise_joint_product,TP,1014552,0.04933825534900377,case_patch_macro
full_voxtell_reference,HEM_PA99.nii.gz,pairwise_world_stability,FN,86893,0.013895733660420184,case_patch_macro
full_voxtell_reference,HEM_PA99.nii.gz,pairwise_world_stability,FP,53950,0.014337632232951467,case_patch_macro
full_voxtell_reference,HEM_PA99.nii.gz,pairwise_world_stability,TN,27156157,0.5160949644915854,case_patch_macro
full_voxtell_reference,HEM_PA99.nii.gz,pairwise_world_stability,TP,1014552,0.14051313864958992,case_patch_macro
penultimate_decoder_stage_output,HEM_PA99.nii.gz,blur_joint_product,FN,86893,0.0005069004973629828,case_patch_macro
penultimate_decoder_stage_output,HEM_PA99.nii.gz,blur_joint_product,FP,53950,0.0005042263856900624,case_patch_macro
penultimate_decoder_stage_output,HEM_PA99.nii.gz,blur_joint_product,TN,27156157,0.31052318045893296,case_patch_macro
penultimate_decoder_stage_output,HEM_PA99.nii.gz,blur_joint_product,TP,1014552,0.054076165408049964,case_patch_macro
penultimate_decoder_stage_output,HEM_PA99.nii.gz,blur_world_stability,FN,86893,0.015456509822463714,case_patch_macro
penultimate_decoder_stage_output,HEM_PA99.nii.gz,blur_world_stability,FP,53950,0.01936767752212235,case_patch_macro
penultimate_decoder_stage_output,HEM_PA99.nii.gz,blur_world_stability,TN,27156157,0.5144460842991636,case_patch_macro
penultimate_decoder_stage_output,HEM_PA99.nii.gz,blur_world_stability,TP,1014552,0.18326683368600113,case_patch_macro
penultimate_decoder_stage_output,HEM_PA99.nii.gz,confidence_rank,FN,86893,0.011759335322502555,case_patch_macro
penultimate_decoder_stage_output,HEM_PA99.nii.gz,confidence_rank,FP,53950,0.013374727795450186,case_patch_macro
penultimate_decoder_stage_output,HEM_PA99.nii.gz,confidence_rank,TN,27156157,0.5164438763566896,case_patch_macro
penultimate_decoder_stage_output,HEM_PA99.nii.gz,confidence_rank,TP,1014552,0.1326144910886857,case_patch_macro
penultimate_decoder_stage_output,HEM_PA99.nii.gz,gamma_joint_product,FN,86893,0.0005937791079749775,case_patch_macro
penultimate_decoder_stage_output,HEM_PA99.nii.gz,gamma_joint_product,FP,53950,0.001554619763261638,case_patch_macro
penultimate_decoder_stage_output,HEM_PA99.nii.gz,gamma_joint_product,TN,27156157,0.30898809990101966,case_patch_macro
penultimate_decoder_stage_output,HEM_PA99.nii.gz,gamma_joint_product,TP,1014552,0.08918730471125476,case_patch_macro
penultimate_decoder_stage_output,HEM_PA99.nii.gz,gamma_world_stability,FN,86893,0.014458859481709363,case_patch_macro
penultimate_decoder_stage_output,HEM_PA99.nii.gz,gamma_world_stability,FP,53950,0.040335378576262744,case_patch_macro
penultimate_decoder_stage_output,HEM_PA99.nii.gz,gamma_world_stability,TN,27156157,0.5086705403832622,case_patch_macro
penultimate_decoder_stage_output,HEM_PA99.nii.gz,gamma_world_stability,TP,1014552,0.3369576358823752,case_patch_macro
penultimate_decoder_stage_output,HEM_PA99.nii.gz,pairwise_joint_product,FN,86893,0.00048811229396520826,case_patch_macro
penultimate_decoder_stage_output,HEM_PA99.nii.gz,pairwise_joint_product,FP,53950,0.00035878945913053636,case_patch_macro
penultimate_decoder_stage_output,HEM_PA99.nii.gz,pairwise_joint_product,TN,27156157,0.3149796518898906,case_patch_macro
penultimate_decoder_stage_output,HEM_PA99.nii.gz,pairwise_joint_product,TP,1014552,0.04652148617538848,case_patch_macro
penultimate_decoder_stage_output,HEM_PA99.nii.gz,pairwise_world_stability,FN,86893,0.013907995626116504,case_patch_macro
penultimate_decoder_stage_output,HEM_PA99.nii.gz,pairwise_world_stability,FP,53950,0.014353819232775506,case_patch_macro
penultimate_decoder_stage_output,HEM_PA99.nii.gz,pairwise_world_stability,TN,27156157,0.5160924079366873,case_patch_macro
penultimate_decoder_stage_output,HEM_PA99.nii.gz,pairwise_world_stability,TP,1014552,0.1408107897010902,case_patch_macro
decoder_stage_1_low_to_high,HCC_10140276_20170721.nii.gz,blur_joint_product,FN,73246,0.00015836168378446716,case_patch_macro
decoder_stage_1_low_to_high,HCC_10140276_20170721.nii.gz,blur_joint_product,FP,61574,0.05148054133244135,case_patch_macro
decoder_stage_1_low_to_high,HCC_10140276_20170721.nii.gz,blur_joint_product,TN,27762288,0.3111447804212921,case_patch_macro
decoder_stage_1_low_to_high,HCC_10140276_20170721.nii.gz,blur_joint_product,TP,414444,0.07727365691278981,case_patch_macro
decoder_stage_1_low_to_high,HCC_10140276_20170721.nii.gz,blur_world_stability,FN,73246,0.012358746218027293,case_patch_macro
decoder_stage_1_low_to_high,HCC_10140276_20170721.nii.gz,blur_world_stability,FP,61574,0.11280625812863962,case_patch_macro
decoder_stage_1_low_to_high,HCC_10140276_20170721.nii.gz,blur_world_stability,TN,27762288,0.5073569156155359,case_patch_macro
decoder_stage_1_low_to_high,HCC_10140276_20170721.nii.gz,blur_world_stability,TP,414444,0.14146815955212996,case_patch_macro
decoder_stage_1_low_to_high,HCC_10140276_20170721.nii.gz,confidence_rank,FN,73246,0.007917379549493127,case_patch_macro
decoder_stage_1_low_to_high,HCC_10140276_20170721.nii.gz,confidence_rank,FP,61574,0.10031578353399723,case_patch_macro
decoder_stage_1_low_to_high,HCC_10140276_20170721.nii.gz,confidence_rank,TN,27762288,0.5069149772093059,case_patch_macro
decoder_stage_1_low_to_high,HCC_10140276_20170721.nii.gz,confidence_rank,TP,414444,0.17385459405944262,case_patch_macro
decoder_stage_1_low_to_high,HCC_10140276_20170721.nii.gz,gamma_joint_product,FN,73246,0.0001348335897333766,case_patch_macro
decoder_stage_1_low_to_high,HCC_10140276_20170721.nii.gz,gamma_joint_product,FP,61574,0.05267463282481519,case_patch_macro
decoder_stage_1_low_to_high,HCC_10140276_20170721.nii.gz,gamma_joint_product,TN,27762288,0.30714259135617134,case_patch_macro
decoder_stage_1_low_to_high,HCC_10140276_20170721.nii.gz,gamma_joint_product,TP,414444,0.13312887832863604,case_patch_macro
decoder_stage_1_low_to_high,HCC_10140276_20170721.nii.gz,gamma_world_stability,FN,73246,0.009641603078235375,case_patch_macro
decoder_stage_1_low_to_high,HCC_10140276_20170721.nii.gz,gamma_world_stability,FP,61574,0.14717194335697806,case_patch_macro
decoder_stage_1_low_to_high,HCC_10140276_20170721.nii.gz,gamma_world_stability,TN,27762288,0.5045319265342645,case_patch_macro
decoder_stage_1_low_to_high,HCC_10140276_20170721.nii.gz,gamma_world_stability,TP,414444,0.32803894182959253,case_patch_macro
decoder_stage_1_low_to_high,HCC_10140276_20170721.nii.gz,pairwise_joint_product,FN,73246,0.0001411094706993576,case_patch_macro
decoder_stage_1_low_to_high,HCC_10140276_20170721.nii.gz,pairwise_joint_product,FP,61574,0.05083771586794755,case_patch_macro
decoder_stage_1_low_to_high,HCC_10140276_20170721.nii.gz,pairwise_joint_product,TN,27762288,0.31480159536733554,case_patch_macro
decoder_stage_1_low_to_high,HCC_10140276_20170721.nii.gz,pairwise_joint_product,TP,414444,0.07666954870588331,case_patch_macro
decoder_stage_1_low_to_high,HCC_10140276_20170721.nii.gz,pairwise_world_stability,FN,73246,0.01120946733124418,case_patch_macro
decoder_stage_1_low_to_high,HCC_10140276_20170721.nii.gz,pairwise_world_stability,FP,61574,0.1021152888626484,case_patch_macro
decoder_stage_1_low_to_high,HCC_10140276_20170721.nii.gz,pairwise_world_stability,TN,27762288,0.5076512704217454,case_patch_macro
decoder_stage_1_low_to_high,HCC_10140276_20170721.nii.gz,pairwise_world_stability,TP,414444,0.12335922569740065,case_patch_macro
final_decoder_feature,HCC_10140276_20170721.nii.gz,blur_joint_product,FN,73246,0.00019699273286226913,case_patch_macro
final_decoder_feature,HCC_10140276_20170721.nii.gz,blur_joint_product,FP,61574,0.0199941526869813,case_patch_macro
final_decoder_feature,HCC_10140276_20170721.nii.gz,blur_joint_product,TN,27762288,0.3119524921865799,case_patch_macro
final_decoder_feature,HCC_10140276_20170721.nii.gz,blur_joint_product,TP,414444,0.02100906544774182,case_patch_macro
final_decoder_feature,HCC_10140276_20170721.nii.gz,blur_world_stability,FN,73246,0.017901260799838146,case_patch_macro
final_decoder_feature,HCC_10140276_20170721.nii.gz,blur_world_stability,FP,61574,0.0501968174410352,case_patch_macro
final_decoder_feature,HCC_10140276_20170721.nii.gz,blur_world_stability,TN,27762288,0.5090546918346678,case_patch_macro
final_decoder_feature,HCC_10140276_20170721.nii.gz,blur_world_stability,TP,414444,0.047394261839055624,case_patch_macro
final_decoder_feature,HCC_10140276_20170721.nii.gz,confidence_rank,FN,73246,0.007917379549493127,case_patch_macro
final_decoder_feature,HCC_10140276_20170721.nii.gz,confidence_rank,FP,61574,0.10031578353399723,case_patch_macro
final_decoder_feature,HCC_10140276_20170721.nii.gz,confidence_rank,TN,27762288,0.5069149772093059,case_patch_macro
final_decoder_feature,HCC_10140276_20170721.nii.gz,confidence_rank,TP,414444,0.17385459405944262,case_patch_macro
final_decoder_feature,HCC_10140276_20170721.nii.gz,gamma_joint_product,FN,73246,0.0001229094630623406,case_patch_macro
final_decoder_feature,HCC_10140276_20170721.nii.gz,gamma_joint_product,FP,61574,0.044385864640790085,case_patch_macro
final_decoder_feature,HCC_10140276_20170721.nii.gz,gamma_joint_product,TN,27762288,0.3088228597143441,case_patch_macro
final_decoder_feature,HCC_10140276_20170721.nii.gz,gamma_joint_product,TP,414444,0.12806824798367206,case_patch_macro
final_decoder_feature,HCC_10140276_20170721.nii.gz,gamma_world_stability,FN,73246,0.009310908407163022,case_patch_macro
final_decoder_feature,HCC_10140276_20170721.nii.gz,gamma_world_stability,FP,61574,0.1113600305699954,case_patch_macro
final_decoder_feature,HCC_10140276_20170721.nii.gz,gamma_world_stability,TN,27762288,0.505212215372454,case_patch_macro
final_decoder_feature,HCC_10140276_20170721.nii.gz,gamma_world_stability,TP,414444,0.28986154130473984,case_patch_macro
final_decoder_feature,HCC_10140276_20170721.nii.gz,pairwise_joint_product,FN,73246,0.00017479427822311312,case_patch_macro
final_decoder_feature,HCC_10140276_20170721.nii.gz,pairwise_joint_product,FP,61574,0.019035508413697885,case_patch_macro
final_decoder_feature,HCC_10140276_20170721.nii.gz,pairwise_joint_product,TN,27762288,0.31584624520592786,case_patch_macro
final_decoder_feature,HCC_10140276_20170721.nii.gz,pairwise_joint_product,TP,414444,0.020798179742300135,case_patch_macro
final_decoder_feature,HCC_10140276_20170721.nii.gz,pairwise_world_stability,FN,73246,0.016082948668508613,case_patch_macro
final_decoder_feature,HCC_10140276_20170721.nii.gz,pairwise_world_stability,FP,61574,0.042368873739484184,case_patch_macro
final_decoder_feature,HCC_10140276_20170721.nii.gz,pairwise_world_stability,TN,27762288,0.509202572691174,case_patch_macro
final_decoder_feature,HCC_10140276_20170721.nii.gz,pairwise_world_stability,TP,414444,0.03863453994721127,case_patch_macro
final_decoder_stage_input,HCC_10140276_20170721.nii.gz,blur_joint_product,FN,73246,0.00019699273286226913,case_patch_macro
final_decoder_stage_input,HCC_10140276_20170721.nii.gz,blur_joint_product,FP,61574,0.0199941526869813,case_patch_macro
final_decoder_stage_input,HCC_10140276_20170721.nii.gz,blur_joint_product,TN,27762288,0.3119524921865799,case_patch_macro
final_decoder_stage_input,HCC_10140276_20170721.nii.gz,blur_joint_product,TP,414444,0.02100906544774182,case_patch_macro
final_decoder_stage_input,HCC_10140276_20170721.nii.gz,blur_world_stability,FN,73246,0.017901260799838146,case_patch_macro
final_decoder_stage_input,HCC_10140276_20170721.nii.gz,blur_world_stability,FP,61574,0.0501968174410352,case_patch_macro
final_decoder_stage_input,HCC_10140276_20170721.nii.gz,blur_world_stability,TN,27762288,0.5090546918346678,case_patch_macro
final_decoder_stage_input,HCC_10140276_20170721.nii.gz,blur_world_stability,TP,414444,0.047394261839055624,case_patch_macro
final_decoder_stage_input,HCC_10140276_20170721.nii.gz,confidence_rank,FN,73246,0.007917379549493127,case_patch_macro
final_decoder_stage_input,HCC_10140276_20170721.nii.gz,confidence_rank,FP,61574,0.10031578353399723,case_patch_macro
final_decoder_stage_input,HCC_10140276_20170721.nii.gz,confidence_rank,TN,27762288,0.5069149772093059,case_patch_macro
final_decoder_stage_input,HCC_10140276_20170721.nii.gz,confidence_rank,TP,414444,0.17385459405944262,case_patch_macro
final_decoder_stage_input,HCC_10140276_20170721.nii.gz,gamma_joint_product,FN,73246,0.0001229094630623406,case_patch_macro
final_decoder_stage_input,HCC_10140276_20170721.nii.gz,gamma_joint_product,FP,61574,0.044385864640790085,case_patch_macro
final_decoder_stage_input,HCC_10140276_20170721.nii.gz,gamma_joint_product,TN,27762288,0.3088228597143441,case_patch_macro
final_decoder_stage_input,HCC_10140276_20170721.nii.gz,gamma_joint_product,TP,414444,0.12806824798367206,case_patch_macro
final_decoder_stage_input,HCC_10140276_20170721.nii.gz,gamma_world_stability,FN,73246,0.009310908407163022,case_patch_macro
final_decoder_stage_input,HCC_10140276_20170721.nii.gz,gamma_world_stability,FP,61574,0.1113600305699954,case_patch_macro
final_decoder_stage_input,HCC_10140276_20170721.nii.gz,gamma_world_stability,TN,27762288,0.505212215372454,case_patch_macro
final_decoder_stage_input,HCC_10140276_20170721.nii.gz,gamma_world_stability,TP,414444,0.28986154130473984,case_patch_macro
final_decoder_stage_input,HCC_10140276_20170721.nii.gz,pairwise_joint_product,FN,73246,0.00017479427822311312,case_patch_macro
final_decoder_stage_input,HCC_10140276_20170721.nii.gz,pairwise_joint_product,FP,61574,0.019035508413697885,case_patch_macro
final_decoder_stage_input,HCC_10140276_20170721.nii.gz,pairwise_joint_product,TN,27762288,0.31584624520592786,case_patch_macro
final_decoder_stage_input,HCC_10140276_20170721.nii.gz,pairwise_joint_product,TP,414444,0.020798179742300135,case_patch_macro
final_decoder_stage_input,HCC_10140276_20170721.nii.gz,pairwise_world_stability,FN,73246,0.016082948668508613,case_patch_macro
final_decoder_stage_input,HCC_10140276_20170721.nii.gz,pairwise_world_stability,FP,61574,0.042368873739484184,case_patch_macro
final_decoder_stage_input,HCC_10140276_20170721.nii.gz,pairwise_world_stability,TN,27762288,0.509202572691174,case_patch_macro
final_decoder_stage_input,HCC_10140276_20170721.nii.gz,pairwise_world_stability,TP,414444,0.03863453994721127,case_patch_macro
full_voxtell_reference,HCC_10140276_20170721.nii.gz,blur_joint_product,FN,73246,0.00021291815719727092,case_patch_macro
full_voxtell_reference,HCC_10140276_20170721.nii.gz,blur_joint_product,FP,61574,0.01723084864243065,case_patch_macro
full_voxtell_reference,HCC_10140276_20170721.nii.gz,blur_joint_product,TN,27762288,0.30970064882914444,case_patch_macro
full_voxtell_reference,HCC_10140276_20170721.nii.gz,blur_joint_product,TP,414444,0.01810115098890951,case_patch_macro
full_voxtell_reference,HCC_10140276_20170721.nii.gz,blur_world_stability,FN,73246,0.019027065751341023,case_patch_macro
full_voxtell_reference,HCC_10140276_20170721.nii.gz,blur_world_stability,FP,61574,0.04573616372738799,case_patch_macro
full_voxtell_reference,HCC_10140276_20170721.nii.gz,blur_world_stability,TN,27762288,0.5091865339796745,case_patch_macro
full_voxtell_reference,HCC_10140276_20170721.nii.gz,blur_world_stability,TP,414444,0.04031660229839312,case_patch_macro
full_voxtell_reference,HCC_10140276_20170721.nii.gz,confidence_rank,FN,73246,0.007917379549493127,case_patch_macro
full_voxtell_reference,HCC_10140276_20170721.nii.gz,confidence_rank,FP,61574,0.10031578353399723,case_patch_macro
full_voxtell_reference,HCC_10140276_20170721.nii.gz,confidence_rank,TN,27762288,0.5069149772093059,case_patch_macro
full_voxtell_reference,HCC_10140276_20170721.nii.gz,confidence_rank,TP,414444,0.17385459405944262,case_patch_macro
full_voxtell_reference,HCC_10140276_20170721.nii.gz,gamma_joint_product,FN,73246,0.00012283737375150952,case_patch_macro
full_voxtell_reference,HCC_10140276_20170721.nii.gz,gamma_joint_product,FP,61574,0.04415307718916403,case_patch_macro
full_voxtell_reference,HCC_10140276_20170721.nii.gz,gamma_joint_product,TN,27762288,0.3109400862030989,case_patch_macro
full_voxtell_reference,HCC_10140276_20170721.nii.gz,gamma_joint_product,TP,414444,0.13262975361336202,case_patch_macro
full_voxtell_reference,HCC_10140276_20170721.nii.gz,gamma_world_stability,FN,73246,0.00909972726397494,case_patch_macro
full_voxtell_reference,HCC_10140276_20170721.nii.gz,gamma_world_stability,FP,61574,0.1118847191500281,case_patch_macro
full_voxtell_reference,HCC_10140276_20170721.nii.gz,gamma_world_stability,TN,27762288,0.5051493562511367,case_patch_macro
full_voxtell_reference,HCC_10140276_20170721.nii.gz,gamma_world_stability,TP,414444,0.2954163755780026,case_patch_macro
full_voxtell_reference,HCC_10140276_20170721.nii.gz,pairwise_joint_product,FN,73246,0.0001830748451481934,case_patch_macro
full_voxtell_reference,HCC_10140276_20170721.nii.gz,pairwise_joint_product,FP,61574,0.016299001300755844,case_patch_macro
full_voxtell_reference,HCC_10140276_20170721.nii.gz,pairwise_joint_product,TN,27762288,0.3139000946878248,case_patch_macro
full_voxtell_reference,HCC_10140276_20170721.nii.gz,pairwise_joint_product,TP,414444,0.018205813635092084,case_patch_macro
full_voxtell_reference,HCC_10140276_20170721.nii.gz,pairwise_world_stability,FN,73246,0.01675644487603158,case_patch_macro
full_voxtell_reference,HCC_10140276_20170721.nii.gz,pairwise_world_stability,FP,61574,0.03795665128938734,case_patch_macro
full_voxtell_reference,HCC_10140276_20170721.nii.gz,pairwise_world_stability,TN,27762288,0.5092948249056678,case_patch_macro
full_voxtell_reference,HCC_10140276_20170721.nii.gz,pairwise_world_stability,TP,414444,0.034007811742506965,case_patch_macro
penultimate_decoder_stage_output,HCC_10140276_20170721.nii.gz,blur_joint_product,FN,73246,0.00019738326055147837,case_patch_macro
penultimate_decoder_stage_output,HCC_10140276_20170721.nii.gz,blur_joint_product,FP,61574,0.023416226673814225,case_patch_macro
penultimate_decoder_stage_output,HCC_10140276_20170721.nii.gz,blur_joint_product,TN,27762288,0.31212138157805097,case_patch_macro
penultimate_decoder_stage_output,HCC_10140276_20170721.nii.gz,blur_joint_product,TP,414444,0.026277405234850625,case_patch_macro
penultimate_decoder_stage_output,HCC_10140276_20170721.nii.gz,blur_world_stability,FN,73246,0.01788088225349326,case_patch_macro
penultimate_decoder_stage_output,HCC_10140276_20170721.nii.gz,blur_world_stability,FP,61574,0.05752250351816101,case_patch_macro
penultimate_decoder_stage_output,HCC_10140276_20170721.nii.gz,blur_world_stability,TN,27762288,0.508970879275588,case_patch_macro
penultimate_decoder_stage_output,HCC_10140276_20170721.nii.gz,blur_world_stability,TP,414444,0.05210281829754579,case_patch_macro
penultimate_decoder_stage_output,HCC_10140276_20170721.nii.gz,confidence_rank,FN,73246,0.007917379549493127,case_patch_macro
penultimate_decoder_stage_output,HCC_10140276_20170721.nii.gz,confidence_rank,FP,61574,0.10031578353399723,case_patch_macro
penultimate_decoder_stage_output,HCC_10140276_20170721.nii.gz,confidence_rank,TN,27762288,0.5069149772093059,case_patch_macro
penultimate_decoder_stage_output,HCC_10140276_20170721.nii.gz,confidence_rank,TP,414444,0.17385459405944262,case_patch_macro
penultimate_decoder_stage_output,HCC_10140276_20170721.nii.gz,gamma_joint_product,FN,73246,0.00012438805847418837,case_patch_macro
penultimate_decoder_stage_output,HCC_10140276_20170721.nii.gz,gamma_joint_product,FP,61574,0.04534101828152319,case_patch_macro
penultimate_decoder_stage_output,HCC_10140276_20170721.nii.gz,gamma_joint_product,TN,27762288,0.3091713280604448,case_patch_macro
penultimate_decoder_stage_output,HCC_10140276_20170721.nii.gz,gamma_joint_product,TP,414444,0.1230146565664753,case_patch_macro
penultimate_decoder_stage_output,HCC_10140276_20170721.nii.gz,gamma_world_stability,FN,73246,0.009292034805506942,case_patch_macro
penultimate_decoder_stage_output,HCC_10140276_20170721.nii.gz,gamma_world_stability,FP,61574,0.11503538780036233,case_patch_macro
penultimate_decoder_stage_output,HCC_10140276_20170721.nii.gz,gamma_world_stability,TN,27762288,0.5053494798567937,case_patch_macro
penultimate_decoder_stage_output,HCC_10140276_20170721.nii.gz,gamma_world_stability,TP,414444,0.28220447824439227,case_patch_macro
penultimate_decoder_stage_output,HCC_10140276_20170721.nii.gz,pairwise_joint_product,FN,73246,0.00017539544754661276,case_patch_macro
penultimate_decoder_stage_output,HCC_10140276_20170721.nii.gz,pairwise_joint_product,FP,61574,0.022478654668108486,case_patch_macro
penultimate_decoder_stage_output,HCC_10140276_20170721.nii.gz,pairwise_joint_product,TN,27762288,0.3161231159735265,case_patch_macro
penultimate_decoder_stage_output,HCC_10140276_20170721.nii.gz,pairwise_joint_product,TP,414444,0.025770961001921732,case_patch_macro
penultimate_decoder_stage_output,HCC_10140276_20170721.nii.gz,pairwise_world_stability,FN,73246,0.01610342468587107,case_patch_macro
penultimate_decoder_stage_output,HCC_10140276_20170721.nii.gz,pairwise_world_stability,FP,61574,0.04878880463143958,case_patch_macro
penultimate_decoder_stage_output,HCC_10140276_20170721.nii.gz,pairwise_world_stability,TN,27762288,0.509107761615252,case_patch_macro
penultimate_decoder_stage_output,HCC_10140276_20170721.nii.gz,pairwise_world_stability,TP,414444,0.04402182428626809,case_patch_macro
decoder_stage_1_low_to_high,HEM_PA97.nii.gz,blur_joint_product,FN,212965,0.01617092844327233,case_patch_macro
decoder_stage_1_low_to_high,HEM_PA97.nii.gz,blur_joint_product,FP,42599,0.00015738825049105572,case_patch_macro
decoder_stage_1_low_to_high,HEM_PA97.nii.gz,blur_joint_product,TN,27513150,0.29476983110617455,case_patch_macro
decoder_stage_1_low_to_high,HEM_PA97.nii.gz,blur_joint_product,TP,542838,0.0041708152700212055,case_patch_macro
decoder_stage_1_low_to_high,HEM_PA97.nii.gz,blur_world_stability,FN,212965,0.0500838890443702,case_patch_macro
decoder_stage_1_low_to_high,HEM_PA97.nii.gz,blur_world_stability,FP,42599,0.011570984171854481,case_patch_macro
decoder_stage_1_low_to_high,HEM_PA97.nii.gz,blur_world_stability,TN,27513150,0.5132313604905163,case_patch_macro
decoder_stage_1_low_to_high,HEM_PA97.nii.gz,blur_world_stability,TP,542838,0.06518872751463413,case_patch_macro
decoder_stage_1_low_to_high,HEM_PA97.nii.gz,confidence_rank,FN,212965,0.18578036772560194,case_patch_macro
decoder_stage_1_low_to_high,HEM_PA97.nii.gz,confidence_rank,FP,42599,0.023155196658221282,case_patch_macro
decoder_stage_1_low_to_high,HEM_PA97.nii.gz,confidence_rank,TN,27513150,0.5135858565240046,case_patch_macro
decoder_stage_1_low_to_high,HEM_PA97.nii.gz,confidence_rank,TP,542838,0.03332840430150691,case_patch_macro
decoder_stage_1_low_to_high,HEM_PA97.nii.gz,gamma_joint_product,FN,212965,0.08427549721171353,case_patch_macro
decoder_stage_1_low_to_high,HEM_PA97.nii.gz,gamma_joint_product,FP,42599,0.0003816104548874657,case_patch_macro
decoder_stage_1_low_to_high,HEM_PA97.nii.gz,gamma_joint_product,TN,27513150,0.29442206359336676,case_patch_macro
decoder_stage_1_low_to_high,HEM_PA97.nii.gz,gamma_joint_product,TP,542838,0.007167258828228598,case_patch_macro
decoder_stage_1_low_to_high,HEM_PA97.nii.gz,gamma_world_stability,FN,212965,0.18435116697982876,case_patch_macro
decoder_stage_1_low_to_high,HEM_PA97.nii.gz,gamma_world_stability,FP,42599,0.01730481728231442,case_patch_macro
decoder_stage_1_low_to_high,HEM_PA97.nii.gz,gamma_world_stability,TN,27513150,0.5124023098667654,case_patch_macro
decoder_stage_1_low_to_high,HEM_PA97.nii.gz,gamma_world_stability,TP,542838,0.09652386002884204,case_patch_macro
decoder_stage_1_low_to_high,HEM_PA97.nii.gz,pairwise_joint_product,FN,212965,0.016064286427719645,case_patch_macro
decoder_stage_1_low_to_high,HEM_PA97.nii.gz,pairwise_joint_product,FP,42599,0.000154954490285884,case_patch_macro
decoder_stage_1_low_to_high,HEM_PA97.nii.gz,pairwise_joint_product,TN,27513150,0.29724175512226403,case_patch_macro
decoder_stage_1_low_to_high,HEM_PA97.nii.gz,pairwise_joint_product,TP,542838,0.0033982544888582927,case_patch_macro
decoder_stage_1_low_to_high,HEM_PA97.nii.gz,pairwise_world_stability,FN,212965,0.04774440146759309,case_patch_macro
decoder_stage_1_low_to_high,HEM_PA97.nii.gz,pairwise_world_stability,FP,42599,0.01171454324318204,case_patch_macro
decoder_stage_1_low_to_high,HEM_PA97.nii.gz,pairwise_world_stability,TN,27513150,0.5136022986015942,case_patch_macro
decoder_stage_1_low_to_high,HEM_PA97.nii.gz,pairwise_world_stability,TP,542838,0.04834577703558249,case_patch_macro
final_decoder_feature,HEM_PA97.nii.gz,blur_joint_product,FN,212965,0.00814285326848446,case_patch_macro
final_decoder_feature,HEM_PA97.nii.gz,blur_joint_product,FP,42599,0.00018034543895319803,case_patch_macro
final_decoder_feature,HEM_PA97.nii.gz,blur_joint_product,TN,27513150,0.2946634302110919,case_patch_macro
final_decoder_feature,HEM_PA97.nii.gz,blur_joint_product,TP,542838,0.003097082336928436,case_patch_macro
final_decoder_feature,HEM_PA97.nii.gz,blur_world_stability,FN,212965,0.03464911177560889,case_patch_macro
final_decoder_feature,HEM_PA97.nii.gz,blur_world_stability,FP,42599,0.013244811337909395,case_patch_macro
final_decoder_feature,HEM_PA97.nii.gz,blur_world_stability,TN,27513150,0.513560176642056,case_patch_macro
final_decoder_feature,HEM_PA97.nii.gz,blur_world_stability,TP,542838,0.049672650089898907,case_patch_macro
final_decoder_feature,HEM_PA97.nii.gz,confidence_rank,FN,212965,0.18578036772560194,case_patch_macro
final_decoder_feature,HEM_PA97.nii.gz,confidence_rank,FP,42599,0.023155196658221282,case_patch_macro
final_decoder_feature,HEM_PA97.nii.gz,confidence_rank,TN,27513150,0.5135858565240046,case_patch_macro
final_decoder_feature,HEM_PA97.nii.gz,confidence_rank,TP,542838,0.03332840430150691,case_patch_macro
final_decoder_feature,HEM_PA97.nii.gz,gamma_joint_product,FN,212965,0.08419451326334382,case_patch_macro
final_decoder_feature,HEM_PA97.nii.gz,gamma_joint_product,FP,42599,0.0002645184008267558,case_patch_macro
final_decoder_feature,HEM_PA97.nii.gz,gamma_joint_product,TN,27513150,0.29469141284454337,case_patch_macro
final_decoder_feature,HEM_PA97.nii.gz,gamma_joint_product,TP,542838,0.0062006257368755835,case_patch_macro
final_decoder_feature,HEM_PA97.nii.gz,gamma_world_stability,FN,212965,0.18323093156764259,case_patch_macro
final_decoder_feature,HEM_PA97.nii.gz,gamma_world_stability,FP,42599,0.014319861033192724,case_patch_macro
final_decoder_feature,HEM_PA97.nii.gz,gamma_world_stability,TN,27513150,0.5127167959500233,case_patch_macro
final_decoder_feature,HEM_PA97.nii.gz,gamma_world_stability,TP,542838,0.08175503920492375,case_patch_macro
final_decoder_feature,HEM_PA97.nii.gz,pairwise_joint_product,FN,212965,0.0080150814568926,case_patch_macro
final_decoder_feature,HEM_PA97.nii.gz,pairwise_joint_product,FP,42599,0.0001581661276258736,case_patch_macro
final_decoder_feature,HEM_PA97.nii.gz,pairwise_joint_product,TN,27513150,0.29724101386916213,case_patch_macro
final_decoder_feature,HEM_PA97.nii.gz,pairwise_joint_product,TP,542838,0.002557461230387841,case_patch_macro
final_decoder_feature,HEM_PA97.nii.gz,pairwise_world_stability,FN,212965,0.031660076477075194,case_patch_macro
final_decoder_feature,HEM_PA97.nii.gz,pairwise_world_stability,FP,42599,0.012596771922123972,case_patch_macro
final_decoder_feature,HEM_PA97.nii.gz,pairwise_world_stability,TN,27513150,0.5137795176408813,case_patch_macro
final_decoder_feature,HEM_PA97.nii.gz,pairwise_world_stability,TP,542838,0.04090612628043937,case_patch_macro
final_decoder_stage_input,HEM_PA97.nii.gz,blur_joint_product,FN,212965,0.00814285326848446,case_patch_macro
final_decoder_stage_input,HEM_PA97.nii.gz,blur_joint_product,FP,42599,0.00018034543895319803,case_patch_macro
final_decoder_stage_input,HEM_PA97.nii.gz,blur_joint_product,TN,27513150,0.2946634302110919,case_patch_macro
final_decoder_stage_input,HEM_PA97.nii.gz,blur_joint_product,TP,542838,0.003097082336928436,case_patch_macro
final_decoder_stage_input,HEM_PA97.nii.gz,blur_world_stability,FN,212965,0.03464911177560889,case_patch_macro
final_decoder_stage_input,HEM_PA97.nii.gz,blur_world_stability,FP,42599,0.013244811337909395,case_patch_macro
final_decoder_stage_input,HEM_PA97.nii.gz,blur_world_stability,TN,27513150,0.513560176642056,case_patch_macro
final_decoder_stage_input,HEM_PA97.nii.gz,blur_world_stability,TP,542838,0.049672650089898907,case_patch_macro
final_decoder_stage_input,HEM_PA97.nii.gz,confidence_rank,FN,212965,0.18578036772560194,case_patch_macro
final_decoder_stage_input,HEM_PA97.nii.gz,confidence_rank,FP,42599,0.023155196658221282,case_patch_macro
final_decoder_stage_input,HEM_PA97.nii.gz,confidence_rank,TN,27513150,0.5135858565240046,case_patch_macro
final_decoder_stage_input,HEM_PA97.nii.gz,confidence_rank,TP,542838,0.03332840430150691,case_patch_macro
final_decoder_stage_input,HEM_PA97.nii.gz,gamma_joint_product,FN,212965,0.08419451326334382,case_patch_macro
final_decoder_stage_input,HEM_PA97.nii.gz,gamma_joint_product,FP,42599,0.0002645184008267558,case_patch_macro
final_decoder_stage_input,HEM_PA97.nii.gz,gamma_joint_product,TN,27513150,0.29469141284454337,case_patch_macro
final_decoder_stage_input,HEM_PA97.nii.gz,gamma_joint_product,TP,542838,0.0062006257368755835,case_patch_macro
final_decoder_stage_input,HEM_PA97.nii.gz,gamma_world_stability,FN,212965,0.18323093156764259,case_patch_macro
final_decoder_stage_input,HEM_PA97.nii.gz,gamma_world_stability,FP,42599,0.014319861033192724,case_patch_macro
final_decoder_stage_input,HEM_PA97.nii.gz,gamma_world_stability,TN,27513150,0.5127167959500233,case_patch_macro
final_decoder_stage_input,HEM_PA97.nii.gz,gamma_world_stability,TP,542838,0.08175503920492375,case_patch_macro
final_decoder_stage_input,HEM_PA97.nii.gz,pairwise_joint_product,FN,212965,0.0080150814568926,case_patch_macro
final_decoder_stage_input,HEM_PA97.nii.gz,pairwise_joint_product,FP,42599,0.0001581661276258736,case_patch_macro
final_decoder_stage_input,HEM_PA97.nii.gz,pairwise_joint_product,TN,27513150,0.29724101386916213,case_patch_macro
final_decoder_stage_input,HEM_PA97.nii.gz,pairwise_joint_product,TP,542838,0.002557461230387841,case_patch_macro
final_decoder_stage_input,HEM_PA97.nii.gz,pairwise_world_stability,FN,212965,0.031660076477075194,case_patch_macro
final_decoder_stage_input,HEM_PA97.nii.gz,pairwise_world_stability,FP,42599,0.012596771922123972,case_patch_macro
final_decoder_stage_input,HEM_PA97.nii.gz,pairwise_world_stability,TN,27513150,0.5137795176408813,case_patch_macro
final_decoder_stage_input,HEM_PA97.nii.gz,pairwise_world_stability,TP,542838,0.04090612628043937,case_patch_macro
full_voxtell_reference,HEM_PA97.nii.gz,blur_joint_product,FN,212965,0.0040140090909434635,case_patch_macro
full_voxtell_reference,HEM_PA97.nii.gz,blur_joint_product,FP,42599,0.00018283401130031948,case_patch_macro
full_voxtell_reference,HEM_PA97.nii.gz,blur_joint_product,TN,27513150,0.2940308486014239,case_patch_macro
full_voxtell_reference,HEM_PA97.nii.gz,blur_joint_product,TP,542838,0.003160807541958489,case_patch_macro
full_voxtell_reference,HEM_PA97.nii.gz,blur_world_stability,FN,212965,0.026648959802480634,case_patch_macro
full_voxtell_reference,HEM_PA97.nii.gz,blur_world_stability,FP,42599,0.013443761962756226,case_patch_macro
full_voxtell_reference,HEM_PA97.nii.gz,blur_world_stability,TN,27513150,0.5135490117172878,case_patch_macro
full_voxtell_reference,HEM_PA97.nii.gz,blur_world_stability,TP,542838,0.050654999283227656,case_patch_macro
full_voxtell_reference,HEM_PA97.nii.gz,confidence_rank,FN,212965,0.18578036772560194,case_patch_macro
full_voxtell_reference,HEM_PA97.nii.gz,confidence_rank,FP,42599,0.023155196658221282,case_patch_macro
full_voxtell_reference,HEM_PA97.nii.gz,confidence_rank,TN,27513150,0.5135858565240046,case_patch_macro
full_voxtell_reference,HEM_PA97.nii.gz,confidence_rank,TP,542838,0.03332840430150691,case_patch_macro
full_voxtell_reference,HEM_PA97.nii.gz,gamma_joint_product,FN,212965,0.08414339796171232,case_patch_macro
full_voxtell_reference,HEM_PA97.nii.gz,gamma_joint_product,FP,42599,0.001031497283959705,case_patch_macro
full_voxtell_reference,HEM_PA97.nii.gz,gamma_joint_product,TN,27513150,0.2979911746957489,case_patch_macro
full_voxtell_reference,HEM_PA97.nii.gz,gamma_joint_product,TP,542838,0.006453665647183538,case_patch_macro
full_voxtell_reference,HEM_PA97.nii.gz,gamma_world_stability,FN,212965,0.18224497440097506,case_patch_macro
full_voxtell_reference,HEM_PA97.nii.gz,gamma_world_stability,FP,42599,0.0166668381879591,case_patch_macro
full_voxtell_reference,HEM_PA97.nii.gz,gamma_world_stability,TN,27513150,0.5127831460813149,case_patch_macro
full_voxtell_reference,HEM_PA97.nii.gz,gamma_world_stability,TP,542838,0.07870576830673909,case_patch_macro
full_voxtell_reference,HEM_PA97.nii.gz,pairwise_joint_product,FN,212965,0.0038229696540559716,case_patch_macro
full_voxtell_reference,HEM_PA97.nii.gz,pairwise_joint_product,FP,42599,0.00016221677307673194,case_patch_macro
full_voxtell_reference,HEM_PA97.nii.gz,pairwise_joint_product,TN,27513150,0.2990579607083292,case_patch_macro
full_voxtell_reference,HEM_PA97.nii.gz,pairwise_joint_product,TP,542838,0.00271905494735871,case_patch_macro
full_voxtell_reference,HEM_PA97.nii.gz,pairwise_world_stability,FN,212965,0.02269812473614144,case_patch_macro
full_voxtell_reference,HEM_PA97.nii.gz,pairwise_world_stability,FP,42599,0.012880449311925926,case_patch_macro
full_voxtell_reference,HEM_PA97.nii.gz,pairwise_world_stability,TN,27513150,0.5137761586764518,case_patch_macro
full_voxtell_reference,HEM_PA97.nii.gz,pairwise_world_stability,TP,542838,0.04220654933018364,case_patch_macro
penultimate_decoder_stage_output,HEM_PA97.nii.gz,blur_joint_product,FN,212965,0.008608102376520432,case_patch_macro
penultimate_decoder_stage_output,HEM_PA97.nii.gz,blur_joint_product,FP,42599,0.0001841500582896803,case_patch_macro
penultimate_decoder_stage_output,HEM_PA97.nii.gz,blur_joint_product,TN,27513150,0.29469677805686184,case_patch_macro
penultimate_decoder_stage_output,HEM_PA97.nii.gz,blur_joint_product,TP,542838,0.0031212434386987107,case_patch_macro
penultimate_decoder_stage_output,HEM_PA97.nii.gz,blur_world_stability,FN,212965,0.03581389436574953,case_patch_macro
penultimate_decoder_stage_output,HEM_PA97.nii.gz,blur_world_stability,FP,42599,0.013428324614614053,case_patch_macro
penultimate_decoder_stage_output,HEM_PA97.nii.gz,blur_world_stability,TN,27513150,0.5135793133933071,case_patch_macro
penultimate_decoder_stage_output,HEM_PA97.nii.gz,blur_world_stability,TP,542838,0.048555228192949,case_patch_macro
penultimate_decoder_stage_output,HEM_PA97.nii.gz,confidence_rank,FN,212965,0.18578036772560194,case_patch_macro
penultimate_decoder_stage_output,HEM_PA97.nii.gz,confidence_rank,FP,42599,0.023155196658221282,case_patch_macro
penultimate_decoder_stage_output,HEM_PA97.nii.gz,confidence_rank,TN,27513150,0.5135858565240046,case_patch_macro
penultimate_decoder_stage_output,HEM_PA97.nii.gz,confidence_rank,TP,542838,0.03332840430150691,case_patch_macro
penultimate_decoder_stage_output,HEM_PA97.nii.gz,gamma_joint_product,FN,212965,0.08418353926822392,case_patch_macro
penultimate_decoder_stage_output,HEM_PA97.nii.gz,gamma_joint_product,FP,42599,0.0002557139633190325,case_patch_macro
penultimate_decoder_stage_output,HEM_PA97.nii.gz,gamma_joint_product,TN,27513150,0.2946681964822875,case_patch_macro
penultimate_decoder_stage_output,HEM_PA97.nii.gz,gamma_joint_product,TP,542838,0.006112919557604582,case_patch_macro
penultimate_decoder_stage_output,HEM_PA97.nii.gz,gamma_world_stability,FN,212965,0.18314525968338713,case_patch_macro
penultimate_decoder_stage_output,HEM_PA97.nii.gz,gamma_world_stability,FP,42599,0.014051853340605667,case_patch_macro
penultimate_decoder_stage_output,HEM_PA97.nii.gz,gamma_world_stability,TN,27513150,0.512679860927863,case_patch_macro
penultimate_decoder_stage_output,HEM_PA97.nii.gz,gamma_world_stability,TP,542838,0.08367585945368325,case_patch_macro
penultimate_decoder_stage_output,HEM_PA97.nii.gz,pairwise_joint_product,FN,212965,0.008477386513894897,case_patch_macro
penultimate_decoder_stage_output,HEM_PA97.nii.gz,pairwise_joint_product,FP,42599,0.00016124036734108894,case_patch_macro
penultimate_decoder_stage_output,HEM_PA97.nii.gz,pairwise_joint_product,TN,27513150,0.29726510769721154,case_patch_macro
penultimate_decoder_stage_output,HEM_PA97.nii.gz,pairwise_joint_product,TP,542838,0.0026038012359387774,case_patch_macro
penultimate_decoder_stage_output,HEM_PA97.nii.gz,pairwise_world_stability,FN,212965,0.03282559071337405,case_patch_macro
penultimate_decoder_stage_output,HEM_PA97.nii.gz,pairwise_world_stability,FP,42599,0.01282364873824346,case_patch_macro
penultimate_decoder_stage_output,HEM_PA97.nii.gz,pairwise_world_stability,TN,27513150,0.5137768675476402,case_patch_macro
penultimate_decoder_stage_output,HEM_PA97.nii.gz,pairwise_world_stability,TP,542838,0.040877896433065025,case_patch_macro
decoder_stage_1_low_to_high,CYST_PA69.nii.gz,blur_joint_product,FN,139727,0.08404852803027009,case_patch_macro
decoder_stage_1_low_to_high,CYST_PA69.nii.gz,blur_joint_product,FP,70176,0.0007944405094048954,case_patch_macro
decoder_stage_1_low_to_high,CYST_PA69.nii.gz,blur_joint_product,TN,27501652,0.2922312252180891,case_patch_macro
decoder_stage_1_low_to_high,CYST_PA69.nii.gz,blur_joint_product,TP,599997,0.011474558863349197,case_patch_macro
decoder_stage_1_low_to_high,CYST_PA69.nii.gz,blur_world_stability,FN,139727,0.1853195847076947,case_patch_macro
decoder_stage_1_low_to_high,CYST_PA69.nii.gz,blur_world_stability,FP,70176,0.026389612520472644,case_patch_macro
decoder_stage_1_low_to_high,CYST_PA69.nii.gz,blur_world_stability,TN,27501652,0.5120384372135223,case_patch_macro
decoder_stage_1_low_to_high,CYST_PA69.nii.gz,blur_world_stability,TP,599997,0.10764790867430137,case_patch_macro
decoder_stage_1_low_to_high,CYST_PA69.nii.gz,confidence_rank,FN,139727,0.18095418607208924,case_patch_macro
decoder_stage_1_low_to_high,CYST_PA69.nii.gz,confidence_rank,FP,70176,0.018071077132032366,case_patch_macro
decoder_stage_1_low_to_high,CYST_PA69.nii.gz,confidence_rank,TN,27501652,0.5131611552753539,case_patch_macro
decoder_stage_1_low_to_high,CYST_PA69.nii.gz,confidence_rank,TP,599997,0.053478285036187456,case_patch_macro
decoder_stage_1_low_to_high,CYST_PA69.nii.gz,gamma_joint_product,FN,139727,0.08398508456546357,case_patch_macro
decoder_stage_1_low_to_high,CYST_PA69.nii.gz,gamma_joint_product,FP,70176,0.0014118998705203243,case_patch_macro
decoder_stage_1_low_to_high,CYST_PA69.nii.gz,gamma_joint_product,TN,27501652,0.2919504588340525,case_patch_macro
decoder_stage_1_low_to_high,CYST_PA69.nii.gz,gamma_joint_product,TP,599997,0.019946622884666775,case_patch_macro
decoder_stage_1_low_to_high,CYST_PA69.nii.gz,gamma_world_stability,FN,139727,0.18358343227644255,case_patch_macro
decoder_stage_1_low_to_high,CYST_PA69.nii.gz,gamma_world_stability,FP,70176,0.04041839984206201,case_patch_macro
decoder_stage_1_low_to_high,CYST_PA69.nii.gz,gamma_world_stability,TN,27501652,0.5102839600627732,case_patch_macro
decoder_stage_1_low_to_high,CYST_PA69.nii.gz,gamma_world_stability,TP,599997,0.1919458838430702,case_patch_macro
decoder_stage_1_low_to_high,CYST_PA69.nii.gz,pairwise_joint_product,FN,139727,0.08396560710795302,case_patch_macro
decoder_stage_1_low_to_high,CYST_PA69.nii.gz,pairwise_joint_product,FP,70176,0.0005793874686389037,case_patch_macro
decoder_stage_1_low_to_high,CYST_PA69.nii.gz,pairwise_joint_product,TN,27501652,0.29501813612486083,case_patch_macro
decoder_stage_1_low_to_high,CYST_PA69.nii.gz,pairwise_joint_product,TP,599997,0.009453007619533924,case_patch_macro
decoder_stage_1_low_to_high,CYST_PA69.nii.gz,pairwise_world_stability,FN,139727,0.18393734984502538,case_patch_macro
decoder_stage_1_low_to_high,CYST_PA69.nii.gz,pairwise_world_stability,FP,70176,0.020801057086555233,case_patch_macro
decoder_stage_1_low_to_high,CYST_PA69.nii.gz,pairwise_world_stability,TN,27501652,0.5126276434098302,case_patch_macro
decoder_stage_1_low_to_high,CYST_PA69.nii.gz,pairwise_world_stability,TP,599997,0.0811403574018501,case_patch_macro
final_decoder_feature,CYST_PA69.nii.gz,blur_joint_product,FN,139727,0.08397750282528067,case_patch_macro
final_decoder_feature,CYST_PA69.nii.gz,blur_joint_product,FP,70176,0.0006726862230070835,case_patch_macro
final_decoder_feature,CYST_PA69.nii.gz,blur_joint_product,TN,27501652,0.29204071809945575,case_patch_macro
final_decoder_feature,CYST_PA69.nii.gz,blur_joint_product,TP,599997,0.00879191142292031,case_patch_macro
final_decoder_feature,CYST_PA69.nii.gz,blur_world_stability,FN,139727,0.1851551242780416,case_patch_macro
final_decoder_feature,CYST_PA69.nii.gz,blur_world_stability,FP,70176,0.02675961534092427,case_patch_macro
final_decoder_feature,CYST_PA69.nii.gz,blur_world_stability,TN,27501652,0.5123092713062098,case_patch_macro
final_decoder_feature,CYST_PA69.nii.gz,blur_world_stability,TP,599997,0.08581694657689512,case_patch_macro
final_decoder_feature,CYST_PA69.nii.gz,confidence_rank,FN,139727,0.18095418607208924,case_patch_macro
final_decoder_feature,CYST_PA69.nii.gz,confidence_rank,FP,70176,0.018071077132032366,case_patch_macro
final_decoder_feature,CYST_PA69.nii.gz,confidence_rank,TN,27501652,0.5131611552753539,case_patch_macro
final_decoder_feature,CYST_PA69.nii.gz,confidence_rank,TP,599997,0.053478285036187456,case_patch_macro
final_decoder_feature,CYST_PA69.nii.gz,gamma_joint_product,FN,139727,0.08392491987564975,case_patch_macro
final_decoder_feature,CYST_PA69.nii.gz,gamma_joint_product,FP,70176,0.000979515854598123,case_patch_macro
final_decoder_feature,CYST_PA69.nii.gz,gamma_joint_product,TN,27501652,0.29166244326903945,case_patch_macro
final_decoder_feature,CYST_PA69.nii.gz,gamma_joint_product,TP,599997,0.01682460707249212,case_patch_macro
final_decoder_feature,CYST_PA69.nii.gz,gamma_world_stability,FN,139727,0.18209952107109503,case_patch_macro
final_decoder_feature,CYST_PA69.nii.gz,gamma_world_stability,FP,70176,0.030759322855220785,case_patch_macro
final_decoder_feature,CYST_PA69.nii.gz,gamma_world_stability,TN,27501652,0.5112145462522525,case_patch_macro
final_decoder_feature,CYST_PA69.nii.gz,gamma_world_stability,TP,599997,0.1454983652778363,case_patch_macro
final_decoder_feature,CYST_PA69.nii.gz,pairwise_joint_product,FN,139727,0.08389899140751052,case_patch_macro
final_decoder_feature,CYST_PA69.nii.gz,pairwise_joint_product,FP,70176,0.0005557732885090763,case_patch_macro
final_decoder_feature,CYST_PA69.nii.gz,pairwise_joint_product,TN,27501652,0.2949224080263108,case_patch_macro
final_decoder_feature,CYST_PA69.nii.gz,pairwise_joint_product,TP,599997,0.006545455048670568,case_patch_macro
final_decoder_feature,CYST_PA69.nii.gz,pairwise_world_stability,FN,139727,0.1833258980224657,case_patch_macro
final_decoder_feature,CYST_PA69.nii.gz,pairwise_world_stability,FP,70176,0.023039271053005753,case_patch_macro
final_decoder_feature,CYST_PA69.nii.gz,pairwise_world_stability,TN,27501652,0.5128378419398307,case_patch_macro
final_decoder_feature,CYST_PA69.nii.gz,pairwise_world_stability,TP,599997,0.06381324017994941,case_patch_macro
final_decoder_stage_input,CYST_PA69.nii.gz,blur_joint_product,FN,139727,0.08397750282528067,case_patch_macro
final_decoder_stage_input,CYST_PA69.nii.gz,blur_joint_product,FP,70176,0.0006726862230070835,case_patch_macro
final_decoder_stage_input,CYST_PA69.nii.gz,blur_joint_product,TN,27501652,0.29204071809945575,case_patch_macro
final_decoder_stage_input,CYST_PA69.nii.gz,blur_joint_product,TP,599997,0.00879191142292031,case_patch_macro
final_decoder_stage_input,CYST_PA69.nii.gz,blur_world_stability,FN,139727,0.1851551242780416,case_patch_macro
final_decoder_stage_input,CYST_PA69.nii.gz,blur_world_stability,FP,70176,0.02675961534092427,case_patch_macro
final_decoder_stage_input,CYST_PA69.nii.gz,blur_world_stability,TN,27501652,0.5123092713062098,case_patch_macro
final_decoder_stage_input,CYST_PA69.nii.gz,blur_world_stability,TP,599997,0.08581694657689512,case_patch_macro
final_decoder_stage_input,CYST_PA69.nii.gz,confidence_rank,FN,139727,0.18095418607208924,case_patch_macro
final_decoder_stage_input,CYST_PA69.nii.gz,confidence_rank,FP,70176,0.018071077132032366,case_patch_macro
final_decoder_stage_input,CYST_PA69.nii.gz,confidence_rank,TN,27501652,0.5131611552753539,case_patch_macro
final_decoder_stage_input,CYST_PA69.nii.gz,confidence_rank,TP,599997,0.053478285036187456,case_patch_macro
final_decoder_stage_input,CYST_PA69.nii.gz,gamma_joint_product,FN,139727,0.08392491987564975,case_patch_macro
final_decoder_stage_input,CYST_PA69.nii.gz,gamma_joint_product,FP,70176,0.000979515854598123,case_patch_macro
final_decoder_stage_input,CYST_PA69.nii.gz,gamma_joint_product,TN,27501652,0.29166244326903945,case_patch_macro
final_decoder_stage_input,CYST_PA69.nii.gz,gamma_joint_product,TP,599997,0.01682460707249212,case_patch_macro
final_decoder_stage_input,CYST_PA69.nii.gz,gamma_world_stability,FN,139727,0.18209952107109503,case_patch_macro
final_decoder_stage_input,CYST_PA69.nii.gz,gamma_world_stability,FP,70176,0.030759322855220785,case_patch_macro
final_decoder_stage_input,CYST_PA69.nii.gz,gamma_world_stability,TN,27501652,0.5112145462522525,case_patch_macro
final_decoder_stage_input,CYST_PA69.nii.gz,gamma_world_stability,TP,599997,0.1454983652778363,case_patch_macro
final_decoder_stage_input,CYST_PA69.nii.gz,pairwise_joint_product,FN,139727,0.08389899140751052,case_patch_macro
final_decoder_stage_input,CYST_PA69.nii.gz,pairwise_joint_product,FP,70176,0.0005557732885090763,case_patch_macro
final_decoder_stage_input,CYST_PA69.nii.gz,pairwise_joint_product,TN,27501652,0.2949224080263108,case_patch_macro
final_decoder_stage_input,CYST_PA69.nii.gz,pairwise_joint_product,TP,599997,0.006545455048670568,case_patch_macro
final_decoder_stage_input,CYST_PA69.nii.gz,pairwise_world_stability,FN,139727,0.1833258980224657,case_patch_macro
final_decoder_stage_input,CYST_PA69.nii.gz,pairwise_world_stability,FP,70176,0.023039271053005753,case_patch_macro
final_decoder_stage_input,CYST_PA69.nii.gz,pairwise_world_stability,TN,27501652,0.5128378419398307,case_patch_macro
final_decoder_stage_input,CYST_PA69.nii.gz,pairwise_world_stability,TP,599997,0.06381324017994941,case_patch_macro
full_voxtell_reference,CYST_PA69.nii.gz,blur_joint_product,FN,139727,0.08402618755366442,case_patch_macro
full_voxtell_reference,CYST_PA69.nii.gz,blur_joint_product,FP,70176,0.0006762101860539843,case_patch_macro
full_voxtell_reference,CYST_PA69.nii.gz,blur_joint_product,TN,27501652,0.2909557824861815,case_patch_macro
full_voxtell_reference,CYST_PA69.nii.gz,blur_joint_product,TP,599997,0.009625254172875908,case_patch_macro
full_voxtell_reference,CYST_PA69.nii.gz,blur_world_stability,FN,139727,0.18568918557702419,case_patch_macro
full_voxtell_reference,CYST_PA69.nii.gz,blur_world_stability,FP,70176,0.02683656733609068,case_patch_macro
full_voxtell_reference,CYST_PA69.nii.gz,blur_world_stability,TN,27501652,0.5122623175059082,case_patch_macro
full_voxtell_reference,CYST_PA69.nii.gz,blur_world_stability,TP,599997,0.08669435646308934,case_patch_macro
full_voxtell_reference,CYST_PA69.nii.gz,confidence_rank,FN,139727,0.18095418607208924,case_patch_macro
full_voxtell_reference,CYST_PA69.nii.gz,confidence_rank,FP,70176,0.018071077132032366,case_patch_macro
full_voxtell_reference,CYST_PA69.nii.gz,confidence_rank,TN,27501652,0.5131611552753539,case_patch_macro
full_voxtell_reference,CYST_PA69.nii.gz,confidence_rank,TP,599997,0.053478285036187456,case_patch_macro
full_voxtell_reference,CYST_PA69.nii.gz,gamma_joint_product,FN,139727,0.08394585153160851,case_patch_macro
full_voxtell_reference,CYST_PA69.nii.gz,gamma_joint_product,FP,70176,0.001023214355192815,case_patch_macro
full_voxtell_reference,CYST_PA69.nii.gz,gamma_joint_product,TN,27501652,0.29226506164627575,case_patch_macro
full_voxtell_reference,CYST_PA69.nii.gz,gamma_joint_product,TP,599997,0.017761206053263853,case_patch_macro
full_voxtell_reference,CYST_PA69.nii.gz,gamma_world_stability,FN,139727,0.18237051920996514,case_patch_macro
full_voxtell_reference,CYST_PA69.nii.gz,gamma_world_stability,FP,70176,0.03180688651682566,case_patch_macro
full_voxtell_reference,CYST_PA69.nii.gz,gamma_world_stability,TN,27501652,0.5112885786693239,case_patch_macro
full_voxtell_reference,CYST_PA69.nii.gz,gamma_world_stability,TP,599997,0.13800159089506192,case_patch_macro
full_voxtell_reference,CYST_PA69.nii.gz,pairwise_joint_product,FN,139727,0.08390272772566486,case_patch_macro
full_voxtell_reference,CYST_PA69.nii.gz,pairwise_joint_product,FP,70176,0.0005600403457920499,case_patch_macro
full_voxtell_reference,CYST_PA69.nii.gz,pairwise_joint_product,TN,27501652,0.2935655155773864,case_patch_macro
full_voxtell_reference,CYST_PA69.nii.gz,pairwise_joint_product,TP,599997,0.00771533908762176,case_patch_macro
full_voxtell_reference,CYST_PA69.nii.gz,pairwise_world_stability,FN,139727,0.18312275404524636,case_patch_macro
full_voxtell_reference,CYST_PA69.nii.gz,pairwise_world_stability,FP,70176,0.023163350304905794,case_patch_macro
full_voxtell_reference,CYST_PA69.nii.gz,pairwise_world_stability,TN,27501652,0.5128013408065787,case_patch_macro
full_voxtell_reference,CYST_PA69.nii.gz,pairwise_world_stability,TP,599997,0.06461157893730303,case_patch_macro
penultimate_decoder_stage_output,CYST_PA69.nii.gz,blur_joint_product,FN,139727,0.0839752487549481,case_patch_macro
penultimate_decoder_stage_output,CYST_PA69.nii.gz,blur_joint_product,FP,70176,0.0006958596623084135,case_patch_macro
penultimate_decoder_stage_output,CYST_PA69.nii.gz,blur_joint_product,TN,27501652,0.2920094310024749,case_patch_macro
penultimate_decoder_stage_output,CYST_PA69.nii.gz,blur_joint_product,TP,599997,0.01034460372771873,case_patch_macro
penultimate_decoder_stage_output,CYST_PA69.nii.gz,blur_world_stability,FN,139727,0.18515017869190362,case_patch_macro
penultimate_decoder_stage_output,CYST_PA69.nii.gz,blur_world_stability,FP,70176,0.027118280824414503,case_patch_macro
penultimate_decoder_stage_output,CYST_PA69.nii.gz,blur_world_stability,TN,27501652,0.5122651251277442,case_patch_macro
penultimate_decoder_stage_output,CYST_PA69.nii.gz,blur_world_stability,TP,599997,0.08932043404330647,case_patch_macro
penultimate_decoder_stage_output,CYST_PA69.nii.gz,confidence_rank,FN,139727,0.18095418607208924,case_patch_macro
penultimate_decoder_stage_output,CYST_PA69.nii.gz,confidence_rank,FP,70176,0.018071077132032366,case_patch_macro
penultimate_decoder_stage_output,CYST_PA69.nii.gz,confidence_rank,TN,27501652,0.5131611552753539,case_patch_macro
penultimate_decoder_stage_output,CYST_PA69.nii.gz,confidence_rank,TP,599997,0.053478285036187456,case_patch_macro
penultimate_decoder_stage_output,CYST_PA69.nii.gz,gamma_joint_product,FN,139727,0.08393155488507703,case_patch_macro
penultimate_decoder_stage_output,CYST_PA69.nii.gz,gamma_joint_product,FP,70176,0.0010865775107775561,case_patch_macro
penultimate_decoder_stage_output,CYST_PA69.nii.gz,gamma_joint_product,TN,27501652,0.29153583162389396,case_patch_macro
penultimate_decoder_stage_output,CYST_PA69.nii.gz,gamma_joint_product,TP,599997,0.016890553086610246,case_patch_macro
penultimate_decoder_stage_output,CYST_PA69.nii.gz,gamma_world_stability,FN,139727,0.18245620657300896,case_patch_macro
penultimate_decoder_stage_output,CYST_PA69.nii.gz,gamma_world_stability,FP,70176,0.03328991915181166,case_patch_macro
penultimate_decoder_stage_output,CYST_PA69.nii.gz,gamma_world_stability,TN,27501652,0.5111131467613849,case_patch_macro
penultimate_decoder_stage_output,CYST_PA69.nii.gz,gamma_world_stability,TP,599997,0.14930258551351894,case_patch_macro
penultimate_decoder_stage_output,CYST_PA69.nii.gz,pairwise_joint_product,FN,139727,0.08390956986028554,case_patch_macro
penultimate_decoder_stage_output,CYST_PA69.nii.gz,pairwise_joint_product,FP,70176,0.0005715567044876299,case_patch_macro
penultimate_decoder_stage_output,CYST_PA69.nii.gz,pairwise_joint_product,TN,27501652,0.29488506485455446,case_patch_macro
penultimate_decoder_stage_output,CYST_PA69.nii.gz,pairwise_joint_product,TP,599997,0.007135252506691147,case_patch_macro
penultimate_decoder_stage_output,CYST_PA69.nii.gz,pairwise_world_stability,FN,139727,0.18364923312763712,case_patch_macro
penultimate_decoder_stage_output,CYST_PA69.nii.gz,pairwise_world_stability,FP,70176,0.02304815948166676,case_patch_macro
penultimate_decoder_stage_output,CYST_PA69.nii.gz,pairwise_world_stability,TN,27501652,0.5128373535689207,case_patch_macro
penultimate_decoder_stage_output,CYST_PA69.nii.gz,pairwise_world_stability,TP,599997,0.0639480365078942,case_patch_macro
decoder_stage_1_low_to_high,HCC_10076307_20130925.nii.gz,blur_joint_product,FN,52165,0.00013882139213877617,case_patch_macro
decoder_stage_1_low_to_high,HCC_10076307_20130925.nii.gz,blur_joint_product,FP,51542,0.008311870588667485,case_patch_macro
decoder_stage_1_low_to_high,HCC_10076307_20130925.nii.gz,blur_joint_product,TN,27696287,0.3047085205519031,case_patch_macro
decoder_stage_1_low_to_high,HCC_10076307_20130925.nii.gz,blur_joint_product,TP,511558,0.0276766011397902,case_patch_macro
decoder_stage_1_low_to_high,HCC_10076307_20130925.nii.gz,blur_world_stability,FN,52165,0.010776375606447765,case_patch_macro
decoder_stage_1_low_to_high,HCC_10076307_20130925.nii.gz,blur_world_stability,FP,51542,0.0409141019476063,case_patch_macro
decoder_stage_1_low_to_high,HCC_10076307_20130925.nii.gz,blur_world_stability,TN,27696287,0.5079890742304854,case_patch_macro
decoder_stage_1_low_to_high,HCC_10076307_20130925.nii.gz,blur_world_stability,TP,511558,0.12909731569024419,case_patch_macro
decoder_stage_1_low_to_high,HCC_10076307_20130925.nii.gz,confidence_rank,FN,52165,0.0057559733537676265,case_patch_macro
decoder_stage_1_low_to_high,HCC_10076307_20130925.nii.gz,confidence_rank,FP,51542,0.022490858128141104,case_patch_macro
decoder_stage_1_low_to_high,HCC_10076307_20130925.nii.gz,confidence_rank,TN,27696287,0.5095207788418028,case_patch_macro
decoder_stage_1_low_to_high,HCC_10076307_20130925.nii.gz,confidence_rank,TP,511558,0.06599989633189524,case_patch_macro
decoder_stage_1_low_to_high,HCC_10076307_20130925.nii.gz,gamma_joint_product,FN,52165,0.00011377244860578912,case_patch_macro
decoder_stage_1_low_to_high,HCC_10076307_20130925.nii.gz,gamma_joint_product,FP,51542,0.01000490193474671,case_patch_macro
decoder_stage_1_low_to_high,HCC_10076307_20130925.nii.gz,gamma_joint_product,TN,27696287,0.30357932771879237,case_patch_macro
decoder_stage_1_low_to_high,HCC_10076307_20130925.nii.gz,gamma_joint_product,TP,511558,0.04715684076941122,case_patch_macro
decoder_stage_1_low_to_high,HCC_10076307_20130925.nii.gz,gamma_world_stability,FN,52165,0.009575479869180208,case_patch_macro
decoder_stage_1_low_to_high,HCC_10076307_20130925.nii.gz,gamma_world_stability,FP,51542,0.09140174224410333,case_patch_macro
decoder_stage_1_low_to_high,HCC_10076307_20130925.nii.gz,gamma_world_stability,TN,27696287,0.5037907622775172,case_patch_macro
decoder_stage_1_low_to_high,HCC_10076307_20130925.nii.gz,gamma_world_stability,TP,511558,0.32130146655555153,case_patch_macro
decoder_stage_1_low_to_high,HCC_10076307_20130925.nii.gz,pairwise_joint_product,FN,52165,0.00011374673774280586,case_patch_macro
decoder_stage_1_low_to_high,HCC_10076307_20130925.nii.gz,pairwise_joint_product,FP,51542,0.007775016996202772,case_patch_macro
decoder_stage_1_low_to_high,HCC_10076307_20130925.nii.gz,pairwise_joint_product,TN,27696287,0.3083484551691828,case_patch_macro
decoder_stage_1_low_to_high,HCC_10076307_20130925.nii.gz,pairwise_joint_product,TP,511558,0.026724606115253204,case_patch_macro
decoder_stage_1_low_to_high,HCC_10076307_20130925.nii.gz,pairwise_world_stability,FN,52165,0.009314086306904376,case_patch_macro
decoder_stage_1_low_to_high,HCC_10076307_20130925.nii.gz,pairwise_world_stability,FP,51542,0.03274613484928704,case_patch_macro
decoder_stage_1_low_to_high,HCC_10076307_20130925.nii.gz,pairwise_world_stability,TN,27696287,0.5084770102805631,case_patch_macro
decoder_stage_1_low_to_high,HCC_10076307_20130925.nii.gz,pairwise_world_stability,TP,511558,0.10936820568852708,case_patch_macro
final_decoder_feature,HCC_10076307_20130925.nii.gz,blur_joint_product,FN,52165,0.00014492955719609105,case_patch_macro
final_decoder_feature,HCC_10076307_20130925.nii.gz,blur_joint_product,FP,51542,0.004174289042155337,case_patch_macro
final_decoder_feature,HCC_10076307_20130925.nii.gz,blur_joint_product,TN,27696287,0.30674284750905995,case_patch_macro
final_decoder_feature,HCC_10076307_20130925.nii.gz,blur_joint_product,TP,511558,0.006694460799060692,case_patch_macro
final_decoder_feature,HCC_10076307_20130925.nii.gz,blur_world_stability,FN,52165,0.013988783534274244,case_patch_macro
final_decoder_feature,HCC_10076307_20130925.nii.gz,blur_world_stability,FP,51542,0.03484357232486167,case_patch_macro
final_decoder_feature,HCC_10076307_20130925.nii.gz,blur_world_stability,TN,27696287,0.5096764020887413,case_patch_macro
final_decoder_feature,HCC_10076307_20130925.nii.gz,blur_world_stability,TP,511558,0.06132773020991546,case_patch_macro
final_decoder_feature,HCC_10076307_20130925.nii.gz,confidence_rank,FN,52165,0.0057559733537676265,case_patch_macro
final_decoder_feature,HCC_10076307_20130925.nii.gz,confidence_rank,FP,51542,0.022490858128141104,case_patch_macro
final_decoder_feature,HCC_10076307_20130925.nii.gz,confidence_rank,TN,27696287,0.5095207788418028,case_patch_macro
final_decoder_feature,HCC_10076307_20130925.nii.gz,confidence_rank,TP,511558,0.06599989633189524,case_patch_macro
final_decoder_feature,HCC_10076307_20130925.nii.gz,gamma_joint_product,FN,52165,0.00010275445619681124,case_patch_macro
final_decoder_feature,HCC_10076307_20130925.nii.gz,gamma_joint_product,FP,51542,0.007294274199842696,case_patch_macro
final_decoder_feature,HCC_10076307_20130925.nii.gz,gamma_joint_product,TN,27696287,0.3051031359134253,case_patch_macro
final_decoder_feature,HCC_10076307_20130925.nii.gz,gamma_joint_product,TP,511558,0.041727646099651544,case_patch_macro
final_decoder_feature,HCC_10076307_20130925.nii.gz,gamma_world_stability,FN,52165,0.007521199830025851,case_patch_macro
final_decoder_feature,HCC_10076307_20130925.nii.gz,gamma_world_stability,FP,51542,0.05640856293296373,case_patch_macro
final_decoder_feature,HCC_10076307_20130925.nii.gz,gamma_world_stability,TN,27696287,0.5050169242500592,case_patch_macro
final_decoder_feature,HCC_10076307_20130925.nii.gz,gamma_world_stability,TP,511558,0.2586495524694965,case_patch_macro
final_decoder_feature,HCC_10076307_20130925.nii.gz,pairwise_joint_product,FN,52165,0.00013600886033409055,case_patch_macro
final_decoder_feature,HCC_10076307_20130925.nii.gz,pairwise_joint_product,FP,51542,0.003105324007144951,case_patch_macro
final_decoder_feature,HCC_10076307_20130925.nii.gz,pairwise_joint_product,TN,27696287,0.309878695556052,case_patch_macro
final_decoder_feature,HCC_10076307_20130925.nii.gz,pairwise_joint_product,TP,511558,0.006165540025674836,case_patch_macro
final_decoder_feature,HCC_10076307_20130925.nii.gz,pairwise_world_stability,FN,52165,0.013204912003885322,case_patch_macro
final_decoder_feature,HCC_10076307_20130925.nii.gz,pairwise_world_stability,FP,51542,0.023181386055564232,case_patch_macro
final_decoder_feature,HCC_10076307_20130925.nii.gz,pairwise_world_stability,TN,27696287,0.5100121813417005,case_patch_macro
final_decoder_feature,HCC_10076307_20130925.nii.gz,pairwise_world_stability,TP,511558,0.046820530742993326,case_patch_macro
final_decoder_stage_input,HCC_10076307_20130925.nii.gz,blur_joint_product,FN,52165,0.00014492955719609105,case_patch_macro
final_decoder_stage_input,HCC_10076307_20130925.nii.gz,blur_joint_product,FP,51542,0.004174289042155337,case_patch_macro
final_decoder_stage_input,HCC_10076307_20130925.nii.gz,blur_joint_product,TN,27696287,0.30674284750905995,case_patch_macro
final_decoder_stage_input,HCC_10076307_20130925.nii.gz,blur_joint_product,TP,511558,0.006694460799060692,case_patch_macro
final_decoder_stage_input,HCC_10076307_20130925.nii.gz,blur_world_stability,FN,52165,0.013988783534274244,case_patch_macro
final_decoder_stage_input,HCC_10076307_20130925.nii.gz,blur_world_stability,FP,51542,0.03484357232486167,case_patch_macro
final_decoder_stage_input,HCC_10076307_20130925.nii.gz,blur_world_stability,TN,27696287,0.5096764020887413,case_patch_macro
final_decoder_stage_input,HCC_10076307_20130925.nii.gz,blur_world_stability,TP,511558,0.06132773020991546,case_patch_macro
final_decoder_stage_input,HCC_10076307_20130925.nii.gz,confidence_rank,FN,52165,0.0057559733537676265,case_patch_macro
final_decoder_stage_input,HCC_10076307_20130925.nii.gz,confidence_rank,FP,51542,0.022490858128141104,case_patch_macro
final_decoder_stage_input,HCC_10076307_20130925.nii.gz,confidence_rank,TN,27696287,0.5095207788418028,case_patch_macro
final_decoder_stage_input,HCC_10076307_20130925.nii.gz,confidence_rank,TP,511558,0.06599989633189524,case_patch_macro
final_decoder_stage_input,HCC_10076307_20130925.nii.gz,gamma_joint_product,FN,52165,0.00010275445619681124,case_patch_macro
final_decoder_stage_input,HCC_10076307_20130925.nii.gz,gamma_joint_product,FP,51542,0.007294274199842696,case_patch_macro
final_decoder_stage_input,HCC_10076307_20130925.nii.gz,gamma_joint_product,TN,27696287,0.3051031359134253,case_patch_macro
final_decoder_stage_input,HCC_10076307_20130925.nii.gz,gamma_joint_product,TP,511558,0.041727646099651544,case_patch_macro
final_decoder_stage_input,HCC_10076307_20130925.nii.gz,gamma_world_stability,FN,52165,0.007521199830025851,case_patch_macro
final_decoder_stage_input,HCC_10076307_20130925.nii.gz,gamma_world_stability,FP,51542,0.05640856293296373,case_patch_macro
final_decoder_stage_input,HCC_10076307_20130925.nii.gz,gamma_world_stability,TN,27696287,0.5050169242500592,case_patch_macro
final_decoder_stage_input,HCC_10076307_20130925.nii.gz,gamma_world_stability,TP,511558,0.2586495524694965,case_patch_macro
final_decoder_stage_input,HCC_10076307_20130925.nii.gz,pairwise_joint_product,FN,52165,0.00013600886033409055,case_patch_macro
final_decoder_stage_input,HCC_10076307_20130925.nii.gz,pairwise_joint_product,FP,51542,0.003105324007144951,case_patch_macro
final_decoder_stage_input,HCC_10076307_20130925.nii.gz,pairwise_joint_product,TN,27696287,0.309878695556052,case_patch_macro
final_decoder_stage_input,HCC_10076307_20130925.nii.gz,pairwise_joint_product,TP,511558,0.006165540025674836,case_patch_macro
final_decoder_stage_input,HCC_10076307_20130925.nii.gz,pairwise_world_stability,FN,52165,0.013204912003885322,case_patch_macro
final_decoder_stage_input,HCC_10076307_20130925.nii.gz,pairwise_world_stability,FP,51542,0.023181386055564232,case_patch_macro
final_decoder_stage_input,HCC_10076307_20130925.nii.gz,pairwise_world_stability,TN,27696287,0.5100121813417005,case_patch_macro
final_decoder_stage_input,HCC_10076307_20130925.nii.gz,pairwise_world_stability,TP,511558,0.046820530742993326,case_patch_macro
full_voxtell_reference,HCC_10076307_20130925.nii.gz,blur_joint_product,FN,52165,0.0001526123641940694,case_patch_macro
full_voxtell_reference,HCC_10076307_20130925.nii.gz,blur_joint_product,FP,51542,0.0022370448624660583,case_patch_macro
full_voxtell_reference,HCC_10076307_20130925.nii.gz,blur_joint_product,TN,27696287,0.30061241620837087,case_patch_macro
full_voxtell_reference,HCC_10076307_20130925.nii.gz,blur_joint_product,TP,511558,0.005298463733778155,case_patch_macro
full_voxtell_reference,HCC_10076307_20130925.nii.gz,blur_world_stability,FN,52165,0.014708942985260359,case_patch_macro
full_voxtell_reference,HCC_10076307_20130925.nii.gz,blur_world_stability,FP,51542,0.0339192284952885,case_patch_macro
full_voxtell_reference,HCC_10076307_20130925.nii.gz,blur_world_stability,TN,27696287,0.5098073708086384,case_patch_macro
full_voxtell_reference,HCC_10076307_20130925.nii.gz,blur_world_stability,TP,511558,0.053131534325014745,case_patch_macro
full_voxtell_reference,HCC_10076307_20130925.nii.gz,confidence_rank,FN,52165,0.0057559733537676265,case_patch_macro
full_voxtell_reference,HCC_10076307_20130925.nii.gz,confidence_rank,FP,51542,0.022490858128141104,case_patch_macro
full_voxtell_reference,HCC_10076307_20130925.nii.gz,confidence_rank,TN,27696287,0.5095207788418028,case_patch_macro
full_voxtell_reference,HCC_10076307_20130925.nii.gz,confidence_rank,TP,511558,0.06599989633189524,case_patch_macro
full_voxtell_reference,HCC_10076307_20130925.nii.gz,gamma_joint_product,FN,52165,0.00010675109050767252,case_patch_macro
full_voxtell_reference,HCC_10076307_20130925.nii.gz,gamma_joint_product,FP,51542,0.005723413792591807,case_patch_macro
full_voxtell_reference,HCC_10076307_20130925.nii.gz,gamma_joint_product,TN,27696287,0.30246987452438856,case_patch_macro
full_voxtell_reference,HCC_10076307_20130925.nii.gz,gamma_joint_product,TP,511558,0.038925655189271505,case_patch_macro
full_voxtell_reference,HCC_10076307_20130925.nii.gz,gamma_world_stability,FN,52165,0.007682668194348891,case_patch_macro
full_voxtell_reference,HCC_10076307_20130925.nii.gz,gamma_world_stability,FP,51542,0.051386393351415795,case_patch_macro
full_voxtell_reference,HCC_10076307_20130925.nii.gz,gamma_world_stability,TN,27696287,0.5056013301575044,case_patch_macro
full_voxtell_reference,HCC_10076307_20130925.nii.gz,gamma_world_stability,TP,511558,0.22324413554495784,case_patch_macro
full_voxtell_reference,HCC_10076307_20130925.nii.gz,pairwise_joint_product,FN,52165,0.00013836668765811953,case_patch_macro
full_voxtell_reference,HCC_10076307_20130925.nii.gz,pairwise_joint_product,FP,51542,0.001161074142864691,case_patch_macro
full_voxtell_reference,HCC_10076307_20130925.nii.gz,pairwise_joint_product,TN,27696287,0.30421176194029914,case_patch_macro
full_voxtell_reference,HCC_10076307_20130925.nii.gz,pairwise_joint_product,TP,511558,0.0048414729669859075,case_patch_macro
full_voxtell_reference,HCC_10076307_20130925.nii.gz,pairwise_world_stability,FN,52165,0.013537284346679567,case_patch_macro
full_voxtell_reference,HCC_10076307_20130925.nii.gz,pairwise_world_stability,FP,51542,0.019401030245421426,case_patch_macro
full_voxtell_reference,HCC_10076307_20130925.nii.gz,pairwise_world_stability,TN,27696287,0.5101399393408328,case_patch_macro
full_voxtell_reference,HCC_10076307_20130925.nii.gz,pairwise_world_stability,TP,511558,0.03987999717882161,case_patch_macro
penultimate_decoder_stage_output,HCC_10076307_20130925.nii.gz,blur_joint_product,FN,52165,0.00014875303595605113,case_patch_macro
penultimate_decoder_stage_output,HCC_10076307_20130925.nii.gz,blur_joint_product,FP,51542,0.005664941573016748,case_patch_macro
penultimate_decoder_stage_output,HCC_10076307_20130925.nii.gz,blur_joint_product,TN,27696287,0.30666657942082964,case_patch_macro
penultimate_decoder_stage_output,HCC_10076307_20130925.nii.gz,blur_joint_product,TP,511558,0.01270345078475606,case_patch_macro
penultimate_decoder_stage_output,HCC_10076307_20130925.nii.gz,blur_world_stability,FN,52165,0.013985717019514034,case_patch_macro
penultimate_decoder_stage_output,HCC_10076307_20130925.nii.gz,blur_world_stability,FP,51542,0.03759317622563732,case_patch_macro
penultimate_decoder_stage_output,HCC_10076307_20130925.nii.gz,blur_world_stability,TN,27696287,0.5093545011550185,case_patch_macro
penultimate_decoder_stage_output,HCC_10076307_20130925.nii.gz,blur_world_stability,TP,511558,0.07429516915667961,case_patch_macro
penultimate_decoder_stage_output,HCC_10076307_20130925.nii.gz,confidence_rank,FN,52165,0.0057559733537676265,case_patch_macro
penultimate_decoder_stage_output,HCC_10076307_20130925.nii.gz,confidence_rank,FP,51542,0.022490858128141104,case_patch_macro
penultimate_decoder_stage_output,HCC_10076307_20130925.nii.gz,confidence_rank,TN,27696287,0.5095207788418028,case_patch_macro
penultimate_decoder_stage_output,HCC_10076307_20130925.nii.gz,confidence_rank,TP,511558,0.06599989633189524,case_patch_macro
penultimate_decoder_stage_output,HCC_10076307_20130925.nii.gz,gamma_joint_product,FN,52165,0.00010499855925994645,case_patch_macro
penultimate_decoder_stage_output,HCC_10076307_20130925.nii.gz,gamma_joint_product,FP,51542,0.00692908906252476,case_patch_macro
penultimate_decoder_stage_output,HCC_10076307_20130925.nii.gz,gamma_joint_product,TN,27696287,0.3053413926973502,case_patch_macro
penultimate_decoder_stage_output,HCC_10076307_20130925.nii.gz,gamma_joint_product,TP,511558,0.03776840163975506,case_patch_macro
penultimate_decoder_stage_output,HCC_10076307_20130925.nii.gz,gamma_world_stability,FN,52165,0.008063902200265875,case_patch_macro
penultimate_decoder_stage_output,HCC_10076307_20130925.nii.gz,gamma_world_stability,FP,51542,0.05526728515074039,case_patch_macro
penultimate_decoder_stage_output,HCC_10076307_20130925.nii.gz,gamma_world_stability,TN,27696287,0.5053137552140985,case_patch_macro
penultimate_decoder_stage_output,HCC_10076307_20130925.nii.gz,gamma_world_stability,TP,511558,0.24655809858994654,case_patch_macro
penultimate_decoder_stage_output,HCC_10076307_20130925.nii.gz,pairwise_joint_product,FN,52165,0.00013666772724219548,case_patch_macro
penultimate_decoder_stage_output,HCC_10076307_20130925.nii.gz,pairwise_joint_product,FP,51542,0.004016200655457041,case_patch_macro
penultimate_decoder_stage_output,HCC_10076307_20130925.nii.gz,pairwise_joint_product,TN,27696287,0.30988114826563,case_patch_macro
penultimate_decoder_stage_output,HCC_10076307_20130925.nii.gz,pairwise_joint_product,TP,511558,0.01125435408517348,case_patch_macro
penultimate_decoder_stage_output,HCC_10076307_20130925.nii.gz,pairwise_world_stability,FN,52165,0.013153202450052644,case_patch_macro
penultimate_decoder_stage_output,HCC_10076307_20130925.nii.gz,pairwise_world_stability,FP,51542,0.024688399552251456,case_patch_macro
penultimate_decoder_stage_output,HCC_10076307_20130925.nii.gz,pairwise_world_stability,TN,27696287,0.5097510111650401,case_patch_macro
penultimate_decoder_stage_output,HCC_10076307_20130925.nii.gz,pairwise_world_stability,TP,511558,0.05764170641632808,case_patch_macro
decoder_stage_1_low_to_high,CYST_PA20.nii.gz,blur_joint_product,FN,55208,0.0002415317931058543,case_patch_macro
decoder_stage_1_low_to_high,CYST_PA20.nii.gz,blur_joint_product,FP,88176,0.07137082701179055,case_patch_macro
decoder_stage_1_low_to_high,CYST_PA20.nii.gz,blur_joint_product,TN,27608718,0.30362531947894383,case_patch_macro
decoder_stage_1_low_to_high,CYST_PA20.nii.gz,blur_joint_product,TP,559450,0.060108337430320805,case_patch_macro
decoder_stage_1_low_to_high,CYST_PA20.nii.gz,blur_world_stability,FN,55208,0.009826675470302996,case_patch_macro
decoder_stage_1_low_to_high,CYST_PA20.nii.gz,blur_world_stability,FP,88176,0.14322963290335622,case_patch_macro
decoder_stage_1_low_to_high,CYST_PA20.nii.gz,blur_world_stability,TN,27608718,0.5083265289343262,case_patch_macro
decoder_stage_1_low_to_high,CYST_PA20.nii.gz,blur_world_stability,TP,559450,0.15733090493117668,case_patch_macro
decoder_stage_1_low_to_high,CYST_PA20.nii.gz,confidence_rank,FN,55208,0.023495159990242334,case_patch_macro
decoder_stage_1_low_to_high,CYST_PA20.nii.gz,confidence_rank,FP,88176,0.11231452220417537,case_patch_macro
decoder_stage_1_low_to_high,CYST_PA20.nii.gz,confidence_rank,TN,27608718,0.5087015323127957,case_patch_macro
decoder_stage_1_low_to_high,CYST_PA20.nii.gz,confidence_rank,TP,559450,0.14298217642239897,case_patch_macro
decoder_stage_1_low_to_high,CYST_PA20.nii.gz,gamma_joint_product,FN,55208,0.0019388356120284783,case_patch_macro
decoder_stage_1_low_to_high,CYST_PA20.nii.gz,gamma_joint_product,FP,88176,0.09730326243537239,case_patch_macro
decoder_stage_1_low_to_high,CYST_PA20.nii.gz,gamma_joint_product,TN,27608718,0.30158163871557164,case_patch_macro
decoder_stage_1_low_to_high,CYST_PA20.nii.gz,gamma_joint_product,TP,559450,0.12040878832282315,case_patch_macro
decoder_stage_1_low_to_high,CYST_PA20.nii.gz,gamma_world_stability,FN,55208,0.015268649607278414,case_patch_macro
decoder_stage_1_low_to_high,CYST_PA20.nii.gz,gamma_world_stability,FP,88176,0.22420907909422644,case_patch_macro
decoder_stage_1_low_to_high,CYST_PA20.nii.gz,gamma_world_stability,TN,27608718,0.5027509481118182,case_patch_macro
decoder_stage_1_low_to_high,CYST_PA20.nii.gz,gamma_world_stability,TP,559450,0.35202841879545504,case_patch_macro
decoder_stage_1_low_to_high,CYST_PA20.nii.gz,pairwise_joint_product,FN,55208,0.00023269953589235485,case_patch_macro
decoder_stage_1_low_to_high,CYST_PA20.nii.gz,pairwise_joint_product,FP,88176,0.0709203211785096,case_patch_macro
decoder_stage_1_low_to_high,CYST_PA20.nii.gz,pairwise_joint_product,TN,27608718,0.30688102606911427,case_patch_macro
decoder_stage_1_low_to_high,CYST_PA20.nii.gz,pairwise_joint_product,TP,559450,0.058402679842109916,case_patch_macro
decoder_stage_1_low_to_high,CYST_PA20.nii.gz,pairwise_world_stability,FN,55208,0.00895315399558707,case_patch_macro
decoder_stage_1_low_to_high,CYST_PA20.nii.gz,pairwise_world_stability,FP,88176,0.12184237837787926,case_patch_macro
decoder_stage_1_low_to_high,CYST_PA20.nii.gz,pairwise_world_stability,TN,27608718,0.50907138444201,case_patch_macro
decoder_stage_1_low_to_high,CYST_PA20.nii.gz,pairwise_world_stability,TP,559450,0.13205368755559713,case_patch_macro
final_decoder_feature,CYST_PA20.nii.gz,blur_joint_product,FN,55208,0.0002808096738433124,case_patch_macro
final_decoder_feature,CYST_PA20.nii.gz,blur_joint_product,FP,88176,0.009358319025576763,case_patch_macro
final_decoder_feature,CYST_PA20.nii.gz,blur_joint_product,TN,27608718,0.30443490445356813,case_patch_macro
final_decoder_feature,CYST_PA20.nii.gz,blur_joint_product,TP,559450,0.027521797451543296,case_patch_macro
final_decoder_feature,CYST_PA20.nii.gz,blur_world_stability,FN,55208,0.01242990512520657,case_patch_macro
final_decoder_feature,CYST_PA20.nii.gz,blur_world_stability,FP,88176,0.03748440701086174,case_patch_macro
final_decoder_feature,CYST_PA20.nii.gz,blur_world_stability,TN,27608718,0.5106119721049861,case_patch_macro
final_decoder_feature,CYST_PA20.nii.gz,blur_world_stability,TP,559450,0.0792531341739574,case_patch_macro
final_decoder_feature,CYST_PA20.nii.gz,confidence_rank,FN,55208,0.023495159990242334,case_patch_macro
final_decoder_feature,CYST_PA20.nii.gz,confidence_rank,FP,88176,0.11231452220417537,case_patch_macro
final_decoder_feature,CYST_PA20.nii.gz,confidence_rank,TN,27608718,0.5087015323127957,case_patch_macro
final_decoder_feature,CYST_PA20.nii.gz,confidence_rank,TP,559450,0.14298217642239897,case_patch_macro
final_decoder_feature,CYST_PA20.nii.gz,gamma_joint_product,FN,55208,0.0013948794539464025,case_patch_macro
final_decoder_feature,CYST_PA20.nii.gz,gamma_joint_product,FP,88176,0.0963103236738285,case_patch_macro
final_decoder_feature,CYST_PA20.nii.gz,gamma_joint_product,TN,27608718,0.30256848329973,case_patch_macro
final_decoder_feature,CYST_PA20.nii.gz,gamma_joint_product,TP,559450,0.12071489877626064,case_patch_macro
final_decoder_feature,CYST_PA20.nii.gz,gamma_world_stability,FN,55208,0.011597937528442667,case_patch_macro
final_decoder_feature,CYST_PA20.nii.gz,gamma_world_stability,FP,88176,0.2000125728491179,case_patch_macro
final_decoder_feature,CYST_PA20.nii.gz,gamma_world_stability,TN,27608718,0.5038494099374182,case_patch_macro
final_decoder_feature,CYST_PA20.nii.gz,gamma_world_stability,TP,559450,0.31646916186417773,case_patch_macro
final_decoder_feature,CYST_PA20.nii.gz,pairwise_joint_product,FN,55208,0.0002685070425951713,case_patch_macro
final_decoder_feature,CYST_PA20.nii.gz,pairwise_joint_product,FP,88176,0.009017101729347379,case_patch_macro
final_decoder_feature,CYST_PA20.nii.gz,pairwise_joint_product,TN,27608718,0.3078221843305556,case_patch_macro
final_decoder_feature,CYST_PA20.nii.gz,pairwise_joint_product,TP,559450,0.02706513251475207,case_patch_macro
final_decoder_feature,CYST_PA20.nii.gz,pairwise_world_stability,FN,55208,0.011416070568815644,case_patch_macro
final_decoder_feature,CYST_PA20.nii.gz,pairwise_world_stability,FP,88176,0.02596874058778454,case_patch_macro
final_decoder_feature,CYST_PA20.nii.gz,pairwise_world_stability,TN,27608718,0.5110234406682952,case_patch_macro
final_decoder_feature,CYST_PA20.nii.gz,pairwise_world_stability,TP,559450,0.06322758875429514,case_patch_macro
final_decoder_stage_input,CYST_PA20.nii.gz,blur_joint_product,FN,55208,0.0002808096738433124,case_patch_macro
final_decoder_stage_input,CYST_PA20.nii.gz,blur_joint_product,FP,88176,0.009358319025576763,case_patch_macro
final_decoder_stage_input,CYST_PA20.nii.gz,blur_joint_product,TN,27608718,0.30443490445356813,case_patch_macro
final_decoder_stage_input,CYST_PA20.nii.gz,blur_joint_product,TP,559450,0.027521797451543296,case_patch_macro
final_decoder_stage_input,CYST_PA20.nii.gz,blur_world_stability,FN,55208,0.01242990512520657,case_patch_macro
final_decoder_stage_input,CYST_PA20.nii.gz,blur_world_stability,FP,88176,0.03748440701086174,case_patch_macro
final_decoder_stage_input,CYST_PA20.nii.gz,blur_world_stability,TN,27608718,0.5106119721049861,case_patch_macro
final_decoder_stage_input,CYST_PA20.nii.gz,blur_world_stability,TP,559450,0.0792531341739574,case_patch_macro
final_decoder_stage_input,CYST_PA20.nii.gz,confidence_rank,FN,55208,0.023495159990242334,case_patch_macro
final_decoder_stage_input,CYST_PA20.nii.gz,confidence_rank,FP,88176,0.11231452220417537,case_patch_macro
final_decoder_stage_input,CYST_PA20.nii.gz,confidence_rank,TN,27608718,0.5087015323127957,case_patch_macro
final_decoder_stage_input,CYST_PA20.nii.gz,confidence_rank,TP,559450,0.14298217642239897,case_patch_macro
final_decoder_stage_input,CYST_PA20.nii.gz,gamma_joint_product,FN,55208,0.0013948794539464025,case_patch_macro
final_decoder_stage_input,CYST_PA20.nii.gz,gamma_joint_product,FP,88176,0.0963103236738285,case_patch_macro
final_decoder_stage_input,CYST_PA20.nii.gz,gamma_joint_product,TN,27608718,0.30256848329973,case_patch_macro
final_decoder_stage_input,CYST_PA20.nii.gz,gamma_joint_product,TP,559450,0.12071489877626064,case_patch_macro
final_decoder_stage_input,CYST_PA20.nii.gz,gamma_world_stability,FN,55208,0.011597937528442667,case_patch_macro
final_decoder_stage_input,CYST_PA20.nii.gz,gamma_world_stability,FP,88176,0.2000125728491179,case_patch_macro
final_decoder_stage_input,CYST_PA20.nii.gz,gamma_world_stability,TN,27608718,0.5038494099374182,case_patch_macro
final_decoder_stage_input,CYST_PA20.nii.gz,gamma_world_stability,TP,559450,0.31646916186417773,case_patch_macro
final_decoder_stage_input,CYST_PA20.nii.gz,pairwise_joint_product,FN,55208,0.0002685070425951713,case_patch_macro
final_decoder_stage_input,CYST_PA20.nii.gz,pairwise_joint_product,FP,88176,0.009017101729347379,case_patch_macro
final_decoder_stage_input,CYST_PA20.nii.gz,pairwise_joint_product,TN,27608718,0.3078221843305556,case_patch_macro
final_decoder_stage_input,CYST_PA20.nii.gz,pairwise_joint_product,TP,559450,0.02706513251475207,case_patch_macro
final_decoder_stage_input,CYST_PA20.nii.gz,pairwise_world_stability,FN,55208,0.011416070568815644,case_patch_macro
final_decoder_stage_input,CYST_PA20.nii.gz,pairwise_world_stability,FP,88176,0.02596874058778454,case_patch_macro
final_decoder_stage_input,CYST_PA20.nii.gz,pairwise_world_stability,TN,27608718,0.5110234406682952,case_patch_macro
final_decoder_stage_input,CYST_PA20.nii.gz,pairwise_world_stability,TP,559450,0.06322758875429514,case_patch_macro
full_voxtell_reference,CYST_PA20.nii.gz,blur_joint_product,FN,55208,0.00028383048455568307,case_patch_macro
full_voxtell_reference,CYST_PA20.nii.gz,blur_joint_product,FP,88176,0.008585844451089491,case_patch_macro
full_voxtell_reference,CYST_PA20.nii.gz,blur_joint_product,TN,27608718,0.3054752449900079,case_patch_macro
full_voxtell_reference,CYST_PA20.nii.gz,blur_joint_product,TP,559450,0.026885391749748827,case_patch_macro
full_voxtell_reference,CYST_PA20.nii.gz,blur_world_stability,FN,55208,0.012498181662937136,case_patch_macro
full_voxtell_reference,CYST_PA20.nii.gz,blur_world_stability,FP,88176,0.03289331889034955,case_patch_macro
full_voxtell_reference,CYST_PA20.nii.gz,blur_world_stability,TN,27608718,0.5107435320785514,case_patch_macro
full_voxtell_reference,CYST_PA20.nii.gz,blur_world_stability,TP,559450,0.07286454249386946,case_patch_macro
full_voxtell_reference,CYST_PA20.nii.gz,confidence_rank,FN,55208,0.023495159990242334,case_patch_macro
full_voxtell_reference,CYST_PA20.nii.gz,confidence_rank,FP,88176,0.11231452220417537,case_patch_macro
full_voxtell_reference,CYST_PA20.nii.gz,confidence_rank,TN,27608718,0.5087015323127957,case_patch_macro
full_voxtell_reference,CYST_PA20.nii.gz,confidence_rank,TP,559450,0.14298217642239897,case_patch_macro
full_voxtell_reference,CYST_PA20.nii.gz,gamma_joint_product,FN,55208,0.0007175744863624423,case_patch_macro
full_voxtell_reference,CYST_PA20.nii.gz,gamma_joint_product,FP,88176,0.09566776255860607,case_patch_macro
full_voxtell_reference,CYST_PA20.nii.gz,gamma_joint_product,TN,27608718,0.30312727076628687,case_patch_macro
full_voxtell_reference,CYST_PA20.nii.gz,gamma_joint_product,TP,559450,0.11971553780357615,case_patch_macro
full_voxtell_reference,CYST_PA20.nii.gz,gamma_world_stability,FN,55208,0.009463633278879703,case_patch_macro
full_voxtell_reference,CYST_PA20.nii.gz,gamma_world_stability,FP,88176,0.20169762212455988,case_patch_macro
full_voxtell_reference,CYST_PA20.nii.gz,gamma_world_stability,TN,27608718,0.5036697235628803,case_patch_macro
full_voxtell_reference,CYST_PA20.nii.gz,gamma_world_stability,TP,559450,0.32419140778112876,case_patch_macro
full_voxtell_reference,CYST_PA20.nii.gz,pairwise_joint_product,FN,55208,0.00027437645461395906,case_patch_macro
full_voxtell_reference,CYST_PA20.nii.gz,pairwise_joint_product,FP,88176,0.00856530560213139,case_patch_macro
full_voxtell_reference,CYST_PA20.nii.gz,pairwise_joint_product,TN,27608718,0.30887797228082015,case_patch_macro
full_voxtell_reference,CYST_PA20.nii.gz,pairwise_joint_product,TP,559450,0.02632301718353294,case_patch_macro
full_voxtell_reference,CYST_PA20.nii.gz,pairwise_world_stability,FN,55208,0.011604161518161647,case_patch_macro
full_voxtell_reference,CYST_PA20.nii.gz,pairwise_world_stability,FP,88176,0.02381512632886854,case_patch_macro
full_voxtell_reference,CYST_PA20.nii.gz,pairwise_world_stability,TN,27608718,0.5110910101392446,case_patch_macro
full_voxtell_reference,CYST_PA20.nii.gz,pairwise_world_stability,TP,559450,0.060291912055562315,case_patch_macro
penultimate_decoder_stage_output,CYST_PA20.nii.gz,blur_joint_product,FN,55208,0.00029862603397580174,case_patch_macro
penultimate_decoder_stage_output,CYST_PA20.nii.gz,blur_joint_product,FP,88176,0.021755256895964477,case_patch_macro
penultimate_decoder_stage_output,CYST_PA20.nii.gz,blur_joint_product,TN,27608718,0.30437533961200935,case_patch_macro
penultimate_decoder_stage_output,CYST_PA20.nii.gz,blur_joint_product,TP,559450,0.04081868596197883,case_patch_macro
penultimate_decoder_stage_output,CYST_PA20.nii.gz,blur_world_stability,FN,55208,0.0121414816049909,case_patch_macro
penultimate_decoder_stage_output,CYST_PA20.nii.gz,blur_world_stability,FP,88176,0.05595872682764936,case_patch_macro
penultimate_decoder_stage_output,CYST_PA20.nii.gz,blur_world_stability,TN,27608718,0.5099246699654916,case_patch_macro
penultimate_decoder_stage_output,CYST_PA20.nii.gz,blur_world_stability,TP,559450,0.10421062759907582,case_patch_macro
penultimate_decoder_stage_output,CYST_PA20.nii.gz,confidence_rank,FN,55208,0.023495159990242334,case_patch_macro
penultimate_decoder_stage_output,CYST_PA20.nii.gz,confidence_rank,FP,88176,0.11231452220417537,case_patch_macro
penultimate_decoder_stage_output,CYST_PA20.nii.gz,confidence_rank,TN,27608718,0.5087015323127957,case_patch_macro
penultimate_decoder_stage_output,CYST_PA20.nii.gz,confidence_rank,TP,559450,0.14298217642239897,case_patch_macro
penultimate_decoder_stage_output,CYST_PA20.nii.gz,gamma_joint_product,FN,55208,0.0014445686946573718,case_patch_macro
penultimate_decoder_stage_output,CYST_PA20.nii.gz,gamma_joint_product,FP,88176,0.09638538020295774,case_patch_macro
penultimate_decoder_stage_output,CYST_PA20.nii.gz,gamma_joint_product,TN,27608718,0.30266950060427644,case_patch_macro
penultimate_decoder_stage_output,CYST_PA20.nii.gz,gamma_joint_product,TP,559450,0.11905983809577016,case_patch_macro
penultimate_decoder_stage_output,CYST_PA20.nii.gz,gamma_world_stability,FN,55208,0.011384303939232836,case_patch_macro
penultimate_decoder_stage_output,CYST_PA20.nii.gz,gamma_world_stability,FP,88176,0.2054031576341187,case_patch_macro
penultimate_decoder_stage_output,CYST_PA20.nii.gz,gamma_world_stability,TN,27608718,0.5034801110251322,case_patch_macro
penultimate_decoder_stage_output,CYST_PA20.nii.gz,gamma_world_stability,TP,559450,0.33129218280216466,case_patch_macro
penultimate_decoder_stage_output,CYST_PA20.nii.gz,pairwise_joint_product,FN,55208,0.0002763754207195502,case_patch_macro
penultimate_decoder_stage_output,CYST_PA20.nii.gz,pairwise_joint_product,FP,88176,0.02134407303237317,case_patch_macro
penultimate_decoder_stage_output,CYST_PA20.nii.gz,pairwise_joint_product,TN,27608718,0.3078500502129202,case_patch_macro
penultimate_decoder_stage_output,CYST_PA20.nii.gz,pairwise_joint_product,TP,559450,0.03952091757340739,case_patch_macro
penultimate_decoder_stage_output,CYST_PA20.nii.gz,pairwise_world_stability,FN,55208,0.011286881334121436,case_patch_macro
penultimate_decoder_stage_output,CYST_PA20.nii.gz,pairwise_world_stability,FP,88176,0.04278885028838113,case_patch_macro
penultimate_decoder_stage_output,CYST_PA20.nii.gz,pairwise_world_stability,TN,27608718,0.5103964630955389,case_patch_macro
penultimate_decoder_stage_output,CYST_PA20.nii.gz,pairwise_world_stability,TP,559450,0.0861442293890258,case_patch_macro
decoder_stage_1_low_to_high,CYST_PA56.nii.gz,blur_joint_product,FN,11764,0.00010098105565113928,case_patch_macro
decoder_stage_1_low_to_high,CYST_PA56.nii.gz,blur_joint_product,FP,107095,0.0414270201378889,case_patch_macro
decoder_stage_1_low_to_high,CYST_PA56.nii.gz,blur_joint_product,TN,27785409,0.29624540475032785,case_patch_macro
decoder_stage_1_low_to_high,CYST_PA56.nii.gz,blur_joint_product,TP,407284,0.10167941889410469,case_patch_macro
decoder_stage_1_low_to_high,CYST_PA56.nii.gz,blur_world_stability,FN,11764,0.009462138723648617,case_patch_macro
decoder_stage_1_low_to_high,CYST_PA56.nii.gz,blur_world_stability,FP,107095,0.07749214589279398,case_patch_macro
decoder_stage_1_low_to_high,CYST_PA56.nii.gz,blur_world_stability,TN,27785409,0.5048336931434134,case_patch_macro
decoder_stage_1_low_to_high,CYST_PA56.nii.gz,blur_world_stability,TP,407284,0.2435042929048973,case_patch_macro
decoder_stage_1_low_to_high,CYST_PA56.nii.gz,confidence_rank,FN,11764,0.0058001490690983955,case_patch_macro
decoder_stage_1_low_to_high,CYST_PA56.nii.gz,confidence_rank,FP,107095,0.07511763437022642,case_patch_macro
decoder_stage_1_low_to_high,CYST_PA56.nii.gz,confidence_rank,TN,27785409,0.5063125385486424,case_patch_macro
decoder_stage_1_low_to_high,CYST_PA56.nii.gz,confidence_rank,TP,407284,0.16994894771580835,case_patch_macro
decoder_stage_1_low_to_high,CYST_PA56.nii.gz,gamma_joint_product,FN,11764,7.532032035322511e-05,case_patch_macro
decoder_stage_1_low_to_high,CYST_PA56.nii.gz,gamma_joint_product,FP,107095,0.05978079527391136,case_patch_macro
decoder_stage_1_low_to_high,CYST_PA56.nii.gz,gamma_joint_product,TN,27785409,0.2912032015108089,case_patch_macro
decoder_stage_1_low_to_high,CYST_PA56.nii.gz,gamma_joint_product,TP,407284,0.12829581020395706,case_patch_macro
decoder_stage_1_low_to_high,CYST_PA56.nii.gz,gamma_world_stability,FN,11764,0.0070147295508733165,case_patch_macro
decoder_stage_1_low_to_high,CYST_PA56.nii.gz,gamma_world_stability,FP,107095,0.1619231677974928,case_patch_macro
decoder_stage_1_low_to_high,CYST_PA56.nii.gz,gamma_world_stability,TN,27785409,0.5011114358671307,case_patch_macro
decoder_stage_1_low_to_high,CYST_PA56.nii.gz,gamma_world_stability,TP,407284,0.4453902511910008,case_patch_macro
decoder_stage_1_low_to_high,CYST_PA56.nii.gz,pairwise_joint_product,FN,11764,8.959240371516361e-05,case_patch_macro
decoder_stage_1_low_to_high,CYST_PA56.nii.gz,pairwise_joint_product,FP,107095,0.039718141522947954,case_patch_macro
decoder_stage_1_low_to_high,CYST_PA56.nii.gz,pairwise_joint_product,TN,27785409,0.2988249062391487,case_patch_macro
decoder_stage_1_low_to_high,CYST_PA56.nii.gz,pairwise_joint_product,TP,407284,0.09659037417073564,case_patch_macro
decoder_stage_1_low_to_high,CYST_PA56.nii.gz,pairwise_world_stability,FN,11764,0.00855501668422113,case_patch_macro
decoder_stage_1_low_to_high,CYST_PA56.nii.gz,pairwise_world_stability,FP,107095,0.06453196694044921,case_patch_macro
decoder_stage_1_low_to_high,CYST_PA56.nii.gz,pairwise_world_stability,TN,27785409,0.505399725580472,case_patch_macro
decoder_stage_1_low_to_high,CYST_PA56.nii.gz,pairwise_world_stability,TP,407284,0.21532358624969286,case_patch_macro
final_decoder_feature,CYST_PA56.nii.gz,blur_joint_product,FN,11764,0.00011706435829253501,case_patch_macro
final_decoder_feature,CYST_PA56.nii.gz,blur_joint_product,FP,107095,0.021767443661856182,case_patch_macro
final_decoder_feature,CYST_PA56.nii.gz,blur_joint_product,TN,27785409,0.2976068276710736,case_patch_macro
final_decoder_feature,CYST_PA56.nii.gz,blur_joint_product,TP,407284,0.056380847939923706,case_patch_macro
final_decoder_feature,CYST_PA56.nii.gz,blur_world_stability,FN,11764,0.011792341141621011,case_patch_macro
final_decoder_feature,CYST_PA56.nii.gz,blur_world_stability,FP,107095,0.04470705557187147,case_patch_macro
final_decoder_feature,CYST_PA56.nii.gz,blur_world_stability,TN,27785409,0.5068141226054483,case_patch_macro
final_decoder_feature,CYST_PA56.nii.gz,blur_world_stability,TP,407284,0.14042606425750945,case_patch_macro
final_decoder_feature,CYST_PA56.nii.gz,confidence_rank,FN,11764,0.0058001490690983955,case_patch_macro
final_decoder_feature,CYST_PA56.nii.gz,confidence_rank,FP,107095,0.07511763437022642,case_patch_macro
final_decoder_feature,CYST_PA56.nii.gz,confidence_rank,TN,27785409,0.5063125385486424,case_patch_macro
final_decoder_feature,CYST_PA56.nii.gz,confidence_rank,TP,407284,0.16994894771580835,case_patch_macro
final_decoder_feature,CYST_PA56.nii.gz,gamma_joint_product,FN,11764,7.48679358348206e-05,case_patch_macro
final_decoder_feature,CYST_PA56.nii.gz,gamma_joint_product,FP,107095,0.05605538310802625,case_patch_macro
final_decoder_feature,CYST_PA56.nii.gz,gamma_joint_product,TN,27785409,0.2936631341850764,case_patch_macro
final_decoder_feature,CYST_PA56.nii.gz,gamma_joint_product,TP,407284,0.12609945246336093,case_patch_macro
final_decoder_feature,CYST_PA56.nii.gz,gamma_world_stability,FN,11764,0.0070765594113389495,case_patch_macro
final_decoder_feature,CYST_PA56.nii.gz,gamma_world_stability,FP,107095,0.13326741890555757,case_patch_macro
final_decoder_feature,CYST_PA56.nii.gz,gamma_world_stability,TN,27785409,0.5021370610828223,case_patch_macro
final_decoder_feature,CYST_PA56.nii.gz,gamma_world_stability,TP,407284,0.3912426429350074,case_patch_macro
final_decoder_feature,CYST_PA56.nii.gz,pairwise_joint_product,FN,11764,9.38999392590488e-05,case_patch_macro
final_decoder_feature,CYST_PA56.nii.gz,pairwise_joint_product,FP,107095,0.020709898405591093,case_patch_macro
final_decoder_feature,CYST_PA56.nii.gz,pairwise_joint_product,TN,27785409,0.30021408002277095,case_patch_macro
final_decoder_feature,CYST_PA56.nii.gz,pairwise_joint_product,TP,407284,0.05295621141049739,case_patch_macro
final_decoder_feature,CYST_PA56.nii.gz,pairwise_world_stability,FN,11764,0.01029002321285065,case_patch_macro
final_decoder_feature,CYST_PA56.nii.gz,pairwise_world_stability,FP,107095,0.03779968989375995,case_patch_macro
final_decoder_feature,CYST_PA56.nii.gz,pairwise_world_stability,TN,27785409,0.507276009110645,case_patch_macro
final_decoder_feature,CYST_PA56.nii.gz,pairwise_world_stability,TP,407284,0.11739547296737196,case_patch_macro
final_decoder_stage_input,CYST_PA56.nii.gz,blur_joint_product,FN,11764,0.00011706435829253501,case_patch_macro
final_decoder_stage_input,CYST_PA56.nii.gz,blur_joint_product,FP,107095,0.021767443661856182,case_patch_macro
final_decoder_stage_input,CYST_PA56.nii.gz,blur_joint_product,TN,27785409,0.2976068276710736,case_patch_macro
final_decoder_stage_input,CYST_PA56.nii.gz,blur_joint_product,TP,407284,0.056380847939923706,case_patch_macro
final_decoder_stage_input,CYST_PA56.nii.gz,blur_world_stability,FN,11764,0.011792341141621011,case_patch_macro
final_decoder_stage_input,CYST_PA56.nii.gz,blur_world_stability,FP,107095,0.04470705557187147,case_patch_macro
final_decoder_stage_input,CYST_PA56.nii.gz,blur_world_stability,TN,27785409,0.5068141226054483,case_patch_macro
final_decoder_stage_input,CYST_PA56.nii.gz,blur_world_stability,TP,407284,0.14042606425750945,case_patch_macro
final_decoder_stage_input,CYST_PA56.nii.gz,confidence_rank,FN,11764,0.0058001490690983955,case_patch_macro
final_decoder_stage_input,CYST_PA56.nii.gz,confidence_rank,FP,107095,0.07511763437022642,case_patch_macro
final_decoder_stage_input,CYST_PA56.nii.gz,confidence_rank,TN,27785409,0.5063125385486424,case_patch_macro
final_decoder_stage_input,CYST_PA56.nii.gz,confidence_rank,TP,407284,0.16994894771580835,case_patch_macro
final_decoder_stage_input,CYST_PA56.nii.gz,gamma_joint_product,FN,11764,7.48679358348206e-05,case_patch_macro
final_decoder_stage_input,CYST_PA56.nii.gz,gamma_joint_product,FP,107095,0.05605538310802625,case_patch_macro
final_decoder_stage_input,CYST_PA56.nii.gz,gamma_joint_product,TN,27785409,0.2936631341850764,case_patch_macro
final_decoder_stage_input,CYST_PA56.nii.gz,gamma_joint_product,TP,407284,0.12609945246336093,case_patch_macro
final_decoder_stage_input,CYST_PA56.nii.gz,gamma_world_stability,FN,11764,0.0070765594113389495,case_patch_macro
final_decoder_stage_input,CYST_PA56.nii.gz,gamma_world_stability,FP,107095,0.13326741890555757,case_patch_macro
final_decoder_stage_input,CYST_PA56.nii.gz,gamma_world_stability,TN,27785409,0.5021370610828223,case_patch_macro
final_decoder_stage_input,CYST_PA56.nii.gz,gamma_world_stability,TP,407284,0.3912426429350074,case_patch_macro
final_decoder_stage_input,CYST_PA56.nii.gz,pairwise_joint_product,FN,11764,9.38999392590488e-05,case_patch_macro
final_decoder_stage_input,CYST_PA56.nii.gz,pairwise_joint_product,FP,107095,0.020709898405591093,case_patch_macro
final_decoder_stage_input,CYST_PA56.nii.gz,pairwise_joint_product,TN,27785409,0.30021408002277095,case_patch_macro
final_decoder_stage_input,CYST_PA56.nii.gz,pairwise_joint_product,TP,407284,0.05295621141049739,case_patch_macro
final_decoder_stage_input,CYST_PA56.nii.gz,pairwise_world_stability,FN,11764,0.01029002321285065,case_patch_macro
final_decoder_stage_input,CYST_PA56.nii.gz,pairwise_world_stability,FP,107095,0.03779968989375995,case_patch_macro
final_decoder_stage_input,CYST_PA56.nii.gz,pairwise_world_stability,TN,27785409,0.507276009110645,case_patch_macro
final_decoder_stage_input,CYST_PA56.nii.gz,pairwise_world_stability,TP,407284,0.11739547296737196,case_patch_macro
full_voxtell_reference,CYST_PA56.nii.gz,blur_joint_product,FN,11764,0.0001853287740276673,case_patch_macro
full_voxtell_reference,CYST_PA56.nii.gz,blur_joint_product,FP,107095,0.02310018983806132,case_patch_macro
full_voxtell_reference,CYST_PA56.nii.gz,blur_joint_product,TN,27785409,0.29597376428306377,case_patch_macro
full_voxtell_reference,CYST_PA56.nii.gz,blur_joint_product,TP,407284,0.05320650669508987,case_patch_macro
full_voxtell_reference,CYST_PA56.nii.gz,blur_world_stability,FN,11764,0.014599488133749795,case_patch_macro
full_voxtell_reference,CYST_PA56.nii.gz,blur_world_stability,FP,107095,0.04467538343950935,case_patch_macro
full_voxtell_reference,CYST_PA56.nii.gz,blur_world_stability,TN,27785409,0.5067292366472093,case_patch_macro
full_voxtell_reference,CYST_PA56.nii.gz,blur_world_stability,TP,407284,0.12946318002997384,case_patch_macro
full_voxtell_reference,CYST_PA56.nii.gz,confidence_rank,FN,11764,0.0058001490690983955,case_patch_macro
full_voxtell_reference,CYST_PA56.nii.gz,confidence_rank,FP,107095,0.07511763437022642,case_patch_macro
full_voxtell_reference,CYST_PA56.nii.gz,confidence_rank,TN,27785409,0.5063125385486424,case_patch_macro
full_voxtell_reference,CYST_PA56.nii.gz,confidence_rank,TP,407284,0.16994894771580835,case_patch_macro
full_voxtell_reference,CYST_PA56.nii.gz,gamma_joint_product,FN,11764,7.048195808679754e-05,case_patch_macro
full_voxtell_reference,CYST_PA56.nii.gz,gamma_joint_product,FP,107095,0.055732123186729654,case_patch_macro
full_voxtell_reference,CYST_PA56.nii.gz,gamma_joint_product,TN,27785409,0.2953993322570078,case_patch_macro
full_voxtell_reference,CYST_PA56.nii.gz,gamma_joint_product,TP,407284,0.12538904540938475,case_patch_macro
full_voxtell_reference,CYST_PA56.nii.gz,gamma_world_stability,FN,11764,0.006621840529796685,case_patch_macro
full_voxtell_reference,CYST_PA56.nii.gz,gamma_world_stability,FP,107095,0.13290628076089248,case_patch_macro
full_voxtell_reference,CYST_PA56.nii.gz,gamma_world_stability,TN,27785409,0.5021976419803325,case_patch_macro
full_voxtell_reference,CYST_PA56.nii.gz,gamma_world_stability,TP,407284,0.38708266929674234,case_patch_macro
full_voxtell_reference,CYST_PA56.nii.gz,pairwise_joint_product,FN,11764,0.00012090474377659692,case_patch_macro
full_voxtell_reference,CYST_PA56.nii.gz,pairwise_joint_product,FP,107095,0.021914843538927226,case_patch_macro
full_voxtell_reference,CYST_PA56.nii.gz,pairwise_joint_product,TN,27785409,0.29861294364684315,case_patch_macro
full_voxtell_reference,CYST_PA56.nii.gz,pairwise_joint_product,TP,407284,0.04950983160836306,case_patch_macro
full_voxtell_reference,CYST_PA56.nii.gz,pairwise_world_stability,FN,11764,0.011163008571445983,case_patch_macro
full_voxtell_reference,CYST_PA56.nii.gz,pairwise_world_stability,FP,107095,0.03835844385937298,case_patch_macro
full_voxtell_reference,CYST_PA56.nii.gz,pairwise_world_stability,TN,27785409,0.5072103095440067,case_patch_macro
full_voxtell_reference,CYST_PA56.nii.gz,pairwise_world_stability,TP,407284,0.10761407375467114,case_patch_macro
penultimate_decoder_stage_output,CYST_PA56.nii.gz,blur_joint_product,FN,11764,0.00011871766708980777,case_patch_macro
penultimate_decoder_stage_output,CYST_PA56.nii.gz,blur_joint_product,FP,107095,0.02597334400646323,case_patch_macro
penultimate_decoder_stage_output,CYST_PA56.nii.gz,blur_joint_product,TN,27785409,0.2972571402491198,case_patch_macro
penultimate_decoder_stage_output,CYST_PA56.nii.gz,blur_joint_product,TP,407284,0.08328272937470474,case_patch_macro
penultimate_decoder_stage_output,CYST_PA56.nii.gz,blur_world_stability,FN,11764,0.0117559314866333,case_patch_macro
penultimate_decoder_stage_output,CYST_PA56.nii.gz,blur_world_stability,FP,107095,0.05039491259948051,case_patch_macro
penultimate_decoder_stage_output,CYST_PA56.nii.gz,blur_world_stability,TN,27785409,0.5061482588511588,case_patch_macro
penultimate_decoder_stage_output,CYST_PA56.nii.gz,blur_world_stability,TP,407284,0.1778406027185858,case_patch_macro
penultimate_decoder_stage_output,CYST_PA56.nii.gz,confidence_rank,FN,11764,0.0058001490690983955,case_patch_macro
penultimate_decoder_stage_output,CYST_PA56.nii.gz,confidence_rank,FP,107095,0.07511763437022642,case_patch_macro
penultimate_decoder_stage_output,CYST_PA56.nii.gz,confidence_rank,TN,27785409,0.5063125385486424,case_patch_macro
penultimate_decoder_stage_output,CYST_PA56.nii.gz,confidence_rank,TP,407284,0.16994894771580835,case_patch_macro
penultimate_decoder_stage_output,CYST_PA56.nii.gz,gamma_joint_product,FN,11764,7.015061348636636e-05,case_patch_macro
penultimate_decoder_stage_output,CYST_PA56.nii.gz,gamma_joint_product,FP,107095,0.058218093217206335,case_patch_macro
penultimate_decoder_stage_output,CYST_PA56.nii.gz,gamma_joint_product,TN,27785409,0.293674855667764,case_patch_macro
penultimate_decoder_stage_output,CYST_PA56.nii.gz,gamma_joint_product,TP,407284,0.12512583639888947,case_patch_macro
penultimate_decoder_stage_output,CYST_PA56.nii.gz,gamma_world_stability,FN,11764,0.007014880956716833,case_patch_macro
penultimate_decoder_stage_output,CYST_PA56.nii.gz,gamma_world_stability,FP,107095,0.13731322502967944,case_patch_macro
penultimate_decoder_stage_output,CYST_PA56.nii.gz,gamma_world_stability,TN,27785409,0.5020553485072219,case_patch_macro
penultimate_decoder_stage_output,CYST_PA56.nii.gz,gamma_world_stability,TP,407284,0.39520878647023666,case_patch_macro
penultimate_decoder_stage_output,CYST_PA56.nii.gz,pairwise_joint_product,FN,11764,9.134239348991496e-05,case_patch_macro
penultimate_decoder_stage_output,CYST_PA56.nii.gz,pairwise_joint_product,FP,107095,0.024521037551949395,case_patch_macro
penultimate_decoder_stage_output,CYST_PA56.nii.gz,pairwise_joint_product,TN,27785409,0.29994350258061636,case_patch_macro
penultimate_decoder_stage_output,CYST_PA56.nii.gz,pairwise_joint_product,TP,407284,0.07767109265026444,case_patch_macro
penultimate_decoder_stage_output,CYST_PA56.nii.gz,pairwise_world_stability,FN,11764,0.010063605446875365,case_patch_macro
penultimate_decoder_stage_output,CYST_PA56.nii.gz,pairwise_world_stability,FP,107095,0.04248145696232985,case_patch_macro
penultimate_decoder_stage_output,CYST_PA56.nii.gz,pairwise_world_stability,TN,27785409,0.5066748897460148,case_patch_macro
penultimate_decoder_stage_output,CYST_PA56.nii.gz,pairwise_world_stability,TP,407284,0.15221262943282385,case_patch_macro
decoder_stage_1_low_to_high,HCC_10136895_20170421.nii.gz,blur_joint_product,FN,37117,0.0002197601403575339,case_patch_macro
decoder_stage_1_low_to_high,HCC_10136895_20170421.nii.gz,blur_joint_product,FP,118654,0.005596849407390973,case_patch_macro
decoder_stage_1_low_to_high,HCC_10136895_20170421.nii.gz,blur_joint_product,TN,27630080,0.3074879679794138,case_patch_macro
decoder_stage_1_low_to_high,HCC_10136895_20170421.nii.gz,blur_joint_product,TP,525701,0.0856174186667694,case_patch_macro
decoder_stage_1_low_to_high,HCC_10136895_20170421.nii.gz,blur_world_stability,FN,37117,0.012002523381361449,case_patch_macro
decoder_stage_1_low_to_high,HCC_10136895_20170421.nii.gz,blur_world_stability,FP,118654,0.05540276376826346,case_patch_macro
decoder_stage_1_low_to_high,HCC_10136895_20170421.nii.gz,blur_world_stability,TN,27630080,0.5075114925682395,case_patch_macro
decoder_stage_1_low_to_high,HCC_10136895_20170421.nii.gz,blur_world_stability,TP,525701,0.2608647729091856,case_patch_macro
decoder_stage_1_low_to_high,HCC_10136895_20170421.nii.gz,confidence_rank,FN,37117,0.008563259943023588,case_patch_macro
decoder_stage_1_low_to_high,HCC_10136895_20170421.nii.gz,confidence_rank,FP,118654,0.019752647803564054,case_patch_macro
decoder_stage_1_low_to_high,HCC_10136895_20170421.nii.gz,confidence_rank,TN,27630080,0.5101397372711239,case_patch_macro
decoder_stage_1_low_to_high,HCC_10136895_20170421.nii.gz,confidence_rank,TP,525701,0.13126371754700542,case_patch_macro
decoder_stage_1_low_to_high,HCC_10136895_20170421.nii.gz,gamma_joint_product,FN,37117,0.00020777429408696646,case_patch_macro
decoder_stage_1_low_to_high,HCC_10136895_20170421.nii.gz,gamma_joint_product,FP,118654,0.006518285264370862,case_patch_macro
decoder_stage_1_low_to_high,HCC_10136895_20170421.nii.gz,gamma_joint_product,TN,27630080,0.3047904969120486,case_patch_macro
decoder_stage_1_low_to_high,HCC_10136895_20170421.nii.gz,gamma_joint_product,TP,525701,0.0952543435135426,case_patch_macro
decoder_stage_1_low_to_high,HCC_10136895_20170421.nii.gz,gamma_world_stability,FN,37117,0.010206092258087324,case_patch_macro
decoder_stage_1_low_to_high,HCC_10136895_20170421.nii.gz,gamma_world_stability,FP,118654,0.06979858223500014,case_patch_macro
decoder_stage_1_low_to_high,HCC_10136895_20170421.nii.gz,gamma_world_stability,TN,27630080,0.5050901846534669,case_patch_macro
decoder_stage_1_low_to_high,HCC_10136895_20170421.nii.gz,gamma_world_stability,TP,525701,0.3896354291248611,case_patch_macro
decoder_stage_1_low_to_high,HCC_10136895_20170421.nii.gz,pairwise_joint_product,FN,37117,0.00020487212624506945,case_patch_macro
decoder_stage_1_low_to_high,HCC_10136895_20170421.nii.gz,pairwise_joint_product,FP,118654,0.004650359192647818,case_patch_macro
decoder_stage_1_low_to_high,HCC_10136895_20170421.nii.gz,pairwise_joint_product,TN,27630080,0.31089374994591723,case_patch_macro
decoder_stage_1_low_to_high,HCC_10136895_20170421.nii.gz,pairwise_joint_product,TP,525701,0.08409796869711793,case_patch_macro
decoder_stage_1_low_to_high,HCC_10136895_20170421.nii.gz,pairwise_world_stability,FN,37117,0.010882837991141661,case_patch_macro
decoder_stage_1_low_to_high,HCC_10136895_20170421.nii.gz,pairwise_world_stability,FP,118654,0.03234227186578876,case_patch_macro
decoder_stage_1_low_to_high,HCC_10136895_20170421.nii.gz,pairwise_world_stability,TN,27630080,0.5084596833115292,case_patch_macro
decoder_stage_1_low_to_high,HCC_10136895_20170421.nii.gz,pairwise_world_stability,TP,525701,0.2189323673309036,case_patch_macro
final_decoder_feature,HCC_10136895_20170421.nii.gz,blur_joint_product,FN,37117,0.00020347270832753433,case_patch_macro
final_decoder_feature,HCC_10136895_20170421.nii.gz,blur_joint_product,FP,118654,0.004794750439703877,case_patch_macro
final_decoder_feature,HCC_10136895_20170421.nii.gz,blur_joint_product,TN,27630080,0.3081552063131679,case_patch_macro
final_decoder_feature,HCC_10136895_20170421.nii.gz,blur_joint_product,TP,525701,0.05407746368707932,case_patch_macro
final_decoder_feature,HCC_10136895_20170421.nii.gz,blur_world_stability,FN,37117,0.014903355276403027,case_patch_macro
final_decoder_feature,HCC_10136895_20170421.nii.gz,blur_world_stability,FP,118654,0.042618413429397387,case_patch_macro
final_decoder_feature,HCC_10136895_20170421.nii.gz,blur_world_stability,TN,27630080,0.5097446053955789,case_patch_macro
final_decoder_feature,HCC_10136895_20170421.nii.gz,blur_world_stability,TP,525701,0.14388809942764108,case_patch_macro
final_decoder_feature,HCC_10136895_20170421.nii.gz,confidence_rank,FN,37117,0.008563259943023588,case_patch_macro
final_decoder_feature,HCC_10136895_20170421.nii.gz,confidence_rank,FP,118654,0.019752647803564054,case_patch_macro
final_decoder_feature,HCC_10136895_20170421.nii.gz,confidence_rank,TN,27630080,0.5101397372711239,case_patch_macro
final_decoder_feature,HCC_10136895_20170421.nii.gz,confidence_rank,TP,525701,0.13126371754700542,case_patch_macro
final_decoder_feature,HCC_10136895_20170421.nii.gz,gamma_joint_product,FN,37117,0.00019189423452127302,case_patch_macro
final_decoder_feature,HCC_10136895_20170421.nii.gz,gamma_joint_product,FP,118654,0.005786864002539881,case_patch_macro
final_decoder_feature,HCC_10136895_20170421.nii.gz,gamma_joint_product,TN,27630080,0.3061117644532569,case_patch_macro
final_decoder_feature,HCC_10136895_20170421.nii.gz,gamma_joint_product,TP,525701,0.08801400442066588,case_patch_macro
final_decoder_feature,HCC_10136895_20170421.nii.gz,gamma_world_stability,FN,37117,0.010039440788491135,case_patch_macro
final_decoder_feature,HCC_10136895_20170421.nii.gz,gamma_world_stability,FP,118654,0.05372854920721203,case_patch_macro
final_decoder_feature,HCC_10136895_20170421.nii.gz,gamma_world_stability,TN,27630080,0.5063925680915805,case_patch_macro
final_decoder_feature,HCC_10136895_20170421.nii.gz,gamma_world_stability,TP,525701,0.32462657086152125,case_patch_macro
final_decoder_feature,HCC_10136895_20170421.nii.gz,pairwise_joint_product,FN,37117,0.00018899147373672642,case_patch_macro
final_decoder_feature,HCC_10136895_20170421.nii.gz,pairwise_joint_product,FP,118654,0.003584424838106176,case_patch_macro
final_decoder_feature,HCC_10136895_20170421.nii.gz,pairwise_joint_product,TN,27630080,0.3116134866667974,case_patch_macro
final_decoder_feature,HCC_10136895_20170421.nii.gz,pairwise_joint_product,TP,525701,0.0508674880284641,case_patch_macro
final_decoder_feature,HCC_10136895_20170421.nii.gz,pairwise_world_stability,FN,37117,0.013668998546518768,case_patch_macro
final_decoder_feature,HCC_10136895_20170421.nii.gz,pairwise_world_stability,FP,118654,0.02585698060472292,case_patch_macro
final_decoder_feature,HCC_10136895_20170421.nii.gz,pairwise_world_stability,TN,27630080,0.5103461213679098,case_patch_macro
final_decoder_feature,HCC_10136895_20170421.nii.gz,pairwise_world_stability,TP,525701,0.11665468681668724,case_patch_macro
final_decoder_stage_input,HCC_10136895_20170421.nii.gz,blur_joint_product,FN,37117,0.00020347270832753433,case_patch_macro
final_decoder_stage_input,HCC_10136895_20170421.nii.gz,blur_joint_product,FP,118654,0.004794750439703877,case_patch_macro
final_decoder_stage_input,HCC_10136895_20170421.nii.gz,blur_joint_product,TN,27630080,0.3081552063131679,case_patch_macro
final_decoder_stage_input,HCC_10136895_20170421.nii.gz,blur_joint_product,TP,525701,0.05407746368707932,case_patch_macro
final_decoder_stage_input,HCC_10136895_20170421.nii.gz,blur_world_stability,FN,37117,0.014903355276403027,case_patch_macro
final_decoder_stage_input,HCC_10136895_20170421.nii.gz,blur_world_stability,FP,118654,0.042618413429397387,case_patch_macro
final_decoder_stage_input,HCC_10136895_20170421.nii.gz,blur_world_stability,TN,27630080,0.5097446053955789,case_patch_macro
final_decoder_stage_input,HCC_10136895_20170421.nii.gz,blur_world_stability,TP,525701,0.14388809942764108,case_patch_macro
final_decoder_stage_input,HCC_10136895_20170421.nii.gz,confidence_rank,FN,37117,0.008563259943023588,case_patch_macro
final_decoder_stage_input,HCC_10136895_20170421.nii.gz,confidence_rank,FP,118654,0.019752647803564054,case_patch_macro
final_decoder_stage_input,HCC_10136895_20170421.nii.gz,confidence_rank,TN,27630080,0.5101397372711239,case_patch_macro
final_decoder_stage_input,HCC_10136895_20170421.nii.gz,confidence_rank,TP,525701,0.13126371754700542,case_patch_macro
final_decoder_stage_input,HCC_10136895_20170421.nii.gz,gamma_joint_product,FN,37117,0.00019189423452127302,case_patch_macro
final_decoder_stage_input,HCC_10136895_20170421.nii.gz,gamma_joint_product,FP,118654,0.005786864002539881,case_patch_macro
final_decoder_stage_input,HCC_10136895_20170421.nii.gz,gamma_joint_product,TN,27630080,0.3061117644532569,case_patch_macro
final_decoder_stage_input,HCC_10136895_20170421.nii.gz,gamma_joint_product,TP,525701,0.08801400442066588,case_patch_macro
final_decoder_stage_input,HCC_10136895_20170421.nii.gz,gamma_world_stability,FN,37117,0.010039440788491135,case_patch_macro
final_decoder_stage_input,HCC_10136895_20170421.nii.gz,gamma_world_stability,FP,118654,0.05372854920721203,case_patch_macro
final_decoder_stage_input,HCC_10136895_20170421.nii.gz,gamma_world_stability,TN,27630080,0.5063925680915805,case_patch_macro
final_decoder_stage_input,HCC_10136895_20170421.nii.gz,gamma_world_stability,TP,525701,0.32462657086152125,case_patch_macro
final_decoder_stage_input,HCC_10136895_20170421.nii.gz,pairwise_joint_product,FN,37117,0.00018899147373672642,case_patch_macro
final_decoder_stage_input,HCC_10136895_20170421.nii.gz,pairwise_joint_product,FP,118654,0.003584424838106176,case_patch_macro
final_decoder_stage_input,HCC_10136895_20170421.nii.gz,pairwise_joint_product,TN,27630080,0.3116134866667974,case_patch_macro
final_decoder_stage_input,HCC_10136895_20170421.nii.gz,pairwise_joint_product,TP,525701,0.0508674880284641,case_patch_macro
final_decoder_stage_input,HCC_10136895_20170421.nii.gz,pairwise_world_stability,FN,37117,0.013668998546518768,case_patch_macro
final_decoder_stage_input,HCC_10136895_20170421.nii.gz,pairwise_world_stability,FP,118654,0.02585698060472292,case_patch_macro
final_decoder_stage_input,HCC_10136895_20170421.nii.gz,pairwise_world_stability,TN,27630080,0.5103461213679098,case_patch_macro
final_decoder_stage_input,HCC_10136895_20170421.nii.gz,pairwise_world_stability,TP,525701,0.11665468681668724,case_patch_macro
full_voxtell_reference,HCC_10136895_20170421.nii.gz,blur_joint_product,FN,37117,0.00020084992786246334,case_patch_macro
full_voxtell_reference,HCC_10136895_20170421.nii.gz,blur_joint_product,FP,118654,0.0042119213253819406,case_patch_macro
full_voxtell_reference,HCC_10136895_20170421.nii.gz,blur_joint_product,TN,27630080,0.3033369457948245,case_patch_macro
full_voxtell_reference,HCC_10136895_20170421.nii.gz,blur_joint_product,TP,525701,0.06191218339610804,case_patch_macro
full_voxtell_reference,HCC_10136895_20170421.nii.gz,blur_world_stability,FN,37117,0.014791938222340444,case_patch_macro
full_voxtell_reference,HCC_10136895_20170421.nii.gz,blur_world_stability,FP,118654,0.03794218594046292,case_patch_macro
full_voxtell_reference,HCC_10136895_20170421.nii.gz,blur_world_stability,TN,27630080,0.5096201627235905,case_patch_macro
full_voxtell_reference,HCC_10136895_20170421.nii.gz,blur_world_stability,TP,525701,0.1521474062976851,case_patch_macro
full_voxtell_reference,HCC_10136895_20170421.nii.gz,confidence_rank,FN,37117,0.008563259943023588,case_patch_macro
full_voxtell_reference,HCC_10136895_20170421.nii.gz,confidence_rank,FP,118654,0.019752647803564054,case_patch_macro
full_voxtell_reference,HCC_10136895_20170421.nii.gz,confidence_rank,TN,27630080,0.5101397372711239,case_patch_macro
full_voxtell_reference,HCC_10136895_20170421.nii.gz,confidence_rank,TP,525701,0.13126371754700542,case_patch_macro
full_voxtell_reference,HCC_10136895_20170421.nii.gz,gamma_joint_product,FN,37117,0.00020231336627944194,case_patch_macro
full_voxtell_reference,HCC_10136895_20170421.nii.gz,gamma_joint_product,FP,118654,0.003269822889542562,case_patch_macro
full_voxtell_reference,HCC_10136895_20170421.nii.gz,gamma_joint_product,TN,27630080,0.3066877961214154,case_patch_macro
full_voxtell_reference,HCC_10136895_20170421.nii.gz,gamma_joint_product,TP,525701,0.09423281874588531,case_patch_macro
full_voxtell_reference,HCC_10136895_20170421.nii.gz,gamma_world_stability,FN,37117,0.010551337086421727,case_patch_macro
full_voxtell_reference,HCC_10136895_20170421.nii.gz,gamma_world_stability,FP,118654,0.0697116103495112,case_patch_macro
full_voxtell_reference,HCC_10136895_20170421.nii.gz,gamma_world_stability,TN,27630080,0.5062382177178194,case_patch_macro
full_voxtell_reference,HCC_10136895_20170421.nii.gz,gamma_world_stability,TP,525701,0.3280862571836943,case_patch_macro
full_voxtell_reference,HCC_10136895_20170421.nii.gz,pairwise_joint_product,FN,37117,0.0001861242896218062,case_patch_macro
full_voxtell_reference,HCC_10136895_20170421.nii.gz,pairwise_joint_product,FP,118654,0.0019273042343477566,case_patch_macro
full_voxtell_reference,HCC_10136895_20170421.nii.gz,pairwise_joint_product,TN,27630080,0.3081384483974218,case_patch_macro
full_voxtell_reference,HCC_10136895_20170421.nii.gz,pairwise_joint_product,TP,525701,0.05952989298953104,case_patch_macro
full_voxtell_reference,HCC_10136895_20170421.nii.gz,pairwise_world_stability,FN,37117,0.013611359741381496,case_patch_macro
full_voxtell_reference,HCC_10136895_20170421.nii.gz,pairwise_world_stability,FP,118654,0.02334443863141796,case_patch_macro
full_voxtell_reference,HCC_10136895_20170421.nii.gz,pairwise_world_stability,TN,27630080,0.5102292166648936,case_patch_macro
full_voxtell_reference,HCC_10136895_20170421.nii.gz,pairwise_world_stability,TP,525701,0.12386596988184417,case_patch_macro
penultimate_decoder_stage_output,HCC_10136895_20170421.nii.gz,blur_joint_product,FN,37117,0.0002120916525595214,case_patch_macro
penultimate_decoder_stage_output,HCC_10136895_20170421.nii.gz,blur_joint_product,FP,118654,0.004962604941749487,case_patch_macro
penultimate_decoder_stage_output,HCC_10136895_20170421.nii.gz,blur_joint_product,TN,27630080,0.3082399452209278,case_patch_macro
penultimate_decoder_stage_output,HCC_10136895_20170421.nii.gz,blur_joint_product,TP,525701,0.058410265241841,case_patch_macro
penultimate_decoder_stage_output,HCC_10136895_20170421.nii.gz,blur_world_stability,FN,37117,0.015021728131190753,case_patch_macro
penultimate_decoder_stage_output,HCC_10136895_20170421.nii.gz,blur_world_stability,FP,118654,0.04314643202039815,case_patch_macro
penultimate_decoder_stage_output,HCC_10136895_20170421.nii.gz,blur_world_stability,TN,27630080,0.5095431662797363,case_patch_macro
penultimate_decoder_stage_output,HCC_10136895_20170421.nii.gz,blur_world_stability,TP,525701,0.15444100831735533,case_patch_macro
penultimate_decoder_stage_output,HCC_10136895_20170421.nii.gz,confidence_rank,FN,37117,0.008563259943023588,case_patch_macro
penultimate_decoder_stage_output,HCC_10136895_20170421.nii.gz,confidence_rank,FP,118654,0.019752647803564054,case_patch_macro
penultimate_decoder_stage_output,HCC_10136895_20170421.nii.gz,confidence_rank,TN,27630080,0.5101397372711239,case_patch_macro
penultimate_decoder_stage_output,HCC_10136895_20170421.nii.gz,confidence_rank,TP,525701,0.13126371754700542,case_patch_macro
penultimate_decoder_stage_output,HCC_10136895_20170421.nii.gz,gamma_joint_product,FN,37117,0.0001923427777557842,case_patch_macro
penultimate_decoder_stage_output,HCC_10136895_20170421.nii.gz,gamma_joint_product,FP,118654,0.005559986411778752,case_patch_macro
penultimate_decoder_stage_output,HCC_10136895_20170421.nii.gz,gamma_joint_product,TN,27630080,0.30640718799014016,case_patch_macro
penultimate_decoder_stage_output,HCC_10136895_20170421.nii.gz,gamma_joint_product,TP,525701,0.08721263771334449,case_patch_macro
penultimate_decoder_stage_output,HCC_10136895_20170421.nii.gz,gamma_world_stability,FN,37117,0.010099269556152975,case_patch_macro
penultimate_decoder_stage_output,HCC_10136895_20170421.nii.gz,gamma_world_stability,FP,118654,0.05536688803439671,case_patch_macro
penultimate_decoder_stage_output,HCC_10136895_20170421.nii.gz,gamma_world_stability,TN,27630080,0.5064618984855952,case_patch_macro
penultimate_decoder_stage_output,HCC_10136895_20170421.nii.gz,gamma_world_stability,TP,525701,0.3219447434156846,case_patch_macro
penultimate_decoder_stage_output,HCC_10136895_20170421.nii.gz,pairwise_joint_product,FN,37117,0.00020014906485091733,case_patch_macro
penultimate_decoder_stage_output,HCC_10136895_20170421.nii.gz,pairwise_joint_product,FP,118654,0.003614010355691715,case_patch_macro
penultimate_decoder_stage_output,HCC_10136895_20170421.nii.gz,pairwise_joint_product,TN,27630080,0.3118045166764656,case_patch_macro
penultimate_decoder_stage_output,HCC_10136895_20170421.nii.gz,pairwise_joint_product,TP,525701,0.05453968329248652,case_patch_macro
penultimate_decoder_stage_output,HCC_10136895_20170421.nii.gz,pairwise_world_stability,FN,37117,0.01392647510057708,case_patch_macro
penultimate_decoder_stage_output,HCC_10136895_20170421.nii.gz,pairwise_world_stability,FP,118654,0.02553137832279152,case_patch_macro
penultimate_decoder_stage_output,HCC_10136895_20170421.nii.gz,pairwise_world_stability,TN,27630080,0.5102053986798496,case_patch_macro
penultimate_decoder_stage_output,HCC_10136895_20170421.nii.gz,pairwise_world_stability,TP,525701,0.12458357401387027,case_patch_macro
decoder_stage_1_low_to_high,MET_PA13.nii.gz,blur_joint_product,FN,23964,0.00014716984060310776,case_patch_macro
decoder_stage_1_low_to_high,MET_PA13.nii.gz,blur_joint_product,FP,54884,0.00264005945429295,case_patch_macro
decoder_stage_1_low_to_high,MET_PA13.nii.gz,blur_joint_product,TN,27853385,0.29036649408062865,case_patch_macro
decoder_stage_1_low_to_high,MET_PA13.nii.gz,blur_joint_product,TP,379319,0.04452043163931247,case_patch_macro
decoder_stage_1_low_to_high,MET_PA13.nii.gz,blur_world_stability,FN,23964,0.010072706459249429,case_patch_macro
decoder_stage_1_low_to_high,MET_PA13.nii.gz,blur_world_stability,FP,54884,0.044253407684860545,case_patch_macro
decoder_stage_1_low_to_high,MET_PA13.nii.gz,blur_world_stability,TN,27853385,0.5057567135764207,case_patch_macro
decoder_stage_1_low_to_high,MET_PA13.nii.gz,blur_world_stability,TP,379319,0.1498268426923747,case_patch_macro
decoder_stage_1_low_to_high,MET_PA13.nii.gz,confidence_rank,FN,23964,0.006612724622951895,case_patch_macro
decoder_stage_1_low_to_high,MET_PA13.nii.gz,confidence_rank,FP,54884,0.010985134518481718,case_patch_macro
decoder_stage_1_low_to_high,MET_PA13.nii.gz,confidence_rank,TN,27853385,0.5065088426159584,case_patch_macro
decoder_stage_1_low_to_high,MET_PA13.nii.gz,confidence_rank,TP,379319,0.10472817919521711,case_patch_macro
decoder_stage_1_low_to_high,MET_PA13.nii.gz,gamma_joint_product,FN,23964,0.00019285779087177435,case_patch_macro
decoder_stage_1_low_to_high,MET_PA13.nii.gz,gamma_joint_product,FP,54884,0.004173809739805298,case_patch_macro
decoder_stage_1_low_to_high,MET_PA13.nii.gz,gamma_joint_product,TN,27853385,0.2868009579663076,case_patch_macro
decoder_stage_1_low_to_high,MET_PA13.nii.gz,gamma_joint_product,TP,379319,0.07835368844638242,case_patch_macro
decoder_stage_1_low_to_high,MET_PA13.nii.gz,gamma_world_stability,FN,23964,0.012243866422885538,case_patch_macro
decoder_stage_1_low_to_high,MET_PA13.nii.gz,gamma_world_stability,FP,54884,0.08358733116276278,case_patch_macro
decoder_stage_1_low_to_high,MET_PA13.nii.gz,gamma_world_stability,TN,27853385,0.5023837390398065,case_patch_macro
decoder_stage_1_low_to_high,MET_PA13.nii.gz,gamma_world_stability,TP,379319,0.3402898766288929,case_patch_macro
decoder_stage_1_low_to_high,MET_PA13.nii.gz,pairwise_joint_product,FN,23964,0.0001301586366716965,case_patch_macro
decoder_stage_1_low_to_high,MET_PA13.nii.gz,pairwise_joint_product,FP,54884,0.0019164686087075247,case_patch_macro
decoder_stage_1_low_to_high,MET_PA13.nii.gz,pairwise_joint_product,TN,27853385,0.2925424766168184,case_patch_macro
decoder_stage_1_low_to_high,MET_PA13.nii.gz,pairwise_joint_product,TP,379319,0.04249242141556491,case_patch_macro
decoder_stage_1_low_to_high,MET_PA13.nii.gz,pairwise_world_stability,FN,23964,0.009076773104403317,case_patch_macro
decoder_stage_1_low_to_high,MET_PA13.nii.gz,pairwise_world_stability,FP,54884,0.02841786082424542,case_patch_macro
decoder_stage_1_low_to_high,MET_PA13.nii.gz,pairwise_world_stability,TN,27853385,0.5062690350110796,case_patch_macro
decoder_stage_1_low_to_high,MET_PA13.nii.gz,pairwise_world_stability,TP,379319,0.11977397937543804,case_patch_macro
final_decoder_feature,MET_PA13.nii.gz,blur_joint_product,FN,23964,0.00014442805402918525,case_patch_macro
final_decoder_feature,MET_PA13.nii.gz,blur_joint_product,FP,54884,0.0005161261713219053,case_patch_macro
final_decoder_feature,MET_PA13.nii.gz,blur_joint_product,TN,27853385,0.292139842988989,case_patch_macro
final_decoder_feature,MET_PA13.nii.gz,blur_joint_product,TP,379319,0.031311367493832426,case_patch_macro
final_decoder_feature,MET_PA13.nii.gz,blur_world_stability,FN,23964,0.011108588552677314,case_patch_macro
final_decoder_feature,MET_PA13.nii.gz,blur_world_stability,FP,54884,0.020266064517132264,case_patch_macro
final_decoder_feature,MET_PA13.nii.gz,blur_world_stability,TN,27853385,0.5064458460685174,case_patch_macro
final_decoder_feature,MET_PA13.nii.gz,blur_world_stability,TP,379319,0.10697097741643913,case_patch_macro
final_decoder_feature,MET_PA13.nii.gz,confidence_rank,FN,23964,0.006612724622951895,case_patch_macro
final_decoder_feature,MET_PA13.nii.gz,confidence_rank,FP,54884,0.010985134518481718,case_patch_macro
final_decoder_feature,MET_PA13.nii.gz,confidence_rank,TN,27853385,0.5065088426159584,case_patch_macro
final_decoder_feature,MET_PA13.nii.gz,confidence_rank,TP,379319,0.10472817919521711,case_patch_macro
final_decoder_feature,MET_PA13.nii.gz,gamma_joint_product,FN,23964,0.00010804299800183338,case_patch_macro
final_decoder_feature,MET_PA13.nii.gz,gamma_joint_product,FP,54884,0.00371151273660847,case_patch_macro
final_decoder_feature,MET_PA13.nii.gz,gamma_joint_product,TN,27853385,0.288527383735235,case_patch_macro
final_decoder_feature,MET_PA13.nii.gz,gamma_joint_product,TP,379319,0.07804071039884522,case_patch_macro
final_decoder_feature,MET_PA13.nii.gz,gamma_world_stability,FN,23964,0.007434101947233977,case_patch_macro
final_decoder_feature,MET_PA13.nii.gz,gamma_world_stability,FP,54884,0.06982392451683105,case_patch_macro
final_decoder_feature,MET_PA13.nii.gz,gamma_world_stability,TN,27853385,0.5026150012988686,case_patch_macro
final_decoder_feature,MET_PA13.nii.gz,gamma_world_stability,TP,379319,0.32480450600346383,case_patch_macro
final_decoder_feature,MET_PA13.nii.gz,pairwise_joint_product,FN,23964,0.0001301847662396559,case_patch_macro
final_decoder_feature,MET_PA13.nii.gz,pairwise_joint_product,FP,54884,0.00042221614031903634,case_patch_macro
final_decoder_feature,MET_PA13.nii.gz,pairwise_joint_product,TN,27853385,0.29421017754387857,case_patch_macro
final_decoder_feature,MET_PA13.nii.gz,pairwise_joint_product,TP,379319,0.02915886239963769,case_patch_macro
final_decoder_feature,MET_PA13.nii.gz,pairwise_world_stability,FN,23964,0.010077788705314214,case_patch_macro
final_decoder_feature,MET_PA13.nii.gz,pairwise_world_stability,FP,54884,0.013794383330205712,case_patch_macro
final_decoder_feature,MET_PA13.nii.gz,pairwise_world_stability,TN,27853385,0.5067799308290797,case_patch_macro
final_decoder_feature,MET_PA13.nii.gz,pairwise_world_stability,TP,379319,0.08765716333364848,case_patch_macro
final_decoder_stage_input,MET_PA13.nii.gz,blur_joint_product,FN,23964,0.00014442805402918525,case_patch_macro
final_decoder_stage_input,MET_PA13.nii.gz,blur_joint_product,FP,54884,0.0005161261713219053,case_patch_macro
final_decoder_stage_input,MET_PA13.nii.gz,blur_joint_product,TN,27853385,0.292139842988989,case_patch_macro
final_decoder_stage_input,MET_PA13.nii.gz,blur_joint_product,TP,379319,0.031311367493832426,case_patch_macro
final_decoder_stage_input,MET_PA13.nii.gz,blur_world_stability,FN,23964,0.011108588552677314,case_patch_macro
final_decoder_stage_input,MET_PA13.nii.gz,blur_world_stability,FP,54884,0.020266064517132264,case_patch_macro
final_decoder_stage_input,MET_PA13.nii.gz,blur_world_stability,TN,27853385,0.5064458460685174,case_patch_macro
final_decoder_stage_input,MET_PA13.nii.gz,blur_world_stability,TP,379319,0.10697097741643913,case_patch_macro
final_decoder_stage_input,MET_PA13.nii.gz,confidence_rank,FN,23964,0.006612724622951895,case_patch_macro
final_decoder_stage_input,MET_PA13.nii.gz,confidence_rank,FP,54884,0.010985134518481718,case_patch_macro
final_decoder_stage_input,MET_PA13.nii.gz,confidence_rank,TN,27853385,0.5065088426159584,case_patch_macro
final_decoder_stage_input,MET_PA13.nii.gz,confidence_rank,TP,379319,0.10472817919521711,case_patch_macro
final_decoder_stage_input,MET_PA13.nii.gz,gamma_joint_product,FN,23964,0.00010804299800183338,case_patch_macro
final_decoder_stage_input,MET_PA13.nii.gz,gamma_joint_product,FP,54884,0.00371151273660847,case_patch_macro
final_decoder_stage_input,MET_PA13.nii.gz,gamma_joint_product,TN,27853385,0.288527383735235,case_patch_macro
final_decoder_stage_input,MET_PA13.nii.gz,gamma_joint_product,TP,379319,0.07804071039884522,case_patch_macro
final_decoder_stage_input,MET_PA13.nii.gz,gamma_world_stability,FN,23964,0.007434101947233977,case_patch_macro
final_decoder_stage_input,MET_PA13.nii.gz,gamma_world_stability,FP,54884,0.06982392451683105,case_patch_macro
final_decoder_stage_input,MET_PA13.nii.gz,gamma_world_stability,TN,27853385,0.5026150012988686,case_patch_macro
final_decoder_stage_input,MET_PA13.nii.gz,gamma_world_stability,TP,379319,0.32480450600346383,case_patch_macro
final_decoder_stage_input,MET_PA13.nii.gz,pairwise_joint_product,FN,23964,0.0001301847662396559,case_patch_macro
final_decoder_stage_input,MET_PA13.nii.gz,pairwise_joint_product,FP,54884,0.00042221614031903634,case_patch_macro
final_decoder_stage_input,MET_PA13.nii.gz,pairwise_joint_product,TN,27853385,0.29421017754387857,case_patch_macro
final_decoder_stage_input,MET_PA13.nii.gz,pairwise_joint_product,TP,379319,0.02915886239963769,case_patch_macro
final_decoder_stage_input,MET_PA13.nii.gz,pairwise_world_stability,FN,23964,0.010077788705314214,case_patch_macro
final_decoder_stage_input,MET_PA13.nii.gz,pairwise_world_stability,FP,54884,0.013794383330205712,case_patch_macro
final_decoder_stage_input,MET_PA13.nii.gz,pairwise_world_stability,TN,27853385,0.5067799308290797,case_patch_macro
final_decoder_stage_input,MET_PA13.nii.gz,pairwise_world_stability,TP,379319,0.08765716333364848,case_patch_macro
full_voxtell_reference,MET_PA13.nii.gz,blur_joint_product,FN,23964,0.00014648645519675904,case_patch_macro
full_voxtell_reference,MET_PA13.nii.gz,blur_joint_product,FP,54884,0.0005472756280219318,case_patch_macro
full_voxtell_reference,MET_PA13.nii.gz,blur_joint_product,TN,27853385,0.2914360790680264,case_patch_macro
full_voxtell_reference,MET_PA13.nii.gz,blur_joint_product,TP,379319,0.03367317853439973,case_patch_macro
full_voxtell_reference,MET_PA13.nii.gz,blur_world_stability,FN,23964,0.011105295750887203,case_patch_macro
full_voxtell_reference,MET_PA13.nii.gz,blur_world_stability,FP,54884,0.02132364677615542,case_patch_macro
full_voxtell_reference,MET_PA13.nii.gz,blur_world_stability,TN,27853385,0.506267540370971,case_patch_macro
full_voxtell_reference,MET_PA13.nii.gz,blur_world_stability,TP,379319,0.11535786484045417,case_patch_macro
full_voxtell_reference,MET_PA13.nii.gz,confidence_rank,FN,23964,0.006612724622951895,case_patch_macro
full_voxtell_reference,MET_PA13.nii.gz,confidence_rank,FP,54884,0.010985134518481718,case_patch_macro
full_voxtell_reference,MET_PA13.nii.gz,confidence_rank,TN,27853385,0.5065088426159584,case_patch_macro
full_voxtell_reference,MET_PA13.nii.gz,confidence_rank,TP,379319,0.10472817919521711,case_patch_macro
full_voxtell_reference,MET_PA13.nii.gz,gamma_joint_product,FN,23964,0.00010700477963519196,case_patch_macro
full_voxtell_reference,MET_PA13.nii.gz,gamma_joint_product,FP,54884,0.003790900509959679,case_patch_macro
full_voxtell_reference,MET_PA13.nii.gz,gamma_joint_product,TN,27853385,0.29207967124977946,case_patch_macro
full_voxtell_reference,MET_PA13.nii.gz,gamma_joint_product,TP,379319,0.07926241434186437,case_patch_macro
full_voxtell_reference,MET_PA13.nii.gz,gamma_world_stability,FN,23964,0.00728035947769759,case_patch_macro
full_voxtell_reference,MET_PA13.nii.gz,gamma_world_stability,FP,54884,0.0715487867335166,case_patch_macro
full_voxtell_reference,MET_PA13.nii.gz,gamma_world_stability,TN,27853385,0.5026442017285007,case_patch_macro
full_voxtell_reference,MET_PA13.nii.gz,gamma_world_stability,TP,379319,0.322704682487948,case_patch_macro
full_voxtell_reference,MET_PA13.nii.gz,pairwise_joint_product,FN,23964,0.00013131986911988622,case_patch_macro
full_voxtell_reference,MET_PA13.nii.gz,pairwise_joint_product,FP,54884,0.00043680070723526335,case_patch_macro
full_voxtell_reference,MET_PA13.nii.gz,pairwise_joint_product,TN,27853385,0.2935742912193775,case_patch_macro
full_voxtell_reference,MET_PA13.nii.gz,pairwise_joint_product,TP,379319,0.031424488672251005,case_patch_macro
full_voxtell_reference,MET_PA13.nii.gz,pairwise_world_stability,FN,23964,0.01008068073298256,case_patch_macro
full_voxtell_reference,MET_PA13.nii.gz,pairwise_world_stability,FP,54884,0.014505257016857344,case_patch_macro
full_voxtell_reference,MET_PA13.nii.gz,pairwise_world_stability,TN,27853385,0.506635390867045,case_patch_macro
full_voxtell_reference,MET_PA13.nii.gz,pairwise_world_stability,TP,379319,0.09414556440975257,case_patch_macro
penultimate_decoder_stage_output,MET_PA13.nii.gz,blur_joint_product,FN,23964,0.00013276622876160955,case_patch_macro
penultimate_decoder_stage_output,MET_PA13.nii.gz,blur_joint_product,FP,54884,0.001114225851186158,case_patch_macro
penultimate_decoder_stage_output,MET_PA13.nii.gz,blur_joint_product,TN,27853385,0.2920278080602623,case_patch_macro
penultimate_decoder_stage_output,MET_PA13.nii.gz,blur_joint_product,TP,379319,0.04434146355900754,case_patch_macro
penultimate_decoder_stage_output,MET_PA13.nii.gz,blur_world_stability,FN,23964,0.01056675351264969,case_patch_macro
penultimate_decoder_stage_output,MET_PA13.nii.gz,blur_world_stability,FP,54884,0.024508068555475132,case_patch_macro
penultimate_decoder_stage_output,MET_PA13.nii.gz,blur_world_stability,TN,27853385,0.5060195712458305,case_patch_macro
penultimate_decoder_stage_output,MET_PA13.nii.gz,blur_world_stability,TP,379319,0.12942912792893876,case_patch_macro
penultimate_decoder_stage_output,MET_PA13.nii.gz,confidence_rank,FN,23964,0.006612724622951895,case_patch_macro
penultimate_decoder_stage_output,MET_PA13.nii.gz,confidence_rank,FP,54884,0.010985134518481718,case_patch_macro
penultimate_decoder_stage_output,MET_PA13.nii.gz,confidence_rank,TN,27853385,0.5065088426159584,case_patch_macro
penultimate_decoder_stage_output,MET_PA13.nii.gz,confidence_rank,TP,379319,0.10472817919521711,case_patch_macro
penultimate_decoder_stage_output,MET_PA13.nii.gz,gamma_joint_product,FN,23964,0.00010718813355262208,case_patch_macro
penultimate_decoder_stage_output,MET_PA13.nii.gz,gamma_joint_product,FP,54884,0.0038018700030054415,case_patch_macro
penultimate_decoder_stage_output,MET_PA13.nii.gz,gamma_joint_product,TN,27853385,0.2886569272283244,case_patch_macro
penultimate_decoder_stage_output,MET_PA13.nii.gz,gamma_joint_product,TP,379319,0.07707008588301184,case_patch_macro
penultimate_decoder_stage_output,MET_PA13.nii.gz,gamma_world_stability,FN,23964,0.007433009519055975,case_patch_macro
penultimate_decoder_stage_output,MET_PA13.nii.gz,gamma_world_stability,FP,54884,0.07169919345516784,case_patch_macro
penultimate_decoder_stage_output,MET_PA13.nii.gz,gamma_world_stability,TN,27853385,0.5026438739836868,case_patch_macro
penultimate_decoder_stage_output,MET_PA13.nii.gz,gamma_world_stability,TP,379319,0.32165796575695277,case_patch_macro
penultimate_decoder_stage_output,MET_PA13.nii.gz,pairwise_joint_product,FN,23964,0.0001246799819852889,case_patch_macro
penultimate_decoder_stage_output,MET_PA13.nii.gz,pairwise_joint_product,FP,54884,0.0008821375222483329,case_patch_macro
penultimate_decoder_stage_output,MET_PA13.nii.gz,pairwise_joint_product,TN,27853385,0.2941423748150108,case_patch_macro
penultimate_decoder_stage_output,MET_PA13.nii.gz,pairwise_joint_product,TP,379319,0.04036837110335527,case_patch_macro
penultimate_decoder_stage_output,MET_PA13.nii.gz,pairwise_world_stability,FN,23964,0.009872216397924174,case_patch_macro
penultimate_decoder_stage_output,MET_PA13.nii.gz,pairwise_world_stability,FP,54884,0.01738093293983582,case_patch_macro
penultimate_decoder_stage_output,MET_PA13.nii.gz,pairwise_world_stability,TN,27853385,0.5064056436394619,case_patch_macro
penultimate_decoder_stage_output,MET_PA13.nii.gz,pairwise_world_stability,TP,379319,0.10665077316545706,case_patch_macro
decoder_stage_1_low_to_high,HCC_10074592_20130816.nii.gz,blur_joint_product,FN,20347,6.612059039527398e-05,case_patch_macro
decoder_stage_1_low_to_high,HCC_10074592_20130816.nii.gz,blur_joint_product,FP,92896,0.046529852644940334,case_patch_macro
decoder_stage_1_low_to_high,HCC_10074592_20130816.nii.gz,blur_joint_product,TN,27705468,0.2980267909138023,case_patch_macro
decoder_stage_1_low_to_high,HCC_10074592_20130816.nii.gz,blur_joint_product,TP,492841,0.22588930531590326,case_patch_macro
decoder_stage_1_low_to_high,HCC_10074592_20130816.nii.gz,blur_world_stability,FN,20347,0.008132284651385414,case_patch_macro
decoder_stage_1_low_to_high,HCC_10074592_20130816.nii.gz,blur_world_stability,FP,92896,0.12279099079368122,case_patch_macro
decoder_stage_1_low_to_high,HCC_10074592_20130816.nii.gz,blur_world_stability,TN,27705468,0.5032164514078153,case_patch_macro
decoder_stage_1_low_to_high,HCC_10074592_20130816.nii.gz,blur_world_stability,TP,492841,0.3911801561704001,case_patch_macro
decoder_stage_1_low_to_high,HCC_10074592_20130816.nii.gz,confidence_rank,FN,20347,0.004432907687739798,case_patch_macro
decoder_stage_1_low_to_high,HCC_10074592_20130816.nii.gz,confidence_rank,FP,92896,0.09748265103868996,case_patch_macro
decoder_stage_1_low_to_high,HCC_10074592_20130816.nii.gz,confidence_rank,TN,27705468,0.5039940894427211,case_patch_macro
decoder_stage_1_low_to_high,HCC_10074592_20130816.nii.gz,confidence_rank,TP,492841,0.36116619518133114,case_patch_macro
decoder_stage_1_low_to_high,HCC_10074592_20130816.nii.gz,gamma_joint_product,FN,20347,6.989033468922287e-05,case_patch_macro
decoder_stage_1_low_to_high,HCC_10074592_20130816.nii.gz,gamma_joint_product,FP,92896,0.048593028582873656,case_patch_macro
decoder_stage_1_low_to_high,HCC_10074592_20130816.nii.gz,gamma_joint_product,TN,27705468,0.29486147897365034,case_patch_macro
decoder_stage_1_low_to_high,HCC_10074592_20130816.nii.gz,gamma_joint_product,TP,492841,0.2996698625122989,case_patch_macro
decoder_stage_1_low_to_high,HCC_10074592_20130816.nii.gz,gamma_world_stability,FN,20347,0.007874890469339839,case_patch_macro
decoder_stage_1_low_to_high,HCC_10074592_20130816.nii.gz,gamma_world_stability,FP,92896,0.14648955552416768,case_patch_macro
decoder_stage_1_low_to_high,HCC_10074592_20130816.nii.gz,gamma_world_stability,TN,27705468,0.4993597987158034,case_patch_macro
decoder_stage_1_low_to_high,HCC_10074592_20130816.nii.gz,gamma_world_stability,TP,492841,0.593926149409084,case_patch_macro
decoder_stage_1_low_to_high,HCC_10074592_20130816.nii.gz,pairwise_joint_product,FN,20347,5.5721469842002365e-05,case_patch_macro
decoder_stage_1_low_to_high,HCC_10074592_20130816.nii.gz,pairwise_joint_product,FP,92896,0.045693507198496394,case_patch_macro
decoder_stage_1_low_to_high,HCC_10074592_20130816.nii.gz,pairwise_joint_product,TN,27705468,0.30175933365916807,case_patch_macro
decoder_stage_1_low_to_high,HCC_10074592_20130816.nii.gz,pairwise_joint_product,TP,492841,0.22326847375481085,case_patch_macro
decoder_stage_1_low_to_high,HCC_10074592_20130816.nii.gz,pairwise_world_stability,FN,20347,0.006990943618299327,case_patch_macro
decoder_stage_1_low_to_high,HCC_10074592_20130816.nii.gz,pairwise_world_stability,FP,92896,0.10563304160140166,case_patch_macro
decoder_stage_1_low_to_high,HCC_10074592_20130816.nii.gz,pairwise_world_stability,TN,27705468,0.5039174507304854,case_patch_macro
decoder_stage_1_low_to_high,HCC_10074592_20130816.nii.gz,pairwise_world_stability,TP,492841,0.3604494607222494,case_patch_macro
final_decoder_feature,HCC_10074592_20130816.nii.gz,blur_joint_product,FN,20347,7.315541261807263e-05,case_patch_macro
final_decoder_feature,HCC_10074592_20130816.nii.gz,blur_joint_product,FP,92896,0.040481971313498316,case_patch_macro
final_decoder_feature,HCC_10074592_20130816.nii.gz,blur_joint_product,TN,27705468,0.29923879862238745,case_patch_macro
final_decoder_feature,HCC_10074592_20130816.nii.gz,blur_joint_product,TP,492841,0.1623974559753331,case_patch_macro
final_decoder_feature,HCC_10074592_20130816.nii.gz,blur_world_stability,FN,20347,0.010563700356831442,case_patch_macro
final_decoder_feature,HCC_10074592_20130816.nii.gz,blur_world_stability,FP,92896,0.09478516898982123,case_patch_macro
final_decoder_feature,HCC_10074592_20130816.nii.gz,blur_world_stability,TN,27705468,0.5059772435770358,case_patch_macro
final_decoder_feature,HCC_10074592_20130816.nii.gz,blur_world_stability,TP,492841,0.2526680452112513,case_patch_macro
final_decoder_feature,HCC_10074592_20130816.nii.gz,confidence_rank,FN,20347,0.004432907687739798,case_patch_macro
final_decoder_feature,HCC_10074592_20130816.nii.gz,confidence_rank,FP,92896,0.09748265103868996,case_patch_macro
final_decoder_feature,HCC_10074592_20130816.nii.gz,confidence_rank,TN,27705468,0.5039940894427211,case_patch_macro
final_decoder_feature,HCC_10074592_20130816.nii.gz,confidence_rank,TP,492841,0.36116619518133114,case_patch_macro
final_decoder_feature,HCC_10074592_20130816.nii.gz,gamma_joint_product,FN,20347,4.982057919086455e-05,case_patch_macro
final_decoder_feature,HCC_10074592_20130816.nii.gz,gamma_joint_product,FP,92896,0.04501930713934054,case_patch_macro
final_decoder_feature,HCC_10074592_20130816.nii.gz,gamma_joint_product,TN,27705468,0.29593475733197566,case_patch_macro
final_decoder_feature,HCC_10074592_20130816.nii.gz,gamma_joint_product,TP,492841,0.2900961860512317,case_patch_macro
final_decoder_feature,HCC_10074592_20130816.nii.gz,gamma_world_stability,FN,20347,0.006353573512236689,case_patch_macro
final_decoder_feature,HCC_10074592_20130816.nii.gz,gamma_world_stability,FP,92896,0.11738284427499275,case_patch_macro
final_decoder_feature,HCC_10074592_20130816.nii.gz,gamma_world_stability,TN,27705468,0.5008701441937067,case_patch_macro
final_decoder_feature,HCC_10074592_20130816.nii.gz,gamma_world_stability,TP,492841,0.5210496591182264,case_patch_macro
final_decoder_feature,HCC_10074592_20130816.nii.gz,pairwise_joint_product,FN,20347,6.723509814487607e-05,case_patch_macro
final_decoder_feature,HCC_10074592_20130816.nii.gz,pairwise_joint_product,FP,92896,0.03748219097338087,case_patch_macro
final_decoder_feature,HCC_10074592_20130816.nii.gz,pairwise_joint_product,TN,27705468,0.30284597496118404,case_patch_macro
final_decoder_feature,HCC_10074592_20130816.nii.gz,pairwise_joint_product,TP,492841,0.15329530293743907,case_patch_macro
final_decoder_feature,HCC_10074592_20130816.nii.gz,pairwise_world_stability,FN,20347,0.009905387671784283,case_patch_macro
final_decoder_feature,HCC_10074592_20130816.nii.gz,pairwise_world_stability,FP,92896,0.08287074712527698,case_patch_macro
final_decoder_feature,HCC_10074592_20130816.nii.gz,pairwise_world_stability,TN,27705468,0.506656761859277,case_patch_macro
final_decoder_feature,HCC_10074592_20130816.nii.gz,pairwise_world_stability,TP,492841,0.21901033526804467,case_patch_macro
final_decoder_stage_input,HCC_10074592_20130816.nii.gz,blur_joint_product,FN,20347,7.315541261807263e-05,case_patch_macro
final_decoder_stage_input,HCC_10074592_20130816.nii.gz,blur_joint_product,FP,92896,0.040481971313498316,case_patch_macro
final_decoder_stage_input,HCC_10074592_20130816.nii.gz,blur_joint_product,TN,27705468,0.29923879862238745,case_patch_macro
final_decoder_stage_input,HCC_10074592_20130816.nii.gz,blur_joint_product,TP,492841,0.1623974559753331,case_patch_macro
final_decoder_stage_input,HCC_10074592_20130816.nii.gz,blur_world_stability,FN,20347,0.010563700356831442,case_patch_macro
final_decoder_stage_input,HCC_10074592_20130816.nii.gz,blur_world_stability,FP,92896,0.09478516898982123,case_patch_macro
final_decoder_stage_input,HCC_10074592_20130816.nii.gz,blur_world_stability,TN,27705468,0.5059772435770358,case_patch_macro
final_decoder_stage_input,HCC_10074592_20130816.nii.gz,blur_world_stability,TP,492841,0.2526680452112513,case_patch_macro
final_decoder_stage_input,HCC_10074592_20130816.nii.gz,confidence_rank,FN,20347,0.004432907687739798,case_patch_macro
final_decoder_stage_input,HCC_10074592_20130816.nii.gz,confidence_rank,FP,92896,0.09748265103868996,case_patch_macro
final_decoder_stage_input,HCC_10074592_20130816.nii.gz,confidence_rank,TN,27705468,0.5039940894427211,case_patch_macro
final_decoder_stage_input,HCC_10074592_20130816.nii.gz,confidence_rank,TP,492841,0.36116619518133114,case_patch_macro
final_decoder_stage_input,HCC_10074592_20130816.nii.gz,gamma_joint_product,FN,20347,4.982057919086455e-05,case_patch_macro
final_decoder_stage_input,HCC_10074592_20130816.nii.gz,gamma_joint_product,FP,92896,0.04501930713934054,case_patch_macro
final_decoder_stage_input,HCC_10074592_20130816.nii.gz,gamma_joint_product,TN,27705468,0.29593475733197566,case_patch_macro
final_decoder_stage_input,HCC_10074592_20130816.nii.gz,gamma_joint_product,TP,492841,0.2900961860512317,case_patch_macro
final_decoder_stage_input,HCC_10074592_20130816.nii.gz,gamma_world_stability,FN,20347,0.006353573512236689,case_patch_macro
final_decoder_stage_input,HCC_10074592_20130816.nii.gz,gamma_world_stability,FP,92896,0.11738284427499275,case_patch_macro
final_decoder_stage_input,HCC_10074592_20130816.nii.gz,gamma_world_stability,TN,27705468,0.5008701441937067,case_patch_macro
final_decoder_stage_input,HCC_10074592_20130816.nii.gz,gamma_world_stability,TP,492841,0.5210496591182264,case_patch_macro
final_decoder_stage_input,HCC_10074592_20130816.nii.gz,pairwise_joint_product,FN,20347,6.723509814487607e-05,case_patch_macro
final_decoder_stage_input,HCC_10074592_20130816.nii.gz,pairwise_joint_product,FP,92896,0.03748219097338087,case_patch_macro
final_decoder_stage_input,HCC_10074592_20130816.nii.gz,pairwise_joint_product,TN,27705468,0.30284597496118404,case_patch_macro
final_decoder_stage_input,HCC_10074592_20130816.nii.gz,pairwise_joint_product,TP,492841,0.15329530293743907,case_patch_macro
final_decoder_stage_input,HCC_10074592_20130816.nii.gz,pairwise_world_stability,FN,20347,0.009905387671784283,case_patch_macro
final_decoder_stage_input,HCC_10074592_20130816.nii.gz,pairwise_world_stability,FP,92896,0.08287074712527698,case_patch_macro
final_decoder_stage_input,HCC_10074592_20130816.nii.gz,pairwise_world_stability,TN,27705468,0.506656761859277,case_patch_macro
final_decoder_stage_input,HCC_10074592_20130816.nii.gz,pairwise_world_stability,TP,492841,0.21901033526804467,case_patch_macro
full_voxtell_reference,HCC_10074592_20130816.nii.gz,blur_joint_product,FN,20347,7.496529033691073e-05,case_patch_macro
full_voxtell_reference,HCC_10074592_20130816.nii.gz,blur_joint_product,FP,92896,0.024490217241542205,case_patch_macro
full_voxtell_reference,HCC_10074592_20130816.nii.gz,blur_joint_product,TN,27705468,0.30065027842471836,case_patch_macro
full_voxtell_reference,HCC_10074592_20130816.nii.gz,blur_joint_product,TP,492841,0.1373881542393788,case_patch_macro
full_voxtell_reference,HCC_10074592_20130816.nii.gz,blur_world_stability,FN,20347,0.010919244948273552,case_patch_macro
full_voxtell_reference,HCC_10074592_20130816.nii.gz,blur_world_stability,FP,92896,0.06497783523647896,case_patch_macro
full_voxtell_reference,HCC_10074592_20130816.nii.gz,blur_world_stability,TN,27705468,0.5065420176046561,case_patch_macro
full_voxtell_reference,HCC_10074592_20130816.nii.gz,blur_world_stability,TP,492841,0.22517512953409238,case_patch_macro
full_voxtell_reference,HCC_10074592_20130816.nii.gz,confidence_rank,FN,20347,0.004432907687739798,case_patch_macro
full_voxtell_reference,HCC_10074592_20130816.nii.gz,confidence_rank,FP,92896,0.09748265103868996,case_patch_macro
full_voxtell_reference,HCC_10074592_20130816.nii.gz,confidence_rank,TN,27705468,0.5039940894427211,case_patch_macro
full_voxtell_reference,HCC_10074592_20130816.nii.gz,confidence_rank,TP,492841,0.36116619518133114,case_patch_macro
full_voxtell_reference,HCC_10074592_20130816.nii.gz,gamma_joint_product,FN,20347,5.522470796096569e-05,case_patch_macro
full_voxtell_reference,HCC_10074592_20130816.nii.gz,gamma_joint_product,FP,92896,0.04394727017457156,case_patch_macro
full_voxtell_reference,HCC_10074592_20130816.nii.gz,gamma_joint_product,TN,27705468,0.3000483522492008,case_patch_macro
full_voxtell_reference,HCC_10074592_20130816.nii.gz,gamma_joint_product,TP,492841,0.2885241413739156,case_patch_macro
full_voxtell_reference,HCC_10074592_20130816.nii.gz,gamma_world_stability,FN,20347,0.006663779376035764,case_patch_macro
full_voxtell_reference,HCC_10074592_20130816.nii.gz,gamma_world_stability,FP,92896,0.11473837399763098,case_patch_macro
full_voxtell_reference,HCC_10074592_20130816.nii.gz,gamma_world_stability,TN,27705468,0.5008360222387755,case_patch_macro
full_voxtell_reference,HCC_10074592_20130816.nii.gz,gamma_world_stability,TP,492841,0.5242031041416357,case_patch_macro
full_voxtell_reference,HCC_10074592_20130816.nii.gz,pairwise_joint_product,FN,20347,6.905525308254728e-05,case_patch_macro
full_voxtell_reference,HCC_10074592_20130816.nii.gz,pairwise_joint_product,FP,92896,0.021761565786715308,case_patch_macro
full_voxtell_reference,HCC_10074592_20130816.nii.gz,pairwise_joint_product,TN,27705468,0.30523569041867593,case_patch_macro
full_voxtell_reference,HCC_10074592_20130816.nii.gz,pairwise_joint_product,TP,492841,0.12786024985579886,case_patch_macro
full_voxtell_reference,HCC_10074592_20130816.nii.gz,pairwise_world_stability,FN,20347,0.010103652885522825,case_patch_macro
full_voxtell_reference,HCC_10074592_20130816.nii.gz,pairwise_world_stability,FP,92896,0.05245254881786707,case_patch_macro
full_voxtell_reference,HCC_10074592_20130816.nii.gz,pairwise_world_stability,TN,27705468,0.5072188791286718,case_patch_macro
full_voxtell_reference,HCC_10074592_20130816.nii.gz,pairwise_world_stability,TP,492841,0.19120300538068946,case_patch_macro
penultimate_decoder_stage_output,HCC_10074592_20130816.nii.gz,blur_joint_product,FN,20347,7.330476645103785e-05,case_patch_macro
penultimate_decoder_stage_output,HCC_10074592_20130816.nii.gz,blur_joint_product,FP,92896,0.04076230471875277,case_patch_macro
penultimate_decoder_stage_output,HCC_10074592_20130816.nii.gz,blur_joint_product,TN,27705468,0.2993925649998191,case_patch_macro
penultimate_decoder_stage_output,HCC_10074592_20130816.nii.gz,blur_joint_product,TP,492841,0.17626609457247847,case_patch_macro
penultimate_decoder_stage_output,HCC_10074592_20130816.nii.gz,blur_world_stability,FN,20347,0.01053681064597322,case_patch_macro
penultimate_decoder_stage_output,HCC_10074592_20130816.nii.gz,blur_world_stability,FP,92896,0.09529906692893168,case_patch_macro
penultimate_decoder_stage_output,HCC_10074592_20130816.nii.gz,blur_world_stability,TN,27705468,0.5056752232742768,case_patch_macro
penultimate_decoder_stage_output,HCC_10074592_20130816.nii.gz,blur_world_stability,TP,492841,0.2685070812571934,case_patch_macro
penultimate_decoder_stage_output,HCC_10074592_20130816.nii.gz,confidence_rank,FN,20347,0.004432907687739798,case_patch_macro
penultimate_decoder_stage_output,HCC_10074592_20130816.nii.gz,confidence_rank,FP,92896,0.09748265103868996,case_patch_macro
penultimate_decoder_stage_output,HCC_10074592_20130816.nii.gz,confidence_rank,TN,27705468,0.5039940894427211,case_patch_macro
penultimate_decoder_stage_output,HCC_10074592_20130816.nii.gz,confidence_rank,TP,492841,0.36116619518133114,case_patch_macro
penultimate_decoder_stage_output,HCC_10074592_20130816.nii.gz,gamma_joint_product,FN,20347,5.684462241697047e-05,case_patch_macro
penultimate_decoder_stage_output,HCC_10074592_20130816.nii.gz,gamma_joint_product,FP,92896,0.045322922454604085,case_patch_macro
penultimate_decoder_stage_output,HCC_10074592_20130816.nii.gz,gamma_joint_product,TN,27705468,0.2957839484006751,case_patch_macro
penultimate_decoder_stage_output,HCC_10074592_20130816.nii.gz,gamma_joint_product,TP,492841,0.2889145376063318,case_patch_macro
penultimate_decoder_stage_output,HCC_10074592_20130816.nii.gz,gamma_world_stability,FN,20347,0.006814020053781833,case_patch_macro
penultimate_decoder_stage_output,HCC_10074592_20130816.nii.gz,gamma_world_stability,FP,92896,0.12203603127663828,case_patch_macro
penultimate_decoder_stage_output,HCC_10074592_20130816.nii.gz,gamma_world_stability,TN,27705468,0.500758335239252,case_patch_macro
penultimate_decoder_stage_output,HCC_10074592_20130816.nii.gz,gamma_world_stability,TP,492841,0.5252165898462283,case_patch_macro
penultimate_decoder_stage_output,HCC_10074592_20130816.nii.gz,pairwise_joint_product,FN,20347,6.854142553491454e-05,case_patch_macro
penultimate_decoder_stage_output,HCC_10074592_20130816.nii.gz,pairwise_joint_product,FP,92896,0.03782430457941465,case_patch_macro
penultimate_decoder_stage_output,HCC_10074592_20130816.nii.gz,pairwise_joint_product,TN,27705468,0.3030336780524134,case_patch_macro
penultimate_decoder_stage_output,HCC_10074592_20130816.nii.gz,pairwise_joint_product,TP,492841,0.1671088434989825,case_patch_macro
penultimate_decoder_stage_output,HCC_10074592_20130816.nii.gz,pairwise_world_stability,FN,20347,0.009909114139583263,case_patch_macro
penultimate_decoder_stage_output,HCC_10074592_20130816.nii.gz,pairwise_world_stability,FP,92896,0.08359111734440151,case_patch_macro
penultimate_decoder_stage_output,HCC_10074592_20130816.nii.gz,pairwise_world_stability,TN,27705468,0.5063322491322518,case_patch_macro
penultimate_decoder_stage_output,HCC_10074592_20130816.nii.gz,pairwise_world_stability,TP,492841,0.23568178882702853,case_patch_macro
decoder_stage_1_low_to_high,CYST_PA19.nii.gz,blur_joint_product,FN,43299,0.06284453431070716,case_patch_macro
decoder_stage_1_low_to_high,CYST_PA19.nii.gz,blur_joint_product,FP,42621,0.013810661390811949,case_patch_macro
decoder_stage_1_low_to_high,CYST_PA19.nii.gz,blur_joint_product,TN,27855600,0.2895249543367688,case_patch_macro
decoder_stage_1_low_to_high,CYST_PA19.nii.gz,blur_joint_product,TP,370032,0.15908683287784264,case_patch_macro
decoder_stage_1_low_to_high,CYST_PA19.nii.gz,blur_world_stability,FN,43299,0.13425152968332915,case_patch_macro
decoder_stage_1_low_to_high,CYST_PA19.nii.gz,blur_world_stability,FP,42621,0.06363804971623188,case_patch_macro
decoder_stage_1_low_to_high,CYST_PA19.nii.gz,blur_world_stability,TN,27855600,0.5030424038633335,case_patch_macro
decoder_stage_1_low_to_high,CYST_PA19.nii.gz,blur_world_stability,TP,370032,0.30487798188406395,case_patch_macro
decoder_stage_1_low_to_high,CYST_PA19.nii.gz,confidence_rank,FN,43299,0.1318414596817615,case_patch_macro
decoder_stage_1_low_to_high,CYST_PA19.nii.gz,confidence_rank,FP,42621,0.02431561795051969,case_patch_macro
decoder_stage_1_low_to_high,CYST_PA19.nii.gz,confidence_rank,TN,27855600,0.5039838929969782,case_patch_macro
decoder_stage_1_low_to_high,CYST_PA19.nii.gz,confidence_rank,TP,370032,0.24117477236723558,case_patch_macro
decoder_stage_1_low_to_high,CYST_PA19.nii.gz,gamma_joint_product,FN,43299,0.06285538516602894,case_patch_macro
decoder_stage_1_low_to_high,CYST_PA19.nii.gz,gamma_joint_product,FP,42621,0.014737287501593985,case_patch_macro
decoder_stage_1_low_to_high,CYST_PA19.nii.gz,gamma_joint_product,TN,27855600,0.286219488556398,case_patch_macro
decoder_stage_1_low_to_high,CYST_PA19.nii.gz,gamma_joint_product,TP,370032,0.19335695059514593,case_patch_macro
decoder_stage_1_low_to_high,CYST_PA19.nii.gz,gamma_world_stability,FN,43299,0.1351280745206388,case_patch_macro
decoder_stage_1_low_to_high,CYST_PA19.nii.gz,gamma_world_stability,FP,42621,0.11412389247702347,case_patch_macro
decoder_stage_1_low_to_high,CYST_PA19.nii.gz,gamma_world_stability,TN,27855600,0.5004749329010894,case_patch_macro
decoder_stage_1_low_to_high,CYST_PA19.nii.gz,gamma_world_stability,TP,370032,0.45238518424932045,case_patch_macro
decoder_stage_1_low_to_high,CYST_PA19.nii.gz,pairwise_joint_product,FN,43299,0.06280943997442191,case_patch_macro
decoder_stage_1_low_to_high,CYST_PA19.nii.gz,pairwise_joint_product,FP,42621,0.012838391915842809,case_patch_macro
decoder_stage_1_low_to_high,CYST_PA19.nii.gz,pairwise_joint_product,TN,27855600,0.29201316270838573,case_patch_macro
decoder_stage_1_low_to_high,CYST_PA19.nii.gz,pairwise_joint_product,TP,370032,0.15954656421444272,case_patch_macro
decoder_stage_1_low_to_high,CYST_PA19.nii.gz,pairwise_world_stability,FN,43299,0.13307851191239067,case_patch_macro
decoder_stage_1_low_to_high,CYST_PA19.nii.gz,pairwise_world_stability,FP,42621,0.04476745411945481,case_patch_macro
decoder_stage_1_low_to_high,CYST_PA19.nii.gz,pairwise_world_stability,TN,27855600,0.5033840873962113,case_patch_macro
decoder_stage_1_low_to_high,CYST_PA19.nii.gz,pairwise_world_stability,TP,370032,0.2813999808515526,case_patch_macro
final_decoder_feature,CYST_PA19.nii.gz,blur_joint_product,FN,43299,0.06266951961748997,case_patch_macro
final_decoder_feature,CYST_PA19.nii.gz,blur_joint_product,FP,42621,0.004065875443555751,case_patch_macro
final_decoder_feature,CYST_PA19.nii.gz,blur_joint_product,TN,27855600,0.29144622351204674,case_patch_macro
final_decoder_feature,CYST_PA19.nii.gz,blur_joint_product,TP,370032,0.12654346299876326,case_patch_macro
final_decoder_feature,CYST_PA19.nii.gz,blur_world_stability,FN,43299,0.13329712465994245,case_patch_macro
final_decoder_feature,CYST_PA19.nii.gz,blur_world_stability,FP,42621,0.04109603765068146,case_patch_macro
final_decoder_feature,CYST_PA19.nii.gz,blur_world_stability,TN,27855600,0.5042460800519071,case_patch_macro
final_decoder_feature,CYST_PA19.nii.gz,blur_world_stability,TP,370032,0.22156656406997308,case_patch_macro
final_decoder_feature,CYST_PA19.nii.gz,confidence_rank,FN,43299,0.1318414596817615,case_patch_macro
final_decoder_feature,CYST_PA19.nii.gz,confidence_rank,FP,42621,0.02431561795051969,case_patch_macro
final_decoder_feature,CYST_PA19.nii.gz,confidence_rank,TN,27855600,0.5039838929969782,case_patch_macro
final_decoder_feature,CYST_PA19.nii.gz,confidence_rank,TP,370032,0.24117477236723558,case_patch_macro
final_decoder_feature,CYST_PA19.nii.gz,gamma_joint_product,FN,43299,0.06283458015894607,case_patch_macro
final_decoder_feature,CYST_PA19.nii.gz,gamma_joint_product,FP,42621,0.014815618405070403,case_patch_macro
final_decoder_feature,CYST_PA19.nii.gz,gamma_joint_product,TN,27855600,0.28817183545825137,case_patch_macro
final_decoder_feature,CYST_PA19.nii.gz,gamma_joint_product,TP,370032,0.19803541499908303,case_patch_macro
final_decoder_feature,CYST_PA19.nii.gz,gamma_world_stability,FN,43299,0.13405871493158716,case_patch_macro
final_decoder_feature,CYST_PA19.nii.gz,gamma_world_stability,FP,42621,0.09202121328654118,case_patch_macro
final_decoder_feature,CYST_PA19.nii.gz,gamma_world_stability,TN,27855600,0.500844056646239,case_patch_macro
final_decoder_feature,CYST_PA19.nii.gz,gamma_world_stability,TP,370032,0.4317367041245685,case_patch_macro
final_decoder_feature,CYST_PA19.nii.gz,pairwise_joint_product,FN,43299,0.06265535525670071,case_patch_macro
final_decoder_feature,CYST_PA19.nii.gz,pairwise_joint_product,FP,42621,0.0038377705199751488,case_patch_macro
final_decoder_feature,CYST_PA19.nii.gz,pairwise_joint_product,TN,27855600,0.29389497187953906,case_patch_macro
final_decoder_feature,CYST_PA19.nii.gz,pairwise_joint_product,TP,370032,0.12494109147513144,case_patch_macro
final_decoder_feature,CYST_PA19.nii.gz,pairwise_world_stability,FN,43299,0.13245746918326576,case_patch_macro
final_decoder_feature,CYST_PA19.nii.gz,pairwise_world_stability,FP,42621,0.026500014268200978,case_patch_macro
final_decoder_feature,CYST_PA19.nii.gz,pairwise_world_stability,TN,27855600,0.504623777760276,case_patch_macro
final_decoder_feature,CYST_PA19.nii.gz,pairwise_world_stability,TP,370032,0.19845644701547793,case_patch_macro
final_decoder_stage_input,CYST_PA19.nii.gz,blur_joint_product,FN,43299,0.06266951961748997,case_patch_macro
final_decoder_stage_input,CYST_PA19.nii.gz,blur_joint_product,FP,42621,0.004065875443555751,case_patch_macro
final_decoder_stage_input,CYST_PA19.nii.gz,blur_joint_product,TN,27855600,0.29144622351204674,case_patch_macro
final_decoder_stage_input,CYST_PA19.nii.gz,blur_joint_product,TP,370032,0.12654346299876326,case_patch_macro
final_decoder_stage_input,CYST_PA19.nii.gz,blur_world_stability,FN,43299,0.13329712465994245,case_patch_macro
final_decoder_stage_input,CYST_PA19.nii.gz,blur_world_stability,FP,42621,0.04109603765068146,case_patch_macro
final_decoder_stage_input,CYST_PA19.nii.gz,blur_world_stability,TN,27855600,0.5042460800519071,case_patch_macro
final_decoder_stage_input,CYST_PA19.nii.gz,blur_world_stability,TP,370032,0.22156656406997308,case_patch_macro
final_decoder_stage_input,CYST_PA19.nii.gz,confidence_rank,FN,43299,0.1318414596817615,case_patch_macro
final_decoder_stage_input,CYST_PA19.nii.gz,confidence_rank,FP,42621,0.02431561795051969,case_patch_macro
final_decoder_stage_input,CYST_PA19.nii.gz,confidence_rank,TN,27855600,0.5039838929969782,case_patch_macro
final_decoder_stage_input,CYST_PA19.nii.gz,confidence_rank,TP,370032,0.24117477236723558,case_patch_macro
final_decoder_stage_input,CYST_PA19.nii.gz,gamma_joint_product,FN,43299,0.06283458015894607,case_patch_macro
final_decoder_stage_input,CYST_PA19.nii.gz,gamma_joint_product,FP,42621,0.014815618405070403,case_patch_macro
final_decoder_stage_input,CYST_PA19.nii.gz,gamma_joint_product,TN,27855600,0.28817183545825137,case_patch_macro
final_decoder_stage_input,CYST_PA19.nii.gz,gamma_joint_product,TP,370032,0.19803541499908303,case_patch_macro
final_decoder_stage_input,CYST_PA19.nii.gz,gamma_world_stability,FN,43299,0.13405871493158716,case_patch_macro
final_decoder_stage_input,CYST_PA19.nii.gz,gamma_world_stability,FP,42621,0.09202121328654118,case_patch_macro
final_decoder_stage_input,CYST_PA19.nii.gz,gamma_world_stability,TN,27855600,0.500844056646239,case_patch_macro
final_decoder_stage_input,CYST_PA19.nii.gz,gamma_world_stability,TP,370032,0.4317367041245685,case_patch_macro
final_decoder_stage_input,CYST_PA19.nii.gz,pairwise_joint_product,FN,43299,0.06265535525670071,case_patch_macro
final_decoder_stage_input,CYST_PA19.nii.gz,pairwise_joint_product,FP,42621,0.0038377705199751488,case_patch_macro
final_decoder_stage_input,CYST_PA19.nii.gz,pairwise_joint_product,TN,27855600,0.29389497187953906,case_patch_macro
final_decoder_stage_input,CYST_PA19.nii.gz,pairwise_joint_product,TP,370032,0.12494109147513144,case_patch_macro
final_decoder_stage_input,CYST_PA19.nii.gz,pairwise_world_stability,FN,43299,0.13245746918326576,case_patch_macro
final_decoder_stage_input,CYST_PA19.nii.gz,pairwise_world_stability,FP,42621,0.026500014268200978,case_patch_macro
final_decoder_stage_input,CYST_PA19.nii.gz,pairwise_world_stability,TN,27855600,0.504623777760276,case_patch_macro
final_decoder_stage_input,CYST_PA19.nii.gz,pairwise_world_stability,TP,370032,0.19845644701547793,case_patch_macro
full_voxtell_reference,CYST_PA19.nii.gz,blur_joint_product,FN,43299,0.0626829277701163,case_patch_macro
full_voxtell_reference,CYST_PA19.nii.gz,blur_joint_product,FP,42621,0.004603451674229501,case_patch_macro
full_voxtell_reference,CYST_PA19.nii.gz,blur_joint_product,TN,27855600,0.2919034075820837,case_patch_macro
full_voxtell_reference,CYST_PA19.nii.gz,blur_joint_product,TP,370032,0.13934621200032235,case_patch_macro
full_voxtell_reference,CYST_PA19.nii.gz,blur_world_stability,FN,43299,0.1332583141100988,case_patch_macro
full_voxtell_reference,CYST_PA19.nii.gz,blur_world_stability,FP,42621,0.041041506164331346,case_patch_macro
full_voxtell_reference,CYST_PA19.nii.gz,blur_world_stability,TN,27855600,0.503961770357081,case_patch_macro
full_voxtell_reference,CYST_PA19.nii.gz,blur_world_stability,TP,370032,0.23103795725165044,case_patch_macro
full_voxtell_reference,CYST_PA19.nii.gz,confidence_rank,FN,43299,0.1318414596817615,case_patch_macro
full_voxtell_reference,CYST_PA19.nii.gz,confidence_rank,FP,42621,0.02431561795051969,case_patch_macro
full_voxtell_reference,CYST_PA19.nii.gz,confidence_rank,TN,27855600,0.5039838929969782,case_patch_macro
full_voxtell_reference,CYST_PA19.nii.gz,confidence_rank,TP,370032,0.24117477236723558,case_patch_macro
full_voxtell_reference,CYST_PA19.nii.gz,gamma_joint_product,FN,43299,0.06283012880587187,case_patch_macro
full_voxtell_reference,CYST_PA19.nii.gz,gamma_joint_product,FP,42621,0.014961945456138803,case_patch_macro
full_voxtell_reference,CYST_PA19.nii.gz,gamma_joint_product,TN,27855600,0.28722949400165126,case_patch_macro
full_voxtell_reference,CYST_PA19.nii.gz,gamma_joint_product,TP,370032,0.19732383522661412,case_patch_macro
full_voxtell_reference,CYST_PA19.nii.gz,gamma_world_stability,FN,43299,0.13403814116445079,case_patch_macro
full_voxtell_reference,CYST_PA19.nii.gz,gamma_world_stability,FP,42621,0.09087116604081108,case_patch_macro
full_voxtell_reference,CYST_PA19.nii.gz,gamma_world_stability,TN,27855600,0.5009651692843216,case_patch_macro
full_voxtell_reference,CYST_PA19.nii.gz,gamma_world_stability,TP,370032,0.42487596731176386,case_patch_macro
full_voxtell_reference,CYST_PA19.nii.gz,pairwise_joint_product,FN,43299,0.06266060969019815,case_patch_macro
full_voxtell_reference,CYST_PA19.nii.gz,pairwise_joint_product,FP,42621,0.004397827317725887,case_patch_macro
full_voxtell_reference,CYST_PA19.nii.gz,pairwise_joint_product,TN,27855600,0.29392878279516094,case_patch_macro
full_voxtell_reference,CYST_PA19.nii.gz,pairwise_joint_product,TP,370032,0.13841857448518888,case_patch_macro
full_voxtell_reference,CYST_PA19.nii.gz,pairwise_world_stability,FN,43299,0.1324619169667122,case_patch_macro
full_voxtell_reference,CYST_PA19.nii.gz,pairwise_world_stability,FP,42621,0.026905176926211475,case_patch_macro
full_voxtell_reference,CYST_PA19.nii.gz,pairwise_world_stability,TN,27855600,0.5043339089721374,case_patch_macro
full_voxtell_reference,CYST_PA19.nii.gz,pairwise_world_stability,TP,370032,0.20880347066742075,case_patch_macro
penultimate_decoder_stage_output,CYST_PA19.nii.gz,blur_joint_product,FN,43299,0.06273413866796562,case_patch_macro
penultimate_decoder_stage_output,CYST_PA19.nii.gz,blur_joint_product,FP,42621,0.007057113804178415,case_patch_macro
penultimate_decoder_stage_output,CYST_PA19.nii.gz,blur_joint_product,TN,27855600,0.29125662597837104,case_patch_macro
penultimate_decoder_stage_output,CYST_PA19.nii.gz,blur_joint_product,TP,370032,0.1560693283053518,case_patch_macro
penultimate_decoder_stage_output,CYST_PA19.nii.gz,blur_world_stability,FN,43299,0.1338865889432198,case_patch_macro
penultimate_decoder_stage_output,CYST_PA19.nii.gz,blur_world_stability,FP,42621,0.04972464485049194,case_patch_macro
penultimate_decoder_stage_output,CYST_PA19.nii.gz,blur_world_stability,TN,27855600,0.5036073511161182,case_patch_macro
penultimate_decoder_stage_output,CYST_PA19.nii.gz,blur_world_stability,TP,370032,0.25658778795743825,case_patch_macro
penultimate_decoder_stage_output,CYST_PA19.nii.gz,confidence_rank,FN,43299,0.1318414596817615,case_patch_macro
penultimate_decoder_stage_output,CYST_PA19.nii.gz,confidence_rank,FP,42621,0.02431561795051969,case_patch_macro
penultimate_decoder_stage_output,CYST_PA19.nii.gz,confidence_rank,TN,27855600,0.5039838929969782,case_patch_macro
penultimate_decoder_stage_output,CYST_PA19.nii.gz,confidence_rank,TP,370032,0.24117477236723558,case_patch_macro
penultimate_decoder_stage_output,CYST_PA19.nii.gz,gamma_joint_product,FN,43299,0.06282524191908218,case_patch_macro
penultimate_decoder_stage_output,CYST_PA19.nii.gz,gamma_joint_product,FP,42621,0.014993604750275584,case_patch_macro
penultimate_decoder_stage_output,CYST_PA19.nii.gz,gamma_joint_product,TN,27855600,0.2882863406227409,case_patch_macro
penultimate_decoder_stage_output,CYST_PA19.nii.gz,gamma_joint_product,TP,370032,0.19534044548361162,case_patch_macro
penultimate_decoder_stage_output,CYST_PA19.nii.gz,gamma_world_stability,FN,43299,0.13361024969473537,case_patch_macro
penultimate_decoder_stage_output,CYST_PA19.nii.gz,gamma_world_stability,FP,42621,0.09604877293946096,case_patch_macro
penultimate_decoder_stage_output,CYST_PA19.nii.gz,gamma_world_stability,TN,27855600,0.5008631367544146,case_patch_macro
penultimate_decoder_stage_output,CYST_PA19.nii.gz,gamma_world_stability,TP,370032,0.43498077623486114,case_patch_macro
penultimate_decoder_stage_output,CYST_PA19.nii.gz,pairwise_joint_product,FN,43299,0.06271012260112334,case_patch_macro
penultimate_decoder_stage_output,CYST_PA19.nii.gz,pairwise_joint_product,FP,42621,0.006829992949718908,case_patch_macro
penultimate_decoder_stage_output,CYST_PA19.nii.gz,pairwise_joint_product,TN,27855600,0.29381322721453895,case_patch_macro
penultimate_decoder_stage_output,CYST_PA19.nii.gz,pairwise_joint_product,TP,370032,0.1516666061803907,case_patch_macro
penultimate_decoder_stage_output,CYST_PA19.nii.gz,pairwise_world_stability,FN,43299,0.13305154451524717,case_patch_macro
penultimate_decoder_stage_output,CYST_PA19.nii.gz,pairwise_world_stability,FP,42621,0.03357149640031809,case_patch_macro
penultimate_decoder_stage_output,CYST_PA19.nii.gz,pairwise_world_stability,TN,27855600,0.5040459873885332,case_patch_macro
penultimate_decoder_stage_output,CYST_PA19.nii.gz,pairwise_world_stability,TP,370032,0.23074912279890594,case_patch_macro
decoder_stage_1_low_to_high,HEM_PA13.nii.gz,blur_joint_product,FN,60565,0.00039486358679041163,case_patch_macro
decoder_stage_1_low_to_high,HEM_PA13.nii.gz,blur_joint_product,FP,53513,0.007935442064281992,case_patch_macro
decoder_stage_1_low_to_high,HEM_PA13.nii.gz,blur_joint_product,TN,27601657,0.2964171324515868,case_patch_macro
decoder_stage_1_low_to_high,HEM_PA13.nii.gz,blur_joint_product,TP,595817,0.040769594931632624,case_patch_macro
decoder_stage_1_low_to_high,HEM_PA13.nii.gz,blur_world_stability,FN,60565,0.016800376693395302,case_patch_macro
decoder_stage_1_low_to_high,HEM_PA13.nii.gz,blur_world_stability,FP,53513,0.046919897685802785,case_patch_macro
decoder_stage_1_low_to_high,HEM_PA13.nii.gz,blur_world_stability,TN,27601657,0.5099217349089139,case_patch_macro
decoder_stage_1_low_to_high,HEM_PA13.nii.gz,blur_world_stability,TP,595817,0.1665705003178588,case_patch_macro
decoder_stage_1_low_to_high,HEM_PA13.nii.gz,confidence_rank,FN,60565,0.010648989807882344,case_patch_macro
decoder_stage_1_low_to_high,HEM_PA13.nii.gz,confidence_rank,FP,53513,0.03540855751639987,case_patch_macro
decoder_stage_1_low_to_high,HEM_PA13.nii.gz,confidence_rank,TN,27601657,0.5113616279729961,case_patch_macro
decoder_stage_1_low_to_high,HEM_PA13.nii.gz,confidence_rank,TP,595817,0.1221701797024502,case_patch_macro
decoder_stage_1_low_to_high,HEM_PA13.nii.gz,gamma_joint_product,FN,60565,0.00032995114060931845,case_patch_macro
decoder_stage_1_low_to_high,HEM_PA13.nii.gz,gamma_joint_product,FP,53513,0.018867900232195093,case_patch_macro
decoder_stage_1_low_to_high,HEM_PA13.nii.gz,gamma_joint_product,TN,27601657,0.29268347415427265,case_patch_macro
decoder_stage_1_low_to_high,HEM_PA13.nii.gz,gamma_joint_product,TP,595817,0.07215458554984416,case_patch_macro
decoder_stage_1_low_to_high,HEM_PA13.nii.gz,gamma_world_stability,FN,60565,0.013294186549180046,case_patch_macro
decoder_stage_1_low_to_high,HEM_PA13.nii.gz,gamma_world_stability,FP,53513,0.11702514789324496,case_patch_macro
decoder_stage_1_low_to_high,HEM_PA13.nii.gz,gamma_world_stability,TN,27601657,0.5064772318195245,case_patch_macro
decoder_stage_1_low_to_high,HEM_PA13.nii.gz,gamma_world_stability,TP,595817,0.3208062636490318,case_patch_macro
decoder_stage_1_low_to_high,HEM_PA13.nii.gz,pairwise_joint_product,FN,60565,0.00035077130381680883,case_patch_macro
decoder_stage_1_low_to_high,HEM_PA13.nii.gz,pairwise_joint_product,FP,53513,0.007452087425433205,case_patch_macro
decoder_stage_1_low_to_high,HEM_PA13.nii.gz,pairwise_joint_product,TN,27601657,0.2991995816496377,case_patch_macro
decoder_stage_1_low_to_high,HEM_PA13.nii.gz,pairwise_joint_product,TP,595817,0.039954473334419795,case_patch_macro
decoder_stage_1_low_to_high,HEM_PA13.nii.gz,pairwise_world_stability,FN,60565,0.01450344566730299,case_patch_macro
decoder_stage_1_low_to_high,HEM_PA13.nii.gz,pairwise_world_stability,FP,53513,0.03420121252350235,case_patch_macro
decoder_stage_1_low_to_high,HEM_PA13.nii.gz,pairwise_world_stability,TN,27601657,0.5106753282288355,case_patch_macro
decoder_stage_1_low_to_high,HEM_PA13.nii.gz,pairwise_world_stability,TP,595817,0.13701863088677432,case_patch_macro
final_decoder_feature,HEM_PA13.nii.gz,blur_joint_product,FN,60565,0.0003306008809806421,case_patch_macro
final_decoder_feature,HEM_PA13.nii.gz,blur_joint_product,FP,53513,0.007079994512324664,case_patch_macro
final_decoder_feature,HEM_PA13.nii.gz,blur_joint_product,TN,27601657,0.298080319935136,case_patch_macro
final_decoder_feature,HEM_PA13.nii.gz,blur_joint_product,TP,595817,0.028623281147902024,case_patch_macro
final_decoder_feature,HEM_PA13.nii.gz,blur_world_stability,FN,60565,0.01553687152745505,case_patch_macro
final_decoder_feature,HEM_PA13.nii.gz,blur_world_stability,FP,53513,0.03626524969082003,case_patch_macro
final_decoder_feature,HEM_PA13.nii.gz,blur_world_stability,TN,27601657,0.5105655463613821,case_patch_macro
final_decoder_feature,HEM_PA13.nii.gz,blur_world_stability,TP,595817,0.12654130136686695,case_patch_macro
final_decoder_feature,HEM_PA13.nii.gz,confidence_rank,FN,60565,0.010648989807882344,case_patch_macro
final_decoder_feature,HEM_PA13.nii.gz,confidence_rank,FP,53513,0.03540855751639987,case_patch_macro
final_decoder_feature,HEM_PA13.nii.gz,confidence_rank,TN,27601657,0.5113616279729961,case_patch_macro
final_decoder_feature,HEM_PA13.nii.gz,confidence_rank,TP,595817,0.1221701797024502,case_patch_macro
final_decoder_feature,HEM_PA13.nii.gz,gamma_joint_product,FN,60565,0.000291744690742298,case_patch_macro
final_decoder_feature,HEM_PA13.nii.gz,gamma_joint_product,FP,53513,0.018243469946029895,case_patch_macro
final_decoder_feature,HEM_PA13.nii.gz,gamma_joint_product,TN,27601657,0.29424590399843475,case_patch_macro
final_decoder_feature,HEM_PA13.nii.gz,gamma_joint_product,TP,595817,0.07081102942514518,case_patch_macro
final_decoder_feature,HEM_PA13.nii.gz,gamma_world_stability,FN,60565,0.011379612584742183,case_patch_macro
final_decoder_feature,HEM_PA13.nii.gz,gamma_world_stability,FP,53513,0.0929537856542671,case_patch_macro
final_decoder_feature,HEM_PA13.nii.gz,gamma_world_stability,TN,27601657,0.5080643861567353,case_patch_macro
final_decoder_feature,HEM_PA13.nii.gz,gamma_world_stability,TP,595817,0.25548564528906126,case_patch_macro
final_decoder_feature,HEM_PA13.nii.gz,pairwise_joint_product,FN,60565,0.0003064090580543887,case_patch_macro
final_decoder_feature,HEM_PA13.nii.gz,pairwise_joint_product,FP,53513,0.006528540905458519,case_patch_macro
final_decoder_feature,HEM_PA13.nii.gz,pairwise_joint_product,TN,27601657,0.3005055027923555,case_patch_macro
final_decoder_feature,HEM_PA13.nii.gz,pairwise_joint_product,TP,595817,0.027870262074043237,case_patch_macro
final_decoder_feature,HEM_PA13.nii.gz,pairwise_world_stability,FN,60565,0.01389221560461125,case_patch_macro
final_decoder_feature,HEM_PA13.nii.gz,pairwise_world_stability,FP,53513,0.02824403328723669,case_patch_macro
final_decoder_feature,HEM_PA13.nii.gz,pairwise_world_stability,TN,27601657,0.5112829071053724,case_patch_macro
final_decoder_feature,HEM_PA13.nii.gz,pairwise_world_stability,TP,595817,0.09632840879975779,case_patch_macro
final_decoder_stage_input,HEM_PA13.nii.gz,blur_joint_product,FN,60565,0.0003306008809806421,case_patch_macro
final_decoder_stage_input,HEM_PA13.nii.gz,blur_joint_product,FP,53513,0.007079994512324664,case_patch_macro
final_decoder_stage_input,HEM_PA13.nii.gz,blur_joint_product,TN,27601657,0.298080319935136,case_patch_macro
final_decoder_stage_input,HEM_PA13.nii.gz,blur_joint_product,TP,595817,0.028623281147902024,case_patch_macro
final_decoder_stage_input,HEM_PA13.nii.gz,blur_world_stability,FN,60565,0.01553687152745505,case_patch_macro
final_decoder_stage_input,HEM_PA13.nii.gz,blur_world_stability,FP,53513,0.03626524969082003,case_patch_macro
final_decoder_stage_input,HEM_PA13.nii.gz,blur_world_stability,TN,27601657,0.5105655463613821,case_patch_macro
final_decoder_stage_input,HEM_PA13.nii.gz,blur_world_stability,TP,595817,0.12654130136686695,case_patch_macro
final_decoder_stage_input,HEM_PA13.nii.gz,confidence_rank,FN,60565,0.010648989807882344,case_patch_macro
final_decoder_stage_input,HEM_PA13.nii.gz,confidence_rank,FP,53513,0.03540855751639987,case_patch_macro
final_decoder_stage_input,HEM_PA13.nii.gz,confidence_rank,TN,27601657,0.5113616279729961,case_patch_macro
final_decoder_stage_input,HEM_PA13.nii.gz,confidence_rank,TP,595817,0.1221701797024502,case_patch_macro
final_decoder_stage_input,HEM_PA13.nii.gz,gamma_joint_product,FN,60565,0.000291744690742298,case_patch_macro
final_decoder_stage_input,HEM_PA13.nii.gz,gamma_joint_product,FP,53513,0.018243469946029895,case_patch_macro
final_decoder_stage_input,HEM_PA13.nii.gz,gamma_joint_product,TN,27601657,0.29424590399843475,case_patch_macro
final_decoder_stage_input,HEM_PA13.nii.gz,gamma_joint_product,TP,595817,0.07081102942514518,case_patch_macro
final_decoder_stage_input,HEM_PA13.nii.gz,gamma_world_stability,FN,60565,0.011379612584742183,case_patch_macro
final_decoder_stage_input,HEM_PA13.nii.gz,gamma_world_stability,FP,53513,0.0929537856542671,case_patch_macro
final_decoder_stage_input,HEM_PA13.nii.gz,gamma_world_stability,TN,27601657,0.5080643861567353,case_patch_macro
final_decoder_stage_input,HEM_PA13.nii.gz,gamma_world_stability,TP,595817,0.25548564528906126,case_patch_macro
final_decoder_stage_input,HEM_PA13.nii.gz,pairwise_joint_product,FN,60565,0.0003064090580543887,case_patch_macro
final_decoder_stage_input,HEM_PA13.nii.gz,pairwise_joint_product,FP,53513,0.006528540905458519,case_patch_macro
final_decoder_stage_input,HEM_PA13.nii.gz,pairwise_joint_product,TN,27601657,0.3005055027923555,case_patch_macro
final_decoder_stage_input,HEM_PA13.nii.gz,pairwise_joint_product,TP,595817,0.027870262074043237,case_patch_macro
final_decoder_stage_input,HEM_PA13.nii.gz,pairwise_world_stability,FN,60565,0.01389221560461125,case_patch_macro
final_decoder_stage_input,HEM_PA13.nii.gz,pairwise_world_stability,FP,53513,0.02824403328723669,case_patch_macro
final_decoder_stage_input,HEM_PA13.nii.gz,pairwise_world_stability,TN,27601657,0.5112829071053724,case_patch_macro
final_decoder_stage_input,HEM_PA13.nii.gz,pairwise_world_stability,TP,595817,0.09632840879975779,case_patch_macro
full_voxtell_reference,HEM_PA13.nii.gz,blur_joint_product,FN,60565,0.0003713544723849725,case_patch_macro
full_voxtell_reference,HEM_PA13.nii.gz,blur_joint_product,FP,53513,0.006671804364726509,case_patch_macro
full_voxtell_reference,HEM_PA13.nii.gz,blur_joint_product,TN,27601657,0.29700343866231627,case_patch_macro
full_voxtell_reference,HEM_PA13.nii.gz,blur_joint_product,TP,595817,0.024037055105405557,case_patch_macro
full_voxtell_reference,HEM_PA13.nii.gz,blur_world_stability,FN,60565,0.016074137407969914,case_patch_macro
full_voxtell_reference,HEM_PA13.nii.gz,blur_world_stability,FP,53513,0.0384687698276435,case_patch_macro
full_voxtell_reference,HEM_PA13.nii.gz,blur_world_stability,TN,27601657,0.5103335229504464,case_patch_macro
full_voxtell_reference,HEM_PA13.nii.gz,blur_world_stability,TP,595817,0.12291198893612632,case_patch_macro
full_voxtell_reference,HEM_PA13.nii.gz,confidence_rank,FN,60565,0.010648989807882344,case_patch_macro
full_voxtell_reference,HEM_PA13.nii.gz,confidence_rank,FP,53513,0.03540855751639987,case_patch_macro
full_voxtell_reference,HEM_PA13.nii.gz,confidence_rank,TN,27601657,0.5113616279729961,case_patch_macro
full_voxtell_reference,HEM_PA13.nii.gz,confidence_rank,TP,595817,0.1221701797024502,case_patch_macro
full_voxtell_reference,HEM_PA13.nii.gz,gamma_joint_product,FN,60565,0.00029191347322458016,case_patch_macro
full_voxtell_reference,HEM_PA13.nii.gz,gamma_joint_product,FP,53513,0.020151874959933813,case_patch_macro
full_voxtell_reference,HEM_PA13.nii.gz,gamma_joint_product,TN,27601657,0.297807053952023,case_patch_macro
full_voxtell_reference,HEM_PA13.nii.gz,gamma_joint_product,TP,595817,0.07216543440245587,case_patch_macro
full_voxtell_reference,HEM_PA13.nii.gz,gamma_world_stability,FN,60565,0.011396365879033582,case_patch_macro
full_voxtell_reference,HEM_PA13.nii.gz,gamma_world_stability,FP,53513,0.09334933313100197,case_patch_macro
full_voxtell_reference,HEM_PA13.nii.gz,gamma_world_stability,TN,27601657,0.5086035690920865,case_patch_macro
full_voxtell_reference,HEM_PA13.nii.gz,gamma_world_stability,TP,595817,0.24433618416032155,case_patch_macro
full_voxtell_reference,HEM_PA13.nii.gz,pairwise_joint_product,FN,60565,0.00031674656945085536,case_patch_macro
full_voxtell_reference,HEM_PA13.nii.gz,pairwise_joint_product,FP,53513,0.006260612526614975,case_patch_macro
full_voxtell_reference,HEM_PA13.nii.gz,pairwise_joint_product,TN,27601657,0.300100441989674,case_patch_macro
full_voxtell_reference,HEM_PA13.nii.gz,pairwise_joint_product,TP,595817,0.02322179141581891,case_patch_macro
full_voxtell_reference,HEM_PA13.nii.gz,pairwise_world_stability,FN,60565,0.013832739528484489,case_patch_macro
full_voxtell_reference,HEM_PA13.nii.gz,pairwise_world_stability,FP,53513,0.02949656084672078,case_patch_macro
full_voxtell_reference,HEM_PA13.nii.gz,pairwise_world_stability,TN,27601657,0.511205317697072,case_patch_macro
full_voxtell_reference,HEM_PA13.nii.gz,pairwise_world_stability,TP,595817,0.0892906934106014,case_patch_macro
penultimate_decoder_stage_output,HEM_PA13.nii.gz,blur_joint_product,FN,60565,0.000334209531908696,case_patch_macro
penultimate_decoder_stage_output,HEM_PA13.nii.gz,blur_joint_product,FP,53513,0.011613612585841005,case_patch_macro
penultimate_decoder_stage_output,HEM_PA13.nii.gz,blur_joint_product,TN,27601657,0.2978727437592234,case_patch_macro
penultimate_decoder_stage_output,HEM_PA13.nii.gz,blur_joint_product,TP,595817,0.03912060823004606,case_patch_macro
penultimate_decoder_stage_output,HEM_PA13.nii.gz,blur_world_stability,FN,60565,0.015323277555852418,case_patch_macro
penultimate_decoder_stage_output,HEM_PA13.nii.gz,blur_world_stability,FP,53513,0.047022885348932626,case_patch_macro
penultimate_decoder_stage_output,HEM_PA13.nii.gz,blur_world_stability,TN,27601657,0.5100514201296559,case_patch_macro
penultimate_decoder_stage_output,HEM_PA13.nii.gz,blur_world_stability,TP,595817,0.14637570495844998,case_patch_macro
penultimate_decoder_stage_output,HEM_PA13.nii.gz,confidence_rank,FN,60565,0.010648989807882344,case_patch_macro
penultimate_decoder_stage_output,HEM_PA13.nii.gz,confidence_rank,FP,53513,0.03540855751639987,case_patch_macro
penultimate_decoder_stage_output,HEM_PA13.nii.gz,confidence_rank,TN,27601657,0.5113616279729961,case_patch_macro
penultimate_decoder_stage_output,HEM_PA13.nii.gz,confidence_rank,TP,595817,0.1221701797024502,case_patch_macro
penultimate_decoder_stage_output,HEM_PA13.nii.gz,gamma_joint_product,FN,60565,0.0002712238575629531,case_patch_macro
penultimate_decoder_stage_output,HEM_PA13.nii.gz,gamma_joint_product,FP,53513,0.020395896233391077,case_patch_macro
penultimate_decoder_stage_output,HEM_PA13.nii.gz,gamma_joint_product,TN,27601657,0.29390518663938486,case_patch_macro
penultimate_decoder_stage_output,HEM_PA13.nii.gz,gamma_joint_product,TP,595817,0.07149672992685617,case_patch_macro
penultimate_decoder_stage_output,HEM_PA13.nii.gz,gamma_world_stability,FN,60565,0.011000945335641998,case_patch_macro
penultimate_decoder_stage_output,HEM_PA13.nii.gz,gamma_world_stability,FP,53513,0.09931141400345929,case_patch_macro
penultimate_decoder_stage_output,HEM_PA13.nii.gz,gamma_world_stability,TN,27601657,0.507625442643235,case_patch_macro
penultimate_decoder_stage_output,HEM_PA13.nii.gz,gamma_world_stability,TP,595817,0.27331601879324813,case_patch_macro
penultimate_decoder_stage_output,HEM_PA13.nii.gz,pairwise_joint_product,FN,60565,0.00030212451792131615,case_patch_macro
penultimate_decoder_stage_output,HEM_PA13.nii.gz,pairwise_joint_product,FP,53513,0.00995251126551913,case_patch_macro
penultimate_decoder_stage_output,HEM_PA13.nii.gz,pairwise_joint_product,TN,27601657,0.30031970484551673,case_patch_macro
penultimate_decoder_stage_output,HEM_PA13.nii.gz,pairwise_joint_product,TP,595817,0.0382540967495403,case_patch_macro
penultimate_decoder_stage_output,HEM_PA13.nii.gz,pairwise_world_stability,FN,60565,0.013727219324556237,case_patch_macro
penultimate_decoder_stage_output,HEM_PA13.nii.gz,pairwise_world_stability,FP,53513,0.03554728093650613,case_patch_macro
penultimate_decoder_stage_output,HEM_PA13.nii.gz,pairwise_world_stability,TN,27601657,0.5108191262914248,case_patch_macro
penultimate_decoder_stage_output,HEM_PA13.nii.gz,pairwise_world_stability,TP,595817,0.11651646538091932,case_patch_macro
decoder_stage_1_low_to_high,HCC_10142924_20170911.nii.gz,blur_joint_product,FN,28745,0.005006937012632788,case_patch_macro
decoder_stage_1_low_to_high,HCC_10142924_20170911.nii.gz,blur_joint_product,FP,42388,0.028628822649835125,case_patch_macro
decoder_stage_1_low_to_high,HCC_10142924_20170911.nii.gz,blur_joint_product,TN,27833084,0.29954460658546955,case_patch_macro
decoder_stage_1_low_to_high,HCC_10142924_20170911.nii.gz,blur_joint_product,TP,407335,0.17274157972516802,case_patch_macro
decoder_stage_1_low_to_high,HCC_10142924_20170911.nii.gz,blur_world_stability,FN,28745,0.019505435814012508,case_patch_macro
decoder_stage_1_low_to_high,HCC_10142924_20170911.nii.gz,blur_world_stability,FP,42388,0.09464527976830535,case_patch_macro
decoder_stage_1_low_to_high,HCC_10142924_20170911.nii.gz,blur_world_stability,TN,27833084,0.50327208153627,case_patch_macro
decoder_stage_1_low_to_high,HCC_10142924_20170911.nii.gz,blur_world_stability,TP,407335,0.2456947903559431,case_patch_macro
decoder_stage_1_low_to_high,HCC_10142924_20170911.nii.gz,confidence_rank,FN,28745,0.02017998958508157,case_patch_macro
decoder_stage_1_low_to_high,HCC_10142924_20170911.nii.gz,confidence_rank,FP,42388,0.06392148920833748,case_patch_macro
decoder_stage_1_low_to_high,HCC_10142924_20170911.nii.gz,confidence_rank,TN,27833084,0.5020503509396694,case_patch_macro
decoder_stage_1_low_to_high,HCC_10142924_20170911.nii.gz,confidence_rank,TP,407335,0.31369680387737064,case_patch_macro
decoder_stage_1_low_to_high,HCC_10142924_20170911.nii.gz,gamma_joint_product,FN,28745,0.007420202214174733,case_patch_macro
decoder_stage_1_low_to_high,HCC_10142924_20170911.nii.gz,gamma_joint_product,FP,42388,0.032065841278420916,case_patch_macro
decoder_stage_1_low_to_high,HCC_10142924_20170911.nii.gz,gamma_joint_product,TN,27833084,0.29779220586269217,case_patch_macro
decoder_stage_1_low_to_high,HCC_10142924_20170911.nii.gz,gamma_joint_product,TP,407335,0.2595756912323865,case_patch_macro
decoder_stage_1_low_to_high,HCC_10142924_20170911.nii.gz,gamma_world_stability,FN,28745,0.025937392372339954,case_patch_macro
decoder_stage_1_low_to_high,HCC_10142924_20170911.nii.gz,gamma_world_stability,FP,42388,0.14312861100597757,case_patch_macro
decoder_stage_1_low_to_high,HCC_10142924_20170911.nii.gz,gamma_world_stability,TN,27833084,0.4995938630256015,case_patch_macro
decoder_stage_1_low_to_high,HCC_10142924_20170911.nii.gz,gamma_world_stability,TP,407335,0.44171136045817894,case_patch_macro
decoder_stage_1_low_to_high,HCC_10142924_20170911.nii.gz,pairwise_joint_product,FN,28745,0.004987814251521978,case_patch_macro
decoder_stage_1_low_to_high,HCC_10142924_20170911.nii.gz,pairwise_joint_product,FP,42388,0.02844214753503473,case_patch_macro
decoder_stage_1_low_to_high,HCC_10142924_20170911.nii.gz,pairwise_joint_product,TN,27833084,0.3029763651789943,case_patch_macro
decoder_stage_1_low_to_high,HCC_10142924_20170911.nii.gz,pairwise_joint_product,TP,407335,0.17058671169719486,case_patch_macro
decoder_stage_1_low_to_high,HCC_10142924_20170911.nii.gz,pairwise_world_stability,FN,28745,0.016303302562762446,case_patch_macro
decoder_stage_1_low_to_high,HCC_10142924_20170911.nii.gz,pairwise_world_stability,FP,42388,0.07798194507925205,case_patch_macro
decoder_stage_1_low_to_high,HCC_10142924_20170911.nii.gz,pairwise_world_stability,TN,27833084,0.5035962418537285,case_patch_macro
decoder_stage_1_low_to_high,HCC_10142924_20170911.nii.gz,pairwise_world_stability,TP,407335,0.23052574712569268,case_patch_macro
final_decoder_feature,HCC_10142924_20170911.nii.gz,blur_joint_product,FN,28745,0.0003973777554862658,case_patch_macro
final_decoder_feature,HCC_10142924_20170911.nii.gz,blur_joint_product,FP,42388,0.019785821563552918,case_patch_macro
final_decoder_feature,HCC_10142924_20170911.nii.gz,blur_joint_product,TN,27833084,0.2997195006820833,case_patch_macro
final_decoder_feature,HCC_10142924_20170911.nii.gz,blur_joint_product,TP,407335,0.11116661290982635,case_patch_macro
final_decoder_feature,HCC_10142924_20170911.nii.gz,blur_world_stability,FN,28745,0.008283280690682782,case_patch_macro
final_decoder_feature,HCC_10142924_20170911.nii.gz,blur_world_stability,FP,42388,0.05945033896370991,case_patch_macro
final_decoder_feature,HCC_10142924_20170911.nii.gz,blur_world_stability,TN,27833084,0.5051943501260191,case_patch_macro
final_decoder_feature,HCC_10142924_20170911.nii.gz,blur_world_stability,TP,407335,0.15758226324312852,case_patch_macro
final_decoder_feature,HCC_10142924_20170911.nii.gz,confidence_rank,FN,28745,0.02017998958508157,case_patch_macro
final_decoder_feature,HCC_10142924_20170911.nii.gz,confidence_rank,FP,42388,0.06392148920833748,case_patch_macro
final_decoder_feature,HCC_10142924_20170911.nii.gz,confidence_rank,TN,27833084,0.5020503509396694,case_patch_macro
final_decoder_feature,HCC_10142924_20170911.nii.gz,confidence_rank,TP,407335,0.31369680387737064,case_patch_macro
final_decoder_feature,HCC_10142924_20170911.nii.gz,gamma_joint_product,FN,28745,0.00644577913645857,case_patch_macro
final_decoder_feature,HCC_10142924_20170911.nii.gz,gamma_joint_product,FP,42388,0.029165183659928488,case_patch_macro
final_decoder_feature,HCC_10142924_20170911.nii.gz,gamma_joint_product,TN,27833084,0.29840427004402864,case_patch_macro
final_decoder_feature,HCC_10142924_20170911.nii.gz,gamma_joint_product,TP,407335,0.24712118285058748,case_patch_macro
final_decoder_feature,HCC_10142924_20170911.nii.gz,gamma_world_stability,FN,28745,0.022360185760980433,case_patch_macro
final_decoder_feature,HCC_10142924_20170911.nii.gz,gamma_world_stability,FP,42388,0.10471596350810287,case_patch_macro
final_decoder_feature,HCC_10142924_20170911.nii.gz,gamma_world_stability,TN,27833084,0.5007256949300691,case_patch_macro
final_decoder_feature,HCC_10142924_20170911.nii.gz,gamma_world_stability,TP,407335,0.3825235351026416,case_patch_macro
final_decoder_feature,HCC_10142924_20170911.nii.gz,pairwise_joint_product,FN,28745,0.0003104666082871875,case_patch_macro
final_decoder_feature,HCC_10142924_20170911.nii.gz,pairwise_joint_product,FP,42388,0.01864154623571767,case_patch_macro
final_decoder_feature,HCC_10142924_20170911.nii.gz,pairwise_joint_product,TN,27833084,0.30277392595951796,case_patch_macro
final_decoder_feature,HCC_10142924_20170911.nii.gz,pairwise_joint_product,TP,407335,0.10750324180381027,case_patch_macro
final_decoder_feature,HCC_10142924_20170911.nii.gz,pairwise_world_stability,FN,28745,0.006918662223639003,case_patch_macro
final_decoder_feature,HCC_10142924_20170911.nii.gz,pairwise_world_stability,FP,42388,0.0465034515269689,case_patch_macro
final_decoder_feature,HCC_10142924_20170911.nii.gz,pairwise_world_stability,TN,27833084,0.5055432277342837,case_patch_macro
final_decoder_feature,HCC_10142924_20170911.nii.gz,pairwise_world_stability,TP,407335,0.14090185095203417,case_patch_macro
final_decoder_stage_input,HCC_10142924_20170911.nii.gz,blur_joint_product,FN,28745,0.0003973777554862658,case_patch_macro
final_decoder_stage_input,HCC_10142924_20170911.nii.gz,blur_joint_product,FP,42388,0.019785821563552918,case_patch_macro
final_decoder_stage_input,HCC_10142924_20170911.nii.gz,blur_joint_product,TN,27833084,0.2997195006820833,case_patch_macro
final_decoder_stage_input,HCC_10142924_20170911.nii.gz,blur_joint_product,TP,407335,0.11116661290982635,case_patch_macro
final_decoder_stage_input,HCC_10142924_20170911.nii.gz,blur_world_stability,FN,28745,0.008283280690682782,case_patch_macro
final_decoder_stage_input,HCC_10142924_20170911.nii.gz,blur_world_stability,FP,42388,0.05945033896370991,case_patch_macro
final_decoder_stage_input,HCC_10142924_20170911.nii.gz,blur_world_stability,TN,27833084,0.5051943501260191,case_patch_macro
final_decoder_stage_input,HCC_10142924_20170911.nii.gz,blur_world_stability,TP,407335,0.15758226324312852,case_patch_macro
final_decoder_stage_input,HCC_10142924_20170911.nii.gz,confidence_rank,FN,28745,0.02017998958508157,case_patch_macro
final_decoder_stage_input,HCC_10142924_20170911.nii.gz,confidence_rank,FP,42388,0.06392148920833748,case_patch_macro
final_decoder_stage_input,HCC_10142924_20170911.nii.gz,confidence_rank,TN,27833084,0.5020503509396694,case_patch_macro
final_decoder_stage_input,HCC_10142924_20170911.nii.gz,confidence_rank,TP,407335,0.31369680387737064,case_patch_macro
final_decoder_stage_input,HCC_10142924_20170911.nii.gz,gamma_joint_product,FN,28745,0.00644577913645857,case_patch_macro
final_decoder_stage_input,HCC_10142924_20170911.nii.gz,gamma_joint_product,FP,42388,0.029165183659928488,case_patch_macro
final_decoder_stage_input,HCC_10142924_20170911.nii.gz,gamma_joint_product,TN,27833084,0.29840427004402864,case_patch_macro
final_decoder_stage_input,HCC_10142924_20170911.nii.gz,gamma_joint_product,TP,407335,0.24712118285058748,case_patch_macro
final_decoder_stage_input,HCC_10142924_20170911.nii.gz,gamma_world_stability,FN,28745,0.022360185760980433,case_patch_macro
final_decoder_stage_input,HCC_10142924_20170911.nii.gz,gamma_world_stability,FP,42388,0.10471596350810287,case_patch_macro
final_decoder_stage_input,HCC_10142924_20170911.nii.gz,gamma_world_stability,TN,27833084,0.5007256949300691,case_patch_macro
final_decoder_stage_input,HCC_10142924_20170911.nii.gz,gamma_world_stability,TP,407335,0.3825235351026416,case_patch_macro
final_decoder_stage_input,HCC_10142924_20170911.nii.gz,pairwise_joint_product,FN,28745,0.0003104666082871875,case_patch_macro
final_decoder_stage_input,HCC_10142924_20170911.nii.gz,pairwise_joint_product,FP,42388,0.01864154623571767,case_patch_macro
final_decoder_stage_input,HCC_10142924_20170911.nii.gz,pairwise_joint_product,TN,27833084,0.30277392595951796,case_patch_macro
final_decoder_stage_input,HCC_10142924_20170911.nii.gz,pairwise_joint_product,TP,407335,0.10750324180381027,case_patch_macro
final_decoder_stage_input,HCC_10142924_20170911.nii.gz,pairwise_world_stability,FN,28745,0.006918662223639003,case_patch_macro
final_decoder_stage_input,HCC_10142924_20170911.nii.gz,pairwise_world_stability,FP,42388,0.0465034515269689,case_patch_macro
final_decoder_stage_input,HCC_10142924_20170911.nii.gz,pairwise_world_stability,TN,27833084,0.5055432277342837,case_patch_macro
final_decoder_stage_input,HCC_10142924_20170911.nii.gz,pairwise_world_stability,TP,407335,0.14090185095203417,case_patch_macro
full_voxtell_reference,HCC_10142924_20170911.nii.gz,blur_joint_product,FN,28745,0.00021722102291985842,case_patch_macro
full_voxtell_reference,HCC_10142924_20170911.nii.gz,blur_joint_product,FP,42388,0.012475678386303382,case_patch_macro
full_voxtell_reference,HCC_10142924_20170911.nii.gz,blur_joint_product,TN,27833084,0.2953924550291718,case_patch_macro
full_voxtell_reference,HCC_10142924_20170911.nii.gz,blur_joint_product,TP,407335,0.08710153182014044,case_patch_macro
full_voxtell_reference,HCC_10142924_20170911.nii.gz,blur_world_stability,FN,28745,0.007489246468578492,case_patch_macro
full_voxtell_reference,HCC_10142924_20170911.nii.gz,blur_world_stability,FP,42388,0.046360961793378376,case_patch_macro
full_voxtell_reference,HCC_10142924_20170911.nii.gz,blur_world_stability,TN,27833084,0.5058486569742349,case_patch_macro
full_voxtell_reference,HCC_10142924_20170911.nii.gz,blur_world_stability,TP,407335,0.1244839658547584,case_patch_macro
full_voxtell_reference,HCC_10142924_20170911.nii.gz,confidence_rank,FN,28745,0.02017998958508157,case_patch_macro
full_voxtell_reference,HCC_10142924_20170911.nii.gz,confidence_rank,FP,42388,0.06392148920833748,case_patch_macro
full_voxtell_reference,HCC_10142924_20170911.nii.gz,confidence_rank,TN,27833084,0.5020503509396694,case_patch_macro
full_voxtell_reference,HCC_10142924_20170911.nii.gz,confidence_rank,TP,407335,0.31369680387737064,case_patch_macro
full_voxtell_reference,HCC_10142924_20170911.nii.gz,gamma_joint_product,FN,28745,0.0039194347694515765,case_patch_macro
full_voxtell_reference,HCC_10142924_20170911.nii.gz,gamma_joint_product,FP,42388,0.029254770159430295,case_patch_macro
full_voxtell_reference,HCC_10142924_20170911.nii.gz,gamma_joint_product,TN,27833084,0.2995774639068382,case_patch_macro
full_voxtell_reference,HCC_10142924_20170911.nii.gz,gamma_joint_product,TP,407335,0.2568119268506278,case_patch_macro
full_voxtell_reference,HCC_10142924_20170911.nii.gz,gamma_world_stability,FN,28745,0.013497747670617451,case_patch_macro
full_voxtell_reference,HCC_10142924_20170911.nii.gz,gamma_world_stability,FP,42388,0.1125081798111864,case_patch_macro
full_voxtell_reference,HCC_10142924_20170911.nii.gz,gamma_world_stability,TN,27833084,0.500432117325996,case_patch_macro
full_voxtell_reference,HCC_10142924_20170911.nii.gz,gamma_world_stability,TP,407335,0.40063345310794357,case_patch_macro
full_voxtell_reference,HCC_10142924_20170911.nii.gz,pairwise_joint_product,FN,28745,0.00021617235932352736,case_patch_macro
full_voxtell_reference,HCC_10142924_20170911.nii.gz,pairwise_joint_product,FP,42388,0.011957164227601442,case_patch_macro
full_voxtell_reference,HCC_10142924_20170911.nii.gz,pairwise_joint_product,TN,27833084,0.298741208779666,case_patch_macro
full_voxtell_reference,HCC_10142924_20170911.nii.gz,pairwise_joint_product,TP,407335,0.0848994246813233,case_patch_macro
full_voxtell_reference,HCC_10142924_20170911.nii.gz,pairwise_world_stability,FN,28745,0.006880920194014942,case_patch_macro
full_voxtell_reference,HCC_10142924_20170911.nii.gz,pairwise_world_stability,FP,42388,0.034275410525832224,case_patch_macro
full_voxtell_reference,HCC_10142924_20170911.nii.gz,pairwise_world_stability,TN,27833084,0.5061273817418285,case_patch_macro
full_voxtell_reference,HCC_10142924_20170911.nii.gz,pairwise_world_stability,TP,407335,0.1116581038007606,case_patch_macro
penultimate_decoder_stage_output,HCC_10142924_20170911.nii.gz,blur_joint_product,FN,28745,0.0005505452037374776,case_patch_macro
penultimate_decoder_stage_output,HCC_10142924_20170911.nii.gz,blur_joint_product,FP,42388,0.020552155083771225,case_patch_macro
penultimate_decoder_stage_output,HCC_10142924_20170911.nii.gz,blur_joint_product,TN,27833084,0.29978642555822466,case_patch_macro
penultimate_decoder_stage_output,HCC_10142924_20170911.nii.gz,blur_joint_product,TP,407335,0.12292759641560352,case_patch_macro
penultimate_decoder_stage_output,HCC_10142924_20170911.nii.gz,blur_world_stability,FN,28745,0.00869854277247882,case_patch_macro
penultimate_decoder_stage_output,HCC_10142924_20170911.nii.gz,blur_world_stability,FP,42388,0.06134702928792836,case_patch_macro
penultimate_decoder_stage_output,HCC_10142924_20170911.nii.gz,blur_world_stability,TN,27833084,0.5049379582602912,case_patch_macro
penultimate_decoder_stage_output,HCC_10142924_20170911.nii.gz,blur_world_stability,TP,407335,0.17076681633572707,case_patch_macro
penultimate_decoder_stage_output,HCC_10142924_20170911.nii.gz,confidence_rank,FN,28745,0.02017998958508157,case_patch_macro
penultimate_decoder_stage_output,HCC_10142924_20170911.nii.gz,confidence_rank,FP,42388,0.06392148920833748,case_patch_macro
penultimate_decoder_stage_output,HCC_10142924_20170911.nii.gz,confidence_rank,TN,27833084,0.5020503509396694,case_patch_macro
penultimate_decoder_stage_output,HCC_10142924_20170911.nii.gz,confidence_rank,TP,407335,0.31369680387737064,case_patch_macro
penultimate_decoder_stage_output,HCC_10142924_20170911.nii.gz,gamma_joint_product,FN,28745,0.006862085689605305,case_patch_macro
penultimate_decoder_stage_output,HCC_10142924_20170911.nii.gz,gamma_joint_product,FP,42388,0.02954196384214059,case_patch_macro
penultimate_decoder_stage_output,HCC_10142924_20170911.nii.gz,gamma_joint_product,TN,27833084,0.2986265402869415,case_patch_macro
penultimate_decoder_stage_output,HCC_10142924_20170911.nii.gz,gamma_joint_product,TP,407335,0.2432781479536787,case_patch_macro
penultimate_decoder_stage_output,HCC_10142924_20170911.nii.gz,gamma_world_stability,FN,28745,0.024169124928471387,case_patch_macro
penultimate_decoder_stage_output,HCC_10142924_20170911.nii.gz,gamma_world_stability,FP,42388,0.11170760506098809,case_patch_macro
penultimate_decoder_stage_output,HCC_10142924_20170911.nii.gz,gamma_world_stability,TN,27833084,0.5008638980290065,case_patch_macro
penultimate_decoder_stage_output,HCC_10142924_20170911.nii.gz,gamma_world_stability,TP,407335,0.37304936445908454,case_patch_macro
penultimate_decoder_stage_output,HCC_10142924_20170911.nii.gz,pairwise_joint_product,FN,28745,0.0004559877435424721,case_patch_macro
penultimate_decoder_stage_output,HCC_10142924_20170911.nii.gz,pairwise_joint_product,FP,42388,0.019309274982102637,case_patch_macro
penultimate_decoder_stage_output,HCC_10142924_20170911.nii.gz,pairwise_joint_product,TN,27833084,0.3028878041013369,case_patch_macro
penultimate_decoder_stage_output,HCC_10142924_20170911.nii.gz,pairwise_joint_product,TP,407335,0.11833323255994624,case_patch_macro
penultimate_decoder_stage_output,HCC_10142924_20170911.nii.gz,pairwise_world_stability,FN,28745,0.007238077106926198,case_patch_macro
penultimate_decoder_stage_output,HCC_10142924_20170911.nii.gz,pairwise_world_stability,FP,42388,0.049133429089666524,case_patch_macro
penultimate_decoder_stage_output,HCC_10142924_20170911.nii.gz,pairwise_world_stability,TN,27833084,0.5053024956732333,case_patch_macro
penultimate_decoder_stage_output,HCC_10142924_20170911.nii.gz,pairwise_world_stability,TP,407335,0.15311700679155493,case_patch_macro
decoder_stage_1_low_to_high,MET_PA25.nii.gz,blur_joint_product,FN,12897,0.0002325639409114348,case_patch_macro
decoder_stage_1_low_to_high,MET_PA25.nii.gz,blur_joint_product,FP,70965,0.003956385935704569,case_patch_macro
decoder_stage_1_low_to_high,MET_PA25.nii.gz,blur_joint_product,TN,27877943,0.2953886341138739,case_patch_macro
decoder_stage_1_low_to_high,MET_PA25.nii.gz,blur_joint_product,TP,349747,0.09310453741015655,case_patch_macro
decoder_stage_1_low_to_high,MET_PA25.nii.gz,blur_world_stability,FN,12897,0.007857292674772481,case_patch_macro
decoder_stage_1_low_to_high,MET_PA25.nii.gz,blur_world_stability,FP,70965,0.03708653810007754,case_patch_macro
decoder_stage_1_low_to_high,MET_PA25.nii.gz,blur_world_stability,TN,27877943,0.5043062757771961,case_patch_macro
decoder_stage_1_low_to_high,MET_PA25.nii.gz,blur_world_stability,TP,349747,0.20761534641832882,case_patch_macro
decoder_stage_1_low_to_high,MET_PA25.nii.gz,confidence_rank,FN,12897,0.00666185231013081,case_patch_macro
decoder_stage_1_low_to_high,MET_PA25.nii.gz,confidence_rank,FP,70965,0.017320693841056046,case_patch_macro
decoder_stage_1_low_to_high,MET_PA25.nii.gz,confidence_rank,TN,27877943,0.5048834315227563,case_patch_macro
decoder_stage_1_low_to_high,MET_PA25.nii.gz,confidence_rank,TP,349747,0.22231119179062467,case_patch_macro
decoder_stage_1_low_to_high,MET_PA25.nii.gz,gamma_joint_product,FN,12897,0.0005824382616912438,case_patch_macro
decoder_stage_1_low_to_high,MET_PA25.nii.gz,gamma_joint_product,FP,70965,0.009328415229471514,case_patch_macro
decoder_stage_1_low_to_high,MET_PA25.nii.gz,gamma_joint_product,TN,27877943,0.29066492973024066,case_patch_macro
decoder_stage_1_low_to_high,MET_PA25.nii.gz,gamma_joint_product,TP,349747,0.1728995835615713,case_patch_macro
decoder_stage_1_low_to_high,MET_PA25.nii.gz,gamma_world_stability,FN,12897,0.009104568577685638,case_patch_macro
decoder_stage_1_low_to_high,MET_PA25.nii.gz,gamma_world_stability,FP,70965,0.12147190483079796,case_patch_macro
decoder_stage_1_low_to_high,MET_PA25.nii.gz,gamma_world_stability,TN,27877943,0.5001952696965278,case_patch_macro
decoder_stage_1_low_to_high,MET_PA25.nii.gz,gamma_world_stability,TP,349747,0.5109823048231098,case_patch_macro
decoder_stage_1_low_to_high,MET_PA25.nii.gz,pairwise_joint_product,FN,12897,0.00023412269493261917,case_patch_macro
decoder_stage_1_low_to_high,MET_PA25.nii.gz,pairwise_joint_product,FP,70965,0.0037815585667389886,case_patch_macro
decoder_stage_1_low_to_high,MET_PA25.nii.gz,pairwise_joint_product,TN,27877943,0.29783833482216254,case_patch_macro
decoder_stage_1_low_to_high,MET_PA25.nii.gz,pairwise_joint_product,TP,349747,0.09073482949043908,case_patch_macro
decoder_stage_1_low_to_high,MET_PA25.nii.gz,pairwise_world_stability,FN,12897,0.006963177870494779,case_patch_macro
decoder_stage_1_low_to_high,MET_PA25.nii.gz,pairwise_world_stability,FP,70965,0.028087542487131693,case_patch_macro
decoder_stage_1_low_to_high,MET_PA25.nii.gz,pairwise_world_stability,TN,27877943,0.5046487514954966,case_patch_macro
decoder_stage_1_low_to_high,MET_PA25.nii.gz,pairwise_world_stability,TP,349747,0.18814888911761832,case_patch_macro
final_decoder_feature,MET_PA25.nii.gz,blur_joint_product,FN,12897,0.0002655257739175351,case_patch_macro
final_decoder_feature,MET_PA25.nii.gz,blur_joint_product,FP,70965,0.0013958054446786402,case_patch_macro
final_decoder_feature,MET_PA25.nii.gz,blur_joint_product,TN,27877943,0.29619904511719997,case_patch_macro
final_decoder_feature,MET_PA25.nii.gz,blur_joint_product,TP,349747,0.043958236990690326,case_patch_macro
final_decoder_feature,MET_PA25.nii.gz,blur_world_stability,FN,12897,0.01042501677396758,case_patch_macro
final_decoder_feature,MET_PA25.nii.gz,blur_world_stability,FP,70965,0.020466748807774538,case_patch_macro
final_decoder_feature,MET_PA25.nii.gz,blur_world_stability,TN,27877943,0.5060063257256217,case_patch_macro
final_decoder_feature,MET_PA25.nii.gz,blur_world_stability,TP,349747,0.10216028368820275,case_patch_macro
final_decoder_feature,MET_PA25.nii.gz,confidence_rank,FN,12897,0.00666185231013081,case_patch_macro
final_decoder_feature,MET_PA25.nii.gz,confidence_rank,FP,70965,0.017320693841056046,case_patch_macro
final_decoder_feature,MET_PA25.nii.gz,confidence_rank,TN,27877943,0.5048834315227563,case_patch_macro
final_decoder_feature,MET_PA25.nii.gz,confidence_rank,TP,349747,0.22231119179062467,case_patch_macro
final_decoder_feature,MET_PA25.nii.gz,gamma_joint_product,FN,12897,0.0005869390357910459,case_patch_macro
final_decoder_feature,MET_PA25.nii.gz,gamma_joint_product,FP,70965,0.008078356738674531,case_patch_macro
final_decoder_feature,MET_PA25.nii.gz,gamma_joint_product,TN,27877943,0.2916836315290058,case_patch_macro
final_decoder_feature,MET_PA25.nii.gz,gamma_joint_product,TP,349747,0.17482242963996075,case_patch_macro
final_decoder_feature,MET_PA25.nii.gz,gamma_world_stability,FN,12897,0.008772610139959162,case_patch_macro
final_decoder_feature,MET_PA25.nii.gz,gamma_world_stability,FP,70965,0.08435868451016616,case_patch_macro
final_decoder_feature,MET_PA25.nii.gz,gamma_world_stability,TN,27877943,0.5012113637439572,case_patch_macro
final_decoder_feature,MET_PA25.nii.gz,gamma_world_stability,TP,349747,0.44945045418149526,case_patch_macro
final_decoder_feature,MET_PA25.nii.gz,pairwise_joint_product,FN,12897,0.0002537905049090648,case_patch_macro
final_decoder_feature,MET_PA25.nii.gz,pairwise_joint_product,FP,70965,0.0012894080934701426,case_patch_macro
final_decoder_feature,MET_PA25.nii.gz,pairwise_joint_product,TN,27877943,0.2986320809405243,case_patch_macro
final_decoder_feature,MET_PA25.nii.gz,pairwise_joint_product,TP,349747,0.04333211791662934,case_patch_macro
final_decoder_feature,MET_PA25.nii.gz,pairwise_world_stability,FN,12897,0.009264179975151303,case_patch_macro
final_decoder_feature,MET_PA25.nii.gz,pairwise_world_stability,FP,70965,0.013691395336569078,case_patch_macro
final_decoder_feature,MET_PA25.nii.gz,pairwise_world_stability,TN,27877943,0.5062605569644416,case_patch_macro
final_decoder_feature,MET_PA25.nii.gz,pairwise_world_stability,TP,349747,0.0877846774966836,case_patch_macro
final_decoder_stage_input,MET_PA25.nii.gz,blur_joint_product,FN,12897,0.0002655257739175351,case_patch_macro
final_decoder_stage_input,MET_PA25.nii.gz,blur_joint_product,FP,70965,0.0013958054446786402,case_patch_macro
final_decoder_stage_input,MET_PA25.nii.gz,blur_joint_product,TN,27877943,0.29619904511719997,case_patch_macro
final_decoder_stage_input,MET_PA25.nii.gz,blur_joint_product,TP,349747,0.043958236990690326,case_patch_macro
final_decoder_stage_input,MET_PA25.nii.gz,blur_world_stability,FN,12897,0.01042501677396758,case_patch_macro
final_decoder_stage_input,MET_PA25.nii.gz,blur_world_stability,FP,70965,0.020466748807774538,case_patch_macro
final_decoder_stage_input,MET_PA25.nii.gz,blur_world_stability,TN,27877943,0.5060063257256217,case_patch_macro
final_decoder_stage_input,MET_PA25.nii.gz,blur_world_stability,TP,349747,0.10216028368820275,case_patch_macro
final_decoder_stage_input,MET_PA25.nii.gz,confidence_rank,FN,12897,0.00666185231013081,case_patch_macro
final_decoder_stage_input,MET_PA25.nii.gz,confidence_rank,FP,70965,0.017320693841056046,case_patch_macro
final_decoder_stage_input,MET_PA25.nii.gz,confidence_rank,TN,27877943,0.5048834315227563,case_patch_macro
final_decoder_stage_input,MET_PA25.nii.gz,confidence_rank,TP,349747,0.22231119179062467,case_patch_macro
final_decoder_stage_input,MET_PA25.nii.gz,gamma_joint_product,FN,12897,0.0005869390357910459,case_patch_macro
final_decoder_stage_input,MET_PA25.nii.gz,gamma_joint_product,FP,70965,0.008078356738674531,case_patch_macro
final_decoder_stage_input,MET_PA25.nii.gz,gamma_joint_product,TN,27877943,0.2916836315290058,case_patch_macro
final_decoder_stage_input,MET_PA25.nii.gz,gamma_joint_product,TP,349747,0.17482242963996075,case_patch_macro
final_decoder_stage_input,MET_PA25.nii.gz,gamma_world_stability,FN,12897,0.008772610139959162,case_patch_macro
final_decoder_stage_input,MET_PA25.nii.gz,gamma_world_stability,FP,70965,0.08435868451016616,case_patch_macro
final_decoder_stage_input,MET_PA25.nii.gz,gamma_world_stability,TN,27877943,0.5012113637439572,case_patch_macro
final_decoder_stage_input,MET_PA25.nii.gz,gamma_world_stability,TP,349747,0.44945045418149526,case_patch_macro
final_decoder_stage_input,MET_PA25.nii.gz,pairwise_joint_product,FN,12897,0.0002537905049090648,case_patch_macro
final_decoder_stage_input,MET_PA25.nii.gz,pairwise_joint_product,FP,70965,0.0012894080934701426,case_patch_macro
final_decoder_stage_input,MET_PA25.nii.gz,pairwise_joint_product,TN,27877943,0.2986320809405243,case_patch_macro
final_decoder_stage_input,MET_PA25.nii.gz,pairwise_joint_product,TP,349747,0.04333211791662934,case_patch_macro
final_decoder_stage_input,MET_PA25.nii.gz,pairwise_world_stability,FN,12897,0.009264179975151303,case_patch_macro
final_decoder_stage_input,MET_PA25.nii.gz,pairwise_world_stability,FP,70965,0.013691395336569078,case_patch_macro
final_decoder_stage_input,MET_PA25.nii.gz,pairwise_world_stability,TN,27877943,0.5062605569644416,case_patch_macro
final_decoder_stage_input,MET_PA25.nii.gz,pairwise_world_stability,TP,349747,0.0877846774966836,case_patch_macro
full_voxtell_reference,MET_PA25.nii.gz,blur_joint_product,FN,12897,0.00026714925654515556,case_patch_macro
full_voxtell_reference,MET_PA25.nii.gz,blur_joint_product,FP,70965,0.0011252432213941998,case_patch_macro
full_voxtell_reference,MET_PA25.nii.gz,blur_joint_product,TN,27877943,0.2952882377485296,case_patch_macro
full_voxtell_reference,MET_PA25.nii.gz,blur_joint_product,TP,349747,0.044852278328864736,case_patch_macro
full_voxtell_reference,MET_PA25.nii.gz,blur_world_stability,FN,12897,0.010334620836459236,case_patch_macro
full_voxtell_reference,MET_PA25.nii.gz,blur_world_stability,FP,70965,0.01788442878066564,case_patch_macro
full_voxtell_reference,MET_PA25.nii.gz,blur_world_stability,TN,27877943,0.5060395825705624,case_patch_macro
full_voxtell_reference,MET_PA25.nii.gz,blur_world_stability,TP,349747,0.09791351299181168,case_patch_macro
full_voxtell_reference,MET_PA25.nii.gz,confidence_rank,FN,12897,0.00666185231013081,case_patch_macro
full_voxtell_reference,MET_PA25.nii.gz,confidence_rank,FP,70965,0.017320693841056046,case_patch_macro
full_voxtell_reference,MET_PA25.nii.gz,confidence_rank,TN,27877943,0.5048834315227563,case_patch_macro
full_voxtell_reference,MET_PA25.nii.gz,confidence_rank,TP,349747,0.22231119179062467,case_patch_macro
full_voxtell_reference,MET_PA25.nii.gz,gamma_joint_product,FN,12897,0.0005671249142589729,case_patch_macro
full_voxtell_reference,MET_PA25.nii.gz,gamma_joint_product,FP,70965,0.008439842552493155,case_patch_macro
full_voxtell_reference,MET_PA25.nii.gz,gamma_joint_product,TN,27877943,0.2954947951045241,case_patch_macro
full_voxtell_reference,MET_PA25.nii.gz,gamma_joint_product,TP,349747,0.17812505970358947,case_patch_macro
full_voxtell_reference,MET_PA25.nii.gz,gamma_world_stability,FN,12897,0.008059053220378377,case_patch_macro
full_voxtell_reference,MET_PA25.nii.gz,gamma_world_stability,FP,70965,0.08381682221984062,case_patch_macro
full_voxtell_reference,MET_PA25.nii.gz,gamma_world_stability,TN,27877943,0.5013768436566041,case_patch_macro
full_voxtell_reference,MET_PA25.nii.gz,gamma_world_stability,TP,349747,0.439304199711325,case_patch_macro
full_voxtell_reference,MET_PA25.nii.gz,pairwise_joint_product,FN,12897,0.00026282201757963443,case_patch_macro
full_voxtell_reference,MET_PA25.nii.gz,pairwise_joint_product,FP,70965,0.0010366079802917917,case_patch_macro
full_voxtell_reference,MET_PA25.nii.gz,pairwise_joint_product,TN,27877943,0.29870564792910237,case_patch_macro
full_voxtell_reference,MET_PA25.nii.gz,pairwise_joint_product,TP,349747,0.04461036850373978,case_patch_macro
full_voxtell_reference,MET_PA25.nii.gz,pairwise_world_stability,FN,12897,0.009350015528782934,case_patch_macro
full_voxtell_reference,MET_PA25.nii.gz,pairwise_world_stability,FP,70965,0.012195228426897305,case_patch_macro
full_voxtell_reference,MET_PA25.nii.gz,pairwise_world_stability,TN,27877943,0.5063066813159958,case_patch_macro
full_voxtell_reference,MET_PA25.nii.gz,pairwise_world_stability,TP,349747,0.08366534093577337,case_patch_macro
penultimate_decoder_stage_output,MET_PA25.nii.gz,blur_joint_product,FN,12897,0.00027114347262656625,case_patch_macro
penultimate_decoder_stage_output,MET_PA25.nii.gz,blur_joint_product,FP,70965,0.0028551443421214605,case_patch_macro
penultimate_decoder_stage_output,MET_PA25.nii.gz,blur_joint_product,TN,27877943,0.29614894484367293,case_patch_macro
penultimate_decoder_stage_output,MET_PA25.nii.gz,blur_joint_product,TP,349747,0.057992687369367024,case_patch_macro
penultimate_decoder_stage_output,MET_PA25.nii.gz,blur_world_stability,FN,12897,0.009759862924482126,case_patch_macro
penultimate_decoder_stage_output,MET_PA25.nii.gz,blur_world_stability,FP,70965,0.024824399993320586,case_patch_macro
penultimate_decoder_stage_output,MET_PA25.nii.gz,blur_world_stability,TN,27877943,0.5056432142567799,case_patch_macro
penultimate_decoder_stage_output,MET_PA25.nii.gz,blur_world_stability,TP,349747,0.12271885419966587,case_patch_macro
penultimate_decoder_stage_output,MET_PA25.nii.gz,confidence_rank,FN,12897,0.00666185231013081,case_patch_macro
penultimate_decoder_stage_output,MET_PA25.nii.gz,confidence_rank,FP,70965,0.017320693841056046,case_patch_macro
penultimate_decoder_stage_output,MET_PA25.nii.gz,confidence_rank,TN,27877943,0.5048834315227563,case_patch_macro
penultimate_decoder_stage_output,MET_PA25.nii.gz,confidence_rank,TP,349747,0.22231119179062467,case_patch_macro
penultimate_decoder_stage_output,MET_PA25.nii.gz,gamma_joint_product,FN,12897,0.0005375942103192405,case_patch_macro
penultimate_decoder_stage_output,MET_PA25.nii.gz,gamma_joint_product,FP,70965,0.008260980566210248,case_patch_macro
penultimate_decoder_stage_output,MET_PA25.nii.gz,gamma_joint_product,TN,27877943,0.2918457725017613,case_patch_macro
penultimate_decoder_stage_output,MET_PA25.nii.gz,gamma_joint_product,TP,349747,0.17380322525632527,case_patch_macro
penultimate_decoder_stage_output,MET_PA25.nii.gz,gamma_world_stability,FN,12897,0.008351680889269582,case_patch_macro
penultimate_decoder_stage_output,MET_PA25.nii.gz,gamma_world_stability,FP,70965,0.08614289313485606,case_patch_macro
penultimate_decoder_stage_output,MET_PA25.nii.gz,gamma_world_stability,TN,27877943,0.501108288487911,case_patch_macro
penultimate_decoder_stage_output,MET_PA25.nii.gz,gamma_world_stability,TP,349747,0.4575050044539594,case_patch_macro
penultimate_decoder_stage_output,MET_PA25.nii.gz,pairwise_joint_product,FN,12897,0.00026763561769587016,case_patch_macro
penultimate_decoder_stage_output,MET_PA25.nii.gz,pairwise_joint_product,FP,70965,0.002657429403861369,case_patch_macro
penultimate_decoder_stage_output,MET_PA25.nii.gz,pairwise_joint_product,TN,27877943,0.29867940939935067,case_patch_macro
penultimate_decoder_stage_output,MET_PA25.nii.gz,pairwise_joint_product,TP,349747,0.057131016297572966,case_patch_macro
penultimate_decoder_stage_output,MET_PA25.nii.gz,pairwise_world_stability,FN,12897,0.009069015957539454,case_patch_macro
penultimate_decoder_stage_output,MET_PA25.nii.gz,pairwise_world_stability,FP,70965,0.01779662733503208,case_patch_macro
penultimate_decoder_stage_output,MET_PA25.nii.gz,pairwise_world_stability,TN,27877943,0.5059096629760262,case_patch_macro
penultimate_decoder_stage_output,MET_PA25.nii.gz,pairwise_world_stability,TP,349747,0.10779760294028103,case_patch_macro
decoder_stage_1_low_to_high,HCC_10147777_20171222.nii.gz,blur_joint_product,FN,32203,6.767416806205466e-05,case_patch_macro
decoder_stage_1_low_to_high,HCC_10147777_20171222.nii.gz,blur_joint_product,FP,91813,0.020545269840025845,case_patch_macro
decoder_stage_1_low_to_high,HCC_10147777_20171222.nii.gz,blur_joint_product,TN,27679292,0.3152660225472602,case_patch_macro
decoder_stage_1_low_to_high,HCC_10147777_20171222.nii.gz,blur_joint_product,TP,508244,0.026939350758879696,case_patch_macro
decoder_stage_1_low_to_high,HCC_10147777_20171222.nii.gz,blur_world_stability,FN,32203,0.007674182775489428,case_patch_macro
decoder_stage_1_low_to_high,HCC_10147777_20171222.nii.gz,blur_world_stability,FP,91813,0.056087253317913276,case_patch_macro
decoder_stage_1_low_to_high,HCC_10147777_20171222.nii.gz,blur_world_stability,TN,27679292,0.5081721381131659,case_patch_macro
decoder_stage_1_low_to_high,HCC_10147777_20171222.nii.gz,blur_world_stability,TP,508244,0.12276454119806195,case_patch_macro
decoder_stage_1_low_to_high,HCC_10147777_20171222.nii.gz,confidence_rank,FN,32203,0.00444522697759203,case_patch_macro
decoder_stage_1_low_to_high,HCC_10147777_20171222.nii.gz,confidence_rank,FP,91813,0.06033913796767036,case_patch_macro
decoder_stage_1_low_to_high,HCC_10147777_20171222.nii.gz,confidence_rank,TN,27679292,0.5082921108799987,case_patch_macro
decoder_stage_1_low_to_high,HCC_10147777_20171222.nii.gz,confidence_rank,TP,508244,0.10101184537048147,case_patch_macro
decoder_stage_1_low_to_high,HCC_10147777_20171222.nii.gz,gamma_joint_product,FN,32203,6.330972537133441e-05,case_patch_macro
decoder_stage_1_low_to_high,HCC_10147777_20171222.nii.gz,gamma_joint_product,FP,91813,0.029856941465159707,case_patch_macro
decoder_stage_1_low_to_high,HCC_10147777_20171222.nii.gz,gamma_joint_product,TN,27679292,0.31075190190496543,case_patch_macro
decoder_stage_1_low_to_high,HCC_10147777_20171222.nii.gz,gamma_joint_product,TP,508244,0.07479664891797863,case_patch_macro
decoder_stage_1_low_to_high,HCC_10147777_20171222.nii.gz,gamma_world_stability,FN,32203,0.006889466482339626,case_patch_macro
decoder_stage_1_low_to_high,HCC_10147777_20171222.nii.gz,gamma_world_stability,FP,91813,0.10808503095140147,case_patch_macro
decoder_stage_1_low_to_high,HCC_10147777_20171222.nii.gz,gamma_world_stability,TN,27679292,0.5028195397886847,case_patch_macro
decoder_stage_1_low_to_high,HCC_10147777_20171222.nii.gz,gamma_world_stability,TP,508244,0.3195005137363306,case_patch_macro
decoder_stage_1_low_to_high,HCC_10147777_20171222.nii.gz,pairwise_joint_product,FN,32203,6.051211166122595e-05,case_patch_macro
decoder_stage_1_low_to_high,HCC_10147777_20171222.nii.gz,pairwise_joint_product,FP,91813,0.01932131496590349,case_patch_macro
decoder_stage_1_low_to_high,HCC_10147777_20171222.nii.gz,pairwise_joint_product,TN,27679292,0.31936890996346196,case_patch_macro
decoder_stage_1_low_to_high,HCC_10147777_20171222.nii.gz,pairwise_joint_product,TP,508244,0.02574427533399599,case_patch_macro
decoder_stage_1_low_to_high,HCC_10147777_20171222.nii.gz,pairwise_world_stability,FN,32203,0.006645182960843647,case_patch_macro
decoder_stage_1_low_to_high,HCC_10147777_20171222.nii.gz,pairwise_world_stability,FP,91813,0.04731939605088863,case_patch_macro
decoder_stage_1_low_to_high,HCC_10147777_20171222.nii.gz,pairwise_world_stability,TN,27679292,0.5087470063243799,case_patch_macro
decoder_stage_1_low_to_high,HCC_10147777_20171222.nii.gz,pairwise_world_stability,TP,508244,0.09827838397313257,case_patch_macro
final_decoder_feature,HCC_10147777_20171222.nii.gz,blur_joint_product,FN,32203,9.086044321360574e-05,case_patch_macro
final_decoder_feature,HCC_10147777_20171222.nii.gz,blur_joint_product,FP,91813,0.010371542765722414,case_patch_macro
final_decoder_feature,HCC_10147777_20171222.nii.gz,blur_joint_product,TN,27679292,0.31617252617742786,case_patch_macro
final_decoder_feature,HCC_10147777_20171222.nii.gz,blur_joint_product,TP,508244,0.006608455796481288,case_patch_macro
final_decoder_feature,HCC_10147777_20171222.nii.gz,blur_world_stability,FN,32203,0.012131616089707944,case_patch_macro
final_decoder_feature,HCC_10147777_20171222.nii.gz,blur_world_stability,FP,91813,0.03866401022806136,case_patch_macro
final_decoder_feature,HCC_10147777_20171222.nii.gz,blur_world_stability,TN,27679292,0.510142328653967,case_patch_macro
final_decoder_feature,HCC_10147777_20171222.nii.gz,blur_world_stability,TP,508244,0.049878277925375455,case_patch_macro
final_decoder_feature,HCC_10147777_20171222.nii.gz,confidence_rank,FN,32203,0.00444522697759203,case_patch_macro
final_decoder_feature,HCC_10147777_20171222.nii.gz,confidence_rank,FP,91813,0.06033913796767036,case_patch_macro
final_decoder_feature,HCC_10147777_20171222.nii.gz,confidence_rank,TN,27679292,0.5082921108799987,case_patch_macro
final_decoder_feature,HCC_10147777_20171222.nii.gz,confidence_rank,TP,508244,0.10101184537048147,case_patch_macro
final_decoder_feature,HCC_10147777_20171222.nii.gz,gamma_joint_product,FN,32203,5.36099626327916e-05,case_patch_macro
final_decoder_feature,HCC_10147777_20171222.nii.gz,gamma_joint_product,FP,91813,0.024278702659843266,case_patch_macro
final_decoder_feature,HCC_10147777_20171222.nii.gz,gamma_joint_product,TN,27679292,0.31222266015654376,case_patch_macro
final_decoder_feature,HCC_10147777_20171222.nii.gz,gamma_joint_product,TP,508244,0.06918678819777802,case_patch_macro
final_decoder_feature,HCC_10147777_20171222.nii.gz,gamma_world_stability,FN,32203,0.005856289024937959,case_patch_macro
final_decoder_feature,HCC_10147777_20171222.nii.gz,gamma_world_stability,FP,91813,0.07175644001032996,case_patch_macro
final_decoder_feature,HCC_10147777_20171222.nii.gz,gamma_world_stability,TN,27679292,0.5040927157390827,case_patch_macro
final_decoder_feature,HCC_10147777_20171222.nii.gz,gamma_world_stability,TP,508244,0.273117592841899,case_patch_macro
final_decoder_feature,HCC_10147777_20171222.nii.gz,pairwise_joint_product,FN,32203,8.2483133393004e-05,case_patch_macro
final_decoder_feature,HCC_10147777_20171222.nii.gz,pairwise_joint_product,FP,91813,0.009661899945308862,case_patch_macro
final_decoder_feature,HCC_10147777_20171222.nii.gz,pairwise_joint_product,TN,27679292,0.3204217705990814,case_patch_macro
final_decoder_feature,HCC_10147777_20171222.nii.gz,pairwise_joint_product,TP,508244,0.005630510995701805,case_patch_macro
final_decoder_feature,HCC_10147777_20171222.nii.gz,pairwise_world_stability,FN,32203,0.010965980344377865,case_patch_macro
final_decoder_feature,HCC_10147777_20171222.nii.gz,pairwise_world_stability,FP,91813,0.02864411251568829,case_patch_macro
final_decoder_feature,HCC_10147777_20171222.nii.gz,pairwise_world_stability,TN,27679292,0.5104753353020587,case_patch_macro
final_decoder_feature,HCC_10147777_20171222.nii.gz,pairwise_world_stability,TP,508244,0.0363677331903453,case_patch_macro
final_decoder_stage_input,HCC_10147777_20171222.nii.gz,blur_joint_product,FN,32203,9.086044321360574e-05,case_patch_macro
final_decoder_stage_input,HCC_10147777_20171222.nii.gz,blur_joint_product,FP,91813,0.010371542765722414,case_patch_macro
final_decoder_stage_input,HCC_10147777_20171222.nii.gz,blur_joint_product,TN,27679292,0.31617252617742786,case_patch_macro
final_decoder_stage_input,HCC_10147777_20171222.nii.gz,blur_joint_product,TP,508244,0.006608455796481288,case_patch_macro
final_decoder_stage_input,HCC_10147777_20171222.nii.gz,blur_world_stability,FN,32203,0.012131616089707944,case_patch_macro
final_decoder_stage_input,HCC_10147777_20171222.nii.gz,blur_world_stability,FP,91813,0.03866401022806136,case_patch_macro
final_decoder_stage_input,HCC_10147777_20171222.nii.gz,blur_world_stability,TN,27679292,0.510142328653967,case_patch_macro
final_decoder_stage_input,HCC_10147777_20171222.nii.gz,blur_world_stability,TP,508244,0.049878277925375455,case_patch_macro
final_decoder_stage_input,HCC_10147777_20171222.nii.gz,confidence_rank,FN,32203,0.00444522697759203,case_patch_macro
final_decoder_stage_input,HCC_10147777_20171222.nii.gz,confidence_rank,FP,91813,0.06033913796767036,case_patch_macro
final_decoder_stage_input,HCC_10147777_20171222.nii.gz,confidence_rank,TN,27679292,0.5082921108799987,case_patch_macro
final_decoder_stage_input,HCC_10147777_20171222.nii.gz,confidence_rank,TP,508244,0.10101184537048147,case_patch_macro
final_decoder_stage_input,HCC_10147777_20171222.nii.gz,gamma_joint_product,FN,32203,5.36099626327916e-05,case_patch_macro
final_decoder_stage_input,HCC_10147777_20171222.nii.gz,gamma_joint_product,FP,91813,0.024278702659843266,case_patch_macro
final_decoder_stage_input,HCC_10147777_20171222.nii.gz,gamma_joint_product,TN,27679292,0.31222266015654376,case_patch_macro
final_decoder_stage_input,HCC_10147777_20171222.nii.gz,gamma_joint_product,TP,508244,0.06918678819777802,case_patch_macro
final_decoder_stage_input,HCC_10147777_20171222.nii.gz,gamma_world_stability,FN,32203,0.005856289024937959,case_patch_macro
final_decoder_stage_input,HCC_10147777_20171222.nii.gz,gamma_world_stability,FP,91813,0.07175644001032996,case_patch_macro
final_decoder_stage_input,HCC_10147777_20171222.nii.gz,gamma_world_stability,TN,27679292,0.5040927157390827,case_patch_macro
final_decoder_stage_input,HCC_10147777_20171222.nii.gz,gamma_world_stability,TP,508244,0.273117592841899,case_patch_macro
final_decoder_stage_input,HCC_10147777_20171222.nii.gz,pairwise_joint_product,FN,32203,8.2483133393004e-05,case_patch_macro
final_decoder_stage_input,HCC_10147777_20171222.nii.gz,pairwise_joint_product,FP,91813,0.009661899945308862,case_patch_macro
final_decoder_stage_input,HCC_10147777_20171222.nii.gz,pairwise_joint_product,TN,27679292,0.3204217705990814,case_patch_macro
final_decoder_stage_input,HCC_10147777_20171222.nii.gz,pairwise_joint_product,TP,508244,0.005630510995701805,case_patch_macro
final_decoder_stage_input,HCC_10147777_20171222.nii.gz,pairwise_world_stability,FN,32203,0.010965980344377865,case_patch_macro
final_decoder_stage_input,HCC_10147777_20171222.nii.gz,pairwise_world_stability,FP,91813,0.02864411251568829,case_patch_macro
final_decoder_stage_input,HCC_10147777_20171222.nii.gz,pairwise_world_stability,TN,27679292,0.5104753353020587,case_patch_macro
final_decoder_stage_input,HCC_10147777_20171222.nii.gz,pairwise_world_stability,TP,508244,0.0363677331903453,case_patch_macro
full_voxtell_reference,HCC_10147777_20171222.nii.gz,blur_joint_product,FN,32203,9.346976048121947e-05,case_patch_macro
full_voxtell_reference,HCC_10147777_20171222.nii.gz,blur_joint_product,FP,91813,0.009524741995826341,case_patch_macro
full_voxtell_reference,HCC_10147777_20171222.nii.gz,blur_joint_product,TN,27679292,0.3172849159711752,case_patch_macro
full_voxtell_reference,HCC_10147777_20171222.nii.gz,blur_joint_product,TP,508244,0.0066172901733815015,case_patch_macro
full_voxtell_reference,HCC_10147777_20171222.nii.gz,blur_world_stability,FN,32203,0.012572395448805389,case_patch_macro
full_voxtell_reference,HCC_10147777_20171222.nii.gz,blur_world_stability,FP,91813,0.03650309199278104,case_patch_macro
full_voxtell_reference,HCC_10147777_20171222.nii.gz,blur_world_stability,TN,27679292,0.5102774474044833,case_patch_macro
full_voxtell_reference,HCC_10147777_20171222.nii.gz,blur_world_stability,TP,508244,0.04429923836728385,case_patch_macro
full_voxtell_reference,HCC_10147777_20171222.nii.gz,confidence_rank,FN,32203,0.00444522697759203,case_patch_macro
full_voxtell_reference,HCC_10147777_20171222.nii.gz,confidence_rank,FP,91813,0.06033913796767036,case_patch_macro
full_voxtell_reference,HCC_10147777_20171222.nii.gz,confidence_rank,TN,27679292,0.5082921108799987,case_patch_macro
full_voxtell_reference,HCC_10147777_20171222.nii.gz,confidence_rank,TP,508244,0.10101184537048147,case_patch_macro
full_voxtell_reference,HCC_10147777_20171222.nii.gz,gamma_joint_product,FN,32203,5.764106105196158e-05,case_patch_macro
full_voxtell_reference,HCC_10147777_20171222.nii.gz,gamma_joint_product,FP,91813,0.025366620068693915,case_patch_macro
full_voxtell_reference,HCC_10147777_20171222.nii.gz,gamma_joint_product,TN,27679292,0.31691584259528327,case_patch_macro
full_voxtell_reference,HCC_10147777_20171222.nii.gz,gamma_joint_product,TP,508244,0.0706385455819013,case_patch_macro
full_voxtell_reference,HCC_10147777_20171222.nii.gz,gamma_world_stability,FN,32203,0.005883573333405159,case_patch_macro
full_voxtell_reference,HCC_10147777_20171222.nii.gz,gamma_world_stability,FP,91813,0.07516437010036417,case_patch_macro
full_voxtell_reference,HCC_10147777_20171222.nii.gz,gamma_world_stability,TN,27679292,0.5042580176588788,case_patch_macro
full_voxtell_reference,HCC_10147777_20171222.nii.gz,gamma_world_stability,TP,508244,0.2624541609111213,case_patch_macro
full_voxtell_reference,HCC_10147777_20171222.nii.gz,pairwise_joint_product,FN,32203,8.559884605147785e-05,case_patch_macro
full_voxtell_reference,HCC_10147777_20171222.nii.gz,pairwise_joint_product,FP,91813,0.008922915936092344,case_patch_macro
full_voxtell_reference,HCC_10147777_20171222.nii.gz,pairwise_joint_product,TN,27679292,0.32197911887992375,case_patch_macro
full_voxtell_reference,HCC_10147777_20171222.nii.gz,pairwise_joint_product,TP,508244,0.005725798177067491,case_patch_macro
full_voxtell_reference,HCC_10147777_20171222.nii.gz,pairwise_world_stability,FN,32203,0.011430917207802094,case_patch_macro
full_voxtell_reference,HCC_10147777_20171222.nii.gz,pairwise_world_stability,FP,91813,0.02718675621698694,case_patch_macro
full_voxtell_reference,HCC_10147777_20171222.nii.gz,pairwise_world_stability,TN,27679292,0.5105945198815708,case_patch_macro
full_voxtell_reference,HCC_10147777_20171222.nii.gz,pairwise_world_stability,TP,508244,0.031289378972481505,case_patch_macro
penultimate_decoder_stage_output,HCC_10147777_20171222.nii.gz,blur_joint_product,FN,32203,8.9007251807027e-05,case_patch_macro
penultimate_decoder_stage_output,HCC_10147777_20171222.nii.gz,blur_joint_product,FP,91813,0.010504051451122261,case_patch_macro
penultimate_decoder_stage_output,HCC_10147777_20171222.nii.gz,blur_joint_product,TN,27679292,0.3162749780470366,case_patch_macro
penultimate_decoder_stage_output,HCC_10147777_20171222.nii.gz,blur_joint_product,TP,508244,0.007445796409830064,case_patch_macro
penultimate_decoder_stage_output,HCC_10147777_20171222.nii.gz,blur_world_stability,FN,32203,0.011947507462928745,case_patch_macro
penultimate_decoder_stage_output,HCC_10147777_20171222.nii.gz,blur_world_stability,FP,91813,0.03847734683154529,case_patch_macro
penultimate_decoder_stage_output,HCC_10147777_20171222.nii.gz,blur_world_stability,TN,27679292,0.510116597317114,case_patch_macro
penultimate_decoder_stage_output,HCC_10147777_20171222.nii.gz,blur_world_stability,TP,508244,0.050551185314128444,case_patch_macro
penultimate_decoder_stage_output,HCC_10147777_20171222.nii.gz,confidence_rank,FN,32203,0.00444522697759203,case_patch_macro
penultimate_decoder_stage_output,HCC_10147777_20171222.nii.gz,confidence_rank,FP,91813,0.06033913796767036,case_patch_macro
penultimate_decoder_stage_output,HCC_10147777_20171222.nii.gz,confidence_rank,TN,27679292,0.5082921108799987,case_patch_macro
penultimate_decoder_stage_output,HCC_10147777_20171222.nii.gz,confidence_rank,TP,508244,0.10101184537048147,case_patch_macro
penultimate_decoder_stage_output,HCC_10147777_20171222.nii.gz,gamma_joint_product,FN,32203,5.606233884095644e-05,case_patch_macro
penultimate_decoder_stage_output,HCC_10147777_20171222.nii.gz,gamma_joint_product,FP,91813,0.024906082977073037,case_patch_macro
penultimate_decoder_stage_output,HCC_10147777_20171222.nii.gz,gamma_joint_product,TN,27679292,0.3124562567202415,case_patch_macro
penultimate_decoder_stage_output,HCC_10147777_20171222.nii.gz,gamma_joint_product,TP,508244,0.06623433766675202,case_patch_macro
penultimate_decoder_stage_output,HCC_10147777_20171222.nii.gz,gamma_world_stability,FN,32203,0.005894878988936168,case_patch_macro
penultimate_decoder_stage_output,HCC_10147777_20171222.nii.gz,gamma_world_stability,FP,91813,0.0745246538885935,case_patch_macro
penultimate_decoder_stage_output,HCC_10147777_20171222.nii.gz,gamma_world_stability,TN,27679292,0.5041966542005334,case_patch_macro
penultimate_decoder_stage_output,HCC_10147777_20171222.nii.gz,gamma_world_stability,TP,508244,0.2703745663469595,case_patch_macro
penultimate_decoder_stage_output,HCC_10147777_20171222.nii.gz,pairwise_joint_product,FN,32203,8.208287007824031e-05,case_patch_macro
penultimate_decoder_stage_output,HCC_10147777_20171222.nii.gz,pairwise_joint_product,FP,91813,0.009953539775288314,case_patch_macro
penultimate_decoder_stage_output,HCC_10147777_20171222.nii.gz,pairwise_joint_product,TN,27679292,0.32059366869826306,case_patch_macro
penultimate_decoder_stage_output,HCC_10147777_20171222.nii.gz,pairwise_joint_product,TP,508244,0.00637730280165429,case_patch_macro
penultimate_decoder_stage_output,HCC_10147777_20171222.nii.gz,pairwise_world_stability,FN,32203,0.010896068984420516,case_patch_macro
penultimate_decoder_stage_output,HCC_10147777_20171222.nii.gz,pairwise_world_stability,FP,91813,0.029472868688597123,case_patch_macro
penultimate_decoder_stage_output,HCC_10147777_20171222.nii.gz,pairwise_world_stability,TN,27679292,0.5104335931227914,case_patch_macro
penultimate_decoder_stage_output,HCC_10147777_20171222.nii.gz,pairwise_world_stability,TP,508244,0.037936248300086586,case_patch_macro
decoder_stage_1_low_to_high,HCC_PA0.nii.gz,blur_joint_product,FN,42362,0.0011621267232654717,case_patch_macro
decoder_stage_1_low_to_high,HCC_PA0.nii.gz,blur_joint_product,FP,270533,0.006364904771212729,case_patch_macro
decoder_stage_1_low_to_high,HCC_PA0.nii.gz,blur_joint_product,TN,26064564,0.3211929766295072,case_patch_macro
decoder_stage_1_low_to_high,HCC_PA0.nii.gz,blur_joint_product,TP,1934093,0.08749430773133898,case_patch_macro
decoder_stage_1_low_to_high,HCC_PA0.nii.gz,blur_world_stability,FN,42362,0.036480592678949895,case_patch_macro
decoder_stage_1_low_to_high,HCC_PA0.nii.gz,blur_world_stability,FP,270533,0.07610105160718811,case_patch_macro
decoder_stage_1_low_to_high,HCC_PA0.nii.gz,blur_world_stability,TN,26064564,0.5113812526613928,case_patch_macro
decoder_stage_1_low_to_high,HCC_PA0.nii.gz,blur_world_stability,TP,1934093,0.3710844798773976,case_patch_macro
decoder_stage_1_low_to_high,HCC_PA0.nii.gz,confidence_rank,FN,42362,0.018114798251464625,case_patch_macro
decoder_stage_1_low_to_high,HCC_PA0.nii.gz,confidence_rank,FP,270533,0.03484334261504408,case_patch_macro
decoder_stage_1_low_to_high,HCC_PA0.nii.gz,confidence_rank,TN,26064564,0.5305473499953786,case_patch_macro
decoder_stage_1_low_to_high,HCC_PA0.nii.gz,confidence_rank,TP,1934093,0.17320559427487314,case_patch_macro
decoder_stage_1_low_to_high,HCC_PA0.nii.gz,gamma_joint_product,FN,42362,0.0009457895996167169,case_patch_macro
decoder_stage_1_low_to_high,HCC_PA0.nii.gz,gamma_joint_product,FP,270533,0.009635457615695975,case_patch_macro
decoder_stage_1_low_to_high,HCC_PA0.nii.gz,gamma_joint_product,TN,26064564,0.3090585873304143,case_patch_macro
decoder_stage_1_low_to_high,HCC_PA0.nii.gz,gamma_joint_product,TP,1934093,0.12477622781511834,case_patch_macro
decoder_stage_1_low_to_high,HCC_PA0.nii.gz,gamma_world_stability,FN,42362,0.028183133611013694,case_patch_macro
decoder_stage_1_low_to_high,HCC_PA0.nii.gz,gamma_world_stability,FP,270533,0.1064274591998508,case_patch_macro
decoder_stage_1_low_to_high,HCC_PA0.nii.gz,gamma_world_stability,TN,26064564,0.4941457538359834,case_patch_macro
decoder_stage_1_low_to_high,HCC_PA0.nii.gz,gamma_world_stability,TP,1934093,0.581281800590265,case_patch_macro
decoder_stage_1_low_to_high,HCC_PA0.nii.gz,pairwise_joint_product,FN,42362,0.001108797463595246,case_patch_macro
decoder_stage_1_low_to_high,HCC_PA0.nii.gz,pairwise_joint_product,FP,270533,0.005179190839102544,case_patch_macro
decoder_stage_1_low_to_high,HCC_PA0.nii.gz,pairwise_joint_product,TN,26064564,0.32415050913017135,case_patch_macro
decoder_stage_1_low_to_high,HCC_PA0.nii.gz,pairwise_joint_product,TP,1934093,0.08308693098434296,case_patch_macro
decoder_stage_1_low_to_high,HCC_PA0.nii.gz,pairwise_world_stability,FN,42362,0.034028803110606014,case_patch_macro
decoder_stage_1_low_to_high,HCC_PA0.nii.gz,pairwise_world_stability,FP,270533,0.06197629124522646,case_patch_macro
decoder_stage_1_low_to_high,HCC_PA0.nii.gz,pairwise_world_stability,TN,26064564,0.5142839822511266,case_patch_macro
decoder_stage_1_low_to_high,HCC_PA0.nii.gz,pairwise_world_stability,TP,1934093,0.34047967949686625,case_patch_macro
final_decoder_feature,HCC_PA0.nii.gz,blur_joint_product,FN,42362,0.001176079307715215,case_patch_macro
final_decoder_feature,HCC_PA0.nii.gz,blur_joint_product,FP,270533,0.005765106360607039,case_patch_macro
final_decoder_feature,HCC_PA0.nii.gz,blur_joint_product,TN,26064564,0.3210918730389045,case_patch_macro
final_decoder_feature,HCC_PA0.nii.gz,blur_joint_product,TP,1934093,0.08786858836766741,case_patch_macro
final_decoder_feature,HCC_PA0.nii.gz,blur_world_stability,FN,42362,0.038255212813550356,case_patch_macro
final_decoder_feature,HCC_PA0.nii.gz,blur_world_stability,FP,270533,0.0695409691990005,case_patch_macro
final_decoder_feature,HCC_PA0.nii.gz,blur_world_stability,TN,26064564,0.5114290319791981,case_patch_macro
final_decoder_feature,HCC_PA0.nii.gz,blur_world_stability,TP,1934093,0.36403950200337576,case_patch_macro
final_decoder_feature,HCC_PA0.nii.gz,confidence_rank,FN,42362,0.018114798251464625,case_patch_macro
final_decoder_feature,HCC_PA0.nii.gz,confidence_rank,FP,270533,0.03484334261504408,case_patch_macro
final_decoder_feature,HCC_PA0.nii.gz,confidence_rank,TN,26064564,0.5305473499953786,case_patch_macro
final_decoder_feature,HCC_PA0.nii.gz,confidence_rank,TP,1934093,0.17320559427487314,case_patch_macro
final_decoder_feature,HCC_PA0.nii.gz,gamma_joint_product,FN,42362,0.0008837537376637287,case_patch_macro
final_decoder_feature,HCC_PA0.nii.gz,gamma_joint_product,FP,270533,0.009211698900672987,case_patch_macro
final_decoder_feature,HCC_PA0.nii.gz,gamma_joint_product,TN,26064564,0.3117728708052391,case_patch_macro
final_decoder_feature,HCC_PA0.nii.gz,gamma_joint_product,TP,1934093,0.12094611009534036,case_patch_macro
final_decoder_feature,HCC_PA0.nii.gz,gamma_world_stability,FN,42362,0.025928293652056955,case_patch_macro
final_decoder_feature,HCC_PA0.nii.gz,gamma_world_stability,FP,270533,0.09593004524926978,case_patch_macro
final_decoder_feature,HCC_PA0.nii.gz,gamma_world_stability,TN,26064564,0.4976428488724701,case_patch_macro
final_decoder_feature,HCC_PA0.nii.gz,gamma_world_stability,TP,1934093,0.5408367782924751,case_patch_macro
final_decoder_feature,HCC_PA0.nii.gz,pairwise_joint_product,FN,42362,0.0011113224607597495,case_patch_macro
final_decoder_feature,HCC_PA0.nii.gz,pairwise_joint_product,FP,270533,0.005028193121775534,case_patch_macro
final_decoder_feature,HCC_PA0.nii.gz,pairwise_joint_product,TN,26064564,0.32453094493858387,case_patch_macro
final_decoder_feature,HCC_PA0.nii.gz,pairwise_joint_product,TP,1934093,0.08210397369441814,case_patch_macro
final_decoder_feature,HCC_PA0.nii.gz,pairwise_world_stability,FN,42362,0.035942532886218105,case_patch_macro
final_decoder_feature,HCC_PA0.nii.gz,pairwise_world_stability,FP,270533,0.06030790798916801,case_patch_macro
final_decoder_feature,HCC_PA0.nii.gz,pairwise_world_stability,TN,26064564,0.5148371385185089,case_patch_macro
final_decoder_feature,HCC_PA0.nii.gz,pairwise_world_stability,TP,1934093,0.32744102365664285,case_patch_macro
final_decoder_stage_input,HCC_PA0.nii.gz,blur_joint_product,FN,42362,0.001176079307715215,case_patch_macro
final_decoder_stage_input,HCC_PA0.nii.gz,blur_joint_product,FP,270533,0.005765106360607039,case_patch_macro
final_decoder_stage_input,HCC_PA0.nii.gz,blur_joint_product,TN,26064564,0.3210918730389045,case_patch_macro
final_decoder_stage_input,HCC_PA0.nii.gz,blur_joint_product,TP,1934093,0.08786858836766741,case_patch_macro
final_decoder_stage_input,HCC_PA0.nii.gz,blur_world_stability,FN,42362,0.038255212813550356,case_patch_macro
final_decoder_stage_input,HCC_PA0.nii.gz,blur_world_stability,FP,270533,0.0695409691990005,case_patch_macro
final_decoder_stage_input,HCC_PA0.nii.gz,blur_world_stability,TN,26064564,0.5114290319791981,case_patch_macro
final_decoder_stage_input,HCC_PA0.nii.gz,blur_world_stability,TP,1934093,0.36403950200337576,case_patch_macro
final_decoder_stage_input,HCC_PA0.nii.gz,confidence_rank,FN,42362,0.018114798251464625,case_patch_macro
final_decoder_stage_input,HCC_PA0.nii.gz,confidence_rank,FP,270533,0.03484334261504408,case_patch_macro
final_decoder_stage_input,HCC_PA0.nii.gz,confidence_rank,TN,26064564,0.5305473499953786,case_patch_macro
final_decoder_stage_input,HCC_PA0.nii.gz,confidence_rank,TP,1934093,0.17320559427487314,case_patch_macro
final_decoder_stage_input,HCC_PA0.nii.gz,gamma_joint_product,FN,42362,0.0008837537376637287,case_patch_macro
final_decoder_stage_input,HCC_PA0.nii.gz,gamma_joint_product,FP,270533,0.009211698900672987,case_patch_macro
final_decoder_stage_input,HCC_PA0.nii.gz,gamma_joint_product,TN,26064564,0.3117728708052391,case_patch_macro
final_decoder_stage_input,HCC_PA0.nii.gz,gamma_joint_product,TP,1934093,0.12094611009534036,case_patch_macro
final_decoder_stage_input,HCC_PA0.nii.gz,gamma_world_stability,FN,42362,0.025928293652056955,case_patch_macro
final_decoder_stage_input,HCC_PA0.nii.gz,gamma_world_stability,FP,270533,0.09593004524926978,case_patch_macro
final_decoder_stage_input,HCC_PA0.nii.gz,gamma_world_stability,TN,26064564,0.4976428488724701,case_patch_macro
final_decoder_stage_input,HCC_PA0.nii.gz,gamma_world_stability,TP,1934093,0.5408367782924751,case_patch_macro
final_decoder_stage_input,HCC_PA0.nii.gz,pairwise_joint_product,FN,42362,0.0011113224607597495,case_patch_macro
final_decoder_stage_input,HCC_PA0.nii.gz,pairwise_joint_product,FP,270533,0.005028193121775534,case_patch_macro
final_decoder_stage_input,HCC_PA0.nii.gz,pairwise_joint_product,TN,26064564,0.32453094493858387,case_patch_macro
final_decoder_stage_input,HCC_PA0.nii.gz,pairwise_joint_product,TP,1934093,0.08210397369441814,case_patch_macro
final_decoder_stage_input,HCC_PA0.nii.gz,pairwise_world_stability,FN,42362,0.035942532886218105,case_patch_macro
final_decoder_stage_input,HCC_PA0.nii.gz,pairwise_world_stability,FP,270533,0.06030790798916801,case_patch_macro
final_decoder_stage_input,HCC_PA0.nii.gz,pairwise_world_stability,TN,26064564,0.5148371385185089,case_patch_macro
final_decoder_stage_input,HCC_PA0.nii.gz,pairwise_world_stability,TP,1934093,0.32744102365664285,case_patch_macro
full_voxtell_reference,HCC_PA0.nii.gz,blur_joint_product,FN,42362,0.001319091298617206,case_patch_macro
full_voxtell_reference,HCC_PA0.nii.gz,blur_joint_product,FP,270533,0.0061777592942103806,case_patch_macro
full_voxtell_reference,HCC_PA0.nii.gz,blur_joint_product,TN,26064564,0.3208129653974276,case_patch_macro
full_voxtell_reference,HCC_PA0.nii.gz,blur_joint_product,TP,1934093,0.0819861182995519,case_patch_macro
full_voxtell_reference,HCC_PA0.nii.gz,blur_world_stability,FN,42362,0.04237782345286223,case_patch_macro
full_voxtell_reference,HCC_PA0.nii.gz,blur_world_stability,FP,270533,0.07446589647454299,case_patch_macro
full_voxtell_reference,HCC_PA0.nii.gz,blur_world_stability,TN,26064564,0.513146296438397,case_patch_macro
full_voxtell_reference,HCC_PA0.nii.gz,blur_world_stability,TP,1934093,0.3506478816298178,case_patch_macro
full_voxtell_reference,HCC_PA0.nii.gz,confidence_rank,FN,42362,0.018114798251464625,case_patch_macro
full_voxtell_reference,HCC_PA0.nii.gz,confidence_rank,FP,270533,0.03484334261504408,case_patch_macro
full_voxtell_reference,HCC_PA0.nii.gz,confidence_rank,TN,26064564,0.5305473499953786,case_patch_macro
full_voxtell_reference,HCC_PA0.nii.gz,confidence_rank,TP,1934093,0.17320559427487314,case_patch_macro
full_voxtell_reference,HCC_PA0.nii.gz,gamma_joint_product,FN,42362,0.0008760517783593826,case_patch_macro
full_voxtell_reference,HCC_PA0.nii.gz,gamma_joint_product,FP,270533,0.009298236225932847,case_patch_macro
full_voxtell_reference,HCC_PA0.nii.gz,gamma_joint_product,TN,26064564,0.31200906275148593,case_patch_macro
full_voxtell_reference,HCC_PA0.nii.gz,gamma_joint_product,TP,1934093,0.12218078931941385,case_patch_macro
full_voxtell_reference,HCC_PA0.nii.gz,gamma_world_stability,FN,42362,0.0255558264383936,case_patch_macro
full_voxtell_reference,HCC_PA0.nii.gz,gamma_world_stability,FP,270533,0.09686667726067337,case_patch_macro
full_voxtell_reference,HCC_PA0.nii.gz,gamma_world_stability,TN,26064564,0.4976994361050195,case_patch_macro
full_voxtell_reference,HCC_PA0.nii.gz,gamma_world_stability,TP,1934093,0.5444668686611577,case_patch_macro
full_voxtell_reference,HCC_PA0.nii.gz,pairwise_joint_product,FN,42362,0.0012134921205016619,case_patch_macro
full_voxtell_reference,HCC_PA0.nii.gz,pairwise_joint_product,FP,270533,0.0053824856813892916,case_patch_macro
full_voxtell_reference,HCC_PA0.nii.gz,pairwise_joint_product,TN,26064564,0.32459233858098113,case_patch_macro
full_voxtell_reference,HCC_PA0.nii.gz,pairwise_joint_product,TP,1934093,0.07720031815385754,case_patch_macro
full_voxtell_reference,HCC_PA0.nii.gz,pairwise_world_stability,FN,42362,0.03909989516415107,case_patch_macro
full_voxtell_reference,HCC_PA0.nii.gz,pairwise_world_stability,FP,270533,0.0642641178157226,case_patch_macro
full_voxtell_reference,HCC_PA0.nii.gz,pairwise_world_stability,TN,26064564,0.5162578184698313,case_patch_macro
full_voxtell_reference,HCC_PA0.nii.gz,pairwise_world_stability,TP,1934093,0.31652963993918976,case_patch_macro
penultimate_decoder_stage_output,HCC_PA0.nii.gz,blur_joint_product,FN,42362,0.0011567406512322366,case_patch_macro
penultimate_decoder_stage_output,HCC_PA0.nii.gz,blur_joint_product,FP,270533,0.005677879993705305,case_patch_macro
penultimate_decoder_stage_output,HCC_PA0.nii.gz,blur_joint_product,TN,26064564,0.32071550530699805,case_patch_macro
penultimate_decoder_stage_output,HCC_PA0.nii.gz,blur_joint_product,TP,1934093,0.09271386863805209,case_patch_macro
penultimate_decoder_stage_output,HCC_PA0.nii.gz,blur_world_stability,FN,42362,0.03788238668284194,case_patch_macro
penultimate_decoder_stage_output,HCC_PA0.nii.gz,blur_world_stability,FP,270533,0.06927498655872096,case_patch_macro
penultimate_decoder_stage_output,HCC_PA0.nii.gz,blur_world_stability,TN,26064564,0.5107681020623314,case_patch_macro
penultimate_decoder_stage_output,HCC_PA0.nii.gz,blur_world_stability,TP,1934093,0.37491075999684687,case_patch_macro
penultimate_decoder_stage_output,HCC_PA0.nii.gz,confidence_rank,FN,42362,0.018114798251464625,case_patch_macro
penultimate_decoder_stage_output,HCC_PA0.nii.gz,confidence_rank,FP,270533,0.03484334261504408,case_patch_macro
penultimate_decoder_stage_output,HCC_PA0.nii.gz,confidence_rank,TN,26064564,0.5305473499953786,case_patch_macro
penultimate_decoder_stage_output,HCC_PA0.nii.gz,confidence_rank,TP,1934093,0.17320559427487314,case_patch_macro
penultimate_decoder_stage_output,HCC_PA0.nii.gz,gamma_joint_product,FN,42362,0.0009018446760682895,case_patch_macro
penultimate_decoder_stage_output,HCC_PA0.nii.gz,gamma_joint_product,FP,270533,0.008537338917849703,case_patch_macro
penultimate_decoder_stage_output,HCC_PA0.nii.gz,gamma_joint_product,TN,26064564,0.3111385047737948,case_patch_macro
penultimate_decoder_stage_output,HCC_PA0.nii.gz,gamma_joint_product,TP,1934093,0.12127912118216488,case_patch_macro
penultimate_decoder_stage_output,HCC_PA0.nii.gz,gamma_world_stability,FN,42362,0.025885867068472904,case_patch_macro
penultimate_decoder_stage_output,HCC_PA0.nii.gz,gamma_world_stability,FP,270533,0.09008963921627046,case_patch_macro
penultimate_decoder_stage_output,HCC_PA0.nii.gz,gamma_world_stability,TN,26064564,0.49642507494460986,case_patch_macro
penultimate_decoder_stage_output,HCC_PA0.nii.gz,gamma_world_stability,TP,1934093,0.5482790807121459,case_patch_macro
penultimate_decoder_stage_output,HCC_PA0.nii.gz,pairwise_joint_product,FN,42362,0.0010910975012639941,case_patch_macro
penultimate_decoder_stage_output,HCC_PA0.nii.gz,pairwise_joint_product,FP,270533,0.004843843969629912,case_patch_macro
penultimate_decoder_stage_output,HCC_PA0.nii.gz,pairwise_joint_product,TN,26064564,0.32396047097690883,case_patch_macro
penultimate_decoder_stage_output,HCC_PA0.nii.gz,pairwise_joint_product,TP,1934093,0.08663845281192024,case_patch_macro
penultimate_decoder_stage_output,HCC_PA0.nii.gz,pairwise_world_stability,FN,42362,0.03550152471178835,case_patch_macro
penultimate_decoder_stage_output,HCC_PA0.nii.gz,pairwise_world_stability,FP,270533,0.05925047142583075,case_patch_macro
penultimate_decoder_stage_output,HCC_PA0.nii.gz,pairwise_world_stability,TN,26064564,0.5138356848293796,case_patch_macro
penultimate_decoder_stage_output,HCC_PA0.nii.gz,pairwise_world_stability,TP,1934093,0.3405758748001148,case_patch_macro
decoder_stage_1_low_to_high,CYST_PA37.nii.gz,blur_joint_product,FN,26887,0.0005639633070562591,case_patch_macro
decoder_stage_1_low_to_high,CYST_PA37.nii.gz,blur_joint_product,FP,64030,0.007092372444326933,case_patch_macro
decoder_stage_1_low_to_high,CYST_PA37.nii.gz,blur_joint_product,TN,27848025,0.30034003608784154,case_patch_macro
decoder_stage_1_low_to_high,CYST_PA37.nii.gz,blur_joint_product,TP,372610,0.10777226855168232,case_patch_macro
decoder_stage_1_low_to_high,CYST_PA37.nii.gz,blur_world_stability,FN,26887,0.01235384935723425,case_patch_macro
decoder_stage_1_low_to_high,CYST_PA37.nii.gz,blur_world_stability,FP,64030,0.04084106517604578,case_patch_macro
decoder_stage_1_low_to_high,CYST_PA37.nii.gz,blur_world_stability,TN,27848025,0.5050695443467907,case_patch_macro
decoder_stage_1_low_to_high,CYST_PA37.nii.gz,blur_world_stability,TP,372610,0.25118832193098933,case_patch_macro
decoder_stage_1_low_to_high,CYST_PA37.nii.gz,confidence_rank,FN,26887,0.008717180604656857,case_patch_macro
decoder_stage_1_low_to_high,CYST_PA37.nii.gz,confidence_rank,FP,64030,0.019691308245470822,case_patch_macro
decoder_stage_1_low_to_high,CYST_PA37.nii.gz,confidence_rank,TN,27848025,0.5058880801954267,case_patch_macro
decoder_stage_1_low_to_high,CYST_PA37.nii.gz,confidence_rank,TP,372610,0.20195950535434404,case_patch_macro
decoder_stage_1_low_to_high,CYST_PA37.nii.gz,gamma_joint_product,FN,26887,0.0005789597769132931,case_patch_macro
decoder_stage_1_low_to_high,CYST_PA37.nii.gz,gamma_joint_product,FP,64030,0.009583461683022392,case_patch_macro
decoder_stage_1_low_to_high,CYST_PA37.nii.gz,gamma_joint_product,TN,27848025,0.2949188399822432,case_patch_macro
decoder_stage_1_low_to_high,CYST_PA37.nii.gz,gamma_joint_product,TP,372610,0.1435619081446948,case_patch_macro
decoder_stage_1_low_to_high,CYST_PA37.nii.gz,gamma_world_stability,FN,26887,0.011706547850096493,case_patch_macro
decoder_stage_1_low_to_high,CYST_PA37.nii.gz,gamma_world_stability,FP,64030,0.08708289418235206,case_patch_macro
decoder_stage_1_low_to_high,CYST_PA37.nii.gz,gamma_world_stability,TN,27848025,0.5017513087562114,case_patch_macro
decoder_stage_1_low_to_high,CYST_PA37.nii.gz,gamma_world_stability,TP,372610,0.4541908767498093,case_patch_macro
decoder_stage_1_low_to_high,CYST_PA37.nii.gz,pairwise_joint_product,FN,26887,0.0005180019518910406,case_patch_macro
decoder_stage_1_low_to_high,CYST_PA37.nii.gz,pairwise_joint_product,FP,64030,0.006764179656808252,case_patch_macro
decoder_stage_1_low_to_high,CYST_PA37.nii.gz,pairwise_joint_product,TN,27848025,0.3031746759992269,case_patch_macro
decoder_stage_1_low_to_high,CYST_PA37.nii.gz,pairwise_joint_product,TP,372610,0.1060094662337755,case_patch_macro
decoder_stage_1_low_to_high,CYST_PA37.nii.gz,pairwise_world_stability,FN,26887,0.010855067769188218,case_patch_macro
decoder_stage_1_low_to_high,CYST_PA37.nii.gz,pairwise_world_stability,FP,64030,0.029816219837606173,case_patch_macro
decoder_stage_1_low_to_high,CYST_PA37.nii.gz,pairwise_world_stability,TN,27848025,0.5054836218596317,case_patch_macro
decoder_stage_1_low_to_high,CYST_PA37.nii.gz,pairwise_world_stability,TP,372610,0.2250247498018998,case_patch_macro
final_decoder_feature,CYST_PA37.nii.gz,blur_joint_product,FN,26887,0.000528508001799659,case_patch_macro
final_decoder_feature,CYST_PA37.nii.gz,blur_joint_product,FP,64030,0.0019275341122716007,case_patch_macro
final_decoder_feature,CYST_PA37.nii.gz,blur_joint_product,TN,27848025,0.30154882647501313,case_patch_macro
final_decoder_feature,CYST_PA37.nii.gz,blur_joint_product,TP,372610,0.05775753996635766,case_patch_macro
final_decoder_feature,CYST_PA37.nii.gz,blur_world_stability,FN,26887,0.012527211873449145,case_patch_macro
final_decoder_feature,CYST_PA37.nii.gz,blur_world_stability,FP,64030,0.019941030092630024,case_patch_macro
final_decoder_feature,CYST_PA37.nii.gz,blur_world_stability,TN,27848025,0.5065179978291934,case_patch_macro
final_decoder_feature,CYST_PA37.nii.gz,blur_world_stability,TP,372610,0.136760211651149,case_patch_macro
final_decoder_feature,CYST_PA37.nii.gz,confidence_rank,FN,26887,0.008717180604656857,case_patch_macro
final_decoder_feature,CYST_PA37.nii.gz,confidence_rank,FP,64030,0.019691308245470822,case_patch_macro
final_decoder_feature,CYST_PA37.nii.gz,confidence_rank,TN,27848025,0.5058880801954267,case_patch_macro
final_decoder_feature,CYST_PA37.nii.gz,confidence_rank,TP,372610,0.20195950535434404,case_patch_macro
final_decoder_feature,CYST_PA37.nii.gz,gamma_joint_product,FN,26887,0.00047597729609039817,case_patch_macro
final_decoder_feature,CYST_PA37.nii.gz,gamma_joint_product,FP,64030,0.009505741718181665,case_patch_macro
final_decoder_feature,CYST_PA37.nii.gz,gamma_joint_product,TN,27848025,0.2981811896963479,case_patch_macro
final_decoder_feature,CYST_PA37.nii.gz,gamma_joint_product,TP,372610,0.1459413198806854,case_patch_macro
final_decoder_feature,CYST_PA37.nii.gz,gamma_world_stability,FN,26887,0.009798808062359986,case_patch_macro
final_decoder_feature,CYST_PA37.nii.gz,gamma_world_stability,FP,64030,0.06568921458962675,case_patch_macro
final_decoder_feature,CYST_PA37.nii.gz,gamma_world_stability,TN,27848025,0.5025745405198117,case_patch_macro
final_decoder_feature,CYST_PA37.nii.gz,gamma_world_stability,TP,372610,0.4059819621681811,case_patch_macro
final_decoder_feature,CYST_PA37.nii.gz,pairwise_joint_product,FN,26887,0.0004778697069162886,case_patch_macro
final_decoder_feature,CYST_PA37.nii.gz,pairwise_joint_product,FP,64030,0.0017014972434493455,case_patch_macro
final_decoder_feature,CYST_PA37.nii.gz,pairwise_joint_product,TN,27848025,0.3045993642053334,case_patch_macro
final_decoder_feature,CYST_PA37.nii.gz,pairwise_joint_product,TP,372610,0.0559656730504805,case_patch_macro
final_decoder_feature,CYST_PA37.nii.gz,pairwise_world_stability,FN,26887,0.011209642579641618,case_patch_macro
final_decoder_feature,CYST_PA37.nii.gz,pairwise_world_stability,FP,64030,0.014543053846386768,case_patch_macro
final_decoder_feature,CYST_PA37.nii.gz,pairwise_world_stability,TN,27848025,0.5068334080466295,case_patch_macro
final_decoder_feature,CYST_PA37.nii.gz,pairwise_world_stability,TP,372610,0.1168756363212738,case_patch_macro
final_decoder_stage_input,CYST_PA37.nii.gz,blur_joint_product,FN,26887,0.000528508001799659,case_patch_macro
final_decoder_stage_input,CYST_PA37.nii.gz,blur_joint_product,FP,64030,0.0019275341122716007,case_patch_macro
final_decoder_stage_input,CYST_PA37.nii.gz,blur_joint_product,TN,27848025,0.30154882647501313,case_patch_macro
final_decoder_stage_input,CYST_PA37.nii.gz,blur_joint_product,TP,372610,0.05775753996635766,case_patch_macro
final_decoder_stage_input,CYST_PA37.nii.gz,blur_world_stability,FN,26887,0.012527211873449145,case_patch_macro
final_decoder_stage_input,CYST_PA37.nii.gz,blur_world_stability,FP,64030,0.019941030092630024,case_patch_macro
final_decoder_stage_input,CYST_PA37.nii.gz,blur_world_stability,TN,27848025,0.5065179978291934,case_patch_macro
final_decoder_stage_input,CYST_PA37.nii.gz,blur_world_stability,TP,372610,0.136760211651149,case_patch_macro
final_decoder_stage_input,CYST_PA37.nii.gz,confidence_rank,FN,26887,0.008717180604656857,case_patch_macro
final_decoder_stage_input,CYST_PA37.nii.gz,confidence_rank,FP,64030,0.019691308245470822,case_patch_macro
final_decoder_stage_input,CYST_PA37.nii.gz,confidence_rank,TN,27848025,0.5058880801954267,case_patch_macro
final_decoder_stage_input,CYST_PA37.nii.gz,confidence_rank,TP,372610,0.20195950535434404,case_patch_macro
final_decoder_stage_input,CYST_PA37.nii.gz,gamma_joint_product,FN,26887,0.00047597729609039817,case_patch_macro
final_decoder_stage_input,CYST_PA37.nii.gz,gamma_joint_product,FP,64030,0.009505741718181665,case_patch_macro
final_decoder_stage_input,CYST_PA37.nii.gz,gamma_joint_product,TN,27848025,0.2981811896963479,case_patch_macro
final_decoder_stage_input,CYST_PA37.nii.gz,gamma_joint_product,TP,372610,0.1459413198806854,case_patch_macro
final_decoder_stage_input,CYST_PA37.nii.gz,gamma_world_stability,FN,26887,0.009798808062359986,case_patch_macro
final_decoder_stage_input,CYST_PA37.nii.gz,gamma_world_stability,FP,64030,0.06568921458962675,case_patch_macro
final_decoder_stage_input,CYST_PA37.nii.gz,gamma_world_stability,TN,27848025,0.5025745405198117,case_patch_macro
final_decoder_stage_input,CYST_PA37.nii.gz,gamma_world_stability,TP,372610,0.4059819621681811,case_patch_macro
final_decoder_stage_input,CYST_PA37.nii.gz,pairwise_joint_product,FN,26887,0.0004778697069162886,case_patch_macro
final_decoder_stage_input,CYST_PA37.nii.gz,pairwise_joint_product,FP,64030,0.0017014972434493455,case_patch_macro
final_decoder_stage_input,CYST_PA37.nii.gz,pairwise_joint_product,TN,27848025,0.3045993642053334,case_patch_macro
final_decoder_stage_input,CYST_PA37.nii.gz,pairwise_joint_product,TP,372610,0.0559656730504805,case_patch_macro
final_decoder_stage_input,CYST_PA37.nii.gz,pairwise_world_stability,FN,26887,0.011209642579641618,case_patch_macro
final_decoder_stage_input,CYST_PA37.nii.gz,pairwise_world_stability,FP,64030,0.014543053846386768,case_patch_macro
final_decoder_stage_input,CYST_PA37.nii.gz,pairwise_world_stability,TN,27848025,0.5068334080466295,case_patch_macro
final_decoder_stage_input,CYST_PA37.nii.gz,pairwise_world_stability,TP,372610,0.1168756363212738,case_patch_macro
full_voxtell_reference,CYST_PA37.nii.gz,blur_joint_product,FN,26887,0.000659650628456123,case_patch_macro
full_voxtell_reference,CYST_PA37.nii.gz,blur_joint_product,FP,64030,0.0012171236950177567,case_patch_macro
full_voxtell_reference,CYST_PA37.nii.gz,blur_joint_product,TN,27848025,0.2999824215473299,case_patch_macro
full_voxtell_reference,CYST_PA37.nii.gz,blur_joint_product,TP,372610,0.038376132560562076,case_patch_macro
full_voxtell_reference,CYST_PA37.nii.gz,blur_world_stability,FN,26887,0.014856148195129456,case_patch_macro
full_voxtell_reference,CYST_PA37.nii.gz,blur_world_stability,FP,64030,0.018156880694572435,case_patch_macro
full_voxtell_reference,CYST_PA37.nii.gz,blur_world_stability,TN,27848025,0.506776705021823,case_patch_macro
full_voxtell_reference,CYST_PA37.nii.gz,blur_world_stability,TP,372610,0.10836059277997678,case_patch_macro
full_voxtell_reference,CYST_PA37.nii.gz,confidence_rank,FN,26887,0.008717180604656857,case_patch_macro
full_voxtell_reference,CYST_PA37.nii.gz,confidence_rank,FP,64030,0.019691308245470822,case_patch_macro
full_voxtell_reference,CYST_PA37.nii.gz,confidence_rank,TN,27848025,0.5058880801954267,case_patch_macro
full_voxtell_reference,CYST_PA37.nii.gz,confidence_rank,TP,372610,0.20195950535434404,case_patch_macro
full_voxtell_reference,CYST_PA37.nii.gz,gamma_joint_product,FN,26887,0.00046928117428863024,case_patch_macro
full_voxtell_reference,CYST_PA37.nii.gz,gamma_joint_product,FP,64030,0.009511832789871643,case_patch_macro
full_voxtell_reference,CYST_PA37.nii.gz,gamma_joint_product,TN,27848025,0.2971707332011987,case_patch_macro
full_voxtell_reference,CYST_PA37.nii.gz,gamma_joint_product,TP,372610,0.14471949036964735,case_patch_macro
full_voxtell_reference,CYST_PA37.nii.gz,gamma_world_stability,FN,26887,0.009991064314104828,case_patch_macro
full_voxtell_reference,CYST_PA37.nii.gz,gamma_world_stability,FP,64030,0.0635766270456345,case_patch_macro
full_voxtell_reference,CYST_PA37.nii.gz,gamma_world_stability,TN,27848025,0.5027049959258946,case_patch_macro
full_voxtell_reference,CYST_PA37.nii.gz,gamma_world_stability,TP,372610,0.39988297983376525,case_patch_macro
full_voxtell_reference,CYST_PA37.nii.gz,pairwise_joint_product,FN,26887,0.0005809989487384143,case_patch_macro
full_voxtell_reference,CYST_PA37.nii.gz,pairwise_joint_product,FP,64030,0.001012421139481441,case_patch_macro
full_voxtell_reference,CYST_PA37.nii.gz,pairwise_joint_product,TN,27848025,0.3026182000484598,case_patch_macro
full_voxtell_reference,CYST_PA37.nii.gz,pairwise_joint_product,TP,372610,0.03659986070006349,case_patch_macro
full_voxtell_reference,CYST_PA37.nii.gz,pairwise_world_stability,FN,26887,0.0124985806615825,case_patch_macro
full_voxtell_reference,CYST_PA37.nii.gz,pairwise_world_stability,FP,64030,0.012674557758858887,case_patch_macro
full_voxtell_reference,CYST_PA37.nii.gz,pairwise_world_stability,TN,27848025,0.5070854329725059,case_patch_macro
full_voxtell_reference,CYST_PA37.nii.gz,pairwise_world_stability,TP,372610,0.08933104152929143,case_patch_macro
penultimate_decoder_stage_output,CYST_PA37.nii.gz,blur_joint_product,FN,26887,0.0005189139562729444,case_patch_macro
penultimate_decoder_stage_output,CYST_PA37.nii.gz,blur_joint_product,FP,64030,0.004313528317963753,case_patch_macro
penultimate_decoder_stage_output,CYST_PA37.nii.gz,blur_joint_product,TN,27848025,0.301397366408035,case_patch_macro
penultimate_decoder_stage_output,CYST_PA37.nii.gz,blur_joint_product,TP,372610,0.0753770802571515,case_patch_macro
penultimate_decoder_stage_output,CYST_PA37.nii.gz,blur_world_stability,FN,26887,0.011962116267456508,case_patch_macro
penultimate_decoder_stage_output,CYST_PA37.nii.gz,blur_world_stability,FP,64030,0.026193011353409318,case_patch_macro
penultimate_decoder_stage_output,CYST_PA37.nii.gz,blur_world_stability,TN,27848025,0.5060354282773994,case_patch_macro
penultimate_decoder_stage_output,CYST_PA37.nii.gz,blur_world_stability,TP,372610,0.16658806236363488,case_patch_macro
penultimate_decoder_stage_output,CYST_PA37.nii.gz,confidence_rank,FN,26887,0.008717180604656857,case_patch_macro
penultimate_decoder_stage_output,CYST_PA37.nii.gz,confidence_rank,FP,64030,0.019691308245470822,case_patch_macro
penultimate_decoder_stage_output,CYST_PA37.nii.gz,confidence_rank,TN,27848025,0.5058880801954267,case_patch_macro
penultimate_decoder_stage_output,CYST_PA37.nii.gz,confidence_rank,TP,372610,0.20195950535434404,case_patch_macro
penultimate_decoder_stage_output,CYST_PA37.nii.gz,gamma_joint_product,FN,26887,0.0005117635943990897,case_patch_macro
penultimate_decoder_stage_output,CYST_PA37.nii.gz,gamma_joint_product,FP,64030,0.00958332851343264,case_patch_macro
penultimate_decoder_stage_output,CYST_PA37.nii.gz,gamma_joint_product,TN,27848025,0.29824405096941276,case_patch_macro
penultimate_decoder_stage_output,CYST_PA37.nii.gz,gamma_joint_product,TP,372610,0.14340573891102892,case_patch_macro
penultimate_decoder_stage_output,CYST_PA37.nii.gz,gamma_world_stability,FN,26887,0.009965883207499061,case_patch_macro
penultimate_decoder_stage_output,CYST_PA37.nii.gz,gamma_world_stability,FP,64030,0.07038272155019194,case_patch_macro
penultimate_decoder_stage_output,CYST_PA37.nii.gz,gamma_world_stability,TN,27848025,0.5025697307546337,case_patch_macro
penultimate_decoder_stage_output,CYST_PA37.nii.gz,gamma_world_stability,TP,372610,0.40417878102896987,case_patch_macro
penultimate_decoder_stage_output,CYST_PA37.nii.gz,pairwise_joint_product,FN,26887,0.000476543259412247,case_patch_macro
penultimate_decoder_stage_output,CYST_PA37.nii.gz,pairwise_joint_product,FP,64030,0.004055799937569457,case_patch_macro
penultimate_decoder_stage_output,CYST_PA37.nii.gz,pairwise_joint_product,TN,27848025,0.30458349671607815,case_patch_macro
penultimate_decoder_stage_output,CYST_PA37.nii.gz,pairwise_joint_product,TP,372610,0.07237725346052369,case_patch_macro
penultimate_decoder_stage_output,CYST_PA37.nii.gz,pairwise_world_stability,FN,26887,0.010990509994469844,case_patch_macro
penultimate_decoder_stage_output,CYST_PA37.nii.gz,pairwise_world_stability,FP,64030,0.018623921989266247,case_patch_macro
penultimate_decoder_stage_output,CYST_PA37.nii.gz,pairwise_world_stability,TN,27848025,0.506412915343813,case_patch_macro
penultimate_decoder_stage_output,CYST_PA37.nii.gz,pairwise_world_stability,TP,372610,0.1429997949518691,case_patch_macro
decoder_stage_1_low_to_high,ICC_PA18.nii.gz,blur_joint_product,FN,67071,0.001158910739127987,case_patch_macro
decoder_stage_1_low_to_high,ICC_PA18.nii.gz,blur_joint_product,FP,266583,0.010181431165887449,case_patch_macro
decoder_stage_1_low_to_high,ICC_PA18.nii.gz,blur_joint_product,TN,26525889,0.3188348981663624,case_patch_macro
decoder_stage_1_low_to_high,ICC_PA18.nii.gz,blur_joint_product,TP,1452009,0.07758452639765513,case_patch_macro
decoder_stage_1_low_to_high,ICC_PA18.nii.gz,blur_world_stability,FN,67071,0.03284914938802353,case_patch_macro
decoder_stage_1_low_to_high,ICC_PA18.nii.gz,blur_world_stability,FP,266583,0.09209338710828552,case_patch_macro
decoder_stage_1_low_to_high,ICC_PA18.nii.gz,blur_world_stability,TN,26525889,0.5100543917689855,case_patch_macro
decoder_stage_1_low_to_high,ICC_PA18.nii.gz,blur_world_stability,TP,1452009,0.3283340546142079,case_patch_macro
decoder_stage_1_low_to_high,ICC_PA18.nii.gz,confidence_rank,FN,67071,0.01876190616060516,case_patch_macro
decoder_stage_1_low_to_high,ICC_PA18.nii.gz,confidence_rank,FP,266583,0.041637271623605775,case_patch_macro
decoder_stage_1_low_to_high,ICC_PA18.nii.gz,confidence_rank,TN,26525889,0.523503891410341,case_patch_macro
decoder_stage_1_low_to_high,ICC_PA18.nii.gz,confidence_rank,TP,1452009,0.14786422901608623,case_patch_macro
decoder_stage_1_low_to_high,ICC_PA18.nii.gz,gamma_joint_product,FN,67071,0.0011576054090386265,case_patch_macro
decoder_stage_1_low_to_high,ICC_PA18.nii.gz,gamma_joint_product,FP,266583,0.014554019467309666,case_patch_macro
decoder_stage_1_low_to_high,ICC_PA18.nii.gz,gamma_joint_product,TN,26525889,0.3110381243021325,case_patch_macro
decoder_stage_1_low_to_high,ICC_PA18.nii.gz,gamma_joint_product,TP,1452009,0.10693676718191773,case_patch_macro
decoder_stage_1_low_to_high,ICC_PA18.nii.gz,gamma_world_stability,FN,67071,0.031267020770356146,case_patch_macro
decoder_stage_1_low_to_high,ICC_PA18.nii.gz,gamma_world_stability,FP,266583,0.1608829785694316,case_patch_macro
decoder_stage_1_low_to_high,ICC_PA18.nii.gz,gamma_world_stability,TN,26525889,0.49983035682461296,case_patch_macro
decoder_stage_1_low_to_high,ICC_PA18.nii.gz,gamma_world_stability,TP,1452009,0.5548279379609329,case_patch_macro
decoder_stage_1_low_to_high,ICC_PA18.nii.gz,pairwise_joint_product,FN,67071,0.0011115426716847877,case_patch_macro
decoder_stage_1_low_to_high,ICC_PA18.nii.gz,pairwise_joint_product,FP,266583,0.008642591584909235,case_patch_macro
decoder_stage_1_low_to_high,ICC_PA18.nii.gz,pairwise_joint_product,TN,26525889,0.32118483910739776,case_patch_macro
decoder_stage_1_low_to_high,ICC_PA18.nii.gz,pairwise_joint_product,TP,1452009,0.07383304171275239,case_patch_macro
decoder_stage_1_low_to_high,ICC_PA18.nii.gz,pairwise_world_stability,FN,67071,0.030137709993942535,case_patch_macro
decoder_stage_1_low_to_high,ICC_PA18.nii.gz,pairwise_world_stability,FP,266583,0.07367882943698136,case_patch_macro
decoder_stage_1_low_to_high,ICC_PA18.nii.gz,pairwise_world_stability,TN,26525889,0.5121104937771542,case_patch_macro
decoder_stage_1_low_to_high,ICC_PA18.nii.gz,pairwise_world_stability,TP,1452009,0.3039693381991398,case_patch_macro
final_decoder_feature,ICC_PA18.nii.gz,blur_joint_product,FN,67071,0.0012760266008859684,case_patch_macro
final_decoder_feature,ICC_PA18.nii.gz,blur_joint_product,FP,266583,0.008686888123112418,case_patch_macro
final_decoder_feature,ICC_PA18.nii.gz,blur_joint_product,TN,26525889,0.3209765643723952,case_patch_macro
final_decoder_feature,ICC_PA18.nii.gz,blur_joint_product,TP,1452009,0.06460508194188828,case_patch_macro
final_decoder_feature,ICC_PA18.nii.gz,blur_world_stability,FN,67071,0.03728450208790047,case_patch_macro
final_decoder_feature,ICC_PA18.nii.gz,blur_world_stability,FP,266583,0.08077986157001621,case_patch_macro
final_decoder_feature,ICC_PA18.nii.gz,blur_world_stability,TN,26525889,0.5138703931208382,case_patch_macro
final_decoder_feature,ICC_PA18.nii.gz,blur_world_stability,TP,1452009,0.2768548045141563,case_patch_macro
final_decoder_feature,ICC_PA18.nii.gz,confidence_rank,FN,67071,0.01876190616060516,case_patch_macro
final_decoder_feature,ICC_PA18.nii.gz,confidence_rank,FP,266583,0.041637271623605775,case_patch_macro
final_decoder_feature,ICC_PA18.nii.gz,confidence_rank,TN,26525889,0.523503891410341,case_patch_macro
final_decoder_feature,ICC_PA18.nii.gz,confidence_rank,TP,1452009,0.14786422901608623,case_patch_macro
final_decoder_feature,ICC_PA18.nii.gz,gamma_joint_product,FN,67071,0.0010191868074826548,case_patch_macro
final_decoder_feature,ICC_PA18.nii.gz,gamma_joint_product,FP,266583,0.0124975847131683,case_patch_macro
final_decoder_feature,ICC_PA18.nii.gz,gamma_joint_product,TN,26525889,0.3128893733460816,case_patch_macro
final_decoder_feature,ICC_PA18.nii.gz,gamma_joint_product,TP,1452009,0.10124342410778693,case_patch_macro
final_decoder_feature,ICC_PA18.nii.gz,gamma_world_stability,FN,67071,0.026953493203687184,case_patch_macro
final_decoder_feature,ICC_PA18.nii.gz,gamma_world_stability,FP,266583,0.13419468016586844,case_patch_macro
final_decoder_feature,ICC_PA18.nii.gz,gamma_world_stability,TN,26525889,0.5027965204622129,case_patch_macro
final_decoder_feature,ICC_PA18.nii.gz,gamma_world_stability,TP,1452009,0.5116639603966715,case_patch_macro
final_decoder_feature,ICC_PA18.nii.gz,pairwise_joint_product,FN,67071,0.0011974059165671218,case_patch_macro
final_decoder_feature,ICC_PA18.nii.gz,pairwise_joint_product,FP,266583,0.007213177538069715,case_patch_macro
final_decoder_feature,ICC_PA18.nii.gz,pairwise_joint_product,TN,26525889,0.32339426418315725,case_patch_macro
final_decoder_feature,ICC_PA18.nii.gz,pairwise_joint_product,TP,1452009,0.060387150928681944,case_patch_macro
final_decoder_feature,ICC_PA18.nii.gz,pairwise_world_stability,FN,67071,0.033776458131411516,case_patch_macro
final_decoder_feature,ICC_PA18.nii.gz,pairwise_world_stability,FP,266583,0.06388314735063799,case_patch_macro
final_decoder_feature,ICC_PA18.nii.gz,pairwise_world_stability,TN,26525889,0.5159515554420104,case_patch_macro
final_decoder_feature,ICC_PA18.nii.gz,pairwise_world_stability,TP,1452009,0.2514022123661866,case_patch_macro
final_decoder_stage_input,ICC_PA18.nii.gz,blur_joint_product,FN,67071,0.0012760266008859684,case_patch_macro
final_decoder_stage_input,ICC_PA18.nii.gz,blur_joint_product,FP,266583,0.008686888123112418,case_patch_macro
final_decoder_stage_input,ICC_PA18.nii.gz,blur_joint_product,TN,26525889,0.3209765643723952,case_patch_macro
final_decoder_stage_input,ICC_PA18.nii.gz,blur_joint_product,TP,1452009,0.06460508194188828,case_patch_macro
final_decoder_stage_input,ICC_PA18.nii.gz,blur_world_stability,FN,67071,0.03728450208790047,case_patch_macro
final_decoder_stage_input,ICC_PA18.nii.gz,blur_world_stability,FP,266583,0.08077986157001621,case_patch_macro
final_decoder_stage_input,ICC_PA18.nii.gz,blur_world_stability,TN,26525889,0.5138703931208382,case_patch_macro
final_decoder_stage_input,ICC_PA18.nii.gz,blur_world_stability,TP,1452009,0.2768548045141563,case_patch_macro
final_decoder_stage_input,ICC_PA18.nii.gz,confidence_rank,FN,67071,0.01876190616060516,case_patch_macro
final_decoder_stage_input,ICC_PA18.nii.gz,confidence_rank,FP,266583,0.041637271623605775,case_patch_macro
final_decoder_stage_input,ICC_PA18.nii.gz,confidence_rank,TN,26525889,0.523503891410341,case_patch_macro
final_decoder_stage_input,ICC_PA18.nii.gz,confidence_rank,TP,1452009,0.14786422901608623,case_patch_macro
final_decoder_stage_input,ICC_PA18.nii.gz,gamma_joint_product,FN,67071,0.0010191868074826548,case_patch_macro
final_decoder_stage_input,ICC_PA18.nii.gz,gamma_joint_product,FP,266583,0.0124975847131683,case_patch_macro
final_decoder_stage_input,ICC_PA18.nii.gz,gamma_joint_product,TN,26525889,0.3128893733460816,case_patch_macro
final_decoder_stage_input,ICC_PA18.nii.gz,gamma_joint_product,TP,1452009,0.10124342410778693,case_patch_macro
final_decoder_stage_input,ICC_PA18.nii.gz,gamma_world_stability,FN,67071,0.026953493203687184,case_patch_macro
final_decoder_stage_input,ICC_PA18.nii.gz,gamma_world_stability,FP,266583,0.13419468016586844,case_patch_macro
final_decoder_stage_input,ICC_PA18.nii.gz,gamma_world_stability,TN,26525889,0.5027965204622129,case_patch_macro
final_decoder_stage_input,ICC_PA18.nii.gz,gamma_world_stability,TP,1452009,0.5116639603966715,case_patch_macro
final_decoder_stage_input,ICC_PA18.nii.gz,pairwise_joint_product,FN,67071,0.0011974059165671218,case_patch_macro
final_decoder_stage_input,ICC_PA18.nii.gz,pairwise_joint_product,FP,266583,0.007213177538069715,case_patch_macro
final_decoder_stage_input,ICC_PA18.nii.gz,pairwise_joint_product,TN,26525889,0.32339426418315725,case_patch_macro
final_decoder_stage_input,ICC_PA18.nii.gz,pairwise_joint_product,TP,1452009,0.060387150928681944,case_patch_macro
final_decoder_stage_input,ICC_PA18.nii.gz,pairwise_world_stability,FN,67071,0.033776458131411516,case_patch_macro
final_decoder_stage_input,ICC_PA18.nii.gz,pairwise_world_stability,FP,266583,0.06388314735063799,case_patch_macro
final_decoder_stage_input,ICC_PA18.nii.gz,pairwise_world_stability,TN,26525889,0.5159515554420104,case_patch_macro
final_decoder_stage_input,ICC_PA18.nii.gz,pairwise_world_stability,TP,1452009,0.2514022123661866,case_patch_macro
full_voxtell_reference,ICC_PA18.nii.gz,blur_joint_product,FN,67071,0.0013568238841418282,case_patch_macro
full_voxtell_reference,ICC_PA18.nii.gz,blur_joint_product,FP,266583,0.008692146362223705,case_patch_macro
full_voxtell_reference,ICC_PA18.nii.gz,blur_joint_product,TN,26525889,0.31987304744743816,case_patch_macro
full_voxtell_reference,ICC_PA18.nii.gz,blur_joint_product,TP,1452009,0.05874911212978928,case_patch_macro
full_voxtell_reference,ICC_PA18.nii.gz,blur_world_stability,FN,67071,0.04041740383537626,case_patch_macro
full_voxtell_reference,ICC_PA18.nii.gz,blur_world_stability,FP,266583,0.08399841370721113,case_patch_macro
full_voxtell_reference,ICC_PA18.nii.gz,blur_world_stability,TN,26525889,0.5147872642569238,case_patch_macro
full_voxtell_reference,ICC_PA18.nii.gz,blur_world_stability,TP,1452009,0.257474487314624,case_patch_macro
full_voxtell_reference,ICC_PA18.nii.gz,confidence_rank,FN,67071,0.01876190616060516,case_patch_macro
full_voxtell_reference,ICC_PA18.nii.gz,confidence_rank,FP,266583,0.041637271623605775,case_patch_macro
full_voxtell_reference,ICC_PA18.nii.gz,confidence_rank,TN,26525889,0.523503891410341,case_patch_macro
full_voxtell_reference,ICC_PA18.nii.gz,confidence_rank,TP,1452009,0.14786422901608623,case_patch_macro
full_voxtell_reference,ICC_PA18.nii.gz,gamma_joint_product,FN,67071,0.0010107569056260835,case_patch_macro
full_voxtell_reference,ICC_PA18.nii.gz,gamma_joint_product,FP,266583,0.01250440713133738,case_patch_macro
full_voxtell_reference,ICC_PA18.nii.gz,gamma_joint_product,TN,26525889,0.3143587880010914,case_patch_macro
full_voxtell_reference,ICC_PA18.nii.gz,gamma_joint_product,TP,1452009,0.10020840949756939,case_patch_macro
full_voxtell_reference,ICC_PA18.nii.gz,gamma_world_stability,FN,67071,0.026258674603939092,case_patch_macro
full_voxtell_reference,ICC_PA18.nii.gz,gamma_world_stability,FP,266583,0.13323566800339673,case_patch_macro
full_voxtell_reference,ICC_PA18.nii.gz,gamma_world_stability,TN,26525889,0.5032062628613878,case_patch_macro
full_voxtell_reference,ICC_PA18.nii.gz,gamma_world_stability,TP,1452009,0.5041702767483159,case_patch_macro
full_voxtell_reference,ICC_PA18.nii.gz,pairwise_joint_product,FN,67071,0.0012456184897482443,case_patch_macro
full_voxtell_reference,ICC_PA18.nii.gz,pairwise_joint_product,FP,266583,0.0072436881502963325,case_patch_macro
full_voxtell_reference,ICC_PA18.nii.gz,pairwise_joint_product,TN,26525889,0.32285417186164445,case_patch_macro
full_voxtell_reference,ICC_PA18.nii.gz,pairwise_joint_product,TP,1452009,0.055440827629161214,case_patch_macro
full_voxtell_reference,ICC_PA18.nii.gz,pairwise_world_stability,FN,67071,0.035171776488552124,case_patch_macro
full_voxtell_reference,ICC_PA18.nii.gz,pairwise_world_stability,FP,266583,0.0664371006970324,case_patch_macro
full_voxtell_reference,ICC_PA18.nii.gz,pairwise_world_stability,TN,26525889,0.5166847686981332,case_patch_macro
full_voxtell_reference,ICC_PA18.nii.gz,pairwise_world_stability,TP,1452009,0.23471399961557327,case_patch_macro
penultimate_decoder_stage_output,ICC_PA18.nii.gz,blur_joint_product,FN,67071,0.0012742922164599932,case_patch_macro
penultimate_decoder_stage_output,ICC_PA18.nii.gz,blur_joint_product,FP,266583,0.009064902176276859,case_patch_macro
penultimate_decoder_stage_output,ICC_PA18.nii.gz,blur_joint_product,TN,26525889,0.3201681719121129,case_patch_macro
penultimate_decoder_stage_output,ICC_PA18.nii.gz,blur_joint_product,TP,1452009,0.07151363849217629,case_patch_macro
penultimate_decoder_stage_output,ICC_PA18.nii.gz,blur_world_stability,FN,67071,0.0370305496951834,case_patch_macro
penultimate_decoder_stage_output,ICC_PA18.nii.gz,blur_world_stability,FP,266583,0.08297912407904845,case_patch_macro
penultimate_decoder_stage_output,ICC_PA18.nii.gz,blur_world_stability,TN,26525889,0.5124654699378428,case_patch_macro
penultimate_decoder_stage_output,ICC_PA18.nii.gz,blur_world_stability,TP,1452009,0.29427568435262946,case_patch_macro
penultimate_decoder_stage_output,ICC_PA18.nii.gz,confidence_rank,FN,67071,0.01876190616060516,case_patch_macro
penultimate_decoder_stage_output,ICC_PA18.nii.gz,confidence_rank,FP,266583,0.041637271623605775,case_patch_macro
penultimate_decoder_stage_output,ICC_PA18.nii.gz,confidence_rank,TN,26525889,0.523503891410341,case_patch_macro
penultimate_decoder_stage_output,ICC_PA18.nii.gz,confidence_rank,TP,1452009,0.14786422901608623,case_patch_macro
penultimate_decoder_stage_output,ICC_PA18.nii.gz,gamma_joint_product,FN,67071,0.0010241562639065798,case_patch_macro
penultimate_decoder_stage_output,ICC_PA18.nii.gz,gamma_joint_product,FP,266583,0.012498047813673361,case_patch_macro
penultimate_decoder_stage_output,ICC_PA18.nii.gz,gamma_joint_product,TN,26525889,0.31328599884762626,case_patch_macro
penultimate_decoder_stage_output,ICC_PA18.nii.gz,gamma_joint_product,TP,1452009,0.09853665401298246,case_patch_macro
penultimate_decoder_stage_output,ICC_PA18.nii.gz,gamma_world_stability,FN,67071,0.026864926769386913,case_patch_macro
penultimate_decoder_stage_output,ICC_PA18.nii.gz,gamma_world_stability,FP,266583,0.13429836059630793,case_patch_macro
penultimate_decoder_stage_output,ICC_PA18.nii.gz,gamma_world_stability,TN,26525889,0.503409358598502,case_patch_macro
penultimate_decoder_stage_output,ICC_PA18.nii.gz,gamma_world_stability,TP,1452009,0.5142274342867715,case_patch_macro
penultimate_decoder_stage_output,ICC_PA18.nii.gz,pairwise_joint_product,FN,67071,0.0011949741567351057,case_patch_macro
penultimate_decoder_stage_output,ICC_PA18.nii.gz,pairwise_joint_product,FP,266583,0.007526785342460547,case_patch_macro
penultimate_decoder_stage_output,ICC_PA18.nii.gz,pairwise_joint_product,TN,26525889,0.322757953383619,case_patch_macro
penultimate_decoder_stage_output,ICC_PA18.nii.gz,pairwise_joint_product,TP,1452009,0.06581597902681678,case_patch_macro
penultimate_decoder_stage_output,ICC_PA18.nii.gz,pairwise_world_stability,FN,67071,0.03358143914773613,case_patch_macro
penultimate_decoder_stage_output,ICC_PA18.nii.gz,pairwise_world_stability,FP,266583,0.06550384564908233,case_patch_macro
penultimate_decoder_stage_output,ICC_PA18.nii.gz,pairwise_world_stability,TN,26525889,0.5148356635086715,case_patch_macro
penultimate_decoder_stage_output,ICC_PA18.nii.gz,pairwise_world_stability,TP,1452009,0.26553234758375116,case_patch_macro
decoder_stage_1_low_to_high,HCC_10081574_20140213.nii.gz,blur_joint_product,FN,25416,6.65458957507883e-05,case_patch_macro
decoder_stage_1_low_to_high,HCC_10081574_20140213.nii.gz,blur_joint_product,FP,50170,0.002582631394550345,case_patch_macro
decoder_stage_1_low_to_high,HCC_10081574_20140213.nii.gz,blur_joint_product,TN,27742652,0.30092375390800646,case_patch_macro
decoder_stage_1_low_to_high,HCC_10081574_20140213.nii.gz,blur_joint_product,TP,493314,0.2063691304664658,case_patch_macro
decoder_stage_1_low_to_high,HCC_10081574_20140213.nii.gz,blur_world_stability,FN,25416,0.007808554459063966,case_patch_macro
decoder_stage_1_low_to_high,HCC_10081574_20140213.nii.gz,blur_world_stability,FP,50170,0.03491283027685647,case_patch_macro
decoder_stage_1_low_to_high,HCC_10081574_20140213.nii.gz,blur_world_stability,TN,27742652,0.5030678421561176,case_patch_macro
decoder_stage_1_low_to_high,HCC_10081574_20140213.nii.gz,blur_world_stability,TP,493314,0.38717681151478806,case_patch_macro
decoder_stage_1_low_to_high,HCC_10081574_20140213.nii.gz,confidence_rank,FN,25416,0.005229511938745718,case_patch_macro
decoder_stage_1_low_to_high,HCC_10081574_20140213.nii.gz,confidence_rank,FP,50170,0.009234844354481351,case_patch_macro
decoder_stage_1_low_to_high,HCC_10081574_20140213.nii.gz,confidence_rank,TN,27742652,0.5045068159758965,case_patch_macro
decoder_stage_1_low_to_high,HCC_10081574_20140213.nii.gz,confidence_rank,TP,493314,0.31748731134797975,case_patch_macro
decoder_stage_1_low_to_high,HCC_10081574_20140213.nii.gz,gamma_joint_product,FN,25416,6.229834890305003e-05,case_patch_macro
decoder_stage_1_low_to_high,HCC_10081574_20140213.nii.gz,gamma_joint_product,FP,50170,0.003278171790264322,case_patch_macro
decoder_stage_1_low_to_high,HCC_10081574_20140213.nii.gz,gamma_joint_product,TN,27742652,0.29953975187005194,case_patch_macro
decoder_stage_1_low_to_high,HCC_10081574_20140213.nii.gz,gamma_joint_product,TP,493314,0.2560640764260505,case_patch_macro
decoder_stage_1_low_to_high,HCC_10081574_20140213.nii.gz,gamma_world_stability,FN,25416,0.007242575024923506,case_patch_macro
decoder_stage_1_low_to_high,HCC_10081574_20140213.nii.gz,gamma_world_stability,FP,50170,0.07092491114886511,case_patch_macro
decoder_stage_1_low_to_high,HCC_10081574_20140213.nii.gz,gamma_world_stability,TN,27742652,0.4999974770616675,case_patch_macro
decoder_stage_1_low_to_high,HCC_10081574_20140213.nii.gz,gamma_world_stability,TP,493314,0.5566939483823421,case_patch_macro
decoder_stage_1_low_to_high,HCC_10081574_20140213.nii.gz,pairwise_joint_product,FN,25416,5.9663045739800003e-05,case_patch_macro
decoder_stage_1_low_to_high,HCC_10081574_20140213.nii.gz,pairwise_joint_product,FP,50170,0.001985164639559162,case_patch_macro
decoder_stage_1_low_to_high,HCC_10081574_20140213.nii.gz,pairwise_joint_product,TN,27742652,0.30457096994992794,case_patch_macro
decoder_stage_1_low_to_high,HCC_10081574_20140213.nii.gz,pairwise_joint_product,TP,493314,0.19944179411918403,case_patch_macro
decoder_stage_1_low_to_high,HCC_10081574_20140213.nii.gz,pairwise_world_stability,FN,25416,0.006975475515158935,case_patch_macro
decoder_stage_1_low_to_high,HCC_10081574_20140213.nii.gz,pairwise_world_stability,FP,50170,0.022497058093917197,case_patch_macro
decoder_stage_1_low_to_high,HCC_10081574_20140213.nii.gz,pairwise_world_stability,TN,27742652,0.5039192259169306,case_patch_macro
decoder_stage_1_low_to_high,HCC_10081574_20140213.nii.gz,pairwise_world_stability,TP,493314,0.34259946232763405,case_patch_macro
final_decoder_feature,HCC_10081574_20140213.nii.gz,blur_joint_product,FN,25416,6.228096646102516e-05,case_patch_macro
final_decoder_feature,HCC_10081574_20140213.nii.gz,blur_joint_product,FP,50170,0.0021051201825813656,case_patch_macro
final_decoder_feature,HCC_10081574_20140213.nii.gz,blur_joint_product,TN,27742652,0.3026422007200687,case_patch_macro
final_decoder_feature,HCC_10081574_20140213.nii.gz,blur_joint_product,TP,493314,0.15821592745824412,case_patch_macro
final_decoder_feature,HCC_10081574_20140213.nii.gz,blur_world_stability,FN,25416,0.008880935005079381,case_patch_macro
final_decoder_feature,HCC_10081574_20140213.nii.gz,blur_world_stability,FP,50170,0.021862763986787357,case_patch_macro
final_decoder_feature,HCC_10081574_20140213.nii.gz,blur_world_stability,TN,27742652,0.5052732854307151,case_patch_macro
final_decoder_feature,HCC_10081574_20140213.nii.gz,blur_world_stability,TP,493314,0.2719689362666075,case_patch_macro
final_decoder_feature,HCC_10081574_20140213.nii.gz,confidence_rank,FN,25416,0.005229511938745718,case_patch_macro
final_decoder_feature,HCC_10081574_20140213.nii.gz,confidence_rank,FP,50170,0.009234844354481351,case_patch_macro
final_decoder_feature,HCC_10081574_20140213.nii.gz,confidence_rank,TN,27742652,0.5045068159758965,case_patch_macro
final_decoder_feature,HCC_10081574_20140213.nii.gz,confidence_rank,TP,493314,0.31748731134797975,case_patch_macro
final_decoder_feature,HCC_10081574_20140213.nii.gz,gamma_joint_product,FN,25416,8.153949322703404e-05,case_patch_macro
final_decoder_feature,HCC_10081574_20140213.nii.gz,gamma_joint_product,FP,50170,0.0017440449214481326,case_patch_macro
final_decoder_feature,HCC_10081574_20140213.nii.gz,gamma_joint_product,TN,27742652,0.30083604040070244,case_patch_macro
final_decoder_feature,HCC_10081574_20140213.nii.gz,gamma_joint_product,TP,493314,0.24542444750813852,case_patch_macro
final_decoder_feature,HCC_10081574_20140213.nii.gz,gamma_world_stability,FN,25416,0.0076872313003606765,case_patch_macro
final_decoder_feature,HCC_10081574_20140213.nii.gz,gamma_world_stability,FP,50170,0.043411486980207116,case_patch_macro
final_decoder_feature,HCC_10081574_20140213.nii.gz,gamma_world_stability,TN,27742652,0.5012203698579839,case_patch_macro
final_decoder_feature,HCC_10081574_20140213.nii.gz,gamma_world_stability,TP,493314,0.49371415361837334,case_patch_macro
final_decoder_feature,HCC_10081574_20140213.nii.gz,pairwise_joint_product,FN,25416,5.7770577966171536e-05,case_patch_macro
final_decoder_feature,HCC_10081574_20140213.nii.gz,pairwise_joint_product,FP,50170,0.000895233555601028,case_patch_macro
final_decoder_feature,HCC_10081574_20140213.nii.gz,pairwise_joint_product,TN,27742652,0.3062837632283041,case_patch_macro
final_decoder_feature,HCC_10081574_20140213.nii.gz,pairwise_joint_product,TP,493314,0.14519068427313267,case_patch_macro
final_decoder_feature,HCC_10081574_20140213.nii.gz,pairwise_world_stability,FN,25416,0.00783012911884646,case_patch_macro
final_decoder_feature,HCC_10081574_20140213.nii.gz,pairwise_world_stability,FP,50170,0.01432725827587948,case_patch_macro
final_decoder_feature,HCC_10081574_20140213.nii.gz,pairwise_world_stability,TN,27742652,0.5061539684622826,case_patch_macro
final_decoder_feature,HCC_10081574_20140213.nii.gz,pairwise_world_stability,TP,493314,0.22590948051511214,case_patch_macro
final_decoder_stage_input,HCC_10081574_20140213.nii.gz,blur_joint_product,FN,25416,6.228096646102516e-05,case_patch_macro
final_decoder_stage_input,HCC_10081574_20140213.nii.gz,blur_joint_product,FP,50170,0.0021051201825813656,case_patch_macro
final_decoder_stage_input,HCC_10081574_20140213.nii.gz,blur_joint_product,TN,27742652,0.3026422007200687,case_patch_macro
final_decoder_stage_input,HCC_10081574_20140213.nii.gz,blur_joint_product,TP,493314,0.15821592745824412,case_patch_macro
final_decoder_stage_input,HCC_10081574_20140213.nii.gz,blur_world_stability,FN,25416,0.008880935005079381,case_patch_macro
final_decoder_stage_input,HCC_10081574_20140213.nii.gz,blur_world_stability,FP,50170,0.021862763986787357,case_patch_macro
final_decoder_stage_input,HCC_10081574_20140213.nii.gz,blur_world_stability,TN,27742652,0.5052732854307151,case_patch_macro
final_decoder_stage_input,HCC_10081574_20140213.nii.gz,blur_world_stability,TP,493314,0.2719689362666075,case_patch_macro
final_decoder_stage_input,HCC_10081574_20140213.nii.gz,confidence_rank,FN,25416,0.005229511938745718,case_patch_macro
final_decoder_stage_input,HCC_10081574_20140213.nii.gz,confidence_rank,FP,50170,0.009234844354481351,case_patch_macro
final_decoder_stage_input,HCC_10081574_20140213.nii.gz,confidence_rank,TN,27742652,0.5045068159758965,case_patch_macro
final_decoder_stage_input,HCC_10081574_20140213.nii.gz,confidence_rank,TP,493314,0.31748731134797975,case_patch_macro
final_decoder_stage_input,HCC_10081574_20140213.nii.gz,gamma_joint_product,FN,25416,8.153949322703404e-05,case_patch_macro
final_decoder_stage_input,HCC_10081574_20140213.nii.gz,gamma_joint_product,FP,50170,0.0017440449214481326,case_patch_macro
final_decoder_stage_input,HCC_10081574_20140213.nii.gz,gamma_joint_product,TN,27742652,0.30083604040070244,case_patch_macro
final_decoder_stage_input,HCC_10081574_20140213.nii.gz,gamma_joint_product,TP,493314,0.24542444750813852,case_patch_macro
final_decoder_stage_input,HCC_10081574_20140213.nii.gz,gamma_world_stability,FN,25416,0.0076872313003606765,case_patch_macro
final_decoder_stage_input,HCC_10081574_20140213.nii.gz,gamma_world_stability,FP,50170,0.043411486980207116,case_patch_macro
final_decoder_stage_input,HCC_10081574_20140213.nii.gz,gamma_world_stability,TN,27742652,0.5012203698579839,case_patch_macro
final_decoder_stage_input,HCC_10081574_20140213.nii.gz,gamma_world_stability,TP,493314,0.49371415361837334,case_patch_macro
final_decoder_stage_input,HCC_10081574_20140213.nii.gz,pairwise_joint_product,FN,25416,5.7770577966171536e-05,case_patch_macro
final_decoder_stage_input,HCC_10081574_20140213.nii.gz,pairwise_joint_product,FP,50170,0.000895233555601028,case_patch_macro
final_decoder_stage_input,HCC_10081574_20140213.nii.gz,pairwise_joint_product,TN,27742652,0.3062837632283041,case_patch_macro
final_decoder_stage_input,HCC_10081574_20140213.nii.gz,pairwise_joint_product,TP,493314,0.14519068427313267,case_patch_macro
final_decoder_stage_input,HCC_10081574_20140213.nii.gz,pairwise_world_stability,FN,25416,0.00783012911884646,case_patch_macro
final_decoder_stage_input,HCC_10081574_20140213.nii.gz,pairwise_world_stability,FP,50170,0.01432725827587948,case_patch_macro
final_decoder_stage_input,HCC_10081574_20140213.nii.gz,pairwise_world_stability,TN,27742652,0.5061539684622826,case_patch_macro
final_decoder_stage_input,HCC_10081574_20140213.nii.gz,pairwise_world_stability,TP,493314,0.22590948051511214,case_patch_macro
full_voxtell_reference,HCC_10081574_20140213.nii.gz,blur_joint_product,FN,25416,6.25205808424389e-05,case_patch_macro
full_voxtell_reference,HCC_10081574_20140213.nii.gz,blur_joint_product,FP,50170,0.0021496376215414327,case_patch_macro
full_voxtell_reference,HCC_10081574_20140213.nii.gz,blur_joint_product,TN,27742652,0.30032216253120797,case_patch_macro
full_voxtell_reference,HCC_10081574_20140213.nii.gz,blur_joint_product,TP,493314,0.16974040294609094,case_patch_macro
full_voxtell_reference,HCC_10081574_20140213.nii.gz,blur_world_stability,FN,25416,0.008787650811323927,case_patch_macro
full_voxtell_reference,HCC_10081574_20140213.nii.gz,blur_world_stability,FP,50170,0.02061134771996306,case_patch_macro
full_voxtell_reference,HCC_10081574_20140213.nii.gz,blur_world_stability,TN,27742652,0.5051334469207734,case_patch_macro
full_voxtell_reference,HCC_10081574_20140213.nii.gz,blur_world_stability,TP,493314,0.27861798443560515,case_patch_macro
full_voxtell_reference,HCC_10081574_20140213.nii.gz,confidence_rank,FN,25416,0.005229511938745718,case_patch_macro
full_voxtell_reference,HCC_10081574_20140213.nii.gz,confidence_rank,FP,50170,0.009234844354481351,case_patch_macro
full_voxtell_reference,HCC_10081574_20140213.nii.gz,confidence_rank,TN,27742652,0.5045068159758965,case_patch_macro
full_voxtell_reference,HCC_10081574_20140213.nii.gz,confidence_rank,TP,493314,0.31748731134797975,case_patch_macro
full_voxtell_reference,HCC_10081574_20140213.nii.gz,gamma_joint_product,FN,25416,7.918075158994939e-05,case_patch_macro
full_voxtell_reference,HCC_10081574_20140213.nii.gz,gamma_joint_product,FP,50170,0.002079322543965621,case_patch_macro
full_voxtell_reference,HCC_10081574_20140213.nii.gz,gamma_joint_product,TN,27742652,0.3017173389945938,case_patch_macro
full_voxtell_reference,HCC_10081574_20140213.nii.gz,gamma_joint_product,TP,493314,0.25462965187974856,case_patch_macro
full_voxtell_reference,HCC_10081574_20140213.nii.gz,gamma_world_stability,FN,25416,0.007819460651513397,case_patch_macro
full_voxtell_reference,HCC_10081574_20140213.nii.gz,gamma_world_stability,FP,50170,0.04615298257017442,case_patch_macro
full_voxtell_reference,HCC_10081574_20140213.nii.gz,gamma_world_stability,TN,27742652,0.501169049950305,case_patch_macro
full_voxtell_reference,HCC_10081574_20140213.nii.gz,gamma_world_stability,TP,493314,0.49628929078450684,case_patch_macro
full_voxtell_reference,HCC_10081574_20140213.nii.gz,pairwise_joint_product,FN,25416,5.8165013662786454e-05,case_patch_macro
full_voxtell_reference,HCC_10081574_20140213.nii.gz,pairwise_joint_product,FP,50170,0.0011447865054126749,case_patch_macro
full_voxtell_reference,HCC_10081574_20140213.nii.gz,pairwise_joint_product,TN,27742652,0.3053263796165524,case_patch_macro
full_voxtell_reference,HCC_10081574_20140213.nii.gz,pairwise_joint_product,TP,493314,0.15929139600368167,case_patch_macro
full_voxtell_reference,HCC_10081574_20140213.nii.gz,pairwise_world_stability,FN,25416,0.007887124071273446,case_patch_macro
full_voxtell_reference,HCC_10081574_20140213.nii.gz,pairwise_world_stability,FP,50170,0.014539295668977511,case_patch_macro
full_voxtell_reference,HCC_10081574_20140213.nii.gz,pairwise_world_stability,TN,27742652,0.5059717752641084,case_patch_macro
full_voxtell_reference,HCC_10081574_20140213.nii.gz,pairwise_world_stability,TP,493314,0.23419034245809608,case_patch_macro
penultimate_decoder_stage_output,HCC_10081574_20140213.nii.gz,blur_joint_product,FN,25416,6.191892321464132e-05,case_patch_macro
penultimate_decoder_stage_output,HCC_10081574_20140213.nii.gz,blur_joint_product,FP,50170,0.0022775446582136705,case_patch_macro
penultimate_decoder_stage_output,HCC_10081574_20140213.nii.gz,blur_joint_product,TN,27742652,0.30264395613628653,case_patch_macro
penultimate_decoder_stage_output,HCC_10081574_20140213.nii.gz,blur_joint_product,TP,493314,0.17171124587571854,case_patch_macro
penultimate_decoder_stage_output,HCC_10081574_20140213.nii.gz,blur_world_stability,FN,25416,0.008558227013302139,case_patch_macro
penultimate_decoder_stage_output,HCC_10081574_20140213.nii.gz,blur_world_stability,FP,50170,0.02159674793717492,case_patch_macro
penultimate_decoder_stage_output,HCC_10081574_20140213.nii.gz,blur_world_stability,TN,27742652,0.5050113348529326,case_patch_macro
penultimate_decoder_stage_output,HCC_10081574_20140213.nii.gz,blur_world_stability,TP,493314,0.28591698910451707,case_patch_macro
penultimate_decoder_stage_output,HCC_10081574_20140213.nii.gz,confidence_rank,FN,25416,0.005229511938745718,case_patch_macro
penultimate_decoder_stage_output,HCC_10081574_20140213.nii.gz,confidence_rank,FP,50170,0.009234844354481351,case_patch_macro
penultimate_decoder_stage_output,HCC_10081574_20140213.nii.gz,confidence_rank,TN,27742652,0.5045068159758965,case_patch_macro
penultimate_decoder_stage_output,HCC_10081574_20140213.nii.gz,confidence_rank,TP,493314,0.31748731134797975,case_patch_macro
penultimate_decoder_stage_output,HCC_10081574_20140213.nii.gz,gamma_joint_product,FN,25416,8.164838131816533e-05,case_patch_macro
penultimate_decoder_stage_output,HCC_10081574_20140213.nii.gz,gamma_joint_product,FP,50170,0.0018071920129499165,case_patch_macro
penultimate_decoder_stage_output,HCC_10081574_20140213.nii.gz,gamma_joint_product,TN,27742652,0.30082364444559,case_patch_macro
penultimate_decoder_stage_output,HCC_10081574_20140213.nii.gz,gamma_joint_product,TP,493314,0.24212622507679635,case_patch_macro
penultimate_decoder_stage_output,HCC_10081574_20140213.nii.gz,gamma_world_stability,FN,25416,0.007864805886248764,case_patch_macro
penultimate_decoder_stage_output,HCC_10081574_20140213.nii.gz,gamma_world_stability,FP,50170,0.04445531772178369,case_patch_macro
penultimate_decoder_stage_output,HCC_10081574_20140213.nii.gz,gamma_world_stability,TN,27742652,0.5012815894500494,case_patch_macro
penultimate_decoder_stage_output,HCC_10081574_20140213.nii.gz,gamma_world_stability,TP,493314,0.49000936395453715,case_patch_macro
penultimate_decoder_stage_output,HCC_10081574_20140213.nii.gz,pairwise_joint_product,FN,25416,6.038363197507313e-05,case_patch_macro
penultimate_decoder_stage_output,HCC_10081574_20140213.nii.gz,pairwise_joint_product,FP,50170,0.0009551914942530906,case_patch_macro
penultimate_decoder_stage_output,HCC_10081574_20140213.nii.gz,pairwise_joint_product,TN,27742652,0.3063402351684478,case_patch_macro
penultimate_decoder_stage_output,HCC_10081574_20140213.nii.gz,pairwise_joint_product,TP,493314,0.15687742656226697,case_patch_macro
penultimate_decoder_stage_output,HCC_10081574_20140213.nii.gz,pairwise_world_stability,FN,25416,0.007958378914340505,case_patch_macro
penultimate_decoder_stage_output,HCC_10081574_20140213.nii.gz,pairwise_world_stability,FP,50170,0.014506201670620196,case_patch_macro
penultimate_decoder_stage_output,HCC_10081574_20140213.nii.gz,pairwise_world_stability,TN,27742652,0.505892399527565,case_patch_macro
penultimate_decoder_stage_output,HCC_10081574_20140213.nii.gz,pairwise_world_stability,TP,493314,0.2394169370047997,case_patch_macro
decoder_stage_1_low_to_high,MET_PA19.nii.gz,blur_joint_product,FN,42388,0.00034517975681000235,case_patch_macro
decoder_stage_1_low_to_high,MET_PA19.nii.gz,blur_joint_product,FP,36595,0.004034168898202242,case_patch_macro
decoder_stage_1_low_to_high,MET_PA19.nii.gz,blur_joint_product,TN,27882966,0.2956803557335471,case_patch_macro
decoder_stage_1_low_to_high,MET_PA19.nii.gz,blur_joint_product,TP,349603,0.016370531855644212,case_patch_macro
decoder_stage_1_low_to_high,MET_PA19.nii.gz,blur_world_stability,FN,42388,0.011880036635787279,case_patch_macro
decoder_stage_1_low_to_high,MET_PA19.nii.gz,blur_world_stability,FP,36595,0.0262004086023359,case_patch_macro
decoder_stage_1_low_to_high,MET_PA19.nii.gz,blur_world_stability,TN,27882966,0.5062512878302967,case_patch_macro
decoder_stage_1_low_to_high,MET_PA19.nii.gz,blur_world_stability,TP,349603,0.08710929053899007,case_patch_macro
decoder_stage_1_low_to_high,MET_PA19.nii.gz,confidence_rank,FN,42388,0.009158770662835899,case_patch_macro
decoder_stage_1_low_to_high,MET_PA19.nii.gz,confidence_rank,FP,36595,0.010321770413854023,case_patch_macro
decoder_stage_1_low_to_high,MET_PA19.nii.gz,confidence_rank,TN,27882966,0.5070554997978687,case_patch_macro
decoder_stage_1_low_to_high,MET_PA19.nii.gz,confidence_rank,TP,349603,0.03982263708870797,case_patch_macro
decoder_stage_1_low_to_high,MET_PA19.nii.gz,gamma_joint_product,FN,42388,0.00039877141465975794,case_patch_macro
decoder_stage_1_low_to_high,MET_PA19.nii.gz,gamma_joint_product,FP,36595,0.00396304576178074,case_patch_macro
decoder_stage_1_low_to_high,MET_PA19.nii.gz,gamma_joint_product,TN,27882966,0.290876050343459,case_patch_macro
decoder_stage_1_low_to_high,MET_PA19.nii.gz,gamma_joint_product,TP,349603,0.024650745302811847,case_patch_macro
decoder_stage_1_low_to_high,MET_PA19.nii.gz,gamma_world_stability,FN,42388,0.011718163293895996,case_patch_macro
decoder_stage_1_low_to_high,MET_PA19.nii.gz,gamma_world_stability,FP,36595,0.04334605340071174,case_patch_macro
decoder_stage_1_low_to_high,MET_PA19.nii.gz,gamma_world_stability,TN,27882966,0.5042144142093857,case_patch_macro
decoder_stage_1_low_to_high,MET_PA19.nii.gz,gamma_world_stability,TP,349603,0.20331553024425064,case_patch_macro
decoder_stage_1_low_to_high,MET_PA19.nii.gz,pairwise_joint_product,FN,42388,0.0003323154284639671,case_patch_macro
decoder_stage_1_low_to_high,MET_PA19.nii.gz,pairwise_joint_product,FP,36595,0.0035095928989478816,case_patch_macro
decoder_stage_1_low_to_high,MET_PA19.nii.gz,pairwise_joint_product,TN,27882966,0.2981125274895867,case_patch_macro
decoder_stage_1_low_to_high,MET_PA19.nii.gz,pairwise_joint_product,TP,349603,0.014569641843298209,case_patch_macro
decoder_stage_1_low_to_high,MET_PA19.nii.gz,pairwise_world_stability,FN,42388,0.01087338492872208,case_patch_macro
decoder_stage_1_low_to_high,MET_PA19.nii.gz,pairwise_world_stability,FP,36595,0.017109445364958734,case_patch_macro
decoder_stage_1_low_to_high,MET_PA19.nii.gz,pairwise_world_stability,TN,27882966,0.5066245798596434,case_patch_macro
decoder_stage_1_low_to_high,MET_PA19.nii.gz,pairwise_world_stability,TP,349603,0.06517630102276584,case_patch_macro
final_decoder_feature,MET_PA19.nii.gz,blur_joint_product,FN,42388,0.0002684179210762193,case_patch_macro
final_decoder_feature,MET_PA19.nii.gz,blur_joint_product,FP,36595,0.0006683587006649939,case_patch_macro
final_decoder_feature,MET_PA19.nii.gz,blur_joint_product,TN,27882966,0.2978610407810385,case_patch_macro
final_decoder_feature,MET_PA19.nii.gz,blur_joint_product,TP,349603,0.006617797181271504,case_patch_macro
final_decoder_feature,MET_PA19.nii.gz,blur_world_stability,FN,42388,0.012762261530929972,case_patch_macro
final_decoder_feature,MET_PA19.nii.gz,blur_world_stability,FP,36595,0.0153355667179854,case_patch_macro
final_decoder_feature,MET_PA19.nii.gz,blur_world_stability,TN,27882966,0.5069468069152048,case_patch_macro
final_decoder_feature,MET_PA19.nii.gz,blur_world_stability,TP,349603,0.04540277664290058,case_patch_macro
final_decoder_feature,MET_PA19.nii.gz,confidence_rank,FN,42388,0.009158770662835899,case_patch_macro
final_decoder_feature,MET_PA19.nii.gz,confidence_rank,FP,36595,0.010321770413854023,case_patch_macro
final_decoder_feature,MET_PA19.nii.gz,confidence_rank,TN,27882966,0.5070554997978687,case_patch_macro
final_decoder_feature,MET_PA19.nii.gz,confidence_rank,TP,349603,0.03982263708870797,case_patch_macro
final_decoder_feature,MET_PA19.nii.gz,gamma_joint_product,FN,42388,0.0003465115917490967,case_patch_macro
final_decoder_feature,MET_PA19.nii.gz,gamma_joint_product,FP,36595,0.0035034591690604883,case_patch_macro
final_decoder_feature,MET_PA19.nii.gz,gamma_joint_product,TN,27882966,0.29267042623203005,case_patch_macro
final_decoder_feature,MET_PA19.nii.gz,gamma_joint_product,TP,349603,0.024130271649146006,case_patch_macro
final_decoder_feature,MET_PA19.nii.gz,gamma_world_stability,FN,42388,0.01012364296395715,case_patch_macro
final_decoder_feature,MET_PA19.nii.gz,gamma_world_stability,FP,36595,0.036048481460742264,case_patch_macro
final_decoder_feature,MET_PA19.nii.gz,gamma_world_stability,TN,27882966,0.5045613933510519,case_patch_macro
final_decoder_feature,MET_PA19.nii.gz,gamma_world_stability,TP,349603,0.18387960905177655,case_patch_macro
final_decoder_feature,MET_PA19.nii.gz,pairwise_joint_product,FN,42388,0.00024344164742817084,case_patch_macro
final_decoder_feature,MET_PA19.nii.gz,pairwise_joint_product,FP,36595,0.0005720677189912806,case_patch_macro
final_decoder_feature,MET_PA19.nii.gz,pairwise_joint_product,TN,27882966,0.2999784812896107,case_patch_macro
final_decoder_feature,MET_PA19.nii.gz,pairwise_joint_product,TP,349603,0.005527752008506963,case_patch_macro
final_decoder_feature,MET_PA19.nii.gz,pairwise_world_stability,FN,42388,0.011284955172249913,case_patch_macro
final_decoder_feature,MET_PA19.nii.gz,pairwise_world_stability,FP,36595,0.011464356302859552,case_patch_macro
final_decoder_feature,MET_PA19.nii.gz,pairwise_world_stability,TN,27882966,0.5071712306836051,case_patch_macro
final_decoder_feature,MET_PA19.nii.gz,pairwise_world_stability,TP,349603,0.032706358137794905,case_patch_macro
final_decoder_stage_input,MET_PA19.nii.gz,blur_joint_product,FN,42388,0.0002684179210762193,case_patch_macro
final_decoder_stage_input,MET_PA19.nii.gz,blur_joint_product,FP,36595,0.0006683587006649939,case_patch_macro
final_decoder_stage_input,MET_PA19.nii.gz,blur_joint_product,TN,27882966,0.2978610407810385,case_patch_macro
final_decoder_stage_input,MET_PA19.nii.gz,blur_joint_product,TP,349603,0.006617797181271504,case_patch_macro
final_decoder_stage_input,MET_PA19.nii.gz,blur_world_stability,FN,42388,0.012762261530929972,case_patch_macro
final_decoder_stage_input,MET_PA19.nii.gz,blur_world_stability,FP,36595,0.0153355667179854,case_patch_macro
final_decoder_stage_input,MET_PA19.nii.gz,blur_world_stability,TN,27882966,0.5069468069152048,case_patch_macro
final_decoder_stage_input,MET_PA19.nii.gz,blur_world_stability,TP,349603,0.04540277664290058,case_patch_macro
final_decoder_stage_input,MET_PA19.nii.gz,confidence_rank,FN,42388,0.009158770662835899,case_patch_macro
final_decoder_stage_input,MET_PA19.nii.gz,confidence_rank,FP,36595,0.010321770413854023,case_patch_macro
final_decoder_stage_input,MET_PA19.nii.gz,confidence_rank,TN,27882966,0.5070554997978687,case_patch_macro
final_decoder_stage_input,MET_PA19.nii.gz,confidence_rank,TP,349603,0.03982263708870797,case_patch_macro
final_decoder_stage_input,MET_PA19.nii.gz,gamma_joint_product,FN,42388,0.0003465115917490967,case_patch_macro
final_decoder_stage_input,MET_PA19.nii.gz,gamma_joint_product,FP,36595,0.0035034591690604883,case_patch_macro
final_decoder_stage_input,MET_PA19.nii.gz,gamma_joint_product,TN,27882966,0.29267042623203005,case_patch_macro
final_decoder_stage_input,MET_PA19.nii.gz,gamma_joint_product,TP,349603,0.024130271649146006,case_patch_macro
final_decoder_stage_input,MET_PA19.nii.gz,gamma_world_stability,FN,42388,0.01012364296395715,case_patch_macro
final_decoder_stage_input,MET_PA19.nii.gz,gamma_world_stability,FP,36595,0.036048481460742264,case_patch_macro
final_decoder_stage_input,MET_PA19.nii.gz,gamma_world_stability,TN,27882966,0.5045613933510519,case_patch_macro
final_decoder_stage_input,MET_PA19.nii.gz,gamma_world_stability,TP,349603,0.18387960905177655,case_patch_macro
final_decoder_stage_input,MET_PA19.nii.gz,pairwise_joint_product,FN,42388,0.00024344164742817084,case_patch_macro
final_decoder_stage_input,MET_PA19.nii.gz,pairwise_joint_product,FP,36595,0.0005720677189912806,case_patch_macro
final_decoder_stage_input,MET_PA19.nii.gz,pairwise_joint_product,TN,27882966,0.2999784812896107,case_patch_macro
final_decoder_stage_input,MET_PA19.nii.gz,pairwise_joint_product,TP,349603,0.005527752008506963,case_patch_macro
final_decoder_stage_input,MET_PA19.nii.gz,pairwise_world_stability,FN,42388,0.011284955172249913,case_patch_macro
final_decoder_stage_input,MET_PA19.nii.gz,pairwise_world_stability,FP,36595,0.011464356302859552,case_patch_macro
final_decoder_stage_input,MET_PA19.nii.gz,pairwise_world_stability,TN,27882966,0.5071712306836051,case_patch_macro
final_decoder_stage_input,MET_PA19.nii.gz,pairwise_world_stability,TP,349603,0.032706358137794905,case_patch_macro
full_voxtell_reference,MET_PA19.nii.gz,blur_joint_product,FN,42388,0.00027851593793346143,case_patch_macro
full_voxtell_reference,MET_PA19.nii.gz,blur_joint_product,FP,36595,0.0009201245929547534,case_patch_macro
full_voxtell_reference,MET_PA19.nii.gz,blur_joint_product,TN,27882966,0.29578986393965656,case_patch_macro
full_voxtell_reference,MET_PA19.nii.gz,blur_joint_product,TP,349603,0.0075873308318668104,case_patch_macro
full_voxtell_reference,MET_PA19.nii.gz,blur_world_stability,FN,42388,0.012773737416653061,case_patch_macro
full_voxtell_reference,MET_PA19.nii.gz,blur_world_stability,FP,36595,0.01651030222010169,case_patch_macro
full_voxtell_reference,MET_PA19.nii.gz,blur_world_stability,TN,27882966,0.5068653430498183,case_patch_macro
full_voxtell_reference,MET_PA19.nii.gz,blur_world_stability,TP,349603,0.04880992586921045,case_patch_macro
full_voxtell_reference,MET_PA19.nii.gz,confidence_rank,FN,42388,0.009158770662835899,case_patch_macro
full_voxtell_reference,MET_PA19.nii.gz,confidence_rank,FP,36595,0.010321770413854023,case_patch_macro
full_voxtell_reference,MET_PA19.nii.gz,confidence_rank,TN,27882966,0.5070554997978687,case_patch_macro
full_voxtell_reference,MET_PA19.nii.gz,confidence_rank,TP,349603,0.03982263708870797,case_patch_macro
full_voxtell_reference,MET_PA19.nii.gz,gamma_joint_product,FN,42388,0.00033279267612951446,case_patch_macro
full_voxtell_reference,MET_PA19.nii.gz,gamma_joint_product,FP,36595,0.003485559376909673,case_patch_macro
full_voxtell_reference,MET_PA19.nii.gz,gamma_joint_product,TN,27882966,0.2923792540723988,case_patch_macro
full_voxtell_reference,MET_PA19.nii.gz,gamma_joint_product,TP,349603,0.024509940494867318,case_patch_macro
full_voxtell_reference,MET_PA19.nii.gz,gamma_world_stability,FN,42388,0.009784444817758234,case_patch_macro
full_voxtell_reference,MET_PA19.nii.gz,gamma_world_stability,FP,36595,0.03603344505637861,case_patch_macro
full_voxtell_reference,MET_PA19.nii.gz,gamma_world_stability,TN,27882966,0.5045259732003727,case_patch_macro
full_voxtell_reference,MET_PA19.nii.gz,gamma_world_stability,TP,349603,0.18918468761171356,case_patch_macro
full_voxtell_reference,MET_PA19.nii.gz,pairwise_joint_product,FN,42388,0.00025115071422009534,case_patch_macro
full_voxtell_reference,MET_PA19.nii.gz,pairwise_joint_product,FP,36595,0.000734282058895739,case_patch_macro
full_voxtell_reference,MET_PA19.nii.gz,pairwise_joint_product,TN,27882966,0.2984085200711678,case_patch_macro
full_voxtell_reference,MET_PA19.nii.gz,pairwise_joint_product,TP,349603,0.006405553658143412,case_patch_macro
full_voxtell_reference,MET_PA19.nii.gz,pairwise_world_stability,FN,42388,0.011089505802191696,case_patch_macro
full_voxtell_reference,MET_PA19.nii.gz,pairwise_world_stability,FP,36595,0.012283973571967964,case_patch_macro
full_voxtell_reference,MET_PA19.nii.gz,pairwise_world_stability,TN,27882966,0.5071103671221837,case_patch_macro
full_voxtell_reference,MET_PA19.nii.gz,pairwise_world_stability,TP,349603,0.03548722182888917,case_patch_macro
penultimate_decoder_stage_output,MET_PA19.nii.gz,blur_joint_product,FN,42388,0.00031770875447090306,case_patch_macro
penultimate_decoder_stage_output,MET_PA19.nii.gz,blur_joint_product,FP,36595,0.0026910504894369068,case_patch_macro
penultimate_decoder_stage_output,MET_PA19.nii.gz,blur_joint_product,TN,27882966,0.2977020160329903,case_patch_macro
penultimate_decoder_stage_output,MET_PA19.nii.gz,blur_joint_product,TP,349603,0.01446893237175999,case_patch_macro
penultimate_decoder_stage_output,MET_PA19.nii.gz,blur_world_stability,FN,42388,0.012716548820514617,case_patch_macro
penultimate_decoder_stage_output,MET_PA19.nii.gz,blur_world_stability,FP,36595,0.01647460680515962,case_patch_macro
penultimate_decoder_stage_output,MET_PA19.nii.gz,blur_world_stability,TN,27882966,0.5066065399222645,case_patch_macro
penultimate_decoder_stage_output,MET_PA19.nii.gz,blur_world_stability,TP,349603,0.06522200151243723,case_patch_macro
penultimate_decoder_stage_output,MET_PA19.nii.gz,confidence_rank,FN,42388,0.009158770662835899,case_patch_macro
penultimate_decoder_stage_output,MET_PA19.nii.gz,confidence_rank,FP,36595,0.010321770413854023,case_patch_macro
penultimate_decoder_stage_output,MET_PA19.nii.gz,confidence_rank,TN,27882966,0.5070554997978687,case_patch_macro
penultimate_decoder_stage_output,MET_PA19.nii.gz,confidence_rank,TP,349603,0.03982263708870797,case_patch_macro
penultimate_decoder_stage_output,MET_PA19.nii.gz,gamma_joint_product,FN,42388,0.0003375264923057998,case_patch_macro
penultimate_decoder_stage_output,MET_PA19.nii.gz,gamma_joint_product,FP,36595,0.003595066410630897,case_patch_macro
penultimate_decoder_stage_output,MET_PA19.nii.gz,gamma_joint_product,TN,27882966,0.292633670852172,case_patch_macro
penultimate_decoder_stage_output,MET_PA19.nii.gz,gamma_joint_product,TP,349603,0.02382258982042432,case_patch_macro
penultimate_decoder_stage_output,MET_PA19.nii.gz,gamma_world_stability,FN,42388,0.009976092360717701,case_patch_macro
penultimate_decoder_stage_output,MET_PA19.nii.gz,gamma_world_stability,FP,36595,0.035436062123355615,case_patch_macro
penultimate_decoder_stage_output,MET_PA19.nii.gz,gamma_world_stability,TN,27882966,0.5045483582631759,case_patch_macro
penultimate_decoder_stage_output,MET_PA19.nii.gz,gamma_world_stability,TP,349603,0.18759695659034517,case_patch_macro
penultimate_decoder_stage_output,MET_PA19.nii.gz,pairwise_joint_product,FN,42388,0.0002878771171844679,case_patch_macro
penultimate_decoder_stage_output,MET_PA19.nii.gz,pairwise_joint_product,FP,36595,0.0021087280984598603,case_patch_macro
penultimate_decoder_stage_output,MET_PA19.nii.gz,pairwise_joint_product,TN,27882966,0.2999234341865349,case_patch_macro
penultimate_decoder_stage_output,MET_PA19.nii.gz,pairwise_joint_product,TP,349603,0.012263133684564534,case_patch_macro
penultimate_decoder_stage_output,MET_PA19.nii.gz,pairwise_world_stability,FN,42388,0.01123166694003347,case_patch_macro
penultimate_decoder_stage_output,MET_PA19.nii.gz,pairwise_world_stability,FP,36595,0.011671243118669683,case_patch_macro
penultimate_decoder_stage_output,MET_PA19.nii.gz,pairwise_world_stability,TN,27882966,0.5069092242885637,case_patch_macro
penultimate_decoder_stage_output,MET_PA19.nii.gz,pairwise_world_stability,TP,349603,0.04801843209349845,case_patch_macro
decoder_stage_1_low_to_high,HEM_PA24.nii.gz,blur_joint_product,FN,27930,0.0002505495583349579,case_patch_macro
decoder_stage_1_low_to_high,HEM_PA24.nii.gz,blur_joint_product,FP,64366,0.004285480984140044,case_patch_macro
decoder_stage_1_low_to_high,HEM_PA24.nii.gz,blur_joint_product,TN,27767677,0.3011442111160174,case_patch_macro
decoder_stage_1_low_to_high,HEM_PA24.nii.gz,blur_joint_product,TP,451579,0.1020851481314325,case_patch_macro
decoder_stage_1_low_to_high,HEM_PA24.nii.gz,blur_world_stability,FN,27930,0.011457670449806424,case_patch_macro
decoder_stage_1_low_to_high,HEM_PA24.nii.gz,blur_world_stability,FP,64366,0.04286186960686394,case_patch_macro
decoder_stage_1_low_to_high,HEM_PA24.nii.gz,blur_world_stability,TN,27767677,0.5057566855720848,case_patch_macro
decoder_stage_1_low_to_high,HEM_PA24.nii.gz,blur_world_stability,TP,451579,0.2666402323179902,case_patch_macro
decoder_stage_1_low_to_high,HEM_PA24.nii.gz,confidence_rank,FN,27930,0.0076546665758548856,case_patch_macro
decoder_stage_1_low_to_high,HEM_PA24.nii.gz,confidence_rank,FP,64366,0.019167044026757347,case_patch_macro
decoder_stage_1_low_to_high,HEM_PA24.nii.gz,confidence_rank,TN,27767677,0.5077438933656099,case_patch_macro
decoder_stage_1_low_to_high,HEM_PA24.nii.gz,confidence_rank,TP,451579,0.19325990254268632,case_patch_macro
decoder_stage_1_low_to_high,HEM_PA24.nii.gz,gamma_joint_product,FN,27930,0.00020597485991735286,case_patch_macro
decoder_stage_1_low_to_high,HEM_PA24.nii.gz,gamma_joint_product,FP,64366,0.008629826062040415,case_patch_macro
decoder_stage_1_low_to_high,HEM_PA24.nii.gz,gamma_joint_product,TN,27767677,0.29613815621239753,case_patch_macro
decoder_stage_1_low_to_high,HEM_PA24.nii.gz,gamma_joint_product,TP,451579,0.12644756662696988,case_patch_macro
decoder_stage_1_low_to_high,HEM_PA24.nii.gz,gamma_world_stability,FN,27930,0.008509140224011435,case_patch_macro
decoder_stage_1_low_to_high,HEM_PA24.nii.gz,gamma_world_stability,FP,64366,0.12403559643802246,case_patch_macro
decoder_stage_1_low_to_high,HEM_PA24.nii.gz,gamma_world_stability,TN,27767677,0.5021587012813226,case_patch_macro
decoder_stage_1_low_to_high,HEM_PA24.nii.gz,gamma_world_stability,TP,451579,0.4516526438790383,case_patch_macro
decoder_stage_1_low_to_high,HEM_PA24.nii.gz,pairwise_joint_product,FN,27930,0.00020922682721694823,case_patch_macro
decoder_stage_1_low_to_high,HEM_PA24.nii.gz,pairwise_joint_product,FP,64366,0.0038720750163243026,case_patch_macro
decoder_stage_1_low_to_high,HEM_PA24.nii.gz,pairwise_joint_product,TN,27767677,0.3043631415353494,case_patch_macro
decoder_stage_1_low_to_high,HEM_PA24.nii.gz,pairwise_joint_product,TP,451579,0.09912135714448521,case_patch_macro
decoder_stage_1_low_to_high,HEM_PA24.nii.gz,pairwise_world_stability,FN,27930,0.009480884634551273,case_patch_macro
decoder_stage_1_low_to_high,HEM_PA24.nii.gz,pairwise_world_stability,FP,64366,0.029886192217357204,case_patch_macro
decoder_stage_1_low_to_high,HEM_PA24.nii.gz,pairwise_world_stability,TN,27767677,0.5065414295702493,case_patch_macro
decoder_stage_1_low_to_high,HEM_PA24.nii.gz,pairwise_world_stability,TP,451579,0.2307741101981057,case_patch_macro
final_decoder_feature,HEM_PA24.nii.gz,blur_joint_product,FN,27930,0.00027415691416746537,case_patch_macro
final_decoder_feature,HEM_PA24.nii.gz,blur_joint_product,FP,64366,0.003936568762791854,case_patch_macro
final_decoder_feature,HEM_PA24.nii.gz,blur_joint_product,TN,27767677,0.3030383087232712,case_patch_macro
final_decoder_feature,HEM_PA24.nii.gz,blur_joint_product,TP,451579,0.06854067416882019,case_patch_macro
final_decoder_feature,HEM_PA24.nii.gz,blur_world_stability,FN,27930,0.013145961848248316,case_patch_macro
final_decoder_feature,HEM_PA24.nii.gz,blur_world_stability,FP,64366,0.03437522826766735,case_patch_macro
final_decoder_feature,HEM_PA24.nii.gz,blur_world_stability,TN,27767677,0.5076244118254296,case_patch_macro
final_decoder_feature,HEM_PA24.nii.gz,blur_world_stability,TP,451579,0.16016435601192222,case_patch_macro
final_decoder_feature,HEM_PA24.nii.gz,confidence_rank,FN,27930,0.0076546665758548856,case_patch_macro
final_decoder_feature,HEM_PA24.nii.gz,confidence_rank,FP,64366,0.019167044026757347,case_patch_macro
final_decoder_feature,HEM_PA24.nii.gz,confidence_rank,TN,27767677,0.5077438933656099,case_patch_macro
final_decoder_feature,HEM_PA24.nii.gz,confidence_rank,TP,451579,0.19325990254268632,case_patch_macro
final_decoder_feature,HEM_PA24.nii.gz,gamma_joint_product,FN,27930,0.0002274516252098262,case_patch_macro
final_decoder_feature,HEM_PA24.nii.gz,gamma_joint_product,FP,64366,0.008327647171167669,case_patch_macro
final_decoder_feature,HEM_PA24.nii.gz,gamma_joint_product,TN,27767677,0.299704020875401,case_patch_macro
final_decoder_feature,HEM_PA24.nii.gz,gamma_joint_product,TP,451579,0.12619510272478865,case_patch_macro
final_decoder_feature,HEM_PA24.nii.gz,gamma_world_stability,FN,27930,0.008398113085862078,case_patch_macro
final_decoder_feature,HEM_PA24.nii.gz,gamma_world_stability,FP,64366,0.08575720686061143,case_patch_macro
final_decoder_feature,HEM_PA24.nii.gz,gamma_world_stability,TN,27767677,0.5029992341847906,case_patch_macro
final_decoder_feature,HEM_PA24.nii.gz,gamma_world_stability,TP,451579,0.40862073530118187,case_patch_macro
final_decoder_feature,HEM_PA24.nii.gz,pairwise_joint_product,FN,27930,0.00023087083657041168,case_patch_macro
final_decoder_feature,HEM_PA24.nii.gz,pairwise_joint_product,FP,64366,0.0037996255045945003,case_patch_macro
final_decoder_feature,HEM_PA24.nii.gz,pairwise_joint_product,TN,27767677,0.3059985895149111,case_patch_macro
final_decoder_feature,HEM_PA24.nii.gz,pairwise_joint_product,TP,451579,0.06693276382194521,case_patch_macro
final_decoder_feature,HEM_PA24.nii.gz,pairwise_world_stability,FN,27930,0.011599238483606245,case_patch_macro
final_decoder_feature,HEM_PA24.nii.gz,pairwise_world_stability,FP,64366,0.025695268875788782,case_patch_macro
final_decoder_feature,HEM_PA24.nii.gz,pairwise_world_stability,TN,27767677,0.5080609308322447,case_patch_macro
final_decoder_feature,HEM_PA24.nii.gz,pairwise_world_stability,TP,451579,0.14003651733448522,case_patch_macro
final_decoder_stage_input,HEM_PA24.nii.gz,blur_joint_product,FN,27930,0.00027415691416746537,case_patch_macro
final_decoder_stage_input,HEM_PA24.nii.gz,blur_joint_product,FP,64366,0.003936568762791854,case_patch_macro
final_decoder_stage_input,HEM_PA24.nii.gz,blur_joint_product,TN,27767677,0.3030383087232712,case_patch_macro
final_decoder_stage_input,HEM_PA24.nii.gz,blur_joint_product,TP,451579,0.06854067416882019,case_patch_macro
final_decoder_stage_input,HEM_PA24.nii.gz,blur_world_stability,FN,27930,0.013145961848248316,case_patch_macro
final_decoder_stage_input,HEM_PA24.nii.gz,blur_world_stability,FP,64366,0.03437522826766735,case_patch_macro
final_decoder_stage_input,HEM_PA24.nii.gz,blur_world_stability,TN,27767677,0.5076244118254296,case_patch_macro
final_decoder_stage_input,HEM_PA24.nii.gz,blur_world_stability,TP,451579,0.16016435601192222,case_patch_macro
final_decoder_stage_input,HEM_PA24.nii.gz,confidence_rank,FN,27930,0.0076546665758548856,case_patch_macro
final_decoder_stage_input,HEM_PA24.nii.gz,confidence_rank,FP,64366,0.019167044026757347,case_patch_macro
final_decoder_stage_input,HEM_PA24.nii.gz,confidence_rank,TN,27767677,0.5077438933656099,case_patch_macro
final_decoder_stage_input,HEM_PA24.nii.gz,confidence_rank,TP,451579,0.19325990254268632,case_patch_macro
final_decoder_stage_input,HEM_PA24.nii.gz,gamma_joint_product,FN,27930,0.0002274516252098262,case_patch_macro
final_decoder_stage_input,HEM_PA24.nii.gz,gamma_joint_product,FP,64366,0.008327647171167669,case_patch_macro
final_decoder_stage_input,HEM_PA24.nii.gz,gamma_joint_product,TN,27767677,0.299704020875401,case_patch_macro
final_decoder_stage_input,HEM_PA24.nii.gz,gamma_joint_product,TP,451579,0.12619510272478865,case_patch_macro
final_decoder_stage_input,HEM_PA24.nii.gz,gamma_world_stability,FN,27930,0.008398113085862078,case_patch_macro
final_decoder_stage_input,HEM_PA24.nii.gz,gamma_world_stability,FP,64366,0.08575720686061143,case_patch_macro
final_decoder_stage_input,HEM_PA24.nii.gz,gamma_world_stability,TN,27767677,0.5029992341847906,case_patch_macro
final_decoder_stage_input,HEM_PA24.nii.gz,gamma_world_stability,TP,451579,0.40862073530118187,case_patch_macro
final_decoder_stage_input,HEM_PA24.nii.gz,pairwise_joint_product,FN,27930,0.00023087083657041168,case_patch_macro
final_decoder_stage_input,HEM_PA24.nii.gz,pairwise_joint_product,FP,64366,0.0037996255045945003,case_patch_macro
final_decoder_stage_input,HEM_PA24.nii.gz,pairwise_joint_product,TN,27767677,0.3059985895149111,case_patch_macro
final_decoder_stage_input,HEM_PA24.nii.gz,pairwise_joint_product,TP,451579,0.06693276382194521,case_patch_macro
final_decoder_stage_input,HEM_PA24.nii.gz,pairwise_world_stability,FN,27930,0.011599238483606245,case_patch_macro
final_decoder_stage_input,HEM_PA24.nii.gz,pairwise_world_stability,FP,64366,0.025695268875788782,case_patch_macro
final_decoder_stage_input,HEM_PA24.nii.gz,pairwise_world_stability,TN,27767677,0.5080609308322447,case_patch_macro
final_decoder_stage_input,HEM_PA24.nii.gz,pairwise_world_stability,TP,451579,0.14003651733448522,case_patch_macro
full_voxtell_reference,HEM_PA24.nii.gz,blur_joint_product,FN,27930,0.0003423371116577754,case_patch_macro
full_voxtell_reference,HEM_PA24.nii.gz,blur_joint_product,FP,64366,0.0021923164314682124,case_patch_macro
full_voxtell_reference,HEM_PA24.nii.gz,blur_joint_product,TN,27767677,0.3009535954517158,case_patch_macro
full_voxtell_reference,HEM_PA24.nii.gz,blur_joint_product,TP,451579,0.060536214217006785,case_patch_macro
full_voxtell_reference,HEM_PA24.nii.gz,blur_world_stability,FN,27930,0.013861379434902342,case_patch_macro
full_voxtell_reference,HEM_PA24.nii.gz,blur_world_stability,FP,64366,0.030100618315871564,case_patch_macro
full_voxtell_reference,HEM_PA24.nii.gz,blur_world_stability,TN,27767677,0.5074772704407826,case_patch_macro
full_voxtell_reference,HEM_PA24.nii.gz,blur_world_stability,TP,451579,0.15003880268720934,case_patch_macro
full_voxtell_reference,HEM_PA24.nii.gz,confidence_rank,FN,27930,0.0076546665758548856,case_patch_macro
full_voxtell_reference,HEM_PA24.nii.gz,confidence_rank,FP,64366,0.019167044026757347,case_patch_macro
full_voxtell_reference,HEM_PA24.nii.gz,confidence_rank,TN,27767677,0.5077438933656099,case_patch_macro
full_voxtell_reference,HEM_PA24.nii.gz,confidence_rank,TP,451579,0.19325990254268632,case_patch_macro
full_voxtell_reference,HEM_PA24.nii.gz,gamma_joint_product,FN,27930,0.00022498197169123555,case_patch_macro
full_voxtell_reference,HEM_PA24.nii.gz,gamma_joint_product,FP,64366,0.008385710809528189,case_patch_macro
full_voxtell_reference,HEM_PA24.nii.gz,gamma_joint_product,TN,27767677,0.30012591610515493,case_patch_macro
full_voxtell_reference,HEM_PA24.nii.gz,gamma_joint_product,TP,451579,0.12593966168348322,case_patch_macro
full_voxtell_reference,HEM_PA24.nii.gz,gamma_world_stability,FN,27930,0.008325318537545508,case_patch_macro
full_voxtell_reference,HEM_PA24.nii.gz,gamma_world_stability,FP,64366,0.08647752713355152,case_patch_macro
full_voxtell_reference,HEM_PA24.nii.gz,gamma_world_stability,TN,27767677,0.5031063216559026,case_patch_macro
full_voxtell_reference,HEM_PA24.nii.gz,gamma_world_stability,TP,451579,0.4049346058104937,case_patch_macro
full_voxtell_reference,HEM_PA24.nii.gz,pairwise_joint_product,FN,27930,0.00026073517692329346,case_patch_macro
full_voxtell_reference,HEM_PA24.nii.gz,pairwise_joint_product,FP,64366,0.002060611777611502,case_patch_macro
full_voxtell_reference,HEM_PA24.nii.gz,pairwise_joint_product,TN,27767677,0.3037740494381974,case_patch_macro
full_voxtell_reference,HEM_PA24.nii.gz,pairwise_joint_product,TP,451579,0.05825509244753482,case_patch_macro
full_voxtell_reference,HEM_PA24.nii.gz,pairwise_world_stability,FN,27930,0.01195090457941341,case_patch_macro
full_voxtell_reference,HEM_PA24.nii.gz,pairwise_world_stability,FP,64366,0.02213524159573323,case_patch_macro
full_voxtell_reference,HEM_PA24.nii.gz,pairwise_world_stability,TN,27767677,0.5079517863381536,case_patch_macro
full_voxtell_reference,HEM_PA24.nii.gz,pairwise_world_stability,TP,451579,0.12891775474376363,case_patch_macro
penultimate_decoder_stage_output,HEM_PA24.nii.gz,blur_joint_product,FN,27930,0.00029040292734712307,case_patch_macro
penultimate_decoder_stage_output,HEM_PA24.nii.gz,blur_joint_product,FP,64366,0.00507285731163509,case_patch_macro
penultimate_decoder_stage_output,HEM_PA24.nii.gz,blur_joint_product,TN,27767677,0.3028526637803672,case_patch_macro
penultimate_decoder_stage_output,HEM_PA24.nii.gz,blur_joint_product,TP,451579,0.07920583105185773,case_patch_macro
penultimate_decoder_stage_output,HEM_PA24.nii.gz,blur_world_stability,FN,27930,0.012824478706340478,case_patch_macro
penultimate_decoder_stage_output,HEM_PA24.nii.gz,blur_world_stability,FP,64366,0.037573510096851316,case_patch_macro
penultimate_decoder_stage_output,HEM_PA24.nii.gz,blur_world_stability,TN,27767677,0.5071600084203091,case_patch_macro
penultimate_decoder_stage_output,HEM_PA24.nii.gz,blur_world_stability,TP,451579,0.18154813910677695,case_patch_macro
penultimate_decoder_stage_output,HEM_PA24.nii.gz,confidence_rank,FN,27930,0.0076546665758548856,case_patch_macro
penultimate_decoder_stage_output,HEM_PA24.nii.gz,confidence_rank,FP,64366,0.019167044026757347,case_patch_macro
penultimate_decoder_stage_output,HEM_PA24.nii.gz,confidence_rank,TN,27767677,0.5077438933656099,case_patch_macro
penultimate_decoder_stage_output,HEM_PA24.nii.gz,confidence_rank,TP,451579,0.19325990254268632,case_patch_macro
penultimate_decoder_stage_output,HEM_PA24.nii.gz,gamma_joint_product,FN,27930,0.00018598143137404637,case_patch_macro
penultimate_decoder_stage_output,HEM_PA24.nii.gz,gamma_joint_product,FP,64366,0.008372843038165724,case_patch_macro
penultimate_decoder_stage_output,HEM_PA24.nii.gz,gamma_joint_product,TN,27767677,0.2998181121981881,case_patch_macro
penultimate_decoder_stage_output,HEM_PA24.nii.gz,gamma_joint_product,TP,451579,0.12457065452333131,case_patch_macro
penultimate_decoder_stage_output,HEM_PA24.nii.gz,gamma_world_stability,FN,27930,0.008419449643635328,case_patch_macro
penultimate_decoder_stage_output,HEM_PA24.nii.gz,gamma_world_stability,FP,64366,0.08842673385304158,case_patch_macro
penultimate_decoder_stage_output,HEM_PA24.nii.gz,gamma_world_stability,TN,27767677,0.5027802262082861,case_patch_macro
penultimate_decoder_stage_output,HEM_PA24.nii.gz,gamma_world_stability,TP,451579,0.41487562190878075,case_patch_macro
penultimate_decoder_stage_output,HEM_PA24.nii.gz,pairwise_joint_product,FN,27930,0.00023990735897590955,case_patch_macro
penultimate_decoder_stage_output,HEM_PA24.nii.gz,pairwise_joint_product,FP,64366,0.004867569556089318,case_patch_macro
penultimate_decoder_stage_output,HEM_PA24.nii.gz,pairwise_joint_product,TN,27767677,0.30594500145327724,case_patch_macro
penultimate_decoder_stage_output,HEM_PA24.nii.gz,pairwise_joint_product,TP,451579,0.07630629931756201,case_patch_macro
penultimate_decoder_stage_output,HEM_PA24.nii.gz,pairwise_world_stability,FN,27930,0.011487933374516396,case_patch_macro
penultimate_decoder_stage_output,HEM_PA24.nii.gz,pairwise_world_stability,FP,64366,0.02837830030970903,case_patch_macro
penultimate_decoder_stage_output,HEM_PA24.nii.gz,pairwise_world_stability,TN,27767677,0.5076674685926594,case_patch_macro
penultimate_decoder_stage_output,HEM_PA24.nii.gz,pairwise_world_stability,TP,451579,0.1584080301150145,case_patch_macro
decoder_stage_1_low_to_high,CYST_PA74.nii.gz,blur_joint_product,FN,11636,4.829763794705498e-05,case_patch_macro
decoder_stage_1_low_to_high,CYST_PA74.nii.gz,blur_joint_product,FP,46342,0.0031102713599882466,case_patch_macro
decoder_stage_1_low_to_high,CYST_PA74.nii.gz,blur_joint_product,TN,27812527,0.2881896269263772,case_patch_macro
decoder_stage_1_low_to_high,CYST_PA74.nii.gz,blur_joint_product,TP,441047,0.239349095131737,case_patch_macro
decoder_stage_1_low_to_high,CYST_PA74.nii.gz,blur_world_stability,FN,11636,0.004764714916561527,case_patch_macro
decoder_stage_1_low_to_high,CYST_PA74.nii.gz,blur_world_stability,FP,46342,0.0336578838163997,case_patch_macro
decoder_stage_1_low_to_high,CYST_PA74.nii.gz,blur_world_stability,TN,27812527,0.502554666539422,case_patch_macro
decoder_stage_1_low_to_high,CYST_PA74.nii.gz,blur_world_stability,TP,441047,0.3555061706227877,case_patch_macro
decoder_stage_1_low_to_high,CYST_PA74.nii.gz,confidence_rank,FN,11636,0.0034812374658787213,case_patch_macro
decoder_stage_1_low_to_high,CYST_PA74.nii.gz,confidence_rank,FP,46342,0.01379822794068593,case_patch_macro
decoder_stage_1_low_to_high,CYST_PA74.nii.gz,confidence_rank,TN,27812527,0.5016364022891189,case_patch_macro
decoder_stage_1_low_to_high,CYST_PA74.nii.gz,confidence_rank,TP,441047,0.40171244888246127,case_patch_macro
decoder_stage_1_low_to_high,CYST_PA74.nii.gz,gamma_joint_product,FN,11636,3.767338947445511e-05,case_patch_macro
decoder_stage_1_low_to_high,CYST_PA74.nii.gz,gamma_joint_product,FP,46342,0.007050183084746452,case_patch_macro
decoder_stage_1_low_to_high,CYST_PA74.nii.gz,gamma_joint_product,TN,27812527,0.2842386193627701,case_patch_macro
decoder_stage_1_low_to_high,CYST_PA74.nii.gz,gamma_joint_product,TP,441047,0.3148221150075924,case_patch_macro
decoder_stage_1_low_to_high,CYST_PA74.nii.gz,gamma_world_stability,FN,11636,0.004353794719581891,case_patch_macro
decoder_stage_1_low_to_high,CYST_PA74.nii.gz,gamma_world_stability,FP,46342,0.10255359407258907,case_patch_macro
decoder_stage_1_low_to_high,CYST_PA74.nii.gz,gamma_world_stability,TN,27812527,0.4982665224880145,case_patch_macro
decoder_stage_1_low_to_high,CYST_PA74.nii.gz,gamma_world_stability,TP,441047,0.5805556512030964,case_patch_macro
decoder_stage_1_low_to_high,CYST_PA74.nii.gz,pairwise_joint_product,FN,11636,4.838201964138413e-05,case_patch_macro
decoder_stage_1_low_to_high,CYST_PA74.nii.gz,pairwise_joint_product,FP,46342,0.002969212174884142,case_patch_macro
decoder_stage_1_low_to_high,CYST_PA74.nii.gz,pairwise_joint_product,TN,27812527,0.2903349016210016,case_patch_macro
decoder_stage_1_low_to_high,CYST_PA74.nii.gz,pairwise_joint_product,TP,441047,0.23840297263997912,case_patch_macro
decoder_stage_1_low_to_high,CYST_PA74.nii.gz,pairwise_world_stability,FN,11636,0.004551484197643513,case_patch_macro
decoder_stage_1_low_to_high,CYST_PA74.nii.gz,pairwise_world_stability,FP,46342,0.024737592772351626,case_patch_macro
decoder_stage_1_low_to_high,CYST_PA74.nii.gz,pairwise_world_stability,TN,27812527,0.5028385601586731,case_patch_macro
decoder_stage_1_low_to_high,CYST_PA74.nii.gz,pairwise_world_stability,TP,441047,0.3420200401271743,case_patch_macro
final_decoder_feature,CYST_PA74.nii.gz,blur_joint_product,FN,11636,5.911152692087649e-05,case_patch_macro
final_decoder_feature,CYST_PA74.nii.gz,blur_joint_product,FP,46342,0.0010397979189012833,case_patch_macro
final_decoder_feature,CYST_PA74.nii.gz,blur_joint_product,TN,27812527,0.28970022486181995,case_patch_macro
final_decoder_feature,CYST_PA74.nii.gz,blur_joint_product,TP,441047,0.17794754041175706,case_patch_macro
final_decoder_feature,CYST_PA74.nii.gz,blur_world_stability,FN,11636,0.006773945640269803,case_patch_macro
final_decoder_feature,CYST_PA74.nii.gz,blur_world_stability,FP,46342,0.015693109463096246,case_patch_macro
final_decoder_feature,CYST_PA74.nii.gz,blur_world_stability,TN,27812527,0.5045568318081919,case_patch_macro
final_decoder_feature,CYST_PA74.nii.gz,blur_world_stability,TP,441047,0.2535446817427977,case_patch_macro
final_decoder_feature,CYST_PA74.nii.gz,confidence_rank,FN,11636,0.0034812374658787213,case_patch_macro
final_decoder_feature,CYST_PA74.nii.gz,confidence_rank,FP,46342,0.01379822794068593,case_patch_macro
final_decoder_feature,CYST_PA74.nii.gz,confidence_rank,TN,27812527,0.5016364022891189,case_patch_macro
final_decoder_feature,CYST_PA74.nii.gz,confidence_rank,TP,441047,0.40171244888246127,case_patch_macro
final_decoder_feature,CYST_PA74.nii.gz,gamma_joint_product,FN,11636,3.4762924683646395e-05,case_patch_macro
final_decoder_feature,CYST_PA74.nii.gz,gamma_joint_product,FP,46342,0.005942480190876335,case_patch_macro
final_decoder_feature,CYST_PA74.nii.gz,gamma_joint_product,TN,27812527,0.2853002809501423,case_patch_macro
final_decoder_feature,CYST_PA74.nii.gz,gamma_joint_product,TP,441047,0.31263141896127206,case_patch_macro
final_decoder_feature,CYST_PA74.nii.gz,gamma_world_stability,FN,11636,0.0037659523476269072,case_patch_macro
final_decoder_feature,CYST_PA74.nii.gz,gamma_world_stability,FP,46342,0.07477587418394911,case_patch_macro
final_decoder_feature,CYST_PA74.nii.gz,gamma_world_stability,TN,27812527,0.49866097986877084,case_patch_macro
final_decoder_feature,CYST_PA74.nii.gz,gamma_world_stability,TP,441047,0.5513681221032819,case_patch_macro
final_decoder_feature,CYST_PA74.nii.gz,pairwise_joint_product,FN,11636,5.257742824931196e-05,case_patch_macro
final_decoder_feature,CYST_PA74.nii.gz,pairwise_joint_product,FP,46342,0.000791339914746397,case_patch_macro
final_decoder_feature,CYST_PA74.nii.gz,pairwise_joint_product,TN,27812527,0.2919891407049399,case_patch_macro
final_decoder_feature,CYST_PA74.nii.gz,pairwise_joint_product,TP,441047,0.1734850507714407,case_patch_macro
final_decoder_feature,CYST_PA74.nii.gz,pairwise_world_stability,FN,11636,0.00620223267930562,case_patch_macro
final_decoder_feature,CYST_PA74.nii.gz,pairwise_world_stability,FP,46342,0.010184604276211864,case_patch_macro
final_decoder_feature,CYST_PA74.nii.gz,pairwise_world_stability,TN,27812527,0.5047907074249591,case_patch_macro
final_decoder_feature,CYST_PA74.nii.gz,pairwise_world_stability,TP,441047,0.2375461498035464,case_patch_macro
final_decoder_stage_input,CYST_PA74.nii.gz,blur_joint_product,FN,11636,5.911152692087649e-05,case_patch_macro
final_decoder_stage_input,CYST_PA74.nii.gz,blur_joint_product,FP,46342,0.0010397979189012833,case_patch_macro
final_decoder_stage_input,CYST_PA74.nii.gz,blur_joint_product,TN,27812527,0.28970022486181995,case_patch_macro
final_decoder_stage_input,CYST_PA74.nii.gz,blur_joint_product,TP,441047,0.17794754041175706,case_patch_macro
final_decoder_stage_input,CYST_PA74.nii.gz,blur_world_stability,FN,11636,0.006773945640269803,case_patch_macro
final_decoder_stage_input,CYST_PA74.nii.gz,blur_world_stability,FP,46342,0.015693109463096246,case_patch_macro
final_decoder_stage_input,CYST_PA74.nii.gz,blur_world_stability,TN,27812527,0.5045568318081919,case_patch_macro
final_decoder_stage_input,CYST_PA74.nii.gz,blur_world_stability,TP,441047,0.2535446817427977,case_patch_macro
final_decoder_stage_input,CYST_PA74.nii.gz,confidence_rank,FN,11636,0.0034812374658787213,case_patch_macro
final_decoder_stage_input,CYST_PA74.nii.gz,confidence_rank,FP,46342,0.01379822794068593,case_patch_macro
final_decoder_stage_input,CYST_PA74.nii.gz,confidence_rank,TN,27812527,0.5016364022891189,case_patch_macro
final_decoder_stage_input,CYST_PA74.nii.gz,confidence_rank,TP,441047,0.40171244888246127,case_patch_macro
final_decoder_stage_input,CYST_PA74.nii.gz,gamma_joint_product,FN,11636,3.4762924683646395e-05,case_patch_macro
final_decoder_stage_input,CYST_PA74.nii.gz,gamma_joint_product,FP,46342,0.005942480190876335,case_patch_macro
final_decoder_stage_input,CYST_PA74.nii.gz,gamma_joint_product,TN,27812527,0.2853002809501423,case_patch_macro
final_decoder_stage_input,CYST_PA74.nii.gz,gamma_joint_product,TP,441047,0.31263141896127206,case_patch_macro
final_decoder_stage_input,CYST_PA74.nii.gz,gamma_world_stability,FN,11636,0.0037659523476269072,case_patch_macro
final_decoder_stage_input,CYST_PA74.nii.gz,gamma_world_stability,FP,46342,0.07477587418394911,case_patch_macro
final_decoder_stage_input,CYST_PA74.nii.gz,gamma_world_stability,TN,27812527,0.49866097986877084,case_patch_macro
final_decoder_stage_input,CYST_PA74.nii.gz,gamma_world_stability,TP,441047,0.5513681221032819,case_patch_macro
final_decoder_stage_input,CYST_PA74.nii.gz,pairwise_joint_product,FN,11636,5.257742824931196e-05,case_patch_macro
final_decoder_stage_input,CYST_PA74.nii.gz,pairwise_joint_product,FP,46342,0.000791339914746397,case_patch_macro
final_decoder_stage_input,CYST_PA74.nii.gz,pairwise_joint_product,TN,27812527,0.2919891407049399,case_patch_macro
final_decoder_stage_input,CYST_PA74.nii.gz,pairwise_joint_product,TP,441047,0.1734850507714407,case_patch_macro
final_decoder_stage_input,CYST_PA74.nii.gz,pairwise_world_stability,FN,11636,0.00620223267930562,case_patch_macro
final_decoder_stage_input,CYST_PA74.nii.gz,pairwise_world_stability,FP,46342,0.010184604276211864,case_patch_macro
final_decoder_stage_input,CYST_PA74.nii.gz,pairwise_world_stability,TN,27812527,0.5047907074249591,case_patch_macro
final_decoder_stage_input,CYST_PA74.nii.gz,pairwise_world_stability,TP,441047,0.2375461498035464,case_patch_macro
full_voxtell_reference,CYST_PA74.nii.gz,blur_joint_product,FN,11636,5.6315226148491405e-05,case_patch_macro
full_voxtell_reference,CYST_PA74.nii.gz,blur_joint_product,FP,46342,0.0010089246157351636,case_patch_macro
full_voxtell_reference,CYST_PA74.nii.gz,blur_joint_product,TN,27812527,0.29136644246776316,case_patch_macro
full_voxtell_reference,CYST_PA74.nii.gz,blur_joint_product,TP,441047,0.18723992718135918,case_patch_macro
full_voxtell_reference,CYST_PA74.nii.gz,blur_world_stability,FN,11636,0.006564964995037607,case_patch_macro
full_voxtell_reference,CYST_PA74.nii.gz,blur_world_stability,FP,46342,0.015356758266881876,case_patch_macro
full_voxtell_reference,CYST_PA74.nii.gz,blur_world_stability,TN,27812527,0.5042389298048531,case_patch_macro
full_voxtell_reference,CYST_PA74.nii.gz,blur_world_stability,TP,441047,0.26356323374801327,case_patch_macro
full_voxtell_reference,CYST_PA74.nii.gz,confidence_rank,FN,11636,0.0034812374658787213,case_patch_macro
full_voxtell_reference,CYST_PA74.nii.gz,confidence_rank,FP,46342,0.01379822794068593,case_patch_macro
full_voxtell_reference,CYST_PA74.nii.gz,confidence_rank,TN,27812527,0.5016364022891189,case_patch_macro
full_voxtell_reference,CYST_PA74.nii.gz,confidence_rank,TP,441047,0.40171244888246127,case_patch_macro
full_voxtell_reference,CYST_PA74.nii.gz,gamma_joint_product,FN,11636,3.511480058573054e-05,case_patch_macro
full_voxtell_reference,CYST_PA74.nii.gz,gamma_joint_product,FP,46342,0.006204935215925443,case_patch_macro
full_voxtell_reference,CYST_PA74.nii.gz,gamma_joint_product,TN,27812527,0.28681880951452565,case_patch_macro
full_voxtell_reference,CYST_PA74.nii.gz,gamma_joint_product,TP,441047,0.32050244987533943,case_patch_macro
full_voxtell_reference,CYST_PA74.nii.gz,gamma_world_stability,FN,11636,0.0039059728627425065,case_patch_macro
full_voxtell_reference,CYST_PA74.nii.gz,gamma_world_stability,FP,46342,0.07612524836033886,case_patch_macro
full_voxtell_reference,CYST_PA74.nii.gz,gamma_world_stability,TN,27812527,0.4983310423329245,case_patch_macro
full_voxtell_reference,CYST_PA74.nii.gz,gamma_world_stability,TP,441047,0.5657190394222373,case_patch_macro
full_voxtell_reference,CYST_PA74.nii.gz,pairwise_joint_product,FN,11636,5.1530793090510673e-05,case_patch_macro
full_voxtell_reference,CYST_PA74.nii.gz,pairwise_joint_product,FP,46342,0.0008125394909863131,case_patch_macro
full_voxtell_reference,CYST_PA74.nii.gz,pairwise_joint_product,TN,27812527,0.29377316713378215,case_patch_macro
full_voxtell_reference,CYST_PA74.nii.gz,pairwise_joint_product,TP,441047,0.18324133991100297,case_patch_macro
full_voxtell_reference,CYST_PA74.nii.gz,pairwise_world_stability,FN,11636,0.006117704242243431,case_patch_macro
full_voxtell_reference,CYST_PA74.nii.gz,pairwise_world_stability,FP,46342,0.010273460407146133,case_patch_macro
full_voxtell_reference,CYST_PA74.nii.gz,pairwise_world_stability,TN,27812527,0.5044627415930751,case_patch_macro
full_voxtell_reference,CYST_PA74.nii.gz,pairwise_world_stability,TP,441047,0.24827780210401887,case_patch_macro
penultimate_decoder_stage_output,CYST_PA74.nii.gz,blur_joint_product,FN,11636,5.448548383178709e-05,case_patch_macro
penultimate_decoder_stage_output,CYST_PA74.nii.gz,blur_joint_product,FP,46342,0.0016187041198178372,case_patch_macro
penultimate_decoder_stage_output,CYST_PA74.nii.gz,blur_joint_product,TN,27812527,0.28951374037259964,case_patch_macro
penultimate_decoder_stage_output,CYST_PA74.nii.gz,blur_joint_product,TP,441047,0.20008486333707318,case_patch_macro
penultimate_decoder_stage_output,CYST_PA74.nii.gz,blur_world_stability,FN,11636,0.006339545890671095,case_patch_macro
penultimate_decoder_stage_output,CYST_PA74.nii.gz,blur_world_stability,FP,46342,0.016801770837656774,case_patch_macro
penultimate_decoder_stage_output,CYST_PA74.nii.gz,blur_world_stability,TN,27812527,0.5040211959217035,case_patch_macro
penultimate_decoder_stage_output,CYST_PA74.nii.gz,blur_world_stability,TP,441047,0.280732827642221,case_patch_macro
penultimate_decoder_stage_output,CYST_PA74.nii.gz,confidence_rank,FN,11636,0.0034812374658787213,case_patch_macro
penultimate_decoder_stage_output,CYST_PA74.nii.gz,confidence_rank,FP,46342,0.01379822794068593,case_patch_macro
penultimate_decoder_stage_output,CYST_PA74.nii.gz,confidence_rank,TN,27812527,0.5016364022891189,case_patch_macro
penultimate_decoder_stage_output,CYST_PA74.nii.gz,confidence_rank,TP,441047,0.40171244888246127,case_patch_macro
penultimate_decoder_stage_output,CYST_PA74.nii.gz,gamma_joint_product,FN,11636,3.7434401565789655e-05,case_patch_macro
penultimate_decoder_stage_output,CYST_PA74.nii.gz,gamma_joint_product,FP,46342,0.006007921910268214,case_patch_macro
penultimate_decoder_stage_output,CYST_PA74.nii.gz,gamma_joint_product,TN,27812527,0.2856351953939487,case_patch_macro
penultimate_decoder_stage_output,CYST_PA74.nii.gz,gamma_joint_product,TP,441047,0.3123537544102817,case_patch_macro
penultimate_decoder_stage_output,CYST_PA74.nii.gz,gamma_world_stability,FN,11636,0.004308448385367573,case_patch_macro
penultimate_decoder_stage_output,CYST_PA74.nii.gz,gamma_world_stability,FP,46342,0.07727069570298147,case_patch_macro
penultimate_decoder_stage_output,CYST_PA74.nii.gz,gamma_world_stability,TN,27812527,0.4986672787660984,case_patch_macro
penultimate_decoder_stage_output,CYST_PA74.nii.gz,gamma_world_stability,TP,441047,0.548590815907767,case_patch_macro
penultimate_decoder_stage_output,CYST_PA74.nii.gz,pairwise_joint_product,FN,11636,5.3060405085064535e-05,case_patch_macro
penultimate_decoder_stage_output,CYST_PA74.nii.gz,pairwise_joint_product,FP,46342,0.0012706395081564785,case_patch_macro
penultimate_decoder_stage_output,CYST_PA74.nii.gz,pairwise_joint_product,TN,27812527,0.2918517056121528,case_patch_macro
penultimate_decoder_stage_output,CYST_PA74.nii.gz,pairwise_joint_product,TP,441047,0.19454681508774296,case_patch_macro
penultimate_decoder_stage_output,CYST_PA74.nii.gz,pairwise_world_stability,FN,11636,0.0060746132818655825,case_patch_macro
penultimate_decoder_stage_output,CYST_PA74.nii.gz,pairwise_world_stability,FP,46342,0.011540354553930316,case_patch_macro
penultimate_decoder_stage_output,CYST_PA74.nii.gz,pairwise_world_stability,TN,27812527,0.5042703443925745,case_patch_macro
penultimate_decoder_stage_output,CYST_PA74.nii.gz,pairwise_world_stability,TP,441047,0.26269440501142155,case_patch_macro
decoder_stage_1_low_to_high,HEM_PA34.nii.gz,blur_joint_product,FN,10399,3.221837580096143e-05,case_patch_macro
decoder_stage_1_low_to_high,HEM_PA34.nii.gz,blur_joint_product,FP,45914,0.0036601552908232704,case_patch_macro
decoder_stage_1_low_to_high,HEM_PA34.nii.gz,blur_joint_product,TN,27706728,0.28908668044150704,case_patch_macro
decoder_stage_1_low_to_high,HEM_PA34.nii.gz,blur_joint_product,TP,548511,0.22178764034681867,case_patch_macro
decoder_stage_1_low_to_high,HEM_PA34.nii.gz,blur_world_stability,FN,10399,0.005431812464945298,case_patch_macro
decoder_stage_1_low_to_high,HEM_PA34.nii.gz,blur_world_stability,FP,45914,0.034215332363707864,case_patch_macro
decoder_stage_1_low_to_high,HEM_PA34.nii.gz,blur_world_stability,TN,27706728,0.5014032782214546,case_patch_macro
decoder_stage_1_low_to_high,HEM_PA34.nii.gz,blur_world_stability,TP,548511,0.40006344867494814,case_patch_macro
decoder_stage_1_low_to_high,HEM_PA34.nii.gz,confidence_rank,FN,10399,0.0038489644337341027,case_patch_macro
decoder_stage_1_low_to_high,HEM_PA34.nii.gz,confidence_rank,FP,45914,0.01364887270107578,case_patch_macro
decoder_stage_1_low_to_high,HEM_PA34.nii.gz,confidence_rank,TN,27706728,0.503963519217999,case_patch_macro
decoder_stage_1_low_to_high,HEM_PA34.nii.gz,confidence_rank,TP,548511,0.31519701174041936,case_patch_macro
decoder_stage_1_low_to_high,HEM_PA34.nii.gz,gamma_joint_product,FN,10399,4.200600089388177e-05,case_patch_macro
decoder_stage_1_low_to_high,HEM_PA34.nii.gz,gamma_joint_product,FP,45914,0.0077814607770904,case_patch_macro
decoder_stage_1_low_to_high,HEM_PA34.nii.gz,gamma_joint_product,TN,27706728,0.28550092098436963,case_patch_macro
decoder_stage_1_low_to_high,HEM_PA34.nii.gz,gamma_joint_product,TP,548511,0.2546760430783201,case_patch_macro
decoder_stage_1_low_to_high,HEM_PA34.nii.gz,gamma_world_stability,FN,10399,0.006688682905080609,case_patch_macro
decoder_stage_1_low_to_high,HEM_PA34.nii.gz,gamma_world_stability,FP,45914,0.10086300959349759,case_patch_macro
decoder_stage_1_low_to_high,HEM_PA34.nii.gz,gamma_world_stability,TN,27706728,0.49749309857618673,case_patch_macro
decoder_stage_1_low_to_high,HEM_PA34.nii.gz,gamma_world_stability,TP,548511,0.5777965419837665,case_patch_macro
decoder_stage_1_low_to_high,HEM_PA34.nii.gz,pairwise_joint_product,FN,10399,2.978690183744003e-05,case_patch_macro
decoder_stage_1_low_to_high,HEM_PA34.nii.gz,pairwise_joint_product,FP,45914,0.0033609825044310514,case_patch_macro
decoder_stage_1_low_to_high,HEM_PA34.nii.gz,pairwise_joint_product,TN,27706728,0.2916521196255642,case_patch_macro
decoder_stage_1_low_to_high,HEM_PA34.nii.gz,pairwise_joint_product,TP,548511,0.2208788034790585,case_patch_macro
decoder_stage_1_low_to_high,HEM_PA34.nii.gz,pairwise_world_stability,FN,10399,0.004994144259652711,case_patch_macro
decoder_stage_1_low_to_high,HEM_PA34.nii.gz,pairwise_world_stability,FP,45914,0.027260070800136527,case_patch_macro
decoder_stage_1_low_to_high,HEM_PA34.nii.gz,pairwise_world_stability,TN,27706728,0.5019139194716147,case_patch_macro
decoder_stage_1_low_to_high,HEM_PA34.nii.gz,pairwise_world_stability,TP,548511,0.3794015036833111,case_patch_macro
final_decoder_feature,HEM_PA34.nii.gz,blur_joint_product,FN,10399,3.898618551188469e-05,case_patch_macro
final_decoder_feature,HEM_PA34.nii.gz,blur_joint_product,FP,45914,0.0036816812886891806,case_patch_macro
final_decoder_feature,HEM_PA34.nii.gz,blur_joint_product,TN,27706728,0.29258029346655723,case_patch_macro
final_decoder_feature,HEM_PA34.nii.gz,blur_joint_product,TP,548511,0.1791582918184326,case_patch_macro
final_decoder_feature,HEM_PA34.nii.gz,blur_world_stability,FN,10399,0.007292719412332875,case_patch_macro
final_decoder_feature,HEM_PA34.nii.gz,blur_world_stability,FP,45914,0.029043356366082917,case_patch_macro
final_decoder_feature,HEM_PA34.nii.gz,blur_world_stability,TN,27706728,0.5035542150637919,case_patch_macro
final_decoder_feature,HEM_PA34.nii.gz,blur_world_stability,TP,548511,0.2897870836515924,case_patch_macro
final_decoder_feature,HEM_PA34.nii.gz,confidence_rank,FN,10399,0.0038489644337341027,case_patch_macro
final_decoder_feature,HEM_PA34.nii.gz,confidence_rank,FP,45914,0.01364887270107578,case_patch_macro
final_decoder_feature,HEM_PA34.nii.gz,confidence_rank,TN,27706728,0.503963519217999,case_patch_macro
final_decoder_feature,HEM_PA34.nii.gz,confidence_rank,TP,548511,0.31519701174041936,case_patch_macro
final_decoder_feature,HEM_PA34.nii.gz,gamma_joint_product,FN,10399,3.345106313595605e-05,case_patch_macro
final_decoder_feature,HEM_PA34.nii.gz,gamma_joint_product,FP,45914,0.006349166184902988,case_patch_macro
final_decoder_feature,HEM_PA34.nii.gz,gamma_joint_product,TN,27706728,0.2880918378717857,case_patch_macro
final_decoder_feature,HEM_PA34.nii.gz,gamma_joint_product,TP,548511,0.2510277648724844,case_patch_macro
final_decoder_feature,HEM_PA34.nii.gz,gamma_world_stability,FN,10399,0.0055684340828703995,case_patch_macro
final_decoder_feature,HEM_PA34.nii.gz,gamma_world_stability,FP,45914,0.06839885216226366,case_patch_macro
final_decoder_feature,HEM_PA34.nii.gz,gamma_world_stability,TN,27706728,0.49853142648203314,case_patch_macro
final_decoder_feature,HEM_PA34.nii.gz,gamma_world_stability,TP,548511,0.5425505262762241,case_patch_macro
final_decoder_feature,HEM_PA34.nii.gz,pairwise_joint_product,FN,10399,3.58970469361004e-05,case_patch_macro
final_decoder_feature,HEM_PA34.nii.gz,pairwise_joint_product,FP,45914,0.0031821731406042907,case_patch_macro
final_decoder_feature,HEM_PA34.nii.gz,pairwise_joint_product,TN,27706728,0.2950018328639449,case_patch_macro
final_decoder_feature,HEM_PA34.nii.gz,pairwise_joint_product,TP,548511,0.17431570283127798,case_patch_macro
final_decoder_feature,HEM_PA34.nii.gz,pairwise_world_stability,FN,10399,0.0067735191275474895,case_patch_macro
final_decoder_feature,HEM_PA34.nii.gz,pairwise_world_stability,FP,45914,0.02154898711483419,case_patch_macro
final_decoder_feature,HEM_PA34.nii.gz,pairwise_world_stability,TN,27706728,0.5041671266890047,case_patch_macro
final_decoder_feature,HEM_PA34.nii.gz,pairwise_world_stability,TP,548511,0.2674829057380334,case_patch_macro
final_decoder_stage_input,HEM_PA34.nii.gz,blur_joint_product,FN,10399,3.898618551188469e-05,case_patch_macro
final_decoder_stage_input,HEM_PA34.nii.gz,blur_joint_product,FP,45914,0.0036816812886891806,case_patch_macro
final_decoder_stage_input,HEM_PA34.nii.gz,blur_joint_product,TN,27706728,0.29258029346655723,case_patch_macro
final_decoder_stage_input,HEM_PA34.nii.gz,blur_joint_product,TP,548511,0.1791582918184326,case_patch_macro
final_decoder_stage_input,HEM_PA34.nii.gz,blur_world_stability,FN,10399,0.007292719412332875,case_patch_macro
final_decoder_stage_input,HEM_PA34.nii.gz,blur_world_stability,FP,45914,0.029043356366082917,case_patch_macro
final_decoder_stage_input,HEM_PA34.nii.gz,blur_world_stability,TN,27706728,0.5035542150637919,case_patch_macro
final_decoder_stage_input,HEM_PA34.nii.gz,blur_world_stability,TP,548511,0.2897870836515924,case_patch_macro
final_decoder_stage_input,HEM_PA34.nii.gz,confidence_rank,FN,10399,0.0038489644337341027,case_patch_macro
final_decoder_stage_input,HEM_PA34.nii.gz,confidence_rank,FP,45914,0.01364887270107578,case_patch_macro
final_decoder_stage_input,HEM_PA34.nii.gz,confidence_rank,TN,27706728,0.503963519217999,case_patch_macro
final_decoder_stage_input,HEM_PA34.nii.gz,confidence_rank,TP,548511,0.31519701174041936,case_patch_macro
final_decoder_stage_input,HEM_PA34.nii.gz,gamma_joint_product,FN,10399,3.345106313595605e-05,case_patch_macro
final_decoder_stage_input,HEM_PA34.nii.gz,gamma_joint_product,FP,45914,0.006349166184902988,case_patch_macro
final_decoder_stage_input,HEM_PA34.nii.gz,gamma_joint_product,TN,27706728,0.2880918378717857,case_patch_macro
final_decoder_stage_input,HEM_PA34.nii.gz,gamma_joint_product,TP,548511,0.2510277648724844,case_patch_macro
final_decoder_stage_input,HEM_PA34.nii.gz,gamma_world_stability,FN,10399,0.0055684340828703995,case_patch_macro
final_decoder_stage_input,HEM_PA34.nii.gz,gamma_world_stability,FP,45914,0.06839885216226366,case_patch_macro
final_decoder_stage_input,HEM_PA34.nii.gz,gamma_world_stability,TN,27706728,0.49853142648203314,case_patch_macro
final_decoder_stage_input,HEM_PA34.nii.gz,gamma_world_stability,TP,548511,0.5425505262762241,case_patch_macro
final_decoder_stage_input,HEM_PA34.nii.gz,pairwise_joint_product,FN,10399,3.58970469361004e-05,case_patch_macro
final_decoder_stage_input,HEM_PA34.nii.gz,pairwise_joint_product,FP,45914,0.0031821731406042907,case_patch_macro
final_decoder_stage_input,HEM_PA34.nii.gz,pairwise_joint_product,TN,27706728,0.2950018328639449,case_patch_macro
final_decoder_stage_input,HEM_PA34.nii.gz,pairwise_joint_product,TP,548511,0.17431570283127798,case_patch_macro
final_decoder_stage_input,HEM_PA34.nii.gz,pairwise_world_stability,FN,10399,0.0067735191275474895,case_patch_macro
final_decoder_stage_input,HEM_PA34.nii.gz,pairwise_world_stability,FP,45914,0.02154898711483419,case_patch_macro
final_decoder_stage_input,HEM_PA34.nii.gz,pairwise_world_stability,TN,27706728,0.5041671266890047,case_patch_macro
final_decoder_stage_input,HEM_PA34.nii.gz,pairwise_world_stability,TP,548511,0.2674829057380334,case_patch_macro
full_voxtell_reference,HEM_PA34.nii.gz,blur_joint_product,FN,10399,3.814375006965164e-05,case_patch_macro
full_voxtell_reference,HEM_PA34.nii.gz,blur_joint_product,FP,45914,0.004534944500389804,case_patch_macro
full_voxtell_reference,HEM_PA34.nii.gz,blur_joint_product,TN,27706728,0.2947031802251571,case_patch_macro
full_voxtell_reference,HEM_PA34.nii.gz,blur_joint_product,TP,548511,0.19383700754357583,case_patch_macro
full_voxtell_reference,HEM_PA34.nii.gz,blur_world_stability,FN,10399,0.007335654908226421,case_patch_macro
full_voxtell_reference,HEM_PA34.nii.gz,blur_world_stability,FP,45914,0.025824568489569377,case_patch_macro
full_voxtell_reference,HEM_PA34.nii.gz,blur_world_stability,TN,27706728,0.5032449242838476,case_patch_macro
full_voxtell_reference,HEM_PA34.nii.gz,blur_world_stability,TP,548511,0.2936492970380584,case_patch_macro
full_voxtell_reference,HEM_PA34.nii.gz,confidence_rank,FN,10399,0.0038489644337341027,case_patch_macro
full_voxtell_reference,HEM_PA34.nii.gz,confidence_rank,FP,45914,0.01364887270107578,case_patch_macro
full_voxtell_reference,HEM_PA34.nii.gz,confidence_rank,TN,27706728,0.503963519217999,case_patch_macro
full_voxtell_reference,HEM_PA34.nii.gz,confidence_rank,TP,548511,0.31519701174041936,case_patch_macro
full_voxtell_reference,HEM_PA34.nii.gz,gamma_joint_product,FN,10399,3.2684829511366694e-05,case_patch_macro
full_voxtell_reference,HEM_PA34.nii.gz,gamma_joint_product,FP,45914,0.006467207242498142,case_patch_macro
full_voxtell_reference,HEM_PA34.nii.gz,gamma_joint_product,TN,27706728,0.2894324254162614,case_patch_macro
full_voxtell_reference,HEM_PA34.nii.gz,gamma_joint_product,TP,548511,0.25216949124679905,case_patch_macro
full_voxtell_reference,HEM_PA34.nii.gz,gamma_world_stability,FN,10399,0.005034405529026485,case_patch_macro
full_voxtell_reference,HEM_PA34.nii.gz,gamma_world_stability,FP,45914,0.06803399044253994,case_patch_macro
full_voxtell_reference,HEM_PA34.nii.gz,gamma_world_stability,TN,27706728,0.4985871252169993,case_patch_macro
full_voxtell_reference,HEM_PA34.nii.gz,gamma_world_stability,TP,548511,0.5424841716324926,case_patch_macro
full_voxtell_reference,HEM_PA34.nii.gz,pairwise_joint_product,FN,10399,3.488806159815484e-05,case_patch_macro
full_voxtell_reference,HEM_PA34.nii.gz,pairwise_joint_product,FP,45914,0.0038775773287135656,case_patch_macro
full_voxtell_reference,HEM_PA34.nii.gz,pairwise_joint_product,TN,27706728,0.29691413045564374,case_patch_macro
full_voxtell_reference,HEM_PA34.nii.gz,pairwise_joint_product,TP,548511,0.1870435799790581,case_patch_macro
full_voxtell_reference,HEM_PA34.nii.gz,pairwise_world_stability,FN,10399,0.006648110619398242,case_patch_macro
full_voxtell_reference,HEM_PA34.nii.gz,pairwise_world_stability,FP,45914,0.019477512034961137,case_patch_macro
full_voxtell_reference,HEM_PA34.nii.gz,pairwise_world_stability,TN,27706728,0.5038953112556692,case_patch_macro
full_voxtell_reference,HEM_PA34.nii.gz,pairwise_world_stability,TP,548511,0.2707111426912295,case_patch_macro
penultimate_decoder_stage_output,HEM_PA34.nii.gz,blur_joint_product,FN,10399,3.8390771812007e-05,case_patch_macro
penultimate_decoder_stage_output,HEM_PA34.nii.gz,blur_joint_product,FP,45914,0.004805986186303697,case_patch_macro
penultimate_decoder_stage_output,HEM_PA34.nii.gz,blur_joint_product,TN,27706728,0.29244178802804055,case_patch_macro
penultimate_decoder_stage_output,HEM_PA34.nii.gz,blur_joint_product,TP,548511,0.19826994892310879,case_patch_macro
penultimate_decoder_stage_output,HEM_PA34.nii.gz,blur_world_stability,FN,10399,0.007196587154779267,case_patch_macro
penultimate_decoder_stage_output,HEM_PA34.nii.gz,blur_world_stability,FP,45914,0.029378033813861313,case_patch_macro
penultimate_decoder_stage_output,HEM_PA34.nii.gz,blur_world_stability,TN,27706728,0.503069145392284,case_patch_macro
penultimate_decoder_stage_output,HEM_PA34.nii.gz,blur_world_stability,TP,548511,0.30954297881888354,case_patch_macro
penultimate_decoder_stage_output,HEM_PA34.nii.gz,confidence_rank,FN,10399,0.0038489644337341027,case_patch_macro
penultimate_decoder_stage_output,HEM_PA34.nii.gz,confidence_rank,FP,45914,0.01364887270107578,case_patch_macro
penultimate_decoder_stage_output,HEM_PA34.nii.gz,confidence_rank,TN,27706728,0.503963519217999,case_patch_macro
penultimate_decoder_stage_output,HEM_PA34.nii.gz,confidence_rank,TP,548511,0.31519701174041936,case_patch_macro
penultimate_decoder_stage_output,HEM_PA34.nii.gz,gamma_joint_product,FN,10399,3.448261934680662e-05,case_patch_macro
penultimate_decoder_stage_output,HEM_PA34.nii.gz,gamma_joint_product,FP,45914,0.006524194487898959,case_patch_macro
penultimate_decoder_stage_output,HEM_PA34.nii.gz,gamma_joint_product,TN,27706728,0.2883643311747156,case_patch_macro
penultimate_decoder_stage_output,HEM_PA34.nii.gz,gamma_joint_product,TP,548511,0.24953788609464467,case_patch_macro
penultimate_decoder_stage_output,HEM_PA34.nii.gz,gamma_world_stability,FN,10399,0.005524269554303715,case_patch_macro
penultimate_decoder_stage_output,HEM_PA34.nii.gz,gamma_world_stability,FP,45914,0.0672214090490768,case_patch_macro
penultimate_decoder_stage_output,HEM_PA34.nii.gz,gamma_world_stability,TN,27706728,0.4986165926601343,case_patch_macro
penultimate_decoder_stage_output,HEM_PA34.nii.gz,gamma_world_stability,TP,548511,0.5379728081159934,case_patch_macro
penultimate_decoder_stage_output,HEM_PA34.nii.gz,pairwise_joint_product,FN,10399,3.605264293126872e-05,case_patch_macro
penultimate_decoder_stage_output,HEM_PA34.nii.gz,pairwise_joint_product,FP,45914,0.004265919364751078,case_patch_macro
penultimate_decoder_stage_output,HEM_PA34.nii.gz,pairwise_joint_product,TN,27706728,0.2949256493385331,case_patch_macro
penultimate_decoder_stage_output,HEM_PA34.nii.gz,pairwise_joint_product,TP,548511,0.19174296400159374,case_patch_macro
penultimate_decoder_stage_output,HEM_PA34.nii.gz,pairwise_world_stability,FN,10399,0.006716834966762263,case_patch_macro
penultimate_decoder_stage_output,HEM_PA34.nii.gz,pairwise_world_stability,FP,45914,0.022266243334215535,case_patch_macro
penultimate_decoder_stage_output,HEM_PA34.nii.gz,pairwise_world_stability,TN,27706728,0.5036967069705461,case_patch_macro
penultimate_decoder_stage_output,HEM_PA34.nii.gz,pairwise_world_stability,TP,548511,0.2864651803477183,case_patch_macro
