case,patch_index,patch_kind,candidate_state,action,state_shape,channels,spatial_resolution,tensor_memory_mb,normalized_mse,delta_rms,delta_l2_norm,relative_delta_norm,relative_delta_norm_valid,gamma_vs_blur_delta_cosine,gamma_vs_blur_delta_cosine_valid,state_variance,delta_variance
HEM_PA99.nii.gz,0,context,decoder_stage_1_low_to_high,gamma,1x288x24x24x24,288,24x24x24,15.1875,0.008405189029872417,0.1977117359638214,394.5054016113281,0.09179192036390305,True,-0.08319864422082901,True,4.592106819152832,0.039088666439056396
HEM_PA99.nii.gz,0,context,decoder_stage_1_low_to_high,blur,1x288x24x24x24,288,24x24x24,15.1875,0.05311809480190277,0.5125199556350708,1022.6324462890625,0.23794198036193848,True,-0.08319864422082901,True,4.592106819152832,0.262633353471756
HEM_PA99.nii.gz,0,context,penultimate_decoder_stage_output,gamma,1x96x96x96x96,96,96x96x96,324.0,0.0008810684084892273,0.11253578960895538,1034.6588134765625,0.029887275770306587,True,0.17716063559055328,True,13.95579719543457,0.012659221887588501
HEM_PA99.nii.gz,0,context,penultimate_decoder_stage_output,blur,1x96x96x96x96,96,96x96x96,324.0,0.014812691137194633,0.5018212795257568,4614.4228515625,0.13329274952411652,True,0.17716063559055328,True,13.95579719543457,0.2514060437679291
HEM_PA99.nii.gz,0,context,final_decoder_stage_input,gamma,1x64x192x192x192,64,192x192x192,1728.0,0.0026078498922288418,0.07194799184799194,1503.4442138671875,0.052253976464271545,True,-0.10143560916185379,True,1.8967382907867432,0.005168191157281399
HEM_PA99.nii.gz,0,context,final_decoder_stage_input,blur,1x64x192x192x192,64,192x192x192,1728.0,0.022198224440217018,0.22420759499073029,4667.4384765625,0.16222232580184937,True,-0.10143560916185379,True,1.8967382907867432,0.05014665052294731
HEM_PA99.nii.gz,0,context,final_decoder_feature,gamma,1x32x192x192x192,32,192x192x192,864.0,0.002630600007250905,0.03607005998492241,533.2953491210938,0.05060751363635063,True,-0.15954847633838654,True,0.3181302547454834,0.0013001329498365521
HEM_PA99.nii.gz,0,context,final_decoder_feature,blur,1x32x192x192x192,32,192x192x192,864.0,0.02688544988632202,0.11588308960199356,1709.689208984375,0.16224239766597748,True,-0.15954847633838654,True,0.3181302547454834,0.0134286405518651
HEM_PA99.nii.gz,1,context,decoder_stage_1_low_to_high,gamma,1x288x24x24x24,288,24x24x24,15.1875,0.021477481350302696,0.18361857533454895,366.3812561035156,0.14878368377685547,True,0.04208310693502426,True,1.4420101642608643,0.03369984030723572
HEM_PA99.nii.gz,1,context,decoder_stage_1_low_to_high,blur,1x288x24x24x24,288,24x24x24,15.1875,0.13123273849487305,0.44829386472702026,894.4685668945312,0.3632345497608185,True,0.04208310693502426,True,1.4420101642608643,0.20096419751644135
HEM_PA99.nii.gz,1,context,penultimate_decoder_stage_output,gamma,1x96x96x96x96,96,96x96x96,324.0,0.003240050282329321,0.1154470145702362,1060.190185546875,0.05697039142251015,True,0.12015845626592636,True,4.063663482666016,0.013315816409885883
HEM_PA99.nii.gz,1,context,penultimate_decoder_stage_output,blur,1x96x96x96x96,96,96x96x96,324.0,0.02435627579689026,0.3232399821281433,2964.837890625,0.15931856632232666,True,0.12015845626592636,True,4.063663482666016,0.10444475710391998
HEM_PA99.nii.gz,1,context,final_decoder_stage_input,gamma,1x64x192x192x192,64,192x192x192,1728.0,0.008154264651238918,0.08483491837978363,1784.637939453125,0.09273134917020798,True,-0.06230748072266579,True,0.8460783958435059,0.007194122299551964
HEM_PA99.nii.gz,1,context,final_decoder_stage_input,blur,1x64x192x192x192,64,192x192x192,1728.0,0.07524922490119934,0.26130741834640503,5523.29345703125,0.28699514269828796,True,-0.06230748072266579,True,0.8460783958435059,0.06828145682811737
HEM_PA99.nii.gz,1,context,final_decoder_feature,gamma,1x32x192x192x192,32,192x192x192,864.0,0.004330321680754423,0.04493910074234009,663.3917236328125,0.0650697648525238,True,-0.0763188898563385,True,0.30789828300476074,0.002019294071942568
HEM_PA99.nii.gz,1,context,final_decoder_feature,blur,1x32x192x192x192,32,192x192x192,864.0,0.049330733716487885,0.15222981572151184,2253.213623046875,0.22100982069969177,True,-0.0763188898563385,True,0.30789828300476074,0.02317231334745884
HEM_PA99.nii.gz,2,foreground,decoder_stage_1_low_to_high,gamma,1x288x24x24x24,288,24x24x24,15.1875,0.033321693539619446,0.21676112711429596,432.5073547363281,0.18177834153175354,True,0.11293778568506241,True,1.3355406522750854,0.04697960242629051
HEM_PA99.nii.gz,2,foreground,decoder_stage_1_low_to_high,blur,1x288x24x24x24,288,24x24x24,15.1875,0.13083820044994354,0.42682504653930664,851.6322021484375,0.3579321503639221,True,0.11293778568506241,True,1.3355406522750854,0.18212050199508667
HEM_PA99.nii.gz,2,foreground,penultimate_decoder_stage_output,gamma,1x96x96x96x96,96,96x96x96,324.0,0.004402043763548136,0.13036616146564484,1195.6463623046875,0.06568856537342072,True,0.06370652467012405,True,3.884883165359497,0.016994018107652664
HEM_PA99.nii.gz,2,foreground,penultimate_decoder_stage_output,blur,1x96x96x96x96,96,96x96x96,324.0,0.023652493953704834,0.30218565464019775,2770.896240234375,0.15223246812820435,True,0.06370652467012405,True,3.884883165359497,0.09131450951099396
HEM_PA99.nii.gz,2,foreground,final_decoder_stage_input,gamma,1x64x192x192x192,64,192x192x192,1728.0,0.011612177826464176,0.09892381727695465,2081.12744140625,0.11005181819200516,True,-0.08957107365131378,True,0.8194904923439026,0.009785582311451435
HEM_PA99.nii.gz,2,foreground,final_decoder_stage_input,blur,1x64x192x192x192,64,192x192x192,1728.0,0.09080248326063156,0.2749311327934265,5814.0693359375,0.3074530065059662,True,-0.08957107365131378,True,0.8194904923439026,0.07557454705238342
HEM_PA99.nii.gz,2,foreground,final_decoder_feature,gamma,1x32x192x192x192,32,192x192x192,864.0,0.00607503205537796,0.053173646330833435,784.9411010742188,0.0771058052778244,True,-0.08021467924118042,True,0.309670627117157,0.002827257150784135
HEM_PA99.nii.gz,2,foreground,final_decoder_feature,blur,1x32x192x192x192,32,192x192x192,864.0,0.05373045429587364,0.15829795598983765,2331.0458984375,0.22898173332214355,True,-0.08021467924118042,True,0.309670627117157,0.02505805902183056
HEM_PA99.nii.gz,3,foreground,decoder_stage_1_low_to_high,gamma,1x288x24x24x24,288,24x24x24,15.1875,0.025675175711512566,0.18648715317249298,372.10430908203125,0.16218537092208862,True,0.14323563873767853,True,1.2322282791137695,0.03477500379085541
HEM_PA99.nii.gz,3,foreground,decoder_stage_1_low_to_high,blur,1x288x24x24x24,288,24x24x24,15.1875,0.12563328444957733,0.409779816865921,817.6255493164062,0.3563702404499054,True,0.14323563873767853,True,1.2322282791137695,0.16787223517894745
HEM_PA99.nii.gz,3,foreground,penultimate_decoder_stage_output,gamma,1x96x96x96x96,96,96x96x96,324.0,0.005163147114217281,0.14574028551578522,1338.70703125,0.07254718989133835,True,0.12979091703891754,True,4.000920295715332,0.02121608518064022
HEM_PA99.nii.gz,3,foreground,penultimate_decoder_stage_output,blur,1x96x96x96x96,96,96x96x96,324.0,0.02528037503361702,0.3211793601512909,2945.444580078125,0.15961948037147522,True,0.12979091703891754,True,4.000920295715332,0.10313824564218521
HEM_PA99.nii.gz,3,foreground,final_decoder_stage_input,gamma,1x64x192x192x192,64,192x192x192,1728.0,0.01002249401062727,0.09383109956979752,1969.508544921875,0.10375132411718369,True,-0.06297517567873001,True,0.8257913589477539,0.008791311644017696
HEM_PA99.nii.gz,3,foreground,final_decoder_stage_input,blur,1x64x192x192x192,64,192x192x192,1728.0,0.08665107190608978,0.27158230543136597,5741.91162109375,0.3024769425392151,True,-0.06297517567873001,True,0.8257913589477539,0.07374931871891022
HEM_PA99.nii.gz,3,foreground,final_decoder_feature,gamma,1x32x192x192x192,32,192x192x192,864.0,0.005374600179493427,0.05019471421837807,740.2432250976562,0.0725635215640068,True,-0.06090134382247925,True,0.310402512550354,0.0025172370951622725
HEM_PA99.nii.gz,3,foreground,final_decoder_feature,blur,1x32x192x192x192,32,192x192x192,864.0,0.05154882371425629,0.15527690947055817,2288.741455078125,0.22435753047466278,True,-0.06090134382247925,True,0.310402512550354,0.02410975471138954
HCC_10140276_20170721.nii.gz,0,context,decoder_stage_1_low_to_high,gamma,1x288x24x24x24,288,24x24x24,15.1875,0.0061577195301651955,0.1155049055814743,230.4715118408203,0.07803431153297424,True,0.07504414021968842,True,2.127755880355835,0.013340985402464867
HCC_10140276_20170721.nii.gz,0,context,decoder_stage_1_low_to_high,blur,1x288x24x24x24,288,24x24x24,15.1875,0.11450027674436569,0.4676229655742645,933.05029296875,0.3159172832965851,True,0.07504414021968842,True,2.127755880355835,0.21836254000663757
HCC_10140276_20170721.nii.gz,0,context,penultimate_decoder_stage_output,gamma,1x96x96x96x96,96,96x96x96,324.0,0.001326928730122745,0.08471143990755081,777.4349365234375,0.03618301823735237,True,0.2963199019432068,True,5.389132022857666,0.007174399681389332
HCC_10140276_20170721.nii.gz,0,context,penultimate_decoder_stage_output,blur,1x96x96x96x96,96,96x96x96,324.0,0.03663833811879158,0.43638938665390015,4009.784912109375,0.1866215467453003,True,0.2963199019432068,True,5.389132022857666,0.18990939855575562
HCC_10140276_20170721.nii.gz,0,context,final_decoder_stage_input,gamma,1x64x192x192x192,64,192x192x192,1728.0,0.004507660400122404,0.06968791782855988,1471.5576171875,0.06913866847753525,True,-0.07604915648698807,True,1.0389604568481445,0.0048452806659042835
HCC_10140276_20170721.nii.gz,0,context,final_decoder_stage_input,blur,1x64x192x192x192,64,192x192x192,1728.0,0.06800173968076706,0.26759734749794006,5632.7431640625,0.2646450102329254,True,-0.07604915648698807,True,1.0389604568481445,0.07155489176511765
HCC_10140276_20170721.nii.gz,0,context,final_decoder_feature,gamma,1x32x192x192x192,32,192x192x192,864.0,0.0025852287653833628,0.03479402884840965,514.4060668945312,0.05037936195731163,True,-0.07367803901433945,True,0.30217495560646057,0.0012104363413527608
HCC_10140276_20170721.nii.gz,0,context,final_decoder_feature,blur,1x32x192x192x192,32,192x192x192,864.0,0.045362379401922226,0.14612118899822235,2152.466552734375,0.2108060121536255,True,-0.07367803901433945,True,0.30217495560646057,0.021349724382162094
HCC_10140276_20170721.nii.gz,1,context,decoder_stage_1_low_to_high,gamma,1x288x24x24x24,288,24x24x24,15.1875,0.009666282683610916,0.12748724222183228,254.38084411621094,0.09941713511943817,True,-0.12392991781234741,True,1.570407748222351,0.016238359734416008
HCC_10140276_20170721.nii.gz,1,context,decoder_stage_1_low_to_high,blur,1x288x24x24x24,288,24x24x24,15.1875,0.11394321918487549,0.4247174859046936,847.4349365234375,0.33119454979896545,True,-0.12392991781234741,True,1.570407748222351,0.18026354908943176
HCC_10140276_20170721.nii.gz,1,context,penultimate_decoder_stage_output,gamma,1x96x96x96x96,96,96x96x96,324.0,0.0014676452847197652,0.08747952431440353,803.1666870117188,0.038317449390888214,True,-0.06999123096466064,True,5.154938220977783,0.007646008860319853
HCC_10140276_20170721.nii.gz,1,context,penultimate_decoder_stage_output,blur,1x96x96x96x96,96,96x96x96,324.0,0.018826676532626152,0.31427201628685,2883.005126953125,0.13754232227802277,True,-0.06999123096466064,True,5.154938220977783,0.09869096428155899
HCC_10140276_20170721.nii.gz,1,context,final_decoder_stage_input,gamma,1x64x192x192x192,64,192x192x192,1728.0,0.005597875919193029,0.07632134109735489,1610.9764404296875,0.07725698500871658,True,-0.10040014982223511,True,1.0013213157653809,0.005812487564980984
HCC_10140276_20170721.nii.gz,1,context,final_decoder_stage_input,blur,1x64x192x192x192,64,192x192x192,1728.0,0.05164548009634018,0.23177002370357513,4893.16357421875,0.2346595972776413,True,-0.10040014982223511,True,1.0013213157653809,0.053709011524915695
HCC_10140276_20170721.nii.gz,1,context,final_decoder_feature,gamma,1x32x192x192x192,32,192x192x192,864.0,0.0029661383014172316,0.0373745858669281,551.6757202148438,0.05378890410065651,True,-0.03712879493832588,True,0.30537551641464233,0.0013966424157842994
HCC_10140276_20170721.nii.gz,1,context,final_decoder_feature,blur,1x32x192x192x192,32,192x192x192,864.0,0.0366501584649086,0.13192118704319,1952.45263671875,0.1903659850358963,True,-0.03712879493832588,True,0.30537551641464233,0.01740097627043724
HCC_10140276_20170721.nii.gz,2,foreground,decoder_stage_1_low_to_high,gamma,1x288x24x24x24,288,24x24x24,15.1875,0.01330985315144062,0.14325743913650513,285.84844970703125,0.114683598279953,True,0.07070373743772507,True,1.4855533838272095,0.020522678270936012
HCC_10140276_20170721.nii.gz,2,foreground,decoder_stage_1_low_to_high,blur,1x288x24x24x24,288,24x24x24,15.1875,0.12643970549106598,0.43536990880966187,868.68310546875,0.34851932525634766,True,0.07070373743772507,True,1.4855533838272095,0.1892526000738144
HCC_10140276_20170721.nii.gz,2,foreground,penultimate_decoder_stage_output,gamma,1x96x96x96x96,96,96x96x96,324.0,0.0022990042343735695,0.1039816364645958,953.83349609375,0.04789453372359276,True,0.07314398884773254,True,4.656662940979004,0.0108113968744874
HCC_10140276_20170721.nii.gz,2,foreground,penultimate_decoder_stage_output,blur,1x96x96x96x96,96,96x96x96,324.0,0.024068616330623627,0.32740288972854614,3001.246337890625,0.1507006138563156,True,0.07314398884773254,True,4.656662940979004,0.10716556757688522
HCC_10140276_20170721.nii.gz,2,foreground,final_decoder_stage_input,gamma,1x64x192x192x192,64,192x192x192,1728.0,0.0091024124994874,0.0946456789970398,1989.4366455078125,0.09776747226715088,True,-0.06254833936691284,True,0.9455175995826721,0.008951405063271523
HCC_10140276_20170721.nii.gz,2,foreground,final_decoder_stage_input,blur,1x64x192x192x192,64,192x192x192,1728.0,0.08963997662067413,0.2895567715167999,6125.6005859375,0.3010321855545044,True,-0.06254833936691284,True,0.9455175995826721,0.08380524814128876
HCC_10140276_20170721.nii.gz,2,foreground,final_decoder_feature,gamma,1x32x192x192x192,32,192x192x192,864.0,0.004625055473297834,0.04655085876584053,686.4151611328125,0.06713078916072845,True,0.01396879367530346,True,0.3071739673614502,0.0021669603884220123
HCC_10140276_20170721.nii.gz,2,foreground,final_decoder_feature,blur,1x32x192x192x192,32,192x192x192,864.0,0.05113988369703293,0.15511271357536316,2292.349609375,0.22418974339962006,True,0.01396879367530346,True,0.3071739673614502,0.024059921503067017
HCC_10140276_20170721.nii.gz,3,foreground,decoder_stage_1_low_to_high,gamma,1x288x24x24x24,288,24x24x24,15.1875,0.012382026761770248,0.14094632863998413,281.2364807128906,0.11069580912590027,True,0.030412202700972557,True,1.5459343194961548,0.01986582949757576
HCC_10140276_20170721.nii.gz,3,foreground,decoder_stage_1_low_to_high,blur,1x288x24x24x24,288,24x24x24,15.1875,0.12388873845338821,0.42457276582717896,847.1448974609375,0.3334396183490753,True,0.030412202700972557,True,1.5459343194961548,0.17994502186775208
HCC_10140276_20170721.nii.gz,3,foreground,penultimate_decoder_stage_output,gamma,1x96x96x96x96,96,96x96x96,324.0,0.0021203451324254274,0.10070575028657913,923.9243774414062,0.04598068445920944,True,0.0387866385281086,True,4.7384257316589355,0.010141371749341488
HCC_10140276_20170721.nii.gz,3,foreground,penultimate_decoder_stage_output,blur,1x96x96x96x96,96,96x96x96,324.0,0.025810381397604942,0.34183382987976074,3136.315673828125,0.15608413517475128,True,0.0387866385281086,True,4.7384257316589355,0.11681394279003143
HCC_10140276_20170721.nii.gz,3,foreground,final_decoder_stage_input,gamma,1x64x192x192x192,64,192x192x192,1728.0,0.008498596958816051,0.09251289069652557,1944.2760009765625,0.0946570336818695,True,-0.08037804812192917,True,0.9643098711967468,0.008555262349545956
HCC_10140276_20170721.nii.gz,3,foreground,final_decoder_stage_input,blur,1x64x192x192x192,64,192x192x192,1728.0,0.081953264772892,0.27859893441200256,5886.62646484375,0.2865902781486511,True,-0.08037804812192917,True,0.9643098711967468,0.07751454412937164
HCC_10140276_20170721.nii.gz,3,foreground,final_decoder_feature,gamma,1x32x192x192x192,32,192x192x192,864.0,0.004226710647344589,0.0445791557431221,657.1790771484375,0.0641600489616394,True,-0.01507051382213831,True,0.30667516589164734,0.001987290335819125
HCC_10140276_20170721.nii.gz,3,foreground,final_decoder_feature,blur,1x32x192x192x192,32,192x192x192,864.0,0.04655464366078377,0.14812356233596802,2190.300537109375,0.2138378918170929,True,-0.01507051382213831,True,0.30667516589164734,0.02194014936685562
HEM_PA97.nii.gz,0,context,decoder_stage_1_low_to_high,gamma,1x288x24x24x24,288,24x24x24,15.1875,0.20902343094348907,0.9859775304794312,1967.3470458984375,0.6552093625068665,True,0.8393754363059998,True,2.1978538036346436,0.9707125425338745
HEM_PA97.nii.gz,0,context,decoder_stage_1_low_to_high,blur,1x288x24x24x24,288,24x24x24,15.1875,0.3774107098579407,1.3444252014160156,2682.55517578125,0.8934037685394287,True,0.8393754363059998,True,2.1978538036346436,1.8052879571914673
HEM_PA97.nii.gz,0,context,penultimate_decoder_stage_output,gamma,1x96x96x96x96,96,96x96x96,324.0,0.32354652881622314,2.705995559692383,24869.05859375,0.9941244125366211,True,0.9158717393875122,True,7.310388088226318,7.2888407707214355
HEM_PA97.nii.gz,0,context,penultimate_decoder_stage_output,blur,1x96x96x96x96,96,96x96x96,324.0,0.321234792470932,2.2254555225372314,20452.330078125,0.8175685405731201,True,0.9158717393875122,True,7.310388088226318,4.924349308013916
HEM_PA97.nii.gz,0,context,final_decoder_stage_input,gamma,1x64x192x192x192,64,192x192x192,1728.0,0.22391290962696075,0.8162292242050171,16724.875,0.7048038840293884,True,0.9306052923202515,True,1.2871437072753906,0.6605369448661804
HEM_PA97.nii.gz,0,context,final_decoder_stage_input,blur,1x64x192x192x192,64,192x192x192,1728.0,0.21177704632282257,0.6703127026557922,13654.1640625,0.5754008889198303,True,0.9306052923202515,True,1.2871437072753906,0.44735947251319885
HEM_PA97.nii.gz,0,context,final_decoder_feature,gamma,1x32x192x192x192,32,192x192x192,864.0,0.049036115407943726,0.15471935272216797,2284.784912109375,0.22205764055252075,True,0.7241590619087219,True,0.3035106062889099,0.023838097229599953
HEM_PA97.nii.gz,0,context,final_decoder_feature,blur,1x32x192x192x192,32,192x192x192,864.0,0.09737983345985413,0.2192368060350418,3230.82861328125,0.3140033781528473,True,0.7241590619087219,True,0.3035106062889099,0.04802529513835907
HEM_PA97.nii.gz,1,context,decoder_stage_1_low_to_high,gamma,1x288x24x24x24,288,24x24x24,15.1875,0.025221843272447586,0.19496743381023407,389.0251159667969,0.1567811667919159,True,0.09993591159582138,True,1.4696866273880005,0.03800170123577118
HEM_PA97.nii.gz,1,context,decoder_stage_1_low_to_high,blur,1x288x24x24x24,288,24x24x24,15.1875,0.1347091943025589,0.4479147493839264,893.712646484375,0.3601755201816559,True,0.09993591159582138,True,1.4696866273880005,0.20046420395374298
HEM_PA97.nii.gz,1,context,penultimate_decoder_stage_output,gamma,1x96x96x96x96,96,96x96x96,324.0,0.004246097523719072,0.13524694740772247,1241.2303466796875,0.06526117771863937,True,0.2520408034324646,True,4.247356414794922,0.018210971727967262
HEM_PA97.nii.gz,1,context,penultimate_decoder_stage_output,blur,1x96x96x96x96,96,96x96x96,324.0,0.024040212854743004,0.31719788908958435,2909.7060546875,0.15298597514629364,True,0.2520408034324646,True,4.247356414794922,0.10060476511716843
HEM_PA97.nii.gz,1,context,final_decoder_stage_input,gamma,1x64x192x192x192,64,192x192x192,1728.0,0.008888338692486286,0.08848513662815094,1826.9263916015625,0.09490755200386047,True,-0.00437163095921278,True,0.8487770557403564,0.00765155628323555
HEM_PA97.nii.gz,1,context,final_decoder_stage_input,blur,1x64x192x192x192,64,192x192x192,1728.0,0.0853954404592514,0.2703658938407898,5710.1494140625,0.29663828015327454,True,-0.00437163095921278,True,0.8487770557403564,0.07309601455926895
HEM_PA97.nii.gz,1,context,final_decoder_feature,gamma,1x32x192x192x192,32,192x192x192,864.0,0.004854743834584951,0.04785698279738426,709.0881958007812,0.06897486746311188,True,0.06362153589725494,True,0.3135837912559509,0.0022889035753905773
HEM_PA97.nii.gz,1,context,final_decoder_feature,blur,1x32x192x192x192,32,192x192x192,864.0,0.05238260701298714,0.15757976472377777,2330.756103515625,0.22671876847743988,True,0.06362153589725494,True,0.3135837912559509,0.024831250309944153
HEM_PA97.nii.gz,2,foreground,decoder_stage_1_low_to_high,gamma,1x288x24x24x24,288,24x24x24,15.1875,0.044743612408638,0.26642608642578125,531.6068115234375,0.2017260491847992,True,0.12397105991840363,True,1.669762372970581,0.07094977051019669
HEM_PA97.nii.gz,2,foreground,decoder_stage_1_low_to_high,blur,1x288x24x24x24,288,24x24x24,15.1875,0.13100166618824005,0.45872288942337036,915.2821044921875,0.34731730818748474,True,0.12397105991840363,True,1.669762372970581,0.21025219559669495
HEM_PA97.nii.gz,2,foreground,penultimate_decoder_stage_output,gamma,1x96x96x96x96,96,96x96x96,324.0,0.02209627814590931,0.28702959418296814,2637.59765625,0.1427820473909378,True,0.39454981684684753,True,3.990450620651245,0.08213010430335999
HEM_PA97.nii.gz,2,foreground,penultimate_decoder_stage_output,blur,1x96x96x96x96,96,96x96x96,324.0,0.03129268437623978,0.3492085337638855,3203.95849609375,0.1734410673379898,True,0.39454981684684753,True,3.990450620651245,0.12179446220397949
HEM_PA97.nii.gz,2,foreground,final_decoder_stage_input,gamma,1x64x192x192x192,64,192x192x192,1728.0,0.01894478127360344,0.12389958649873734,2523.520263671875,0.1330137997865677,True,0.02476031892001629,True,0.8226953148841858,0.014839878305792809
HEM_PA97.nii.gz,2,foreground,final_decoder_stage_input,blur,1x64x192x192x192,64,192x192x192,1728.0,0.09814424812793732,0.2838364839553833,5982.60888671875,0.3153410255908966,True,0.02476031892001629,True,0.8226953148841858,0.08056315034627914
HEM_PA97.nii.gz,2,foreground,final_decoder_feature,gamma,1x32x192x192x192,32,192x192x192,864.0,0.00754787540063262,0.05973532795906067,883.481689453125,0.08573336899280548,True,-0.02443433739244938,True,0.316174179315567,0.00355683546513319
HEM_PA97.nii.gz,2,foreground,final_decoder_feature,blur,1x32x192x192x192,32,192x192x192,864.0,0.05799134820699692,0.1662560999393463,2460.786376953125,0.23879556357860565,True,-0.02443433739244938,True,0.316174179315567,0.027639010921120644
HEM_PA97.nii.gz,3,context_fill,decoder_stage_1_low_to_high,gamma,1x288x24x24x24,288,24x24x24,15.1875,0.008722339756786823,0.20869500935077667,416.4179992675781,0.09513434767723083,True,-0.07580398768186569,True,4.767845630645752,0.04355081543326378
HEM_PA97.nii.gz,3,context_fill,decoder_stage_1_low_to_high,blur,1x288x24x24x24,288,24x24x24,15.1875,2.1489624977111816,1.8005284070968628,3592.611083984375,0.8207635283470154,True,-0.07580398768186569,True,4.767845630645752,3.234924554824829
HEM_PA97.nii.gz,3,context_fill,penultimate_decoder_stage_output,gamma,1x96x96x96x96,96,96x96x96,324.0,0.002001718385145068,0.17608608305454254,1619.3045654296875,0.04610287770628929,True,-0.5598998665809631,True,14.378596305847168,0.030986391007900238
HEM_PA97.nii.gz,3,context_fill,penultimate_decoder_stage_output,blur,1x96x96x96x96,96,96x96x96,324.0,2.6730146408081055,3.278102159500122,30138.185546875,0.8580579161643982,True,-0.5598998665809631,True,14.378596305847168,10.687209129333496
HEM_PA97.nii.gz,3,context_fill,final_decoder_stage_input,gamma,1x64x192x192x192,64,192x192x192,1728.0,0.0043684267438948154,0.09719965606927872,2017.0123291015625,0.06875284761190414,True,-0.38688409328460693,True,1.9729191064834595,0.009445876814424992
HEM_PA97.nii.gz,3,context_fill,final_decoder_stage_input,blur,1x64x192x192x192,64,192x192x192,1728.0,1.2355588674545288,1.0200961828231812,20762.39453125,0.7077169418334961,True,-0.38688409328460693,True,1.9729191064834595,1.032173752784729
HEM_PA97.nii.gz,3,context_fill,final_decoder_feature,gamma,1x32x192x192x192,32,192x192x192,864.0,0.003304397454485297,0.04047886282205582,599.0298461914062,0.056816983968019485,True,-0.0747094601392746,True,0.3170594573020935,0.0016380730085074902
HEM_PA97.nii.gz,3,context_fill,final_decoder_feature,blur,1x32x192x192x192,32,192x192x192,864.0,0.1550302654504776,0.269780695438385,3990.344970703125,0.3784775733947754,True,-0.0747094601392746,True,0.3170594573020935,0.07240082323551178
CYST_PA69.nii.gz,0,context,decoder_stage_1_low_to_high,gamma,1x288x24x24x24,288,24x24x24,15.1875,0.007701437920331955,0.192074716091156,383.25592041015625,0.08807238191366196,True,-0.2304856926202774,True,4.709888935089111,0.03689240291714668
CYST_PA69.nii.gz,0,context,decoder_stage_1_low_to_high,blur,1x288x24x24x24,288,24x24x24,15.1875,0.036544498056173325,0.41497793793678284,828.0142822265625,0.1902780532836914,True,-0.2304856926202774,True,4.709888935089111,0.17220598459243774
CYST_PA69.nii.gz,0,context,penultimate_decoder_stage_output,gamma,1x96x96x96x96,96,96x96x96,324.0,0.0017111952183768153,0.16285741329193115,1498.0147705078125,0.0414612740278244,True,-0.4336579740047455,True,15.216914176940918,0.02650550566613674
CYST_PA69.nii.gz,0,context,penultimate_decoder_stage_output,blur,1x96x96x96x96,96,96x96x96,324.0,0.0035595684312283993,0.23292934894561768,2140.62109375,0.05924699828028679,True,-0.4336579740047455,True,15.216914176940918,0.054249659180641174
CYST_PA69.nii.gz,0,context,final_decoder_stage_input,gamma,1x64x192x192x192,64,192x192x192,1728.0,0.0028555605094879866,0.07868269830942154,1635.1978759765625,0.05427649989724159,True,-0.28418588638305664,True,2.0656111240386963,0.0061872671358287334
CYST_PA69.nii.gz,0,context,final_decoder_stage_input,blur,1x64x192x192x192,64,192x192x192,1728.0,0.01849929615855217,0.19749562442302704,4170.056640625,0.13841509819030762,True,-0.28418588638305664,True,2.0656111240386963,0.03900103643536568
CYST_PA69.nii.gz,0,context,final_decoder_feature,gamma,1x32x192x192x192,32,192x192x192,864.0,0.0028216633945703506,0.03741612285375595,551.6610717773438,0.05225367844104767,True,-0.19416804611682892,True,0.31809818744659424,0.0013999025104567409
CYST_PA69.nii.gz,0,context,final_decoder_feature,blur,1x32x192x192x192,32,192x192x192,864.0,0.020459219813346863,0.10092030465602875,1490.6416015625,0.14119449257850647,True,-0.19416804611682892,True,0.31809818744659424,0.01018317136913538
CYST_PA69.nii.gz,1,context,decoder_stage_1_low_to_high,gamma,1x288x24x24x24,288,24x24x24,15.1875,0.004141204059123993,0.13985003530979156,279.0461120605469,0.06457352638244629,True,0.14043216407299042,True,4.64375638961792,0.019557971507310867
CYST_PA69.nii.gz,1,context,decoder_stage_1_low_to_high,blur,1x288x24x24x24,288,24x24x24,15.1875,0.05965994670987129,0.5194156169891357,1036.396240234375,0.23983047902584076,True,0.14043216407299042,True,4.64375638961792,0.26973241567611694
CYST_PA69.nii.gz,1,context,penultimate_decoder_stage_output,gamma,1x96x96x96x96,96,96x96x96,324.0,0.0007049770792946219,0.10362184047698975,953.0858154296875,0.026889795437455177,True,0.4222867488861084,True,14.651358604431152,0.010736019350588322
CYST_PA69.nii.gz,1,context,penultimate_decoder_stage_output,blur,1x96x96x96x96,96,96x96x96,324.0,0.008676339872181416,0.3677327632904053,3379.825927734375,0.09535639733076096,True,0.4222867488861084,True,14.651358604431152,0.1352228820323944
CYST_PA69.nii.gz,1,context,final_decoder_stage_input,gamma,1x64x192x192x192,64,192x192x192,1728.0,0.00222909078001976,0.06943433731794357,1460.740478515625,0.049081116914749146,True,-0.040058206766843796,True,2.024176597595215,0.004819321446120739
CYST_PA69.nii.gz,1,context,final_decoder_stage_input,blur,1x64x192x192x192,64,192x192x192,1728.0,0.023860009387135506,0.22978101670742035,4834.07763671875,0.16242578625679016,True,-0.040058206766843796,True,2.024176597595215,0.05278628692030907
CYST_PA69.nii.gz,1,context,final_decoder_feature,gamma,1x32x192x192x192,32,192x192x192,864.0,0.0014879273949190974,0.027216456830501556,401.8540954589844,0.038026921451091766,True,-0.0376594103872776,True,0.31790828704833984,0.0007404552889056504
CYST_PA69.nii.gz,1,context,final_decoder_feature,blur,1x32x192x192x192,32,192x192x192,864.0,0.027113953605294228,0.11593720316886902,1709.7030029296875,0.16178692877292633,True,-0.0376594103872776,True,0.31790828704833984,0.013441314920783043
CYST_PA69.nii.gz,2,foreground,decoder_stage_1_low_to_high,gamma,1x288x24x24x24,288,24x24x24,15.1875,0.041944440454244614,0.23972605168819427,478.3269958496094,0.20269139111042023,True,0.18582917749881744,True,1.3105303049087524,0.05744900181889534
CYST_PA69.nii.gz,2,foreground,decoder_stage_1_low_to_high,blur,1x288x24x24x24,288,24x24x24,15.1875,0.14042238891124725,0.4376814365386963,873.2926025390625,0.3700583279132843,True,0.18582917749881744,True,1.3105303049087524,0.19148162007331848
CYST_PA69.nii.gz,2,foreground,penultimate_decoder_stage_output,gamma,1x96x96x96x96,96,96x96x96,324.0,0.006472517736256123,0.15468251705169678,1420.1800537109375,0.07903288304805756,True,0.2230692207813263,True,3.7908272743225098,0.023926490917801857
CYST_PA69.nii.gz,2,foreground,penultimate_decoder_stage_output,blur,1x96x96x96x96,96,96x96x96,324.0,0.030092354863882065,0.33904093503952026,3109.619873046875,0.17305004596710205,True,0.2230692207813263,True,3.7908272743225098,0.11494356393814087
CYST_PA69.nii.gz,2,foreground,final_decoder_stage_input,gamma,1x64x192x192x192,64,192x192x192,1728.0,0.01418581698089838,0.10801704227924347,2260.78515625,0.11972407251596451,True,0.0145207978785038,True,0.8158712387084961,0.011665601283311844
CYST_PA69.nii.gz,2,foreground,final_decoder_stage_input,blur,1x64x192x192x192,64,192x192x192,1728.0,0.09198088943958282,0.27540725469589233,5820.27978515625,0.308223694562912,True,0.0145207978785038,True,0.8158712387084961,0.07578916102647781
CYST_PA69.nii.gz,2,foreground,final_decoder_feature,gamma,1x32x192x192x192,32,192x192x192,864.0,0.007477588020265102,0.05900517851114273,870.0968017578125,0.08518648892641068,True,0.027616731822490692,True,0.3124644160270691,0.003479639533907175
CYST_PA69.nii.gz,2,foreground,final_decoder_feature,blur,1x32x192x192x192,32,192x192x192,864.0,0.05537530779838562,0.1610916703939438,2372.40234375,0.23226912319660187,True,0.027616731822490692,True,0.3124644160270691,0.02595045231282711
CYST_PA69.nii.gz,3,foreground,decoder_stage_1_low_to_high,gamma,1x288x24x24x24,288,24x24x24,15.1875,0.025886433199048042,0.19906102120876312,397.1931457519531,0.15945279598236084,True,0.04309731721878052,True,1.4773846864700317,0.03961431607604027
CYST_PA69.nii.gz,3,foreground,decoder_stage_1_low_to_high,blur,1x288x24x24x24,288,24x24x24,15.1875,0.14263178408145905,0.4632646143436432,924.3421020507812,0.37107622623443604,True,0.04309731721878052,True,1.4773846864700317,0.21461397409439087
CYST_PA69.nii.gz,3,foreground,penultimate_decoder_stage_output,gamma,1x96x96x96x96,96,96x96x96,324.0,0.0036919345147907734,0.11991849541664124,1100.4293212890625,0.060662999749183655,True,0.016445865854620934,True,3.856778144836426,0.014380359090864658
CYST_PA69.nii.gz,3,foreground,penultimate_decoder_stage_output,blur,1x96x96x96x96,96,96x96x96,324.0,0.027293700724840164,0.33601322770118713,3082.166015625,0.1699095368385315,True,0.016445865854620934,True,3.856778144836426,0.11290144175291061
CYST_PA69.nii.gz,3,foreground,final_decoder_stage_input,gamma,1x64x192x192x192,64,192x192x192,1728.0,0.011696490459144115,0.10052403062582016,2107.849853515625,0.11089326441287994,True,-0.1047704815864563,True,0.8234304785728455,0.010102025233209133
CYST_PA69.nii.gz,3,foreground,final_decoder_stage_input,blur,1x64x192x192x192,64,192x192x192,1728.0,0.10944117605686188,0.30908358097076416,6533.93994140625,0.3437483608722687,True,-0.1047704815864563,True,0.8234304785728455,0.09549591690301895
CYST_PA69.nii.gz,3,foreground,final_decoder_feature,gamma,1x32x192x192x192,32,192x192x192,864.0,0.005454919766634703,0.05032612383365631,744.0505981445312,0.0731140524148941,True,-0.051079168915748596,True,0.3075770139694214,0.002532718237489462
CYST_PA69.nii.gz,3,foreground,final_decoder_feature,blur,1x32x192x192x192,32,192x192x192,864.0,0.06409794837236404,0.173361673951149,2562.947509765625,0.2518477737903595,True,-0.051079168915748596,True,0.3075770139694214,0.030054084956645966
HCC_10076307_20130925.nii.gz,0,context,decoder_stage_1_low_to_high,gamma,1x288x24x24x24,288,24x24x24,15.1875,0.018760569393634796,0.22045446932315826,439.88421630859375,0.12801149487495422,True,0.5820935368537903,True,2.9140408039093018,0.048547014594078064
HCC_10076307_20130925.nii.gz,0,context,decoder_stage_1_low_to_high,blur,1x288x24x24x24,288,24x24x24,15.1875,0.20665612816810608,0.6537615656852722,1304.46142578125,0.3796136677265167,True,0.5820935368537903,True,2.9140408039093018,0.4265177547931671
HCC_10076307_20130925.nii.gz,0,context,penultimate_decoder_stage_output,gamma,1x96x96x96x96,96,96x96x96,324.0,0.040075503289699554,0.5185566544532776,4767.89892578125,0.17748042941093445,True,0.9494694471359253,True,8.42801284790039,0.267898827791214
HCC_10076307_20130925.nii.gz,0,context,penultimate_decoder_stage_output,blur,1x96x96x96x96,96,96x96x96,324.0,0.22769184410572052,1.1280947923660278,10370.6533203125,0.38603755831718445,True,0.9494694471359253,True,8.42801284790039,1.2664849758148193
HCC_10076307_20130925.nii.gz,0,context,final_decoder_stage_input,gamma,1x64x192x192x192,64,192x192x192,1728.0,0.024360721930861473,0.17302027344703674,3534.585205078125,0.14330922067165375,True,0.7075866460800171,True,1.3859831094741821,0.029518624767661095
HCC_10076307_20130925.nii.gz,0,context,final_decoder_stage_input,blur,1x64x192x192x192,64,192x192x192,1728.0,0.15632201731204987,0.4137324094772339,8530.12890625,0.3458527624607086,True,0.7075866460800171,True,1.3859831094741821,0.17040179669857025
HCC_10076307_20130925.nii.gz,0,context,final_decoder_feature,gamma,1x32x192x192x192,32,192x192x192,864.0,0.004910510499030352,0.04811706021428108,711.73388671875,0.06926431506872177,True,0.17895735800266266,True,0.3022285997867584,0.002309504896402359
HCC_10076307_20130925.nii.gz,0,context,final_decoder_feature,blur,1x32x192x192x192,32,192x192x192,864.0,0.05493205413222313,0.16106542944908142,2369.718505859375,0.23061560094356537,True,0.17895735800266266,True,0.3022285997867584,0.025935791432857513
HCC_10076307_20130925.nii.gz,1,context,decoder_stage_1_low_to_high,gamma,1x288x24x24x24,288,24x24x24,15.1875,0.01111432071775198,0.13550962507724762,270.38885498046875,0.1053076982498169,True,0.05346096679568291,True,1.580612301826477,0.01836278848350048
HCC_10076307_20130925.nii.gz,1,context,decoder_stage_1_low_to_high,blur,1x288x24x24x24,288,24x24x24,15.1875,0.1970028430223465,0.5357851982116699,1069.052734375,0.41636139154434204,True,0.05346096679568291,True,1.580612301826477,0.28657466173171997
HCC_10076307_20130925.nii.gz,1,context,penultimate_decoder_stage_output,gamma,1x96x96x96x96,96,96x96x96,324.0,0.0015465616015717387,0.08759789913892746,804.0045776367188,0.0395406149327755,True,0.2276809811592102,True,4.84372091293335,0.007660009432584047
HCC_10076307_20130925.nii.gz,1,context,penultimate_decoder_stage_output,blur,1x96x96x96x96,96,96x96x96,324.0,0.04161098971962929,0.4453103542327881,4088.775634765625,0.20108430087566376,True,0.2276809811592102,True,4.84372091293335,0.19778399169445038
HCC_10076307_20130925.nii.gz,1,context,final_decoder_stage_input,gamma,1x64x192x192x192,64,192x192x192,1728.0,0.006044111680239439,0.07801645249128342,1644.2958984375,0.0802633985877037,True,-0.01004881877452135,True,0.9646051526069641,0.006051643751561642
HCC_10076307_20130925.nii.gz,1,context,final_decoder_stage_input,blur,1x64x192x192x192,64,192x192x192,1728.0,0.07082877308130264,0.26279422640800476,5521.6845703125,0.2695312798023224,True,-0.01004881877452135,True,0.9646051526069641,0.06902653723955154
HCC_10076307_20130925.nii.gz,1,context,final_decoder_feature,gamma,1x32x192x192x192,32,192x192x192,864.0,0.003116043983027339,0.03834352269768715,565.9921264648438,0.05513889715075493,True,0.06509029120206833,True,0.3064587116241455,0.0014700089814141393
HCC_10076307_20130925.nii.gz,1,context,final_decoder_feature,blur,1x32x192x192x192,32,192x192x192,864.0,0.04810657724738121,0.15061055123806,2225.146728515625,0.21677358448505402,True,0.06509029120206833,True,0.3064587116241455,0.022683147341012955
HCC_10076307_20130925.nii.gz,2,foreground,decoder_stage_1_low_to_high,gamma,1x288x24x24x24,288,24x24x24,15.1875,0.018796585500240326,0.17271876335144043,344.63397216796875,0.13569188117980957,True,0.11973363161087036,True,1.5472984313964844,0.029822101816534996
HCC_10076307_20130925.nii.gz,2,foreground,decoder_stage_1_low_to_high,blur,1x288x24x24x24,288,24x24x24,15.1875,0.13891460001468658,0.45112913846969604,900.1331787109375,0.3544072210788727,True,0.11973363161087036,True,1.5472984313964844,0.20299199223518372
HCC_10076307_20130925.nii.gz,2,foreground,penultimate_decoder_stage_output,gamma,1x96x96x96x96,96,96x96x96,324.0,0.0032728512305766344,0.12168262898921967,1116.56884765625,0.056851666420698166,True,0.27297094464302063,True,4.526790142059326,0.014801856130361557
HCC_10076307_20130925.nii.gz,2,foreground,penultimate_decoder_stage_output,blur,1x96x96x96x96,96,96x96x96,324.0,0.03371642529964447,0.3830001950263977,3515.007568359375,0.178971529006958,True,0.27297094464302063,True,4.526790142059326,0.14649353921413422
HCC_10076307_20130925.nii.gz,2,foreground,final_decoder_stage_input,gamma,1x64x192x192x192,64,192x192x192,1728.0,0.011473982594907284,0.10483583062887192,2171.556884765625,0.10822904109954834,True,-0.024259213358163834,True,0.9212806224822998,0.010920672677457333
HCC_10076307_20130925.nii.gz,2,foreground,final_decoder_stage_input,blur,1x64x192x192x192,64,192x192x192,1728.0,0.09355562180280685,0.29097849130630493,6133.123046875,0.30567100644111633,True,-0.024259213358163834,True,0.9212806224822998,0.08452890813350677
HCC_10076307_20130925.nii.gz,2,foreground,final_decoder_feature,gamma,1x32x192x192x192,32,192x192x192,864.0,0.005579187069088221,0.05118071660399437,754.881591796875,0.07363127171993256,True,0.04315206781029701,True,0.30878734588623047,0.0026193500962108374
HCC_10076307_20130925.nii.gz,2,foreground,final_decoder_feature,blur,1x32x192x192x192,32,192x192x192,864.0,0.05064089968800545,0.15459312498569489,2280.3916015625,0.22242975234985352,True,0.04315206781029701,True,0.30878734588623047,0.023897729814052582
HCC_10076307_20130925.nii.gz,3,foreground,decoder_stage_1_low_to_high,gamma,1x288x24x24x24,288,24x24x24,15.1875,0.011540453881025314,0.1355370432138443,270.4427795410156,0.1071901023387909,True,-0.021966949105262756,True,1.5260868072509766,0.0183702502399683
HCC_10076307_20130925.nii.gz,3,foreground,decoder_stage_1_low_to_high,blur,1x288x24x24x24,288,24x24x24,15.1875,0.11976826190948486,0.4228104054927826,843.6283569335938,0.3343724310398102,True,-0.021966949105262756,True,1.5260868072509766,0.17847056686878204
HCC_10076307_20130925.nii.gz,3,foreground,penultimate_decoder_stage_output,gamma,1x96x96x96x96,96,96x96x96,324.0,0.0017576143145561218,0.09303314238786697,853.0690307617188,0.04166024550795555,True,0.07708591967821121,True,4.923031806945801,0.008654642850160599
HCC_10076307_20130925.nii.gz,3,foreground,penultimate_decoder_stage_output,blur,1x96x96x96x96,96,96x96x96,324.0,0.025227559730410576,0.34348973631858826,3152.96044921875,0.15397711098194122,True,0.07708591967821121,True,4.923031806945801,0.11782921105623245
HCC_10076307_20130925.nii.gz,3,foreground,final_decoder_stage_input,gamma,1x64x192x192x192,64,192x192x192,1728.0,0.008691702969372272,0.09345924854278564,1951.4091796875,0.09483453631401062,True,-0.027160966768860817,True,0.9741928577423096,0.008666452020406723
HCC_10076307_20130925.nii.gz,3,foreground,final_decoder_stage_input,blur,1x64x192x192x192,64,192x192x192,1728.0,0.07290109246969223,0.2631837725639343,5551.5732421875,0.2697952389717102,True,-0.027160966768860817,True,0.9741928577423096,0.06913410872220993
HCC_10076307_20130925.nii.gz,3,foreground,final_decoder_feature,gamma,1x32x192x192x192,32,192x192x192,864.0,0.004168121609836817,0.04428344964981079,652.7034912109375,0.06363792717456818,True,0.022996991872787476,True,0.3074949383735657,0.001960940659046173
HCC_10076307_20130925.nii.gz,3,foreground,final_decoder_feature,blur,1x32x192x192x192,32,192x192x192,864.0,0.042490024119615555,0.1415136456489563,2086.61962890625,0.20344330370426178,True,0.022996991872787476,True,0.3074949383735657,0.020023992285132408
CYST_PA20.nii.gz,0,context,decoder_stage_1_low_to_high,gamma,1x288x24x24x24,288,24x24x24,15.1875,0.006197331473231316,0.126944899559021,253.29739379882812,0.07726314663887024,True,0.148085817694664,True,2.6469922065734863,0.016109701246023178
CYST_PA20.nii.gz,0,context,decoder_stage_1_low_to_high,blur,1x288x24x24x24,288,24x24x24,15.1875,0.15991882979869843,0.5752972364425659,1147.8970947265625,0.35014232993125916,True,0.148085817694664,True,2.6469922065734863,0.32997316122055054
CYST_PA20.nii.gz,0,context,penultimate_decoder_stage_output,gamma,1x96x96x96x96,96,96x96x96,324.0,0.004266177769750357,0.175515279173851,1613.55908203125,0.06298474222421646,True,0.8149157762527466,True,7.651861190795898,0.03072638437151909
CYST_PA20.nii.gz,0,context,penultimate_decoder_stage_output,blur,1x96x96x96x96,96,96x96x96,324.0,0.14445053040981293,0.890363872051239,8185.3759765625,0.3195134103298187,True,0.8149157762527466,True,7.651861190795898,0.78989577293396
CYST_PA20.nii.gz,0,context,final_decoder_stage_input,gamma,1x64x192x192x192,64,192x192x192,1728.0,0.00515752425417304,0.08242537081241608,1719.779296875,0.07124348729848862,True,0.2554413974285126,True,1.3232094049453735,0.006750171072781086
CYST_PA20.nii.gz,0,context,final_decoder_stage_input,blur,1x64x192x192x192,64,192x192x192,1728.0,0.12306324392557144,0.3693182170391083,7696.84130859375,0.31884896755218506,True,0.2554413974285126,True,1.3232094049453735,0.13581426441669464
CYST_PA20.nii.gz,0,context,final_decoder_feature,gamma,1x32x192x192x192,32,192x192x192,864.0,0.0026962021365761757,0.03558860719203949,524.8370971679688,0.05126366764307022,True,-0.044104963541030884,True,0.3024270832538605,0.0012659559724852443
CYST_PA20.nii.gz,0,context,final_decoder_feature,blur,1x32x192x192x192,32,192x192x192,864.0,0.051555849611759186,0.15595340728759766,2295.34228515625,0.22419846057891846,True,-0.044104963541030884,True,0.3024270832538605,0.02432066760957241
CYST_PA20.nii.gz,1,context,decoder_stage_1_low_to_high,gamma,1x288x24x24x24,288,24x24x24,15.1875,0.007617555093020201,0.1090855523943901,217.6641082763672,0.0870032086968422,True,-0.09093251079320908,True,1.4994174242019653,0.011899410746991634
CYST_PA20.nii.gz,1,context,decoder_stage_1_low_to_high,blur,1x288x24x24x24,288,24x24x24,15.1875,0.11959102004766464,0.42174139618873596,841.4954833984375,0.3363568186759949,True,-0.09093251079320908,True,1.4994174242019653,0.17763857543468475
CYST_PA20.nii.gz,1,context,penultimate_decoder_stage_output,gamma,1x96x96x96x96,96,96x96x96,324.0,0.0010558607755228877,0.07157295197248459,656.4414672851562,0.03226066753268242,True,-0.10799819231033325,True,4.860787868499756,0.0051217591390013695
CYST_PA20.nii.gz,1,context,penultimate_decoder_stage_output,blur,1x96x96x96x96,96,96x96x96,324.0,0.019833771511912346,0.3121057152748108,2862.85107421875,0.14069417119026184,True,-0.10799819231033325,True,4.860787868499756,0.09728504717350006
CYST_PA20.nii.gz,1,context,final_decoder_stage_input,gamma,1x64x192x192x192,64,192x192x192,1728.0,0.005074318964034319,0.07132503390312195,1505.5738525390625,0.07297009974718094,True,-0.18443043529987335,True,0.9744026064872742,0.005070515442639589
CYST_PA20.nii.gz,1,context,final_decoder_stage_input,blur,1x64x192x192x192,64,192x192x192,1728.0,0.08020346611738205,0.283431738615036,5995.68701171875,0.2905907928943634,True,-0.18443043529987335,True,0.9744026064872742,0.08032466471195221
CYST_PA20.nii.gz,1,context,final_decoder_feature,gamma,1x32x192x192x192,32,192x192x192,864.0,0.0021835695952177048,0.03207642585039139,473.6942138671875,0.04615709185600281,True,-0.15707948803901672,True,0.3079943358898163,0.0010283589363098145
CYST_PA20.nii.gz,1,context,final_decoder_feature,blur,1x32x192x192x192,32,192x192x192,864.0,0.04336812347173691,0.14336659014225006,2121.68701171875,0.2067386358976364,True,-0.15707948803901672,True,0.3079943358898163,0.02055353671312332
CYST_PA20.nii.gz,2,foreground,decoder_stage_1_low_to_high,gamma,1x288x24x24x24,288,24x24x24,15.1875,0.005541905760765076,0.09304049611091614,185.65005493164062,0.07462603598833084,True,-0.16300338506698608,True,1.4804335832595825,0.008656427264213562
CYST_PA20.nii.gz,2,foreground,decoder_stage_1_low_to_high,blur,1x288x24x24x24,288,24x24x24,15.1875,0.1110587865114212,0.40464362502098083,807.3807983398438,0.32454410195350647,True,-0.16300338506698608,True,1.4804335832595825,0.16358992457389832
CYST_PA20.nii.gz,2,foreground,penultimate_decoder_stage_output,gamma,1x96x96x96x96,96,96x96x96,324.0,0.0009584917570464313,0.06628616899251938,607.8598022460938,0.030791593715548515,True,-0.15752413868904114,True,4.578378677368164,0.004393774084746838
CYST_PA20.nii.gz,2,foreground,penultimate_decoder_stage_output,blur,1x96x96x96x96,96,96x96x96,324.0,0.02139749377965927,0.31712931394577026,2908.213134765625,0.14731772243976593,True,-0.15752413868904114,True,4.578378677368164,0.10054250806570053
CYST_PA20.nii.gz,2,foreground,final_decoder_stage_input,gamma,1x64x192x192x192,64,192x192x192,1728.0,0.0045608230866491795,0.06588619947433472,1390.1824951171875,0.06932860612869263,True,-0.17854878306388855,True,0.9204908013343811,0.00432456424459815
CYST_PA20.nii.gz,2,foreground,final_decoder_stage_input,blur,1x64x192x192x192,64,192x192x192,1728.0,0.08705607056617737,0.2885185480117798,6102.419921875,0.304328590631485,True,-0.17854878306388855,True,0.9204908013343811,0.08324262499809265
CYST_PA20.nii.gz,2,foreground,final_decoder_feature,gamma,1x32x192x192x192,32,192x192x192,864.0,0.0019047388341277838,0.029999449849128723,443.0907287597656,0.043148599565029144,True,-0.16007333993911743,True,0.3099726438522339,0.0008996992255561054
CYST_PA20.nii.gz,2,foreground,final_decoder_feature,blur,1x32x192x192x192,32,192x192x192,864.0,0.04665420949459076,0.14871035516262054,2198.88330078125,0.21412935853004456,True,-0.16007333993911743,True,0.3099726438522339,0.02211396023631096
CYST_PA20.nii.gz,3,foreground,decoder_stage_1_low_to_high,gamma,1x288x24x24x24,288,24x24x24,15.1875,0.006095488555729389,0.1002916544675827,200.11805725097656,0.07760052382946014,True,-0.09965039044618607,True,1.598876714706421,0.010057121515274048
CYST_PA20.nii.gz,3,foreground,decoder_stage_1_low_to_high,blur,1x288x24x24x24,288,24x24x24,15.1875,0.08418211340904236,0.37436333298683167,746.9620971679688,0.2896522879600525,True,-0.09965039044618607,True,1.598876714706421,0.14009355008602142
CYST_PA20.nii.gz,3,foreground,penultimate_decoder_stage_output,gamma,1x96x96x96x96,96,96x96x96,324.0,0.0013722272124141455,0.07904308289289474,725.6694946289062,0.03689448535442352,True,-0.09973492473363876,True,4.535357475280762,0.006242857314646244
CYST_PA20.nii.gz,3,foreground,penultimate_decoder_stage_output,blur,1x96x96x96x96,96,96x96x96,324.0,0.01805647276341915,0.28719526529312134,2630.031494140625,0.13371604681015015,True,-0.09973492473363876,True,4.535357475280762,0.08248111605644226
CYST_PA20.nii.gz,3,foreground,final_decoder_stage_input,gamma,1x64x192x192x192,64,192x192x192,1728.0,0.0057119084522128105,0.07395485043525696,1546.991943359375,0.07740861177444458,True,-0.15386618673801422,True,0.9157755970954895,0.005443626549094915
CYST_PA20.nii.gz,3,foreground,final_decoder_stage_input,blur,1x64x192x192x192,64,192x192x192,1728.0,0.10005933046340942,0.30578967928886414,6462.31640625,0.3233623504638672,True,-0.15386618673801422,True,0.9157755970954895,0.0934988334774971
CYST_PA20.nii.gz,3,foreground,final_decoder_feature,gamma,1x32x192x192x192,32,192x192x192,864.0,0.0024501760490238667,0.033996060490608215,501.92041015625,0.04892635717988014,True,-0.13165175914764404,True,0.3105187714099884,0.001155727542936802
CYST_PA20.nii.gz,3,foreground,final_decoder_feature,blur,1x32x192x192x192,32,192x192x192,864.0,0.053926270455121994,0.15970930457115173,2364.755859375,0.23051242530345917,True,-0.13165175914764404,True,0.3105187714099884,0.02550681121647358
CYST_PA56.nii.gz,0,context,decoder_stage_1_low_to_high,gamma,1x288x24x24x24,288,24x24x24,15.1875,0.0026028575375676155,0.1153978481888771,230.25355529785156,0.05120706930756569,True,-0.07816833257675171,True,5.0395426750183105,0.013314307667315006
CYST_PA56.nii.gz,0,context,decoder_stage_1_low_to_high,blur,1x288x24x24x24,288,24x24x24,15.1875,0.041206084191799164,0.4518742263317108,901.6305541992188,0.2005174607038498,True,-0.07816833257675171,True,5.0395426750183105,0.20415858924388885
CYST_PA56.nii.gz,0,context,penultimate_decoder_stage_output,gamma,1x96x96x96x96,96,96x96x96,324.0,0.0003185465175192803,0.07634421437978745,702.1432495117188,0.01791398599743843,True,-0.2065018117427826,True,17.922636032104492,0.005826934706419706
CYST_PA56.nii.gz,0,context,penultimate_decoder_stage_output,blur,1x96x96x96x96,96,96x96x96,324.0,0.00834683608263731,0.3661172688007355,3365.28271484375,0.08585944771766663,True,-0.2065018117427826,True,17.922636032104492,0.13372056186199188
CYST_PA56.nii.gz,0,context,final_decoder_stage_input,gamma,1x64x192x192x192,64,192x192x192,1728.0,0.002133853267878294,0.07211480289697647,1519.5662841796875,0.04734782502055168,True,-0.21993379294872284,True,2.336883783340454,0.005170690827071667
CYST_PA56.nii.gz,0,context,final_decoder_stage_input,blur,1x64x192x192x192,64,192x192x192,1728.0,0.03507164493203163,0.277010053396225,5836.68994140625,0.18186411261558533,True,-0.21993379294872284,True,2.336883783340454,0.07667999714612961
CYST_PA56.nii.gz,0,context,final_decoder_feature,gamma,1x32x192x192x192,32,192x192x192,864.0,0.0017663987819105387,0.029530124738812447,436.7799072265625,0.04143557325005531,True,-0.156532421708107,True,0.3162214457988739,0.0008716451120562851
CYST_PA56.nii.gz,0,context,final_decoder_feature,blur,1x32x192x192x192,32,192x192x192,864.0,0.034090448170900345,0.12992917001247406,1918.3367919921875,0.18198499083518982,True,-0.156532421708107,True,0.3162214457988739,0.016881464049220085
CYST_PA56.nii.gz,1,context,decoder_stage_1_low_to_high,gamma,1x288x24x24x24,288,24x24x24,15.1875,0.0068601868115365505,0.12003472447395325,239.5101776123047,0.08318758010864258,True,-0.062310781329870224,True,2.0158421993255615,0.014408011920750141
CYST_PA56.nii.gz,1,context,decoder_stage_1_low_to_high,blur,1x288x24x24x24,288,24x24x24,15.1875,0.1253039538860321,0.49364322423934937,984.961669921875,0.342100590467453,True,-0.062310781329870224,True,2.0158421993255615,0.2434559166431427
CYST_PA56.nii.gz,1,context,penultimate_decoder_stage_output,gamma,1x96x96x96x96,96,96x96x96,324.0,0.0014572653453797102,0.08770642429590225,805.4740600585938,0.03843284770846367,True,-0.04712594673037529,True,5.134673118591309,0.0076858727261424065
CYST_PA56.nii.gz,1,context,penultimate_decoder_stage_output,blur,1x96x96x96x96,96,96x96x96,324.0,0.030242925509810448,0.3753407299518585,3447.13720703125,0.16447867453098297,True,-0.04712594673037529,True,5.134673118591309,0.14073196053504944
CYST_PA56.nii.gz,1,context,final_decoder_stage_input,gamma,1x64x192x192x192,64,192x192x192,1728.0,0.004851732403039932,0.07145319133996964,1482.941162109375,0.07196313142776489,True,-0.1993797868490219,True,0.981599748134613,0.005053905304521322
CYST_PA56.nii.gz,1,context,final_decoder_stage_input,blur,1x64x192x192x192,64,192x192x192,1728.0,0.11007971316576004,0.32277312874794006,6792.19140625,0.32960671186447144,True,-0.1993797868490219,True,0.981599748134613,0.10417421907186508
CYST_PA56.nii.gz,1,context,final_decoder_feature,gamma,1x32x192x192x192,32,192x192x192,864.0,0.003094617510214448,0.038184553384780884,564.38134765625,0.05499865114688873,True,-0.13160225749015808,True,0.3057164251804352,0.001457846723496914
CYST_PA56.nii.gz,1,context,final_decoder_feature,blur,1x32x192x192x192,32,192x192x192,864.0,0.06779076159000397,0.17884498834609985,2641.711669921875,0.25743335485458374,True,-0.13160225749015808,True,0.3057164251804352,0.031985003501176834
CYST_PA56.nii.gz,2,foreground,decoder_stage_1_low_to_high,gamma,1x288x24x24x24,288,24x24x24,15.1875,0.009235783480107784,0.11906576156616211,237.5767364501953,0.09667196869850159,True,-0.13256962597370148,True,1.4421132802963257,0.014170226640999317
CYST_PA56.nii.gz,2,foreground,decoder_stage_1_low_to_high,blur,1x288x24x24x24,288,24x24x24,15.1875,0.1423777937889099,0.4495373070240021,896.9575805664062,0.3649795651435852,True,-0.13256962597370148,True,1.4421132802963257,0.20174260437488556
CYST_PA56.nii.gz,2,foreground,penultimate_decoder_stage_output,gamma,1x96x96x96x96,96,96x96x96,324.0,0.0017889535520225763,0.09024853259325027,828.1925048828125,0.04234588146209717,True,-0.24176684021949768,True,4.493046283721924,0.00813455693423748
CYST_PA56.nii.gz,2,foreground,penultimate_decoder_stage_output,blur,1x96x96x96x96,96,96x96x96,324.0,0.03254583850502968,0.3767910897731781,3456.7109375,0.1767432987689972,True,-0.24176684021949768,True,4.493046283721924,0.14176331460475922
CYST_PA56.nii.gz,2,foreground,final_decoder_stage_input,gamma,1x64x192x192x192,64,192x192x192,1728.0,0.005830148700624704,0.07396326214075089,1530.090576171875,0.07801131159067154,True,-0.20138052105903625,True,0.8862529397010803,0.005411885678768158
CYST_PA56.nii.gz,2,foreground,final_decoder_stage_input,blur,1x64x192x192x192,64,192x192x192,1728.0,0.11641848832368851,0.32178592681884766,6771.7822265625,0.3452577590942383,True,-0.20138052105903625,True,0.8862529397010803,0.10351504385471344
CYST_PA56.nii.gz,2,foreground,final_decoder_feature,gamma,1x32x192x192x192,32,192x192x192,864.0,0.002968951826915145,0.03756590560078621,555.0646362304688,0.053834665566682816,True,-0.14707763493061066,True,0.3134559392929077,0.001411063363775611
CYST_PA56.nii.gz,2,foreground,final_decoder_feature,blur,1x32x192x192x192,32,192x192x192,864.0,0.06301534175872803,0.1731276512145996,2556.04443359375,0.247905895113945,True,-0.14707763493061066,True,0.3134559392929077,0.029972735792398453
CYST_PA56.nii.gz,3,foreground,decoder_stage_1_low_to_high,gamma,1x288x24x24x24,288,24x24x24,15.1875,0.006964756641536951,0.1067485511302948,213.0014190673828,0.08373136073350906,True,-0.07369457930326462,True,1.55034601688385,0.01138997357338667
CYST_PA56.nii.gz,3,foreground,decoder_stage_1_low_to_high,blur,1x288x24x24x24,288,24x24x24,15.1875,0.12536747753620148,0.4420326054096222,881.9778442382812,0.3467075824737549,True,-0.07369457930326462,True,1.55034601688385,0.19531883299350739
CYST_PA56.nii.gz,3,foreground,penultimate_decoder_stage_output,gamma,1x96x96x96x96,96,96x96x96,324.0,0.0011885752901434898,0.07430758327245712,682.058837890625,0.03442857787013054,True,-0.10188021510839462,True,4.608066558837891,0.005521401297301054
CYST_PA56.nii.gz,3,foreground,penultimate_decoder_stage_output,blur,1x96x96x96x96,96,96x96x96,324.0,0.02341143600642681,0.32822245359420776,3008.904541015625,0.15188176929950714,True,-0.10188021510839462,True,4.608066558837891,0.10766014456748962
CYST_PA56.nii.gz,3,foreground,final_decoder_stage_input,gamma,1x64x192x192x192,64,192x192x192,1728.0,0.004727491643279791,0.06723161786794662,1402.77392578125,0.07039773464202881,True,-0.15925279259681702,True,0.91379714012146,0.004463663324713707
CYST_PA56.nii.gz,3,foreground,final_decoder_stage_input,blur,1x64x192x192x192,64,192x192x192,1728.0,0.09705955535173416,0.30157986283302307,6364.70263671875,0.31941044330596924,True,-0.15925279259681702,True,0.91379714012146,0.09092102199792862
CYST_PA56.nii.gz,3,foreground,final_decoder_feature,gamma,1x32x192x192x192,32,192x192x192,864.0,0.002326725283637643,0.033186912536621094,491.0430603027344,0.047731220722198486,True,-0.1515682488679886,True,0.3101579546928406,0.0011011662427335978
CYST_PA56.nii.gz,3,foreground,final_decoder_feature,blur,1x32x192x192x192,32,192x192x192,864.0,0.05760648101568222,0.16524595022201538,2442.275634765625,0.23739832639694214,True,-0.1515682488679886,True,0.3101579546928406,0.02730518765747547
HCC_10136895_20170421.nii.gz,0,context,decoder_stage_1_low_to_high,gamma,1x288x24x24x24,288,24x24x24,15.1875,0.08490494638681412,0.43129515647888184,860.5802001953125,0.2504540681838989,True,0.7292367815971375,True,2.9108898639678955,0.18557141721248627
HCC_10136895_20170421.nii.gz,0,context,decoder_stage_1_low_to_high,blur,1x288x24x24x24,288,24x24x24,15.1875,0.27797719836235046,0.7234037518501282,1443.4208984375,0.4200778007507324,True,0.7292367815971375,True,2.9108898639678955,0.5218169689178467
HCC_10136895_20170421.nii.gz,0,context,penultimate_decoder_stage_output,gamma,1x96x96x96x96,96,96x96x96,324.0,0.22521674633026123,1.116573452949524,10260.62890625,0.3740278482437134,True,0.9793342351913452,True,8.785163879394531,1.241446614265442
HCC_10136895_20170421.nii.gz,0,context,penultimate_decoder_stage_output,blur,1x96x96x96x96,96,96x96x96,324.0,0.38339826464653015,1.374842882156372,12636.87890625,0.46064862608909607,True,0.9793342351913452,True,8.785163879394531,1.881012201309204
HCC_10136895_20170421.nii.gz,0,context,final_decoder_stage_input,gamma,1x64x192x192x192,64,192x192x192,1728.0,0.11044039577245712,0.3470877408981323,7036.16650390625,0.27896398305892944,True,0.883411169052124,True,1.451033353805542,0.11894826591014862
HCC_10136895_20170421.nii.gz,0,context,final_decoder_stage_input,blur,1x64x192x192x192,64,192x192x192,1728.0,0.22775569558143616,0.4793941080570221,9851.404296875,0.3905801475048065,True,0.883411169052124,True,1.451033353805542,0.228153795003891
HCC_10136895_20170421.nii.gz,0,context,final_decoder_feature,gamma,1x32x192x192x192,32,192x192x192,864.0,0.017590269446372986,0.09078352153301239,1345.0863037109375,0.1309923231601715,True,0.44877803325653076,True,0.3021760880947113,0.008206773549318314
HCC_10136895_20170421.nii.gz,0,context,final_decoder_feature,blur,1x32x192x192x192,32,192x192x192,864.0,0.05745631083846092,0.16425016522407532,2416.07421875,0.23529134690761566,True,0.44877803325653076,True,0.3021760880947113,0.02694411762058735
HCC_10136895_20170421.nii.gz,1,context,decoder_stage_1_low_to_high,gamma,1x288x24x24x24,288,24x24x24,15.1875,0.009210909716784954,0.12685593962669373,253.1209259033203,0.09625197947025299,True,0.03320080041885376,True,1.6685633659362793,0.016091104596853256
HCC_10136895_20170421.nii.gz,1,context,decoder_stage_1_low_to_high,blur,1x288x24x24x24,288,24x24x24,15.1875,0.0832577645778656,0.3665328323841095,731.3444213867188,0.2781016528606415,True,0.03320080041885376,True,1.6685633659362793,0.1342334747314453
HCC_10136895_20170421.nii.gz,1,context,penultimate_decoder_stage_output,gamma,1x96x96x96x96,96,96x96x96,324.0,0.001355336862616241,0.0843421146273613,774.2378540039062,0.03676411882042885,True,0.12722375988960266,True,5.195849418640137,0.007112746126949787
HCC_10136895_20170421.nii.gz,1,context,penultimate_decoder_stage_output,blur,1x96x96x96x96,96,96x96x96,324.0,0.016103679314255714,0.2858803868293762,2623.85205078125,0.12459170073270798,True,0.12722375988960266,True,5.195849418640137,0.08164038509130478
HCC_10136895_20170421.nii.gz,1,context,final_decoder_stage_input,gamma,1x64x192x192x192,64,192x192x192,1728.0,0.006179897114634514,0.08051357418298721,1697.574462890625,0.08070734888315201,True,-0.09675615280866623,True,1.017271637916565,0.006450471468269825
HCC_10136895_20170421.nii.gz,1,context,final_decoder_stage_input,blur,1x64x192x192x192,64,192x192x192,1728.0,0.05669206380844116,0.24174761772155762,5105.00244140625,0.242705836892128,True,-0.09675615280866623,True,1.017271637916565,0.05842648446559906
HCC_10136895_20170421.nii.gz,1,context,final_decoder_feature,gamma,1x32x192x192x192,32,192x192x192,864.0,0.003140657674521208,0.0384555347263813,568.0176391601562,0.055351030081510544,True,-0.01312868669629097,True,0.30572012066841125,0.001478304504416883
HCC_10136895_20170421.nii.gz,1,context,final_decoder_feature,blur,1x32x192x192x192,32,192x192x192,864.0,0.0358283706009388,0.12992504239082336,1915.9368896484375,0.18670032918453217,True,-0.01312868669629097,True,0.30572012066841125,0.016880424693226814
HCC_10136895_20170421.nii.gz,2,foreground,decoder_stage_1_low_to_high,gamma,1x288x24x24x24,288,24x24x24,15.1875,0.017361370846629143,0.16453686356544495,328.30859375,0.13127847015857697,True,0.07094715535640717,True,1.494451642036438,0.027070974931120872
HCC_10136895_20170421.nii.gz,2,foreground,decoder_stage_1_low_to_high,blur,1x288x24x24x24,288,24x24x24,15.1875,0.12220901995897293,0.4171123504638672,832.2600708007812,0.3327900171279907,True,0.07094715535640717,True,1.494451642036438,0.17367218434810638
HCC_10136895_20170421.nii.gz,2,foreground,penultimate_decoder_stage_output,gamma,1x96x96x96x96,96,96x96x96,324.0,0.002966055180877447,0.11196283251047134,1027.50634765625,0.0544300340116024,True,0.10691066086292267,True,4.178830623626709,0.012533878907561302
HCC_10136895_20170421.nii.gz,2,foreground,penultimate_decoder_stage_output,blur,1x96x96x96x96,96,96x96x96,324.0,0.029828347265720367,0.35066691040992737,3217.896728515625,0.17046144604682922,True,0.10691066086292267,True,4.178830623626709,0.12277774512767792
HCC_10136895_20170421.nii.gz,2,foreground,final_decoder_stage_input,gamma,1x64x192x192x192,64,192x192x192,1728.0,0.012003517709672451,0.10551723837852478,2209.884033203125,0.1117219552397728,True,-0.027025004848837852,True,0.8888099193572998,0.011130224913358688
HCC_10136895_20170421.nii.gz,2,foreground,final_decoder_stage_input,blur,1x64x192x192x192,64,192x192x192,1728.0,0.10055975615978241,0.29936397075653076,6324.97265625,0.31976261734962463,True,-0.027025004848837852,True,0.8888099193572998,0.08951026201248169
HCC_10136895_20170421.nii.gz,2,foreground,final_decoder_feature,gamma,1x32x192x192x192,32,192x192x192,864.0,0.005621396936476231,0.051259953528642654,756.3589477539062,0.07401056587696075,True,0.014462340623140335,True,0.30809712409973145,0.002627494977787137
HCC_10136895_20170421.nii.gz,2,foreground,final_decoder_feature,blur,1x32x192x192x192,32,192x192x192,864.0,0.052110299468040466,0.15632641315460205,2306.507568359375,0.22569434344768524,True,0.014462340623140335,True,0.30809712409973145,0.024435335770249367
HCC_10136895_20170421.nii.gz,3,foreground,decoder_stage_1_low_to_high,gamma,1x288x24x24x24,288,24x24x24,15.1875,0.010884030722081661,0.13354822993278503,266.4740905761719,0.1049235537648201,True,-0.11843797564506531,True,1.5440423488616943,0.01783030480146408
HCC_10136895_20170421.nii.gz,3,foreground,decoder_stage_1_low_to_high,blur,1x288x24x24x24,288,24x24x24,15.1875,0.10250628739595413,0.39139947295188904,780.955078125,0.3074992597103119,True,-0.11843797564506531,True,1.5440423488616943,0.15309669077396393
HCC_10136895_20170421.nii.gz,3,foreground,penultimate_decoder_stage_output,gamma,1x96x96x96x96,96,96x96x96,324.0,0.0016746430192142725,0.0865548849105835,793.672607421875,0.04076186567544937,True,-0.038170088082551956,True,4.453170299530029,0.007491566706448793
HCC_10136895_20170421.nii.gz,3,foreground,penultimate_decoder_stage_output,blur,1x96x96x96x96,96,96x96x96,324.0,0.02164418250322342,0.3093787729740143,2839.04931640625,0.14580942690372467,True,-0.038170088082551956,True,4.453170299530029,0.09560439735651016
HCC_10136895_20170421.nii.gz,3,foreground,final_decoder_stage_input,gamma,1x64x192x192x192,64,192x192x192,1728.0,0.007840033620595932,0.08589864522218704,1812.8477783203125,0.09069200605154037,True,-0.08080197125673294,True,0.9142097234725952,0.0073475013487041
HCC_10136895_20170421.nii.gz,3,foreground,final_decoder_stage_input,blur,1x64x192x192x192,64,192x192x192,1728.0,0.07709652185440063,0.2671084702014923,5644.43212890625,0.28237608075141907,True,-0.08080197125673294,True,0.9142097234725952,0.07130768150091171
HCC_10136895_20170421.nii.gz,3,foreground,final_decoder_feature,gamma,1x32x192x192x192,32,192x192x192,864.0,0.003488535527139902,0.04038005322217941,595.2347412109375,0.05828408896923065,True,-0.055052898824214935,True,0.3052745461463928,0.0016304163727909327
HCC_10136895_20170421.nii.gz,3,foreground,final_decoder_feature,blur,1x32x192x192x192,32,192x192x192,864.0,0.04493012651801109,0.14515691995620728,2147.65771484375,0.2102939635515213,True,-0.055052898824214935,True,0.3052745461463928,0.021070050075650215
MET_PA13.nii.gz,0,context,decoder_stage_1_low_to_high,gamma,1x288x24x24x24,288,24x24x24,15.1875,0.006332640070468187,0.18310794234275818,365.3636169433594,0.07929432392120361,True,0.13705115020275116,True,5.295250415802002,0.03352850675582886
MET_PA13.nii.gz,0,context,decoder_stage_1_low_to_high,blur,1x288x24x24x24,288,24x24x24,15.1875,0.041276127099990845,0.46559715270996094,929.0107421875,0.20162181556224823,True,0.13705115020275116,True,5.295250415802002,0.21677225828170776
MET_PA13.nii.gz,0,context,penultimate_decoder_stage_output,gamma,1x96x96x96x96,96,96x96x96,324.0,0.0006003802409395576,0.1106644943356514,1017.6029663085938,0.024498486891388893,True,0.015973737463355064,True,20.162525177001953,0.012246483936905861
MET_PA13.nii.gz,0,context,penultimate_decoder_stage_output,blur,1x96x96x96x96,96,96x96x96,324.0,0.005484715569764376,0.3269064426422119,3003.393798828125,0.07230580598115921,True,0.015973737463355064,True,20.162525177001953,0.10684693604707718
MET_PA13.nii.gz,0,context,final_decoder_stage_input,gamma,1x64x192x192x192,64,192x192x192,1728.0,0.002060935366898775,0.0732051283121109,1538.8966064453125,0.04626554250717163,True,-0.10629788041114807,True,2.525548219680786,0.005330120678991079
MET_PA13.nii.gz,0,context,final_decoder_stage_input,blur,1x64x192x192x192,64,192x192x192,1728.0,0.024012643843889236,0.24532464146614075,5167.0380859375,0.15534235537052155,True,-0.10629788041114807,True,2.525548219680786,0.06018046289682388
MET_PA13.nii.gz,0,context,final_decoder_feature,gamma,1x32x192x192x192,32,192x192x192,864.0,0.0021053445525467396,0.03229560703039169,477.2020568847656,0.04522119462490082,True,-0.044626131653785706,True,0.32188156247138977,0.0010424826759845018
MET_PA13.nii.gz,0,context,final_decoder_feature,blur,1x32x192x192x192,32,192x192x192,864.0,0.028946127742528915,0.12014748901128769,1773.2265625,0.16803662478923798,True,-0.044626131653785706,True,0.32188156247138977,0.014435403980314732
MET_PA13.nii.gz,1,context,decoder_stage_1_low_to_high,gamma,1x288x24x24x24,288,24x24x24,15.1875,0.007019601296633482,0.127355694770813,254.11744689941406,0.08422806113958359,True,-0.12004881352186203,True,2.2244842052459717,0.016216447576880455
MET_PA13.nii.gz,1,context,decoder_stage_1_low_to_high,blur,1x288x24x24x24,288,24x24x24,15.1875,0.09557809680700302,0.4792959690093994,956.3399047851562,0.3169820010662079,True,-0.12004881352186203,True,2.2244842052459717,0.229680597782135
MET_PA13.nii.gz,1,context,penultimate_decoder_stage_output,gamma,1x96x96x96x96,96,96x96x96,324.0,0.0016438388265669346,0.10045254230499268,921.8211669921875,0.04067371413111687,True,0.0018059631111100316,True,5.994537353515625,0.010090063326060772
MET_PA13.nii.gz,1,context,penultimate_decoder_stage_output,blur,1x96x96x96x96,96,96x96x96,324.0,0.025445831939578056,0.41319677233695984,3795.5439453125,0.16747160255908966,True,0.0018059631111100316,True,5.994537353515625,0.17046302556991577
MET_PA13.nii.gz,1,context,final_decoder_stage_input,gamma,1x64x192x192x192,64,192x192x192,1728.0,0.004778186324983835,0.07387375831604004,1530.12109375,0.07113024592399597,True,-0.11106756329536438,True,1.0694814920425415,0.0053908443078398705
MET_PA13.nii.gz,1,context,final_decoder_stage_input,blur,1x64x192x192x192,64,192x192x192,1728.0,0.07710830122232437,0.3043404817581177,6401.8427734375,0.2976004183292389,True,-0.11106756329536438,True,1.0694814920425415,0.09254338592290878
MET_PA13.nii.gz,1,context,final_decoder_feature,gamma,1x32x192x192x192,32,192x192x192,864.0,0.0037164073437452316,0.04194124788045883,620.2772827148438,0.06023717299103737,True,-0.1052829697728157,True,0.3057762086391449,0.0017590411007404327
MET_PA13.nii.gz,1,context,final_decoder_feature,blur,1x32x192x192x192,32,192x192x192,864.0,0.060220446437597275,0.16910865902900696,2497.3359375,0.24252453446388245,True,-0.1052829697728157,True,0.3057762086391449,0.02859640307724476
MET_PA13.nii.gz,2,foreground,decoder_stage_1_low_to_high,gamma,1x288x24x24x24,288,24x24x24,15.1875,0.008875259198248386,0.12087226659059525,241.18194580078125,0.09475152939558029,True,-0.12339117377996445,True,1.5547996759414673,0.014603711664676666
MET_PA13.nii.gz,2,foreground,decoder_stage_1_low_to_high,blur,1x288x24x24x24,288,24x24x24,15.1875,0.1430094838142395,0.4622061252593994,922.2353515625,0.3623124063014984,True,-0.12339117377996445,True,1.5547996759414673,0.21341490745544434
MET_PA13.nii.gz,2,foreground,penultimate_decoder_stage_output,gamma,1x96x96x96x96,96,96x96x96,324.0,0.0016644390998408198,0.08644193410873413,792.8602294921875,0.04084835946559906,True,-0.2467159479856491,True,4.420003890991211,0.0074689737521111965
MET_PA13.nii.gz,2,foreground,penultimate_decoder_stage_output,blur,1x96x96x96x96,96,96x96x96,324.0,0.03429846465587616,0.3929699659347534,3604.947998046875,0.18572783470153809,True,-0.2467159479856491,True,4.420003890991211,0.15422698855400085
MET_PA13.nii.gz,2,foreground,final_decoder_stage_input,gamma,1x64x192x192x192,64,192x192x192,1728.0,0.005346349440515041,0.07009973376989365,1460.124755859375,0.07499849051237106,True,-0.17290353775024414,True,0.8713818788528442,0.004870075266808271
MET_PA13.nii.gz,2,foreground,final_decoder_stage_input,blur,1x64x192x192x192,64,192x192x192,1728.0,0.09568221122026443,0.29385513067245483,6182.74072265625,0.31757301092147827,True,-0.17290353775024414,True,0.8713818788528442,0.08634438365697861
MET_PA13.nii.gz,2,foreground,final_decoder_feature,gamma,1x32x192x192x192,32,192x192x192,864.0,0.0026805070228874683,0.03575002774596214,528.1856689453125,0.051184408366680145,True,-0.14602354168891907,True,0.3124499022960663,0.0012779842363670468
MET_PA13.nii.gz,2,foreground,final_decoder_feature,blur,1x32x192x192x192,32,192x192x192,864.0,0.0567842461168766,0.16472169756889343,2430.218505859375,0.23550298810005188,True,-0.14602354168891907,True,0.3124499022960663,0.027133237570524216
MET_PA13.nii.gz,3,foreground,decoder_stage_1_low_to_high,gamma,1x288x24x24x24,288,24x24x24,15.1875,0.007453955709934235,0.11074144393205643,220.96841430664062,0.0870082825422287,True,-0.1848255842924118,True,1.5492029190063477,0.012253076769411564
MET_PA13.nii.gz,3,foreground,decoder_stage_1_low_to_high,blur,1x288x24x24x24,288,24x24x24,15.1875,0.13824614882469177,0.45720869302749634,912.2630615234375,0.3592117130756378,True,-0.1848255842924118,True,1.5492029190063477,0.20877578854560852
MET_PA13.nii.gz,3,foreground,penultimate_decoder_stage_output,gamma,1x96x96x96x96,96,96x96x96,324.0,0.0017220026347786188,0.09040654450654984,829.7625122070312,0.04145382344722748,True,-0.24085567891597748,True,4.698907375335693,0.00815602857619524
MET_PA13.nii.gz,3,foreground,penultimate_decoder_stage_output,blur,1x96x96x96x96,96,96x96x96,324.0,0.03000340424478054,0.3761241137981415,3450.679443359375,0.17239132523536682,True,-0.24085567891597748,True,4.698907375335693,0.1412484049797058
MET_PA13.nii.gz,3,foreground,final_decoder_stage_input,gamma,1x64x192x192x192,64,192x192x192,1728.0,0.005722428672015667,0.0739850401878357,1535.124267578125,0.07759790867567062,True,-0.16098657250404358,True,0.9053189158439636,0.005404086783528328
MET_PA13.nii.gz,3,foreground,final_decoder_stage_input,blur,1x64x192x192x192,64,192x192x192,1728.0,0.09505957365036011,0.2970884442329407,6254.1953125,0.31613889336586,True,-0.16098657250404358,True,0.9053189158439636,0.08826141059398651
MET_PA13.nii.gz,3,foreground,final_decoder_feature,gamma,1x32x192x192x192,32,192x192x192,864.0,0.0030630496330559254,0.03819742053747177,564.9725952148438,0.05468975380063057,True,-0.11041352897882462,True,0.3129197955131531,0.0014589254278689623
MET_PA13.nii.gz,3,foreground,final_decoder_feature,blur,1x32x192x192x192,32,192x192x192,864.0,0.05566514655947685,0.1627357453107834,2400.515380859375,0.23237161338329315,True,-0.11041352897882462,True,0.3129197955131531,0.026482805609703064
HCC_10074592_20130816.nii.gz,0,context,decoder_stage_1_low_to_high,gamma,1x288x24x24x24,288,24x24x24,15.1875,0.0041331141255795956,0.13966672122478485,278.68011474609375,0.0632643848657608,True,0.26438942551612854,True,4.835781574249268,0.019506104290485382
HCC_10074592_20130816.nii.gz,0,context,decoder_stage_1_low_to_high,blur,1x288x24x24x24,288,24x24x24,15.1875,0.5098497271537781,1.081966519355774,2158.86962890625,0.490094393491745,True,0.26438942551612854,True,4.835781574249268,1.1677372455596924
HCC_10074592_20130816.nii.gz,0,context,penultimate_decoder_stage_output,gamma,1x96x96x96x96,96,96x96x96,324.0,0.0016358692664653063,0.18568436801433563,1708.4664306640625,0.03935788571834564,True,0.7881878614425659,True,22.028518676757812,0.034396056085824966
HCC_10074592_20130816.nii.gz,0,context,penultimate_decoder_stage_output,blur,1x96x96x96x96,96,96x96x96,324.0,1.5157607793807983,3.0204880237579346,27775.927734375,0.6398731470108032,True,0.7881878614425659,True,22.028518676757812,9.08629035949707
HCC_10074592_20130816.nii.gz,0,context,final_decoder_stage_input,gamma,1x64x192x192x192,64,192x192x192,1728.0,0.0027783913537859917,0.08753415197134018,1825.703857421875,0.05253995209932327,True,0.4872569143772125,True,2.775831460952759,0.007614377420395613
HCC_10074592_20130816.nii.gz,0,context,final_decoder_stage_input,blur,1x64x192x192x192,64,192x192x192,1728.0,0.7410558462142944,0.9250204563140869,18771.751953125,0.5402119159698486,True,0.4872569143772125,True,2.775831460952759,0.8471792340278625
HCC_10074592_20130816.nii.gz,0,context,final_decoder_feature,gamma,1x32x192x192x192,32,192x192x192,864.0,0.0026384799275547266,0.03555670753121376,525.4327392578125,0.05071930214762688,True,0.07017005234956741,True,0.30412358045578003,0.0012641078792512417
HCC_10074592_20130816.nii.gz,0,context,final_decoder_feature,blur,1x32x192x192x192,32,192x192x192,864.0,0.07842645794153214,0.19266094267368317,2847.53466796875,0.27486860752105713,True,0.07017005234956741,True,0.30412358045578003,0.037029851227998734
HCC_10074592_20130816.nii.gz,1,context,decoder_stage_1_low_to_high,gamma,1x288x24x24x24,288,24x24x24,15.1875,0.007255157455801964,0.11808163672685623,235.6135711669922,0.08551561087369919,True,-0.14163419604301453,True,1.8408753871917725,0.013939779251813889
HCC_10074592_20130816.nii.gz,1,context,decoder_stage_1_low_to_high,blur,1x288x24x24x24,288,24x24x24,15.1875,0.0811968445777893,0.3775511384010315,753.3299560546875,0.2734200358390808,True,-0.14163419604301453,True,1.8408753871917725,0.1423243135213852
HCC_10074592_20130816.nii.gz,1,context,penultimate_decoder_stage_output,gamma,1x96x96x96x96,96,96x96x96,324.0,0.0009711462771520019,0.07291914522647858,669.3692626953125,0.031094511970877647,True,-0.09696757048368454,True,5.422080993652344,0.0053164162673056126
HCC_10074592_20130816.nii.gz,1,context,penultimate_decoder_stage_output,blur,1x96x96x96x96,96,96x96x96,324.0,0.01450889091938734,0.27491670846939087,2522.7900390625,0.11719230562448502,True,-0.09696757048368454,True,5.422080993652344,0.07542376965284348
HCC_10074592_20130816.nii.gz,1,context,final_decoder_stage_input,gamma,1x64x192x192x192,64,192x192x192,1728.0,0.0053298091515898705,0.0762173980474472,1610.42724609375,0.07530439645051956,True,-0.10933787375688553,True,1.0511592626571655,0.005789520218968391
HCC_10074592_20130816.nii.gz,1,context,final_decoder_stage_input,blur,1x64x192x192x192,64,192x192x192,1728.0,0.05187322199344635,0.233328178524971,4929.1796875,0.23049093782901764,True,-0.10933787375688553,True,1.0511592626571655,0.05441901087760925
HCC_10074592_20130816.nii.gz,1,context,final_decoder_feature,gamma,1x32x192x192x192,32,192x192x192,864.0,0.00262964959256351,0.035228319466114044,520.82666015625,0.05067608878016472,True,-0.05766691640019417,True,0.30438733100891113,0.0012408236507326365
HCC_10074592_20130816.nii.gz,1,context,final_decoder_feature,blur,1x32x192x192x192,32,192x192x192,864.0,0.03343304246664047,0.12582427263259888,1863.2911376953125,0.18129698932170868,True,-0.05766691640019417,True,0.30438733100891113,0.015831714496016502
HCC_10074592_20130816.nii.gz,2,foreground,decoder_stage_1_low_to_high,gamma,1x288x24x24x24,288,24x24x24,15.1875,0.015685085207223892,0.14975416660308838,298.8110656738281,0.12521468102931976,True,-0.03046753630042076,True,1.3472481966018677,0.022422825917601585
HCC_10074592_20130816.nii.gz,2,foreground,decoder_stage_1_low_to_high,blur,1x288x24x24x24,288,24x24x24,15.1875,0.10249204188585281,0.3759077787399292,750.0404663085938,0.31429922580718994,True,-0.03046753630042076,True,1.3472481966018677,0.1412544846534729
HCC_10074592_20130816.nii.gz,2,foreground,penultimate_decoder_stage_output,gamma,1x96x96x96x96,96,96x96x96,324.0,0.002796432701870799,0.11179237812757492,1026.3797607421875,0.05189228057861328,True,0.03480105474591255,True,4.603516578674316,0.012496240437030792
HCC_10074592_20130816.nii.gz,2,foreground,penultimate_decoder_stage_output,blur,1x96x96x96x96,96,96x96x96,324.0,0.020864902064204216,0.3060530722141266,2806.612548828125,0.1418982893228531,True,0.03480105474591255,True,4.603516578674316,0.09364227205514908
HCC_10074592_20130816.nii.gz,2,foreground,final_decoder_stage_input,gamma,1x64x192x192x192,64,192x192x192,1728.0,0.008762311190366745,0.0908123180270195,1911.3304443359375,0.09464037418365479,True,-0.03338848426938057,True,0.9333076477050781,0.008229722268879414
HCC_10074592_20130816.nii.gz,2,foreground,final_decoder_stage_input,blur,1x64x192x192x192,64,192x192x192,1728.0,0.06718773394823074,0.2503494918346405,5292.26220703125,0.26204872131347656,True,-0.03338848426938057,True,0.9333076477050781,0.06261337548494339
HCC_10074592_20130816.nii.gz,2,foreground,final_decoder_feature,gamma,1x32x192x192x192,32,192x192x192,864.0,0.003897288115695119,0.04273213446140289,629.505615234375,0.06156052649021149,True,-0.042419902980327606,True,0.30725252628326416,0.0018248417181894183
HCC_10074592_20130816.nii.gz,2,foreground,final_decoder_feature,blur,1x32x192x192x192,32,192x192x192,864.0,0.03882402181625366,0.1349872350692749,1996.1517333984375,0.1952073872089386,True,-0.042419902980327606,True,0.30725252628326416,0.018218927085399628
HCC_10074592_20130816.nii.gz,3,foreground,decoder_stage_1_low_to_high,gamma,1x288x24x24x24,288,24x24x24,15.1875,0.014438088983297348,0.14541438221931458,290.1521301269531,0.12031423300504684,True,0.04120135307312012,True,1.3841466903686523,0.021144380792975426
HCC_10074592_20130816.nii.gz,3,foreground,decoder_stage_1_low_to_high,blur,1x288x24x24x24,288,24x24x24,15.1875,0.09707371145486832,0.37409108877182007,746.4158325195312,0.30950814485549927,True,0.04120135307312012,True,1.3841466903686523,0.13987427949905396
HCC_10074592_20130816.nii.gz,3,foreground,penultimate_decoder_stage_output,gamma,1x96x96x96x96,96,96x96x96,324.0,0.0024074609391391277,0.10443172603845596,958.2205810546875,0.0484880693256855,True,0.0616181343793869,True,4.591787815093994,0.010905970819294453
HCC_10074592_20130816.nii.gz,3,foreground,penultimate_decoder_stage_output,blur,1x96x96x96x96,96,96x96x96,324.0,0.02115887776017189,0.3079051077365875,2822.673583984375,0.14283350110054016,True,0.0616181343793869,True,4.591787815093994,0.09479417651891708
HCC_10074592_20130816.nii.gz,3,foreground,final_decoder_stage_input,gamma,1x64x192x192x192,64,192x192x192,1728.0,0.008745549246668816,0.09117171913385391,1917.95849609375,0.0951552465558052,True,-0.02544194459915161,True,0.9298505187034607,0.008304311893880367
HCC_10074592_20130816.nii.gz,3,foreground,final_decoder_stage_input,blur,1x64x192x192x192,64,192x192x192,1728.0,0.0808897614479065,0.2746133804321289,5811.203125,0.2883099317550659,True,-0.02544194459915161,True,0.9298505187034607,0.07536081224679947
HCC_10074592_20130816.nii.gz,3,foreground,final_decoder_feature,gamma,1x32x192x192x192,32,192x192x192,864.0,0.004131420981138945,0.04402687028050423,648.9662475585938,0.0633968859910965,True,-0.011475486680865288,True,0.30875933170318604,0.0019378432771191
HCC_10074592_20130816.nii.gz,3,foreground,final_decoder_feature,blur,1x32x192x192x192,32,192x192x192,864.0,0.04541042074561119,0.14629119634628296,2165.07470703125,0.21150405704975128,True,-0.011475486680865288,True,0.30875933170318604,0.021400662139058113
CYST_PA19.nii.gz,0,context,decoder_stage_1_low_to_high,gamma,1x288x24x24x24,288,24x24x24,15.1875,0.007374496199190617,0.20309971272945404,405.252685546875,0.0848216712474823,True,0.22784897685050964,True,5.69829797744751,0.04124218225479126
CYST_PA19.nii.gz,0,context,decoder_stage_1_low_to_high,blur,1x288x24x24x24,288,24x24x24,15.1875,0.037690669298172,0.4564526677131653,910.7659301757812,0.19062843918800354,True,0.22784897685050964,True,5.69829797744751,0.20826652646064758
CYST_PA19.nii.gz,0,context,penultimate_decoder_stage_output,gamma,1x96x96x96x96,96,96x96x96,324.0,0.001585389138199389,0.18847759068012238,1733.7313232421875,0.038829557597637177,True,0.4499444365501404,True,23.27931022644043,0.035464175045490265
CYST_PA19.nii.gz,0,context,penultimate_decoder_stage_output,blur,1x96x96x96x96,96,96x96x96,324.0,0.005407137330621481,0.344562292098999,3166.384521484375,0.07091600447893143,True,0.4499444365501404,True,23.27931022644043,0.11862092465162277
CYST_PA19.nii.gz,0,context,final_decoder_stage_input,gamma,1x64x192x192x192,64,192x192x192,1728.0,0.0025834585539996624,0.08475107699632645,1760.984130859375,0.050533778965473175,True,-0.005223114974796772,True,2.799457311630249,0.0071126120164990425
CYST_PA19.nii.gz,0,context,final_decoder_stage_input,blur,1x64x192x192x192,64,192x192x192,1728.0,0.022240443155169487,0.246745765209198,5191.95068359375,0.14898991584777832,True,-0.005223114974796772,True,2.799457311630249,0.06087232381105423
CYST_PA19.nii.gz,0,context,final_decoder_feature,gamma,1x32x192x192x192,32,192x192x192,864.0,0.002276751445606351,0.033662520349025726,497.26885986328125,0.04709912836551666,True,-0.08223887532949448,True,0.32315167784690857,0.0011326324893161654
CYST_PA19.nii.gz,0,context,final_decoder_feature,blur,1x32x192x192x192,32,192x192x192,864.0,0.02815931662917137,0.11860697716474533,1750.0086669921875,0.16575315594673157,True,-0.08223887532949448,True,0.32315167784690857,0.014067611657083035
CYST_PA19.nii.gz,1,context,decoder_stage_1_low_to_high,gamma,1x288x24x24x24,288,24x24x24,15.1875,0.005832531955093145,0.11485360562801361,229.1721649169922,0.0762830600142479,True,-0.10633005201816559,True,2.203937530517578,0.013191347941756248
CYST_PA19.nii.gz,1,context,decoder_stage_1_low_to_high,blur,1x288x24x24x24,288,24x24x24,15.1875,0.08546306937932968,0.44143158197402954,880.7879028320312,0.2931821644306183,True,-0.10633005201816559,True,2.203937530517578,0.19480262696743011
CYST_PA19.nii.gz,1,context,penultimate_decoder_stage_output,gamma,1x96x96x96x96,96,96x96x96,324.0,0.0014143543085083365,0.09225964546203613,846.5055541992188,0.03755304962396622,True,-0.1274958699941635,True,5.9381022453308105,0.008511735126376152
CYST_PA19.nii.gz,1,context,penultimate_decoder_stage_output,blur,1x96x96x96x96,96,96x96x96,324.0,0.016186842694878578,0.3140384554862976,2880.632568359375,0.1277918815612793,True,-0.1274958699941635,True,5.9381022453308105,0.09853356331586838
CYST_PA19.nii.gz,1,context,final_decoder_stage_input,gamma,1x64x192x192x192,64,192x192x192,1728.0,0.00477970764040947,0.07383241504430771,1538.083740234375,0.0715680941939354,True,-0.1649283766746521,True,1.0700066089630127,0.00538552226498723
CYST_PA19.nii.gz,1,context,final_decoder_stage_input,blur,1x64x192x192x192,64,192x192x192,1728.0,0.07891734689474106,0.29895901679992676,6300.73974609375,0.2931777536869049,True,-0.1649283766746521,True,1.0700066089630127,0.08933444321155548
CYST_PA19.nii.gz,1,context,final_decoder_feature,gamma,1x32x192x192x192,32,192x192x192,864.0,0.003466141875833273,0.040631216019392014,600.446044921875,0.05812932178378105,True,-0.13480287790298462,True,0.3068362772464752,0.0016508236294612288
CYST_PA19.nii.gz,1,context,final_decoder_feature,blur,1x32x192x192x192,32,192x192x192,864.0,0.05921820551156998,0.1678019016981125,2478.618408203125,0.23995563387870789,True,-0.13480287790298462,True,0.3068362772464752,0.02815745770931244
CYST_PA19.nii.gz,2,foreground,decoder_stage_1_low_to_high,gamma,1x288x24x24x24,288,24x24x24,15.1875,0.006601586472243071,0.10301551222801208,205.55291748046875,0.08114524185657501,True,-0.09715446829795837,True,1.5386768579483032,0.01061219535768032
CYST_PA19.nii.gz,2,foreground,decoder_stage_1_low_to_high,blur,1x288x24x24x24,288,24x24x24,15.1875,0.12355058640241623,0.43473032116889954,867.4120483398438,0.34242451190948486,True,-0.09715446829795837,True,1.5386768579483032,0.18886978924274445
CYST_PA19.nii.gz,2,foreground,penultimate_decoder_stage_output,gamma,1x96x96x96x96,96,96x96x96,324.0,0.001260130200535059,0.07746290415525436,710.387939453125,0.03540927916765213,True,-0.08900578320026398,True,4.724818706512451,0.00600050063803792
CYST_PA19.nii.gz,2,foreground,penultimate_decoder_stage_output,blur,1x96x96x96x96,96,96x96x96,324.0,0.024455729871988297,0.34175097942352295,3133.16015625,0.15617233514785767,True,-0.08900578320026398,True,4.724818706512451,0.1167716309428215
CYST_PA19.nii.gz,2,foreground,final_decoder_stage_input,gamma,1x64x192x192x192,64,192x192x192,1728.0,0.00487254885956645,0.06835389137268066,1422.2313232421875,0.0716627761721611,True,-0.17232787609100342,True,0.9093835353851318,0.004618453327566385
CYST_PA19.nii.gz,2,foreground,final_decoder_stage_input,blur,1x64x192x192x192,64,192x192x192,1728.0,0.08614667505025864,0.28586816787719727,6026.3974609375,0.3036555051803589,True,-0.17232787609100342,True,0.9093835353851318,0.08171950280666351
CYST_PA19.nii.gz,2,foreground,final_decoder_feature,gamma,1x32x192x192x192,32,192x192x192,864.0,0.002641304163262248,0.03555105999112129,525.9981689453125,0.05081874504685402,True,-0.12329980731010437,True,0.31233492493629456,0.0012637152103707194
CYST_PA19.nii.gz,2,foreground,final_decoder_feature,blur,1x32x192x192x192,32,192x192x192,864.0,0.052987221628427505,0.15911518037319183,2348.362548828125,0.22688451409339905,True,-0.12329980731010437,True,0.31233492493629456,0.02531760185956955
CYST_PA19.nii.gz,3,foreground,decoder_stage_1_low_to_high,gamma,1x288x24x24x24,288,24x24x24,15.1875,0.006965356413275003,0.1096917912364006,218.87338256835938,0.08318467438220978,True,-0.05748150125145912,True,1.673086166381836,0.012032285332679749
CYST_PA19.nii.gz,3,foreground,decoder_stage_1_low_to_high,blur,1x288x24x24x24,288,24x24x24,15.1875,0.10861247032880783,0.42874646186828613,855.4728393554688,0.3251296579837799,True,-0.05748150125145912,True,1.673086166381836,0.1837054044008255
CYST_PA19.nii.gz,3,foreground,penultimate_decoder_stage_output,gamma,1x96x96x96x96,96,96x96x96,324.0,0.0014905768912285566,0.08659061044454575,794.1884155273438,0.0385274700820446,True,-0.02406889759004116,True,4.977468013763428,0.007497422397136688
CYST_PA19.nii.gz,3,foreground,penultimate_decoder_stage_output,blur,1x96x96x96x96,96,96x96x96,324.0,0.018680380657315254,0.3089020848274231,2833.80224609375,0.1374727040529251,True,-0.02406889759004116,True,4.977468013763428,0.09537088125944138
CYST_PA19.nii.gz,3,foreground,final_decoder_stage_input,gamma,1x64x192x192x192,64,192x192x192,1728.0,0.005711762700229883,0.07585873454809189,1576.5849609375,0.07782270014286041,True,-0.15065553784370422,True,0.9509627819061279,0.00567033002153039
CYST_PA19.nii.gz,3,foreground,final_decoder_stage_input,blur,1x64x192x192x192,64,192x192x192,1728.0,0.08714260160923004,0.2957143485546112,6233.93798828125,0.3077169358730316,True,-0.15065553784370422,True,0.9509627819061279,0.08743676543235779
CYST_PA19.nii.gz,3,foreground,final_decoder_feature,gamma,1x32x192x192x192,32,192x192x192,864.0,0.003234186675399542,0.039356719702482224,581.7486572265625,0.0561528354883194,True,-0.10637500137090683,True,0.3123985826969147,0.0015488435747101903
CYST_PA19.nii.gz,3,foreground,final_decoder_feature,blur,1x32x192x192x192,32,192x192x192,864.0,0.05311647430062294,0.15932036936283112,2350.36328125,0.22686699032783508,True,-0.10637500137090683,True,0.3123985826969147,0.02538296766579151
HEM_PA13.nii.gz,0,context,decoder_stage_1_low_to_high,gamma,1x288x24x24x24,288,24x24x24,15.1875,0.005687553435564041,0.17358699440956116,346.3663024902344,0.07525694370269775,True,0.10860095173120499,True,5.28253173828125,0.03013237938284874
HEM_PA13.nii.gz,0,context,decoder_stage_1_low_to_high,blur,1x288x24x24x24,288,24x24x24,15.1875,0.041525375097990036,0.4749702215194702,947.7107543945312,0.2059144228696823,True,0.10860095173120499,True,5.28253173828125,0.22559598088264465
HEM_PA13.nii.gz,0,context,penultimate_decoder_stage_output,gamma,1x96x96x96x96,96,96x96x96,324.0,0.000586630601901561,0.10533393919467926,968.593017578125,0.024205774068832397,True,-0.05361136049032211,True,18.673696517944336,0.01109464280307293
HEM_PA13.nii.gz,0,context,penultimate_decoder_stage_output,blur,1x96x96x96x96,96,96x96x96,324.0,0.0049863881431519985,0.31789630651474,2921.676025390625,0.07301460206508636,True,-0.05361136049032211,True,18.673696517944336,0.1008523628115654
HEM_PA13.nii.gz,0,context,final_decoder_stage_input,gamma,1x64x192x192x192,64,192x192x192,1728.0,0.0024375689681619406,0.07772240042686462,1630.615478515625,0.05018436908721924,True,-0.22318139672279358,True,2.3995816707611084,0.005983646493405104
HEM_PA13.nii.gz,0,context,final_decoder_stage_input,blur,1x64x192x192x192,64,192x192x192,1728.0,0.024941660463809967,0.2558091878890991,5390.59130859375,0.16590264439582825,True,-0.22318139672279358,True,2.3995816707611084,0.06537685543298721
HEM_PA13.nii.gz,0,context,final_decoder_feature,gamma,1x32x192x192x192,32,192x192x192,864.0,0.002234617481008172,0.03327266499400139,491.5799865722656,0.04656292125582695,True,-0.1786218136548996,True,0.3193792402744293,0.0011054488131776452
HEM_PA13.nii.gz,0,context,final_decoder_feature,blur,1x32x192x192x192,32,192x192x192,864.0,0.02814735285937786,0.11869560927152634,1751.633544921875,0.16591638326644897,True,-0.1786218136548996,True,0.3193792402744293,0.014087769202888012
HEM_PA13.nii.gz,1,context,decoder_stage_1_low_to_high,gamma,1x288x24x24x24,288,24x24x24,15.1875,0.007730566430836916,0.12959179282188416,258.5800476074219,0.08699579536914825,True,-0.07334179431200027,True,2.155475378036499,0.01678883470594883
HEM_PA13.nii.gz,1,context,decoder_stage_1_low_to_high,blur,1x288x24x24x24,288,24x24x24,15.1875,0.07854516059160233,0.4240773320198059,846.1622314453125,0.28467994928359985,True,-0.07334179431200027,True,2.155475378036499,0.1797921359539032
HEM_PA13.nii.gz,1,context,penultimate_decoder_stage_output,gamma,1x96x96x96x96,96,96x96x96,324.0,0.002304917201399803,0.11428157240152359,1050.535400390625,0.047745246440172195,True,-0.13928323984146118,True,5.654386520385742,0.01304471492767334
HEM_PA13.nii.gz,1,context,penultimate_decoder_stage_output,blur,1x96x96x96x96,96,96x96x96,324.0,0.015652230009436607,0.3007011413574219,2758.90576171875,0.12538810074329376,True,-0.13928323984146118,True,5.654386520385742,0.09034213423728943
HEM_PA13.nii.gz,1,context,final_decoder_stage_input,gamma,1x64x192x192x192,64,192x192x192,1728.0,0.006334610749036074,0.08365704119205475,1722.27783203125,0.08071348071098328,True,-0.1406642347574234,True,1.0528843402862549,0.006853783503174782
HEM_PA13.nii.gz,1,context,final_decoder_stage_input,blur,1x64x192x192x192,64,192x192x192,1728.0,0.08400006592273712,0.30370089411735535,6404.6865234375,0.30015164613723755,True,-0.1406642347574234,True,1.0528843402862549,0.09219828248023987
HEM_PA13.nii.gz,1,context,final_decoder_feature,gamma,1x32x192x192x192,32,192x192x192,864.0,0.004111799877136946,0.04403805732727051,651.17578125,0.0633910596370697,True,-0.1190800592303276,True,0.30410829186439514,0.0019393406109884381
HEM_PA13.nii.gz,1,context,final_decoder_feature,blur,1x32x192x192x192,32,192x192x192,864.0,0.0587332583963871,0.1664433628320694,2458.970458984375,0.23937734961509705,True,-0.1190800592303276,True,0.30410829186439514,0.027703380212187767
HEM_PA13.nii.gz,2,foreground,decoder_stage_1_low_to_high,gamma,1x288x24x24x24,288,24x24x24,15.1875,0.009869479574263096,0.12125925719738007,241.9540252685547,0.09917675703763962,True,-0.05129897594451904,True,1.4149861335754395,0.014700070954859257
HEM_PA13.nii.gz,2,foreground,decoder_stage_1_low_to_high,blur,1x288x24x24x24,288,24x24x24,15.1875,0.12155439704656601,0.41516199707984924,828.3690795898438,0.3395478129386902,True,-0.05129897594451904,True,1.4149861335754395,0.1722934991121292
HEM_PA13.nii.gz,2,foreground,penultimate_decoder_stage_output,gamma,1x96x96x96x96,96,96x96x96,324.0,0.001975580118596554,0.09381657838821411,860.5708618164062,0.04425640404224396,True,0.1190553829073906,True,4.444153785705566,0.008793653920292854
HEM_PA13.nii.gz,2,foreground,penultimate_decoder_stage_output,blur,1x96x96x96x96,96,96x96x96,324.0,0.03351198136806488,0.3812270164489746,3497.707275390625,0.17987588047981262,True,0.1190553829073906,True,4.444153785705566,0.1451990306377411
HEM_PA13.nii.gz,2,foreground,final_decoder_stage_input,gamma,1x64x192x192x192,64,192x192x192,1728.0,0.006581681780517101,0.07782964408397675,1604.9451904296875,0.08233903348445892,True,-0.10058345645666122,True,0.8740443587303162,0.00596559327095747
HEM_PA13.nii.gz,2,foreground,final_decoder_stage_input,blur,1x64x192x192x192,64,192x192x192,1728.0,0.11138541251420975,0.3122325539588928,6564.7880859375,0.33679547905921936,True,-0.10058345645666122,True,0.8740443587303162,0.09748875349760056
HEM_PA13.nii.gz,2,foreground,final_decoder_feature,gamma,1x32x192x192x192,32,192x192x192,864.0,0.003116886131465435,0.03860999271273613,571.3746337890625,0.055239010602235794,True,-0.04997964948415756,True,0.314775675535202,0.0014903525589033961
HEM_PA13.nii.gz,2,foreground,final_decoder_feature,blur,1x32x192x192x192,32,192x192x192,864.0,0.059279609471559525,0.16861127316951752,2487.131591796875,0.24044939875602722,True,-0.04997964948415756,True,0.314775675535202,0.028429321944713593
HEM_PA13.nii.gz,3,foreground,decoder_stage_1_low_to_high,gamma,1x288x24x24x24,288,24x24x24,15.1875,0.011397039517760277,0.12887713313102722,257.15435791015625,0.1058906689286232,True,-0.02488691546022892,True,1.3980467319488525,0.01660805009305477
HEM_PA13.nii.gz,3,foreground,decoder_stage_1_low_to_high,blur,1x288x24x24x24,288,24x24x24,15.1875,0.15284155309200287,0.46524477005004883,928.294677734375,0.38225191831588745,True,-0.02488691546022892,True,1.3980467319488525,0.21637891232967377
HEM_PA13.nii.gz,3,foreground,penultimate_decoder_stage_output,gamma,1x96x96x96x96,96,96x96x96,324.0,0.001894610351882875,0.09588278830051422,880.0234985351562,0.043371427804231644,True,0.12668682634830475,True,4.838043689727783,0.009188685566186905
HEM_PA13.nii.gz,3,foreground,penultimate_decoder_stage_output,blur,1x96x96x96x96,96,96x96x96,324.0,0.03776337206363678,0.4167577922344208,3827.159423828125,0.18861925601959229,True,0.12668682634830475,True,4.838043689727783,0.173440620303154
HEM_PA13.nii.gz,3,foreground,final_decoder_stage_input,gamma,1x64x192x192x192,64,192x192x192,1728.0,0.007001349236816168,0.08272729068994522,1716.6749267578125,0.08544287830591202,True,-0.10050693899393082,True,0.9315341114997864,0.006685007829219103
HEM_PA13.nii.gz,3,foreground,final_decoder_stage_input,blur,1x64x192x192x192,64,192x192x192,1728.0,0.10983889549970627,0.31676599383354187,6657.8232421875,0.33137524127960205,True,-0.10050693899393082,True,0.9315341114997864,0.1003342941403389
HEM_PA13.nii.gz,3,foreground,final_decoder_feature,gamma,1x32x192x192x192,32,192x192x192,864.0,0.003261650213971734,0.039441995322704315,584.152099609375,0.056486740708351135,True,-0.06838417053222656,True,0.31271710991859436,0.001554991351440549
HEM_PA13.nii.gz,3,foreground,final_decoder_feature,blur,1x32x192x192x192,32,192x192x192,864.0,0.060391511768102646,0.16977757215499878,2501.985107421875,0.24193866550922394,True,-0.06838417053222656,True,0.31271710991859436,0.028820406645536423
HCC_10142924_20170911.nii.gz,0,context,decoder_stage_1_low_to_high,gamma,1x288x24x24x24,288,24x24x24,15.1875,0.008433926850557327,0.15565147995948792,310.5807800292969,0.08980824053287506,True,0.21908673644065857,True,2.951153039932251,0.024215679615736008
HCC_10142924_20170911.nii.gz,0,context,decoder_stage_1_low_to_high,blur,1x288x24x24x24,288,24x24x24,15.1875,0.20762355625629425,0.6566892862319946,1310.3055419921875,0.3788909316062927,True,0.21908673644065857,True,2.951153039932251,0.42997437715530396
HCC_10142924_20170911.nii.gz,0,context,penultimate_decoder_stage_output,gamma,1x96x96x96x96,96,96x96x96,324.0,0.00530650932341814,0.20262736082077026,1863.404052734375,0.06948759406805038,True,0.8333120346069336,True,8.397961616516113,0.04091595858335495
HCC_10142924_20170911.nii.gz,0,context,penultimate_decoder_stage_output,blur,1x96x96x96x96,96,96x96x96,324.0,0.26320555806159973,1.164984107017517,10711.814453125,0.39945077896118164,True,0.8333120346069336,True,8.397961616516113,1.3510081768035889
HCC_10142924_20170911.nii.gz,0,context,final_decoder_stage_input,gamma,1x64x192x192x192,64,192x192x192,1728.0,0.006915477570146322,0.09658270329236984,2014.6553955078125,0.08161518722772598,True,0.4355078339576721,True,1.390379786491394,0.009196671657264233
HCC_10142924_20170911.nii.gz,0,context,final_decoder_stage_input,blur,1x64x192x192x192,64,192x192x192,1728.0,0.16411477327346802,0.4129398763179779,8504.0576171875,0.3445056974887848,True,0.4355078339576721,True,1.390379786491394,0.1694335788488388
HCC_10142924_20170911.nii.gz,0,context,final_decoder_feature,gamma,1x32x192x192x192,32,192x192x192,864.0,0.003651087637990713,0.04145193099975586,610.8677368164062,0.05948641896247864,True,0.03693397343158722,True,0.3026975691318512,0.0017158676637336612
HCC_10142924_20170911.nii.gz,0,context,final_decoder_feature,blur,1x32x192x192x192,32,192x192x192,864.0,0.04726158827543259,0.14923807978630066,2196.18701171875,0.21386511623859406,True,0.03693397343158722,True,0.3026975691318512,0.022264616563916206
HCC_10142924_20170911.nii.gz,1,context,decoder_stage_1_low_to_high,gamma,1x288x24x24x24,288,24x24x24,15.1875,0.010837775655090809,0.13853055238723755,276.4172058105469,0.10365533083677292,True,0.05784701183438301,True,1.7172460556030273,0.019187016412615776
HCC_10142924_20170911.nii.gz,1,context,decoder_stage_1_low_to_high,blur,1x288x24x24x24,288,24x24x24,15.1875,0.09441924095153809,0.39217478036880493,782.5050048828125,0.293436199426651,True,0.05784701183438301,True,1.7172460556030273,0.15358589589595795
HCC_10142924_20170911.nii.gz,1,context,penultimate_decoder_stage_output,gamma,1x96x96x96x96,96,96x96x96,324.0,0.0017287957016378641,0.09457458555698395,868.4432983398438,0.04149475321173668,True,0.053868506103754044,True,5.132333755493164,0.008942780084908009
HCC_10142924_20170911.nii.gz,1,context,penultimate_decoder_stage_output,blur,1x96x96x96x96,96,96x96x96,324.0,0.01710018701851368,0.29615217447280884,2718.39990234375,0.12988682091236115,True,0.053868506103754044,True,5.132333755493164,0.08758474141359329
HCC_10142924_20170911.nii.gz,1,context,final_decoder_stage_input,gamma,1x64x192x192x192,64,192x192x192,1728.0,0.006771648768335581,0.08334808051586151,1754.8951416015625,0.08435740321874619,True,-0.05432245135307312,True,0.996141254901886,0.00689369672909379
HCC_10142924_20170911.nii.gz,1,context,final_decoder_stage_input,blur,1x64x192x192x192,64,192x192x192,1728.0,0.05379299074411392,0.23424716293811798,4943.93212890625,0.2376536726951599,True,-0.05432245135307312,True,0.996141254901886,0.05486215278506279
HCC_10142924_20170911.nii.gz,1,context,final_decoder_feature,gamma,1x32x192x192x192,32,192x192x192,864.0,0.0036291819997131824,0.04135263338685036,610.7225952148438,0.059449877589941025,True,0.01516410056501627,True,0.30683591961860657,0.0017089584143832326
HCC_10142924_20170911.nii.gz,1,context,final_decoder_feature,blur,1x32x192x192x192,32,192x192x192,864.0,0.03370958939194679,0.12654243409633636,1871.6798095703125,0.18219587206840515,True,0.01516410056501627,True,0.30683591961860657,0.01601112075150013
HCC_10142924_20170911.nii.gz,2,foreground,decoder_stage_1_low_to_high,gamma,1x288x24x24x24,288,24x24x24,15.1875,0.011264823377132416,0.13417187333106995,267.7181396484375,0.10559988766908646,True,0.04280629754066467,True,1.5460541248321533,0.018001746386289597
HCC_10142924_20170911.nii.gz,2,foreground,decoder_stage_1_low_to_high,blur,1x288x24x24x24,288,24x24x24,15.1875,0.1265600025653839,0.42777255177497864,853.5308227539062,0.3366703391075134,True,0.04280629754066467,True,1.5460541248321533,0.18240763247013092
HCC_10142924_20170911.nii.gz,2,foreground,penultimate_decoder_stage_output,gamma,1x96x96x96x96,96,96x96x96,324.0,0.002011418342590332,0.09575790911912918,877.6347045898438,0.04461066052317619,True,0.11183801293373108,True,4.546370506286621,0.009169439785182476
HCC_10142924_20170911.nii.gz,2,foreground,penultimate_decoder_stage_output,blur,1x96x96x96x96,96,96x96x96,324.0,0.031430505216121674,0.3727737069129944,3421.558349609375,0.17391972243785858,True,0.11183801293373108,True,4.546370506286621,0.13885313272476196
HCC_10142924_20170911.nii.gz,2,foreground,final_decoder_stage_input,gamma,1x64x192x192x192,64,192x192x192,1728.0,0.008573097176849842,0.08976076543331146,1884.4884033203125,0.09438545256853104,True,0.02646002173423767,True,0.9136825203895569,0.00797633919864893
HCC_10142924_20170911.nii.gz,2,foreground,final_decoder_stage_input,blur,1x64x192x192x192,64,192x192x192,1728.0,0.07593320310115814,0.26224738359451294,5526.130859375,0.2767787575721741,True,0.02646002173423767,True,0.9136825203895569,0.06870447844266891
HCC_10142924_20170911.nii.gz,2,foreground,final_decoder_feature,gamma,1x32x192x192x192,32,192x192x192,864.0,0.0041784727945923805,0.044292934238910675,654.6837158203125,0.0639205053448677,True,0.08929101377725601,True,0.310486376285553,0.001960771158337593
HCC_10142924_20170911.nii.gz,2,foreground,final_decoder_feature,blur,1x32x192x192x192,32,192x192x192,864.0,0.04555521160364151,0.14658482372760773,2162.998046875,0.21118582785129547,True,0.08929101377725601,True,0.310486376285553,0.021487092599272728
HCC_10142924_20170911.nii.gz,3,foreground,decoder_stage_1_low_to_high,gamma,1x288x24x24x24,288,24x24x24,15.1875,0.010203192010521889,0.1302880346775055,259.96868896484375,0.10108887404203415,True,-0.10625952482223511,True,1.5904749631881714,0.016974180936813354
HCC_10142924_20170911.nii.gz,3,foreground,decoder_stage_1_low_to_high,blur,1x288x24x24x24,288,24x24x24,15.1875,0.12585730850696564,0.43170538544654846,861.3794555664062,0.3349475562572479,True,-0.10625952482223511,True,1.5904749631881714,0.18586181104183197
HCC_10142924_20170911.nii.gz,3,foreground,penultimate_decoder_stage_output,gamma,1x96x96x96x96,96,96x96x96,324.0,0.0016305424505844712,0.08767171949148178,803.6802978515625,0.04009958356618881,True,-0.07137978076934814,True,4.7197041511535645,0.00768618006259203
HCC_10142924_20170911.nii.gz,3,foreground,penultimate_decoder_stage_output,blur,1x96x96x96x96,96,96x96x96,324.0,0.02886454574763775,0.364796906709671,3347.692626953125,0.16703292727470398,True,-0.07137978076934814,True,4.7197041511535645,0.13292860984802246
HCC_10142924_20170911.nii.gz,3,foreground,final_decoder_stage_input,gamma,1x64x192x192x192,64,192x192x192,1728.0,0.007370027247816324,0.08467447012662888,1784.669189453125,0.08782397210597992,True,-0.03362707421183586,True,0.9457553029060364,0.007126720156520605
HCC_10142924_20170911.nii.gz,3,foreground,final_decoder_stage_input,blur,1x64x192x192x192,64,192x192x192,1728.0,0.0676889717578888,0.2532976269721985,5336.7373046875,0.26262202858924866,True,-0.03362707421183586,True,0.9457553029060364,0.0640929639339447
HCC_10142924_20170911.nii.gz,3,foreground,final_decoder_feature,gamma,1x32x192x192x192,32,192x192x192,864.0,0.003582519246265292,0.041095070540905,605.636474609375,0.05897088721394539,True,-0.006783022079616785,True,0.3100331425666809,0.0016879612812772393
HCC_10142924_20170911.nii.gz,3,foreground,final_decoder_feature,blur,1x32x192x192x192,32,192x192x192,864.0,0.0419689379632473,0.14095871150493622,2079.830078125,0.20251327753067017,True,-0.006783022079616785,True,0.3100331425666809,0.0198691226541996
MET_PA25.nii.gz,0,context,decoder_stage_1_low_to_high,gamma,1x288x24x24x24,288,24x24x24,15.1875,0.00582554005086422,0.17807327210903168,355.3179016113281,0.07664019614458084,True,0.15273068845272064,True,5.362205505371094,0.031707119196653366
MET_PA25.nii.gz,0,context,decoder_stage_1_low_to_high,blur,1x288x24x24x24,288,24x24x24,15.1875,0.044966116547584534,0.48554471135139465,968.8106689453125,0.20896734297275543,True,0.15273068845272064,True,5.362205505371094,0.2357008457183838
MET_PA25.nii.gz,0,context,penultimate_decoder_stage_output,gamma,1x96x96x96x96,96,96x96x96,324.0,0.000702488876413554,0.11993766576051712,1102.6414794921875,0.026717131957411766,True,-0.07406415790319443,True,19.901206970214844,0.014376952312886715
MET_PA25.nii.gz,0,context,penultimate_decoder_stage_output,blur,1x96x96x96x96,96,96x96x96,324.0,0.0068238298408687115,0.35523268580436707,3264.71337890625,0.07910438627004623,True,-0.07406415790319443,True,19.901206970214844,0.12588003277778625
MET_PA25.nii.gz,0,context,final_decoder_stage_input,gamma,1x64x192x192x192,64,192x192x192,1728.0,0.0024231886491179466,0.07948439568281174,1669.107666015625,0.05044674500823021,True,-0.1536438912153244,True,2.4957544803619385,0.006290144752711058
MET_PA25.nii.gz,0,context,final_decoder_stage_input,blur,1x64x192x192x192,64,192x192x192,1728.0,0.03033679723739624,0.2705344259738922,5699.6796875,0.17226587235927582,True,-0.1536438912153244,True,2.4957544803619385,0.07318565994501114
MET_PA25.nii.gz,0,context,final_decoder_feature,gamma,1x32x192x192x192,32,192x192x192,864.0,0.0024698537308722734,0.034927695989608765,516.2357788085938,0.049001678824424744,True,-0.033394020050764084,True,0.31891265511512756,0.001219152007251978
MET_PA25.nii.gz,0,context,final_decoder_feature,blur,1x32x192x192x192,32,192x192x192,864.0,0.03379989415407181,0.12956415116786957,1913.9969482421875,0.18167872726917267,True,-0.033394020050764084,True,0.31891265511512756,0.01678478717803955
MET_PA25.nii.gz,1,context,decoder_stage_1_low_to_high,gamma,1x288x24x24x24,288,24x24x24,15.1875,0.007431912235915661,0.12441130727529526,248.2425994873047,0.08594634383916855,True,-0.06716611236333847,True,2.029672622680664,0.015476732514798641
MET_PA25.nii.gz,1,context,decoder_stage_1_low_to_high,blur,1x288x24x24x24,288,24x24x24,15.1875,0.1104106605052948,0.4830407202243805,963.8067016601562,0.333688348531723,True,-0.06716611236333847,True,2.029672622680664,0.23325899243354797
MET_PA25.nii.gz,1,context,penultimate_decoder_stage_output,gamma,1x96x96x96x96,96,96x96x96,324.0,0.001594005268998444,0.09331562370061874,856.5336303710938,0.04024467617273331,True,-0.0633872002363205,True,5.297327518463135,0.008704183623194695
MET_PA25.nii.gz,1,context,penultimate_decoder_stage_output,blur,1x96x96x96x96,96,96x96x96,324.0,0.020488597452640533,0.3274271786212921,3004.082763671875,0.1411483734846115,True,-0.0633872002363205,True,5.297327518463135,0.1072053611278534
MET_PA25.nii.gz,1,context,final_decoder_stage_input,gamma,1x64x192x192x192,64,192x192x192,1728.0,0.005354308057576418,0.07565468549728394,1564.65625,0.07536961883306503,True,-0.14784692227840424,True,0.9975020885467529,0.005644258577376604
MET_PA25.nii.gz,1,context,final_decoder_stage_input,blur,1x64x192x192x192,64,192x192x192,1728.0,0.09527323395013809,0.3115929663181305,6568.177734375,0.31638965010643005,True,-0.14784692227840424,True,0.9975020885467529,0.09702777862548828
MET_PA25.nii.gz,1,context,final_decoder_feature,gamma,1x32x192x192x192,32,192x192x192,864.0,0.0034542097710072994,0.04037932679057121,597.9022216796875,0.05815016105771065,True,-0.11705410480499268,True,0.3061559796333313,0.001630315207876265
MET_PA25.nii.gz,1,context,final_decoder_feature,blur,1x32x192x192x192,32,192x192x192,864.0,0.06521620601415634,0.17577241361141205,2599.309814453125,0.25280100107192993,True,-0.11705410480499268,True,0.3061559796333313,0.030893299728631973
MET_PA25.nii.gz,2,foreground,decoder_stage_1_low_to_high,gamma,1x288x24x24x24,288,24x24x24,15.1875,0.00820090714842081,0.115334153175354,230.132080078125,0.09034073352813721,True,-0.08106394857168198,True,1.5607736110687256,0.013301925733685493
MET_PA25.nii.gz,2,foreground,decoder_stage_1_low_to_high,blur,1x288x24x24x24,288,24x24x24,15.1875,0.11839542537927628,0.4383818507194519,874.6976928710938,0.3433716595172882,True,-0.08106394857168198,True,1.5607736110687256,0.19214263558387756
MET_PA25.nii.gz,2,foreground,penultimate_decoder_stage_output,gamma,1x96x96x96x96,96,96x96x96,324.0,0.0013602608814835548,0.0792636051774025,727.6069946289062,0.036825716495513916,True,-0.06995196640491486,True,4.58147668838501,0.0062817917205393314
MET_PA25.nii.gz,2,foreground,penultimate_decoder_stage_output,blur,1x96x96x96x96,96,96x96x96,324.0,0.022097988054156303,0.3159146308898926,2895.90673828125,0.1465679258108139,True,-0.06995196640491486,True,4.58147668838501,0.09977750480175018
MET_PA25.nii.gz,2,foreground,final_decoder_stage_input,gamma,1x64x192x192x192,64,192x192x192,1728.0,0.005569776054471731,0.07250859588384628,1501.9276123046875,0.07620470225811005,True,-0.14795678853988647,True,0.895211935043335,0.005162729416042566
MET_PA25.nii.gz,2,foreground,final_decoder_stage_input,blur,1x64x192x192x192,64,192x192x192,1728.0,0.10127925127744675,0.3045822083950043,6424.1357421875,0.3259473741054535,True,-0.14795678853988647,True,0.895211935043335,0.09273172169923782
MET_PA25.nii.gz,2,foreground,final_decoder_feature,gamma,1x32x192x192x192,32,192x192x192,864.0,0.002829579170793295,0.03663498908281326,541.4299926757812,0.05252383276820183,True,-0.12498835474252701,True,0.31180378794670105,0.0013416303554549813
MET_PA25.nii.gz,2,foreground,final_decoder_feature,blur,1x32x192x192x192,32,192x192x192,864.0,0.058983802795410156,0.16732744872570038,2473.81787109375,0.23998375236988068,True,-0.12498835474252701,True,0.31180378794670105,0.027997400611639023
MET_PA25.nii.gz,3,foreground,decoder_stage_1_low_to_high,gamma,1x288x24x24x24,288,24x24x24,15.1875,0.006766763050109148,0.10682781785726547,213.1597442626953,0.08258519321680069,True,-0.16147476434707642,True,1.6003870964050293,0.011408524587750435
MET_PA25.nii.gz,3,foreground,decoder_stage_1_low_to_high,blur,1x288x24x24x24,288,24x24x24,15.1875,0.12718184292316437,0.44474437832832336,887.3943481445312,0.3438061773777008,True,-0.16147476434707642,True,1.6003870964050293,0.19764678180217743
MET_PA25.nii.gz,3,foreground,penultimate_decoder_stage_output,gamma,1x96x96x96x96,96,96x96x96,324.0,0.0012401689309626818,0.07482609897851944,686.7245483398438,0.03518993780016899,True,-0.17667712271213531,True,4.469823837280273,0.005597086623311043
MET_PA25.nii.gz,3,foreground,penultimate_decoder_stage_output,blur,1x96x96x96x96,96,96x96x96,324.0,0.025112655013799667,0.334134966135025,3062.86083984375,0.1569506675004959,True,-0.17667712271213531,True,4.469823837280273,0.11163826286792755
MET_PA25.nii.gz,3,foreground,final_decoder_stage_input,gamma,1x64x192x192x192,64,192x192x192,1728.0,0.0048552630469202995,0.06718520820140839,1404.060791015625,0.07152929157018661,True,-0.16538789868354797,True,0.8843170404434204,0.004464913159608841
MET_PA25.nii.gz,3,foreground,final_decoder_stage_input,blur,1x64x192x192x192,64,192x192x192,1728.0,0.09696933627128601,0.2959548830986023,6240.9375,0.31794196367263794,True,-0.16538789868354797,True,0.8843170404434204,0.08756665140390396
MET_PA25.nii.gz,3,foreground,final_decoder_feature,gamma,1x32x192x192x192,32,192x192x192,864.0,0.002415901515632868,0.03384332358837128,501.0425109863281,0.048673007637262344,True,-0.1555263102054596,True,0.3100365698337555,0.0011451353784650564
MET_PA25.nii.gz,3,foreground,final_decoder_feature,blur,1x32x192x192x192,32,192x192x192,864.0,0.05770335718989372,0.1656630039215088,2450.36962890625,0.23803740739822388,True,-0.1555263102054596,True,0.3100365698337555,0.027442390099167824
HCC_10147777_20171222.nii.gz,0,context,decoder_stage_1_low_to_high,gamma,1x288x24x24x24,288,24x24x24,15.1875,0.0094211520627141,0.14505591988563538,289.43768310546875,0.09928327798843384,True,-0.07718096673488617,True,2.0697734355926514,0.021031206473708153
HCC_10147777_20171222.nii.gz,0,context,decoder_stage_1_low_to_high,blur,1x288x24x24x24,288,24x24x24,15.1875,0.08637207746505737,0.414251446723938,826.5549926757812,0.2835259437561035,True,-0.07718096673488617,True,2.0697734355926514,0.17151771485805511
HCC_10147777_20171222.nii.gz,0,context,penultimate_decoder_stage_output,gamma,1x96x96x96x96,96,96x96x96,324.0,0.003422059351578355,0.13759809732437134,1264.338623046875,0.05896475538611412,True,-0.19257445633411407,True,5.367470741271973,0.018893439322710037
HCC_10147777_20171222.nii.gz,0,context,penultimate_decoder_stage_output,blur,1x96x96x96x96,96,96x96x96,324.0,0.01756272092461586,0.29552918672561646,2713.074951171875,0.12652923166751862,True,-0.19257445633411407,True,5.367470741271973,0.08730414509773254
HCC_10147777_20171222.nii.gz,0,context,final_decoder_stage_input,gamma,1x64x192x192x192,64,192x192x192,1728.0,0.00631366390734911,0.08300921320915222,1742.38037109375,0.08191870898008347,True,-0.11675544083118439,True,1.0414586067199707,0.006885250564664602
HCC_10147777_20171222.nii.gz,0,context,final_decoder_stage_input,blur,1x64x192x192x192,64,192x192x192,1728.0,0.06543776392936707,0.25749263167381287,5441.49755859375,0.2558341920375824,True,-0.11675544083118439,True,1.0414586067199707,0.06626655161380768
HCC_10147777_20171222.nii.gz,0,context,final_decoder_feature,gamma,1x32x192x192x192,32,192x192x192,864.0,0.003036714857444167,0.03768410161137581,556.0271606445312,0.05447709560394287,True,-0.05667315050959587,True,0.3025444447994232,0.001420079031959176
HCC_10147777_20171222.nii.gz,0,context,final_decoder_feature,blur,1x32x192x192x192,32,192x192x192,864.0,0.04280097782611847,0.14149586856365204,2090.004150390625,0.20476940274238586,True,-0.05667315050959587,True,0.3025444447994232,0.02002006769180298
HCC_10147777_20171222.nii.gz,1,context,decoder_stage_1_low_to_high,gamma,1x288x24x24x24,288,24x24x24,15.1875,0.01139952801167965,0.13512492179870605,269.6220397949219,0.10683510452508926,True,0.026150992140173912,True,1.5219348669052124,0.018258685246109962
HCC_10147777_20171222.nii.gz,1,context,decoder_stage_1_low_to_high,blur,1x288x24x24x24,288,24x24x24,15.1875,0.1097712591290474,0.41063472628593445,819.3375244140625,0.3246544897556305,True,0.026150992140173912,True,1.5219348669052124,0.16856813430786133
HCC_10147777_20171222.nii.gz,1,context,penultimate_decoder_stage_output,gamma,1x96x96x96x96,96,96x96x96,324.0,0.0015564037021249533,0.08795829862356186,806.9478759765625,0.0397057868540287,True,0.16694819927215576,True,4.846774101257324,0.007736198138445616
HCC_10147777_20171222.nii.gz,1,context,penultimate_decoder_stage_output,blur,1x96x96x96x96,96,96x96x96,324.0,0.02026778645813465,0.31912538409233093,2929.700439453125,0.1441556066274643,True,0.16694819927215576,True,4.846774101257324,0.1016911193728447
HCC_10147777_20171222.nii.gz,1,context,final_decoder_stage_input,gamma,1x64x192x192x192,64,192x192x192,1728.0,0.006901013199239969,0.0833495631814003,1757.7813720703125,0.08556420356035233,True,-0.06723051518201828,True,0.9682577252388,0.006913688033819199
HCC_10147777_20171222.nii.gz,1,context,final_decoder_stage_input,blur,1x64x192x192x192,64,192x192x192,1728.0,0.057537954300642014,0.24168787896633148,5102.64111328125,0.24838323891162872,True,-0.06723051518201828,True,0.9682577252388,0.05840310454368591
HCC_10147777_20171222.nii.gz,1,context,final_decoder_feature,gamma,1x32x192x192x192,32,192x192x192,864.0,0.003275395603850484,0.039295297116041183,580.2106323242188,0.05653165280818939,True,0.030466914176940918,True,0.30713891983032227,0.0015439006965607405
HCC_10147777_20171222.nii.gz,1,context,final_decoder_feature,blur,1x32x192x192x192,32,192x192x192,864.0,0.03681131824851036,0.1319032460451126,1947.5867919921875,0.18975919485092163,True,0.030466914176940918,True,0.30713891983032227,0.017397869378328323
HCC_10147777_20171222.nii.gz,2,foreground,decoder_stage_1_low_to_high,gamma,1x288x24x24x24,288,24x24x24,15.1875,0.013433525338768959,0.14489638805389404,289.1190185546875,0.11593102663755417,True,-0.020370468497276306,True,1.4897570610046387,0.02099495381116867
HCC_10147777_20171222.nii.gz,2,foreground,decoder_stage_1_low_to_high,blur,1x288x24x24x24,288,24x24x24,15.1875,0.15981389582157135,0.49238887429237366,982.45068359375,0.3939433693885803,True,-0.020370468497276306,True,1.4897570610046387,0.24202916026115417
HCC_10147777_20171222.nii.gz,2,foreground,penultimate_decoder_stage_output,gamma,1x96x96x96x96,96,96x96x96,324.0,0.0022232902701944113,0.09987535327672958,915.8922119140625,0.04701391980051994,True,0.03481077030301094,True,4.455983638763428,0.009974793531000614
HCC_10147777_20171222.nii.gz,2,foreground,penultimate_decoder_stage_output,blur,1x96x96x96x96,96,96x96x96,324.0,0.030282197520136833,0.3781600296497345,3467.91845703125,0.1780126988887787,True,0.03481077030301094,True,4.455983638763428,0.14299024641513824
HCC_10147777_20171222.nii.gz,2,foreground,final_decoder_stage_input,gamma,1x64x192x192x192,64,192x192x192,1728.0,0.009305441752076149,0.0941089540719986,1975.91015625,0.09858880937099457,True,-0.09946303069591522,True,0.9167301058769226,0.00884216371923685
HCC_10147777_20171222.nii.gz,2,foreground,final_decoder_stage_input,blur,1x64x192x192x192,64,192x192x192,1728.0,0.0876113697886467,0.2918608486652374,6162.77001953125,0.30749380588531494,True,-0.09946303069591522,True,0.9167301058769226,0.08517137914896011
HCC_10147777_20171222.nii.gz,2,foreground,final_decoder_feature,gamma,1x32x192x192x192,32,192x192x192,864.0,0.004432473797351122,0.04563629627227783,673.2009887695312,0.06568912416696548,True,-0.02549915201961994,True,0.31079912185668945,0.0020826079417020082
HCC_10147777_20171222.nii.gz,2,foreground,final_decoder_feature,blur,1x32x192x192x192,32,192x192x192,864.0,0.05334671959280968,0.15872181951999664,2345.22216796875,0.2288404107093811,True,-0.02549915201961994,True,0.31079912185668945,0.025189021602272987
HCC_10147777_20171222.nii.gz,3,foreground,decoder_stage_1_low_to_high,gamma,1x288x24x24x24,288,24x24x24,15.1875,0.010030265897512436,0.1260068118572235,251.42601013183594,0.10005824267864227,True,-0.03207532688975334,True,1.5104360580444336,0.01587621495127678
HCC_10147777_20171222.nii.gz,3,foreground,decoder_stage_1_low_to_high,blur,1x288x24x24x24,288,24x24x24,15.1875,0.1545545905828476,0.4719146192073822,941.60595703125,0.37472429871559143,True,-0.03207532688975334,True,1.5104360580444336,0.22236111760139465
HCC_10147777_20171222.nii.gz,3,foreground,penultimate_decoder_stage_output,gamma,1x96x96x96x96,96,96x96x96,324.0,0.001649010693654418,0.08496470004320145,779.30615234375,0.04042168706655502,True,0.02407684549689293,True,4.366410732269287,0.007215133402496576
HCC_10147777_20171222.nii.gz,3,foreground,penultimate_decoder_stage_output,blur,1x96x96x96x96,96,96x96x96,324.0,0.03048529475927353,0.37291255593299866,3421.81787109375,0.1774856448173523,True,0.02407684549689293,True,4.366410732269287,0.13897518813610077
HCC_10147777_20171222.nii.gz,3,foreground,final_decoder_stage_input,gamma,1x64x192x192x192,64,192x192x192,1728.0,0.007596852723509073,0.08404660224914551,1772.6204833984375,0.08908366411924362,True,-0.13244308531284332,True,0.9014196395874023,0.007034445181488991
HCC_10147777_20171222.nii.gz,3,foreground,final_decoder_stage_input,blur,1x64x192x192x192,64,192x192x192,1728.0,0.07797320187091827,0.2720165252685547,5738.76611328125,0.2884036898612976,True,-0.13244308531284332,True,0.9014196395874023,0.07397710531949997
HCC_10147777_20171222.nii.gz,3,foreground,final_decoder_feature,gamma,1x32x192x192x192,32,192x192x192,864.0,0.0033173293340951204,0.03945167362689972,581.9716186523438,0.05683149769902229,True,-0.06950202584266663,True,0.30849534273147583,0.0015562920598313212
HCC_10147777_20171222.nii.gz,3,foreground,final_decoder_feature,blur,1x32x192x192x192,32,192x192x192,864.0,0.0490715317428112,0.15187512338161469,2238.539306640625,0.21860092878341675,True,-0.06950202584266663,True,0.30849534273147583,0.02306561917066574
HCC_PA0.nii.gz,0,context,decoder_stage_1_low_to_high,gamma,1x288x24x24x24,288,24x24x24,15.1875,0.009238877333700657,0.22764915227890015,454.23760986328125,0.09574052691459656,True,0.1721927374601364,True,5.61395263671875,0.051824044436216354
HCC_PA0.nii.gz,0,context,decoder_stage_1_low_to_high,blur,1x288x24x24x24,288,24x24x24,15.1875,0.04250602424144745,0.4807255268096924,959.1978149414062,0.2021719515323639,True,0.1721927374601364,True,5.61395263671875,0.23108157515525818
HCC_PA0.nii.gz,0,context,penultimate_decoder_stage_output,gamma,1x96x96x96x96,96,96x96x96,324.0,0.0019525827374309301,0.2123969942331314,1951.455322265625,0.04389780014753342,True,0.3285438120365143,True,23.075593948364258,0.045110221952199936
HCC_PA0.nii.gz,0,context,penultimate_decoder_stage_output,blur,1x96x96x96x96,96,96x96x96,324.0,0.007517042104154825,0.403470516204834,3708.64892578125,0.08342570066452026,True,0.3285438120365143,True,23.075593948364258,0.16266882419586182
HCC_PA0.nii.gz,0,context,final_decoder_stage_input,gamma,1x64x192x192x192,64,192x192x192,1728.0,0.0035763722844421864,0.10224123299121857,2099.779296875,0.06107829138636589,True,0.032965946942567825,True,2.8012075424194336,0.010376902297139168
HCC_PA0.nii.gz,0,context,final_decoder_stage_input,blur,1x64x192x192x192,64,192x192x192,1728.0,0.01998096890747547,0.23585866391658783,4876.318359375,0.14184214174747467,True,0.032965946942567825,True,2.8012075424194336,0.05559097230434418
HCC_PA0.nii.gz,0,context,final_decoder_feature,gamma,1x32x192x192x192,32,192x192x192,864.0,0.003847060026600957,0.044386301189661026,656.9912109375,0.06119425594806671,True,0.04039166867733002,True,0.33151930570602417,0.001969982171431184
HCC_PA0.nii.gz,0,context,final_decoder_feature,blur,1x32x192x192x192,32,192x192x192,864.0,0.02150588668882847,0.10520642250776291,1554.6505126953125,0.14480510354042053,True,0.04039166867733002,True,0.33151930570602417,0.011068323627114296
HCC_PA0.nii.gz,1,context,decoder_stage_1_low_to_high,gamma,1x288x24x24x24,288,24x24x24,15.1875,0.009672229178249836,0.11324338614940643,225.96176147460938,0.09802033752202988,True,0.08719341456890106,True,1.2485525608062744,0.012822339311242104
HCC_PA0.nii.gz,1,context,decoder_stage_1_low_to_high,blur,1x288x24x24x24,288,24x24x24,15.1875,0.07722600549459457,0.32077282667160034,640.0420532226562,0.27764493227005005,True,0.08719341456890106,True,1.2485525608062744,0.10284741222858429
HCC_PA0.nii.gz,1,context,penultimate_decoder_stage_output,gamma,1x96x96x96x96,96,96x96x96,324.0,0.0016228149179369211,0.0937015563249588,860.819580078125,0.04032741114497185,True,0.1009272038936615,True,5.356468677520752,0.008777552284300327
HCC_PA0.nii.gz,1,context,penultimate_decoder_stage_output,blur,1x96x96x96x96,96,96x96x96,324.0,0.013988693244755268,0.27270087599754333,2504.234619140625,0.11731761693954468,True,0.1009272038936615,True,5.356468677520752,0.07430262118577957
HCC_PA0.nii.gz,1,context,final_decoder_stage_input,gamma,1x64x192x192x192,64,192x192x192,1728.0,0.006416658870875835,0.08462946116924286,1753.673095703125,0.08343052119016647,True,-0.03262409567832947,True,1.035003900527954,0.007007081061601639
HCC_PA0.nii.gz,1,context,final_decoder_stage_input,blur,1x64x192x192x192,64,192x192x192,1728.0,0.05767662823200226,0.25036680698394775,5215.1806640625,0.2481108158826828,True,-0.03262409567832947,True,1.035003900527954,0.06266040354967117
HCC_PA0.nii.gz,1,context,final_decoder_feature,gamma,1x32x192x192x192,32,192x192x192,864.0,0.002958690281957388,0.03872886300086975,576.2176513671875,0.05407317727804184,True,-0.01686190627515316,True,0.3352595865726471,0.0014985027955844998
HCC_PA0.nii.gz,1,context,final_decoder_feature,blur,1x32x192x192x192,32,192x192x192,864.0,0.02340732328593731,0.10899480432271957,1613.6402587890625,0.1514265537261963,True,-0.01686190627515316,True,0.3352595865726471,0.01187820453196764
HCC_PA0.nii.gz,2,foreground,decoder_stage_1_low_to_high,gamma,1x288x24x24x24,288,24x24x24,15.1875,0.01590072736144066,0.1460106521844864,291.34375,0.12600268423557281,True,0.04008714109659195,True,1.247156023979187,0.021318357437849045
HCC_PA0.nii.gz,2,foreground,decoder_stage_1_low_to_high,blur,1x288x24x24x24,288,24x24x24,15.1875,0.12572768330574036,0.40561631321907043,809.3253784179688,0.3500235378742218,True,0.04008714109659195,True,1.247156023979187,0.16447819769382477
HCC_PA0.nii.gz,2,foreground,penultimate_decoder_stage_output,gamma,1x96x96x96x96,96,96x96x96,324.0,0.002602624474093318,0.11552006751298904,1060.6768798828125,0.05092190206050873,True,-0.08940098434686661,True,5.10671329498291,0.013343633152544498
HCC_PA0.nii.gz,2,foreground,penultimate_decoder_stage_output,blur,1x96x96x96x96,96,96x96x96,324.0,0.031972385942935944,0.3919694125652313,3599.314453125,0.1727990359067917,True,-0.08940098434686661,True,5.10671329498291,0.1535845249891281
HCC_PA0.nii.gz,2,foreground,final_decoder_stage_input,gamma,1x64x192x192x192,64,192x192x192,1728.0,0.006874618586152792,0.08636125177145004,1779.4461669921875,0.08561660349369049,True,-0.1049254983663559,True,1.0045061111450195,0.007398535031825304
HCC_PA0.nii.gz,2,foreground,final_decoder_stage_input,blur,1x64x192x192x192,64,192x192x192,1728.0,0.07637620717287064,0.279272198677063,5801.78466796875,0.2791481614112854,True,-0.1049254983663559,True,1.0045061111450195,0.07797005772590637
HCC_PA0.nii.gz,2,foreground,final_decoder_feature,gamma,1x32x192x192x192,32,192x192x192,864.0,0.0038496744818985462,0.044242098927497864,656.9105224609375,0.061553165316581726,True,-0.09626294672489166,True,0.33897244930267334,0.0019560072105377913
HCC_PA0.nii.gz,2,foreground,final_decoder_feature,blur,1x32x192x192x192,32,192x192x192,864.0,0.039536572992801666,0.14223867654800415,2111.423583984375,0.19784247875213623,True,-0.09626294672489166,True,0.33897244930267334,0.020221935585141182
HCC_PA0.nii.gz,3,context_fill,decoder_stage_1_low_to_high,gamma,1x288x24x24x24,288,24x24x24,15.1875,0.014925936236977577,0.1542850285768509,307.8544616699219,0.12266971915960312,True,-0.03813272342085838,True,1.492222547531128,0.023797614499926567
HCC_PA0.nii.gz,3,context_fill,decoder_stage_1_low_to_high,blur,1x288x24x24x24,288,24x24x24,15.1875,0.11736255139112473,0.4193306565284729,836.692138671875,0.3333938717842102,True,-0.03813272342085838,True,1.492222547531128,0.17567449808120728
HCC_PA0.nii.gz,3,context_fill,penultimate_decoder_stage_output,gamma,1x96x96x96x96,96,96x96x96,324.0,0.0023301097098737955,0.11517024785280228,1058.330322265625,0.048447370529174805,True,-0.15491384267807007,True,5.6002583503723145,0.013258938677608967
HCC_PA0.nii.gz,3,context_fill,penultimate_decoder_stage_output,blur,1x96x96x96x96,96,96x96x96,324.0,0.021572262048721313,0.3431936502456665,3152.9091796875,0.14433126151561737,True,-0.15491384267807007,True,5.6002583503723145,0.11771795898675919
HCC_PA0.nii.gz,3,context_fill,final_decoder_stage_input,gamma,1x64x192x192x192,64,192x192x192,1728.0,0.006139184348285198,0.08542825281620026,1766.8062744140625,0.08166838437318802,True,-0.11022926867008209,True,1.079795479774475,0.007274232804775238
HCC_PA0.nii.gz,3,context_fill,final_decoder_stage_input,blur,1x64x192x192x192,64,192x192x192,1728.0,0.05455121770501137,0.24939173460006714,5181.00927734375,0.23948559165000916,True,-0.11022926867008209,True,1.079795479774475,0.06217895448207855
HCC_PA0.nii.gz,3,context_fill,final_decoder_feature,gamma,1x32x192x192x192,32,192x192x192,864.0,0.003586167935281992,0.04264688491821289,631.79736328125,0.05933861434459686,True,-0.06466943770647049,True,0.32498523592948914,0.001818694407120347
HCC_PA0.nii.gz,3,context_fill,final_decoder_feature,blur,1x32x192x192x192,32,192x192x192,864.0,0.031085778027772903,0.1257438361644745,1862.4520263671875,0.17492210865020752,True,-0.06466943770647049,True,0.32498523592948914,0.015803763642907143
CYST_PA37.nii.gz,0,context,decoder_stage_1_low_to_high,gamma,1x288x24x24x24,288,24x24x24,15.1875,0.003955280873924494,0.15487752854824066,309.03265380859375,0.0632418543100357,True,0.04957975447177887,True,5.963900566101074,0.023986924439668655
CYST_PA37.nii.gz,0,context,decoder_stage_1_low_to_high,blur,1x288x24x24x24,288,24x24x24,15.1875,0.03692832216620445,0.46068769693374634,919.2177124023438,0.18811291456222534,True,0.04957975447177887,True,5.963900566101074,0.21219047904014587
CYST_PA37.nii.gz,0,context,penultimate_decoder_stage_output,gamma,1x96x96x96x96,96,96x96x96,324.0,0.0005115816602483392,0.11232548952102661,1033.090576171875,0.02276035025715828,True,-0.2912496328353882,True,24.056272506713867,0.01261682715266943
CYST_PA37.nii.gz,0,context,penultimate_decoder_stage_output,blur,1x96x96x96x96,96,96x96x96,324.0,0.006403258070349693,0.3791315257549286,3484.341552734375,0.07676464319229126,True,-0.2912496328353882,True,24.056272506713867,0.1436362862586975
CYST_PA37.nii.gz,0,context,final_decoder_stage_input,gamma,1x64x192x192x192,64,192x192x192,1728.0,0.0019253864884376526,0.07610944658517838,1597.7984619140625,0.04526664689183235,True,-0.2183268964290619,True,2.8867342472076416,0.005760631989687681
CYST_PA37.nii.gz,0,context,final_decoder_stage_input,blur,1x64x192x192x192,64,192x192x192,1728.0,0.026107849553227425,0.2699926197528839,5677.01416015625,0.1608334332704544,True,-0.2183268964290619,True,2.8867342472076416,0.07288650423288345
CYST_PA37.nii.gz,0,context,final_decoder_feature,gamma,1x32x192x192x192,32,192x192x192,864.0,0.0021102663595229387,0.032243382185697556,476.1130676269531,0.04530702531337738,True,-0.18767479062080383,True,0.3183380961418152,0.0010388458613306284
CYST_PA37.nii.gz,0,context,final_decoder_feature,blur,1x32x192x192x192,32,192x192x192,864.0,0.03096429444849491,0.12415629625320435,1831.547607421875,0.1742904782295227,True,-0.18767479062080383,True,0.3183380961418152,0.015414671041071415
CYST_PA37.nii.gz,1,context,decoder_stage_1_low_to_high,gamma,1x288x24x24x24,288,24x24x24,15.1875,0.007469457108527422,0.12055260688066483,240.54299926757812,0.08634275943040848,True,-0.08171885460615158,True,1.8807965517044067,0.014532643370330334
CYST_PA37.nii.gz,1,context,decoder_stage_1_low_to_high,blur,1x288x24x24x24,288,24x24x24,15.1875,0.09960317611694336,0.4310886561870575,860.1511840820312,0.308750718832016,True,-0.08171885460615158,True,1.8807965517044067,0.18572187423706055
CYST_PA37.nii.gz,1,context,penultimate_decoder_stage_output,gamma,1x96x96x96x96,96,96x96x96,324.0,0.0016326804179698229,0.09265826642513275,850.4314575195312,0.04042663797736168,True,-0.06303746998310089,True,5.176424026489258,0.008582057431340218
CYST_PA37.nii.gz,1,context,penultimate_decoder_stage_output,blur,1x96x96x96x96,96,96x96x96,324.0,0.01977224461734295,0.31583574414253235,2897.650146484375,0.1377444863319397,True,-0.06303746998310089,True,5.176424026489258,0.09972448647022247
CYST_PA37.nii.gz,1,context,final_decoder_stage_input,gamma,1x64x192x192x192,64,192x192x192,1728.0,0.006037925370037556,0.07967743277549744,1641.176513671875,0.07930167764425278,True,-0.16052742302417755,True,0.9898670315742493,0.00626731151714921
CYST_PA37.nii.gz,1,context,final_decoder_stage_input,blur,1x64x192x192x192,64,192x192x192,1728.0,0.09424708038568497,0.307771772146225,6484.513671875,0.31333181262016296,True,-0.16052742302417755,True,0.9898670315742493,0.09470366686582565
CYST_PA37.nii.gz,1,context,final_decoder_feature,gamma,1x32x192x192x192,32,192x192x192,864.0,0.003924259915947914,0.04307910427451134,636.4805297851562,0.06186037138104439,True,-0.12504956126213074,True,0.3056785464286804,0.0018558012088760734
CYST_PA37.nii.gz,1,context,final_decoder_feature,blur,1x32x192x192x192,32,192x192x192,864.0,0.06033456325531006,0.16891810297966003,2496.482666015625,0.24263641238212585,True,-0.12504956126213074,True,0.3056785464286804,0.028533276170492172
CYST_PA37.nii.gz,2,foreground,decoder_stage_1_low_to_high,gamma,1x288x24x24x24,288,24x24x24,15.1875,0.010133600793778896,0.12592713534832,251.2676544189453,0.10056721419095993,True,-0.07195749878883362,True,1.4881972074508667,0.01585749164223671
CYST_PA37.nii.gz,2,foreground,decoder_stage_1_low_to_high,blur,1x288x24x24x24,288,24x24x24,15.1875,0.12676888704299927,0.42869240045547485,855.3653564453125,0.34235092997550964,True,-0.07195749878883362,True,1.4881972074508667,0.18365390598773956
CYST_PA37.nii.gz,2,foreground,penultimate_decoder_stage_output,gamma,1x96x96x96x96,96,96x96x96,324.0,0.0019582484383136034,0.09170769900083542,840.7885131835938,0.04421107843518257,True,-0.0048848590813577175,True,4.238693714141846,0.008409461937844753
CYST_PA37.nii.gz,2,foreground,penultimate_decoder_stage_output,blur,1x96x96x96x96,96,96x96x96,324.0,0.029199697077274323,0.3430899679660797,3148.706298828125,0.1655680388212204,True,-0.0048848590813577175,True,4.238693714141846,0.11764070391654968
CYST_PA37.nii.gz,2,foreground,final_decoder_stage_input,gamma,1x64x192x192x192,64,192x192x192,1728.0,0.0062247831374406815,0.07432006299495697,1532.4300537109375,0.08042196929454803,True,-0.16840003430843353,True,0.8336370587348938,0.005439722910523415
CYST_PA37.nii.gz,2,foreground,final_decoder_stage_input,blur,1x64x192x192x192,64,192x192x192,1728.0,0.11169210821390152,0.3040684163570404,6396.09912109375,0.3356674313545227,True,-0.16840003430843353,True,0.8336370587348938,0.09245312958955765
CYST_PA37.nii.gz,2,foreground,final_decoder_feature,gamma,1x32x192x192x192,32,192x192x192,864.0,0.0034933381248265505,0.04084967449307442,604.5707397460938,0.058497730642557144,True,-0.11468598991632462,True,0.3128499984741211,0.0016683177091181278
CYST_PA37.nii.gz,2,foreground,final_decoder_feature,blur,1x32x192x192x192,32,192x192x192,864.0,0.0603097602725029,0.16955502331256866,2502.525634765625,0.24214217066764832,True,-0.11468598991632462,True,0.3128499984741211,0.02874789573252201
CYST_PA37.nii.gz,3,foreground,decoder_stage_1_low_to_high,gamma,1x288x24x24x24,288,24x24x24,15.1875,0.010472066700458527,0.13137370347976685,262.1358642578125,0.10231423377990723,True,-0.059729769825935364,True,1.576585054397583,0.01725905016064644
CYST_PA37.nii.gz,3,foreground,decoder_stage_1_low_to_high,blur,1x288x24x24x24,288,24x24x24,15.1875,0.1376381665468216,0.46251368522644043,922.846435546875,0.36019614338874817,True,-0.059729769825935364,True,1.576585054397583,0.21357449889183044
CYST_PA37.nii.gz,3,foreground,penultimate_decoder_stage_output,gamma,1x96x96x96x96,96,96x96x96,324.0,0.001973693957552314,0.09730374068021774,892.2686157226562,0.04422306641936302,True,0.01744661293923855,True,4.771581172943115,0.009467879310250282
CYST_PA37.nii.gz,3,foreground,penultimate_decoder_stage_output,blur,1x96x96x96x96,96,96x96x96,324.0,0.02905658818781376,0.3573485016822815,3281.17333984375,0.16262316703796387,True,0.01744661293923855,True,4.771581172943115,0.12740124762058258
CYST_PA37.nii.gz,3,foreground,final_decoder_stage_input,gamma,1x64x192x192x192,64,192x192x192,1728.0,0.006991276517510414,0.08270356804132462,1722.9195556640625,0.08603867888450623,True,-0.17764323949813843,True,0.9260313510894775,0.006733887828886509
CYST_PA37.nii.gz,3,foreground,final_decoder_stage_input,blur,1x64x192x192x192,64,192x192x192,1728.0,0.10967135429382324,0.3137412667274475,6594.39599609375,0.3293091356754303,True,-0.17764323949813843,True,0.9260313510894775,0.09843188524246216
CYST_PA37.nii.gz,3,foreground,final_decoder_feature,gamma,1x32x192x192x192,32,192x192x192,864.0,0.003988736774772406,0.04356345161795616,644.3707275390625,0.06239043548703194,True,-0.13768988847732544,True,0.31144025921821594,0.001897543203085661
CYST_PA37.nii.gz,3,foreground,final_decoder_feature,blur,1x32x192x192x192,32,192x192x192,864.0,0.058201562613248825,0.1661723554134369,2446.52978515625,0.23688235878944397,True,-0.13768988847732544,True,0.31144025921821594,0.027610214427113533
ICC_PA18.nii.gz,0,context,decoder_stage_1_low_to_high,gamma,1x288x24x24x24,288,24x24x24,15.1875,0.014949512667953968,0.3008134067058563,600.2251586914062,0.12459021061658859,True,0.36247771978378296,True,5.791942596435547,0.09047862142324448
ICC_PA18.nii.gz,0,context,decoder_stage_1_low_to_high,blur,1x288x24x24x24,288,24x24x24,15.1875,0.05493485927581787,0.5481456518173218,1093.7218017578125,0.22702652215957642,True,0.36247771978378296,True,5.791942596435547,0.30045732855796814
ICC_PA18.nii.gz,0,context,penultimate_decoder_stage_output,gamma,1x96x96x96x96,96,96x96x96,324.0,0.0034344554878771305,0.3059154748916626,2812.978759765625,0.060715146362781525,True,-0.20397070050239563,True,25.076065063476562,0.09340078383684158
ICC_PA18.nii.gz,0,context,penultimate_decoder_stage_output,blur,1x96x96x96x96,96,96x96x96,324.0,0.015753677114844322,0.5856898427009583,5384.51513671875,0.11621901392936707,True,-0.20397070050239563,True,25.076065063476562,0.34280315041542053
ICC_PA18.nii.gz,0,context,final_decoder_stage_input,gamma,1x64x192x192x192,64,192x192x192,1728.0,0.004862671718001366,0.12812009453773499,2610.58203125,0.07283363491296768,True,-0.11828457564115524,True,3.066624402999878,0.016346080228686333
ICC_PA18.nii.gz,0,context,final_decoder_stage_input,blur,1x64x192x192x192,64,192x192x192,1728.0,0.02935875579714775,0.2867456376552582,5909.2275390625,0.16486382484436035,True,-0.11828457564115524,True,3.066624402999878,0.08202748745679855
ICC_PA18.nii.gz,0,context,final_decoder_feature,gamma,1x32x192x192x192,32,192x192x192,864.0,0.004677882883697748,0.04895348101854324,725.8372192382812,0.06756608933210373,True,0.10878484696149826,True,0.3300234079360962,0.0023928142618387938
ICC_PA18.nii.gz,0,context,final_decoder_feature,blur,1x32x192x192x192,32,192x192x192,864.0,0.028353950008749962,0.12051321566104889,1781.6746826171875,0.1658509522676468,True,0.10878484696149826,True,0.3300234079360962,0.014520530588924885
ICC_PA18.nii.gz,1,context,decoder_stage_1_low_to_high,gamma,1x288x24x24x24,288,24x24x24,15.1875,0.010102381929755211,0.1297215074300766,258.84027099609375,0.10076839476823807,True,0.03593236580491066,True,1.5718460083007812,0.01682719774544239
ICC_PA18.nii.gz,1,context,decoder_stage_1_low_to_high,blur,1x288x24x24x24,288,24x24x24,15.1875,0.11028407514095306,0.4170469045639038,832.1357421875,0.3239564597606659,True,0.03593236580491066,True,1.5718460083007812,0.1738642454147339
ICC_PA18.nii.gz,1,context,penultimate_decoder_stage_output,gamma,1x96x96x96x96,96,96x96x96,324.0,0.0014125424204394221,0.08761520683765411,804.8619384765625,0.03770802542567253,True,-0.04251264035701752,True,5.335785388946533,0.007674899883568287
ICC_PA18.nii.gz,1,context,penultimate_decoder_stage_output,blur,1x96x96x96x96,96,96x96x96,324.0,0.018939409404993057,0.3112025856971741,2859.0703125,0.13394831120967865,True,-0.04251264035701752,True,5.335785388946533,0.09679140150547028
ICC_PA18.nii.gz,1,context,final_decoder_stage_input,gamma,1x64x192x192x192,64,192x192x192,1728.0,0.006568309385329485,0.08604125678539276,1786.6900634765625,0.08514909446239471,True,-0.08055571466684341,True,1.0323715209960938,0.007205572444945574
ICC_PA18.nii.gz,1,context,final_decoder_stage_input,blur,1x64x192x192x192,64,192x192x192,1728.0,0.06429822742938995,0.26270756125450134,5472.642578125,0.2608121931552887,True,-0.08055571466684341,True,1.0323715209960938,0.0690123662352562
ICC_PA18.nii.gz,1,context,final_decoder_feature,gamma,1x32x192x192x192,32,192x192x192,864.0,0.0032417508773505688,0.04029693454504013,599.30224609375,0.05646626651287079,True,-0.10013294965028763,True,0.32084426283836365,0.0016218540258705616
ICC_PA18.nii.gz,1,context,final_decoder_feature,blur,1x32x192x192x192,32,192x192x192,864.0,0.031538017094135284,0.12588274478912354,1864.0496826171875,0.17563079297542572,True,-0.10013294965028763,True,0.32084426283836365,0.015844179317355156
ICC_PA18.nii.gz,2,foreground,decoder_stage_1_low_to_high,gamma,1x288x24x24x24,288,24x24x24,15.1875,0.013138656504452229,0.1341909021139145,267.7586975097656,0.1146506518125534,True,0.12965932488441467,True,1.277148962020874,0.018006807193160057
ICC_PA18.nii.gz,2,foreground,decoder_stage_1_low_to_high,blur,1x288x24x24x24,288,24x24x24,15.1875,0.09925038367509842,0.36537352204322815,729.028564453125,0.3121601641178131,True,0.12965932488441467,True,1.277148962020874,0.13347215950489044
ICC_PA18.nii.gz,2,foreground,penultimate_decoder_stage_output,gamma,1x96x96x96x96,96,96x96x96,324.0,0.0019162327516824007,0.10025778412818909,920.8483276367188,0.04392681270837784,True,-0.1205090582370758,True,5.167137145996094,0.0100512420758605
ICC_PA18.nii.gz,2,foreground,penultimate_decoder_stage_output,blur,1x96x96x96x96,96,96x96x96,324.0,0.01909397728741169,0.3083270490169525,2831.596923828125,0.13507439196109772,True,-0.1205090582370758,True,5.167137145996094,0.09501910209655762
ICC_PA18.nii.gz,2,foreground,final_decoder_stage_input,gamma,1x64x192x192x192,64,192x192x192,1728.0,0.006962212268263102,0.08649127930402756,1775.6279296875,0.08591748774051666,True,-0.0438193641602993,True,0.9946988821029663,0.007320017088204622
ICC_PA18.nii.gz,2,foreground,final_decoder_stage_input,blur,1x64x192x192x192,64,192x192x192,1728.0,0.06420714408159256,0.2572176158428192,5355.22998046875,0.2591240704059601,True,-0.0438193641602993,True,0.9946988821029663,0.06616070866584778
ICC_PA18.nii.gz,2,foreground,final_decoder_feature,gamma,1x32x192x192x192,32,192x192x192,864.0,0.0029754701536148787,0.03874795883893967,575.8564453125,0.05413361266255379,True,-0.06972730904817581,True,0.33482372760772705,0.0014998585684224963
ICC_PA18.nii.gz,2,foreground,final_decoder_feature,blur,1x32x192x192x192,32,192x192x192,864.0,0.027164354920387268,0.11713940650224686,1733.76416015625,0.16298317909240723,True,-0.06972730904817581,True,0.33482372760772705,0.013713382184505463
ICC_PA18.nii.gz,3,foreground,decoder_stage_1_low_to_high,gamma,1x288x24x24x24,288,24x24x24,15.1875,0.012497014366090298,0.12932397425174713,258.0476379394531,0.11166461557149887,True,0.02609519101679325,True,1.251706600189209,0.016724415123462677
ICC_PA18.nii.gz,3,foreground,decoder_stage_1_low_to_high,blur,1x288x24x24x24,288,24x24x24,15.1875,0.09564077109098434,0.3539285957813263,706.1929931640625,0.3055899739265442,True,0.02609519101679325,True,1.251706600189209,0.12522725760936737
ICC_PA18.nii.gz,3,foreground,penultimate_decoder_stage_output,gamma,1x96x96x96x96,96,96x96x96,324.0,0.0019029889954254031,0.10053113102912903,923.639892578125,0.04379400610923767,True,-0.12119119614362717,True,5.230583667755127,0.010106385685503483
ICC_PA18.nii.gz,3,foreground,penultimate_decoder_stage_output,blur,1x96x96x96x96,96,96x96x96,324.0,0.02007278800010681,0.31412962079048157,2886.03515625,0.13684017956256866,True,-0.12119119614362717,True,5.230583667755127,0.09862429648637772
ICC_PA18.nii.gz,3,foreground,final_decoder_stage_input,gamma,1x64x192x192x192,64,192x192x192,1728.0,0.006763177923858166,0.08608227223157883,1778.3704833984375,0.08572353422641754,True,-0.0872252807021141,True,1.0088608264923096,0.007237344980239868
ICC_PA18.nii.gz,3,foreground,final_decoder_stage_input,blur,1x64x192x192x192,64,192x192x192,1728.0,0.07176056504249573,0.27175813913345337,5663.021484375,0.27297696471214294,True,-0.0872252807021141,True,1.0088608264923096,0.07384733110666275
ICC_PA18.nii.gz,3,foreground,final_decoder_feature,gamma,1x32x192x192x192,32,192x192x192,864.0,0.00321876909583807,0.04034918546676636,600.3832397460938,0.056431692093610764,True,-0.12314426898956299,True,0.3345666527748108,0.0016266052844002843
ICC_PA18.nii.gz,3,foreground,final_decoder_feature,blur,1x32x192x192x192,32,192x192x192,864.0,0.02917325869202614,0.12138503789901733,1797.4324951171875,0.16894568502902985,True,-0.12314426898956299,True,0.3345666527748108,0.014730285853147507
HCC_10081574_20140213.nii.gz,0,context,decoder_stage_1_low_to_high,gamma,1x288x24x24x24,288,24x24x24,15.1875,0.002792194951325655,0.14004413783550262,279.43023681640625,0.05258824676275253,True,0.01380522083491087,True,7.062838077545166,0.019611628726124763
HCC_10081574_20140213.nii.gz,0,context,decoder_stage_1_low_to_high,blur,1x288x24x24x24,288,24x24x24,15.1875,0.03385253995656967,0.47064849734306335,939.09619140625,0.17673614621162415,True,0.01380522083491087,True,7.062838077545166,0.22137132287025452
HCC_10081574_20140213.nii.gz,0,context,penultimate_decoder_stage_output,gamma,1x96x96x96x96,96,96x96x96,324.0,0.0011963715078309178,0.2083488404750824,1917.6094970703125,0.03395022079348564,True,0.5513727068901062,True,37.34592056274414,0.043353211134672165
HCC_10081574_20140213.nii.gz,0,context,penultimate_decoder_stage_output,blur,1x96x96x96x96,96,96x96x96,324.0,0.014166333712637424,0.6752405166625977,6210.42333984375,0.10995212942361832,True,0.5513727068901062,True,37.34592056274414,0.4548182785511017
HCC_10081574_20140213.nii.gz,0,context,final_decoder_stage_input,gamma,1x64x192x192x192,64,192x192x192,1728.0,0.0020066234283149242,0.09193039685487747,1916.0560302734375,0.04476853832602501,True,0.13303755223751068,True,4.211118221282959,0.008395731449127197
HCC_10081574_20140213.nii.gz,0,context,final_decoder_stage_input,blur,1x64x192x192x192,64,192x192x192,1728.0,0.023781273514032364,0.3025563955307007,6326.68359375,0.14782260358333588,True,0.13303755223751068,True,4.211118221282959,0.09137887507677078
HCC_10081574_20140213.nii.gz,0,context,final_decoder_feature,gamma,1x32x192x192x192,32,192x192x192,864.0,0.0033639571629464626,0.040560293942689896,599.2321166992188,0.05740008130669594,True,0.06885464489459991,True,0.30939048528671265,0.0016451335977762938
HCC_10081574_20140213.nii.gz,0,context,final_decoder_feature,blur,1x32x192x192x192,32,192x192x192,864.0,0.03421161323785782,0.12954534590244293,1911.966064453125,0.18314605951309204,True,0.06885464489459991,True,0.30939048528671265,0.016779735684394836
HCC_10081574_20140213.nii.gz,1,context,decoder_stage_1_low_to_high,gamma,1x288x24x24x24,288,24x24x24,15.1875,0.009633399546146393,0.1311715990304947,261.73187255859375,0.0982600674033165,True,-0.039826229214668274,True,1.7137259244918823,0.01720334030687809
HCC_10081574_20140213.nii.gz,1,context,decoder_stage_1_low_to_high,blur,1x288x24x24x24,288,24x24x24,15.1875,0.07056666165590286,0.3486980199813843,695.7575073242188,0.2612031102180481,True,-0.039826229214668274,True,1.7137259244918823,0.12155253440141678
HCC_10081574_20140213.nii.gz,1,context,penultimate_decoder_stage_output,gamma,1x96x96x96x96,96,96x96x96,324.0,0.0013515092432498932,0.08475946635007858,777.4283447265625,0.03659479692578316,True,0.006092769559472799,True,5.288368225097656,0.00718261394649744
HCC_10081574_20140213.nii.gz,1,context,penultimate_decoder_stage_output,blur,1x96x96x96x96,96,96x96x96,324.0,0.011556191369891167,0.2457917034626007,2254.007080078125,0.10609971731901169,True,0.006092769559472799,True,5.288368225097656,0.06040500849485397
HCC_10081574_20140213.nii.gz,1,context,final_decoder_stage_input,gamma,1x64x192x192x192,64,192x192x192,1728.0,0.006083716172724962,0.08035431057214737,1696.370849609375,0.0801117792725563,True,-0.10483112931251526,True,1.0299164056777954,0.006431671790778637
HCC_10081574_20140213.nii.gz,1,context,final_decoder_stage_input,blur,1x64x192x192x192,64,192x192x192,1728.0,0.05428994819521904,0.23868539929389954,5049.8330078125,0.238480344414711,True,-0.10483112931251526,True,1.0299164056777954,0.05695927143096924
HCC_10081574_20140213.nii.gz,1,context,final_decoder_feature,gamma,1x32x192x192x192,32,192x192x192,864.0,0.0031982026994228363,0.038834258913993835,573.2786865234375,0.05581476166844368,True,-0.05209175497293472,True,0.3054583966732025,0.001507775392383337
HCC_10081574_20140213.nii.gz,1,context,final_decoder_feature,blur,1x32x192x192x192,32,192x192x192,864.0,0.035418801009655,0.12945960462093353,1916.6824951171875,0.18660937249660492,True,-0.05209175497293472,True,0.3054583966732025,0.016759775578975677
HCC_10081574_20140213.nii.gz,2,foreground,decoder_stage_1_low_to_high,gamma,1x288x24x24x24,288,24x24x24,15.1875,0.011098324321210384,0.13105423748493195,261.4981384277344,0.10493987798690796,True,0.01013745553791523,True,1.479968786239624,0.017175056040287018
HCC_10081574_20140213.nii.gz,2,foreground,decoder_stage_1_low_to_high,blur,1x288x24x24x24,288,24x24x24,15.1875,0.10629063844680786,0.3940286338329315,786.2020263671875,0.31550490856170654,True,0.01013745553791523,True,1.479968786239624,0.15509451925754547
HCC_10081574_20140213.nii.gz,2,foreground,penultimate_decoder_stage_output,gamma,1x96x96x96x96,96,96x96x96,324.0,0.0016835038550198078,0.08911555260419846,817.2698364257812,0.04075861722230911,True,0.05859149992465973,True,4.727659225463867,0.007937666028738022
HCC_10081574_20140213.nii.gz,2,foreground,penultimate_decoder_stage_output,blur,1x96x96x96x96,96,96x96x96,324.0,0.01974521204829216,0.306443452835083,2811.9833984375,0.14023832976818085,True,0.05859149992465973,True,4.727659225463867,0.09388613700866699
HCC_10081574_20140213.nii.gz,2,foreground,final_decoder_stage_input,gamma,1x64x192x192x192,64,192x192x192,1728.0,0.007198947016149759,0.0836872011423111,1763.8018798828125,0.08650494366884232,True,-0.054267946630716324,True,0.9491018056869507,0.006979911122471094
HCC_10081574_20140213.nii.gz,2,foreground,final_decoder_stage_input,blur,1x64x192x192x192,64,192x192x192,1728.0,0.06579399853944778,0.2540134787559509,5367.9609375,0.26326945424079895,True,-0.054267946630716324,True,0.9491018056869507,0.06451289355754852
HCC_10081574_20140213.nii.gz,2,foreground,final_decoder_feature,gamma,1x32x192x192x192,32,192x192x192,864.0,0.0033317222259938717,0.039556603878736496,582.3057250976562,0.05684109032154083,True,-0.015040932223200798,True,0.30773431062698364,0.0015638141194358468
HCC_10081574_20140213.nii.gz,2,foreground,final_decoder_feature,blur,1x32x192x192x192,32,192x192x192,864.0,0.03980569168925285,0.13708622753620148,2023.4556884765625,0.1975172609090805,True,-0.015040932223200798,True,0.30773431062698364,0.01879248023033142
HCC_10081574_20140213.nii.gz,3,foreground,decoder_stage_1_low_to_high,gamma,1x288x24x24x24,288,24x24x24,15.1875,0.01762883923947811,0.16465279459953308,328.5400695800781,0.13152728974819183,True,0.08256985992193222,True,1.4952279329299927,0.0271076001226902
HCC_10081574_20140213.nii.gz,3,foreground,decoder_stage_1_low_to_high,blur,1x288x24x24x24,288,24x24x24,15.1875,0.15141168236732483,0.46320632100105286,924.2286376953125,0.37000444531440735,True,0.08256985992193222,True,1.4952279329299927,0.21401916444301605
HCC_10081574_20140213.nii.gz,3,foreground,penultimate_decoder_stage_output,gamma,1x96x96x96x96,96,96x96x96,324.0,0.0034431812819093466,0.12374050170183182,1135.5947265625,0.057777147740125656,True,0.22938425838947296,True,4.536046504974365,0.015308523550629616
HCC_10081574_20140213.nii.gz,3,foreground,penultimate_decoder_stage_output,blur,1x96x96x96x96,96,96x96x96,324.0,0.03202948346734047,0.37300950288772583,3423.349853515625,0.17417427897453308,True,0.22938425838947296,True,4.536046504974365,0.13908186554908752
HCC_10081574_20140213.nii.gz,3,foreground,final_decoder_stage_input,gamma,1x64x192x192x192,64,192x192x192,1728.0,0.011014912277460098,0.10248852521181107,2149.336669921875,0.10622860491275787,True,-0.041255779564380646,True,0.9346811175346375,0.010497872717678547
HCC_10081574_20140213.nii.gz,3,foreground,final_decoder_stage_input,blur,1x64x192x192x192,64,192x192x192,1728.0,0.09803318977355957,0.30050140619277954,6342.57666015625,0.3134748935699463,True,-0.041255779564380646,True,0.9346811175346375,0.09014545381069183
HCC_10081574_20140213.nii.gz,3,foreground,final_decoder_feature,gamma,1x32x192x192x192,32,192x192x192,864.0,0.005442731082439423,0.050430722534656525,744.337646484375,0.07278303056955338,True,-0.0038701787125319242,True,0.3072359263896942,0.0025426901411265135
HCC_10081574_20140213.nii.gz,3,foreground,final_decoder_feature,blur,1x32x192x192x192,32,192x192x192,864.0,0.0514824204146862,0.1555783748626709,2292.98779296875,0.22421357035636902,True,-0.0038701787125319242,True,0.3072359263896942,0.024201959371566772
MET_PA19.nii.gz,0,context,decoder_stage_1_low_to_high,gamma,1x288x24x24x24,288,24x24x24,15.1875,0.005314215552061796,0.17235273122787476,343.9025573730469,0.07318878173828125,True,0.0279029943048954,True,5.509661674499512,0.029705073684453964
MET_PA19.nii.gz,0,context,decoder_stage_1_low_to_high,blur,1x288x24x24x24,288,24x24x24,15.1875,0.041576087474823,0.4606214165687561,919.0851440429688,0.19559821486473083,True,0.0279029943048954,True,5.509661674499512,0.21212629973888397
MET_PA19.nii.gz,0,context,penultimate_decoder_stage_output,gamma,1x96x96x96x96,96,96x96x96,324.0,0.0006459610303863883,0.1185346245765686,1089.7313232421875,0.025636844336986542,True,-0.3469298183917999,True,21.098134994506836,0.014040376991033554
MET_PA19.nii.gz,0,context,penultimate_decoder_stage_output,blur,1x96x96x96x96,96,96x96x96,324.0,0.013343680649995804,0.4949115514755249,4549.99755859375,0.10704251378774643,True,-0.3469298183917999,True,21.098134994506836,0.2444830685853958
MET_PA19.nii.gz,0,context,final_decoder_stage_input,gamma,1x64x192x192x192,64,192x192x192,1728.0,0.0019957053009420633,0.07366175949573517,1546.671875,0.04590227082371712,True,-0.2335643172264099,True,2.597506046295166,0.005412525497376919
MET_PA19.nii.gz,0,context,final_decoder_stage_input,blur,1x64x192x192x192,64,192x192x192,1728.0,0.032734114676713943,0.2804977297782898,5885.93115234375,0.17468321323394775,True,-0.2335643172264099,True,2.597506046295166,0.07863303273916245
MET_PA19.nii.gz,0,context,final_decoder_feature,gamma,1x32x192x192x192,32,192x192x192,864.0,0.002103665377944708,0.032237790524959564,476.3316955566406,0.045246999710798264,True,-0.1355707347393036,True,0.32020699977874756,0.0010389176895841956
MET_PA19.nii.gz,0,context,final_decoder_feature,blur,1x32x192x192x192,32,192x192x192,864.0,0.03267916664481163,0.1274368166923523,1877.58935546875,0.1783532053232193,True,-0.1355707347393036,True,0.32020699977874756,0.016236653551459312
MET_PA19.nii.gz,1,context,decoder_stage_1_low_to_high,gamma,1x288x24x24x24,288,24x24x24,15.1875,0.0075690303929150105,0.12777385115623474,254.9520721435547,0.08641914278268814,True,-0.0518982969224453,True,2.12062406539917,0.01632533222436905
MET_PA19.nii.gz,1,context,decoder_stage_1_low_to_high,blur,1x288x24x24x24,288,24x24x24,15.1875,0.0972975566983223,0.46077030897140503,919.3717041015625,0.311632364988327,True,-0.0518982969224453,True,2.12062406539917,0.21229267120361328
MET_PA19.nii.gz,1,context,penultimate_decoder_stage_output,gamma,1x96x96x96x96,96,96x96x96,324.0,0.0014932419871911407,0.08994393795728683,825.8057861328125,0.038285981863737106,True,-0.14389154314994812,True,5.436124801635742,0.008081953972578049
MET_PA19.nii.gz,1,context,penultimate_decoder_stage_output,blur,1x96x96x96x96,96,96x96x96,324.0,0.019557340070605278,0.32615381479263306,2992.360107421875,0.1387317180633545,True,-0.14389154314994812,True,5.436124801635742,0.1063297837972641
MET_PA19.nii.gz,1,context,final_decoder_stage_input,gamma,1x64x192x192x192,64,192x192x192,1728.0,0.005032188259065151,0.0729595348238945,1515.3680419921875,0.0726512148976326,True,-0.18913045525550842,True,1.0067977905273438,0.005225556902587414
MET_PA19.nii.gz,1,context,final_decoder_stage_input,blur,1x64x192x192x192,64,192x192x192,1728.0,0.09246696531772614,0.31017354130744934,6538.7373046875,0.31348636746406555,True,-0.18913045525550842,True,1.0067977905273438,0.09615113586187363
MET_PA19.nii.gz,1,context,final_decoder_feature,gamma,1x32x192x192x192,32,192x192x192,864.0,0.003153418190777302,0.03864477947354317,571.836669921875,0.05551282688975334,True,-0.17939044535160065,True,0.30663272738456726,0.001492501818574965
MET_PA19.nii.gz,1,context,final_decoder_feature,blur,1x32x192x192x192,32,192x192x192,864.0,0.06432005017995834,0.1746741384267807,2581.481201171875,0.25060534477233887,True,-0.17939044535160065,True,0.30663272738456726,0.0305109154433012
MET_PA19.nii.gz,2,foreground,decoder_stage_1_low_to_high,gamma,1x288x24x24x24,288,24x24x24,15.1875,0.004845301155000925,0.08983954787254333,179.26318359375,0.06979728490114212,True,-0.08023180812597275,True,1.581714153289795,0.008070363663136959
MET_PA19.nii.gz,2,foreground,decoder_stage_1_low_to_high,blur,1x288x24x24x24,288,24x24x24,15.1875,0.10873968154191971,0.417525976896286,833.0845947265625,0.32436689734458923,True,-0.08023180812597275,True,1.581714153289795,0.17431406676769257
MET_PA19.nii.gz,2,foreground,penultimate_decoder_stage_output,gamma,1x96x96x96x96,96,96x96x96,324.0,0.0009170889970846474,0.06527675688266754,598.405517578125,0.030191324651241302,True,-0.10120418667793274,True,4.60977029800415,0.004260508343577385
MET_PA19.nii.gz,2,foreground,penultimate_decoder_stage_output,blur,1x96x96x96x96,96,96x96x96,324.0,0.02118045650422573,0.3160140812397003,2897.34130859375,0.1461794227361679,True,-0.10120418667793274,True,4.60977029800415,0.09985216706991196
MET_PA19.nii.gz,2,foreground,final_decoder_stage_input,gamma,1x64x192x192x192,64,192x192x192,1728.0,0.0043142712675035,0.06403178721666336,1340.6771240234375,0.06770077347755432,True,-0.20189692080020905,True,0.9024072885513306,0.0040610600262880325
MET_PA19.nii.gz,2,foreground,final_decoder_stage_input,blur,1x64x192x192x192,64,192x192x192,1728.0,0.09144992381334305,0.2941616177558899,6206.6240234375,0.3134186863899231,True,-0.20189692080020905,True,0.9024072885513306,0.08651132881641388
MET_PA19.nii.gz,2,foreground,final_decoder_feature,gamma,1x32x192x192x192,32,192x192x192,864.0,0.0021507099736481905,0.03197406977415085,472.9467468261719,0.04588965326547623,True,-0.17263981699943542,True,0.3100875914096832,0.0010221643606200814
MET_PA19.nii.gz,2,foreground,final_decoder_feature,blur,1x32x192x192x192,32,192x192x192,864.0,0.056210651993751526,0.16359677910804749,2417.1982421875,0.23453885316848755,True,-0.17263981699943542,True,0.3100875914096832,0.02676224522292614
MET_PA19.nii.gz,3,foreground,decoder_stage_1_low_to_high,gamma,1x288x24x24x24,288,24x24x24,15.1875,0.006749540567398071,0.10779044777154922,215.0802459716797,0.08195677399635315,True,0.002501661656424403,True,1.6595677137374878,0.011618289165198803
MET_PA19.nii.gz,3,foreground,decoder_stage_1_low_to_high,blur,1x288x24x24x24,288,24x24x24,15.1875,0.13357725739479065,0.46506571769714355,927.940673828125,0.35359370708465576,True,0.002501661656424403,True,1.6595677137374878,0.2161419689655304
MET_PA19.nii.gz,3,foreground,penultimate_decoder_stage_output,gamma,1x96x96x96x96,96,96x96x96,324.0,0.0012308399891480803,0.0782514289021492,718.1475219726562,0.03503978252410889,True,0.08324157446622849,True,4.926678657531738,0.006123103201389313
MET_PA19.nii.gz,3,foreground,penultimate_decoder_stage_output,blur,1x96x96x96x96,96,96x96x96,324.0,0.029099183157086372,0.3748742938041687,3441.189697265625,0.16790218651294708,True,0.08324157446622849,True,4.926678657531738,0.14024892449378967
MET_PA19.nii.gz,3,foreground,final_decoder_stage_input,gamma,1x64x192x192x192,64,192x192x192,1728.0,0.00510522210970521,0.07159726321697235,1485.2861328125,0.07334750145673752,True,-0.17031461000442505,True,0.9488785266876221,0.005050618201494217
MET_PA19.nii.gz,3,foreground,final_decoder_stage_input,blur,1x64x192x192x192,64,192x192x192,1728.0,0.10264573991298676,0.31382229924201965,6606.11669921875,0.32622814178466797,True,-0.17031461000442505,True,0.9488785266876221,0.09848125278949738
MET_PA19.nii.gz,3,foreground,final_decoder_feature,gamma,1x32x192x192x192,32,192x192x192,864.0,0.002762378426268697,0.036241911351680756,535.9332275390625,0.05193315073847771,True,-0.12486213445663452,True,0.31101539731025696,0.0013129155850037932
MET_PA19.nii.gz,3,foreground,final_decoder_feature,blur,1x32x192x192x192,32,192x192x192,864.0,0.059581171721220016,0.1683814376592636,2482.460205078125,0.2405560463666916,True,-0.12486213445663452,True,0.31101539731025696,0.02835230529308319
HEM_PA24.nii.gz,0,context,decoder_stage_1_low_to_high,gamma,1x288x24x24x24,288,24x24x24,15.1875,0.005541139282286167,0.1912716031074524,381.6521911621094,0.07375841587781906,True,0.14185386896133423,True,6.695034503936768,0.036582544445991516
HEM_PA24.nii.gz,0,context,decoder_stage_1_low_to_high,blur,1x288x24x24x24,288,24x24x24,15.1875,0.0360259972512722,0.483531653881073,964.7984619140625,0.18645773828029633,True,0.14185386896133423,True,6.695034503936768,0.23377947509288788
HEM_PA24.nii.gz,0,context,penultimate_decoder_stage_output,gamma,1x96x96x96x96,96,96x96x96,324.0,0.0014974839286878705,0.2168288379907608,1994.7138671875,0.037866391241550446,True,0.3618123233318329,True,32.420589447021484,0.046962980180978775
HEM_PA24.nii.gz,0,context,penultimate_decoder_stage_output,blur,1x96x96x96x96,96,96x96x96,324.0,0.007064334116876125,0.46253931522369385,4251.3447265625,0.08070484548807144,True,0.3618123233318329,True,32.420589447021484,0.21387812495231628
HEM_PA24.nii.gz,0,context,final_decoder_stage_input,gamma,1x64x192x192x192,64,192x192x192,1728.0,0.002410033717751503,0.09408046305179596,1955.359375,0.04908530041575432,True,-0.004543843679130077,True,3.6875245571136475,0.008745604194700718
HEM_PA24.nii.gz,0,context,final_decoder_stage_input,blur,1x64x192x192x192,64,192x192x192,1728.0,0.020918140187859535,0.27260729670524597,5721.29248046875,0.14362135529518127,True,-0.004543843679130077,True,3.6875245571136475,0.0742872804403305
HEM_PA24.nii.gz,0,context,final_decoder_feature,gamma,1x32x192x192x192,32,192x192x192,864.0,0.0030724918469786644,0.03898629546165466,574.8953247070312,0.054702017456293106,True,-0.033363960683345795,True,0.3188222050666809,0.0015193860745057464
HEM_PA24.nii.gz,0,context,final_decoder_feature,blur,1x32x192x192x192,32,192x192x192,864.0,0.029273463413119316,0.12058673053979874,1778.177734375,0.16919586062431335,True,-0.033363960683345795,True,0.3188222050666809,0.014540955424308777
HEM_PA24.nii.gz,1,context,decoder_stage_1_low_to_high,gamma,1x288x24x24x24,288,24x24x24,15.1875,0.006905131042003632,0.11675645411014557,232.96864318847656,0.08344385027885437,True,-0.12347964197397232,True,1.8910672664642334,0.013631060719490051
HEM_PA24.nii.gz,1,context,decoder_stage_1_low_to_high,blur,1x288x24x24x24,288,24x24x24,15.1875,0.08807123452425003,0.41314610838890076,824.34912109375,0.29526233673095703,True,-0.12347964197397232,True,1.8910672664642334,0.170613631606102
HEM_PA24.nii.gz,1,context,penultimate_decoder_stage_output,gamma,1x96x96x96x96,96,96x96x96,324.0,0.0015855141682550311,0.09050517529249191,830.4702758789062,0.03990086168050766,True,-0.06440294533967972,True,5.064011096954346,0.008187218569219112
HEM_PA24.nii.gz,1,context,penultimate_decoder_stage_output,blur,1x96x96x96x96,96,96x96x96,324.0,0.01911958120763302,0.3134508728981018,2876.26171875,0.13819317519664764,True,-0.06440294533967972,True,5.064011096954346,0.09819699823856354
HEM_PA24.nii.gz,1,context,final_decoder_stage_input,gamma,1x64x192x192x192,64,192x192x192,1728.0,0.006094988901168108,0.07938696444034576,1636.1142578125,0.07962537556886673,True,-0.13859239220619202,True,0.9753314256668091,0.006206986960023642
HEM_PA24.nii.gz,1,context,final_decoder_stage_input,blur,1x64x192x192x192,64,192x192x192,1728.0,0.08981021493673325,0.3013855516910553,6354.39892578125,0.3092518746852875,True,-0.13859239220619202,True,0.9753314256668091,0.09078720211982727
HEM_PA24.nii.gz,1,context,final_decoder_feature,gamma,1x32x192x192x192,32,192x192x192,864.0,0.0034977702889591455,0.04061639681458473,600.491943359375,0.058428309857845306,True,-0.13680964708328247,True,0.3063446581363678,0.001649686018936336
HEM_PA24.nii.gz,1,context,final_decoder_feature,blur,1x32x192x192x192,32,192x192x192,864.0,0.058046288788318634,0.1654961109161377,2438.694580078125,0.2372867912054062,True,-0.13680964708328247,True,0.3063446581363678,0.027388593181967735
HEM_PA24.nii.gz,2,foreground,decoder_stage_1_low_to_high,gamma,1x288x24x24x24,288,24x24x24,15.1875,0.005639609415084124,0.09759221225976944,194.73226928710938,0.07554496824741364,True,-0.17234593629837036,True,1.5967650413513184,0.009519125334918499
HEM_PA24.nii.gz,2,foreground,decoder_stage_1_low_to_high,blur,1x288x24x24x24,288,24x24x24,15.1875,0.13775822520256042,0.4512600600719452,900.3987426757812,0.34930315613746643,True,-0.17234593629837036,True,1.5967650413513184,0.20324186980724335
HEM_PA24.nii.gz,2,foreground,penultimate_decoder_stage_output,gamma,1x96x96x96x96,96,96x96x96,324.0,0.0011608286295086145,0.07177992165088654,658.3897094726562,0.0340401828289032,True,-0.17807063460350037,True,4.3880510330200195,0.005150755867362022
HEM_PA24.nii.gz,2,foreground,penultimate_decoder_stage_output,blur,1x96x96x96x96,96,96x96x96,324.0,0.03343469649553299,0.3856017589569092,3539.50537109375,0.1830001324415207,True,-0.17807063460350037,True,4.3880510330200195,0.14837709069252014
HEM_PA24.nii.gz,2,foreground,final_decoder_stage_input,gamma,1x64x192x192x192,64,192x192x192,1728.0,0.005626628641039133,0.07242339849472046,1516.0135498046875,0.07686775922775269,True,-0.1778952032327652,True,0.8896094560623169,0.005194814410060644
HEM_PA24.nii.gz,2,foreground,final_decoder_stage_input,blur,1x64x192x192x192,64,192x192x192,1728.0,0.09756390750408173,0.29940271377563477,6305.814453125,0.319729208946228,True,-0.1778952032327652,True,0.8896094560623169,0.08964182436466217
HEM_PA24.nii.gz,2,foreground,final_decoder_feature,gamma,1x32x192x192x192,32,192x192x192,864.0,0.002606779569759965,0.03508549928665161,518.1640625,0.050424061715602875,True,-0.14770378172397614,True,0.309810608625412,0.0012307765427976847
HEM_PA24.nii.gz,2,foreground,final_decoder_feature,blur,1x32x192x192x192,32,192x192x192,864.0,0.05395650118589401,0.15992701053619385,2355.03662109375,0.22917550802230835,True,-0.14770378172397614,True,0.309810608625412,0.02557663805782795
HEM_PA24.nii.gz,3,foreground,decoder_stage_1_low_to_high,gamma,1x288x24x24x24,288,24x24x24,15.1875,0.007860773243010044,0.11636113375425339,232.18060302734375,0.08877623826265335,True,-0.13021700084209442,True,1.6452888250350952,0.013538000173866749
HEM_PA24.nii.gz,3,foreground,decoder_stage_1_low_to_high,blur,1x288x24x24x24,288,24x24x24,15.1875,0.12063788622617722,0.43081721663475037,859.6083984375,0.3286786377429962,True,-0.13021700084209442,True,1.6452888250350952,0.18526260554790497
HEM_PA24.nii.gz,3,foreground,penultimate_decoder_stage_output,gamma,1x96x96x96x96,96,96x96x96,324.0,0.0017023097025230527,0.08569995313882828,786.2504272460938,0.04113259166479111,True,-0.13137803971767426,True,4.276772975921631,0.007344231940805912
HEM_PA24.nii.gz,3,foreground,penultimate_decoder_stage_output,blur,1x96x96x96x96,96,96x96x96,324.0,0.03168819472193718,0.36531224846839905,3353.146240234375,0.175419420003891,True,-0.13137803971767426,True,4.276772975921631,0.13330107927322388
HEM_PA24.nii.gz,3,foreground,final_decoder_stage_input,gamma,1x64x192x192x192,64,192x192x192,1728.0,0.006388294976204634,0.07615452259778976,1576.281982421875,0.08141681551933289,True,-0.17888636887073517,True,0.8589046597480774,0.005721076857298613
HEM_PA24.nii.gz,3,foreground,final_decoder_stage_input,blur,1x64x192x192x192,64,192x192x192,1728.0,0.11375755816698074,0.3138628602027893,6603.568359375,0.34108206629753113,True,-0.17888636887073517,True,0.8589046597480774,0.09850912541151047
HEM_PA24.nii.gz,3,foreground,final_decoder_feature,gamma,1x32x192x192x192,32,192x192x192,864.0,0.0033161351457238197,0.039661746472120285,586.473876953125,0.05694523826241493,True,-0.1552935391664505,True,0.31205201148986816,0.001573036308400333
HEM_PA24.nii.gz,3,foreground,final_decoder_feature,blur,1x32x192x192x192,32,192x192x192,864.0,0.06039395183324814,0.1692202389240265,2496.99072265625,0.24245193600654602,True,-0.1552935391664505,True,0.31205201148986816,0.02863496169447899
CYST_PA74.nii.gz,0,context,decoder_stage_1_low_to_high,gamma,1x288x24x24x24,288,24x24x24,15.1875,0.00623750314116478,0.1796322911977768,358.4295959472656,0.07955864816904068,True,0.05604203790426254,True,5.061172008514404,0.03226684033870697
CYST_PA74.nii.gz,0,context,decoder_stage_1_low_to_high,blur,1x288x24x24x24,288,24x24x24,15.1875,0.04331601411104202,0.4666740298271179,931.1593017578125,0.20668432116508484,True,0.05604203790426254,True,5.061172008514404,0.21775896847248077
CYST_PA74.nii.gz,0,context,penultimate_decoder_stage_output,gamma,1x96x96x96x96,96,96x96x96,324.0,0.0010333393001928926,0.14090363681316376,1295.81396484375,0.0326705165207386,True,-0.18703505396842957,True,18.349576950073242,0.019818026572465897
CYST_PA74.nii.gz,0,context,penultimate_decoder_stage_output,blur,1x96x96x96x96,96,96x96x96,324.0,0.005574714858084917,0.31565970182418823,2900.234375,0.07312172651290894,True,-0.18703505396842957,True,18.349576950073242,0.09963060915470123
CYST_PA74.nii.gz,0,context,final_decoder_stage_input,gamma,1x64x192x192x192,64,192x192x192,1728.0,0.0025234511122107506,0.07906801253557205,1652.3175048828125,0.051468413323163986,True,-0.17712333798408508,True,2.343726396560669,0.006225758697837591
CYST_PA74.nii.gz,0,context,final_decoder_stage_input,blur,1x64x192x192x192,64,192x192x192,1728.0,0.023987354710698128,0.23749342560768127,5004.8125,0.15589603781700134,True,-0.17712333798408508,True,2.343726396560669,0.05640311911702156
CYST_PA74.nii.gz,0,context,final_decoder_feature,gamma,1x32x192x192x192,32,192x192x192,864.0,0.0024147809017449617,0.03454938530921936,510.6665344238281,0.04845057800412178,True,-0.07899126410484314,True,0.3204208314418793,0.0011923565762117505
CYST_PA74.nii.gz,0,context,final_decoder_feature,blur,1x32x192x192x192,32,192x192x192,864.0,0.028263866901397705,0.11843805760145187,1747.3590087890625,0.16578441858291626,True,-0.07899126410484314,True,0.3204208314418793,0.014027115888893604
CYST_PA74.nii.gz,1,context,decoder_stage_1_low_to_high,gamma,1x288x24x24x24,288,24x24x24,15.1875,0.005478795152157545,0.11041827499866486,220.3223876953125,0.07452510297298431,True,-0.03670405223965645,True,2.134690046310425,0.01219157688319683
CYST_PA74.nii.gz,1,context,decoder_stage_1_low_to_high,blur,1x288x24x24x24,288,24x24x24,15.1875,0.08174780011177063,0.4464661180973053,890.8347778320312,0.3013291358947754,True,-0.03670405223965645,True,2.134690046310425,0.19932934641838074
CYST_PA74.nii.gz,1,context,penultimate_decoder_stage_output,gamma,1x96x96x96x96,96,96x96x96,324.0,0.0011492468183860183,0.08121209591627121,745.7919921875,0.03399136662483215,True,0.04343651607632637,True,5.618896484375,0.006593703757971525
CYST_PA74.nii.gz,1,context,penultimate_decoder_stage_output,blur,1x96x96x96x96,96,96x96x96,324.0,0.02743755467236042,0.4213160574436188,3869.93359375,0.17638207972049713,True,0.04343651607632637,True,5.618896484375,0.17694170773029327
CYST_PA74.nii.gz,1,context,final_decoder_stage_input,gamma,1x64x192x192x192,64,192x192x192,1728.0,0.004716583993285894,0.07183478772640228,1486.9154052734375,0.07047445327043533,True,-0.11407448351383209,True,1.0316462516784668,0.005068584345281124
CYST_PA74.nii.gz,1,context,final_decoder_stage_input,blur,1x64x192x192x192,64,192x192x192,1728.0,0.07405178248882294,0.2944105863571167,6193.9306640625,0.29357007145881653,True,-0.11407448351383209,True,1.0316462516784668,0.08655230700969696
CYST_PA74.nii.gz,1,context,final_decoder_feature,gamma,1x32x192x192x192,32,192x192x192,864.0,0.0031170567963272333,0.03833286464214325,566.5896606445312,0.055153459310531616,True,-0.1390940546989441,True,0.3051746189594269,0.001469236914999783
CYST_PA74.nii.gz,1,context,final_decoder_feature,blur,1x32x192x192x192,32,192x192x192,864.0,0.055872995406389236,0.16243791580200195,2394.04443359375,0.2330431342124939,True,-0.1390940546989441,True,0.3051746189594269,0.02638520486652851
CYST_PA74.nii.gz,2,foreground,decoder_stage_1_low_to_high,gamma,1x288x24x24x24,288,24x24x24,15.1875,0.0054555246606469154,0.09524797648191452,190.05477905273438,0.07356666773557663,True,-0.02480565756559372,True,1.6070585250854492,0.009072120301425457
CYST_PA74.nii.gz,2,foreground,decoder_stage_1_low_to_high,blur,1x288x24x24x24,288,24x24x24,15.1875,0.11697457730770111,0.4309752285480499,859.92138671875,0.3328595757484436,True,-0.02480565756559372,True,1.6070585250854492,0.1855962723493576
CYST_PA74.nii.gz,2,foreground,penultimate_decoder_stage_output,gamma,1x96x96x96x96,96,96x96x96,324.0,0.0010781981982290745,0.07040818780660629,645.5582275390625,0.03272780776023865,True,-0.006560867186635733,True,4.567659854888916,0.004956682212650776
CYST_PA74.nii.gz,2,foreground,penultimate_decoder_stage_output,blur,1x96x96x96x96,96,96x96x96,324.0,0.024204781278967857,0.3412143290042877,3128.994384765625,0.1586303412914276,True,-0.006560867186635733,True,4.567659854888916,0.11637753248214722
CYST_PA74.nii.gz,2,foreground,final_decoder_stage_input,gamma,1x64x192x192x192,64,192x192x192,1728.0,0.004695919808000326,0.06643499433994293,1380.635498046875,0.07013274729251862,True,-0.16508828103542328,True,0.8942307829856873,0.0043463390320539474
CYST_PA74.nii.gz,2,foreground,final_decoder_stage_input,blur,1x64x192x192x192,64,192x192x192,1728.0,0.08855020999908447,0.29051831364631653,6129.04345703125,0.31133970618247986,True,-0.16508828103542328,True,0.8942307829856873,0.08439019322395325
CYST_PA74.nii.gz,2,foreground,final_decoder_feature,gamma,1x32x192x192x192,32,192x192x192,864.0,0.002416073577478528,0.03400735557079315,503.072509765625,0.04860938712954521,True,-0.14096470177173615,True,0.3152550756931305,0.0011563190491870046
CYST_PA74.nii.gz,2,foreground,final_decoder_feature,blur,1x32x192x192x192,32,192x192x192,864.0,0.053028132766485214,0.1591474562883377,2350.174072265625,0.22708560526371002,True,-0.14096470177173615,True,0.3152550756931305,0.025326451286673546
CYST_PA74.nii.gz,3,foreground,decoder_stage_1_low_to_high,gamma,1x288x24x24x24,288,24x24x24,15.1875,0.0062310644425451756,0.10140510648488998,202.339599609375,0.07898103445768356,True,-0.04639183729887009,True,1.5816987752914429,0.010282584466040134
CYST_PA74.nii.gz,3,foreground,decoder_stage_1_low_to_high,blur,1x288x24x24x24,288,24x24x24,15.1875,0.1206020712852478,0.44168224930763245,881.282470703125,0.34399890899658203,True,-0.04639183729887009,True,1.5816987752914429,0.19480450451374054
CYST_PA74.nii.gz,3,foreground,penultimate_decoder_stage_output,gamma,1x96x96x96x96,96,96x96x96,324.0,0.001170831616036594,0.07545142620801926,692.3389282226562,0.03430188447237015,True,-0.017859505489468575,True,4.779473304748535,0.005692568141967058
CYST_PA74.nii.gz,3,foreground,penultimate_decoder_stage_output,blur,1x96x96x96x96,96,96x96x96,324.0,0.02211301214993,0.33604857325553894,3082.00390625,0.15269766747951508,True,-0.017859505489468575,True,4.779473304748535,0.11285946518182755
CYST_PA74.nii.gz,3,foreground,final_decoder_stage_input,gamma,1x64x192x192x192,64,192x192x192,1728.0,0.005591601599007845,0.07371658086776733,1523.8167724609375,0.07628665119409561,True,-0.13551071286201477,True,0.9215681552886963,0.00532624963670969
CYST_PA74.nii.gz,3,foreground,final_decoder_stage_input,blur,1x64x192x192x192,64,192x192x192,1728.0,0.08438409119844437,0.2893029451370239,6102.796875,0.3055235743522644,True,-0.13551071286201477,True,0.9215681552886963,0.08367659896612167
CYST_PA74.nii.gz,3,foreground,final_decoder_feature,gamma,1x32x192x192x192,32,192x192x192,864.0,0.0027967446949332952,0.036507394164800644,539.9379272460938,0.05223311483860016,True,-0.1190381571650505,True,0.31361857056617737,0.0013322974555194378
CYST_PA74.nii.gz,3,foreground,final_decoder_feature,blur,1x32x192x192x192,32,192x192x192,864.0,0.05170632526278496,0.15675494074821472,2312.5048828125,0.22370965778827667,True,-0.1190381571650505,True,0.31361857056617737,0.02457161620259285
HEM_PA34.nii.gz,0,context,decoder_stage_1_low_to_high,gamma,1x288x24x24x24,288,24x24x24,15.1875,0.006757552269846201,0.1975475549697876,394.175537109375,0.08150126039981842,True,0.24130070209503174,True,5.840710639953613,0.039023298770189285
HEM_PA34.nii.gz,0,context,decoder_stage_1_low_to_high,blur,1x288x24x24x24,288,24x24x24,15.1875,0.04556005075573921,0.4933229684829712,984.3335571289062,0.2035246044397354,True,0.24130070209503174,True,5.840710639953613,0.2432054728269577
HEM_PA34.nii.gz,0,context,penultimate_decoder_stage_output,gamma,1x96x96x96x96,96,96x96x96,324.0,0.001072965795174241,0.1599808782339096,1471.39501953125,0.03239347040653229,True,0.39568519592285156,True,24.09253692626953,0.025590762495994568
HEM_PA34.nii.gz,0,context,penultimate_decoder_stage_output,blur,1x96x96x96x96,96,96x96x96,324.0,0.015003674663603306,0.5561323761940002,5113.2041015625,0.1125696450471878,True,0.39568519592285156,True,24.09253692626953,0.3089211583137512
HEM_PA34.nii.gz,0,context,final_decoder_stage_input,gamma,1x64x192x192x192,64,192x192x192,1728.0,0.002509190933778882,0.08560000360012054,1788.2939453125,0.05060926452279091,True,-0.0011394440662115812,True,2.885333776473999,0.007241473998874426
HEM_PA34.nii.gz,0,context,final_decoder_stage_input,blur,1x64x192x192x192,64,192x192x192,1728.0,0.029345158487558365,0.2776066064834595,5794.92919921875,0.16399826109409332,True,-0.0011394440662115812,True,2.885333776473999,0.07701103389263153
HEM_PA34.nii.gz,0,context,final_decoder_feature,gamma,1x32x192x192x192,32,192x192x192,864.0,0.0028495697770267725,0.037573762238025665,554.524169921875,0.052638109773397446,True,-0.0315917432308197,True,0.32160553336143494,0.0014105289010331035
HEM_PA34.nii.gz,0,context,final_decoder_feature,blur,1x32x192x192x192,32,192x192x192,864.0,0.028026562184095383,0.11826342344284058,1740.788818359375,0.16524407267570496,True,-0.0315917432308197,True,0.32160553336143494,0.01398390717804432
HEM_PA34.nii.gz,1,context,decoder_stage_1_low_to_high,gamma,1x288x24x24x24,288,24x24x24,15.1875,0.004957794211804867,0.10512438416481018,209.7594757080078,0.0702100619673729,True,-0.0698016807436943,True,2.179872989654541,0.011051135137677193
HEM_PA34.nii.gz,1,context,decoder_stage_1_low_to_high,blur,1x288x24x24x24,288,24x24x24,15.1875,0.08469484746456146,0.4520648717880249,902.0065307617188,0.3019168972969055,True,-0.0698016807436943,True,2.179872989654541,0.20435678958892822
HEM_PA34.nii.gz,1,context,penultimate_decoder_stage_output,gamma,1x96x96x96x96,96,96x96x96,324.0,0.0013708742335438728,0.0879792794585228,807.300048828125,0.037018854171037674,True,-0.07711008191108704,True,5.554192543029785,0.007740278262645006
HEM_PA34.nii.gz,1,context,penultimate_decoder_stage_output,blur,1x96x96x96x96,96,96x96x96,324.0,0.024909596890211105,0.3902677893638611,3583.390625,0.16431686282157898,True,-0.07711008191108704,True,5.554192543029785,0.15195900201797485
HEM_PA34.nii.gz,1,context,final_decoder_stage_input,gamma,1x64x192x192x192,64,192x192x192,1728.0,0.005089266691356897,0.0747331902384758,1547.350341796875,0.07324446737766266,True,-0.13032746315002441,True,1.0332444906234741,0.005491212010383606
HEM_PA34.nii.gz,1,context,final_decoder_stage_input,blur,1x64x192x192x192,64,192x192x192,1728.0,0.0803363174200058,0.3030901551246643,6374.98876953125,0.30176272988319397,True,-0.13032746315002441,True,1.0332444906234741,0.0916982889175415
HEM_PA34.nii.gz,1,context,final_decoder_feature,gamma,1x32x192x192x192,32,192x192x192,864.0,0.0035016073379665613,0.0407540500164032,602.5131225585938,0.0584455206990242,True,-0.11556079983711243,True,0.30624696612358093,0.001660816720686853
HEM_PA34.nii.gz,1,context,final_decoder_feature,blur,1x32x192x192x192,32,192x192x192,864.0,0.059316474944353104,0.16773158311843872,2477.3759765625,0.24031266570091248,True,-0.11556079983711243,True,0.30624696612358093,0.02813193015754223
HEM_PA34.nii.gz,2,foreground,decoder_stage_1_low_to_high,gamma,1x288x24x24x24,288,24x24x24,15.1875,0.007312213070690632,0.10904038697481155,217.57391357421875,0.08605661988258362,True,-0.1693039834499359,True,1.531830906867981,0.011879968456923962
HEM_PA34.nii.gz,2,foreground,decoder_stage_1_low_to_high,blur,1x288x24x24x24,288,24x24x24,15.1875,0.1364491879940033,0.45287755131721497,903.6213989257812,0.35740774869918823,True,-0.1693039834499359,True,1.531830906867981,0.20496085286140442
HEM_PA34.nii.gz,2,foreground,penultimate_decoder_stage_output,gamma,1x96x96x96x96,96,96x96x96,324.0,0.0016533202724531293,0.0876460000872612,804.8305053710938,0.040673017501831055,True,-0.15826021134853363,True,4.601272106170654,0.007675529457628727
HEM_PA34.nii.gz,2,foreground,penultimate_decoder_stage_output,blur,1x96x96x96x96,96,96x96x96,324.0,0.027044108137488365,0.3576295077800751,3277.763916015625,0.16564549505710602,True,-0.15826021134853363,True,4.601272106170654,0.12785151600837708
HEM_PA34.nii.gz,2,foreground,final_decoder_stage_input,gamma,1x64x192x192x192,64,192x192x192,1728.0,0.0050842855125665665,0.0691898763179779,1431.7200927734375,0.0729701891541481,True,-0.16512085497379303,True,0.8896471858024597,0.004738197196274996
HEM_PA34.nii.gz,2,foreground,final_decoder_stage_input,blur,1x64x192x192x192,64,192x192x192,1728.0,0.09032784402370453,0.2908588647842407,6128.8515625,0.31236791610717773,True,-0.16512085497379303,True,0.8896471858024597,0.08457652479410172
HEM_PA34.nii.gz,2,foreground,final_decoder_feature,gamma,1x32x192x192x192,32,192x192x192,864.0,0.0027149931993335485,0.03614009916782379,533.8823852539062,0.05143703520298004,True,-0.13358670473098755,True,0.31573590636253357,0.0013059888733550906
HEM_PA34.nii.gz,2,foreground,final_decoder_feature,blur,1x32x192x192x192,32,192x192x192,864.0,0.05487116053700447,0.16245323419570923,2395.600341796875,0.23080474138259888,True,-0.13358670473098755,True,0.31573590636253357,0.026391029357910156
HEM_PA34.nii.gz,3,foreground,decoder_stage_1_low_to_high,gamma,1x288x24x24x24,288,24x24x24,15.1875,0.007337803021073341,0.10909293591976166,217.67913818359375,0.08593957871198654,True,-0.1474107950925827,True,1.543580412864685,0.011892295442521572
HEM_PA34.nii.gz,3,foreground,decoder_stage_1_low_to_high,blur,1x288x24x24x24,288,24x24x24,15.1875,0.1461159884929657,0.47568362951278687,949.1231079101562,0.37471315264701843,True,-0.1474107950925827,True,1.543580412864685,0.22594410181045532
HEM_PA34.nii.gz,3,foreground,penultimate_decoder_stage_output,gamma,1x96x96x96x96,96,96x96x96,324.0,0.0015220623463392258,0.08542186766862869,783.723388671875,0.03890107199549675,True,-0.13289037346839905,True,4.763455390930176,0.007290358189493418
HEM_PA34.nii.gz,3,foreground,penultimate_decoder_stage_output,blur,1x96x96x96x96,96,96x96x96,324.0,0.023558977991342545,0.34046098589897156,3122.2666015625,0.15497753024101257,True,-0.13289037346839905,True,4.763455390930176,0.11577651649713516
HEM_PA34.nii.gz,3,foreground,final_decoder_stage_input,gamma,1x64x192x192x192,64,192x192x192,1728.0,0.006013776641339064,0.07634847611188889,1578.039794921875,0.07913292199373245,True,-0.13839489221572876,True,0.9200405478477478,0.005717892665416002
HEM_PA34.nii.gz,3,foreground,final_decoder_stage_input,blur,1x64x192x192x192,64,192x192x192,1728.0,0.09005256742238998,0.2953769266605377,6225.06591796875,0.3121642768383026,True,-0.13839489221572876,True,0.9200405478477478,0.08722476661205292
HEM_PA34.nii.gz,3,foreground,final_decoder_feature,gamma,1x32x192x192x192,32,192x192x192,864.0,0.0030796907376497984,0.038408126682043076,567.483154296875,0.054755039513111115,True,-0.10938051342964172,True,0.31480488181114197,0.0014748069224879146
HEM_PA34.nii.gz,3,foreground,final_decoder_feature,blur,1x32x192x192x192,32,192x192x192,864.0,0.052995987236499786,0.1592406928539276,2345.32568359375,0.2262946516275406,True,-0.10938051342964172,True,0.31480488181114197,0.025357594713568687
