case_id,patch_index,patch_kind,action,layer,feature_shape,delta_norm,relative_delta,cosine_similarity,mse
HEM_PA99.nii.gz,0,context,gamma,encoder_stage_1,1x32x192x192x192,1341.4896240234375,0.11270178109407425,0.9937235116958618,0.007945495657622814
HEM_PA99.nii.gz,0,context,gamma,encoder_stage_2,1x64x96x96x96,958.4058227539062,0.11671235412359238,0.993211030960083,0.0162220299243927
HEM_PA99.nii.gz,0,context,gamma,encoder_stage_3,1x128x48x48x48,552.947998046875,0.11143970489501953,0.9937910437583923,0.021599063649773598
HEM_PA99.nii.gz,0,context,gamma,encoder_stage_4,1x256x24x24x24,480.876953125,0.1471746414899826,0.9891293048858643,0.06534226983785629
HEM_PA99.nii.gz,0,context,gamma,encoder_stage_5,1x320x12x12x12,281.34271240234375,0.14419613778591156,0.989638090133667,0.14314548671245575
HEM_PA99.nii.gz,0,context,gamma,encoder_bottleneck_deepest,1x320x6x6x6,103.72674560546875,0.12278368324041367,0.9924629330635071,0.1556602567434311
HEM_PA99.nii.gz,0,context,blur,encoder_stage_1,1x32x192x192x192,3495.387451171875,0.2936559319496155,0.9565725326538086,0.05394323542714119
HEM_PA99.nii.gz,0,context,blur,encoder_stage_2,1x64x96x96x96,3511.73193359375,0.42765024304389954,0.906987726688385,0.21779558062553406
HEM_PA99.nii.gz,0,context,blur,encoder_stage_3,1x128x48x48x48,1865.1748046875,0.3759025037288666,0.9283609390258789,0.24575671553611755
HEM_PA99.nii.gz,0,context,blur,encoder_stage_4,1x256x24x24x24,1224.3994140625,0.37473317980766296,0.9308320879936218,0.4236162006855011
HEM_PA99.nii.gz,0,context,blur,encoder_stage_5,1x320x12x12x12,788.0106201171875,0.403877854347229,0.9181904792785645,1.1229758262634277
HEM_PA99.nii.gz,0,context,blur,encoder_bottleneck_deepest,1x320x6x6x6,299.4825439453125,0.35450422763824463,0.9367473125457764,1.2975953817367554
HEM_PA99.nii.gz,1,context,gamma,encoder_stage_1,1x32x192x192x192,1660.4459228515625,0.1367337703704834,0.9906207323074341,0.012172948569059372
HEM_PA99.nii.gz,1,context,gamma,encoder_stage_2,1x64x96x96x96,1283.6409912109375,0.1510249227285385,0.9887017607688904,0.02910003252327442
HEM_PA99.nii.gz,1,context,gamma,encoder_stage_3,1x128x48x48x48,722.6599731445312,0.14143086969852448,0.9900522828102112,0.036892183125019073
HEM_PA99.nii.gz,1,context,gamma,encoder_stage_4,1x256x24x24x24,484.14215087890625,0.14965826272964478,0.9887778759002686,0.06623264402151108
HEM_PA99.nii.gz,1,context,gamma,encoder_stage_5,1x320x12x12x12,334.4503173828125,0.1657262146472931,0.9862671494483948,0.2022877186536789
HEM_PA99.nii.gz,1,context,gamma,encoder_bottleneck_deepest,1x320x6x6x6,132.17636108398438,0.1558590680360794,0.9878522157669067,0.25275737047195435
HEM_PA99.nii.gz,1,context,blur,encoder_stage_1,1x32x192x192x192,5195.7529296875,0.427857905626297,0.9076815843582153,0.11919096857309341
HEM_PA99.nii.gz,1,context,blur,encoder_stage_2,1x64x96x96x96,3673.39111328125,0.4321874976158142,0.9050107598304749,0.2383091151714325
HEM_PA99.nii.gz,1,context,blur,encoder_stage_3,1x128x48x48x48,1873.6396484375,0.3666876554489136,0.9323199391365051,0.24799247086048126
HEM_PA99.nii.gz,1,context,blur,encoder_stage_4,1x256x24x24x24,1178.338623046875,0.3642486333847046,0.9339185357093811,0.39234355092048645
HEM_PA99.nii.gz,1,context,blur,encoder_stage_5,1x320x12x12x12,823.8314208984375,0.4082234501838684,0.916575014591217,1.227391242980957
HEM_PA99.nii.gz,1,context,blur,encoder_bottleneck_deepest,1x320x6x6x6,314.4356384277344,0.37077468633651733,0.9311240315437317,1.4304075241088867
HEM_PA99.nii.gz,2,foreground,gamma,encoder_stage_1,1x32x192x192x192,1942.2476806640625,0.16039502620697021,0.9871768951416016,0.016655419021844864
HEM_PA99.nii.gz,2,foreground,gamma,encoder_stage_2,1x64x96x96x96,1504.9786376953125,0.17519141733646393,0.9848067164421082,0.04000064730644226
HEM_PA99.nii.gz,2,foreground,gamma,encoder_stage_3,1x128x48x48x48,859.4026489257812,0.1672200709581375,0.9861109256744385,0.05217466503381729
HEM_PA99.nii.gz,2,foreground,gamma,encoder_stage_4,1x256x24x24x24,596.7918701171875,0.18392159044742584,0.9830330014228821,0.10064034909009933
HEM_PA99.nii.gz,2,foreground,gamma,encoder_stage_5,1x320x12x12x12,395.0896301269531,0.197073295712471,0.9805706739425659,0.28229132294654846
HEM_PA99.nii.gz,2,foreground,gamma,encoder_bottleneck_deepest,1x320x6x6x6,152.73052978515625,0.17957352101802826,0.9839024543762207,0.33747991919517517
HEM_PA99.nii.gz,2,foreground,blur,encoder_stage_1,1x32x192x192x192,5551.18017578125,0.4584285020828247,0.8934498429298401,0.13605576753616333
HEM_PA99.nii.gz,2,foreground,blur,encoder_stage_2,1x64x96x96x96,3812.396728515625,0.4437931478023529,0.8996077179908752,0.25668618083000183
HEM_PA99.nii.gz,2,foreground,blur,encoder_stage_3,1x128x48x48x48,1912.67041015625,0.372161865234375,0.9303460121154785,0.25843220949172974
HEM_PA99.nii.gz,2,foreground,blur,encoder_stage_4,1x256x24x24x24,1180.3662109375,0.3637697398662567,0.9338420629501343,0.3936949074268341
HEM_PA99.nii.gz,2,foreground,blur,encoder_stage_5,1x320x12x12x12,830.8484497070312,0.4144326448440552,0.9142745137214661,1.2483890056610107
HEM_PA99.nii.gz,2,foreground,blur,encoder_bottleneck_deepest,1x320x6x6x6,314.2612609863281,0.36949393153190613,0.9313211441040039,1.4288215637207031
HEM_PA99.nii.gz,3,foreground,gamma,encoder_stage_1,1x32x192x192x192,1755.20166015625,0.1445094347000122,0.9896260499954224,0.013601926155388355
HEM_PA99.nii.gz,3,foreground,gamma,encoder_stage_2,1x64x96x96x96,1289.8770751953125,0.14944270253181458,0.9888596534729004,0.02938346564769745
HEM_PA99.nii.gz,3,foreground,gamma,encoder_stage_3,1x128x48x48x48,718.4451904296875,0.13901245594024658,0.990391194820404,0.03646310046315193
HEM_PA99.nii.gz,3,foreground,gamma,encoder_stage_4,1x256x24x24x24,503.10009765625,0.1550474911928177,0.987956166267395,0.07152125984430313
HEM_PA99.nii.gz,3,foreground,gamma,encoder_stage_5,1x320x12x12x12,351.4372253417969,0.1747642308473587,0.9847064018249512,0.223358154296875
HEM_PA99.nii.gz,3,foreground,gamma,encoder_bottleneck_deepest,1x320x6x6x6,138.51806640625,0.1640854924917221,0.9865072965621948,0.27759337425231934
HEM_PA99.nii.gz,3,foreground,blur,encoder_stage_1,1x32x192x192x192,5437.02001953125,0.4476412534713745,0.8980924487113953,0.13051734864711761
HEM_PA99.nii.gz,3,foreground,blur,encoder_stage_2,1x64x96x96x96,3832.580078125,0.44403544068336487,0.899140477180481,0.2594112455844879
HEM_PA99.nii.gz,3,foreground,blur,encoder_stage_3,1x128x48x48x48,1838.5760498046875,0.3557473421096802,0.9362965822219849,0.2387973666191101
HEM_PA99.nii.gz,3,foreground,blur,encoder_stage_4,1x256x24x24x24,1105.82666015625,0.3407982587814331,0.9419004321098328,0.34554168581962585
HEM_PA99.nii.gz,3,foreground,blur,encoder_stage_5,1x320x12x12x12,727.8167724609375,0.3619318902492523,0.9343191981315613,0.9579666256904602
HEM_PA99.nii.gz,3,foreground,blur,encoder_bottleneck_deepest,1x320x6x6x6,278.908935546875,0.33038946986198425,0.9452820420265198,1.1254366636276245
HCC_10140276_20170721.nii.gz,0,context,gamma,encoder_stage_1,1x32x192x192x192,1383.6298828125,0.11335344612598419,0.9935604333877563,0.008452520705759525
HCC_10140276_20170721.nii.gz,0,context,gamma,encoder_stage_2,1x64x96x96x96,952.959228515625,0.11284717172384262,0.9936451315879822,0.01603817567229271
HCC_10140276_20170721.nii.gz,0,context,gamma,encoder_stage_3,1x128x48x48x48,493.0745544433594,0.0977364182472229,0.9952256679534912,0.017174793407320976
HCC_10140276_20170721.nii.gz,0,context,gamma,encoder_stage_4,1x256x24x24x24,294.7291259765625,0.09148305654525757,0.995816707611084,0.02454552985727787
HCC_10140276_20170721.nii.gz,0,context,gamma,encoder_stage_5,1x320x12x12x12,181.89059448242188,0.09096936136484146,0.9958661198616028,0.05983106791973114
HCC_10140276_20170721.nii.gz,0,context,gamma,encoder_bottleneck_deepest,1x320x6x6x6,68.288818359375,0.08067076653242111,0.9967501759529114,0.06746762990951538
HCC_10140276_20170721.nii.gz,0,context,blur,encoder_stage_1,1x32x192x192x192,5052.380859375,0.4139147102832794,0.9137327075004578,0.11270378530025482
HCC_10140276_20170721.nii.gz,0,context,blur,encoder_stage_2,1x64x96x96x96,3679.924560546875,0.4357679486274719,0.9031668901443481,0.23915758728981018
HCC_10140276_20170721.nii.gz,0,context,blur,encoder_stage_3,1x128x48x48x48,1736.212158203125,0.34414908289909363,0.9403878450393677,0.21294718980789185
HCC_10140276_20170721.nii.gz,0,context,blur,encoder_stage_4,1x256x24x24x24,1018.1512451171875,0.31603115797042847,0.950715184211731,0.2929212749004364
HCC_10140276_20170721.nii.gz,0,context,blur,encoder_stage_5,1x320x12x12x12,648.2545776367188,0.32421305775642395,0.9468844532966614,0.7599717974662781
HCC_10140276_20170721.nii.gz,0,context,blur,encoder_bottleneck_deepest,1x320x6x6x6,241.71902465820312,0.2855468690395355,0.9589986205101013,0.8453137278556824
HCC_10140276_20170721.nii.gz,1,context,gamma,encoder_stage_1,1x32x192x192x192,1532.5682373046875,0.1257934421300888,0.9920782446861267,0.010370172560214996
HCC_10140276_20170721.nii.gz,1,context,gamma,encoder_stage_2,1x64x96x96x96,1032.7105712890625,0.12298880517482758,0.992440938949585,0.018834911286830902
HCC_10140276_20170721.nii.gz,1,context,gamma,encoder_stage_3,1x128x48x48x48,520.5406494140625,0.10373122245073318,0.9946169257164001,0.019141484051942825
HCC_10140276_20170721.nii.gz,1,context,gamma,encoder_stage_4,1x256x24x24x24,319.49102783203125,0.09998223185539246,0.9949918985366821,0.028843214735388756
HCC_10140276_20170721.nii.gz,1,context,gamma,encoder_stage_5,1x320x12x12x12,208.26535034179688,0.10292923450469971,0.9947004914283752,0.07844048738479614
HCC_10140276_20170721.nii.gz,1,context,gamma,encoder_bottleneck_deepest,1x320x6x6x6,78.85577392578125,0.09287502616643906,0.9956914186477661,0.08996286243200302
HCC_10140276_20170721.nii.gz,1,context,blur,encoder_stage_1,1x32x192x192x192,4503.73583984375,0.36966732144355774,0.9307997822761536,0.08955548703670502
HCC_10140276_20170721.nii.gz,1,context,blur,encoder_stage_2,1x64x96x96x96,3400.608642578125,0.4049893617630005,0.9165873527526855,0.20423004031181335
HCC_10140276_20170721.nii.gz,1,context,blur,encoder_stage_3,1x128x48x48x48,1636.7225341796875,0.32615941762924194,0.9464725852012634,0.18924151360988617
HCC_10140276_20170721.nii.gz,1,context,blur,encoder_stage_4,1x256x24x24x24,1019.4321899414062,0.31902337074279785,0.9500389695167542,0.2936587631702423
HCC_10140276_20170721.nii.gz,1,context,blur,encoder_stage_5,1x320x12x12x12,634.4177856445312,0.3135429918766022,0.950473427772522,0.7278752326965332
HCC_10140276_20170721.nii.gz,1,context,blur,encoder_bottleneck_deepest,1x320x6x6x6,235.43316650390625,0.2772893011569977,0.9614438414573669,0.8019208908081055
HCC_10140276_20170721.nii.gz,2,foreground,gamma,encoder_stage_1,1x32x192x192x192,1907.064208984375,0.1519341617822647,0.9884371161460876,0.016057465225458145
HCC_10140276_20170721.nii.gz,2,foreground,gamma,encoder_stage_2,1x64x96x96x96,1319.151123046875,0.15437904000282288,0.988065242767334,0.030732324346899986
HCC_10140276_20170721.nii.gz,2,foreground,gamma,encoder_stage_3,1x128x48x48x48,666.8524780273438,0.13083137571811676,0.9914630651473999,0.03141419216990471
HCC_10140276_20170721.nii.gz,2,foreground,gamma,encoder_stage_4,1x256x24x24x24,398.857666015625,0.1257311999797821,0.9920900464057922,0.0449533648788929
HCC_10140276_20170721.nii.gz,2,foreground,gamma,encoder_stage_5,1x320x12x12x12,212.40127563476562,0.10390957444906235,0.99459308385849,0.08158691972494125
HCC_10140276_20170721.nii.gz,2,foreground,gamma,encoder_bottleneck_deepest,1x320x6x6x6,76.35626220703125,0.08941042423248291,0.9959976673126221,0.0843500867486
HCC_10140276_20170721.nii.gz,2,foreground,blur,encoder_stage_1,1x32x192x192x192,5801.1279296875,0.4621708393096924,0.8915031552314758,0.14858371019363403
HCC_10140276_20170721.nii.gz,2,foreground,blur,encoder_stage_2,1x64x96x96x96,3917.78759765625,0.4584950804710388,0.8919738531112671,0.2710741460323334
HCC_10140276_20170721.nii.gz,2,foreground,blur,encoder_stage_3,1x128x48x48x48,1875.2808837890625,0.3679158389568329,0.9319519996643066,0.24842709302902222
HCC_10140276_20170721.nii.gz,2,foreground,blur,encoder_stage_4,1x256x24x24x24,1132.9937744140625,0.35715165734291077,0.9374307990074158,0.3627282679080963
HCC_10140276_20170721.nii.gz,2,foreground,blur,encoder_stage_5,1x320x12x12x12,716.3525390625,0.3504493236541748,0.9379280805587769,0.9280254244804382
HCC_10140276_20170721.nii.gz,2,foreground,blur,encoder_bottleneck_deepest,1x320x6x6x6,267.3742980957031,0.3130856454372406,0.950844943523407,1.0342739820480347
HCC_10140276_20170721.nii.gz,3,foreground,gamma,encoder_stage_1,1x32x192x192x192,1868.843994140625,0.14815856516361237,0.9890308380126953,0.015420286916196346
HCC_10140276_20170721.nii.gz,3,foreground,gamma,encoder_stage_2,1x64x96x96x96,1278.09521484375,0.14887307584285736,0.9889236688613892,0.028849126771092415
HCC_10140276_20170721.nii.gz,3,foreground,gamma,encoder_stage_3,1x128x48x48x48,642.0562133789062,0.12611721456050873,0.9920710921287537,0.029121410101652145
HCC_10140276_20170721.nii.gz,3,foreground,gamma,encoder_stage_4,1x256x24x24x24,385.4851379394531,0.12149384617805481,0.9926146864891052,0.041989583522081375
HCC_10140276_20170721.nii.gz,3,foreground,gamma,encoder_stage_5,1x320x12x12x12,217.14260864257812,0.10687663406133652,0.994280993938446,0.08527002483606339
HCC_10140276_20170721.nii.gz,3,foreground,gamma,encoder_bottleneck_deepest,1x320x6x6x6,82.79363250732422,0.09751054644584656,0.9952375292778015,0.09917223453521729
HCC_10140276_20170721.nii.gz,3,foreground,blur,encoder_stage_1,1x32x192x192x192,5510.01904296875,0.43682435154914856,0.9030552506446838,0.1340455859899521
HCC_10140276_20170721.nii.gz,3,foreground,blur,encoder_stage_2,1x64x96x96x96,3790.5556640625,0.44152551889419556,0.8998688459396362,0.25375351309776306
HCC_10140276_20170721.nii.gz,3,foreground,blur,encoder_stage_3,1x128x48x48x48,1795.6962890625,0.3527233302593231,0.9374456405639648,0.22778864204883575
HCC_10140276_20170721.nii.gz,3,foreground,blur,encoder_stage_4,1x256x24x24x24,1045.6375732421875,0.329554945230484,0.9466105699539185,0.30895036458969116
HCC_10140276_20170721.nii.gz,3,foreground,blur,encoder_stage_5,1x320x12x12x12,644.7378540039062,0.31733712553977966,0.9491434097290039,0.7517486214637756
HCC_10140276_20170721.nii.gz,3,foreground,blur,encoder_bottleneck_deepest,1x320x6x6x6,243.15573120117188,0.2863776683807373,0.9587053060531616,0.8553922176361084
HEM_PA97.nii.gz,0,context,gamma,encoder_stage_1,1x32x192x192x192,1472.18994140625,0.12478483468294144,0.9922428727149963,0.009569165296852589
HEM_PA97.nii.gz,0,context,gamma,encoder_stage_2,1x64x96x96x96,1159.9483642578125,0.14290212094783783,0.9898039698600769,0.023762036114931107
HEM_PA97.nii.gz,0,context,gamma,encoder_stage_3,1x128x48x48x48,681.4512939453125,0.13776618242263794,0.9904805421829224,0.0328046940267086
HEM_PA97.nii.gz,0,context,gamma,encoder_stage_4,1x256x24x24x24,458.4765930175781,0.14342910051345825,0.9897086024284363,0.05939647555351257
HEM_PA97.nii.gz,0,context,gamma,encoder_stage_5,1x320x12x12x12,296.3059387207031,0.15085533261299133,0.9886062741279602,0.15877677500247955
HEM_PA97.nii.gz,0,context,gamma,encoder_bottleneck_deepest,1x320x6x6x6,112.49995422363281,0.13258633017539978,0.9912093877792358,0.18310531973838806
HEM_PA97.nii.gz,0,context,blur,encoder_stage_1,1x32x192x192x192,4015.00390625,0.3403172194957733,0.9421421885490417,0.07117348909378052
HEM_PA97.nii.gz,0,context,blur,encoder_stage_2,1x64x96x96x96,3225.309326171875,0.3973483145236969,0.9204103946685791,0.18371687829494476
HEM_PA97.nii.gz,0,context,blur,encoder_stage_3,1x128x48x48x48,1598.2332763671875,0.3231081962585449,0.9473522305488586,0.18044574558734894
HEM_PA97.nii.gz,0,context,blur,encoder_stage_4,1x256x24x24x24,946.20654296875,0.29600977897644043,0.956666886806488,0.2529870271682739
HEM_PA97.nii.gz,0,context,blur,encoder_stage_5,1x320x12x12x12,633.405517578125,0.3224795460700989,0.9476901888847351,0.725554347038269
HEM_PA97.nii.gz,0,context,blur,encoder_bottleneck_deepest,1x320x6x6x6,239.84249877929688,0.28266534209251404,0.9599248766899109,0.8322398662567139
HEM_PA97.nii.gz,1,context,gamma,encoder_stage_1,1x32x192x192x192,1682.4571533203125,0.14352773129940033,0.9896471500396729,0.012497823685407639
HEM_PA97.nii.gz,1,context,gamma,encoder_stage_2,1x64x96x96x96,1320.26708984375,0.1553494781255722,0.987886369228363,0.030784346163272858
HEM_PA97.nii.gz,1,context,gamma,encoder_stage_3,1x128x48x48x48,749.4082641601562,0.14813710749149323,0.9890318512916565,0.03967375308275223
HEM_PA97.nii.gz,1,context,gamma,encoder_stage_4,1x256x24x24x24,504.6669006347656,0.15607565641403198,0.9877643585205078,0.07196742296218872
HEM_PA97.nii.gz,1,context,gamma,encoder_stage_5,1x320x12x12x12,312.544189453125,0.1548449546098709,0.9880182147026062,0.1766563057899475
HEM_PA97.nii.gz,1,context,gamma,encoder_bottleneck_deepest,1x320x6x6x6,118.48612213134766,0.13912241160869598,0.9903404712677002,0.2031099796295166
HEM_PA97.nii.gz,1,context,blur,encoder_stage_1,1x32x192x192x192,5414.81689453125,0.4619293808937073,0.8910282850265503,0.12945352494716644
HEM_PA97.nii.gz,1,context,blur,encoder_stage_2,1x64x96x96x96,3959.221435546875,0.46586254239082336,0.8896321654319763,0.27683812379837036
HEM_PA97.nii.gz,1,context,blur,encoder_stage_3,1x128x48x48x48,2004.6552734375,0.3962644338607788,0.9212020039558411,0.2838871479034424
HEM_PA97.nii.gz,1,context,blur,encoder_stage_4,1x256x24x24x24,1191.1851806640625,0.3683915138244629,0.9326467514038086,0.4009450376033783
HEM_PA97.nii.gz,1,context,blur,encoder_stage_5,1x320x12x12x12,728.4338989257812,0.36089077591896057,0.9346681237220764,0.9595918655395508
HEM_PA97.nii.gz,1,context,blur,encoder_bottleneck_deepest,1x320x6x6x6,272.5185852050781,0.31998211145401,0.9488443732261658,1.0744556188583374
HEM_PA97.nii.gz,2,foreground,gamma,encoder_stage_1,1x32x192x192x192,1815.98876953125,0.1550869345664978,0.9879262447357178,0.014560377225279808
HEM_PA97.nii.gz,2,foreground,gamma,encoder_stage_2,1x64x96x96x96,1448.1502685546875,0.16989435255527496,0.9855235815048218,0.03703681379556656
HEM_PA97.nii.gz,2,foreground,gamma,encoder_stage_3,1x128x48x48x48,865.0618286132812,0.17021025717258453,0.9855048656463623,0.05286407470703125
HEM_PA97.nii.gz,2,foreground,gamma,encoder_stage_4,1x256x24x24x24,599.3709716796875,0.18342892825603485,0.9830784201622009,0.10151207447052002
HEM_PA97.nii.gz,2,foreground,gamma,encoder_stage_5,1x320x12x12x12,372.8758850097656,0.18769988417625427,0.9824837446212769,0.25144028663635254
HEM_PA97.nii.gz,2,foreground,gamma,encoder_bottleneck_deepest,1x320x6x6x6,143.04421997070312,0.1699797809123993,0.9856158494949341,0.29603078961372375
HEM_PA97.nii.gz,2,foreground,blur,encoder_stage_1,1x32x192x192x192,5639.0556640625,0.48157998919487,0.88117915391922,0.14039739966392517
HEM_PA97.nii.gz,2,foreground,blur,encoder_stage_2,1x64x96x96x96,4101.908203125,0.48122841119766235,0.88236403465271,0.29715168476104736
HEM_PA97.nii.gz,2,foreground,blur,encoder_stage_3,1x128x48x48x48,2064.314697265625,0.40617620944976807,0.9169923067092896,0.3010357916355133
HEM_PA97.nii.gz,2,foreground,blur,encoder_stage_4,1x256x24x24x24,1180.1102294921875,0.3611558973789215,0.9354700446128845,0.3935241997241974
HEM_PA97.nii.gz,2,foreground,blur,encoder_stage_5,1x320x12x12x12,739.09423828125,0.3720484673976898,0.9304822087287903,0.9878838062286377
HEM_PA97.nii.gz,2,foreground,blur,encoder_bottleneck_deepest,1x320x6x6x6,273.5364990234375,0.32504406571388245,0.9469026327133179,1.0824973583221436
HEM_PA97.nii.gz,3,context_fill,gamma,encoder_stage_1,1x32x192x192x192,1682.5946044921875,0.14268594980239868,0.9898273944854736,0.012499864213168621
HEM_PA97.nii.gz,3,context_fill,gamma,encoder_stage_2,1x64x96x96x96,1365.642578125,0.15925537049770355,0.9873685836791992,0.03293672949075699
HEM_PA97.nii.gz,3,context_fill,gamma,encoder_stage_3,1x128x48x48x48,740.756591796875,0.14490178227424622,0.989529013633728,0.03876299783587456
HEM_PA97.nii.gz,3,context_fill,gamma,encoder_stage_4,1x256x24x24x24,500.57843017578125,0.15438953042030334,0.9880824685096741,0.07080607861280441
HEM_PA97.nii.gz,3,context_fill,gamma,encoder_stage_5,1x320x12x12x12,337.32818603515625,0.169168159365654,0.9856701493263245,0.20578394830226898
HEM_PA97.nii.gz,3,context_fill,gamma,encoder_bottleneck_deepest,1x320x6x6x6,130.76144409179688,0.15547949075698853,0.9878903031349182,0.24737492203712463
HEM_PA97.nii.gz,3,context_fill,blur,encoder_stage_1,1x32x192x192x192,5578.5849609375,0.4730704128742218,0.8858147859573364,0.13740243017673492
HEM_PA97.nii.gz,3,context_fill,blur,encoder_stage_2,1x64x96x96x96,3914.211669921875,0.45645853877067566,0.8935009241104126,0.2705795466899872
HEM_PA97.nii.gz,3,context_fill,blur,encoder_stage_3,1x128x48x48x48,1867.1658935546875,0.3652423322200775,0.932813286781311,0.246281698346138
HEM_PA97.nii.gz,3,context_fill,blur,encoder_stage_4,1x256x24x24x24,1118.4576416015625,0.34495723247528076,0.940907895565033,0.3534804880619049
HEM_PA97.nii.gz,3,context_fill,blur,encoder_stage_5,1x320x12x12x12,764.19775390625,0.38324081897735596,0.9259483814239502,1.05613112449646
HEM_PA97.nii.gz,3,context_fill,blur,encoder_bottleneck_deepest,1x320x6x6x6,287.9674987792969,0.34240245819091797,0.9412528872489929,1.199729323387146
CYST_PA69.nii.gz,0,context,gamma,encoder_stage_1,1x32x192x192x192,1305.60986328125,0.10809257626533508,0.9942037463188171,0.007526156026870012
CYST_PA69.nii.gz,0,context,gamma,encoder_stage_2,1x64x96x96x96,902.2540893554688,0.11029109358787537,0.9939320683479309,0.014376860111951828
CYST_PA69.nii.gz,0,context,gamma,encoder_stage_3,1x128x48x48x48,494.9676513671875,0.0997280403971672,0.9950230717658997,0.017306925728917122
CYST_PA69.nii.gz,0,context,gamma,encoder_stage_4,1x256x24x24x24,396.3867492675781,0.1228666827082634,0.992432177066803,0.04439811781048775
CYST_PA69.nii.gz,0,context,gamma,encoder_stage_5,1x320x12x12x12,240.9407196044922,0.12458693236112595,0.9922676682472229,0.10498485714197159
CYST_PA69.nii.gz,0,context,gamma,encoder_bottleneck_deepest,1x320x6x6x6,91.85356903076172,0.10993441939353943,0.9939609169960022,0.12206421047449112
CYST_PA69.nii.gz,0,context,blur,encoder_stage_1,1x32x192x192x192,3924.058837890625,0.32487624883651733,0.9472163915634155,0.0679856613278389
CYST_PA69.nii.gz,0,context,blur,encoder_stage_2,1x64x96x96x96,3424.453125,0.41860347986221313,0.910998523235321,0.2071041613817215
CYST_PA69.nii.gz,0,context,blur,encoder_stage_3,1x128x48x48x48,1709.109375,0.3443581163883209,0.9402626156806946,0.20635072886943817
CYST_PA69.nii.gz,0,context,blur,encoder_stage_4,1x256x24x24x24,1024.463623046875,0.31754958629608154,0.9501639008522034,0.29656463861465454
CYST_PA69.nii.gz,0,context,blur,encoder_stage_5,1x320x12x12x12,641.005859375,0.3314547836780548,0.9449491500854492,0.7430709004402161
CYST_PA69.nii.gz,0,context,blur,encoder_bottleneck_deepest,1x320x6x6x6,242.0284881591797,0.2896704077720642,0.9581326842308044,0.8474795818328857
CYST_PA69.nii.gz,1,context,gamma,encoder_stage_1,1x32x192x192x192,1298.021240234375,0.10843144357204437,0.9941043257713318,0.007438919506967068
CYST_PA69.nii.gz,1,context,gamma,encoder_stage_2,1x64x96x96x96,930.0784912109375,0.10960453003644943,0.994012176990509,0.015277261845767498
CYST_PA69.nii.gz,1,context,gamma,encoder_stage_3,1x128x48x48x48,484.8487243652344,0.09563301503658295,0.9954357147216797,0.01660652831196785
CYST_PA69.nii.gz,1,context,gamma,encoder_stage_4,1x256x24x24x24,321.0000305175781,0.0971166118979454,0.9952780604362488,0.029116317629814148
CYST_PA69.nii.gz,1,context,gamma,encoder_stage_5,1x320x12x12x12,205.0247344970703,0.10544984042644501,0.9944356679916382,0.07601841539144516
CYST_PA69.nii.gz,1,context,gamma,encoder_bottleneck_deepest,1x320x6x6x6,78.46919250488281,0.09346591681241989,0.9956319332122803,0.08908296376466751
CYST_PA69.nii.gz,1,context,blur,encoder_stage_1,1x32x192x192x192,4297.4462890625,0.35899126529693604,0.9348533749580383,0.08153935521841049
CYST_PA69.nii.gz,1,context,blur,encoder_stage_2,1x64x96x96x96,3724.27490234375,0.4388849139213562,0.9019747376441956,0.24495697021484375
CYST_PA69.nii.gz,1,context,blur,encoder_stage_3,1x128x48x48x48,1830.74755859375,0.3611021339893341,0.9339833855628967,0.23676812648773193
CYST_PA69.nii.gz,1,context,blur,encoder_stage_4,1x256x24x24x24,1101.798828125,0.3333425521850586,0.9445955157279968,0.34302905201911926
CYST_PA69.nii.gz,1,context,blur,encoder_stage_5,1x320x12x12x12,725.4137573242188,0.3731001615524292,0.9300681948661804,0.9516513347625732
CYST_PA69.nii.gz,1,context,blur,encoder_bottleneck_deepest,1x320x6x6x6,276.2773132324219,0.32907834649086,0.9457405805587769,1.1042990684509277
CYST_PA69.nii.gz,2,foreground,gamma,encoder_stage_1,1x32x192x192x192,2079.623779296875,0.1696576327085495,0.9855512976646423,0.019094834104180336
CYST_PA69.nii.gz,2,foreground,gamma,encoder_stage_2,1x64x96x96x96,1685.4287109375,0.2004058063030243,0.9800857305526733,0.05016803368926048
CYST_PA69.nii.gz,2,foreground,gamma,encoder_stage_3,1x128x48x48x48,956.6095581054688,0.18814142048358917,0.9824460744857788,0.06464512646198273
CYST_PA69.nii.gz,2,foreground,gamma,encoder_stage_4,1x256x24x24x24,650.5950317382812,0.20017527043819427,0.9799430966377258,0.11960457265377045
CYST_PA69.nii.gz,2,foreground,gamma,encoder_stage_5,1x320x12x12x12,446.4759826660156,0.22450917959213257,0.9747489094734192,0.36049768328666687
CYST_PA69.nii.gz,2,foreground,gamma,encoder_bottleneck_deepest,1x320x6x6x6,171.28866577148438,0.20276816189289093,0.9794167876243591,0.4244763255119324
CYST_PA69.nii.gz,2,foreground,blur,encoder_stage_1,1x32x192x192x192,5477.26416015625,0.4468402564525604,0.8988242149353027,0.13245664536952972
CYST_PA69.nii.gz,2,foreground,blur,encoder_stage_2,1x64x96x96x96,3750.886474609375,0.4459989666938782,0.8985552787780762,0.24847011268138885
CYST_PA69.nii.gz,2,foreground,blur,encoder_stage_3,1x128x48x48x48,1927.929931640625,0.3791761100292206,0.9279656410217285,0.2625722587108612
CYST_PA69.nii.gz,2,foreground,blur,encoder_stage_4,1x256x24x24x24,1191.738525390625,0.3666744530200958,0.9329087734222412,0.40131762623786926
CYST_PA69.nii.gz,2,foreground,blur,encoder_stage_5,1x320x12x12x12,832.0286865234375,0.41838324069976807,0.9128550887107849,1.2519381046295166
CYST_PA69.nii.gz,2,foreground,blur,encoder_bottleneck_deepest,1x320x6x6x6,316.9992370605469,0.3752574920654297,0.9295530319213867,1.453826904296875
CYST_PA69.nii.gz,3,foreground,gamma,encoder_stage_1,1x32x192x192x192,2011.208740234375,0.1652548909187317,0.9864669442176819,0.017859144136309624
CYST_PA69.nii.gz,3,foreground,gamma,encoder_stage_2,1x64x96x96x96,1493.3577880859375,0.17107003927230835,0.9854347705841064,0.039385292679071426
CYST_PA69.nii.gz,3,foreground,gamma,encoder_stage_3,1x128x48x48x48,799.735107421875,0.1554202437400818,0.9879852533340454,0.04518129304051399
CYST_PA69.nii.gz,3,foreground,gamma,encoder_stage_4,1x256x24x24x24,531.1080932617188,0.16502036154270172,0.9863392114639282,0.07970620691776276
CYST_PA69.nii.gz,3,foreground,gamma,encoder_stage_5,1x320x12x12x12,347.56964111328125,0.17387427389621735,0.9849294424057007,0.21846908330917358
CYST_PA69.nii.gz,3,foreground,gamma,encoder_bottleneck_deepest,1x320x6x6x6,131.620361328125,0.15491336584091187,0.9879875183105469,0.25063541531562805
CYST_PA69.nii.gz,3,foreground,blur,encoder_stage_1,1x32x192x192x192,6258.861328125,0.5142715573310852,0.8640316128730774,0.17295654118061066
CYST_PA69.nii.gz,3,foreground,blur,encoder_stage_2,1x64x96x96x96,4083.804443359375,0.46781596541404724,0.8877158164978027,0.29453450441360474
CYST_PA69.nii.gz,3,foreground,blur,encoder_stage_3,1x128x48x48x48,1987.936279296875,0.3863348364830017,0.9246629476547241,0.27917158603668213
CYST_PA69.nii.gz,3,foreground,blur,encoder_stage_4,1x256x24x24x24,1205.1700439453125,0.37445786595344543,0.930153489112854,0.4104147255420685
CYST_PA69.nii.gz,3,foreground,blur,encoder_stage_5,1x320x12x12x12,759.36962890625,0.37988024950027466,0.9278417229652405,1.04282808303833
CYST_PA69.nii.gz,3,foreground,blur,encoder_bottleneck_deepest,1x320x6x6x6,279.5220947265625,0.3289894163608551,0.945643424987793,1.1303907632827759
HCC_10076307_20130925.nii.gz,0,context,gamma,encoder_stage_1,1x32x192x192x192,1552.20263671875,0.12965109944343567,0.9915714263916016,0.010637587867677212
HCC_10076307_20130925.nii.gz,0,context,gamma,encoder_stage_2,1x64x96x96x96,1041.0179443359375,0.12175577878952026,0.9925932288169861,0.019139155745506287
HCC_10076307_20130925.nii.gz,0,context,gamma,encoder_stage_3,1x128x48x48x48,520.802001953125,0.10292208939790726,0.9947100281715393,0.019160712137818336
HCC_10076307_20130925.nii.gz,0,context,gamma,encoder_stage_4,1x256x24x24x24,325.9293518066406,0.10008037090301514,0.9949802756309509,0.030017411336302757
HCC_10076307_20130925.nii.gz,0,context,gamma,encoder_stage_5,1x320x12x12x12,206.0694122314453,0.10337502509355545,0.9946593046188354,0.0767950713634491
HCC_10076307_20130925.nii.gz,0,context,gamma,encoder_bottleneck_deepest,1x320x6x6x6,79.2977294921875,0.09372223913669586,0.9956183433532715,0.09097409248352051
HCC_10076307_20130925.nii.gz,0,context,blur,encoder_stage_1,1x32x192x192x192,5263.7177734375,0.43966346979141235,0.902209997177124,0.12232960015535355
HCC_10076307_20130925.nii.gz,0,context,blur,encoder_stage_2,1x64x96x96x96,3719.333740234375,0.4350072741508484,0.9035012125968933,0.24430741369724274
HCC_10076307_20130925.nii.gz,0,context,blur,encoder_stage_3,1x128x48x48x48,1715.44775390625,0.33901071548461914,0.9422217011451721,0.20788411796092987
HCC_10076307_20130925.nii.gz,0,context,blur,encoder_stage_4,1x256x24x24x24,1016.0462036132812,0.3119887113571167,0.9516904950141907,0.2917112708091736
HCC_10076307_20130925.nii.gz,0,context,blur,encoder_stage_5,1x320x12x12x12,722.3644409179688,0.3623751997947693,0.9335908889770508,0.943667471408844
HCC_10076307_20130925.nii.gz,0,context,blur,encoder_bottleneck_deepest,1x320x6x6x6,273.9198913574219,0.32374680042266846,0.9473882913589478,1.085533857345581
HCC_10076307_20130925.nii.gz,1,context,gamma,encoder_stage_1,1x32x192x192x192,1571.0628662109375,0.12904296815395355,0.9916599988937378,0.010897664353251457
HCC_10076307_20130925.nii.gz,1,context,gamma,encoder_stage_2,1x64x96x96x96,1072.9449462890625,0.12750744819641113,0.991862416267395,0.020331112667918205
HCC_10076307_20130925.nii.gz,1,context,gamma,encoder_stage_3,1x128x48x48x48,550.119384765625,0.10880918055772781,0.9940804243087769,0.021378645673394203
HCC_10076307_20130925.nii.gz,1,context,gamma,encoder_stage_4,1x256x24x24x24,349.2293701171875,0.10779878497123718,0.9941785335540771,0.0344625860452652
HCC_10076307_20130925.nii.gz,1,context,gamma,encoder_stage_5,1x320x12x12x12,214.27598571777344,0.10730160772800446,0.9942594766616821,0.083033487200737
HCC_10076307_20130925.nii.gz,1,context,gamma,encoder_bottleneck_deepest,1x320x6x6x6,80.42938995361328,0.09556597471237183,0.9954384565353394,0.09358920902013779
HCC_10076307_20130925.nii.gz,1,context,blur,encoder_stage_1,1x32x192x192x192,4806.138671875,0.3947635889053345,0.9211645126342773,0.10198561102151871
HCC_10076307_20130925.nii.gz,1,context,blur,encoder_stage_2,1x64x96x96x96,3601.45458984375,0.42799240350723267,0.9065690636634827,0.2290668487548828
HCC_10076307_20130925.nii.gz,1,context,blur,encoder_stage_3,1x128x48x48x48,1781.73046875,0.3524119257926941,0.9375228881835938,0.22425924241542816
HCC_10076307_20130925.nii.gz,1,context,blur,encoder_stage_4,1x256x24x24x24,1080.4320068359375,0.3335036039352417,0.9449951648712158,0.3298536241054535
HCC_10076307_20130925.nii.gz,1,context,blur,encoder_stage_5,1x320x12x12x12,798.6878662109375,0.39995381236076355,0.9195175766944885,1.153613805770874
HCC_10076307_20130925.nii.gz,1,context,blur,encoder_bottleneck_deepest,1x320x6x6x6,307.9397888183594,0.3658931851387024,0.9330482482910156,1.3719171285629272
HCC_10076307_20130925.nii.gz,2,foreground,gamma,encoder_stage_1,1x32x192x192x192,2091.55810546875,0.1678801029920578,0.9859287738800049,0.01931462064385414
HCC_10076307_20130925.nii.gz,2,foreground,gamma,encoder_stage_2,1x64x96x96x96,1460.22412109375,0.16813670098781586,0.9859216213226318,0.03765697032213211
HCC_10076307_20130925.nii.gz,2,foreground,gamma,encoder_stage_3,1x128x48x48x48,748.4578247070312,0.14599193632602692,0.98940110206604,0.03957318142056465
HCC_10076307_20130925.nii.gz,2,foreground,gamma,encoder_stage_4,1x256x24x24x24,467.2959899902344,0.14514115452766418,0.9894346594810486,0.06170358881354332
HCC_10076307_20130925.nii.gz,2,foreground,gamma,encoder_stage_5,1x320x12x12x12,263.7808837890625,0.12920856475830078,0.9916361570358276,0.12583252787590027
HCC_10076307_20130925.nii.gz,2,foreground,gamma,encoder_bottleneck_deepest,1x320x6x6x6,96.6227798461914,0.11383677273988724,0.9935114979743958,0.1350688934326172
HCC_10076307_20130925.nii.gz,2,foreground,blur,encoder_stage_1,1x32x192x192x192,5690.880859375,0.456781804561615,0.8930414915084839,0.1429898887872696
HCC_10076307_20130925.nii.gz,2,foreground,blur,encoder_stage_2,1x64x96x96x96,3931.3037109375,0.45266780257225037,0.8949291706085205,0.2729477286338806
HCC_10076307_20130925.nii.gz,2,foreground,blur,encoder_stage_3,1x128x48x48x48,1887.6004638671875,0.3681896924972534,0.931652307510376,0.25170186161994934
HCC_10076307_20130925.nii.gz,2,foreground,blur,encoder_stage_4,1x256x24x24x24,1091.01220703125,0.33886611461639404,0.9430056214332581,0.33634546399116516
HCC_10076307_20130925.nii.gz,2,foreground,blur,encoder_stage_5,1x320x12x12x12,726.7999877929688,0.3560105562210083,0.9357693195343018,0.9552918672561646
HCC_10076307_20130925.nii.gz,2,foreground,blur,encoder_bottleneck_deepest,1x320x6x6x6,275.8548278808594,0.32500019669532776,0.9469857811927795,1.1009242534637451
HCC_10076307_20130925.nii.gz,3,foreground,gamma,encoder_stage_1,1x32x192x192x192,1899.6822509765625,0.15478083491325378,0.9879516959190369,0.015933392569422722
HCC_10076307_20130925.nii.gz,3,foreground,gamma,encoder_stage_2,1x64x96x96x96,1307.56494140625,0.15158683061599731,0.9885290265083313,0.030194848775863647
HCC_10076307_20130925.nii.gz,3,foreground,gamma,encoder_stage_3,1x128x48x48x48,644.1778564453125,0.12672318518161774,0.9919843077659607,0.02931419014930725
HCC_10076307_20130925.nii.gz,3,foreground,gamma,encoder_stage_4,1x256x24x24x24,380.1095275878906,0.1186874583363533,0.9929332137107849,0.04082665592432022
HCC_10076307_20130925.nii.gz,3,foreground,gamma,encoder_stage_5,1x320x12x12x12,195.07081604003906,0.0944334864616394,0.9955392479896545,0.06881622970104218
HCC_10076307_20130925.nii.gz,3,foreground,gamma,encoder_bottleneck_deepest,1x320x6x6x6,68.934326171875,0.08038993179798126,0.996767520904541,0.06874915212392807
HCC_10076307_20130925.nii.gz,3,foreground,blur,encoder_stage_1,1x32x192x192x192,5146.52783203125,0.4193247854709625,0.9099711775779724,0.11694320291280746
HCC_10076307_20130925.nii.gz,3,foreground,blur,encoder_stage_2,1x64x96x96x96,3778.211181640625,0.43801042437553406,0.9014729857444763,0.25210344791412354
HCC_10076307_20130925.nii.gz,3,foreground,blur,encoder_stage_3,1x128x48x48x48,1838.9434814453125,0.3617584705352783,0.9340510368347168,0.2388928085565567
HCC_10076307_20130925.nii.gz,3,foreground,blur,encoder_stage_4,1x256x24x24x24,1077.942626953125,0.33658263087272644,0.9442165493965149,0.32833534479141235
HCC_10076307_20130925.nii.gz,3,foreground,blur,encoder_stage_5,1x320x12x12x12,677.0933837890625,0.3277798891067505,0.9456709623336792,0.8290932774543762
HCC_10076307_20130925.nii.gz,3,foreground,blur,encoder_bottleneck_deepest,1x320x6x6x6,252.9337158203125,0.29496660828590393,0.9562884569168091,0.9255709648132324
CYST_PA20.nii.gz,0,context,gamma,encoder_stage_1,1x32x192x192x192,1341.1531982421875,0.10753193497657776,0.9942052960395813,0.00794150959700346
CYST_PA20.nii.gz,0,context,gamma,encoder_stage_2,1x64x96x96x96,952.9473876953125,0.11330346018075943,0.9936220049858093,0.016037777066230774
CYST_PA20.nii.gz,0,context,gamma,encoder_stage_3,1x128x48x48x48,492.09954833984375,0.09712391346693039,0.9952925443649292,0.017106935381889343
CYST_PA20.nii.gz,0,context,gamma,encoder_stage_4,1x256x24x24x24,289.8708801269531,0.09095071256160736,0.9958561658859253,0.02374299429357052
CYST_PA20.nii.gz,0,context,gamma,encoder_stage_5,1x320x12x12x12,157.70730590820312,0.07748375833034515,0.9970015287399292,0.04497900977730751
CYST_PA20.nii.gz,0,context,gamma,encoder_bottleneck_deepest,1x320x6x6x6,57.594635009765625,0.06751056015491486,0.9977226257324219,0.047991059720516205
CYST_PA20.nii.gz,0,context,blur,encoder_stage_1,1x32x192x192x192,5558.98974609375,0.4457126259803772,0.8996942639350891,0.13643886148929596
CYST_PA20.nii.gz,0,context,blur,encoder_stage_2,1x64x96x96x96,3797.096435546875,0.4514668583869934,0.8952448964118958,0.2546299993991852
CYST_PA20.nii.gz,0,context,blur,encoder_stage_3,1x128x48x48x48,1820.052490234375,0.35921719670295715,0.9349049925804138,0.23400986194610596
CYST_PA20.nii.gz,0,context,blur,encoder_stage_4,1x256x24x24x24,1054.7537841796875,0.3309425413608551,0.946086585521698,0.3143608570098877
CYST_PA20.nii.gz,0,context,blur,encoder_stage_5,1x320x12x12x12,597.277587890625,0.29345065355300903,0.9565858244895935,0.6451470255851746
CYST_PA20.nii.gz,0,context,blur,encoder_bottleneck_deepest,1x320x6x6x6,216.0181884765625,0.25320950150489807,0.9677345156669617,0.6751136779785156
CYST_PA20.nii.gz,1,context,gamma,encoder_stage_1,1x32x192x192x192,1449.5904541015625,0.11597961187362671,0.9932525753974915,0.009277628734707832
CYST_PA20.nii.gz,1,context,gamma,encoder_stage_2,1x64x96x96x96,962.9622802734375,0.11461800336837769,0.9934403896331787,0.016376642510294914
CYST_PA20.nii.gz,1,context,gamma,encoder_stage_3,1x128x48x48x48,488.8959045410156,0.09664753824472427,0.9953403472900391,0.016884924843907356
CYST_PA20.nii.gz,1,context,gamma,encoder_stage_4,1x256x24x24x24,291.7892150878906,0.09138920158147812,0.995815634727478,0.02405829355120659
CYST_PA20.nii.gz,1,context,gamma,encoder_stage_5,1x320x12x12x12,159.63304138183594,0.07779908180236816,0.9969744086265564,0.04608418047428131
CYST_PA20.nii.gz,1,context,gamma,encoder_bottleneck_deepest,1x320x6x6x6,58.34851837158203,0.06819567829370499,0.9976735711097717,0.04925563931465149
CYST_PA20.nii.gz,1,context,blur,encoder_stage_1,1x32x192x192x192,5710.9501953125,0.45692476630210876,0.8939844965934753,0.14400020241737366
CYST_PA20.nii.gz,1,context,blur,encoder_stage_2,1x64x96x96x96,3918.664306640625,0.4664247930049896,0.888863742351532,0.2711954712867737
CYST_PA20.nii.gz,1,context,blur,encoder_stage_3,1x128x48x48x48,1868.6756591796875,0.3694097101688385,0.9310826063156128,0.2466801255941391
CYST_PA20.nii.gz,1,context,blur,encoder_stage_4,1x256x24x24x24,1075.408935546875,0.3368211090564728,0.9442620873451233,0.3267936706542969
CYST_PA20.nii.gz,1,context,blur,encoder_stage_5,1x320x12x12x12,612.0247192382812,0.2982776165008545,0.9549019932746887,0.6773984432220459
CYST_PA20.nii.gz,1,context,blur,encoder_bottleneck_deepest,1x320x6x6x6,220.47413635253906,0.25768235325813293,0.9665558934211731,0.703252911567688
CYST_PA20.nii.gz,2,foreground,gamma,encoder_stage_1,1x32x192x192x192,1341.5552978515625,0.10839789360761642,0.9941095113754272,0.007946272380650043
CYST_PA20.nii.gz,2,foreground,gamma,encoder_stage_2,1x64x96x96x96,877.9816284179688,0.1038738489151001,0.9946135878562927,0.013613731600344181
CYST_PA20.nii.gz,2,foreground,gamma,encoder_stage_3,1x128x48x48x48,435.5201416015625,0.08587457239627838,0.9963194131851196,0.013399321585893631
CYST_PA20.nii.gz,2,foreground,gamma,encoder_stage_4,1x256x24x24x24,248.58920288085938,0.0779419094324112,0.9969579577445984,0.017461873590946198
CYST_PA20.nii.gz,2,foreground,gamma,encoder_stage_5,1x320x12x12x12,139.48341369628906,0.06809189915657043,0.9976837635040283,0.03518449887633324
CYST_PA20.nii.gz,2,foreground,gamma,encoder_bottleneck_deepest,1x320x6x6x6,52.78752517700195,0.062199484556913376,0.9980666637420654,0.04031427577137947
CYST_PA20.nii.gz,2,foreground,blur,encoder_stage_1,1x32x192x192x192,5815.8447265625,0.4699212312698364,0.8874455690383911,0.14933855831623077
CYST_PA20.nii.gz,2,foreground,blur,encoder_stage_2,1x64x96x96x96,3982.681396484375,0.47119030356407166,0.8865329027175903,0.2801285982131958
CYST_PA20.nii.gz,2,foreground,blur,encoder_stage_3,1x128x48x48x48,1912.9158935546875,0.37718307971954346,0.9281226992607117,0.25849851965904236
CYST_PA20.nii.gz,2,foreground,blur,encoder_stage_4,1x256x24x24x24,1060.3663330078125,0.3324640393257141,0.9455310702323914,0.3177153170108795
CYST_PA20.nii.gz,2,foreground,blur,encoder_stage_5,1x320x12x12x12,658.6395263671875,0.3215293884277344,0.9474951028823853,0.7845161557197571
CYST_PA20.nii.gz,2,foreground,blur,encoder_bottleneck_deepest,1x320x6x6x6,245.1978759765625,0.28891637921333313,0.9580261707305908,0.8698205351829529
CYST_PA20.nii.gz,3,foreground,gamma,encoder_stage_1,1x32x192x192x192,1495.6427001953125,0.1222418025135994,0.9925268888473511,0.009876476600766182
CYST_PA20.nii.gz,3,foreground,gamma,encoder_stage_2,1x64x96x96x96,1042.09765625,0.11927873641252518,0.9929106831550598,0.019178876653313637
CYST_PA20.nii.gz,3,foreground,gamma,encoder_stage_3,1x128x48x48x48,487.5711364746094,0.09570559859275818,0.995434045791626,0.016793543472886086
CYST_PA20.nii.gz,3,foreground,gamma,encoder_stage_4,1x256x24x24x24,275.2547607421875,0.08623376488685608,0.9962750673294067,0.021408982574939728
CYST_PA20.nii.gz,3,foreground,gamma,encoder_stage_5,1x320x12x12x12,142.73468017578125,0.06937005370855331,0.9975923299789429,0.03684386983513832
CYST_PA20.nii.gz,3,foreground,gamma,encoder_bottleneck_deepest,1x320x6x6x6,51.093299865722656,0.0599675215780735,0.9982007741928101,0.03776801377534866
CYST_PA20.nii.gz,3,foreground,blur,encoder_stage_1,1x32x192x192x192,6263.12841796875,0.5118977427482605,0.8645410537719727,0.17319245636463165
CYST_PA20.nii.gz,3,foreground,blur,encoder_stage_2,1x64x96x96x96,4177.78515625,0.47819024324417114,0.8831401467323303,0.30824676156044006
CYST_PA20.nii.gz,3,foreground,blur,encoder_stage_3,1x128x48x48x48,1878.377197265625,0.36870765686035156,0.9312925338745117,0.24924814701080322
CYST_PA20.nii.gz,3,foreground,blur,encoder_stage_4,1x256x24x24x24,1031.2510986328125,0.32307764887809753,0.9484130144119263,0.3005073666572571
CYST_PA20.nii.gz,3,foreground,blur,encoder_stage_5,1x320x12x12x12,580.61376953125,0.28218236565589905,0.9597523808479309,0.6096504926681519
CYST_PA20.nii.gz,3,foreground,blur,encoder_bottleneck_deepest,1x320x6x6x6,212.38839721679688,0.24927742779254913,0.9688677787780762,0.6526162028312683
CYST_PA56.nii.gz,0,context,gamma,encoder_stage_1,1x32x192x192x192,1448.7320556640625,0.11904894560575485,0.9929001331329346,0.009266643784940243
CYST_PA56.nii.gz,0,context,gamma,encoder_stage_2,1x64x96x96x96,902.2235107421875,0.10784990340471268,0.9941751956939697,0.014375886879861355
CYST_PA56.nii.gz,0,context,gamma,encoder_stage_3,1x128x48x48x48,437.7939147949219,0.08740772306919098,0.9961737990379333,0.013539597392082214
CYST_PA56.nii.gz,0,context,gamma,encoder_stage_4,1x256x24x24x24,271.5253601074219,0.08628332614898682,0.9962728023529053,0.02083277329802513
CYST_PA56.nii.gz,0,context,gamma,encoder_stage_5,1x320x12x12x12,151.12062072753906,0.07423171401023865,0.9972476363182068,0.041300348937511444
CYST_PA56.nii.gz,0,context,gamma,encoder_bottleneck_deepest,1x320x6x6x6,55.634098052978516,0.06522462517023087,0.9978766441345215,0.04477940872311592
CYST_PA56.nii.gz,0,context,blur,encoder_stage_1,1x32x192x192x192,5376.8779296875,0.4418426752090454,0.9014068245887756,0.1276458501815796
CYST_PA56.nii.gz,0,context,blur,encoder_stage_2,1x64x96x96x96,3652.834716796875,0.43665218353271484,0.9023493528366089,0.23564942181110382
CYST_PA56.nii.gz,0,context,blur,encoder_stage_3,1x128x48x48x48,1782.8291015625,0.35595065355300903,0.9360877275466919,0.22453589737415314
CYST_PA56.nii.gz,0,context,blur,encoder_stage_4,1x256x24x24x24,1066.610107421875,0.33893948793411255,0.9432677626609802,0.32146793603897095
CYST_PA56.nii.gz,0,context,blur,encoder_stage_5,1x320x12x12x12,693.9583129882812,0.34087812900543213,0.9409705996513367,0.870909571647644
CYST_PA56.nii.gz,0,context,blur,encoder_bottleneck_deepest,1x320x6x6x6,257.71295166015625,0.3021389842033386,0.9542275667190552,0.9608791470527649
CYST_PA56.nii.gz,1,context,gamma,encoder_stage_1,1x32x192x192x192,1416.387451171875,0.11885321140289307,0.9929309487342834,0.008857486769557
CYST_PA56.nii.gz,1,context,gamma,encoder_stage_2,1x64x96x96x96,1016.2798461914062,0.11634419858455658,0.9932236075401306,0.018240341916680336
CYST_PA56.nii.gz,1,context,gamma,encoder_stage_3,1x128x48x48x48,496.267578125,0.09680836647748947,0.995308518409729,0.01739795319736004
CYST_PA56.nii.gz,1,context,gamma,encoder_stage_4,1x256x24x24x24,304.2931213378906,0.09344147145748138,0.9956256151199341,0.026164386421442032
CYST_PA56.nii.gz,1,context,gamma,encoder_stage_5,1x320x12x12x12,165.54360961914062,0.08113656938076019,0.9967106580734253,0.049559976905584335
CYST_PA56.nii.gz,1,context,gamma,encoder_bottleneck_deepest,1x320x6x6x6,60.88920593261719,0.07148077338933945,0.9974461197853088,0.053638532757759094
CYST_PA56.nii.gz,1,context,blur,encoder_stage_1,1x32x192x192x192,6451.17041015625,0.5413365960121155,0.849082350730896,0.18374831974506378
CYST_PA56.nii.gz,1,context,blur,encoder_stage_2,1x64x96x96x96,4370.58447265625,0.5003466010093689,0.8723913431167603,0.3373536169528961
CYST_PA56.nii.gz,1,context,blur,encoder_stage_3,1x128x48x48x48,2044.96923828125,0.39891812205314636,0.9194340705871582,0.29541999101638794
CYST_PA56.nii.gz,1,context,blur,encoder_stage_4,1x256x24x24x24,1203.1949462890625,0.3694736957550049,0.9327382445335388,0.40907061100006104
CYST_PA56.nii.gz,1,context,blur,encoder_stage_5,1x320x12x12x12,697.5287475585938,0.34187421202659607,0.9406751990318298,0.8798943161964417
CYST_PA56.nii.gz,1,context,blur,encoder_bottleneck_deepest,1x320x6x6x6,257.0657043457031,0.3017818033695221,0.9541817903518677,0.9560587406158447
CYST_PA56.nii.gz,2,foreground,gamma,encoder_stage_1,1x32x192x192x192,1464.7076416015625,0.1218443438410759,0.9925791025161743,0.009472142904996872
CYST_PA56.nii.gz,2,foreground,gamma,encoder_stage_2,1x64x96x96x96,1032.4554443359375,0.11808890104293823,0.99301677942276,0.018825605511665344
CYST_PA56.nii.gz,2,foreground,gamma,encoder_stage_3,1x128x48x48x48,507.994384765625,0.09916699677705765,0.9950770735740662,0.01822989247739315
CYST_PA56.nii.gz,2,foreground,gamma,encoder_stage_4,1x256x24x24x24,319.8974914550781,0.09900511056184769,0.9950876832008362,0.028916653245687485
CYST_PA56.nii.gz,2,foreground,gamma,encoder_stage_5,1x320x12x12x12,191.261962890625,0.09296303987503052,0.9956823587417603,0.06615512818098068
CYST_PA56.nii.gz,2,foreground,gamma,encoder_bottleneck_deepest,1x320x6x6x6,73.09164428710938,0.0854945108294487,0.9963448643684387,0.07729149609804153
CYST_PA56.nii.gz,2,foreground,blur,encoder_stage_1,1x32x192x192x192,6410.5087890625,0.5332697033882141,0.8540056347846985,0.18143928050994873
CYST_PA56.nii.gz,2,foreground,blur,encoder_stage_2,1x64x96x96x96,4311.3046875,0.49311304092407227,0.8762562274932861,0.32826438546180725
CYST_PA56.nii.gz,2,foreground,blur,encoder_stage_3,1x128x48x48x48,2017.9190673828125,0.3939236104488373,0.9214101433753967,0.2876562476158142
CYST_PA56.nii.gz,2,foreground,blur,encoder_stage_4,1x256x24x24x24,1143.2486572265625,0.3538241386413574,0.9382305145263672,0.3693241477012634
CYST_PA56.nii.gz,2,foreground,blur,encoder_stage_5,1x320x12x12x12,674.9318237304688,0.3280511796474457,0.9454249143600464,0.8238081336021423
CYST_PA56.nii.gz,2,foreground,blur,encoder_bottleneck_deepest,1x320x6x6x6,247.8443603515625,0.28990089893341064,0.9578149318695068,0.8886982798576355
CYST_PA56.nii.gz,3,foreground,gamma,encoder_stage_1,1x32x192x192x192,1352.9671630859375,0.11268135905265808,0.9936311841011047,0.008082037791609764
CYST_PA56.nii.gz,3,foreground,gamma,encoder_stage_2,1x64x96x96x96,923.2571411132812,0.10671599954366684,0.9942951798439026,0.015053992159664631
CYST_PA56.nii.gz,3,foreground,gamma,encoder_stage_3,1x128x48x48x48,451.2734375,0.0884307324886322,0.996084451675415,0.01438619289547205
CYST_PA56.nii.gz,3,foreground,gamma,encoder_stage_4,1x256x24x24x24,278.9309387207031,0.08635982125997543,0.9962676763534546,0.021984655410051346
CYST_PA56.nii.gz,3,foreground,gamma,encoder_stage_5,1x320x12x12x12,182.70884704589844,0.08929143100976944,0.9960206747055054,0.06037059426307678
CYST_PA56.nii.gz,3,foreground,gamma,encoder_bottleneck_deepest,1x320x6x6x6,71.42861938476562,0.08394917100667953,0.996475100517273,0.07381433993577957
CYST_PA56.nii.gz,3,foreground,blur,encoder_stage_1,1x32x192x192x192,6073.2109375,0.5058050751686096,0.8693341016769409,0.16284824907779694
CYST_PA56.nii.gz,3,foreground,blur,encoder_stage_2,1x64x96x96x96,4239.35791015625,0.4900122582912445,0.8770396709442139,0.3173997104167938
CYST_PA56.nii.gz,3,foreground,blur,encoder_stage_3,1x128x48x48x48,2040.59228515625,0.3998708128929138,0.9192132949829102,0.2941567301750183
CYST_PA56.nii.gz,3,foreground,blur,encoder_stage_4,1x256x24x24x24,1172.9144287109375,0.3631460964679718,0.9345983266830444,0.38873979449272156
CYST_PA56.nii.gz,3,foreground,blur,encoder_stage_5,1x320x12x12x12,773.328369140625,0.37793242931365967,0.9276008605957031,1.0815190076828003
CYST_PA56.nii.gz,3,foreground,blur,encoder_bottleneck_deepest,1x320x6x6x6,293.0947265625,0.3444705903530121,0.9406238794326782,1.2428314685821533
HCC_10136895_20170421.nii.gz,0,context,gamma,encoder_stage_1,1x32x192x192x192,1619.825927734375,0.13483558595180511,0.9908917546272278,0.011584652587771416
HCC_10136895_20170421.nii.gz,0,context,gamma,encoder_stage_2,1x64x96x96x96,1125.673095703125,0.1336023062467575,0.9910913705825806,0.02237849496304989
HCC_10136895_20170421.nii.gz,0,context,gamma,encoder_stage_3,1x128x48x48x48,602.944091796875,0.11875610053539276,0.9929500222206116,0.025681499391794205
HCC_10136895_20170421.nii.gz,0,context,gamma,encoder_stage_4,1x256x24x24x24,374.15692138671875,0.11680518835783005,0.9931625723838806,0.039557959884405136
HCC_10136895_20170421.nii.gz,0,context,gamma,encoder_stage_5,1x320x12x12x12,240.9510498046875,0.1188461184501648,0.9929335117340088,0.10499385744333267
HCC_10136895_20170421.nii.gz,0,context,gamma,encoder_bottleneck_deepest,1x320x6x6x6,91.73197937011719,0.10760216414928436,0.9942129254341125,0.12174125760793686
HCC_10136895_20170421.nii.gz,0,context,blur,encoder_stage_1,1x32x192x192x192,5019.86669921875,0.41785767674446106,0.9120363593101501,0.1112578734755516
HCC_10136895_20170421.nii.gz,0,context,blur,encoder_stage_2,1x64x96x96x96,3487.127685546875,0.4138752818107605,0.9124380350112915,0.2147543877363205
HCC_10136895_20170421.nii.gz,0,context,blur,encoder_stage_3,1x128x48x48x48,1720.6036376953125,0.33889076113700867,0.9422953128814697,0.20913560688495636
HCC_10136895_20170421.nii.gz,0,context,blur,encoder_stage_4,1x256x24x24x24,1005.5890502929688,0.31392714381217957,0.9515867829322815,0.2857376039028168
HCC_10136895_20170421.nii.gz,0,context,blur,encoder_stage_5,1x320x12x12x12,663.147705078125,0.32708939909935,0.9456053376197815,0.7952924370765686
HCC_10136895_20170421.nii.gz,0,context,blur,encoder_bottleneck_deepest,1x320x6x6x6,245.25547790527344,0.28768613934516907,0.9583083391189575,0.8702293038368225
HCC_10136895_20170421.nii.gz,1,context,gamma,encoder_stage_1,1x32x192x192x192,1634.364501953125,0.1334426999092102,0.9910905957221985,0.011793539859354496
HCC_10136895_20170421.nii.gz,1,context,gamma,encoder_stage_2,1x64x96x96x96,1107.25439453125,0.1319737583398819,0.9912928342819214,0.021652156487107277
HCC_10136895_20170421.nii.gz,1,context,gamma,encoder_stage_3,1x128x48x48x48,570.6927490234375,0.11225197464227676,0.9936974048614502,0.023007582873106003
HCC_10136895_20170421.nii.gz,1,context,gamma,encoder_stage_4,1x256x24x24x24,332.42340087890625,0.10412964969873428,0.9945724010467529,0.031225506216287613
HCC_10136895_20170421.nii.gz,1,context,gamma,encoder_stage_5,1x320x12x12x12,181.18112182617188,0.08910806477069855,0.9960293173789978,0.05936523526906967
HCC_10136895_20170421.nii.gz,1,context,gamma,encoder_bottleneck_deepest,1x320x6x6x6,64.6678237915039,0.07600023597478867,0.9971153736114502,0.06050242483615875
HCC_10136895_20170421.nii.gz,1,context,blur,encoder_stage_1,1x32x192x192x192,4830.26416015625,0.39438173174858093,0.9216371178627014,0.1030120700597763
HCC_10136895_20170421.nii.gz,1,context,blur,encoder_stage_2,1x64x96x96x96,3353.56640625,0.3997119069099426,0.9185764193534851,0.19861869513988495
HCC_10136895_20170421.nii.gz,1,context,blur,encoder_stage_3,1x128x48x48x48,1599.5474853515625,0.31462177634239197,0.9503068327903748,0.18074262142181396
HCC_10136895_20170421.nii.gz,1,context,blur,encoder_stage_4,1x256x24x24x24,891.9884643554688,0.27941006422042847,0.961453914642334,0.22482508420944214
HCC_10136895_20170421.nii.gz,1,context,blur,encoder_stage_5,1x320x12x12x12,527.7025756835938,0.2595334053039551,0.9660298228263855,0.5035988092422485
HCC_10136895_20170421.nii.gz,1,context,blur,encoder_bottleneck_deepest,1x320x6x6x6,189.56593322753906,0.22278553247451782,0.9750328063964844,0.5198964476585388
HCC_10136895_20170421.nii.gz,2,foreground,gamma,encoder_stage_1,1x32x192x192x192,2128.82421875,0.16783098876476288,0.985940158367157,0.020009025931358337
HCC_10136895_20170421.nii.gz,2,foreground,gamma,encoder_stage_2,1x64x96x96x96,1443.52685546875,0.16540178656578064,0.9863445162773132,0.036800701171159744
HCC_10136895_20170421.nii.gz,2,foreground,gamma,encoder_stage_3,1x128x48x48x48,719.4722900390625,0.13967081904411316,0.990307629108429,0.036567434668540955
HCC_10136895_20170421.nii.gz,2,foreground,gamma,encoder_stage_4,1x256x24x24x24,453.64892578125,0.14163601398468018,0.9899634122848511,0.05815219134092331
HCC_10136895_20170421.nii.gz,2,foreground,gamma,encoder_stage_5,1x320x12x12x12,267.6268310546875,0.13279497623443604,0.9911670088768005,0.12952856719493866
HCC_10136895_20170421.nii.gz,2,foreground,gamma,encoder_bottleneck_deepest,1x320x6x6x6,100.04252624511719,0.11849907785654068,0.992969810962677,0.14479900896549225
HCC_10136895_20170421.nii.gz,2,foreground,blur,encoder_stage_1,1x32x192x192x192,5981.52685546875,0.47156810760498047,0.8864727020263672,0.15796849131584167
HCC_10136895_20170421.nii.gz,2,foreground,blur,encoder_stage_2,1x64x96x96x96,3962.10400390625,0.45398470759391785,0.8942232728004456,0.27724140882492065
HCC_10136895_20170421.nii.gz,2,foreground,blur,encoder_stage_3,1x128x48x48x48,1866.845703125,0.36240988969802856,0.9338945746421814,0.24619723856449127
HCC_10136895_20170421.nii.gz,2,foreground,blur,encoder_stage_4,1x256x24x24x24,1031.982177734375,0.32220032811164856,0.9484415054321289,0.3009336292743683
HCC_10136895_20170421.nii.gz,2,foreground,blur,encoder_stage_5,1x320x12x12x12,616.8206176757812,0.3060630261898041,0.9528858661651611,0.6880563497543335
HCC_10136895_20170421.nii.gz,2,foreground,blur,encoder_bottleneck_deepest,1x320x6x6x6,230.07212829589844,0.27251744270324707,0.9628521800041199,0.765815794467926
HCC_10136895_20170421.nii.gz,3,foreground,gamma,encoder_stage_1,1x32x192x192x192,1745.9698486328125,0.1422688364982605,0.9898307919502258,0.013459217734634876
HCC_10136895_20170421.nii.gz,3,foreground,gamma,encoder_stage_2,1x64x96x96x96,1131.5321044921875,0.13164784014225006,0.9913415908813477,0.022612059488892555
HCC_10136895_20170421.nii.gz,3,foreground,gamma,encoder_stage_3,1x128x48x48x48,566.919921875,0.11099638044834137,0.9938431978225708,0.022704385221004486
HCC_10136895_20170421.nii.gz,3,foreground,gamma,encoder_stage_4,1x256x24x24x24,351.3675537109375,0.1102466732263565,0.9939106106758118,0.03488587588071823
HCC_10136895_20170421.nii.gz,3,foreground,gamma,encoder_stage_5,1x320x12x12x12,243.19326782226562,0.120087631046772,0.9927873015403748,0.10695704072713852
HCC_10136895_20170421.nii.gz,3,foreground,gamma,encoder_bottleneck_deepest,1x320x6x6x6,95.7958984375,0.11333323270082474,0.9935812950134277,0.1327669769525528
HCC_10136895_20170421.nii.gz,3,foreground,blur,encoder_stage_1,1x32x192x192x192,5343.10595703125,0.4353783428668976,0.9038525223731995,0.12604740262031555
HCC_10136895_20170421.nii.gz,3,foreground,blur,encoder_stage_2,1x64x96x96x96,3689.753173828125,0.42928346991539,0.9054919481277466,0.24043680727481842
HCC_10136895_20170421.nii.gz,3,foreground,blur,encoder_stage_3,1x128x48x48x48,1806.875732421875,0.35376542806625366,0.9369771480560303,0.23063376545906067
HCC_10136895_20170421.nii.gz,3,foreground,blur,encoder_stage_4,1x256x24x24x24,1011.9932861328125,0.3175275921821594,0.9501562714576721,0.2893886864185333
HCC_10136895_20170421.nii.gz,3,foreground,blur,encoder_stage_5,1x320x12x12x12,590.009033203125,0.2913435399532318,0.9572328925132751,0.6295403242111206
HCC_10136895_20170421.nii.gz,3,foreground,blur,encoder_bottleneck_deepest,1x320x6x6x6,219.4279327392578,0.2595985531806946,0.9662939310073853,0.6965945363044739
MET_PA13.nii.gz,0,context,gamma,encoder_stage_1,1x32x192x192x192,1373.6258544921875,0.11670863628387451,0.9931768178939819,0.008330733515322208
MET_PA13.nii.gz,0,context,gamma,encoder_stage_2,1x64x96x96x96,1025.4898681640625,0.12480980157852173,0.992195725440979,0.01857244409620762
MET_PA13.nii.gz,0,context,gamma,encoder_stage_3,1x128x48x48x48,587.3445434570312,0.11928599327802658,0.9928731918334961,0.02436981350183487
MET_PA13.nii.gz,0,context,gamma,encoder_stage_4,1x256x24x24x24,416.00067138671875,0.13404619693756104,0.9909801483154297,0.04890061914920807
MET_PA13.nii.gz,0,context,gamma,encoder_stage_5,1x320x12x12x12,249.96072387695312,0.12425121665000916,0.9922842979431152,0.11299256235361099
MET_PA13.nii.gz,0,context,gamma,encoder_bottleneck_deepest,1x320x6x6x6,95.37287139892578,0.11239351332187653,0.9936829805374146,0.13159699738025665
MET_PA13.nii.gz,0,context,blur,encoder_stage_1,1x32x192x192x192,4752.298828125,0.4037739336490631,0.9176992774009705,0.09971345961093903
MET_PA13.nii.gz,0,context,blur,encoder_stage_2,1x64x96x96x96,3481.402099609375,0.42371273040771484,0.9082034230232239,0.21404972672462463
MET_PA13.nii.gz,0,context,blur,encoder_stage_3,1x128x48x48x48,1741.417724609375,0.35367101430892944,0.9368744492530823,0.21422603726387024
MET_PA13.nii.gz,0,context,blur,encoder_stage_4,1x256x24x24x24,1077.0205078125,0.3470439314842224,0.9408585429191589,0.3277738392353058
MET_PA13.nii.gz,0,context,blur,encoder_stage_5,1x320x12x12x12,658.6804809570312,0.32741886377334595,0.9460415840148926,0.7846136689186096
MET_PA13.nii.gz,0,context,blur,encoder_bottleneck_deepest,1x320x6x6x6,241.06520080566406,0.2840867042541504,0.9596299529075623,0.8407469391822815
MET_PA13.nii.gz,1,context,gamma,encoder_stage_1,1x32x192x192x192,1427.44140625,0.12304268777370453,0.9924057722091675,0.00899627897888422
MET_PA13.nii.gz,1,context,gamma,encoder_stage_2,1x64x96x96x96,1117.356201171875,0.1284341812133789,0.9917542338371277,0.022049034014344215
MET_PA13.nii.gz,1,context,gamma,encoder_stage_3,1x128x48x48x48,561.1071166992188,0.10905144363641739,0.9940559267997742,0.02224118262529373
MET_PA13.nii.gz,1,context,gamma,encoder_stage_4,1x256x24x24x24,321.8012390136719,0.09850640594959259,0.9951363205909729,0.029261846095323563
MET_PA13.nii.gz,1,context,gamma,encoder_stage_5,1x320x12x12x12,163.40097045898438,0.07959397882223129,0.9968340396881104,0.04828536882996559
MET_PA13.nii.gz,1,context,gamma,encoder_bottleneck_deepest,1x320x6x6x6,62.20146179199219,0.07287795096635818,0.9973462224006653,0.05597543343901634
MET_PA13.nii.gz,1,context,blur,encoder_stage_1,1x32x192x192x192,5906.6572265625,0.5091423988342285,0.8666499853134155,0.1540387123823166
MET_PA13.nii.gz,1,context,blur,encoder_stage_2,1x64x96x96x96,4231.27294921875,0.48636242747306824,0.878654956817627,0.3161902129650116
MET_PA13.nii.gz,1,context,blur,encoder_stage_3,1x128x48x48x48,1971.2010498046875,0.3831039071083069,0.9257283210754395,0.2744910418987274
MET_PA13.nii.gz,1,context,blur,encoder_stage_4,1x256x24x24x24,1132.59423828125,0.3466978073120117,0.9411013722419739,0.3624724745750427
MET_PA13.nii.gz,1,context,blur,encoder_stage_5,1x320x12x12x12,716.2693481445312,0.34890076518058777,0.9383657574653625,0.9278099536895752
MET_PA13.nii.gz,1,context,blur,encoder_bottleneck_deepest,1x320x6x6x6,274.8859558105469,0.32206839323043823,0.9479436278343201,1.0932044982910156
MET_PA13.nii.gz,2,foreground,gamma,encoder_stage_1,1x32x192x192x192,1387.0054931640625,0.11776179075241089,0.9930456280708313,0.008493812754750252
MET_PA13.nii.gz,2,foreground,gamma,encoder_stage_2,1x64x96x96x96,1023.8223876953125,0.11843572556972504,0.9929671883583069,0.018512094393372536
MET_PA13.nii.gz,2,foreground,gamma,encoder_stage_3,1x128x48x48x48,527.677978515625,0.10385038703680038,0.9946078658103943,0.019669994711875916
MET_PA13.nii.gz,2,foreground,gamma,encoder_stage_4,1x256x24x24x24,310.793701171875,0.09636282175779343,0.9953465461730957,0.0272942204028368
MET_PA13.nii.gz,2,foreground,gamma,encoder_stage_5,1x320x12x12x12,161.07891845703125,0.0790102556347847,0.9968875646591187,0.046922776848077774
MET_PA13.nii.gz,2,foreground,gamma,encoder_bottleneck_deepest,1x320x6x6x6,57.31003189086914,0.06730031967163086,0.9977403879165649,0.04751793295145035
MET_PA13.nii.gz,2,foreground,blur,encoder_stage_1,1x32x192x192x192,5757.5498046875,0.4888368248939514,0.8783612847328186,0.14635978639125824
MET_PA13.nii.gz,2,foreground,blur,encoder_stage_2,1x64x96x96x96,4274.09326171875,0.4944269061088562,0.8752654194831848,0.32262226939201355
MET_PA13.nii.gz,2,foreground,blur,encoder_stage_3,1x128x48x48x48,2073.532958984375,0.408084511756897,0.9156860709190369,0.3037303686141968
MET_PA13.nii.gz,2,foreground,blur,encoder_stage_4,1x256x24x24x24,1155.0880126953125,0.35813963413238525,0.9368661046028137,0.37701311707496643
MET_PA13.nii.gz,2,foreground,blur,encoder_stage_5,1x320x12x12x12,637.4166870117188,0.31265702843666077,0.9506694078445435,0.7347729802131653
MET_PA13.nii.gz,2,foreground,blur,encoder_bottleneck_deepest,1x320x6x6x6,233.12673950195312,0.2737654149532318,0.962357759475708,0.7862857580184937
MET_PA13.nii.gz,3,foreground,gamma,encoder_stage_1,1x32x192x192x192,1465.7891845703125,0.12537850439548492,0.9921135306358337,0.009486136958003044
MET_PA13.nii.gz,3,foreground,gamma,encoder_stage_2,1x64x96x96x96,1081.810791015625,0.1245996505022049,0.9922284483909607,0.020668497309088707
MET_PA13.nii.gz,3,foreground,gamma,encoder_stage_3,1x128x48x48x48,518.2711791992188,0.10122092068195343,0.994879424571991,0.018974939361214638
MET_PA13.nii.gz,3,foreground,gamma,encoder_stage_4,1x256x24x24x24,288.9975891113281,0.08953124284744263,0.9959866404533386,0.023600149899721146
MET_PA13.nii.gz,3,foreground,gamma,encoder_stage_5,1x320x12x12x12,145.74349975585938,0.07042019814252853,0.9975241422653198,0.03841357305645943
MET_PA13.nii.gz,3,foreground,gamma,encoder_bottleneck_deepest,1x320x6x6x6,52.93728256225586,0.06160864606499672,0.9981023669242859,0.040543343871831894
MET_PA13.nii.gz,3,foreground,blur,encoder_stage_1,1x32x192x192x192,5872.083984375,0.5022776126861572,0.8701756000518799,0.15224072337150574
MET_PA13.nii.gz,3,foreground,blur,encoder_stage_2,1x64x96x96x96,4293.69384765625,0.4945344924926758,0.874734103679657,0.32558801770210266
MET_PA13.nii.gz,3,foreground,blur,encoder_stage_3,1x128x48x48x48,2043.8568115234375,0.3991753160953522,0.9192133545875549,0.2950986623764038
MET_PA13.nii.gz,3,foreground,blur,encoder_stage_4,1x256x24x24x24,1153.9754638671875,0.35750076174736023,0.9376587271690369,0.37628722190856934
MET_PA13.nii.gz,3,foreground,blur,encoder_stage_5,1x320x12x12x12,623.4772338867188,0.301251083612442,0.9540857672691345,0.7029873132705688
MET_PA13.nii.gz,3,foreground,blur,encoder_bottleneck_deepest,1x320x6x6x6,225.1900634765625,0.2620772123336792,0.9655215740203857,0.7336597442626953
HCC_10074592_20130816.nii.gz,0,context,gamma,encoder_stage_1,1x32x192x192x192,1436.1064453125,0.1173730343580246,0.9930998086929321,0.009105831384658813
HCC_10074592_20130816.nii.gz,0,context,gamma,encoder_stage_2,1x64x96x96x96,987.4216918945312,0.11604469269514084,0.993303656578064,0.017219146713614464
HCC_10074592_20130816.nii.gz,0,context,gamma,encoder_stage_3,1x128x48x48x48,501.1996765136719,0.09858962893486023,0.9951460957527161,0.01774548552930355
HCC_10074592_20130816.nii.gz,0,context,gamma,encoder_stage_4,1x256x24x24x24,303.135498046875,0.09388977289199829,0.9955834746360779,0.02596569061279297
HCC_10074592_20130816.nii.gz,0,context,gamma,encoder_stage_5,1x320x12x12x12,176.78750610351562,0.08712875843048096,0.9962089657783508,0.05652095004916191
HCC_10074592_20130816.nii.gz,0,context,gamma,encoder_bottleneck_deepest,1x320x6x6x6,66.45661163330078,0.07803290337324142,0.996956467628479,0.06389584392309189
HCC_10074592_20130816.nii.gz,0,context,blur,encoder_stage_1,1x32x192x192x192,4713.01025390625,0.3851945102214813,0.9248180389404297,0.09807156026363373
HCC_10074592_20130816.nii.gz,0,context,blur,encoder_stage_2,1x64x96x96x96,3511.936279296875,0.4127330482006073,0.9126136898994446,0.2178208976984024
HCC_10074592_20130816.nii.gz,0,context,blur,encoder_stage_3,1x128x48x48x48,1704.7957763671875,0.3353457450866699,0.9433364272117615,0.20531043410301208
HCC_10074592_20130816.nii.gz,0,context,blur,encoder_stage_4,1x256x24x24x24,973.8892822265625,0.3016414940357208,0.9550490379333496,0.2680065929889679
HCC_10074592_20130816.nii.gz,0,context,blur,encoder_stage_5,1x320x12x12x12,601.444580078125,0.296418696641922,0.9556712508201599,0.6541803479194641
HCC_10074592_20130816.nii.gz,0,context,blur,encoder_bottleneck_deepest,1x320x6x6x6,221.14495849609375,0.25966691970825195,0.9661647081375122,0.7075389623641968
HCC_10074592_20130816.nii.gz,1,context,gamma,encoder_stage_1,1x32x192x192x192,1559.4132080078125,0.12707382440567017,0.991916298866272,0.010736648924648762
HCC_10074592_20130816.nii.gz,1,context,gamma,encoder_stage_2,1x64x96x96x96,989.8885498046875,0.11626166105270386,0.9932465553283691,0.017305292189121246
HCC_10074592_20130816.nii.gz,1,context,gamma,encoder_stage_3,1x128x48x48x48,489.7989196777344,0.09672587364912033,0.9953216314315796,0.01694735512137413
HCC_10074592_20130816.nii.gz,1,context,gamma,encoder_stage_4,1x256x24x24x24,297.60772705078125,0.09285618364810944,0.9956819415092468,0.02502734214067459
HCC_10074592_20130816.nii.gz,1,context,gamma,encoder_stage_5,1x320x12x12x12,168.63246154785156,0.08345246315002441,0.9965216517448425,0.05142669752240181
HCC_10074592_20130816.nii.gz,1,context,gamma,encoder_bottleneck_deepest,1x320x6x6x6,59.901309967041016,0.07066995650529861,0.9975064992904663,0.05191213637590408
HCC_10074592_20130816.nii.gz,1,context,blur,encoder_stage_1,1x32x192x192x192,4657.83984375,0.37955912947654724,0.9270802140235901,0.09578895568847656
HCC_10074592_20130816.nii.gz,1,context,blur,encoder_stage_2,1x64x96x96x96,3419.871826171875,0.40166133642196655,0.9177320599555969,0.20655038952827454
HCC_10074592_20130816.nii.gz,1,context,blur,encoder_stage_3,1x128x48x48x48,1635.4395751953125,0.32296788692474365,0.9474128484725952,0.1889449656009674
HCC_10074592_20130816.nii.gz,1,context,blur,encoder_stage_4,1x256x24x24x24,900.7417602539062,0.2810392379760742,0.961124837398529,0.22925926744937897
HCC_10074592_20130816.nii.gz,1,context,blur,encoder_stage_5,1x320x12x12x12,537.35888671875,0.2659269869327545,0.9643025994300842,0.522197961807251
HCC_10074592_20130816.nii.gz,1,context,blur,encoder_bottleneck_deepest,1x320x6x6x6,195.3574676513672,0.2304774820804596,0.9732698202133179,0.5521489977836609
HCC_10074592_20130816.nii.gz,2,foreground,gamma,encoder_stage_1,1x32x192x192x192,1790.5802001953125,0.14342235028743744,0.9896643161773682,0.014155782759189606
HCC_10074592_20130816.nii.gz,2,foreground,gamma,encoder_stage_2,1x64x96x96x96,1254.0589599609375,0.1470695286989212,0.9891902804374695,0.02777424082159996
HCC_10074592_20130816.nii.gz,2,foreground,gamma,encoder_stage_3,1x128x48x48x48,664.7728881835938,0.13031263649463654,0.9915242791175842,0.03121856600046158
HCC_10074592_20130816.nii.gz,2,foreground,gamma,encoder_stage_4,1x256x24x24x24,408.2777404785156,0.12760396301746368,0.9918409585952759,0.04710182547569275
HCC_10074592_20130816.nii.gz,2,foreground,gamma,encoder_stage_5,1x320x12x12x12,246.8924560546875,0.12161964923143387,0.992587685585022,0.11023560911417007
HCC_10074592_20130816.nii.gz,2,foreground,gamma,encoder_bottleneck_deepest,1x320x6x6x6,93.73766326904297,0.11063530296087265,0.9938720464706421,0.12712311744689941
HCC_10074592_20130816.nii.gz,2,foreground,blur,encoder_stage_1,1x32x192x192x192,4964.17138671875,0.3976214826107025,0.9197126030921936,0.10880275070667267
HCC_10074592_20130816.nii.gz,2,foreground,blur,encoder_stage_2,1x64x96x96x96,3540.038330078125,0.4151573181152344,0.911865234375,0.22132082283496857
HCC_10074592_20130816.nii.gz,2,foreground,blur,encoder_stage_3,1x128x48x48x48,1727.1064453125,0.3385574221611023,0.9422316551208496,0.21071940660476685
HCC_10074592_20130816.nii.gz,2,foreground,blur,encoder_stage_4,1x256x24x24x24,994.9821166992188,0.31097376346588135,0.9519858956336975,0.27974146604537964
HCC_10074592_20130816.nii.gz,2,foreground,blur,encoder_stage_5,1x320x12x12x12,606.6220092773438,0.2988230288028717,0.9550496339797974,0.6654916405677795
HCC_10074592_20130816.nii.gz,2,foreground,blur,encoder_bottleneck_deepest,1x320x6x6x6,231.45909118652344,0.27318310737609863,0.9626197218894958,0.7750768661499023
HCC_10074592_20130816.nii.gz,3,foreground,gamma,encoder_stage_1,1x32x192x192x192,1822.3345947265625,0.1459384262561798,0.9893099069595337,0.014662317000329494
HCC_10074592_20130816.nii.gz,3,foreground,gamma,encoder_stage_2,1x64x96x96x96,1289.130859375,0.14978739619255066,0.9887818098068237,0.02934947796165943
HCC_10074592_20130816.nii.gz,3,foreground,gamma,encoder_stage_3,1x128x48x48x48,680.5698852539062,0.13290196657180786,0.9911940693855286,0.03271988779306412
HCC_10074592_20130816.nii.gz,3,foreground,gamma,encoder_stage_4,1x256x24x24x24,406.76837158203125,0.12771014869213104,0.9918312430381775,0.046754200011491776
HCC_10074592_20130816.nii.gz,3,foreground,gamma,encoder_stage_5,1x320x12x12x12,228.91676330566406,0.11192747950553894,0.9937266111373901,0.09476794302463531
HCC_10074592_20130816.nii.gz,3,foreground,gamma,encoder_bottleneck_deepest,1x320x6x6x6,82.5899658203125,0.09696836024522781,0.9952958822250366,0.09868493676185608
HCC_10074592_20130816.nii.gz,3,foreground,blur,encoder_stage_1,1x32x192x192x192,5518.2939453125,0.44192278385162354,0.9005194306373596,0.13444851338863373
HCC_10074592_20130816.nii.gz,3,foreground,blur,encoder_stage_2,1x64x96x96x96,3808.22705078125,0.44248759746551514,0.8997671604156494,0.25612500309944153
HCC_10074592_20130816.nii.gz,3,foreground,blur,encoder_stage_3,1x128x48x48x48,1809.0028076171875,0.3532628118991852,0.9371078014373779,0.23117706179618835
HCC_10074592_20130816.nii.gz,3,foreground,blur,encoder_stage_4,1x256x24x24x24,996.1815795898438,0.3127639889717102,0.9514263868331909,0.280416339635849
HCC_10074592_20130816.nii.gz,3,foreground,blur,encoder_stage_5,1x320x12x12x12,578.8282470703125,0.28301459550857544,0.9597336649894714,0.6059066653251648
HCC_10074592_20130816.nii.gz,3,foreground,blur,encoder_bottleneck_deepest,1x320x6x6x6,213.4806365966797,0.2506462633609772,0.9685534238815308,0.6593457460403442
CYST_PA19.nii.gz,0,context,gamma,encoder_stage_1,1x32x192x192x192,1343.514892578125,0.11217547208070755,0.9937014579772949,0.007969504222273827
CYST_PA19.nii.gz,0,context,gamma,encoder_stage_2,1x64x96x96x96,1059.9254150390625,0.127345472574234,0.9918758869171143,0.019840696826577187
CYST_PA19.nii.gz,0,context,gamma,encoder_stage_3,1x128x48x48x48,628.7981567382812,0.12649394571781158,0.9919973015785217,0.027931151911616325
CYST_PA19.nii.gz,0,context,gamma,encoder_stage_4,1x256x24x24x24,448.57220458984375,0.14167770743370056,0.9899331331253052,0.05685793235898018
CYST_PA19.nii.gz,0,context,gamma,encoder_stage_5,1x320x12x12x12,260.7435302734375,0.1296093463897705,0.9915918111801147,0.12295138090848923
CYST_PA19.nii.gz,0,context,gamma,encoder_bottleneck_deepest,1x320x6x6x6,100.21338653564453,0.11798178404569626,0.9930368065834045,0.14529401063919067
CYST_PA19.nii.gz,0,context,blur,encoder_stage_1,1x32x192x192x192,4760.6630859375,0.39748695492744446,0.9207586050033569,0.10006478428840637
CYST_PA19.nii.gz,0,context,blur,encoder_stage_2,1x64x96x96x96,3675.712646484375,0.44162100553512573,0.9008013010025024,0.23861044645309448
CYST_PA19.nii.gz,0,context,blur,encoder_stage_3,1x128x48x48x48,1752.9014892578125,0.35262733697891235,0.9370979070663452,0.21706077456474304
CYST_PA19.nii.gz,0,context,blur,encoder_stage_4,1x256x24x24x24,1076.30322265625,0.33994120359420776,0.9431444406509399,0.327337384223938
CYST_PA19.nii.gz,0,context,blur,encoder_stage_5,1x320x12x12x12,621.4869384765625,0.30892622470855713,0.9518589377403259,0.698506236076355
CYST_PA19.nii.gz,0,context,blur,encoder_bottleneck_deepest,1x320x6x6x6,231.8900146484375,0.2730054259300232,0.9625911116600037,0.7779654860496521
CYST_PA19.nii.gz,1,context,gamma,encoder_stage_1,1x32x192x192x192,1451.9493408203125,0.12304094433784485,0.9924136996269226,0.009307848289608955
CYST_PA19.nii.gz,1,context,gamma,encoder_stage_2,1x64x96x96x96,1099.9969482421875,0.12374566495418549,0.9923477172851562,0.02136925421655178
CYST_PA19.nii.gz,1,context,gamma,encoder_stage_3,1x128x48x48x48,536.262939453125,0.10335966944694519,0.9946631193161011,0.02031523734331131
CYST_PA19.nii.gz,1,context,gamma,encoder_stage_4,1x256x24x24x24,300.53106689453125,0.0924781784415245,0.9957156181335449,0.025521432980895042
CYST_PA19.nii.gz,1,context,gamma,encoder_stage_5,1x320x12x12x12,149.00436401367188,0.0719112679362297,0.9974166750907898,0.040151726454496384
CYST_PA19.nii.gz,1,context,gamma,encoder_bottleneck_deepest,1x320x6x6x6,56.413394927978516,0.06581088155508041,0.9978352785110474,0.04604269564151764
CYST_PA19.nii.gz,1,context,blur,encoder_stage_1,1x32x192x192x192,6045.73095703125,0.512326717376709,0.8654079437255859,0.16137787699699402
CYST_PA19.nii.gz,1,context,blur,encoder_stage_2,1x64x96x96x96,4307.73291015625,0.4846042990684509,0.879905104637146,0.3277207016944885
CYST_PA19.nii.gz,1,context,blur,encoder_stage_3,1x128x48x48x48,1968.3402099609375,0.37937918305397034,0.9272747039794922,0.27369484305381775
CYST_PA19.nii.gz,1,context,blur,encoder_stage_4,1x256x24x24x24,1107.6322021484375,0.3408359885215759,0.943167507648468,0.346670925617218
CYST_PA19.nii.gz,1,context,blur,encoder_stage_5,1x320x12x12x12,556.6110229492188,0.2686270773410797,0.9634265899658203,0.5602861046791077
CYST_PA19.nii.gz,1,context,blur,encoder_bottleneck_deepest,1x320x6x6x6,198.18453979492188,0.23119862377643585,0.9730868339538574,0.5682452321052551
CYST_PA19.nii.gz,2,foreground,gamma,encoder_stage_1,1x32x192x192x192,1370.6278076171875,0.11507866531610489,0.9933566451072693,0.008294408209621906
CYST_PA19.nii.gz,2,foreground,gamma,encoder_stage_2,1x64x96x96x96,1020.0592651367188,0.11701862514019012,0.9931598901748657,0.01837625913321972
CYST_PA19.nii.gz,2,foreground,gamma,encoder_stage_3,1x128x48x48x48,513.7618408203125,0.09956423938274384,0.9950541853904724,0.018646184355020523
CYST_PA19.nii.gz,2,foreground,gamma,encoder_stage_4,1x256x24x24x24,286.9887390136719,0.08832837641239166,0.9960917830467224,0.023273196071386337
CYST_PA19.nii.gz,2,foreground,gamma,encoder_stage_5,1x320x12x12x12,154.1031036376953,0.07502682507038116,0.9971904754638672,0.04294662922620773
CYST_PA19.nii.gz,2,foreground,gamma,encoder_bottleneck_deepest,1x320x6x6x6,57.026546478271484,0.06691472232341766,0.9977611899375916,0.04704900085926056
CYST_PA19.nii.gz,2,foreground,blur,encoder_stage_1,1x32x192x192x192,5687.353515625,0.4775133430957794,0.8836132884025574,0.14281268417835236
CYST_PA19.nii.gz,2,foreground,blur,encoder_stage_2,1x64x96x96x96,4238.3515625,0.48621299862861633,0.8793057203292847,0.31724902987480164
CYST_PA19.nii.gz,2,foreground,blur,encoder_stage_3,1x128x48x48x48,2016.69091796875,0.39082369208335876,0.9226781129837036,0.2873062193393707
CYST_PA19.nii.gz,2,foreground,blur,encoder_stage_4,1x256x24x24x24,1121.7994384765625,0.34526345133781433,0.9412700533866882,0.3555959165096283
CYST_PA19.nii.gz,2,foreground,blur,encoder_stage_5,1x320x12x12x12,623.4530029296875,0.3035351037979126,0.9535003900527954,0.7029326558113098
CYST_PA19.nii.gz,2,foreground,blur,encoder_bottleneck_deepest,1x320x6x6x6,227.99566650390625,0.2675292193889618,0.9640108942985535,0.752054750919342
CYST_PA19.nii.gz,3,foreground,gamma,encoder_stage_1,1x32x192x192x192,1514.6153564453125,0.12744593620300293,0.9918569922447205,0.010128636844456196
CYST_PA19.nii.gz,3,foreground,gamma,encoder_stage_2,1x64x96x96x96,1120.7529296875,0.12682823836803436,0.991958498954773,0.02218329720199108
CYST_PA19.nii.gz,3,foreground,gamma,encoder_stage_3,1x128x48x48x48,538.313720703125,0.10406314581632614,0.9945933222770691,0.020470915362238884
CYST_PA19.nii.gz,3,foreground,gamma,encoder_stage_4,1x256x24x24x24,301.3311462402344,0.09280142188072205,0.9956846833229065,0.025657501071691513
CYST_PA19.nii.gz,3,foreground,gamma,encoder_stage_5,1x320x12x12x12,139.33670043945312,0.06667882949113846,0.9977788925170898,0.03511052206158638
CYST_PA19.nii.gz,3,foreground,gamma,encoder_bottleneck_deepest,1x320x6x6x6,48.073673248291016,0.05586416274309158,0.9984404444694519,0.03343573585152626
CYST_PA19.nii.gz,3,foreground,blur,encoder_stage_1,1x32x192x192x192,5986.89111328125,0.5037615299224854,0.8697724342346191,0.15825194120407104
CYST_PA19.nii.gz,3,foreground,blur,encoder_stage_2,1x64x96x96x96,4278.44287109375,0.4841632544994354,0.8803429007530212,0.3232792019844055
CYST_PA19.nii.gz,3,foreground,blur,encoder_stage_3,1x128x48x48x48,1956.70751953125,0.3782573938369751,0.9275926351547241,0.27046942710876465
CYST_PA19.nii.gz,3,foreground,blur,encoder_stage_4,1x256x24x24x24,1117.483642578125,0.34415316581726074,0.9420098662376404,0.352865070104599
CYST_PA19.nii.gz,3,foreground,blur,encoder_stage_5,1x320x12x12x12,633.8447265625,0.30332300066947937,0.9533831477165222,0.7265608906745911
CYST_PA19.nii.gz,3,foreground,blur,encoder_bottleneck_deepest,1x320x6x6x6,228.87779235839844,0.2659681737422943,0.9644129276275635,0.7578855156898499
HEM_PA13.nii.gz,0,context,gamma,encoder_stage_1,1x32x192x192x192,1499.7471923828125,0.12131799757480621,0.992641806602478,0.009930758737027645
HEM_PA13.nii.gz,0,context,gamma,encoder_stage_2,1x64x96x96x96,1029.1470947265625,0.12402777373790741,0.9922901391983032,0.018705151975154877
HEM_PA13.nii.gz,0,context,gamma,encoder_stage_3,1x128x48x48x48,560.2979736328125,0.11161868274211884,0.9937551021575928,0.022177085280418396
HEM_PA13.nii.gz,0,context,gamma,encoder_stage_4,1x256x24x24x24,403.82012939453125,0.12664678692817688,0.9919506311416626,0.046078912913799286
HEM_PA13.nii.gz,0,context,gamma,encoder_stage_5,1x320x12x12x12,240.2204132080078,0.12035670876502991,0.992753803730011,0.10435808449983597
HEM_PA13.nii.gz,0,context,gamma,encoder_bottleneck_deepest,1x320x6x6x6,91.81172180175781,0.10794686526060104,0.9941704869270325,0.12195301800966263
HEM_PA13.nii.gz,0,context,blur,encoder_stage_1,1x32x192x192x192,5038.14208984375,0.40754690766334534,0.916612446308136,0.11206944286823273
HEM_PA13.nii.gz,0,context,blur,encoder_stage_2,1x64x96x96x96,3707.6025390625,0.4468221068382263,0.8978750109672546,0.24276867508888245
HEM_PA13.nii.gz,0,context,blur,encoder_stage_3,1x128x48x48x48,1812.3203125,0.36103788018226624,0.9341062307357788,0.23202577233314514
HEM_PA13.nii.gz,0,context,blur,encoder_stage_4,1x256x24x24x24,1143.3148193359375,0.3585684299468994,0.9369539618492126,0.3693668842315674
HEM_PA13.nii.gz,0,context,blur,encoder_stage_5,1x320x12x12x12,661.1536254882812,0.3312552571296692,0.944718062877655,0.79051673412323
HEM_PA13.nii.gz,0,context,blur,encoder_bottleneck_deepest,1x320x6x6x6,250.02841186523438,0.2939688265323639,0.9566815495491028,0.9044300317764282
HEM_PA13.nii.gz,1,context,gamma,encoder_stage_1,1x32x192x192x192,1627.9010009765625,0.13560251891613007,0.9907748103141785,0.011700443923473358
HEM_PA13.nii.gz,1,context,gamma,encoder_stage_2,1x64x96x96x96,1149.71044921875,0.1308482587337494,0.9914219379425049,0.023344429209828377
HEM_PA13.nii.gz,1,context,gamma,encoder_stage_3,1x128x48x48x48,565.3886108398438,0.11020182818174362,0.993923008441925,0.022581899538636208
HEM_PA13.nii.gz,1,context,gamma,encoder_stage_4,1x256x24x24x24,334.5647277832031,0.10293936729431152,0.9946877956390381,0.031629081815481186
HEM_PA13.nii.gz,1,context,gamma,encoder_stage_5,1x320x12x12x12,159.6464080810547,0.0776524767279625,0.9969868063926697,0.046091899275779724
HEM_PA13.nii.gz,1,context,gamma,encoder_bottleneck_deepest,1x320x6x6x6,58.68161392211914,0.06858562678098679,0.9976469874382019,0.049819618463516235
HEM_PA13.nii.gz,1,context,blur,encoder_stage_1,1x32x192x192x192,6181.3828125,0.5149030089378357,0.8634995222091675,0.16870099306106567
HEM_PA13.nii.gz,1,context,blur,encoder_stage_2,1x64x96x96x96,4231.41259765625,0.48157599568367004,0.881111741065979,0.316211074590683
HEM_PA13.nii.gz,1,context,blur,encoder_stage_3,1x128x48x48x48,1921.4195556640625,0.3745104670524597,0.9289644956588745,0.26080191135406494
HEM_PA13.nii.gz,1,context,blur,encoder_stage_4,1x256x24x24x24,1079.2332763671875,0.3320600688457489,0.945619523525238,0.32912200689315796
HEM_PA13.nii.gz,1,context,blur,encoder_stage_5,1x320x12x12x12,551.2205810546875,0.2681153118610382,0.9637259244918823,0.5494866371154785
HEM_PA13.nii.gz,1,context,blur,encoder_bottleneck_deepest,1x320x6x6x6,199.33738708496094,0.2329806387424469,0.9727172255516052,0.5748754739761353
HEM_PA13.nii.gz,2,foreground,gamma,encoder_stage_1,1x32x192x192x192,1547.604736328125,0.12882988154888153,0.9916983842849731,0.010574661195278168
HEM_PA13.nii.gz,2,foreground,gamma,encoder_stage_2,1x64x96x96x96,1142.1602783203125,0.12874747812747955,0.9917116165161133,0.0230388306081295
HEM_PA13.nii.gz,2,foreground,gamma,encoder_stage_3,1x128x48x48x48,561.906494140625,0.10846530646085739,0.9941205382347107,0.022304601967334747
HEM_PA13.nii.gz,2,foreground,gamma,encoder_stage_4,1x256x24x24x24,338.17938232421875,0.10367818176746368,0.9946109652519226,0.03231622278690338
HEM_PA13.nii.gz,2,foreground,gamma,encoder_stage_5,1x320x12x12x12,198.94491577148438,0.09744846075773239,0.9952614903450012,0.07157675176858902
HEM_PA13.nii.gz,2,foreground,gamma,encoder_bottleneck_deepest,1x320x6x6x6,75.91260528564453,0.08901825547218323,0.9960404634475708,0.08337273448705673
HEM_PA13.nii.gz,2,foreground,blur,encoder_stage_1,1x32x192x192x192,6206.57177734375,0.5166641473770142,0.8621947169303894,0.17007867991924286
HEM_PA13.nii.gz,2,foreground,blur,encoder_stage_2,1x64x96x96x96,4438.71923828125,0.5003447532653809,0.8719648122787476,0.3479538559913635
HEM_PA13.nii.gz,2,foreground,blur,encoder_stage_3,1x128x48x48x48,2038.4945068359375,0.3934924006462097,0.9214401841163635,0.2935522496700287
HEM_PA13.nii.gz,2,foreground,blur,encoder_stage_4,1x256x24x24x24,1108.6644287109375,0.33989155292510986,0.9429121017456055,0.3473173677921295
HEM_PA13.nii.gz,2,foreground,blur,encoder_stage_5,1x320x12x12x12,610.66748046875,0.29912102222442627,0.9548724293708801,0.674397349357605
HEM_PA13.nii.gz,2,foreground,blur,encoder_bottleneck_deepest,1x320x6x6x6,223.60337829589844,0.2622065544128418,0.9655079245567322,0.7233574986457825
HEM_PA13.nii.gz,3,foreground,gamma,encoder_stage_1,1x32x192x192x192,1651.9151611328125,0.13774149119853973,0.9905005097389221,0.012048190459609032
HEM_PA13.nii.gz,3,foreground,gamma,encoder_stage_2,1x64x96x96x96,1159.82275390625,0.13155406713485718,0.991330623626709,0.023756887763738632
HEM_PA13.nii.gz,3,foreground,gamma,encoder_stage_3,1x128x48x48x48,564.906494140625,0.10989171266555786,0.9939542412757874,0.02254340425133705
HEM_PA13.nii.gz,3,foreground,gamma,encoder_stage_4,1x256x24x24x24,353.1564025878906,0.10840477794408798,0.9941074252128601,0.0352419912815094
HEM_PA13.nii.gz,3,foreground,gamma,encoder_stage_5,1x320x12x12x12,183.2637939453125,0.08911853283643723,0.9960298538208008,0.06073787808418274
HEM_PA13.nii.gz,3,foreground,gamma,encoder_bottleneck_deepest,1x320x6x6x6,65.443115234375,0.07618735730648041,0.9970964193344116,0.061961829662323
HEM_PA13.nii.gz,3,foreground,blur,encoder_stage_1,1x32x192x192x192,6195.72705078125,0.5166177749633789,0.8621070384979248,0.16948483884334564
HEM_PA13.nii.gz,3,foreground,blur,encoder_stage_2,1x64x96x96x96,4400.7822265625,0.4991631507873535,0.8727566003799438,0.3420315086841583
HEM_PA13.nii.gz,3,foreground,blur,encoder_stage_3,1x128x48x48x48,2053.034423828125,0.3993784189224243,0.9189878702163696,0.29775479435920715
HEM_PA13.nii.gz,3,foreground,blur,encoder_stage_4,1x256x24x24x24,1206.7132568359375,0.37041231989860535,0.9329547882080078,0.41146644949913025
HEM_PA13.nii.gz,3,foreground,blur,encoder_stage_5,1x320x12x12x12,707.5206298828125,0.3440570533275604,0.9401243925094604,0.9052832722663879
HEM_PA13.nii.gz,3,foreground,blur,encoder_bottleneck_deepest,1x320x6x6x6,257.2224426269531,0.29945242404937744,0.954987108707428,0.95722496509552
HCC_10142924_20170911.nii.gz,0,context,gamma,encoder_stage_1,1x32x192x192x192,1554.8232421875,0.1303359866142273,0.9914831519126892,0.010673538781702518
HCC_10142924_20170911.nii.gz,0,context,gamma,encoder_stage_2,1x64x96x96x96,1080.134765625,0.13010914623737335,0.9915305972099304,0.020604506134986877
HCC_10142924_20170911.nii.gz,0,context,gamma,encoder_stage_3,1x128x48x48x48,561.760986328125,0.11189258843660355,0.9937394261360168,0.02229304611682892
HCC_10142924_20170911.nii.gz,0,context,gamma,encoder_stage_4,1x256x24x24x24,346.75323486328125,0.10869207233190536,0.9940810799598694,0.033975616097450256
HCC_10142924_20170911.nii.gz,0,context,gamma,encoder_stage_5,1x320x12x12x12,210.5128936767578,0.1049652025103569,0.9944885969161987,0.08014263957738876
HCC_10142924_20170911.nii.gz,0,context,gamma,encoder_bottleneck_deepest,1x320x6x6x6,79.6761703491211,0.09411902725696564,0.9955732822418213,0.09184449911117554
HCC_10142924_20170911.nii.gz,0,context,blur,encoder_stage_1,1x32x192x192x192,4719.2236328125,0.39559778571128845,0.9212185144424438,0.0983303114771843
HCC_10142924_20170911.nii.gz,0,context,blur,encoder_stage_2,1x64x96x96x96,3368.234375,0.4057253897190094,0.9161956906318665,0.20035994052886963
HCC_10142924_20170911.nii.gz,0,context,blur,encoder_stage_3,1x128x48x48x48,1610.3826904296875,0.32075896859169006,0.9483048915863037,0.18319959938526154
HCC_10142924_20170911.nii.gz,0,context,blur,encoder_stage_4,1x256x24x24x24,959.3165283203125,0.3007040321826935,0.9553643465042114,0.26004600524902344
HCC_10142924_20170911.nii.gz,0,context,blur,encoder_stage_5,1x320x12x12x12,652.6458129882812,0.32541996240615845,0.9462860226631165,0.7703025937080383
HCC_10142924_20170911.nii.gz,0,context,blur,encoder_bottleneck_deepest,1x320x6x6x6,247.0432891845703,0.29182469844818115,0.9570945501327515,0.8829627633094788
HCC_10142924_20170911.nii.gz,1,context,gamma,encoder_stage_1,1x32x192x192x192,1672.7174072265625,0.14086860418319702,0.990068256855011,0.01235354132950306
HCC_10142924_20170911.nii.gz,1,context,gamma,encoder_stage_2,1x64x96x96x96,1064.98388671875,0.12817135453224182,0.9917584657669067,0.02003053016960621
HCC_10142924_20170911.nii.gz,1,context,gamma,encoder_stage_3,1x128x48x48x48,525.958251953125,0.10584138333797455,0.994388222694397,0.019541991874575615
HCC_10142924_20170911.nii.gz,1,context,gamma,encoder_stage_4,1x256x24x24x24,336.774169921875,0.10532663017511368,0.9944478869438171,0.032048217952251434
HCC_10142924_20170911.nii.gz,1,context,gamma,encoder_stage_5,1x320x12x12x12,204.97547912597656,0.10274410247802734,0.9947164058685303,0.07598188519477844
HCC_10142924_20170911.nii.gz,1,context,gamma,encoder_bottleneck_deepest,1x320x6x6x6,75.00647735595703,0.08911669999361038,0.9960300922393799,0.0813942700624466
HCC_10142924_20170911.nii.gz,1,context,blur,encoder_stage_1,1x32x192x192x192,4637.6142578125,0.390558660030365,0.9229327440261841,0.09495888650417328
HCC_10142924_20170911.nii.gz,1,context,blur,encoder_stage_2,1x64x96x96x96,3272.2763671875,0.3938201069831848,0.9214890599250793,0.18910638988018036
HCC_10142924_20170911.nii.gz,1,context,blur,encoder_stage_3,1x128x48x48x48,1535.89013671875,0.30907535552978516,0.952052652835846,0.16664282977581024
HCC_10142924_20170911.nii.gz,1,context,blur,encoder_stage_4,1x256x24x24x24,900.0591430664062,0.2814948558807373,0.9606647491455078,0.22891190648078918
HCC_10142924_20170911.nii.gz,1,context,blur,encoder_stage_5,1x320x12x12x12,612.007568359375,0.3067692220211029,0.9524054527282715,0.677360475063324
HCC_10142924_20170911.nii.gz,1,context,blur,encoder_bottleneck_deepest,1x320x6x6x6,241.4201202392578,0.28683608770370483,0.9586681127548218,0.8432244062423706
HCC_10142924_20170911.nii.gz,2,foreground,gamma,encoder_stage_1,1x32x192x192x192,1813.0926513671875,0.1492920070886612,0.9887949228286743,0.014513974077999592
HCC_10142924_20170911.nii.gz,2,foreground,gamma,encoder_stage_2,1x64x96x96x96,1234.257080078125,0.1460539996623993,0.989292562007904,0.026904044672846794
HCC_10142924_20170911.nii.gz,2,foreground,gamma,encoder_stage_3,1x128x48x48x48,611.5594482421875,0.12193495035171509,0.9925650954246521,0.026420660316944122
HCC_10142924_20170911.nii.gz,2,foreground,gamma,encoder_stage_4,1x256x24x24x24,361.81939697265625,0.11433865129947662,0.9934502840042114,0.036992188543081284
HCC_10142924_20170911.nii.gz,2,foreground,gamma,encoder_stage_5,1x320x12x12x12,210.5901641845703,0.10214924067258835,0.9947700500488281,0.08020149171352386
HCC_10142924_20170911.nii.gz,2,foreground,gamma,encoder_bottleneck_deepest,1x320x6x6x6,75.2510757446289,0.08772427588701248,0.9961478114128113,0.08192598819732666
HCC_10142924_20170911.nii.gz,2,foreground,blur,encoder_stage_1,1x32x192x192x192,5042.9638671875,0.41524308919906616,0.9121469259262085,0.11228404194116592
HCC_10142924_20170911.nii.gz,2,foreground,blur,encoder_stage_2,1x64x96x96x96,3652.13525390625,0.432170033454895,0.9049718379974365,0.23555918037891388
HCC_10142924_20170911.nii.gz,2,foreground,blur,encoder_stage_3,1x128x48x48x48,1747.393798828125,0.3484017550945282,0.9390096068382263,0.21569888293743134
HCC_10142924_20170911.nii.gz,2,foreground,blur,encoder_stage_4,1x256x24x24x24,1012.944091796875,0.3201007544994354,0.9494988322257996,0.2899327576160431
HCC_10142924_20170911.nii.gz,2,foreground,blur,encoder_stage_5,1x320x12x12x12,582.400634765625,0.282500296831131,0.9596773982048035,0.6134087443351746
HCC_10142924_20170911.nii.gz,2,foreground,blur,encoder_bottleneck_deepest,1x320x6x6x6,216.8199462890625,0.25275880098342896,0.9679254293441772,0.6801344156265259
HCC_10142924_20170911.nii.gz,3,foreground,gamma,encoder_stage_1,1x32x192x192x192,1719.365234375,0.14007247984409332,0.9901419878005981,0.013052167370915413
HCC_10142924_20170911.nii.gz,3,foreground,gamma,encoder_stage_2,1x64x96x96x96,1165.201416015625,0.1386026293039322,0.9903683662414551,0.023977745324373245
HCC_10142924_20170911.nii.gz,3,foreground,gamma,encoder_stage_3,1x128x48x48x48,585.2186889648438,0.11647512763738632,0.9932149052619934,0.024193724617362022
HCC_10142924_20170911.nii.gz,3,foreground,gamma,encoder_stage_4,1x256x24x24x24,347.0048522949219,0.11000272631645203,0.99393630027771,0.03402494266629219
HCC_10142924_20170911.nii.gz,3,foreground,gamma,encoder_stage_5,1x320x12x12x12,204.46292114257812,0.09988277405500412,0.9950013160705566,0.07560236752033234
HCC_10142924_20170911.nii.gz,3,foreground,gamma,encoder_bottleneck_deepest,1x320x6x6x6,75.9507064819336,0.08910045772790909,0.996028482913971,0.08345645666122437
HCC_10142924_20170911.nii.gz,3,foreground,blur,encoder_stage_1,1x32x192x192x192,4865.15966796875,0.3963526785373688,0.920537531375885,0.10450582951307297
HCC_10142924_20170911.nii.gz,3,foreground,blur,encoder_stage_2,1x64x96x96x96,3553.0908203125,0.4226459860801697,0.9088285565376282,0.22295589745044708
HCC_10142924_20170911.nii.gz,3,foreground,blur,encoder_stage_3,1x128x48x48x48,1714.1107177734375,0.34115666151046753,0.9414656758308411,0.2075602114200592
HCC_10142924_20170911.nii.gz,3,foreground,blur,encoder_stage_4,1x256x24x24x24,988.1177368164062,0.31323954463005066,0.9515041708946228,0.2758949100971222
HCC_10142924_20170911.nii.gz,3,foreground,blur,encoder_stage_5,1x320x12x12x12,583.8468627929688,0.28521671891212463,0.9588013887405396,0.6164588928222656
HCC_10142924_20170911.nii.gz,3,foreground,blur,encoder_bottleneck_deepest,1x320x6x6x6,222.39645385742188,0.26090115308761597,0.9657946228981018,0.7155697345733643
MET_PA25.nii.gz,0,context,gamma,encoder_stage_1,1x32x192x192x192,1492.2904052734375,0.12418056279420853,0.9922720193862915,0.009832252748310566
MET_PA25.nii.gz,0,context,gamma,encoder_stage_2,1x64x96x96x96,993.2393798828125,0.11983241140842438,0.9927989840507507,0.017422650009393692
MET_PA25.nii.gz,0,context,gamma,encoder_stage_3,1x128x48x48x48,544.4843139648438,0.11024222522974014,0.9939088821411133,0.020942913368344307
MET_PA25.nii.gz,0,context,gamma,encoder_stage_4,1x256x24x24x24,403.2237548828125,0.1288982778787613,0.9916648268699646,0.045942917466163635
MET_PA25.nii.gz,0,context,gamma,encoder_stage_5,1x320x12x12x12,243.07559204101562,0.12069385498762131,0.992734432220459,0.10685355961322784
MET_PA25.nii.gz,0,context,gamma,encoder_bottleneck_deepest,1x320x6x6x6,93.84090423583984,0.11051655560731888,0.993899941444397,0.12740328907966614
MET_PA25.nii.gz,0,context,blur,encoder_stage_1,1x32x192x192x192,5282.62060546875,0.4395919144153595,0.902301549911499,0.12320978939533234
MET_PA25.nii.gz,0,context,blur,encoder_stage_2,1x64x96x96x96,3575.268798828125,0.4313492774963379,0.9047946929931641,0.22574789822101593
MET_PA25.nii.gz,0,context,blur,encoder_stage_3,1x128x48x48x48,1757.018798828125,0.3557451665401459,0.9363645911216736,0.21808165311813354
MET_PA25.nii.gz,0,context,blur,encoder_stage_4,1x256x24x24x24,1126.6396484375,0.3601521849632263,0.9364137053489685,0.358671098947525
MET_PA25.nii.gz,0,context,blur,encoder_stage_5,1x320x12x12x12,686.9239501953125,0.3410770297050476,0.9411262273788452,0.8533428907394409
MET_PA25.nii.gz,0,context,blur,encoder_bottleneck_deepest,1x320x6x6x6,253.01022338867188,0.2979704737663269,0.9554896950721741,0.926131010055542
MET_PA25.nii.gz,1,context,gamma,encoder_stage_1,1x32x192x192x192,1497.1348876953125,0.12720118463039398,0.9918886423110962,0.00989619456231594
MET_PA25.nii.gz,1,context,gamma,encoder_stage_2,1x64x96x96x96,1088.3857421875,0.12480591982603073,0.992188572883606,0.02092050015926361
MET_PA25.nii.gz,1,context,gamma,encoder_stage_3,1x128x48x48x48,529.8416137695312,0.10368867218494415,0.9946134686470032,0.01983163319528103
MET_PA25.nii.gz,1,context,gamma,encoder_stage_4,1x256x24x24x24,311.7147216796875,0.09638889878988266,0.9953438639640808,0.02745623141527176
MET_PA25.nii.gz,1,context,gamma,encoder_stage_5,1x320x12x12x12,157.2069091796875,0.07636408507823944,0.9970843195915222,0.04469403252005577
MET_PA25.nii.gz,1,context,gamma,encoder_bottleneck_deepest,1x320x6x6x6,56.40726852416992,0.06585166603326797,0.9978317618370056,0.04603269323706627
MET_PA25.nii.gz,1,context,blur,encoder_stage_1,1x32x192x192x192,6300.87158203125,0.5353413820266724,0.8526855111122131,0.1752861589193344
MET_PA25.nii.gz,1,context,blur,encoder_stage_2,1x64x96x96x96,4338.083984375,0.49745097756385803,0.8737464547157288,0.3323550522327423
MET_PA25.nii.gz,1,context,blur,encoder_stage_3,1x128x48x48x48,2006.0350341796875,0.3925760090351105,0.9221596717834473,0.2842780649662018
MET_PA25.nii.gz,1,context,blur,encoder_stage_4,1x256x24x24x24,1182.09375,0.36552882194519043,0.9349749684333801,0.39484819769859314
MET_PA25.nii.gz,1,context,blur,encoder_stage_5,1x320x12x12x12,711.7569580078125,0.3457396924495697,0.9391811490058899,0.916156530380249
MET_PA25.nii.gz,1,context,blur,encoder_bottleneck_deepest,1x320x6x6x6,265.0823974609375,0.30946576595306396,0.9517990350723267,1.0166186094284058
MET_PA25.nii.gz,2,foreground,gamma,encoder_stage_1,1x32x192x192x192,1461.6123046875,0.12310118973255157,0.9924086928367615,0.009432150050997734
MET_PA25.nii.gz,2,foreground,gamma,encoder_stage_2,1x64x96x96x96,1041.8009033203125,0.11966251581907272,0.9928230047225952,0.019167954102158546
MET_PA25.nii.gz,2,foreground,gamma,encoder_stage_3,1x128x48x48x48,509.73577880859375,0.09957544505596161,0.9950354099273682,0.01835509203374386
MET_PA25.nii.gz,2,foreground,gamma,encoder_stage_4,1x256x24x24x24,302.5860290527344,0.09409953653812408,0.9955640435218811,0.02587164379656315
MET_PA25.nii.gz,2,foreground,gamma,encoder_stage_5,1x320x12x12x12,165.62257385253906,0.08025752007961273,0.9967818260192871,0.04960726946592331
MET_PA25.nii.gz,2,foreground,gamma,encoder_bottleneck_deepest,1x320x6x6x6,61.12651824951172,0.07105529308319092,0.997475802898407,0.05405745655298233
MET_PA25.nii.gz,2,foreground,blur,encoder_stage_1,1x32x192x192x192,6171.38623046875,0.5197718739509583,0.8614562749862671,0.16815577447414398
MET_PA25.nii.gz,2,foreground,blur,encoder_stage_2,1x64x96x96x96,4293.2666015625,0.49312981963157654,0.8759976029396057,0.325523316860199
MET_PA25.nii.gz,2,foreground,blur,encoder_stage_3,1x128x48x48x48,2032.5673828125,0.3970562815666199,0.9201964735984802,0.2918476462364197
MET_PA25.nii.gz,2,foreground,blur,encoder_stage_4,1x256x24x24x24,1158.61279296875,0.36031052470207214,0.9365872740745544,0.3793175220489502
MET_PA25.nii.gz,2,foreground,blur,encoder_stage_5,1x320x12x12x12,622.206298828125,0.30150920152664185,0.954082727432251,0.7001241445541382
MET_PA25.nii.gz,2,foreground,blur,encoder_bottleneck_deepest,1x320x6x6x6,222.63360595703125,0.25879597663879395,0.966338038444519,0.7170966863632202
MET_PA25.nii.gz,3,foreground,gamma,encoder_stage_1,1x32x192x192x192,1350.86083984375,0.11343339085578918,0.9935458302497864,0.008056892082095146
MET_PA25.nii.gz,3,foreground,gamma,encoder_stage_2,1x64x96x96x96,931.2783813476562,0.10801016539335251,0.9941591024398804,0.015316706150770187
MET_PA25.nii.gz,3,foreground,gamma,encoder_stage_3,1x128x48x48x48,461.9535827636719,0.09059475362300873,0.9958932995796204,0.015075198374688625
MET_PA25.nii.gz,3,foreground,gamma,encoder_stage_4,1x256x24x24x24,271.2425842285156,0.0847923532128334,0.9964028000831604,0.020789407193660736
MET_PA25.nii.gz,3,foreground,gamma,encoder_stage_5,1x320x12x12x12,170.27337646484375,0.08429238200187683,0.9964507818222046,0.052432406693696976
MET_PA25.nii.gz,3,foreground,gamma,encoder_bottleneck_deepest,1x320x6x6x6,66.69681549072266,0.07849505543708801,0.9969189167022705,0.06435857713222504
MET_PA25.nii.gz,3,foreground,blur,encoder_stage_1,1x32x192x192x192,5938.90966796875,0.49869731068611145,0.8733847141265869,0.15572550892829895
MET_PA25.nii.gz,3,foreground,blur,encoder_stage_2,1x64x96x96x96,4174.98828125,0.4842173457145691,0.8799746036529541,0.3078342080116272
MET_PA25.nii.gz,3,foreground,blur,encoder_stage_3,1x128x48x48x48,2021.9830322265625,0.39653563499450684,0.9206320643424988,0.28881606459617615
MET_PA25.nii.gz,3,foreground,blur,encoder_stage_4,1x256x24x24x24,1127.13671875,0.3523509204387665,0.9388349652290344,0.35898762941360474
MET_PA25.nii.gz,3,foreground,blur,encoder_stage_5,1x320x12x12x12,688.3521118164062,0.34076282382011414,0.9413893222808838,0.8568949103355408
MET_PA25.nii.gz,3,foreground,blur,encoder_bottleneck_deepest,1x320x6x6x6,255.26950073242188,0.30042505264282227,0.9546115398406982,0.9427447319030762
HCC_10147777_20171222.nii.gz,0,context,gamma,encoder_stage_1,1x32x192x192x192,1552.6123046875,0.1284884363412857,0.9917237758636475,0.010643203742802143
HCC_10147777_20171222.nii.gz,0,context,gamma,encoder_stage_2,1x64x96x96x96,1038.058349609375,0.1221887618303299,0.9925469160079956,0.019030485302209854
HCC_10147777_20171222.nii.gz,0,context,gamma,encoder_stage_3,1x128x48x48x48,543.4055786132812,0.10744504630565643,0.9942305088043213,0.020860010758042336
HCC_10147777_20171222.nii.gz,0,context,gamma,encoder_stage_4,1x256x24x24x24,322.79998779296875,0.1018669605255127,0.9948199987411499,0.029443763196468353
HCC_10147777_20171222.nii.gz,0,context,gamma,encoder_stage_5,1x320x12x12x12,193.06410217285156,0.09401805698871613,0.9955756664276123,0.06740767508745193
HCC_10147777_20171222.nii.gz,0,context,gamma,encoder_bottleneck_deepest,1x320x6x6x6,73.08447265625,0.08529388159513474,0.9963617324829102,0.0772763341665268
HCC_10147777_20171222.nii.gz,0,context,blur,encoder_stage_1,1x32x192x192x192,5136.98046875,0.4251174330711365,0.9083086252212524,0.11650971323251724
HCC_10147777_20171222.nii.gz,0,context,blur,encoder_stage_2,1x64x96x96x96,3577.896240234375,0.42115044593811035,0.9090422987937927,0.22607983648777008
HCC_10147777_20171222.nii.gz,0,context,blur,encoder_stage_3,1x128x48x48x48,1725.054931640625,0.3410870432853699,0.9414855241775513,0.2102191001176834
HCC_10147777_20171222.nii.gz,0,context,blur,encoder_stage_4,1x256x24x24x24,997.1658935546875,0.3146786391735077,0.9514396786689758,0.2809707820415497
HCC_10147777_20171222.nii.gz,0,context,blur,encoder_stage_5,1x320x12x12x12,610.8820190429688,0.2974863648414612,0.9553799629211426,0.6748712658882141
HCC_10147777_20171222.nii.gz,0,context,blur,encoder_bottleneck_deepest,1x320x6x6x6,227.35888671875,0.26534122228622437,0.964636504650116,0.7478597164154053
HCC_10147777_20171222.nii.gz,1,context,gamma,encoder_stage_1,1x32x192x192x192,1688.80859375,0.13820326328277588,0.9904354214668274,0.01259236317127943
HCC_10147777_20171222.nii.gz,1,context,gamma,encoder_stage_2,1x64x96x96x96,1095.091796875,0.13193532824516296,0.9912876486778259,0.021179093047976494
HCC_10147777_20171222.nii.gz,1,context,gamma,encoder_stage_3,1x128x48x48x48,550.240478515625,0.10950537770986557,0.9939964413642883,0.021388061344623566
HCC_10147777_20171222.nii.gz,1,context,gamma,encoder_stage_4,1x256x24x24x24,348.6779479980469,0.10828080773353577,0.9941262602806091,0.0343538373708725
HCC_10147777_20171222.nii.gz,1,context,gamma,encoder_stage_5,1x320x12x12x12,204.99668884277344,0.10275861620903015,0.9947222471237183,0.07599761337041855
HCC_10147777_20171222.nii.gz,1,context,gamma,encoder_bottleneck_deepest,1x320x6x6x6,74.21880340576172,0.08788459002971649,0.9961413145065308,0.07969372719526291
HCC_10147777_20171222.nii.gz,1,context,blur,encoder_stage_1,1x32x192x192x192,4754.91259765625,0.38911718130111694,0.9236288070678711,0.09982319176197052
HCC_10147777_20171222.nii.gz,1,context,blur,encoder_stage_2,1x64x96x96x96,3348.556640625,0.4034300148487091,0.9170956611633301,0.19802573323249817
HCC_10147777_20171222.nii.gz,1,context,blur,encoder_stage_3,1x128x48x48x48,1626.36376953125,0.32366862893104553,0.9473249912261963,0.18685369193553925
HCC_10147777_20171222.nii.gz,1,context,blur,encoder_stage_4,1x256x24x24x24,982.2540283203125,0.305035799741745,0.9536850452423096,0.2726301848888397
HCC_10147777_20171222.nii.gz,1,context,blur,encoder_stage_5,1x320x12x12x12,643.6036376953125,0.3226189613342285,0.948091983795166,0.7491059303283691
HCC_10147777_20171222.nii.gz,1,context,blur,encoder_bottleneck_deepest,1x320x6x6x6,239.26548767089844,0.2833210527896881,0.9599019885063171,0.8282403945922852
HCC_10147777_20171222.nii.gz,2,foreground,gamma,encoder_stage_1,1x32x192x192x192,1901.024169921875,0.15205924212932587,0.9884174466133118,0.015955911949276924
HCC_10147777_20171222.nii.gz,2,foreground,gamma,encoder_stage_2,1x64x96x96x96,1267.99365234375,0.14858517050743103,0.9889774918556213,0.0283949114382267
HCC_10147777_20171222.nii.gz,2,foreground,gamma,encoder_stage_3,1x128x48x48x48,642.0617065429688,0.1264900118112564,0.9920346140861511,0.02912190929055214
HCC_10147777_20171222.nii.gz,2,foreground,gamma,encoder_stage_4,1x256x24x24x24,400.3854064941406,0.12605413794517517,0.9920323491096497,0.045298393815755844
HCC_10147777_20171222.nii.gz,2,foreground,gamma,encoder_stage_5,1x320x12x12x12,226.85205078125,0.11112359166145325,0.9938202500343323,0.09306613355875015
HCC_10147777_20171222.nii.gz,2,foreground,gamma,encoder_bottleneck_deepest,1x320x6x6x6,82.30776977539062,0.09660526365041733,0.995330274105072,0.09801170229911804
HCC_10147777_20171222.nii.gz,2,foreground,blur,encoder_stage_1,1x32x192x192x192,5738.99072265625,0.4590507447719574,0.892848551273346,0.14541774988174438
HCC_10147777_20171222.nii.gz,2,foreground,blur,encoder_stage_2,1x64x96x96x96,3905.182373046875,0.4576144218444824,0.8922386765480042,0.2693326473236084
HCC_10147777_20171222.nii.gz,2,foreground,blur,encoder_stage_3,1x128x48x48x48,1951.3306884765625,0.3844238817691803,0.9255251884460449,0.26898500323295593
HCC_10147777_20171222.nii.gz,2,foreground,blur,encoder_stage_4,1x256x24x24x24,1215.6451416015625,0.38272398710250854,0.9277774095535278,0.4175802767276764
HCC_10147777_20171222.nii.gz,2,foreground,blur,encoder_stage_5,1x320x12x12x12,836.109619140625,0.409568727016449,0.9153177738189697,1.2642492055892944
HCC_10147777_20171222.nii.gz,2,foreground,blur,encoder_bottleneck_deepest,1x320x6x6x6,320.71942138671875,0.376430869102478,0.9291114211082458,1.4881503582000732
HCC_10147777_20171222.nii.gz,3,foreground,gamma,encoder_stage_1,1x32x192x192x192,1711.041259765625,0.13768120110034943,0.9904783964157104,0.012926093302667141
HCC_10147777_20171222.nii.gz,3,foreground,gamma,encoder_stage_2,1x64x96x96x96,1132.5198974609375,0.13309209048748016,0.9911691546440125,0.02265155501663685
HCC_10147777_20171222.nii.gz,3,foreground,gamma,encoder_stage_3,1x128x48x48x48,562.2686157226562,0.11110305786132812,0.9938329458236694,0.022333357483148575
HCC_10147777_20171222.nii.gz,3,foreground,gamma,encoder_stage_4,1x256x24x24x24,339.4147033691406,0.10687186568975449,0.9942728877067566,0.03255274519324303
HCC_10147777_20171222.nii.gz,3,foreground,gamma,encoder_stage_5,1x320x12x12x12,209.75633239746094,0.10333613306283951,0.9946633577346802,0.07956763356924057
HCC_10147777_20171222.nii.gz,3,foreground,gamma,encoder_bottleneck_deepest,1x320x6x6x6,78.6861343383789,0.09263445436954498,0.9957096576690674,0.08957621455192566
HCC_10147777_20171222.nii.gz,3,foreground,blur,encoder_stage_1,1x32x192x192x192,5289.97314453125,0.42566466331481934,0.9084039330482483,0.12355299293994904
HCC_10147777_20171222.nii.gz,3,foreground,blur,encoder_stage_2,1x64x96x96x96,3637.2705078125,0.42744675278663635,0.9061787128448486,0.23364554345607758
HCC_10147777_20171222.nii.gz,3,foreground,blur,encoder_stage_3,1x128x48x48x48,1826.0255126953125,0.36081868410110474,0.9344078302383423,0.23554831743240356
HCC_10147777_20171222.nii.gz,3,foreground,blur,encoder_stage_4,1x256x24x24x24,1080.9232177734375,0.3403514325618744,0.9426635503768921,0.33015361428260803
HCC_10147777_20171222.nii.gz,3,foreground,blur,encoder_stage_5,1x320x12x12x12,655.1530151367188,0.32276013493537903,0.947449803352356,0.7762323021888733
HCC_10147777_20171222.nii.gz,3,foreground,blur,encoder_bottleneck_deepest,1x320x6x6x6,247.15518188476562,0.2909672260284424,0.9574501514434814,0.883762776851654
HCC_PA0.nii.gz,0,context,gamma,encoder_stage_1,1x32x192x192x192,1643.8106689453125,0.1235235258936882,0.9924033284187317,0.011930260807275772
HCC_PA0.nii.gz,0,context,gamma,encoder_stage_2,1x64x96x96x96,1210.26025390625,0.13090552389621735,0.9914043545722961,0.025868060067296028
HCC_PA0.nii.gz,0,context,gamma,encoder_stage_3,1x128x48x48x48,712.8789672851562,0.12597307562828064,0.9920400381088257,0.035900287330150604
HCC_PA0.nii.gz,0,context,gamma,encoder_stage_4,1x256x24x24x24,559.9182739257812,0.15670983493328094,0.9876804351806641,0.08858814835548401
HCC_PA0.nii.gz,0,context,gamma,encoder_stage_5,1x320x12x12x12,285.5260925292969,0.14442583918571472,0.989570677280426,0.1474340856075287
HCC_PA0.nii.gz,0,context,gamma,encoder_bottleneck_deepest,1x320x6x6x6,109.79073333740234,0.12922607362270355,0.9916515946388245,0.1743924468755722
HCC_PA0.nii.gz,0,context,blur,encoder_stage_1,1x32x192x192x192,4268.921875,0.3207865059375763,0.9479581713676453,0.08046049624681473
HCC_PA0.nii.gz,0,context,blur,encoder_stage_2,1x64x96x96x96,3344.329345703125,0.361733078956604,0.933396577835083,0.19752606749534607
HCC_PA0.nii.gz,0,context,blur,encoder_stage_3,1x128x48x48x48,1777.650390625,0.31412920355796814,0.9502367973327637,0.22323331236839294
HCC_PA0.nii.gz,0,context,blur,encoder_stage_4,1x256x24x24x24,1237.576416015625,0.34637269377708435,0.9403206706047058,0.43278318643569946
HCC_PA0.nii.gz,0,context,blur,encoder_stage_5,1x320x12x12x12,613.4312133789062,0.3102879822254181,0.9516072273254395,0.6805155277252197
HCC_PA0.nii.gz,0,context,blur,encoder_bottleneck_deepest,1x320x6x6x6,233.70164489746094,0.2750718891620636,0.9620869755744934,0.7901687026023865
HCC_PA0.nii.gz,1,context,gamma,encoder_stage_1,1x32x192x192x192,1700.696533203125,0.12540113925933838,0.9921454787254333,0.012770266272127628
HCC_PA0.nii.gz,1,context,gamma,encoder_stage_2,1x64x96x96x96,1162.6640625,0.11383501440286636,0.9935132265090942,0.023873431608080864
HCC_PA0.nii.gz,1,context,gamma,encoder_stage_3,1x128x48x48x48,625.113525390625,0.10363514721393585,0.9946252107620239,0.02760476805269718
HCC_PA0.nii.gz,1,context,gamma,encoder_stage_4,1x256x24x24x24,371.755615234375,0.1019992008805275,0.994791567325592,0.03905182704329491
HCC_PA0.nii.gz,1,context,gamma,encoder_stage_5,1x320x12x12x12,166.95545959472656,0.08011457324028015,0.9967901706695557,0.05040893703699112
HCC_PA0.nii.gz,1,context,gamma,encoder_bottleneck_deepest,1x320x6x6x6,61.74920654296875,0.07089733332395554,0.9974872469902039,0.05516441911458969
HCC_PA0.nii.gz,1,context,blur,encoder_stage_1,1x32x192x192x192,5027.30126953125,0.37068888545036316,0.9297052621841431,0.11158766597509384
HCC_PA0.nii.gz,1,context,blur,encoder_stage_2,1x64x96x96x96,3695.375732421875,0.36180973052978516,0.9331913590431213,0.24117012321949005
HCC_PA0.nii.gz,1,context,blur,encoder_stage_3,1x128x48x48x48,1821.8555908203125,0.30203837156295776,0.953993558883667,0.23447376489639282
HCC_PA0.nii.gz,1,context,blur,encoder_stage_4,1x256x24x24x24,1003.2766723632812,0.2752706706523895,0.9622858166694641,0.2844249904155731
HCC_PA0.nii.gz,1,context,blur,encoder_stage_5,1x320x12x12x12,466.70758056640625,0.22395241260528564,0.9747267961502075,0.3939090669155121
HCC_PA0.nii.gz,1,context,blur,encoder_bottleneck_deepest,1x320x6x6x6,174.14566040039062,0.19994528591632843,0.9799287915229797,0.43875446915626526
HCC_PA0.nii.gz,2,foreground,gamma,encoder_stage_1,1x32x192x192x192,1679.9085693359375,0.12031831592321396,0.9927488565444946,0.012459988705813885
HCC_PA0.nii.gz,2,foreground,gamma,encoder_stage_2,1x64x96x96x96,1190.2271728515625,0.1201741024851799,0.9928122758865356,0.025018775835633278
HCC_PA0.nii.gz,2,foreground,gamma,encoder_stage_3,1x128x48x48x48,700.1798706054688,0.1173287034034729,0.9931222200393677,0.03463263437151909
HCC_PA0.nii.gz,2,foreground,gamma,encoder_stage_4,1x256x24x24x24,458.7510986328125,0.12481698393821716,0.9921979904174805,0.0594676174223423
HCC_PA0.nii.gz,2,foreground,gamma,encoder_stage_5,1x320x12x12x12,203.71298217773438,0.10106640309095383,0.9948967099189758,0.0750487893819809
HCC_PA0.nii.gz,2,foreground,gamma,encoder_bottleneck_deepest,1x320x6x6x6,73.67291259765625,0.08680368959903717,0.9962332844734192,0.07852572202682495
HCC_PA0.nii.gz,2,foreground,blur,encoder_stage_1,1x32x192x192x192,5293.763671875,0.3791496455669403,0.9267227649688721,0.1237301155924797
HCC_PA0.nii.gz,2,foreground,blur,encoder_stage_2,1x64x96x96x96,3871.055419921875,0.3908502757549286,0.9218229055404663,0.26464587450027466
HCC_PA0.nii.gz,2,foreground,blur,encoder_stage_3,1x128x48x48x48,1986.744140625,0.3329174518585205,0.9440046548843384,0.2788368761539459
HCC_PA0.nii.gz,2,foreground,blur,encoder_stage_4,1x256x24x24x24,1195.55517578125,0.3252865970134735,0.9471716284751892,0.40389227867126465
HCC_PA0.nii.gz,2,foreground,blur,encoder_stage_5,1x320x12x12x12,694.0614013671875,0.3443388342857361,0.9402618408203125,0.8711682558059692
HCC_PA0.nii.gz,2,foreground,blur,encoder_bottleneck_deepest,1x320x6x6x6,274.1792907714844,0.32304647564888,0.9476743936538696,1.0875908136367798
HCC_PA0.nii.gz,3,context_fill,gamma,encoder_stage_1,1x32x192x192x192,1654.6448974609375,0.11992473155260086,0.992786705493927,0.012088041752576828
HCC_PA0.nii.gz,3,context_fill,gamma,encoder_stage_2,1x64x96x96x96,1174.3690185546875,0.11680341511964798,0.9932034015655518,0.024356532841920853
HCC_PA0.nii.gz,3,context_fill,gamma,encoder_stage_3,1x128x48x48x48,671.6373291015625,0.11188673228025436,0.9937415719032288,0.03186661750078201
HCC_PA0.nii.gz,3,context_fill,gamma,encoder_stage_4,1x256x24x24x24,461.94732666015625,0.12602192163467407,0.9920476078987122,0.06029915809631348
HCC_PA0.nii.gz,3,context_fill,gamma,encoder_stage_5,1x320x12x12x12,221.1237030029297,0.11045091599225998,0.9939213395118713,0.08842536807060242
HCC_PA0.nii.gz,3,context_fill,gamma,encoder_bottleneck_deepest,1x320x6x6x6,81.56635284423828,0.09667564183473587,0.9953317642211914,0.0962539091706276
HCC_PA0.nii.gz,3,context_fill,blur,encoder_stage_1,1x32x192x192x192,4779.7001953125,0.34642133116722107,0.9389407634735107,0.10086667537689209
HCC_PA0.nii.gz,3,context_fill,blur,encoder_stage_2,1x64x96x96x96,3683.6025390625,0.366373211145401,0.9314703345298767,0.2396358996629715
HCC_PA0.nii.gz,3,context_fill,blur,encoder_stage_3,1x128x48x48x48,1878.680419921875,0.31296566128730774,0.9506384134292603,0.24932861328125
HCC_PA0.nii.gz,3,context_fill,blur,encoder_stage_4,1x256x24x24x24,1138.07763671875,0.3104742169380188,0.9520183801651001,0.3659907579421997
HCC_PA0.nii.gz,3,context_fill,blur,encoder_stage_5,1x320x12x12x12,604.0714111328125,0.3017326593399048,0.9539688229560852,0.6599071621894836
HCC_PA0.nii.gz,3,context_fill,blur,encoder_bottleneck_deepest,1x320x6x6x6,232.6596221923828,0.2757573127746582,0.9617626070976257,0.7831380367279053
CYST_PA37.nii.gz,0,context,gamma,encoder_stage_1,1x32x192x192x192,1445.2037353515625,0.11881354451179504,0.9929401874542236,0.009221562184393406
CYST_PA37.nii.gz,0,context,gamma,encoder_stage_2,1x64x96x96x96,990.8331909179688,0.1184389740228653,0.9929711222648621,0.017338337376713753
CYST_PA37.nii.gz,0,context,gamma,encoder_stage_3,1x128x48x48x48,540.0079345703125,0.10746552795171738,0.9942160248756409,0.0205999705940485
CYST_PA37.nii.gz,0,context,gamma,encoder_stage_4,1x256x24x24x24,357.150146484375,0.11291015148162842,0.9936075806617737,0.03604358434677124
CYST_PA37.nii.gz,0,context,gamma,encoder_stage_5,1x320x12x12x12,192.58233642578125,0.0947038009762764,0.9955188035964966,0.06707167625427246
CYST_PA37.nii.gz,0,context,gamma,encoder_bottleneck_deepest,1x320x6x6x6,72.28258514404297,0.08440302312374115,0.9964409470558167,0.07558988034725189
CYST_PA37.nii.gz,0,context,blur,encoder_stage_1,1x32x192x192x192,5198.626953125,0.4273911416530609,0.9081538319587708,0.11932285875082016
CYST_PA37.nii.gz,0,context,blur,encoder_stage_2,1x64x96x96x96,3733.545166015625,0.4462883174419403,0.8980737924575806,0.24617795646190643
CYST_PA37.nii.gz,0,context,blur,encoder_stage_3,1x128x48x48x48,1804.1636962890625,0.3590417802333832,0.9349837899208069,0.2299419343471527
CYST_PA37.nii.gz,0,context,blur,encoder_stage_4,1x256x24x24x24,1092.1630859375,0.3452785909175873,0.9415271878242493,0.33705538511276245
CYST_PA37.nii.gz,0,context,blur,encoder_stage_5,1x320x12x12x12,614.5489501953125,0.3022090494632721,0.9538664221763611,0.6829977035522461
CYST_PA37.nii.gz,0,context,blur,encoder_bottleneck_deepest,1x320x6x6x6,230.0089111328125,0.26857709884643555,0.9637793302536011,0.7653949856758118
CYST_PA37.nii.gz,1,context,gamma,encoder_stage_1,1x32x192x192x192,1583.2022705078125,0.13167095184326172,0.9913206696510315,0.011066724546253681
CYST_PA37.nii.gz,1,context,gamma,encoder_stage_2,1x64x96x96x96,1144.148681640625,0.12860779464244843,0.9917160868644714,0.023119116201996803
CYST_PA37.nii.gz,1,context,gamma,encoder_stage_3,1x128x48x48x48,558.1458129882812,0.10802344977855682,0.9941686987876892,0.022007042542099953
CYST_PA37.nii.gz,1,context,gamma,encoder_stage_4,1x256x24x24x24,327.52484130859375,0.10063422471284866,0.9949237704277039,0.03031201660633087
CYST_PA37.nii.gz,1,context,gamma,encoder_stage_5,1x320x12x12x12,156.2450714111328,0.07523976266384125,0.9971706867218018,0.04414880648255348
CYST_PA37.nii.gz,1,context,gamma,encoder_bottleneck_deepest,1x320x6x6x6,56.9566650390625,0.06658386439085007,0.9977833032608032,0.04693375900387764
CYST_PA37.nii.gz,1,context,blur,encoder_stage_1,1x32x192x192x192,6230.67431640625,0.5181894898414612,0.8621702790260315,0.1714022308588028
CYST_PA37.nii.gz,1,context,blur,encoder_stage_2,1x64x96x96x96,4290.56103515625,0.48227962851524353,0.8810957670211792,0.32511308789253235
CYST_PA37.nii.gz,1,context,blur,encoder_stage_3,1x128x48x48x48,1929.3919677734375,0.37341418862342834,0.9296301007270813,0.2629706561565399
CYST_PA37.nii.gz,1,context,blur,encoder_stage_4,1x256x24x24x24,1087.6650390625,0.3341924548149109,0.9450700283050537,0.33428481221199036
CYST_PA37.nii.gz,1,context,blur,encoder_stage_5,1x320x12x12x12,597.5361938476562,0.28774335980415344,0.9581049084663391,0.6457058191299438
CYST_PA37.nii.gz,1,context,blur,encoder_bottleneck_deepest,1x320x6x6x6,221.91346740722656,0.25942277908325195,0.9662307500839233,0.7124650478363037
CYST_PA37.nii.gz,2,foreground,gamma,encoder_stage_1,1x32x192x192x192,1464.123291015625,0.12489141523838043,0.9921804070472717,0.009464586153626442
CYST_PA37.nii.gz,2,foreground,gamma,encoder_stage_2,1x64x96x96x96,1145.4005126953125,0.1280505657196045,0.9917893409729004,0.023169735446572304
CYST_PA37.nii.gz,2,foreground,gamma,encoder_stage_3,1x128x48x48x48,582.98876953125,0.11142090708017349,0.9937929511070251,0.02400970086455345
CYST_PA37.nii.gz,2,foreground,gamma,encoder_stage_4,1x256x24x24x24,351.16412353515625,0.10665944963693619,0.994295597076416,0.034845490008592606
CYST_PA37.nii.gz,2,foreground,gamma,encoder_stage_5,1x320x12x12x12,181.84201049804688,0.08943745493888855,0.9960073828697205,0.05979911610484123
CYST_PA37.nii.gz,2,foreground,gamma,encoder_bottleneck_deepest,1x320x6x6x6,65.80970764160156,0.07719896733760834,0.9970230460166931,0.06265794485807419
CYST_PA37.nii.gz,2,foreground,blur,encoder_stage_1,1x32x192x192x192,6100.67529296875,0.5203946828842163,0.8613612651824951,0.16432444751262665
CYST_PA37.nii.gz,2,foreground,blur,encoder_stage_2,1x64x96x96x96,4463.68408203125,0.4990195631980896,0.8727109432220459,0.35187891125679016
CYST_PA37.nii.gz,2,foreground,blur,encoder_stage_3,1x128x48x48x48,2087.385986328125,0.3989415466785431,0.9194779396057129,0.3078022599220276
CYST_PA37.nii.gz,2,foreground,blur,encoder_stage_4,1x256x24x24x24,1141.60400390625,0.34674057364463806,0.9408259987831116,0.36826232075691223
CYST_PA37.nii.gz,2,foreground,blur,encoder_stage_5,1x320x12x12x12,589.197265625,0.28979170322418213,0.9576131701469421,0.6278092861175537
CYST_PA37.nii.gz,2,foreground,blur,encoder_bottleneck_deepest,1x320x6x6x6,207.9375457763672,0.24392394721508026,0.97013920545578,0.6255500912666321
CYST_PA37.nii.gz,3,foreground,gamma,encoder_stage_1,1x32x192x192x192,1640.9642333984375,0.13763219118118286,0.9905222654342651,0.011888979002833366
CYST_PA37.nii.gz,3,foreground,gamma,encoder_stage_2,1x64x96x96x96,1243.007568359375,0.14009900391101837,0.9901825189590454,0.02728687785565853
CYST_PA37.nii.gz,3,foreground,gamma,encoder_stage_3,1x128x48x48x48,609.3955078125,0.11796542257070541,0.9930506348609924,0.026234017685055733
CYST_PA37.nii.gz,3,foreground,gamma,encoder_stage_4,1x256x24x24x24,358.5447692871094,0.11029316484928131,0.9938993453979492,0.03632562607526779
CYST_PA37.nii.gz,3,foreground,gamma,encoder_stage_5,1x320x12x12x12,172.3944549560547,0.0831030011177063,0.996544599533081,0.05374683067202568
CYST_PA37.nii.gz,3,foreground,gamma,encoder_bottleneck_deepest,1x320x6x6x6,60.53376007080078,0.07024728506803513,0.997530996799469,0.0530141182243824
CYST_PA37.nii.gz,3,foreground,blur,encoder_stage_1,1x32x192x192x192,6258.61181640625,0.524927020072937,0.8585959076881409,0.17294274270534515
CYST_PA37.nii.gz,3,foreground,blur,encoder_stage_2,1x64x96x96x96,4361.05029296875,0.4915326237678528,0.8765560984611511,0.33588334918022156
CYST_PA37.nii.gz,3,foreground,blur,encoder_stage_3,1x128x48x48x48,2006.71484375,0.3884553909301758,0.9235786199569702,0.2844707667827606
CYST_PA37.nii.gz,3,foreground,blur,encoder_stage_4,1x256x24x24x24,1180.7513427734375,0.363214910030365,0.935636043548584,0.3939518928527832
CYST_PA37.nii.gz,3,foreground,blur,encoder_stage_5,1x320x12x12x12,679.021240234375,0.32732319831848145,0.9458119869232178,0.8338213562965393
CYST_PA37.nii.gz,3,foreground,blur,encoder_bottleneck_deepest,1x320x6x6x6,247.5134735107422,0.28723064064979553,0.9584763050079346,0.8863269686698914
ICC_PA18.nii.gz,0,context,gamma,encoder_stage_1,1x32x192x192x192,1905.5421142578125,0.14897245168685913,0.9889333844184875,0.016031842678785324
ICC_PA18.nii.gz,0,context,gamma,encoder_stage_2,1x64x96x96x96,1389.0499267578125,0.15042366087436676,0.9886350631713867,0.03407548740506172
ICC_PA18.nii.gz,0,context,gamma,encoder_stage_3,1x128x48x48x48,875.9730834960938,0.15585102140903473,0.9877815246582031,0.054206062108278275
ICC_PA18.nii.gz,0,context,gamma,encoder_stage_4,1x256x24x24x24,698.1591186523438,0.19773031771183014,0.9803309440612793,0.1377321034669876
ICC_PA18.nii.gz,0,context,gamma,encoder_stage_5,1x320x12x12x12,358.1217956542969,0.17945440113544464,0.9839937686920166,0.2319357991218567
ICC_PA18.nii.gz,0,context,gamma,encoder_bottleneck_deepest,1x320x6x6x6,138.62095642089844,0.1621902734041214,0.98688805103302,0.2780059576034546
ICC_PA18.nii.gz,0,context,blur,encoder_stage_1,1x32x192x192x192,4641.1962890625,0.36284181475639343,0.9329670667648315,0.0951056256890297
ICC_PA18.nii.gz,0,context,blur,encoder_stage_2,1x64x96x96x96,3512.794677734375,0.38040924072265625,0.9259290099143982,0.21792741119861603
ICC_PA18.nii.gz,0,context,blur,encoder_stage_3,1x128x48x48x48,1898.49853515625,0.3377763032913208,0.9422649145126343,0.2546166777610779
ICC_PA18.nii.gz,0,context,blur,encoder_stage_4,1x256x24x24x24,1302.904052734375,0.36900418996810913,0.9317877292633057,0.47967952489852905
ICC_PA18.nii.gz,0,context,blur,encoder_stage_5,1x320x12x12x12,668.1488647460938,0.3348086178302765,0.9442712068557739,0.8073331117630005
ICC_PA18.nii.gz,0,context,blur,encoder_bottleneck_deepest,1x320x6x6x6,249.32376098632812,0.291715532541275,0.9576656818389893,0.8993393182754517
ICC_PA18.nii.gz,1,context,gamma,encoder_stage_1,1x32x192x192x192,1745.265625,0.13003525137901306,0.9915610551834106,0.013448362238705158
ICC_PA18.nii.gz,1,context,gamma,encoder_stage_2,1x64x96x96x96,1196.0242919921875,0.1185469776391983,0.9929490685462952,0.02526308409869671
ICC_PA18.nii.gz,1,context,gamma,encoder_stage_3,1x128x48x48x48,647.3361206054688,0.10886669158935547,0.9940680265426636,0.02960233762860298
ICC_PA18.nii.gz,1,context,gamma,encoder_stage_4,1x256x24x24x24,404.2066955566406,0.11111912131309509,0.9938237071037292,0.04616717994213104
ICC_PA18.nii.gz,1,context,gamma,encoder_stage_5,1x320x12x12x12,176.8281707763672,0.0855298638343811,0.9963456392288208,0.056546952575445175
ICC_PA18.nii.gz,1,context,gamma,encoder_bottleneck_deepest,1x320x6x6x6,64.9013671875,0.07555495947599411,0.9971460700035095,0.0609402097761631
ICC_PA18.nii.gz,1,context,blur,encoder_stage_1,1x32x192x192x192,5217.939453125,0.3887752592563629,0.9228278398513794,0.12021105736494064
ICC_PA18.nii.gz,1,context,blur,encoder_stage_2,1x64x96x96x96,3858.497802734375,0.3824447989463806,0.9251917004585266,0.2629316449165344
ICC_PA18.nii.gz,1,context,blur,encoder_stage_3,1x128x48x48x48,1992.152099609375,0.3350330591201782,0.9432272911071777,0.2803569436073303
ICC_PA18.nii.gz,1,context,blur,encoder_stage_4,1x256x24x24x24,1204.2880859375,0.3310668468475342,0.9450010657310486,0.4098142981529236
ICC_PA18.nii.gz,1,context,blur,encoder_stage_5,1x320x12x12x12,585.89599609375,0.283391535282135,0.9595394730567932,0.6207937598228455
ICC_PA18.nii.gz,1,context,blur,encoder_bottleneck_deepest,1x320x6x6x6,219.94834899902344,0.25605300068855286,0.9671612977981567,0.6999026536941528
ICC_PA18.nii.gz,2,foreground,gamma,encoder_stage_1,1x32x192x192x192,1725.5123291015625,0.12895804643630981,0.9917060732841492,0.01314566284418106
ICC_PA18.nii.gz,2,foreground,gamma,encoder_stage_2,1x64x96x96x96,1180.7462158203125,0.11830584704875946,0.9929772615432739,0.024621782824397087
ICC_PA18.nii.gz,2,foreground,gamma,encoder_stage_3,1x128x48x48x48,672.8883056640625,0.11372986435890198,0.9935218691825867,0.031985439360141754
ICC_PA18.nii.gz,2,foreground,gamma,encoder_stage_4,1x256x24x24x24,425.6508483886719,0.11705844849348068,0.993137001991272,0.05119568109512329
ICC_PA18.nii.gz,2,foreground,gamma,encoder_stage_5,1x320x12x12x12,195.2095489501953,0.0957253947854042,0.9954299926757812,0.06891414523124695
ICC_PA18.nii.gz,2,foreground,gamma,encoder_bottleneck_deepest,1x320x6x6x6,70.83229064941406,0.08314269781112671,0.9965455532073975,0.07258700579404831
ICC_PA18.nii.gz,2,foreground,blur,encoder_stage_1,1x32x192x192x192,5082.89892578125,0.3798759877681732,0.926493763923645,0.11406943947076797
ICC_PA18.nii.gz,2,foreground,blur,encoder_stage_2,1x64x96x96x96,3732.343017578125,0.37396520376205444,0.9285540580749512,0.24601943790912628
ICC_PA18.nii.gz,2,foreground,blur,encoder_stage_3,1x128x48x48x48,1936.40283203125,0.32728585600852966,0.9459105134010315,0.2648852467536926
ICC_PA18.nii.gz,2,foreground,blur,encoder_stage_4,1x256x24x24x24,1146.4478759765625,0.31528520584106445,0.9503985047340393,0.3713940680027008
ICC_PA18.nii.gz,2,foreground,blur,encoder_stage_5,1x320x12x12x12,537.8826293945312,0.26376283168792725,0.9650396108627319,0.5232163667678833
ICC_PA18.nii.gz,2,foreground,blur,encoder_bottleneck_deepest,1x320x6x6x6,197.8973846435547,0.23229126632213593,0.973030149936676,0.5665997266769409
ICC_PA18.nii.gz,3,foreground,gamma,encoder_stage_1,1x32x192x192x192,1717.934326171875,0.1265474259853363,0.9919894933700562,0.013030451722443104
ICC_PA18.nii.gz,3,foreground,gamma,encoder_stage_2,1x64x96x96x96,1165.565185546875,0.1152995303273201,0.9933307766914368,0.023992719128727913
ICC_PA18.nii.gz,3,foreground,gamma,encoder_stage_3,1x128x48x48x48,639.3314819335938,0.10734512656927109,0.9942336678504944,0.028874769806861877
ICC_PA18.nii.gz,3,foreground,gamma,encoder_stage_4,1x256x24x24x24,409.77532958984375,0.11307507753372192,0.9936036467552185,0.04744799807667732
ICC_PA18.nii.gz,3,foreground,gamma,encoder_stage_5,1x320x12x12x12,185.73953247070312,0.08893726766109467,0.9960421919822693,0.06238999590277672
ICC_PA18.nii.gz,3,foreground,gamma,encoder_bottleneck_deepest,1x320x6x6x6,67.4697036743164,0.07750753313302994,0.996994137763977,0.06585881114006042
ICC_PA18.nii.gz,3,foreground,blur,encoder_stage_1,1x32x192x192x192,5396.9169921875,0.39755067229270935,0.919324517250061,0.12859906256198883
ICC_PA18.nii.gz,3,foreground,blur,encoder_stage_2,1x64x96x96x96,3850.28759765625,0.38087645173072815,0.925977885723114,0.2618138790130615
ICC_PA18.nii.gz,3,foreground,blur,encoder_stage_3,1x128x48x48x48,1927.579345703125,0.3236446976661682,0.9470828771591187,0.26247674226760864
ICC_PA18.nii.gz,3,foreground,blur,encoder_stage_4,1x256x24x24x24,1131.268798828125,0.3121669292449951,0.9512348771095276,0.361624538898468
ICC_PA18.nii.gz,3,foreground,blur,encoder_stage_5,1x320x12x12x12,526.876953125,0.25228336453437805,0.9679327607154846,0.5020242929458618
ICC_PA18.nii.gz,3,foreground,blur,encoder_bottleneck_deepest,1x320x6x6x6,189.6304931640625,0.21784284710884094,0.9761981964111328,0.5202506184577942
HCC_10081574_20140213.nii.gz,0,context,gamma,encoder_stage_1,1x32x192x192x192,1443.877197265625,0.11944139003753662,0.9928554892539978,0.009204640053212643
HCC_10081574_20140213.nii.gz,0,context,gamma,encoder_stage_2,1x64x96x96x96,973.4278564453125,0.11421610414981842,0.9935084581375122,0.016734542325139046
HCC_10081574_20140213.nii.gz,0,context,gamma,encoder_stage_3,1x128x48x48x48,500.0885925292969,0.0984625518321991,0.9951559901237488,0.01766689494252205
HCC_10081574_20140213.nii.gz,0,context,gamma,encoder_stage_4,1x256x24x24x24,301.98358154296875,0.09409437328577042,0.9955649375915527,0.02576872706413269
HCC_10081574_20140213.nii.gz,0,context,gamma,encoder_stage_5,1x320x12x12x12,162.8162841796875,0.08045794069766998,0.9967643618583679,0.04794042930006981
HCC_10081574_20140213.nii.gz,0,context,gamma,encoder_bottleneck_deepest,1x320x6x6x6,59.88400650024414,0.0705208107829094,0.9975131750106812,0.051882147789001465
HCC_10081574_20140213.nii.gz,0,context,blur,encoder_stage_1,1x32x192x192x192,4942.44677734375,0.4088524580001831,0.9153727889060974,0.1078525185585022
HCC_10081574_20140213.nii.gz,0,context,blur,encoder_stage_2,1x64x96x96x96,3589.489013671875,0.42116883397102356,0.9091119766235352,0.22754725813865662
HCC_10081574_20140213.nii.gz,0,context,blur,encoder_stage_3,1x128x48x48x48,1732.544677734375,0.3411210775375366,0.941460132598877,0.2120485156774521
HCC_10081574_20140213.nii.gz,0,context,blur,encoder_stage_4,1x256x24x24x24,990.9783935546875,0.30877670645713806,0.9532011151313782,0.2774946689605713
HCC_10081574_20140213.nii.gz,0,context,blur,encoder_stage_5,1x320x12x12x12,607.31640625,0.30011388659477234,0.954378604888916,0.6670160889625549
HCC_10081574_20140213.nii.gz,0,context,blur,encoder_bottleneck_deepest,1x320x6x6x6,231.31466674804688,0.2724015712738037,0.9627009034156799,0.7741098999977112
HCC_10081574_20140213.nii.gz,1,context,gamma,encoder_stage_1,1x32x192x192x192,1628.1207275390625,0.13223664462566376,0.9912410974502563,0.01170360203832388
HCC_10081574_20140213.nii.gz,1,context,gamma,encoder_stage_2,1x64x96x96x96,1108.732666015625,0.1315012276172638,0.9913632869720459,0.02171001210808754
HCC_10081574_20140213.nii.gz,1,context,gamma,encoder_stage_3,1x128x48x48x48,580.9279174804688,0.114454485476017,0.9934537410736084,0.023840250447392464
HCC_10081574_20140213.nii.gz,1,context,gamma,encoder_stage_4,1x256x24x24x24,344.23004150390625,0.10723546147346497,0.994238555431366,0.033482957631349564
HCC_10081574_20140213.nii.gz,1,context,gamma,encoder_stage_5,1x320x12x12x12,191.78768920898438,0.09425220638513565,0.9955616593360901,0.06651931256055832
HCC_10081574_20140213.nii.gz,1,context,gamma,encoder_bottleneck_deepest,1x320x6x6x6,70.05261993408203,0.08214311301708221,0.9966279864311218,0.07099781930446625
HCC_10081574_20140213.nii.gz,1,context,blur,encoder_stage_1,1x32x192x192x192,4849.89697265625,0.39391064643859863,0.9217736721038818,0.10385116189718246
HCC_10081574_20140213.nii.gz,1,context,blur,encoder_stage_2,1x64x96x96x96,3386.0185546875,0.4015986919403076,0.9176954030990601,0.20248132944107056
HCC_10081574_20140213.nii.gz,1,context,blur,encoder_stage_3,1x128x48x48x48,1598.0845947265625,0.31485480070114136,0.9502500295639038,0.1804121881723404
HCC_10081574_20140213.nii.gz,1,context,blur,encoder_stage_4,1x256x24x24x24,903.2263793945312,0.2813754975795746,0.9607226252555847,0.23052579164505005
HCC_10081574_20140213.nii.gz,1,context,blur,encoder_stage_5,1x320x12x12x12,513.798828125,0.2525014877319336,0.9678983092308044,0.4774111211299896
HCC_10081574_20140213.nii.gz,1,context,blur,encoder_bottleneck_deepest,1x320x6x6x6,188.12066650390625,0.22058871388435364,0.9755499958992004,0.5119991898536682
HCC_10081574_20140213.nii.gz,2,foreground,gamma,encoder_stage_1,1x32x192x192x192,1694.644287109375,0.13566914200782776,0.9907582998275757,0.012679538689553738
HCC_10081574_20140213.nii.gz,2,foreground,gamma,encoder_stage_2,1x64x96x96x96,1152.40087890625,0.13650743663311005,0.9906647205352783,0.023453814908862114
HCC_10081574_20140213.nii.gz,2,foreground,gamma,encoder_stage_3,1x128x48x48x48,602.618896484375,0.11847107112407684,0.9929879903793335,0.02565380372107029
HCC_10081574_20140213.nii.gz,2,foreground,gamma,encoder_stage_4,1x256x24x24x24,361.75439453125,0.1127655878663063,0.9936296939849854,0.03697889670729637
HCC_10081574_20140213.nii.gz,2,foreground,gamma,encoder_stage_5,1x320x12x12x12,226.24684143066406,0.11172277480363846,0.9937565922737122,0.0925702229142189
HCC_10081574_20140213.nii.gz,2,foreground,gamma,encoder_bottleneck_deepest,1x320x6x6x6,85.50409698486328,0.10111802071332932,0.9948843121528625,0.10577184706926346
HCC_10081574_20140213.nii.gz,2,foreground,blur,encoder_stage_1,1x32x192x192x192,5059.5751953125,0.4050574004650116,0.9173985123634338,0.1130249872803688
HCC_10081574_20140213.nii.gz,2,foreground,blur,encoder_stage_2,1x64x96x96x96,3492.089599609375,0.4136548638343811,0.9125297665596008,0.2153659611940384
HCC_10081574_20140213.nii.gz,2,foreground,blur,encoder_stage_3,1x128x48x48x48,1705.605712890625,0.33531132340431213,0.9434899687767029,0.2055055797100067
HCC_10081574_20140213.nii.gz,2,foreground,blur,encoder_stage_4,1x256x24x24x24,985.2431640625,0.30711865425109863,0.9530328512191772,0.2742920219898224
HCC_10081574_20140213.nii.gz,2,foreground,blur,encoder_stage_5,1x320x12x12x12,620.7268676757812,0.30652064085006714,0.9528968334197998,0.6967986822128296
HCC_10081574_20140213.nii.gz,2,foreground,blur,encoder_bottleneck_deepest,1x320x6x6x6,236.66104125976562,0.27987775206565857,0.9607579112052917,0.8103073835372925
HCC_10081574_20140213.nii.gz,3,foreground,gamma,encoder_stage_1,1x32x192x192x192,2024.57373046875,0.16082242131233215,0.9870750904083252,0.01809728890657425
HCC_10081574_20140213.nii.gz,3,foreground,gamma,encoder_stage_2,1x64x96x96x96,1409.78759765625,0.1625233143568039,0.9868211150169373,0.035100530833005905
HCC_10081574_20140213.nii.gz,3,foreground,gamma,encoder_stage_3,1x128x48x48x48,739.6829833984375,0.14366917312145233,0.9897487759590149,0.038650721311569214
HCC_10081574_20140213.nii.gz,3,foreground,gamma,encoder_stage_4,1x256x24x24x24,457.0702819824219,0.14270709455013275,0.9898203015327454,0.05903264880180359
HCC_10081574_20140213.nii.gz,3,foreground,gamma,encoder_stage_5,1x320x12x12x12,245.76344299316406,0.12083792686462402,0.9926974177360535,0.10922972112894058
HCC_10081574_20140213.nii.gz,3,foreground,gamma,encoder_bottleneck_deepest,1x320x6x6x6,90.07785034179688,0.10583540052175522,0.9944009780883789,0.11739031970500946
HCC_10081574_20140213.nii.gz,3,foreground,blur,encoder_stage_1,1x32x192x192x192,5938.62060546875,0.47173553705215454,0.8869753479957581,0.155710369348526
HCC_10081574_20140213.nii.gz,3,foreground,blur,encoder_stage_2,1x64x96x96x96,3929.18359375,0.4529646635055542,0.8945737481117249,0.2726534307003021
HCC_10081574_20140213.nii.gz,3,foreground,blur,encoder_stage_3,1x128x48x48x48,1891.4180908203125,0.367371529340744,0.9320549964904785,0.25272104144096375
HCC_10081574_20140213.nii.gz,3,foreground,blur,encoder_stage_4,1x256x24x24x24,1107.3739013671875,0.3457457423210144,0.9408337473869324,0.34650930762290955
HCC_10081574_20140213.nii.gz,3,foreground,blur,encoder_stage_5,1x320x12x12x12,727.5040283203125,0.35770201683044434,0.9353947043418884,0.9571436047554016
HCC_10081574_20140213.nii.gz,3,foreground,blur,encoder_bottleneck_deepest,1x320x6x6x6,277.2411193847656,0.32573962211608887,0.9466802477836609,1.1120173931121826
MET_PA19.nii.gz,0,context,gamma,encoder_stage_1,1x32x192x192x192,1361.5096435546875,0.11488683521747589,0.9933875203132629,0.008184417150914669
MET_PA19.nii.gz,0,context,gamma,encoder_stage_2,1x64x96x96x96,991.3842163085938,0.11965810507535934,0.9928253293037415,0.01735762692987919
MET_PA19.nii.gz,0,context,gamma,encoder_stage_3,1x128x48x48x48,559.5697021484375,0.1128232330083847,0.9936268925666809,0.022119471803307533
MET_PA19.nii.gz,0,context,gamma,encoder_stage_4,1x256x24x24x24,396.1805114746094,0.1266954243183136,0.9919555187225342,0.044351931661367416
MET_PA19.nii.gz,0,context,gamma,encoder_stage_5,1x320x12x12x12,225.954833984375,0.11213627457618713,0.9937105774879456,0.0923314318060875
MET_PA19.nii.gz,0,context,gamma,encoder_bottleneck_deepest,1x320x6x6x6,85.3720474243164,0.10015150159597397,0.9949875473976135,0.10544540733098984
MET_PA19.nii.gz,0,context,blur,encoder_stage_1,1x32x192x192x192,5117.42724609375,0.43181848526000977,0.9061721563339233,0.11562445759773254
MET_PA19.nii.gz,0,context,blur,encoder_stage_2,1x64x96x96x96,3610.2333984375,0.43574798107147217,0.9027467966079712,0.23018494248390198
MET_PA19.nii.gz,0,context,blur,encoder_stage_3,1x128x48x48x48,1727.4144287109375,0.3482899069786072,0.9387757778167725,0.2107945680618286
MET_PA19.nii.gz,0,context,blur,encoder_stage_4,1x256x24x24x24,1061.818603515625,0.33956125378608704,0.9432196617126465,0.3185862600803375
MET_PA19.nii.gz,0,context,blur,encoder_stage_5,1x320x12x12x12,604.540771484375,0.30001991987228394,0.9549077153205872,0.6609330773353577
MET_PA19.nii.gz,0,context,blur,encoder_bottleneck_deepest,1x320x6x6x6,218.60263061523438,0.2564467191696167,0.9671006202697754,0.6913645267486572
MET_PA19.nii.gz,1,context,gamma,encoder_stage_1,1x32x192x192x192,1444.72900390625,0.12351813167333603,0.992355465888977,0.009215504862368107
MET_PA19.nii.gz,1,context,gamma,encoder_stage_2,1x64x96x96x96,1100.8682861328125,0.12574227154254913,0.9920782446861267,0.02140311896800995
MET_PA19.nii.gz,1,context,gamma,encoder_stage_3,1x128x48x48x48,550.4537353515625,0.10680127143859863,0.9942860007286072,0.02140463888645172
MET_PA19.nii.gz,1,context,gamma,encoder_stage_4,1x256x24x24x24,329.69378662109375,0.10066499561071396,0.9949204325675964,0.030714811757206917
MET_PA19.nii.gz,1,context,gamma,encoder_stage_5,1x320x12x12x12,178.3011474609375,0.08735144883394241,0.9961816668510437,0.0574929416179657
MET_PA19.nii.gz,1,context,gamma,encoder_bottleneck_deepest,1x320x6x6x6,67.29508209228516,0.07871308922767639,0.996900737285614,0.0655183419585228
MET_PA19.nii.gz,1,context,blur,encoder_stage_1,1x32x192x192x192,6278.9423828125,0.5368226170539856,0.8519787192344666,0.1740681678056717
MET_PA19.nii.gz,1,context,blur,encoder_stage_2,1x64x96x96x96,4434.6806640625,0.5065336227416992,0.868600070476532,0.3473209738731384
MET_PA19.nii.gz,1,context,blur,encoder_stage_3,1x128x48x48x48,2067.371826171875,0.4011198878288269,0.918688178062439,0.3019280731678009
MET_PA19.nii.gz,1,context,blur,encoder_stage_4,1x256x24x24x24,1173.466064453125,0.35829293727874756,0.9366010427474976,0.3891054689884186
MET_PA19.nii.gz,1,context,blur,encoder_stage_5,1x320x12x12x12,626.822021484375,0.30708613991737366,0.9524937272071838,0.7105502486228943
MET_PA19.nii.gz,1,context,blur,encoder_bottleneck_deepest,1x320x6x6x6,232.97805786132812,0.27250760793685913,0.9626765251159668,0.7852831482887268
MET_PA19.nii.gz,2,foreground,gamma,encoder_stage_1,1x32x192x192x192,1299.7823486328125,0.1088031604886055,0.9940646886825562,0.0074591198936104774
MET_PA19.nii.gz,2,foreground,gamma,encoder_stage_2,1x64x96x96x96,885.99951171875,0.1016734167933464,0.9948248267173767,0.013863513246178627
MET_PA19.nii.gz,2,foreground,gamma,encoder_stage_3,1x128x48x48x48,427.2733459472656,0.08337637037038803,0.9965221881866455,0.01289667934179306
MET_PA19.nii.gz,2,foreground,gamma,encoder_stage_4,1x256x24x24x24,243.215087890625,0.07507729530334473,0.9971792697906494,0.0167150367051363
MET_PA19.nii.gz,2,foreground,gamma,encoder_stage_5,1x320x12x12x12,140.36276245117188,0.06918584555387497,0.9976086616516113,0.035629529505968094
MET_PA19.nii.gz,2,foreground,gamma,encoder_bottleneck_deepest,1x320x6x6x6,52.15395736694336,0.06125923618674278,0.9981231689453125,0.03935236111283302
MET_PA19.nii.gz,2,foreground,blur,encoder_stage_1,1x32x192x192x192,5945.048828125,0.49765264987945557,0.8736392855644226,0.15604762732982635
MET_PA19.nii.gz,2,foreground,blur,encoder_stage_2,1x64x96x96x96,4369.7587890625,0.5014543533325195,0.8714632987976074,0.3372262120246887
MET_PA19.nii.gz,2,foreground,blur,encoder_stage_3,1x128x48x48x48,2093.227294921875,0.4084637761116028,0.9154983758926392,0.3095274269580841
MET_PA19.nii.gz,2,foreground,blur,encoder_stage_4,1x256x24x24x24,1125.2911376953125,0.34736257791519165,0.940025269985199,0.3578130006790161
MET_PA19.nii.gz,2,foreground,blur,encoder_stage_5,1x320x12x12x12,645.4268188476562,0.31813564896583557,0.9492170214653015,0.7533560991287231
MET_PA19.nii.gz,2,foreground,blur,encoder_bottleneck_deepest,1x320x6x6x6,240.81915283203125,0.28286248445510864,0.9600098729133606,0.8390315771102905
MET_PA19.nii.gz,3,foreground,gamma,encoder_stage_1,1x32x192x192x192,1439.58935546875,0.1207907497882843,0.9926979541778564,0.00915005337446928
MET_PA19.nii.gz,3,foreground,gamma,encoder_stage_2,1x64x96x96x96,1022.52490234375,0.1166117861866951,0.9931852221488953,0.018465204164385796
MET_PA19.nii.gz,3,foreground,gamma,encoder_stage_3,1x128x48x48x48,487.2304992675781,0.094859279692173,0.9954947233200073,0.01677008345723152
MET_PA19.nii.gz,3,foreground,gamma,encoder_stage_4,1x256x24x24x24,284.5263366699219,0.08765733242034912,0.9961522817611694,0.022875536233186722
MET_PA19.nii.gz,3,foreground,gamma,encoder_stage_5,1x320x12x12x12,144.37294006347656,0.07038743793964386,0.9975237250328064,0.03769448772072792
MET_PA19.nii.gz,3,foreground,gamma,encoder_bottleneck_deepest,1x320x6x6x6,51.20576095581055,0.059745464473962784,0.9982155561447144,0.03793445974588394
MET_PA19.nii.gz,3,foreground,blur,encoder_stage_1,1x32x192x192x192,6257.18896484375,0.5250181555747986,0.8583472371101379,0.1728641390800476
MET_PA19.nii.gz,3,foreground,blur,encoder_stage_2,1x64x96x96x96,4389.59716796875,0.5006027221679688,0.8722342848777771,0.34029507637023926
MET_PA19.nii.gz,3,foreground,blur,encoder_stage_3,1x128x48x48x48,2082.59375,0.40546175837516785,0.9166625738143921,0.30639055371284485
MET_PA19.nii.gz,3,foreground,blur,encoder_stage_4,1x256x24x24x24,1171.0853271484375,0.36078986525535583,0.9356892108917236,0.38752827048301697
MET_PA19.nii.gz,3,foreground,blur,encoder_stage_5,1x320x12x12x12,638.876953125,0.3114774227142334,0.9509912729263306,0.7381433844566345
MET_PA19.nii.gz,3,foreground,blur,encoder_bottleneck_deepest,1x320x6x6x6,231.98158264160156,0.27066969871520996,0.9632070660591125,0.7785800695419312
HEM_PA24.nii.gz,0,context,gamma,encoder_stage_1,1x32x192x192x192,1457.1851806640625,0.1197124794125557,0.9928378462791443,0.00937509723007679
HEM_PA24.nii.gz,0,context,gamma,encoder_stage_2,1x64x96x96x96,1006.3253173828125,0.12140721827745438,0.9926153421401978,0.017884759232401848
HEM_PA24.nii.gz,0,context,gamma,encoder_stage_3,1x128x48x48x48,563.5518188476562,0.11320822685956955,0.9935846924781799,0.02243541181087494
HEM_PA24.nii.gz,0,context,gamma,encoder_stage_4,1x256x24x24x24,412.2026672363281,0.13262465596199036,0.9911882877349854,0.04801178723573685
HEM_PA24.nii.gz,0,context,gamma,encoder_stage_5,1x320x12x12x12,229.8000946044922,0.11327065527439117,0.9935809373855591,0.09550072252750397
HEM_PA24.nii.gz,0,context,gamma,encoder_bottleneck_deepest,1x320x6x6x6,87.00760650634766,0.10212751477956772,0.9947882890701294,0.10952435433864594
HEM_PA24.nii.gz,0,context,blur,encoder_stage_1,1x32x192x192x192,4961.68701171875,0.4076186418533325,0.9163704514503479,0.10869386792182922
HEM_PA24.nii.gz,0,context,blur,encoder_stage_2,1x64x96x96x96,3554.478271484375,0.42882683873176575,0.9058389663696289,0.2231300324201584
HEM_PA24.nii.gz,0,context,blur,encoder_stage_3,1x128x48x48x48,1755.469970703125,0.35264483094215393,0.9373559951782227,0.2176973521709442
HEM_PA24.nii.gz,0,context,blur,encoder_stage_4,1x256x24x24x24,1096.5048828125,0.3527963161468506,0.938887894153595,0.3397406041622162
HEM_PA24.nii.gz,0,context,blur,encoder_stage_5,1x320x12x12x12,612.3391723632812,0.3018278181552887,0.9543842673301697,0.6780946850776672
HEM_PA24.nii.gz,0,context,blur,encoder_bottleneck_deepest,1x320x6x6x6,223.75759887695312,0.2626414895057678,0.9656153321266174,0.7243556380271912
HEM_PA24.nii.gz,1,context,gamma,encoder_stage_1,1x32x192x192x192,1584.504638671875,0.1330108344554901,0.9911319613456726,0.01108494121581316
HEM_PA24.nii.gz,1,context,gamma,encoder_stage_2,1x64x96x96x96,1116.6075439453125,0.12740051746368408,0.9918767809867859,0.02201949991285801
HEM_PA24.nii.gz,1,context,gamma,encoder_stage_3,1x128x48x48x48,540.5634155273438,0.10512886941432953,0.9944734573364258,0.020642373710870743
HEM_PA24.nii.gz,1,context,gamma,encoder_stage_4,1x256x24x24x24,316.25567626953125,0.09822501987218857,0.9951645135879517,0.028262006118893623
HEM_PA24.nii.gz,1,context,gamma,encoder_stage_5,1x320x12x12x12,150.04598999023438,0.07253250479698181,0.9973686933517456,0.0407150574028492
HEM_PA24.nii.gz,1,context,gamma,encoder_bottleneck_deepest,1x320x6x6x6,54.935420989990234,0.06425002217292786,0.9979358911514282,0.043661750853061676
HEM_PA24.nii.gz,1,context,blur,encoder_stage_1,1x32x192x192x192,6103.380859375,0.5123467445373535,0.8649012446403503,0.16447022557258606
HEM_PA24.nii.gz,1,context,blur,encoder_stage_2,1x64x96x96x96,4153.21826171875,0.473865807056427,0.8847056031227112,0.30463215708732605
HEM_PA24.nii.gz,1,context,blur,encoder_stage_3,1x128x48x48x48,1885.268798828125,0.3666474223136902,0.9320705533027649,0.2510804533958435
HEM_PA24.nii.gz,1,context,blur,encoder_stage_4,1x256x24x24x24,1062.29638671875,0.32993584871292114,0.9466531872749329,0.31887295842170715
HEM_PA24.nii.gz,1,context,blur,encoder_stage_5,1x320x12x12x12,590.5943603515625,0.2854943871498108,0.9590432047843933,0.6307900547981262
HEM_PA24.nii.gz,1,context,blur,encoder_bottleneck_deepest,1x320x6x6x6,216.60052490234375,0.25332632660865784,0.9677786231040955,0.678758442401886
HEM_PA24.nii.gz,2,foreground,gamma,encoder_stage_1,1x32x192x192x192,1473.5458984375,0.12076462805271149,0.9926811456680298,0.009586799889802933
HEM_PA24.nii.gz,2,foreground,gamma,encoder_stage_2,1x64x96x96x96,939.3419189453125,0.10900499671697617,0.9940503239631653,0.015583096072077751
HEM_PA24.nii.gz,2,foreground,gamma,encoder_stage_3,1x128x48x48x48,450.8736267089844,0.08825476467609406,0.9961050152778625,0.01436071190983057
HEM_PA24.nii.gz,2,foreground,gamma,encoder_stage_4,1x256x24x24x24,254.79403686523438,0.07951834052801132,0.996833860874176,0.01834445632994175
HEM_PA24.nii.gz,2,foreground,gamma,encoder_stage_5,1x320x12x12x12,134.2340087890625,0.06599114090204239,0.9978243112564087,0.032586026936769485
HEM_PA24.nii.gz,2,foreground,gamma,encoder_bottleneck_deepest,1x320x6x6x6,48.00431823730469,0.05647879093885422,0.9984058737754822,0.033339329063892365
HEM_PA24.nii.gz,2,foreground,blur,encoder_stage_1,1x32x192x192x192,5887.26513671875,0.48249149322509766,0.8818075656890869,0.1530289202928543
HEM_PA24.nii.gz,2,foreground,blur,encoder_stage_2,1x64x96x96x96,4096.90576171875,0.47542133927345276,0.8839356303215027,0.29642733931541443
HEM_PA24.nii.gz,2,foreground,blur,encoder_stage_3,1x128x48x48x48,1914.696044921875,0.37478581070899963,0.9290200471878052,0.258979856967926
HEM_PA24.nii.gz,2,foreground,blur,encoder_stage_4,1x256x24x24x24,1035.2122802734375,0.32307806611061096,0.9482753872871399,0.3028204143047333
HEM_PA24.nii.gz,2,foreground,blur,encoder_stage_5,1x320x12x12x12,625.8845825195312,0.3076927959918976,0.9522386193275452,0.7084264755249023
HEM_PA24.nii.gz,2,foreground,blur,encoder_bottleneck_deepest,1x320x6x6x6,238.4246368408203,0.28051507472991943,0.9604597687721252,0.8224291801452637
HEM_PA24.nii.gz,3,foreground,gamma,encoder_stage_1,1x32x192x192x192,1524.712158203125,0.1278405636548996,0.9918227195739746,0.01026412844657898
HEM_PA24.nii.gz,3,foreground,gamma,encoder_stage_2,1x64x96x96x96,1103.723876953125,0.12480732798576355,0.9922076463699341,0.021514300256967545
HEM_PA24.nii.gz,3,foreground,gamma,encoder_stage_3,1x128x48x48x48,542.6875,0.10485716909170151,0.994510293006897,0.020804917439818382
HEM_PA24.nii.gz,3,foreground,gamma,encoder_stage_4,1x256x24x24x24,318.4425354003906,0.09855615347623825,0.9951316118240356,0.02865421399474144
HEM_PA24.nii.gz,3,foreground,gamma,encoder_stage_5,1x320x12x12x12,172.2477264404297,0.08431626856327057,0.9964500665664673,0.05365538224577904
HEM_PA24.nii.gz,3,foreground,gamma,encoder_bottleneck_deepest,1x320x6x6x6,62.25353240966797,0.07306811958551407,0.9973317980766296,0.056069184094667435
HEM_PA24.nii.gz,3,foreground,blur,encoder_stage_1,1x32x192x192x192,6269.38916015625,0.5256613492965698,0.8578118085861206,0.17353887856006622
HEM_PA24.nii.gz,3,foreground,blur,encoder_stage_2,1x64x96x96x96,4349.978515625,0.4918886125087738,0.8760502338409424,0.33418008685112
HEM_PA24.nii.gz,3,foreground,blur,encoder_stage_3,1x128x48x48x48,1947.6260986328125,0.3763170540332794,0.9282578229904175,0.2679646611213684
HEM_PA24.nii.gz,3,foreground,blur,encoder_stage_4,1x256x24x24x24,1045.324951171875,0.3235221207141876,0.948164701461792,0.30876561999320984
HEM_PA24.nii.gz,3,foreground,blur,encoder_stage_5,1x320x12x12x12,590.5397338867188,0.2890726327896118,0.9579280614852905,0.6306734085083008
HEM_PA24.nii.gz,3,foreground,blur,encoder_bottleneck_deepest,1x320x6x6x6,218.36846923828125,0.2563031017780304,0.9670611023902893,0.6898840665817261
CYST_PA74.nii.gz,0,context,gamma,encoder_stage_1,1x32x192x192x192,1414.591552734375,0.11930305510759354,0.9928798675537109,0.008835038170218468
CYST_PA74.nii.gz,0,context,gamma,encoder_stage_2,1x64x96x96x96,987.1116333007812,0.12116134911775589,0.9926389455795288,0.017208335921168327
CYST_PA74.nii.gz,0,context,gamma,encoder_stage_3,1x128x48x48x48,544.4657592773438,0.11105615645647049,0.9938187003135681,0.020941482856869698
CYST_PA74.nii.gz,0,context,gamma,encoder_stage_4,1x256x24x24x24,405.7528991699219,0.130068838596344,0.991510808467865,0.046521056443452835
CYST_PA74.nii.gz,0,context,gamma,encoder_stage_5,1x320x12x12x12,249.70472717285156,0.12474006414413452,0.9922178983688354,0.1127612367272377
CYST_PA74.nii.gz,0,context,gamma,encoder_bottleneck_deepest,1x320x6x6x6,98.0339584350586,0.11547979712486267,0.993327260017395,0.13904307782649994
CYST_PA74.nii.gz,0,context,blur,encoder_stage_1,1x32x192x192x192,4603.955078125,0.3882858455181122,0.9240533113479614,0.09358549118041992
CYST_PA74.nii.gz,0,context,blur,encoder_stage_2,1x64x96x96x96,3447.195556640625,0.4231202006340027,0.9087033867835999,0.20986409485340118
CYST_PA74.nii.gz,0,context,blur,encoder_stage_3,1x128x48x48x48,1708.087646484375,0.34840327501296997,0.9386796355247498,0.2061040997505188
CYST_PA74.nii.gz,0,context,blur,encoder_stage_4,1x256x24x24x24,1107.8101806640625,0.3551214933395386,0.9379249215126038,0.3467824161052704
CYST_PA74.nii.gz,0,context,blur,encoder_stage_5,1x320x12x12x12,653.07177734375,0.3262421786785126,0.9464972615242004,0.771308422088623
CYST_PA74.nii.gz,0,context,blur,encoder_bottleneck_deepest,1x320x6x6x6,242.78756713867188,0.2859933376312256,0.9590286016464233,0.8528038859367371
CYST_PA74.nii.gz,1,context,gamma,encoder_stage_1,1x32x192x192x192,1437.7994384765625,0.12356958538293839,0.9923359751701355,0.009127313271164894
CYST_PA74.nii.gz,1,context,gamma,encoder_stage_2,1x64x96x96x96,1014.7047119140625,0.11699508875608444,0.9931390881538391,0.018183842301368713
CYST_PA74.nii.gz,1,context,gamma,encoder_stage_3,1x128x48x48x48,492.4449462890625,0.09622495621442795,0.9953616261482239,0.017130959779024124
CYST_PA74.nii.gz,1,context,gamma,encoder_stage_4,1x256x24x24x24,284.0274658203125,0.0880279392004013,0.996118426322937,0.022795390337705612
CYST_PA74.nii.gz,1,context,gamma,encoder_stage_5,1x320x12x12x12,152.2987060546875,0.07338538020849228,0.99730384349823,0.041946783661842346
CYST_PA74.nii.gz,1,context,gamma,encoder_bottleneck_deepest,1x320x6x6x6,58.63089370727539,0.06831114739179611,0.997665286064148,0.04973353073000908
CYST_PA74.nii.gz,1,context,blur,encoder_stage_1,1x32x192x192x192,5658.306640625,0.4862949550151825,0.8784518241882324,0.1413576453924179
CYST_PA74.nii.gz,1,context,blur,encoder_stage_2,1x64x96x96x96,4058.68212890625,0.4679645895957947,0.8878619074821472,0.2909218966960907
CYST_PA74.nii.gz,1,context,blur,encoder_stage_3,1x128x48x48x48,1932.8516845703125,0.37768399715423584,0.9279004335403442,0.263914555311203
CYST_PA74.nii.gz,1,context,blur,encoder_stage_4,1x256x24x24x24,1080.751220703125,0.3349545896053314,0.9450838565826416,0.33004850149154663
CYST_PA74.nii.gz,1,context,blur,encoder_stage_5,1x320x12x12x12,602.3092041015625,0.2902236580848694,0.9573310017585754,0.6560626029968262
CYST_PA74.nii.gz,1,context,blur,encoder_bottleneck_deepest,1x320x6x6x6,223.5494842529297,0.2604586184024811,0.965869128704071,0.7230088710784912
CYST_PA74.nii.gz,2,foreground,gamma,encoder_stage_1,1x32x192x192x192,1344.965087890625,0.11341731995344162,0.9935505986213684,0.007986718788743019
CYST_PA74.nii.gz,2,foreground,gamma,encoder_stage_2,1x64x96x96x96,950.6472778320312,0.10936297476291656,0.9940100312232971,0.0159604512155056
CYST_PA74.nii.gz,2,foreground,gamma,encoder_stage_3,1x128x48x48x48,463.5126953125,0.09078240394592285,0.995878279209137,0.015177128836512566
CYST_PA74.nii.gz,2,foreground,gamma,encoder_stage_4,1x256x24x24x24,260.2244873046875,0.08063720166683197,0.9967439770698547,0.01913474313914776
CYST_PA74.nii.gz,2,foreground,gamma,encoder_stage_5,1x320x12x12x12,138.60494995117188,0.06763377785682678,0.9977137446403503,0.03474271669983864
CYST_PA74.nii.gz,2,foreground,gamma,encoder_bottleneck_deepest,1x320x6x6x6,50.3492431640625,0.05907692387700081,0.9982558488845825,0.03667601943016052
CYST_PA74.nii.gz,2,foreground,blur,encoder_stage_1,1x32x192x192x192,5806.66845703125,0.4896608889102936,0.8774550557136536,0.148867666721344
CYST_PA74.nii.gz,2,foreground,blur,encoder_stage_2,1x64x96x96x96,4298.314453125,0.4944804012775421,0.8754584193229675,0.32628917694091797
CYST_PA74.nii.gz,2,foreground,blur,encoder_stage_3,1x128x48x48x48,2070.572998046875,0.40553709864616394,0.9168625473976135,0.30286383628845215
CYST_PA74.nii.gz,2,foreground,blur,encoder_stage_4,1x256x24x24x24,1125.9749755859375,0.3489121198654175,0.9396567344665527,0.3582480549812317
CYST_PA74.nii.gz,2,foreground,blur,encoder_stage_5,1x320x12x12x12,659.5957641601562,0.32185688614845276,0.9477890133857727,0.7867957353591919
CYST_PA74.nii.gz,2,foreground,blur,encoder_bottleneck_deepest,1x320x6x6x6,249.9912567138672,0.2933254539966583,0.9569255113601685,0.9041612148284912
CYST_PA74.nii.gz,3,foreground,gamma,encoder_stage_1,1x32x192x192x192,1493.149169921875,0.12733273208141327,0.9918602705001831,0.009843572042882442
CYST_PA74.nii.gz,3,foreground,gamma,encoder_stage_2,1x64x96x96x96,1013.1809692382812,0.1168428361415863,0.9931524991989136,0.018129272386431694
CYST_PA74.nii.gz,3,foreground,gamma,encoder_stage_3,1x128x48x48x48,477.3442077636719,0.09372047334909439,0.9956009984016418,0.016096433624625206
CYST_PA74.nii.gz,3,foreground,gamma,encoder_stage_4,1x256x24x24x24,272.9888000488281,0.08481847494840622,0.9963988065719604,0.021057946607470512
CYST_PA74.nii.gz,3,foreground,gamma,encoder_stage_5,1x320x12x12x12,153.33987426757812,0.07395727187395096,0.9972636699676514,0.04252227395772934
CYST_PA74.nii.gz,3,foreground,gamma,encoder_bottleneck_deepest,1x320x6x6x6,58.188743591308594,0.06750939041376114,0.9977210164070129,0.048986248672008514
CYST_PA74.nii.gz,3,foreground,blur,encoder_stage_1,1x32x192x192x192,5776.4072265625,0.4926002621650696,0.8753810524940491,0.14732007682323456
CYST_PA74.nii.gz,3,foreground,blur,encoder_stage_2,1x64x96x96x96,4209.03857421875,0.48539799451828003,0.8795925974845886,0.312875896692276
CYST_PA74.nii.gz,3,foreground,blur,encoder_stage_3,1x128x48x48x48,2004.58740234375,0.3935752511024475,0.9215471744537354,0.28386789560317993
CYST_PA74.nii.gz,3,foreground,blur,encoder_stage_4,1x256x24x24x24,1148.6990966796875,0.35690441727638245,0.9376761317253113,0.372854083776474
CYST_PA74.nii.gz,3,foreground,blur,encoder_stage_5,1x320x12x12x12,653.0486450195312,0.31497153639793396,0.9497575163841248,0.7712538242340088
CYST_PA74.nii.gz,3,foreground,blur,encoder_bottleneck_deepest,1x320x6x6x6,237.46961975097656,0.275507390499115,0.961766242980957,0.8158538937568665
HEM_PA34.nii.gz,0,context,gamma,encoder_stage_1,1x32x192x192x192,1478.779296875,0.12240172177553177,0.9925062656402588,0.009655017405748367
HEM_PA34.nii.gz,0,context,gamma,encoder_stage_2,1x64x96x96x96,1027.53857421875,0.12454388290643692,0.9922210574150085,0.0186467282474041
HEM_PA34.nii.gz,0,context,gamma,encoder_stage_3,1x128x48x48x48,587.4169921875,0.11881322413682938,0.9929275512695312,0.024375826120376587
HEM_PA34.nii.gz,0,context,gamma,encoder_stage_4,1x256x24x24x24,436.165283203125,0.13900049030780792,0.9902949333190918,0.053756192326545715
HEM_PA34.nii.gz,0,context,gamma,encoder_stage_5,1x320x12x12x12,252.04942321777344,0.12525534629821777,0.9921493530273438,0.11488880217075348
HEM_PA34.nii.gz,0,context,gamma,encoder_bottleneck_deepest,1x320x6x6x6,98.51630401611328,0.11553537100553513,0.9933193922042847,0.14041468501091003
HEM_PA34.nii.gz,0,context,blur,encoder_stage_1,1x32x192x192x192,4794.24755859375,0.39683011174201965,0.9208279848098755,0.10148157924413681
HEM_PA34.nii.gz,0,context,blur,encoder_stage_2,1x64x96x96x96,3580.4072265625,0.4339669644832611,0.9039233326911926,0.22639727592468262
HEM_PA34.nii.gz,0,context,blur,encoder_stage_3,1x128x48x48x48,1744.6072998046875,0.35287100076675415,0.9371150135993958,0.21501149237155914
HEM_PA34.nii.gz,0,context,blur,encoder_stage_4,1x256x24x24x24,1092.49169921875,0.3481636047363281,0.9401987791061401,0.3372582793235779
HEM_PA34.nii.gz,0,context,blur,encoder_stage_5,1x320x12x12x12,643.4185180664062,0.319745272397995,0.9484217166900635,0.7486750483512878
HEM_PA34.nii.gz,0,context,blur,encoder_bottleneck_deepest,1x320x6x6x6,239.37022399902344,0.28072232007980347,0.9604725241661072,0.8289656043052673
HEM_PA34.nii.gz,1,context,gamma,encoder_stage_1,1x32x192x192x192,1483.021240234375,0.12464406341314316,0.9922031164169312,0.009710488840937614
HEM_PA34.nii.gz,1,context,gamma,encoder_stage_2,1x64x96x96x96,1061.535400390625,0.12068493664264679,0.9927039742469788,0.01990102045238018
HEM_PA34.nii.gz,1,context,gamma,encoder_stage_3,1x128x48x48x48,510.0539245605469,0.09872124344110489,0.9951223134994507,0.018378010019659996
HEM_PA34.nii.gz,1,context,gamma,encoder_stage_4,1x256x24x24x24,273.67547607421875,0.08479108661413193,0.9963988661766052,0.021164018660783768
HEM_PA34.nii.gz,1,context,gamma,encoder_stage_5,1x320x12x12x12,137.18060302734375,0.06618469208478928,0.9978101253509521,0.03403232991695404
HEM_PA34.nii.gz,1,context,gamma,encoder_bottleneck_deepest,1x320x6x6x6,52.964012145996094,0.06166299432516098,0.9980984926223755,0.040584295988082886
HEM_PA34.nii.gz,1,context,blur,encoder_stage_1,1x32x192x192x192,5955.759765625,0.5005660653114319,0.8717644810676575,0.1566104143857956
HEM_PA34.nii.gz,1,context,blur,encoder_stage_2,1x64x96x96x96,4226.71484375,0.48053112626075745,0.8820722699165344,0.3155093491077423
HEM_PA34.nii.gz,1,context,blur,encoder_stage_3,1x128x48x48x48,1948.4564208984375,0.37712493538856506,0.928183913230896,0.26819318532943726
HEM_PA34.nii.gz,1,context,blur,encoder_stage_4,1x256x24x24x24,1084.41162109375,0.33597618341445923,0.9447383284568787,0.33228799700737
HEM_PA34.nii.gz,1,context,blur,encoder_stage_5,1x320x12x12x12,612.85888671875,0.29568231105804443,0.9558336138725281,0.6792462468147278
HEM_PA34.nii.gz,1,context,blur,encoder_bottleneck_deepest,1x320x6x6x6,227.69900512695312,0.265097051858902,0.964679479598999,0.7500988841056824
HEM_PA34.nii.gz,2,foreground,gamma,encoder_stage_1,1x32x192x192x192,1366.469482421875,0.11498191952705383,0.9933688640594482,0.008244155906140804
HEM_PA34.nii.gz,2,foreground,gamma,encoder_stage_2,1x64x96x96x96,1019.4431762695312,0.11631759256124496,0.993226945400238,0.01835406944155693
HEM_PA34.nii.gz,2,foreground,gamma,encoder_stage_3,1x128x48x48x48,503.889892578125,0.09786470979452133,0.9952124357223511,0.017936496064066887
HEM_PA34.nii.gz,2,foreground,gamma,encoder_stage_4,1x256x24x24x24,282.96832275390625,0.08676423132419586,0.9962307214736938,0.022625697776675224
HEM_PA34.nii.gz,2,foreground,gamma,encoder_stage_5,1x320x12x12x12,148.71847534179688,0.07246346026659012,0.9973828792572021,0.039997801184654236
HEM_PA34.nii.gz,2,foreground,gamma,encoder_bottleneck_deepest,1x320x6x6x6,55.217979431152344,0.06476298719644547,0.9979071021080017,0.04411205276846886
HEM_PA34.nii.gz,2,foreground,blur,encoder_stage_1,1x32x192x192x192,5768.97119140625,0.4854315221309662,0.8798730969429016,0.14694102108478546
HEM_PA34.nii.gz,2,foreground,blur,encoder_stage_2,1x64x96x96x96,4350.33837890625,0.4963698983192444,0.8745062351226807,0.33423537015914917
HEM_PA34.nii.gz,2,foreground,blur,encoder_stage_3,1x128x48x48x48,2087.959716796875,0.4055202603340149,0.9166150093078613,0.3079715371131897
HEM_PA34.nii.gz,2,foreground,blur,encoder_stage_4,1x256x24x24x24,1178.0489501953125,0.36121538281440735,0.9356822371482849,0.3921506702899933
HEM_PA34.nii.gz,2,foreground,blur,encoder_stage_5,1x320x12x12x12,672.2197875976562,0.3275408148765564,0.946117639541626,0.8172008991241455
HEM_PA34.nii.gz,2,foreground,blur,encoder_bottleneck_deepest,1x320x6x6x6,247.7587127685547,0.2905864119529724,0.9576382637023926,0.8880842328071594
HEM_PA34.nii.gz,3,foreground,gamma,encoder_stage_1,1x32x192x192x192,1532.5367431640625,0.1286207139492035,0.9916989803314209,0.010369746945798397
HEM_PA34.nii.gz,3,foreground,gamma,encoder_stage_2,1x64x96x96x96,1093.44677734375,0.12468661367893219,0.9922044277191162,0.021115509793162346
HEM_PA34.nii.gz,3,foreground,gamma,encoder_stage_3,1x128x48x48x48,530.0130615234375,0.1031404361128807,0.9946758151054382,0.01984447054564953
HEM_PA34.nii.gz,3,foreground,gamma,encoder_stage_4,1x256x24x24x24,296.2978210449219,0.09147002547979355,0.9958114624023438,0.024807514622807503
HEM_PA34.nii.gz,3,foreground,gamma,encoder_stage_5,1x320x12x12x12,149.22659301757812,0.07193908840417862,0.9974159598350525,0.0402715839445591
HEM_PA34.nii.gz,3,foreground,gamma,encoder_bottleneck_deepest,1x320x6x6x6,54.501319885253906,0.06327980011701584,0.9979982376098633,0.04297444596886635
HEM_PA34.nii.gz,3,foreground,blur,encoder_stage_1,1x32x192x192x192,5913.86376953125,0.4963309168815613,0.8739123344421387,0.1544148176908493
HEM_PA34.nii.gz,3,foreground,blur,encoder_stage_2,1x64x96x96x96,4366.58740234375,0.49792546033859253,0.8739960789680481,0.3367368280887604
HEM_PA34.nii.gz,3,foreground,blur,encoder_stage_3,1x128x48x48x48,2098.157958984375,0.40830111503601074,0.9155417084693909,0.31098732352256775
HEM_PA34.nii.gz,3,foreground,blur,encoder_stage_4,1x256x24x24x24,1244.1895751953125,0.38409343361854553,0.9280080199241638,0.4374208152294159
HEM_PA34.nii.gz,3,foreground,blur,encoder_stage_5,1x320x12x12x12,750.0693359375,0.361593097448349,0.933881938457489,1.017440676689148
HEM_PA34.nii.gz,3,foreground,blur,encoder_bottleneck_deepest,1x320x6x6x6,280.987060546875,0.32624539732933044,0.946320652961731,1.1422704458236694
FNH_PA32.nii.gz,0,context,gamma,encoder_stage_1,1x32x192x192x192,1802.6546630859375,0.1319662183523178,0.9912620782852173,0.01434734184294939
FNH_PA32.nii.gz,0,context,gamma,encoder_stage_2,1x64x96x96x96,1109.4224853515625,0.1168365404009819,0.993166983127594,0.021737033501267433
FNH_PA32.nii.gz,0,context,gamma,encoder_stage_3,1x128x48x48x48,570.1137084960938,0.10005414485931396,0.9949901103973389,0.02296091988682747
FNH_PA32.nii.gz,0,context,gamma,encoder_stage_4,1x256x24x24x24,327.6462707519531,0.09441915899515152,0.9955503940582275,0.03033449500799179
FNH_PA32.nii.gz,0,context,gamma,encoder_stage_5,1x320x12x12x12,146.2991180419922,0.06954193860292435,0.9975790977478027,0.03870701789855957
FNH_PA32.nii.gz,0,context,gamma,encoder_bottleneck_deepest,1x320x6x6x6,51.91999053955078,0.06015297770500183,0.9981892108917236,0.03900007903575897
FNH_PA32.nii.gz,0,context,blur,encoder_stage_1,1x32x192x192x192,6103.9150390625,0.4468468725681305,0.8978779315948486,0.16449899971485138
FNH_PA32.nii.gz,0,context,blur,encoder_stage_2,1x64x96x96x96,4162.04443359375,0.43831712007522583,0.9012718796730042,0.30592837929725647
FNH_PA32.nii.gz,0,context,blur,encoder_stage_3,1x128x48x48x48,1975.4805908203125,0.34669405221939087,0.939521074295044,0.2756841778755188
FNH_PA32.nii.gz,0,context,blur,encoder_stage_4,1x256x24x24x24,1064.9273681640625,0.3068844676017761,0.9535114169120789,0.3204544186592102
FNH_PA32.nii.gz,0,context,blur,encoder_stage_5,1x320x12x12x12,449.3265075683594,0.21358320116996765,0.9769527912139893,0.36511555314064026
FNH_PA32.nii.gz,0,context,blur,encoder_bottleneck_deepest,1x320x6x6x6,154.74441528320312,0.17928233742713928,0.9838244915008545,0.34643852710723877
FNH_PA32.nii.gz,1,context,gamma,encoder_stage_1,1x32x192x192x192,1851.4725341796875,0.1362249255180359,0.9906856417655945,0.015134947374463081
FNH_PA32.nii.gz,1,context,gamma,encoder_stage_2,1x64x96x96x96,1157.89111328125,0.11928029358386993,0.992872953414917,0.023677822202444077
FNH_PA32.nii.gz,1,context,gamma,encoder_stage_3,1x128x48x48x48,591.1956787109375,0.10271766781806946,0.9947223663330078,0.02469043806195259
FNH_PA32.nii.gz,1,context,gamma,encoder_stage_4,1x256x24x24x24,319.8536071777344,0.0914301723241806,0.9958267211914062,0.02890871651470661
FNH_PA32.nii.gz,1,context,gamma,encoder_stage_5,1x320x12x12x12,136.4359893798828,0.06436653435230255,0.9979264140129089,0.03366388380527496
FNH_PA32.nii.gz,1,context,gamma,encoder_bottleneck_deepest,1x320x6x6x6,47.13618850708008,0.05442569777369499,0.9985179305076599,0.03214439004659653
FNH_PA32.nii.gz,1,context,blur,encoder_stage_1,1x32x192x192x192,6225.92578125,0.45808202028274536,0.8918307423591614,0.17114105820655823
FNH_PA32.nii.gz,1,context,blur,encoder_stage_2,1x64x96x96x96,4172.8125,0.4298627972602844,0.9047371745109558,0.30751341581344604
FNH_PA32.nii.gz,1,context,blur,encoder_stage_3,1x128x48x48x48,1906.9288330078125,0.33132055401802063,0.9447180032730103,0.2568829655647278
FNH_PA32.nii.gz,1,context,blur,encoder_stage_4,1x256x24x24x24,941.5768432617188,0.2691497802734375,0.9641920328140259,0.2505173683166504
FNH_PA32.nii.gz,1,context,blur,encoder_stage_5,1x320x12x12x12,393.8183898925781,0.18579205870628357,0.98260498046875,0.2804776430130005
FNH_PA32.nii.gz,1,context,blur,encoder_bottleneck_deepest,1x320x6x6x6,135.8871612548828,0.15690182149410248,0.9876295924186707,0.2671487331390381
FNH_PA32.nii.gz,2,foreground,gamma,encoder_stage_1,1x32x192x192x192,1866.836181640625,0.1375841498374939,0.9905130863189697,0.015387170948088169
FNH_PA32.nii.gz,2,foreground,gamma,encoder_stage_2,1x64x96x96x96,1141.14697265625,0.1204666793346405,0.9927335977554321,0.022997966036200523
FNH_PA32.nii.gz,2,foreground,gamma,encoder_stage_3,1x128x48x48x48,592.4422607421875,0.10470402985811234,0.9945194721221924,0.024794671684503555
FNH_PA32.nii.gz,2,foreground,gamma,encoder_stage_4,1x256x24x24x24,360.5709228515625,0.10343722254037857,0.9946529269218445,0.036737341433763504
FNH_PA32.nii.gz,2,foreground,gamma,encoder_stage_5,1x320x12x12x12,150.88272094726562,0.07217682152986526,0.997394323348999,0.04117041453719139
FNH_PA32.nii.gz,2,foreground,gamma,encoder_bottleneck_deepest,1x320x6x6x6,51.402130126953125,0.05968201532959938,0.9982197880744934,0.038225967437028885
FNH_PA32.nii.gz,2,foreground,blur,encoder_stage_1,1x32x192x192x192,6007.31884765625,0.4427340030670166,0.8997312188148499,0.1593337208032608
FNH_PA32.nii.gz,2,foreground,blur,encoder_stage_2,1x64x96x96x96,4188.4208984375,0.4421561658382416,0.8995270133018494,0.30981823801994324
FNH_PA32.nii.gz,2,foreground,blur,encoder_stage_3,1x128x48x48x48,2010.12548828125,0.35525527596473694,0.936425507068634,0.28543856739997864
FNH_PA32.nii.gz,2,foreground,blur,encoder_stage_4,1x256x24x24x24,1154.5406494140625,0.3312038481235504,0.9459643363952637,0.3766559362411499
FNH_PA32.nii.gz,2,foreground,blur,encoder_stage_5,1x320x12x12x12,511.2036437988281,0.24454128742218018,0.9697559475898743,0.47260046005249023
FNH_PA32.nii.gz,2,foreground,blur,encoder_bottleneck_deepest,1x320x6x6x6,180.97056579589844,0.21012140810489655,0.9777698516845703,0.4738186299800873
FNH_PA32.nii.gz,3,repeat_fill,gamma,encoder_stage_1,1x32x192x192x192,1802.6546630859375,0.1319662183523178,0.9912620782852173,0.01434734184294939
FNH_PA32.nii.gz,3,repeat_fill,gamma,encoder_stage_2,1x64x96x96x96,1109.4224853515625,0.1168365404009819,0.993166983127594,0.021737033501267433
FNH_PA32.nii.gz,3,repeat_fill,gamma,encoder_stage_3,1x128x48x48x48,570.1137084960938,0.10005414485931396,0.9949901103973389,0.02296091988682747
FNH_PA32.nii.gz,3,repeat_fill,gamma,encoder_stage_4,1x256x24x24x24,327.6462707519531,0.09441915899515152,0.9955503940582275,0.03033449500799179
FNH_PA32.nii.gz,3,repeat_fill,gamma,encoder_stage_5,1x320x12x12x12,146.2991180419922,0.06954193860292435,0.9975790977478027,0.03870701789855957
FNH_PA32.nii.gz,3,repeat_fill,gamma,encoder_bottleneck_deepest,1x320x6x6x6,51.91999053955078,0.06015297770500183,0.9981892108917236,0.03900007903575897
FNH_PA32.nii.gz,3,repeat_fill,blur,encoder_stage_1,1x32x192x192x192,6103.9150390625,0.4468468725681305,0.8978779315948486,0.16449899971485138
FNH_PA32.nii.gz,3,repeat_fill,blur,encoder_stage_2,1x64x96x96x96,4162.04443359375,0.43831712007522583,0.9012718796730042,0.30592837929725647
FNH_PA32.nii.gz,3,repeat_fill,blur,encoder_stage_3,1x128x48x48x48,1975.4805908203125,0.34669405221939087,0.939521074295044,0.2756841778755188
FNH_PA32.nii.gz,3,repeat_fill,blur,encoder_stage_4,1x256x24x24x24,1064.9273681640625,0.3068844676017761,0.9535114169120789,0.3204544186592102
FNH_PA32.nii.gz,3,repeat_fill,blur,encoder_stage_5,1x320x12x12x12,449.3265075683594,0.21358320116996765,0.9769527912139893,0.36511555314064026
FNH_PA32.nii.gz,3,repeat_fill,blur,encoder_bottleneck_deepest,1x320x6x6x6,154.74441528320312,0.17928233742713928,0.9838244915008545,0.34643852710723877
FNH_PA10.nii.gz,0,context,gamma,encoder_stage_1,1x32x192x192x192,1633.093505859375,0.12626270949840546,0.9920603632926941,0.011775204911828041
FNH_PA10.nii.gz,0,context,gamma,encoder_stage_2,1x64x96x96x96,1173.37744140625,0.12811298668384552,0.9917677044868469,0.024315418675541878
FNH_PA10.nii.gz,0,context,gamma,encoder_stage_3,1x128x48x48x48,709.9586181640625,0.12756703794002533,0.9918347597122192,0.035606756806373596
FNH_PA10.nii.gz,0,context,gamma,encoder_stage_4,1x256x24x24x24,539.74267578125,0.15327690541744232,0.9882186651229858,0.08231893926858902
FNH_PA10.nii.gz,0,context,gamma,encoder_stage_5,1x320x12x12x12,261.78668212890625,0.131120964884758,0.9913994073867798,0.12393710762262344
FNH_PA10.nii.gz,0,context,gamma,encoder_bottleneck_deepest,1x320x6x6x6,100.00684356689453,0.11727921664714813,0.993120014667511,0.1446957141160965
FNH_PA10.nii.gz,0,context,blur,encoder_stage_1,1x32x192x192x192,4353.65380859375,0.33660298585891724,0.9428395628929138,0.08368625491857529
FNH_PA10.nii.gz,0,context,blur,encoder_stage_2,1x64x96x96x96,3437.248779296875,0.3752894699573517,0.9284073710441589,0.2086547613143921
FNH_PA10.nii.gz,0,context,blur,encoder_stage_3,1x128x48x48x48,1703.7470703125,0.3061332702636719,0.9528518915176392,0.20505791902542114
FNH_PA10.nii.gz,0,context,blur,encoder_stage_4,1x256x24x24x24,1087.10400390625,0.30871737003326416,0.9527507424354553,0.3339399993419647
FNH_PA10.nii.gz,0,context,blur,encoder_stage_5,1x320x12x12x12,547.9378662109375,0.27444538474082947,0.9620926380157471,0.5429614186286926
FNH_PA10.nii.gz,0,context,blur,encoder_bottleneck_deepest,1x320x6x6x6,211.0479736328125,0.24749846756458282,0.9693089723587036,0.6444046497344971
FNH_PA10.nii.gz,1,context,gamma,encoder_stage_1,1x32x192x192x192,1788.8321533203125,0.13400238752365112,0.991012454032898,0.014128157868981361
FNH_PA10.nii.gz,1,context,gamma,encoder_stage_2,1x64x96x96x96,1328.65478515625,0.13074991106987,0.9914360046386719,0.0311767365783453
FNH_PA10.nii.gz,1,context,gamma,encoder_stage_3,1x128x48x48x48,734.7901000976562,0.12273013591766357,0.9924651384353638,0.038141075521707535
FNH_PA10.nii.gz,1,context,gamma,encoder_stage_4,1x256x24x24x24,430.2779846191406,0.11931969225406647,0.9928814768791199,0.05231479927897453
FNH_PA10.nii.gz,1,context,gamma,encoder_stage_5,1x320x12x12x12,161.59231567382812,0.0771101638674736,0.9970267415046692,0.04722236096858978
FNH_PA10.nii.gz,1,context,gamma,encoder_bottleneck_deepest,1x320x6x6x6,56.85102844238281,0.06593994051218033,0.9978245496749878,0.04675982892513275
FNH_PA10.nii.gz,1,context,blur,encoder_stage_1,1x32x192x192x192,5056.13427734375,0.3787577748298645,0.9270172715187073,0.11287131160497665
FNH_PA10.nii.gz,1,context,blur,encoder_stage_2,1x64x96x96x96,3820.1494140625,0.3759322464466095,0.9277594685554504,0.25773122906684875
FNH_PA10.nii.gz,1,context,blur,encoder_stage_3,1x128x48x48x48,1813.8572998046875,0.3029640018939972,0.9537769556045532,0.23241949081420898
FNH_PA10.nii.gz,1,context,blur,encoder_stage_4,1x256x24x24x24,975.0302734375,0.2703840732574463,0.9635105133056641,0.26863494515419006
FNH_PA10.nii.gz,1,context,blur,encoder_stage_5,1x320x12x12x12,448.70599365234375,0.21411781013011932,0.9769591093063354,0.36410781741142273
FNH_PA10.nii.gz,1,context,blur,encoder_bottleneck_deepest,1x320x6x6x6,166.6099395751953,0.1932462751865387,0.9812918305397034,0.401604026556015
FNH_PA10.nii.gz,2,foreground,gamma,encoder_stage_1,1x32x192x192x192,1678.200927734375,0.12366650253534317,0.9923450946807861,0.012434668838977814
FNH_PA10.nii.gz,2,foreground,gamma,encoder_stage_2,1x64x96x96x96,1210.1641845703125,0.1225704774260521,0.9925000667572021,0.025863956660032272
FNH_PA10.nii.gz,2,foreground,gamma,encoder_stage_3,1x128x48x48x48,711.5359497070312,0.12140123546123505,0.9926659464836121,0.0357651486992836
FNH_PA10.nii.gz,2,foreground,gamma,encoder_stage_4,1x256x24x24x24,460.8896179199219,0.12719064950942993,0.9918984174728394,0.06002334505319595
FNH_PA10.nii.gz,2,foreground,gamma,encoder_stage_5,1x320x12x12x12,181.2318572998047,0.08764194697141647,0.9961666464805603,0.05939848721027374
FNH_PA10.nii.gz,2,foreground,gamma,encoder_bottleneck_deepest,1x320x6x6x6,63.37791442871094,0.07424701005220413,0.9972458481788635,0.05811284855008125
FNH_PA10.nii.gz,2,foreground,blur,encoder_stage_1,1x32x192x192x192,4638.99658203125,0.34184730052948,0.9409188032150269,0.09501548856496811
FNH_PA10.nii.gz,2,foreground,blur,encoder_stage_2,1x64x96x96x96,3726.618896484375,0.3774475157260895,0.9274242520332336,0.245265394449234
FNH_PA10.nii.gz,2,foreground,blur,encoder_stage_3,1x128x48x48x48,1925.380126953125,0.32850557565689087,0.9456002712249756,0.2618781626224518
FNH_PA10.nii.gz,2,foreground,blur,encoder_stage_4,1x256x24x24x24,1142.4991455078125,0.3152928650379181,0.9505681395530701,0.3688400685787201
FNH_PA10.nii.gz,2,foreground,blur,encoder_stage_5,1x320x12x12x12,542.5197143554688,0.2623572051525116,0.9653961658477783,0.5322765707969666
FNH_PA10.nii.gz,2,foreground,blur,encoder_bottleneck_deepest,1x320x6x6x6,203.15093994140625,0.2379906177520752,0.9716330170631409,0.5970819592475891
FNH_PA10.nii.gz,3,foreground,gamma,encoder_stage_1,1x32x192x192x192,1797.5806884765625,0.13438716530799866,0.9909774661064148,0.014266686514019966
FNH_PA10.nii.gz,3,foreground,gamma,encoder_stage_2,1x64x96x96x96,1296.233154296875,0.12880268692970276,0.9916923642158508,0.029673757031559944
FNH_PA10.nii.gz,3,foreground,gamma,encoder_stage_3,1x128x48x48x48,718.34716796875,0.12099786847829819,0.9926895499229431,0.03645315393805504
FNH_PA10.nii.gz,3,foreground,gamma,encoder_stage_4,1x256x24x24x24,451.82061767578125,0.1249581053853035,0.9921976923942566,0.05768439918756485
FNH_PA10.nii.gz,3,foreground,gamma,encoder_stage_5,1x320x12x12x12,165.74322509765625,0.07871001958847046,0.9969044327735901,0.04967956990003586
FNH_PA10.nii.gz,3,foreground,gamma,encoder_bottleneck_deepest,1x320x6x6x6,56.99375915527344,0.0652480497956276,0.9978713393211365,0.04699491336941719
FNH_PA10.nii.gz,3,foreground,blur,encoder_stage_1,1x32x192x192x192,4969.78076171875,0.371540904045105,0.9298133254051208,0.10904877632856369
FNH_PA10.nii.gz,3,foreground,blur,encoder_stage_2,1x64x96x96x96,3821.296875,0.37971046566963196,0.9263033270835876,0.25788605213165283
FNH_PA10.nii.gz,3,foreground,blur,encoder_stage_3,1x128x48x48x48,1884.868408203125,0.31748586893081665,0.9491297602653503,0.25097382068634033
FNH_PA10.nii.gz,3,foreground,blur,encoder_stage_4,1x256x24x24x24,1064.88134765625,0.2945097088813782,0.9567920565605164,0.32042673230171204
FNH_PA10.nii.gz,3,foreground,blur,encoder_stage_5,1x320x12x12x12,487.98370361328125,0.23173923790454865,0.972992479801178,0.4306425452232361
FNH_PA10.nii.gz,3,foreground,blur,encoder_bottleneck_deepest,1x320x6x6x6,178.3485565185547,0.20417842268943787,0.9790891408920288,0.46018821001052856
CYST_PA54.nii.gz,0,context,gamma,encoder_stage_1,1x32x192x192x192,1768.967041015625,0.1287020891904831,0.9916961789131165,0.013816110789775848
CYST_PA54.nii.gz,0,context,gamma,encoder_stage_2,1x64x96x96x96,1123.681884765625,0.1161542609333992,0.9932488799095154,0.022299395874142647
CYST_PA54.nii.gz,0,context,gamma,encoder_stage_3,1x128x48x48x48,577.5488891601562,0.09991078823804855,0.995012640953064,0.023563718423247337
CYST_PA54.nii.gz,0,context,gamma,encoder_stage_4,1x256x24x24x24,279.9836730957031,0.08141729980707169,0.9966858625411987,0.022150918841362
CYST_PA54.nii.gz,0,context,gamma,encoder_stage_5,1x320x12x12x12,113.28713989257812,0.05324564501643181,0.9985813498497009,0.0232095904648304
CYST_PA54.nii.gz,0,context,gamma,encoder_bottleneck_deepest,1x320x6x6x6,39.133235931396484,0.04520878940820694,0.9989776015281677,0.022155817598104477
CYST_PA54.nii.gz,0,context,blur,encoder_stage_1,1x32x192x192x192,6344.806640625,0.4616195857524872,0.891287624835968,0.17773915827274323
CYST_PA54.nii.gz,0,context,blur,encoder_stage_2,1x64x96x96x96,3961.56591796875,0.4095044732093811,0.913954496383667,0.27716609835624695
CYST_PA54.nii.gz,0,context,blur,encoder_stage_3,1x128x48x48x48,1855.8890380859375,0.3210521936416626,0.9482018351554871,0.24331580102443695
CYST_PA54.nii.gz,0,context,blur,encoder_stage_4,1x256x24x24x24,923.3103637695312,0.2684922218322754,0.964297354221344,0.24089165031909943
CYST_PA54.nii.gz,0,context,blur,encoder_stage_5,1x320x12x12x12,391.2040710449219,0.18386828899383545,0.9829965829849243,0.27676618099212646
CYST_PA54.nii.gz,0,context,blur,encoder_bottleneck_deepest,1x320x6x6x6,137.7211151123047,0.15910272300243378,0.9872951507568359,0.2744083106517792
CYST_PA54.nii.gz,1,context,gamma,encoder_stage_1,1x32x192x192x192,1755.58056640625,0.12782788276672363,0.9918138384819031,0.013607798144221306
CYST_PA54.nii.gz,1,context,gamma,encoder_stage_2,1x64x96x96x96,1092.5513916015625,0.11364776641130447,0.9935362339019775,0.021080944687128067
CYST_PA54.nii.gz,1,context,gamma,encoder_stage_3,1x128x48x48x48,549.997314453125,0.09557940810918808,0.9954333901405334,0.02136915922164917
CYST_PA54.nii.gz,1,context,gamma,encoder_stage_4,1x256x24x24x24,265.3083190917969,0.07688957452774048,0.9970412850379944,0.01988968998193741
CYST_PA54.nii.gz,1,context,gamma,encoder_stage_5,1x320x12x12x12,106.75041961669922,0.05027909204363823,0.998735249042511,0.020608456805348396
CYST_PA54.nii.gz,1,context,gamma,encoder_bottleneck_deepest,1x320x6x6x6,36.52009582519531,0.042058657854795456,0.9991152882575989,0.01929567940533161
CYST_PA54.nii.gz,1,context,blur,encoder_stage_1,1x32x192x192x192,6370.7392578125,0.46386826038360596,0.8906148672103882,0.17919504642486572
CYST_PA54.nii.gz,1,context,blur,encoder_stage_2,1x64x96x96x96,3988.643310546875,0.4149007797241211,0.9117863774299622,0.28096792101860046
CYST_PA54.nii.gz,1,context,blur,encoder_stage_3,1x128x48x48x48,1880.771484375,0.3268434405326843,0.9462859630584717,0.2498839646577835
CYST_PA54.nii.gz,1,context,blur,encoder_stage_4,1x256x24x24x24,969.767578125,0.2810504138469696,0.9609036445617676,0.26574286818504333
CYST_PA54.nii.gz,1,context,blur,encoder_stage_5,1x320x12x12x12,428.1163330078125,0.20164136588573456,0.9795308709144592,0.33145904541015625
CYST_PA54.nii.gz,1,context,blur,encoder_bottleneck_deepest,1x320x6x6x6,150.62203979492188,0.1734650731086731,0.9848920106887817,0.3282262682914734
CYST_PA54.nii.gz,2,repeat_fill,gamma,encoder_stage_1,1x32x192x192x192,1768.967041015625,0.1287020891904831,0.9916961789131165,0.013816110789775848
CYST_PA54.nii.gz,2,repeat_fill,gamma,encoder_stage_2,1x64x96x96x96,1123.681884765625,0.1161542609333992,0.9932488799095154,0.022299395874142647
CYST_PA54.nii.gz,2,repeat_fill,gamma,encoder_stage_3,1x128x48x48x48,577.5488891601562,0.09991078823804855,0.995012640953064,0.023563718423247337
CYST_PA54.nii.gz,2,repeat_fill,gamma,encoder_stage_4,1x256x24x24x24,279.9836730957031,0.08141729980707169,0.9966858625411987,0.022150918841362
CYST_PA54.nii.gz,2,repeat_fill,gamma,encoder_stage_5,1x320x12x12x12,113.28713989257812,0.05324564501643181,0.9985813498497009,0.0232095904648304
CYST_PA54.nii.gz,2,repeat_fill,gamma,encoder_bottleneck_deepest,1x320x6x6x6,39.133235931396484,0.04520878940820694,0.9989776015281677,0.022155817598104477
CYST_PA54.nii.gz,2,repeat_fill,blur,encoder_stage_1,1x32x192x192x192,6344.806640625,0.4616195857524872,0.891287624835968,0.17773915827274323
CYST_PA54.nii.gz,2,repeat_fill,blur,encoder_stage_2,1x64x96x96x96,3961.56591796875,0.4095044732093811,0.913954496383667,0.27716609835624695
CYST_PA54.nii.gz,2,repeat_fill,blur,encoder_stage_3,1x128x48x48x48,1855.8890380859375,0.3210521936416626,0.9482018351554871,0.24331580102443695
CYST_PA54.nii.gz,2,repeat_fill,blur,encoder_stage_4,1x256x24x24x24,923.3103637695312,0.2684922218322754,0.964297354221344,0.24089165031909943
CYST_PA54.nii.gz,2,repeat_fill,blur,encoder_stage_5,1x320x12x12x12,391.2040710449219,0.18386828899383545,0.9829965829849243,0.27676618099212646
CYST_PA54.nii.gz,2,repeat_fill,blur,encoder_bottleneck_deepest,1x320x6x6x6,137.7211151123047,0.15910272300243378,0.9872951507568359,0.2744083106517792
CYST_PA54.nii.gz,3,repeat_fill,gamma,encoder_stage_1,1x32x192x192x192,1755.58056640625,0.12782788276672363,0.9918138384819031,0.013607798144221306
CYST_PA54.nii.gz,3,repeat_fill,gamma,encoder_stage_2,1x64x96x96x96,1092.5513916015625,0.11364776641130447,0.9935362339019775,0.021080944687128067
CYST_PA54.nii.gz,3,repeat_fill,gamma,encoder_stage_3,1x128x48x48x48,549.997314453125,0.09557940810918808,0.9954333901405334,0.02136915922164917
CYST_PA54.nii.gz,3,repeat_fill,gamma,encoder_stage_4,1x256x24x24x24,265.3083190917969,0.07688957452774048,0.9970412850379944,0.01988968998193741
CYST_PA54.nii.gz,3,repeat_fill,gamma,encoder_stage_5,1x320x12x12x12,106.75041961669922,0.05027909204363823,0.998735249042511,0.020608456805348396
CYST_PA54.nii.gz,3,repeat_fill,gamma,encoder_bottleneck_deepest,1x320x6x6x6,36.52009582519531,0.042058657854795456,0.9991152882575989,0.01929567940533161
CYST_PA54.nii.gz,3,repeat_fill,blur,encoder_stage_1,1x32x192x192x192,6370.7392578125,0.46386826038360596,0.8906148672103882,0.17919504642486572
CYST_PA54.nii.gz,3,repeat_fill,blur,encoder_stage_2,1x64x96x96x96,3988.643310546875,0.4149007797241211,0.9117863774299622,0.28096792101860046
CYST_PA54.nii.gz,3,repeat_fill,blur,encoder_stage_3,1x128x48x48x48,1880.771484375,0.3268434405326843,0.9462859630584717,0.2498839646577835
CYST_PA54.nii.gz,3,repeat_fill,blur,encoder_stage_4,1x256x24x24x24,969.767578125,0.2810504138469696,0.9609036445617676,0.26574286818504333
CYST_PA54.nii.gz,3,repeat_fill,blur,encoder_stage_5,1x320x12x12x12,428.1163330078125,0.20164136588573456,0.9795308709144592,0.33145904541015625
CYST_PA54.nii.gz,3,repeat_fill,blur,encoder_bottleneck_deepest,1x320x6x6x6,150.62203979492188,0.1734650731086731,0.9848920106887817,0.3282262682914734
CYST_PA53.nii.gz,0,context,gamma,encoder_stage_1,1x32x192x192x192,1740.7371826171875,0.12630543112754822,0.9920027256011963,0.01337866485118866
CYST_PA53.nii.gz,0,context,gamma,encoder_stage_2,1x64x96x96x96,1060.1080322265625,0.10981810092926025,0.9939719438552856,0.019847534596920013
CYST_PA53.nii.gz,0,context,gamma,encoder_stage_3,1x128x48x48x48,528.1343383789062,0.09184209257364273,0.9957876205444336,0.019704032689332962
CYST_PA53.nii.gz,0,context,gamma,encoder_stage_4,1x256x24x24x24,260.4120788574219,0.07551451027393341,0.9971481561660767,0.019162341952323914
CYST_PA53.nii.gz,0,context,gamma,encoder_stage_5,1x320x12x12x12,100.74226379394531,0.047077726572752,0.9988913536071777,0.018353955820202827
CYST_PA53.nii.gz,0,context,gamma,encoder_bottleneck_deepest,1x320x6x6x6,34.19212341308594,0.039214491844177246,0.9992308020591736,0.01691408082842827
CYST_PA53.nii.gz,0,context,blur,encoder_stage_1,1x32x192x192x192,6478.08251953125,0.470040500164032,0.8875676989555359,0.1852845847606659
CYST_PA53.nii.gz,0,context,blur,encoder_stage_2,1x64x96x96x96,3934.17041015625,0.4075463116168976,0.9149182438850403,0.273345947265625
CYST_PA53.nii.gz,0,context,blur,encoder_stage_3,1x128x48x48x48,1872.866943359375,0.3256899118423462,0.9468024969100952,0.2477879375219345
CYST_PA53.nii.gz,0,context,blur,encoder_stage_4,1x256x24x24x24,966.50927734375,0.28026914596557617,0.9611746072769165,0.2639601230621338
CYST_PA53.nii.gz,0,context,blur,encoder_stage_5,1x320x12x12x12,407.5984191894531,0.1904742419719696,0.9817257523536682,0.30044934153556824
CYST_PA53.nii.gz,0,context,blur,encoder_bottleneck_deepest,1x320x6x6x6,140.59332275390625,0.16124461591243744,0.9869409203529358,0.2859733998775482
CYST_PA53.nii.gz,1,context,gamma,encoder_stage_1,1x32x192x192x192,1764.0692138671875,0.12829634547233582,0.9917541146278381,0.013739710673689842
CYST_PA53.nii.gz,1,context,gamma,encoder_stage_2,1x64x96x96x96,1066.6922607421875,0.11186806857585907,0.993736982345581,0.020094845443964005
CYST_PA53.nii.gz,1,context,gamma,encoder_stage_3,1x128x48x48x48,530.8294067382812,0.09299179911613464,0.9956812858581543,0.01990564540028572
CYST_PA53.nii.gz,1,context,gamma,encoder_stage_4,1x256x24x24x24,273.52484130859375,0.07937268167734146,0.9968462586402893,0.021140726283192635
CYST_PA53.nii.gz,1,context,gamma,encoder_stage_5,1x320x12x12x12,104.20783233642578,0.048978447914123535,0.9988002777099609,0.019638441503047943
CYST_PA53.nii.gz,1,context,gamma,encoder_bottleneck_deepest,1x320x6x6x6,35.154945373535156,0.04037449508905411,0.999184787273407,0.017880065366625786
CYST_PA53.nii.gz,1,context,blur,encoder_stage_1,1x32x192x192x192,6468.47119140625,0.47043576836586,0.8879219889640808,0.18473519384860992
CYST_PA53.nii.gz,1,context,blur,encoder_stage_2,1x64x96x96x96,3949.619384765625,0.41421157121658325,0.9123243689537048,0.2754969596862793
CYST_PA53.nii.gz,1,context,blur,encoder_stage_3,1x128x48x48x48,1921.0438232421875,0.33653244376182556,0.9431053400039673,0.26069989800453186
CYST_PA53.nii.gz,1,context,blur,encoder_stage_4,1x256x24x24x24,1056.476806640625,0.3065732419490814,0.9536959528923035,0.3153887391090393
CYST_PA53.nii.gz,1,context,blur,encoder_stage_5,1x320x12x12x12,452.4119567871094,0.21263694763183594,0.977175235748291,0.370147168636322
CYST_PA53.nii.gz,1,context,blur,encoder_bottleneck_deepest,1x320x6x6x6,155.79005432128906,0.17892062664031982,0.9839096069335938,0.35113629698753357
CYST_PA53.nii.gz,2,repeat_fill,gamma,encoder_stage_1,1x32x192x192x192,1740.7371826171875,0.12630543112754822,0.9920027256011963,0.01337866485118866
CYST_PA53.nii.gz,2,repeat_fill,gamma,encoder_stage_2,1x64x96x96x96,1060.1080322265625,0.10981810092926025,0.9939719438552856,0.019847534596920013
CYST_PA53.nii.gz,2,repeat_fill,gamma,encoder_stage_3,1x128x48x48x48,528.1343383789062,0.09184209257364273,0.9957876205444336,0.019704032689332962
CYST_PA53.nii.gz,2,repeat_fill,gamma,encoder_stage_4,1x256x24x24x24,260.4120788574219,0.07551451027393341,0.9971481561660767,0.019162341952323914
CYST_PA53.nii.gz,2,repeat_fill,gamma,encoder_stage_5,1x320x12x12x12,100.74226379394531,0.047077726572752,0.9988913536071777,0.018353955820202827
CYST_PA53.nii.gz,2,repeat_fill,gamma,encoder_bottleneck_deepest,1x320x6x6x6,34.19212341308594,0.039214491844177246,0.9992308020591736,0.01691408082842827
CYST_PA53.nii.gz,2,repeat_fill,blur,encoder_stage_1,1x32x192x192x192,6478.08251953125,0.470040500164032,0.8875676989555359,0.1852845847606659
CYST_PA53.nii.gz,2,repeat_fill,blur,encoder_stage_2,1x64x96x96x96,3934.17041015625,0.4075463116168976,0.9149182438850403,0.273345947265625
CYST_PA53.nii.gz,2,repeat_fill,blur,encoder_stage_3,1x128x48x48x48,1872.866943359375,0.3256899118423462,0.9468024969100952,0.2477879375219345
CYST_PA53.nii.gz,2,repeat_fill,blur,encoder_stage_4,1x256x24x24x24,966.50927734375,0.28026914596557617,0.9611746072769165,0.2639601230621338
CYST_PA53.nii.gz,2,repeat_fill,blur,encoder_stage_5,1x320x12x12x12,407.5984191894531,0.1904742419719696,0.9817257523536682,0.30044934153556824
CYST_PA53.nii.gz,2,repeat_fill,blur,encoder_bottleneck_deepest,1x320x6x6x6,140.59332275390625,0.16124461591243744,0.9869409203529358,0.2859733998775482
CYST_PA53.nii.gz,3,repeat_fill,gamma,encoder_stage_1,1x32x192x192x192,1764.0692138671875,0.12829634547233582,0.9917541146278381,0.013739710673689842
CYST_PA53.nii.gz,3,repeat_fill,gamma,encoder_stage_2,1x64x96x96x96,1066.6922607421875,0.11186806857585907,0.993736982345581,0.020094845443964005
CYST_PA53.nii.gz,3,repeat_fill,gamma,encoder_stage_3,1x128x48x48x48,530.8294067382812,0.09299179911613464,0.9956812858581543,0.01990564540028572
CYST_PA53.nii.gz,3,repeat_fill,gamma,encoder_stage_4,1x256x24x24x24,273.52484130859375,0.07937268167734146,0.9968462586402893,0.021140726283192635
CYST_PA53.nii.gz,3,repeat_fill,gamma,encoder_stage_5,1x320x12x12x12,104.20783233642578,0.048978447914123535,0.9988002777099609,0.019638441503047943
CYST_PA53.nii.gz,3,repeat_fill,gamma,encoder_bottleneck_deepest,1x320x6x6x6,35.154945373535156,0.04037449508905411,0.999184787273407,0.017880065366625786
CYST_PA53.nii.gz,3,repeat_fill,blur,encoder_stage_1,1x32x192x192x192,6468.47119140625,0.47043576836586,0.8879219889640808,0.18473519384860992
CYST_PA53.nii.gz,3,repeat_fill,blur,encoder_stage_2,1x64x96x96x96,3949.619384765625,0.41421157121658325,0.9123243689537048,0.2754969596862793
CYST_PA53.nii.gz,3,repeat_fill,blur,encoder_stage_3,1x128x48x48x48,1921.0438232421875,0.33653244376182556,0.9431053400039673,0.26069989800453186
CYST_PA53.nii.gz,3,repeat_fill,blur,encoder_stage_4,1x256x24x24x24,1056.476806640625,0.3065732419490814,0.9536959528923035,0.3153887391090393
CYST_PA53.nii.gz,3,repeat_fill,blur,encoder_stage_5,1x320x12x12x12,452.4119567871094,0.21263694763183594,0.977175235748291,0.370147168636322
CYST_PA53.nii.gz,3,repeat_fill,blur,encoder_bottleneck_deepest,1x320x6x6x6,155.79005432128906,0.17892062664031982,0.9839096069335938,0.35113629698753357
CYST_PA38.nii.gz,0,context,gamma,encoder_stage_1,1x32x192x192x192,1635.03076171875,0.1187487468123436,0.9929293394088745,0.011803156696259975
CYST_PA38.nii.gz,0,context,gamma,encoder_stage_2,1x64x96x96x96,1017.2962036132812,0.10719748586416245,0.9942726492881775,0.018276844173669815
CYST_PA38.nii.gz,0,context,gamma,encoder_stage_3,1x128x48x48x48,518.88134765625,0.09102708846330643,0.9958640933036804,0.01901964843273163
CYST_PA38.nii.gz,0,context,gamma,encoder_stage_4,1x256x24x24x24,292.18048095703125,0.0850195661187172,0.9963813424110413,0.024122854694724083
CYST_PA38.nii.gz,0,context,gamma,encoder_stage_5,1x320x12x12x12,118.05847930908203,0.05619112774729729,0.9984203577041626,0.025205807760357857
CYST_PA38.nii.gz,0,context,gamma,encoder_bottleneck_deepest,1x320x6x6x6,39.629581451416016,0.04604855552315712,0.9989398717880249,0.02272140607237816
CYST_PA38.nii.gz,0,context,blur,encoder_stage_1,1x32x192x192x192,6227.42138671875,0.45228415727615356,0.8959077596664429,0.17122328281402588
CYST_PA38.nii.gz,0,context,blur,encoder_stage_2,1x64x96x96x96,4061.555419921875,0.4279859960079193,0.906001627445221,0.2913339138031006
CYST_PA38.nii.gz,0,context,blur,encoder_stage_3,1x128x48x48x48,1954.92822265625,0.34295207262039185,0.9409466981887817,0.26997771859169006
CYST_PA38.nii.gz,0,context,blur,encoder_stage_4,1x256x24x24x24,1041.987060546875,0.30320054292678833,0.9547165036201477,0.3067968785762787
CYST_PA38.nii.gz,0,context,blur,encoder_stage_5,1x320x12x12x12,452.9266052246094,0.21557499468326569,0.9765599966049194,0.37098976969718933
CYST_PA38.nii.gz,0,context,blur,encoder_bottleneck_deepest,1x320x6x6x6,159.42935180664062,0.18525280058383942,0.9827356338500977,0.3677331805229187
CYST_PA38.nii.gz,1,context,gamma,encoder_stage_1,1x32x192x192x192,1678.1317138671875,0.12196855992078781,0.9925367832183838,0.012433643452823162
CYST_PA38.nii.gz,1,context,gamma,encoder_stage_2,1x64x96x96x96,1015.3732299804688,0.10446628928184509,0.9945625066757202,0.018207810819149017
CYST_PA38.nii.gz,1,context,gamma,encoder_stage_3,1x128x48x48x48,496.187255859375,0.08626291155815125,0.9962836503982544,0.017392320558428764
CYST_PA38.nii.gz,1,context,gamma,encoder_stage_4,1x256x24x24x24,259.3159484863281,0.07472918182611465,0.9972043037414551,0.019001364707946777
CYST_PA38.nii.gz,1,context,gamma,encoder_stage_5,1x320x12x12x12,103.64506530761719,0.04887913912534714,0.9988046884536743,0.019426900893449783
CYST_PA38.nii.gz,1,context,gamma,encoder_bottleneck_deepest,1x320x6x6x6,33.906883239746094,0.03912070766091347,0.9992344975471497,0.0166330523788929
CYST_PA38.nii.gz,1,context,blur,encoder_stage_1,1x32x192x192x192,6427.91357421875,0.4671882092952728,0.8882666826248169,0.1824258714914322
CYST_PA38.nii.gz,1,context,blur,encoder_stage_2,1x64x96x96x96,4056.490234375,0.4173504412174225,0.9105895757675171,0.2906077802181244
CYST_PA38.nii.gz,1,context,blur,encoder_stage_3,1x128x48x48x48,1867.606201171875,0.324686199426651,0.9470248222351074,0.24639786779880524
CYST_PA38.nii.gz,1,context,blur,encoder_stage_4,1x256x24x24x24,930.9620971679688,0.2682828903198242,0.9645428657531738,0.24490085244178772
CYST_PA38.nii.gz,1,context,blur,encoder_stage_5,1x320x12x12x12,390.3955383300781,0.18411101400852203,0.9829564094543457,0.2756233513355255
CYST_PA38.nii.gz,1,context,blur,encoder_bottleneck_deepest,1x320x6x6x6,134.93704223632812,0.155686154961586,0.9878537654876709,0.2634259760379791
CYST_PA38.nii.gz,2,foreground,gamma,encoder_stage_1,1x32x192x192x192,1678.24951171875,0.12216970324516296,0.9925153255462646,0.012435389682650566
CYST_PA38.nii.gz,2,foreground,gamma,encoder_stage_2,1x64x96x96x96,1036.102783203125,0.108326755464077,0.9941527247428894,0.01895885169506073
CYST_PA38.nii.gz,2,foreground,gamma,encoder_stage_3,1x128x48x48x48,522.095703125,0.09159120917320251,0.9958149194717407,0.019256021827459335
CYST_PA38.nii.gz,2,foreground,gamma,encoder_stage_4,1x256x24x24x24,287.8179016113281,0.08327459543943405,0.9965273141860962,0.023407872766256332
CYST_PA38.nii.gz,2,foreground,gamma,encoder_stage_5,1x320x12x12x12,109.35970306396484,0.0517040491104126,0.9986637830734253,0.021628227084875107
CYST_PA38.nii.gz,2,foreground,gamma,encoder_bottleneck_deepest,1x320x6x6x6,35.72739791870117,0.04118141531944275,0.9991518259048462,0.018467113375663757
CYST_PA38.nii.gz,2,foreground,blur,encoder_stage_1,1x32x192x192x192,6257.17724609375,0.4554969370365143,0.894224226474762,0.17286348342895508
CYST_PA38.nii.gz,2,foreground,blur,encoder_stage_2,1x64x96x96x96,4086.808837890625,0.4272845685482025,0.9063726663589478,0.29496803879737854
CYST_PA38.nii.gz,2,foreground,blur,encoder_stage_3,1x128x48x48x48,1948.2423095703125,0.34178000688552856,0.9413299560546875,0.2681342363357544
CYST_PA38.nii.gz,2,foreground,blur,encoder_stage_4,1x256x24x24x24,1040.3546142578125,0.3010066747665405,0.9555277824401855,0.3058363199234009
CYST_PA38.nii.gz,2,foreground,blur,encoder_stage_5,1x320x12x12x12,443.96905517578125,0.20990361273288727,0.9778154492378235,0.35646072030067444
CYST_PA38.nii.gz,2,foreground,blur,encoder_bottleneck_deepest,1x320x6x6x6,155.14645385742188,0.17883054912090302,0.9839386940002441,0.34824106097221375
CYST_PA38.nii.gz,3,repeat_fill,gamma,encoder_stage_1,1x32x192x192x192,1635.03076171875,0.1187487468123436,0.9929293394088745,0.011803156696259975
CYST_PA38.nii.gz,3,repeat_fill,gamma,encoder_stage_2,1x64x96x96x96,1017.2962036132812,0.10719748586416245,0.9942726492881775,0.018276844173669815
CYST_PA38.nii.gz,3,repeat_fill,gamma,encoder_stage_3,1x128x48x48x48,518.88134765625,0.09102708846330643,0.9958640933036804,0.01901964843273163
CYST_PA38.nii.gz,3,repeat_fill,gamma,encoder_stage_4,1x256x24x24x24,292.18048095703125,0.0850195661187172,0.9963813424110413,0.024122854694724083
CYST_PA38.nii.gz,3,repeat_fill,gamma,encoder_stage_5,1x320x12x12x12,118.05847930908203,0.05619112774729729,0.9984203577041626,0.025205807760357857
CYST_PA38.nii.gz,3,repeat_fill,gamma,encoder_bottleneck_deepest,1x320x6x6x6,39.629581451416016,0.04604855552315712,0.9989398717880249,0.02272140607237816
CYST_PA38.nii.gz,3,repeat_fill,blur,encoder_stage_1,1x32x192x192x192,6227.42138671875,0.45228415727615356,0.8959077596664429,0.17122328281402588
CYST_PA38.nii.gz,3,repeat_fill,blur,encoder_stage_2,1x64x96x96x96,4061.555419921875,0.4279859960079193,0.906001627445221,0.2913339138031006
CYST_PA38.nii.gz,3,repeat_fill,blur,encoder_stage_3,1x128x48x48x48,1954.92822265625,0.34295207262039185,0.9409466981887817,0.26997771859169006
CYST_PA38.nii.gz,3,repeat_fill,blur,encoder_stage_4,1x256x24x24x24,1041.987060546875,0.30320054292678833,0.9547165036201477,0.3067968785762787
CYST_PA38.nii.gz,3,repeat_fill,blur,encoder_stage_5,1x320x12x12x12,452.9266052246094,0.21557499468326569,0.9765599966049194,0.37098976969718933
CYST_PA38.nii.gz,3,repeat_fill,blur,encoder_bottleneck_deepest,1x320x6x6x6,159.42935180664062,0.18525280058383942,0.9827356338500977,0.3677331805229187
HEM_PA66.nii.gz,0,context,gamma,encoder_stage_1,1x32x192x192x192,1793.64404296875,0.133542999625206,0.9910547137260437,0.014204268343746662
HEM_PA66.nii.gz,0,context,gamma,encoder_stage_2,1x64x96x96x96,1135.838623046875,0.12199630588293076,0.9925491213798523,0.022784503176808357
HEM_PA66.nii.gz,0,context,gamma,encoder_stage_3,1x128x48x48x48,582.7315063476562,0.1042451485991478,0.9945658445358276,0.0239885114133358
HEM_PA66.nii.gz,0,context,gamma,encoder_stage_4,1x256x24x24x24,312.254150390625,0.09205029904842377,0.9957667589187622,0.02755134180188179
HEM_PA66.nii.gz,0,context,gamma,encoder_stage_5,1x320x12x12x12,139.90826416015625,0.06677897274494171,0.9977679252624512,0.03539916127920151
HEM_PA66.nii.gz,0,context,gamma,encoder_bottleneck_deepest,1x320x6x6x6,49.62897872924805,0.05762364715337753,0.9983388185501099,0.03563419729471207
HEM_PA66.nii.gz,0,context,blur,encoder_stage_1,1x32x192x192x192,6281.37939453125,0.46767041087150574,0.8885474801063538,0.1742033064365387
HEM_PA66.nii.gz,0,context,blur,encoder_stage_2,1x64x96x96x96,3966.00048828125,0.42597371339797974,0.9071077704429626,0.2777869701385498
HEM_PA66.nii.gz,0,context,blur,encoder_stage_3,1x128x48x48x48,1820.588623046875,0.3256860673427582,0.9467980861663818,0.23414772748947144
HEM_PA66.nii.gz,0,context,blur,encoder_stage_4,1x256x24x24x24,939.5957641601562,0.27698615193367004,0.9622992277145386,0.24946430325508118
HEM_PA66.nii.gz,0,context,blur,encoder_stage_5,1x320x12x12x12,436.1145324707031,0.20815983414649963,0.9781783223152161,0.3439595401287079
HEM_PA66.nii.gz,0,context,blur,encoder_bottleneck_deepest,1x320x6x6x6,154.35589599609375,0.17922088503837585,0.9838485717773438,0.3447011113166809
HEM_PA66.nii.gz,1,context,gamma,encoder_stage_1,1x32x192x192x192,1838.1058349609375,0.13688811659812927,0.990593433380127,0.014917201362550259
HEM_PA66.nii.gz,1,context,gamma,encoder_stage_2,1x64x96x96x96,1143.2021484375,0.11979464441537857,0.9928208589553833,0.02308088354766369
HEM_PA66.nii.gz,1,context,gamma,encoder_stage_3,1x128x48x48x48,560.4057006835938,0.09962738305330276,0.9950372576713562,0.022185612469911575
HEM_PA66.nii.gz,1,context,gamma,encoder_stage_4,1x256x24x24x24,283.919677734375,0.08302225917577744,0.9965558648109436,0.022778088226914406
HEM_PA66.nii.gz,1,context,gamma,encoder_stage_5,1x320x12x12x12,120.59019470214844,0.056647561490535736,0.998394250869751,0.026298455893993378
HEM_PA66.nii.gz,1,context,gamma,encoder_bottleneck_deepest,1x320x6x6x6,40.96227264404297,0.04715524986386299,0.9988879561424255,0.0242752842605114
HEM_PA66.nii.gz,1,context,blur,encoder_stage_1,1x32x192x192x192,6384.955078125,0.4755028188228607,0.8840228319168091,0.17999565601348877
HEM_PA66.nii.gz,1,context,blur,encoder_stage_2,1x64x96x96x96,3946.147705078125,0.41351160407066345,0.9123155474662781,0.27501288056373596
HEM_PA66.nii.gz,1,context,blur,encoder_stage_3,1x128x48x48x48,1777.905029296875,0.3160710632801056,0.9498971700668335,0.22329729795455933
HEM_PA66.nii.gz,1,context,blur,encoder_stage_4,1x256x24x24x24,866.8560791015625,0.25348135828971863,0.968478262424469,0.21233439445495605
HEM_PA66.nii.gz,1,context,blur,encoder_stage_5,1x320x12x12x12,385.9284362792969,0.1812908947467804,0.9834983348846436,0.2693517804145813
HEM_PA66.nii.gz,1,context,blur,encoder_bottleneck_deepest,1x320x6x6x6,134.96829223632812,0.15537379682064056,0.9878949522972107,0.2635480463504791
HEM_PA66.nii.gz,2,foreground,gamma,encoder_stage_1,1x32x192x192x192,1767.236572265625,0.13255424797534943,0.9911991953849792,0.013789093121886253
HEM_PA66.nii.gz,2,foreground,gamma,encoder_stage_2,1x64x96x96x96,1134.3385009765625,0.12214299291372299,0.9925410747528076,0.02272435836493969
HEM_PA66.nii.gz,2,foreground,gamma,encoder_stage_3,1x128x48x48x48,583.2701416015625,0.1048220694065094,0.9945083856582642,0.02403287962079048
HEM_PA66.nii.gz,2,foreground,gamma,encoder_stage_4,1x256x24x24x24,333.9374694824219,0.09783540666103363,0.9952113628387451,0.031510595232248306
HEM_PA66.nii.gz,2,foreground,gamma,encoder_stage_5,1x320x12x12x12,127.75117492675781,0.060630641877651215,0.9981613755226135,0.02951454557478428
HEM_PA66.nii.gz,2,foreground,gamma,encoder_bottleneck_deepest,1x320x6x6x6,41.1223030090332,0.047528453171253204,0.998870849609375,0.024465331807732582
HEM_PA66.nii.gz,2,foreground,blur,encoder_stage_1,1x32x192x192x192,6279.47216796875,0.4710012972354889,0.8869767785072327,0.17409752309322357
HEM_PA66.nii.gz,2,foreground,blur,encoder_stage_2,1x64x96x96x96,3946.384033203125,0.4249376654624939,0.9077735543251038,0.275045782327652
HEM_PA66.nii.gz,2,foreground,blur,encoder_stage_3,1x128x48x48x48,1800.30322265625,0.32354050874710083,0.9475060701370239,0.22895897924900055
HEM_PA66.nii.gz,2,foreground,blur,encoder_stage_4,1x256x24x24x24,952.5610961914062,0.27907681465148926,0.9617098569869995,0.25639644265174866
HEM_PA66.nii.gz,2,foreground,blur,encoder_stage_5,1x320x12x12x12,458.9791259765625,0.21783125400543213,0.9761649370193481,0.380971223115921
HEM_PA66.nii.gz,2,foreground,blur,encoder_bottleneck_deepest,1x320x6x6x6,166.56893920898438,0.19251751899719238,0.9814119338989258,0.4014064073562622
HEM_PA66.nii.gz,3,repeat_fill,gamma,encoder_stage_1,1x32x192x192x192,1793.64404296875,0.133542999625206,0.9910547137260437,0.014204268343746662
HEM_PA66.nii.gz,3,repeat_fill,gamma,encoder_stage_2,1x64x96x96x96,1135.838623046875,0.12199630588293076,0.9925491213798523,0.022784503176808357
HEM_PA66.nii.gz,3,repeat_fill,gamma,encoder_stage_3,1x128x48x48x48,582.7315063476562,0.1042451485991478,0.9945658445358276,0.0239885114133358
HEM_PA66.nii.gz,3,repeat_fill,gamma,encoder_stage_4,1x256x24x24x24,312.254150390625,0.09205029904842377,0.9957667589187622,0.02755134180188179
HEM_PA66.nii.gz,3,repeat_fill,gamma,encoder_stage_5,1x320x12x12x12,139.90826416015625,0.06677897274494171,0.9977679252624512,0.03539916127920151
HEM_PA66.nii.gz,3,repeat_fill,gamma,encoder_bottleneck_deepest,1x320x6x6x6,49.62897872924805,0.05762364715337753,0.9983388185501099,0.03563419729471207
HEM_PA66.nii.gz,3,repeat_fill,blur,encoder_stage_1,1x32x192x192x192,6281.37939453125,0.46767041087150574,0.8885474801063538,0.1742033064365387
HEM_PA66.nii.gz,3,repeat_fill,blur,encoder_stage_2,1x64x96x96x96,3966.00048828125,0.42597371339797974,0.9071077704429626,0.2777869701385498
HEM_PA66.nii.gz,3,repeat_fill,blur,encoder_stage_3,1x128x48x48x48,1820.588623046875,0.3256860673427582,0.9467980861663818,0.23414772748947144
HEM_PA66.nii.gz,3,repeat_fill,blur,encoder_stage_4,1x256x24x24x24,939.5957641601562,0.27698615193367004,0.9622992277145386,0.24946430325508118
HEM_PA66.nii.gz,3,repeat_fill,blur,encoder_stage_5,1x320x12x12x12,436.1145324707031,0.20815983414649963,0.9781783223152161,0.3439595401287079
HEM_PA66.nii.gz,3,repeat_fill,blur,encoder_bottleneck_deepest,1x320x6x6x6,154.35589599609375,0.17922088503837585,0.9838485717773438,0.3447011113166809
HEM_PA56.nii.gz,0,context,gamma,encoder_stage_1,1x32x192x192x192,1909.4041748046875,0.1423395425081253,0.9898549914360046,0.016096893697977066
HEM_PA56.nii.gz,0,context,gamma,encoder_stage_2,1x64x96x96x96,1269.5748291015625,0.13572068512439728,0.9907620549201965,0.028465770184993744
HEM_PA56.nii.gz,0,context,gamma,encoder_stage_3,1x128x48x48x48,704.8668212890625,0.12360582500696182,0.9923563599586487,0.035097844898700714
HEM_PA56.nii.gz,0,context,gamma,encoder_stage_4,1x256x24x24x24,379.7599792480469,0.11084620654582977,0.9938751459121704,0.04075160250067711
HEM_PA56.nii.gz,0,context,gamma,encoder_stage_5,1x320x12x12x12,163.46859741210938,0.0778304859995842,0.996966540813446,0.048325348645448685
HEM_PA56.nii.gz,0,context,gamma,encoder_bottleneck_deepest,1x320x6x6x6,57.96588134765625,0.0670342743396759,0.997750997543335,0.04861173406243324
HEM_PA56.nii.gz,0,context,blur,encoder_stage_1,1x32x192x192x192,6174.47900390625,0.4602862596511841,0.8920978903770447,0.16832436621189117
HEM_PA56.nii.gz,0,context,blur,encoder_stage_2,1x64x96x96x96,3866.682861328125,0.4133579134941101,0.9126513600349426,0.26404833793640137
HEM_PA56.nii.gz,0,context,blur,encoder_stage_3,1x128x48x48x48,1841.0938720703125,0.32285523414611816,0.9476075172424316,0.23945185542106628
HEM_PA56.nii.gz,0,context,blur,encoder_stage_4,1x256x24x24x24,990.7099609375,0.28917330503463745,0.958591878414154,0.27734437584877014
HEM_PA56.nii.gz,0,context,blur,encoder_stage_5,1x320x12x12x12,428.55621337890625,0.20404371619224548,0.9790014028549194,0.3321405053138733
HEM_PA56.nii.gz,0,context,blur,encoder_bottleneck_deepest,1x320x6x6x6,151.08303833007812,0.17471902072429657,0.9846401810646057,0.3302384912967682
HEM_PA56.nii.gz,1,context,gamma,encoder_stage_1,1x32x192x192x192,1917.3912353515625,0.1433909833431244,0.9896900653839111,0.01623184233903885
HEM_PA56.nii.gz,1,context,gamma,encoder_stage_2,1x64x96x96x96,1280.6829833984375,0.13310536742210388,0.9911199808120728,0.028966069221496582
HEM_PA56.nii.gz,1,context,gamma,encoder_stage_3,1x128x48x48x48,686.7276611328125,0.11949066072702408,0.9928555488586426,0.03331466391682625
HEM_PA56.nii.gz,1,context,gamma,encoder_stage_4,1x256x24x24x24,350.8077392578125,0.10107934474945068,0.9949017763137817,0.03477480262517929
HEM_PA56.nii.gz,1,context,gamma,encoder_stage_5,1x320x12x12x12,149.97714233398438,0.07020407915115356,0.9975330829620361,0.04067770391702652
HEM_PA56.nii.gz,1,context,gamma,encoder_bottleneck_deepest,1x320x6x6x6,51.27464294433594,0.05881538614630699,0.9982689619064331,0.03803658485412598
HEM_PA56.nii.gz,1,context,blur,encoder_stage_1,1x32x192x192x192,6096.03369140625,0.4558883309364319,0.8932856917381287,0.16407449543476105
HEM_PA56.nii.gz,1,context,blur,encoder_stage_2,1x64x96x96x96,3914.814208984375,0.406878799200058,0.9150115847587585,0.2706628441810608
HEM_PA56.nii.gz,1,context,blur,encoder_stage_3,1x128x48x48x48,1830.8824462890625,0.3185736835002899,0.9489939212799072,0.23680303990840912
HEM_PA56.nii.gz,1,context,blur,encoder_stage_4,1x256x24x24x24,903.8658447265625,0.26043373346328735,0.9663567543029785,0.23085232079029083
HEM_PA56.nii.gz,1,context,blur,encoder_stage_5,1x320x12x12x12,359.5032043457031,0.1682829111814499,0.9857683777809143,0.2337285578250885
HEM_PA56.nii.gz,1,context,blur,encoder_bottleneck_deepest,1x320x6x6x6,122.4104232788086,0.1404128074645996,0.9901114702224731,0.2167869210243225
HEM_PA56.nii.gz,2,foreground,gamma,encoder_stage_1,1x32x192x192x192,1931.0682373046875,0.1449231207370758,0.9894800782203674,0.01646423526108265
HEM_PA56.nii.gz,2,foreground,gamma,encoder_stage_2,1x64x96x96x96,1251.588134765625,0.13130252063274384,0.9913541078567505,0.0276649072766304
HEM_PA56.nii.gz,2,foreground,gamma,encoder_stage_3,1x128x48x48x48,663.2947387695312,0.11627960205078125,0.9932303428649902,0.031079888343811035
HEM_PA56.nii.gz,2,foreground,gamma,encoder_stage_4,1x256x24x24x24,336.26409912109375,0.09704959392547607,0.9952942728996277,0.031951211392879486
HEM_PA56.nii.gz,2,foreground,gamma,encoder_stage_5,1x320x12x12x12,137.2684783935547,0.06446871906518936,0.9979198575019836,0.03407594934105873
HEM_PA56.nii.gz,2,foreground,gamma,encoder_bottleneck_deepest,1x320x6x6x6,46.07094955444336,0.05287756398320198,0.9986009001731873,0.030707934871315956
HEM_PA56.nii.gz,2,foreground,blur,encoder_stage_1,1x32x192x192x192,5986.96240234375,0.4493105411529541,0.8966732621192932,0.15825572609901428
HEM_PA56.nii.gz,2,foreground,blur,encoder_stage_2,1x64x96x96x96,3938.510498046875,0.41318410634994507,0.912408173084259,0.27394938468933105
HEM_PA56.nii.gz,2,foreground,blur,encoder_stage_3,1x128x48x48x48,1856.546142578125,0.32546383142471313,0.9467448592185974,0.2434881329536438
HEM_PA56.nii.gz,2,foreground,blur,encoder_stage_4,1x256x24x24x24,961.5947875976562,0.2775270640850067,0.9619053602218628,0.26128262281417847
HEM_PA56.nii.gz,2,foreground,blur,encoder_stage_5,1x320x12x12x12,392.16485595703125,0.18418188393115997,0.9829304814338684,0.2781272828578949
HEM_PA56.nii.gz,2,foreground,blur,encoder_bottleneck_deepest,1x320x6x6x6,132.67320251464844,0.15227460861206055,0.9883644580841064,0.2546611726284027
HEM_PA56.nii.gz,3,repeat_fill,gamma,encoder_stage_1,1x32x192x192x192,1909.4041748046875,0.1423395425081253,0.9898549914360046,0.016096893697977066
HEM_PA56.nii.gz,3,repeat_fill,gamma,encoder_stage_2,1x64x96x96x96,1269.5748291015625,0.13572068512439728,0.9907620549201965,0.028465770184993744
HEM_PA56.nii.gz,3,repeat_fill,gamma,encoder_stage_3,1x128x48x48x48,704.8668212890625,0.12360582500696182,0.9923563599586487,0.035097844898700714
HEM_PA56.nii.gz,3,repeat_fill,gamma,encoder_stage_4,1x256x24x24x24,379.7599792480469,0.11084620654582977,0.9938751459121704,0.04075160250067711
HEM_PA56.nii.gz,3,repeat_fill,gamma,encoder_stage_5,1x320x12x12x12,163.46859741210938,0.0778304859995842,0.996966540813446,0.048325348645448685
HEM_PA56.nii.gz,3,repeat_fill,gamma,encoder_bottleneck_deepest,1x320x6x6x6,57.96588134765625,0.0670342743396759,0.997750997543335,0.04861173406243324
HEM_PA56.nii.gz,3,repeat_fill,blur,encoder_stage_1,1x32x192x192x192,6174.47900390625,0.4602862596511841,0.8920978903770447,0.16832436621189117
HEM_PA56.nii.gz,3,repeat_fill,blur,encoder_stage_2,1x64x96x96x96,3866.682861328125,0.4133579134941101,0.9126513600349426,0.26404833793640137
HEM_PA56.nii.gz,3,repeat_fill,blur,encoder_stage_3,1x128x48x48x48,1841.0938720703125,0.32285523414611816,0.9476075172424316,0.23945185542106628
HEM_PA56.nii.gz,3,repeat_fill,blur,encoder_stage_4,1x256x24x24x24,990.7099609375,0.28917330503463745,0.958591878414154,0.27734437584877014
HEM_PA56.nii.gz,3,repeat_fill,blur,encoder_stage_5,1x320x12x12x12,428.55621337890625,0.20404371619224548,0.9790014028549194,0.3321405053138733
HEM_PA56.nii.gz,3,repeat_fill,blur,encoder_bottleneck_deepest,1x320x6x6x6,151.08303833007812,0.17471902072429657,0.9846401810646057,0.3302384912967682
