variant,reliability_source,epoch,step,case,patch_index,augmentation,pseudo_positive_voxels,pseudo_negative_voxels,positive_fraction,positive_weight_sum,positive_weight_mean,L_pos,negative_weight_sum,negative_weight_mean,L_neg,total_loss
A0_confidence_rank,confidence_rank,1,1,HEM_PA99.nii.gz,0,gamma:0.3,0,7077888,0.0,0.0,0.0,0.0,3538944.5,0.5000000596046448,0.0,0.0
A0_confidence_rank,confidence_rank,1,2,HEM_PA99.nii.gz,1,blur:1.5,396016,6681872,0.055951155722141266,19013.6796875,0.04801240190863609,0.04881446808576584,3519931.0,0.5267881751060486,0.0002961257705464959,0.024555297568440437
A0_confidence_rank,confidence_rank,1,3,HCC_10140276_20170721.nii.gz,0,blur:1.5,31095,7046793,0.0043932595290243626,163.19268798828125,0.005248196888715029,0.2519797086715698,3538781.25,0.5021832585334778,4.2756109905894846e-05,0.12601123750209808
A0_confidence_rank,confidence_rank,1,4,HCC_10140276_20170721.nii.gz,1,gamma:0.3,182908,6894980,0.025842173025012016,6179.546875,0.03378500044345856,0.025414008647203445,3532765.0,0.5123677253723145,2.3243384930538014e-05,0.01271862629801035
A0_confidence_rank,confidence_rank,1,5,HEM_PA97.nii.gz,0,gamma:0.3,29498,7048390,0.004167627543210983,102.88675689697266,0.0034879231825470924,23.043201446533203,3538841.75,0.5020779967308044,1.2107720558624484e-17,11.521600723266602
A0_confidence_rank,confidence_rank,1,6,HEM_PA97.nii.gz,1,blur:1.5,279722,6798166,0.03952054679393768,8251.091796875,0.029497472569346428,0.7028982043266296,3530693.5,0.5193597078323364,0.00014300744805950671,0.3515205979347229
A0_confidence_rank,confidence_rank,1,7,CYST_PA69.nii.gz,0,blur:1.5,0,7077888,0.0,0.0,0.0,0.0,3538944.5,0.5000000596046448,0.0,0.0
A0_confidence_rank,confidence_rank,1,8,CYST_PA69.nii.gz,1,gamma:0.3,435849,6642039,0.061578962951898575,21243.61328125,0.04874076321721077,0.018899617716670036,3517701.0,0.5296115875244141,0.00026701882597990334,0.00958331860601902
A0_confidence_rank,confidence_rank,1,9,HCC_10076307_20130925.nii.gz,0,gamma:0.3,14673,7063215,0.0020730760879814625,24.969104766845703,0.001701704110018909,0.1503678411245346,3538920.0,0.5010352730751038,6.145308361737989e-06,0.07518699020147324
A0_confidence_rank,confidence_rank,1,10,HCC_10076307_20130925.nii.gz,1,blur:1.5,230690,6847198,0.03259305655956268,7284.2744140625,0.03157602995634079,0.18302971124649048,3531660.0,0.5157817602157593,0.0013987062266096473,0.09221421182155609
A0_confidence_rank,confidence_rank,1,11,CYST_PA20.nii.gz,0,blur:1.5,7532,7070356,0.001064159208908677,8.132865905761719,0.0010797750437632203,0.3928429186344147,3538935.75,0.5005314946174622,0.0011943597346544266,0.19701863825321198
A0_confidence_rank,confidence_rank,1,12,CYST_PA20.nii.gz,1,gamma:0.3,230686,6847202,0.03259249031543732,10475.728515625,0.04541120305657387,0.0023200404830276966,3528468.75,0.5153154134750366,2.3897349819890223e-05,0.0011719688773155212
A0_confidence_rank,confidence_rank,1,13,CYST_PA56.nii.gz,0,gamma:0.3,0,7077888,0.0,0.0,0.0,0.0,3538944.5,0.5000000596046448,0.0,0.0
A0_confidence_rank,confidence_rank,1,14,CYST_PA56.nii.gz,1,blur:1.5,259412,6818476,0.036651045083999634,12435.20703125,0.047936130315065384,0.04122905060648918,3526509.25,0.5171990394592285,0.0010577957145869732,0.02114342339336872
A0_confidence_rank,confidence_rank,1,15,HCC_10136895_20170421.nii.gz,0,blur:1.5,31005,7046883,0.0043805441819131374,105.49566650390625,0.003402537200599909,0.14745329320430756,3538839.25,0.502185046672821,0.007348752114921808,0.07740101963281631
A0_confidence_rank,confidence_rank,1,16,HCC_10136895_20170421.nii.gz,1,gamma:0.3,257228,6820660,0.03634247928857803,9439.25390625,0.03669605776667595,0.017873408272862434,3529505.25,0.5174726843833923,7.278667908394709e-05,0.008973097428679466
A0_confidence_rank,confidence_rank,1,17,MET_PA13.nii.gz,0,gamma:0.3,0,7077888,0.0,0.0,0.0,0.0,3538944.5,0.5000000596046448,0.0,0.0
A0_confidence_rank,confidence_rank,1,18,MET_PA13.nii.gz,1,blur:1.5,213869,6864019,0.030216500163078308,5752.94091796875,0.026899367570877075,0.050614673644304276,3533191.5,0.5147408843040466,0.0007371999090537429,0.0256759375333786
A0_confidence_rank,confidence_rank,1,19,HCC_10074592_20130816.nii.gz,0,blur:1.5,3899,7073989,0.0005508705507963896,14.086027145385742,0.003612728090956807,0.010447466745972633,3538931.0,0.5002737641334534,0.00645046541467309,0.008448965847492218
A0_confidence_rank,confidence_rank,1,20,HCC_10074592_20130816.nii.gz,1,gamma:0.3,253900,6823988,0.035872284322977066,13222.333984375,0.05207693576812744,0.006708498578518629,3525722.25,0.5166659355163574,4.694211747846566e-05,0.00337772024795413
A0_confidence_rank,confidence_rank,1,21,CYST_PA19.nii.gz,0,gamma:0.3,0,7077888,0.0,0.0,0.0,0.0,3538944.5,0.5000000596046448,0.0,0.0
A0_confidence_rank,confidence_rank,1,22,CYST_PA19.nii.gz,1,blur:1.5,217747,6860141,0.030764402821660042,8968.357421875,0.04118705540895462,0.02538417838513851,3529976.0,0.5145632028579712,0.0003401601279620081,0.012862169183790684
A0_confidence_rank,confidence_rank,1,23,HEM_PA13.nii.gz,0,blur:1.5,0,7077888,0.0,0.0,0.0,0.0,3538944.5,0.5000000596046448,0.0,0.0
A0_confidence_rank,confidence_rank,1,24,HEM_PA13.nii.gz,1,gamma:0.3,345692,6732196,0.048841122537851334,14172.2685546875,0.04099680855870247,0.007270749658346176,3524772.25,0.5235694646835327,7.681508577661589e-05,0.0036737823393195868
A0_confidence_rank,confidence_rank,1,25,HCC_10142924_20170911.nii.gz,0,gamma:0.3,11022,7066866,0.0015572442207485437,16.235227584838867,0.001472983742132783,0.02117273397743702,3538928.25,0.5007776021957397,5.926018639001995e-05,0.010615997016429901
A0_confidence_rank,confidence_rank,1,26,HCC_10142924_20170911.nii.gz,1,blur:1.5,179460,6898428,0.02535502053797245,11688.35546875,0.06513070315122604,0.03276539221405983,3527256.0,0.5113130211830139,0.0004290189826861024,0.01659720577299595
A0_confidence_rank,confidence_rank,1,27,MET_PA25.nii.gz,0,blur:1.5,0,7077888,0.0,0.0,0.0,0.0,3538944.5,0.5000000596046448,0.0,0.0
A0_confidence_rank,confidence_rank,1,28,MET_PA25.nii.gz,1,gamma:0.3,195115,6882773,0.02756683900952339,6746.33984375,0.03457622602581978,0.0029867705889046192,3532198.25,0.5131940245628357,1.361867725790944e-05,0.0015001946594566107
A0_confidence_rank,confidence_rank,1,29,HCC_10147777_20171222.nii.gz,0,gamma:0.3,48112,7029776,0.006797507870942354,337.4471435546875,0.007013783324509859,0.04877495393157005,3538607.0,0.5033740997314453,6.855636911495822e-07,0.024387819692492485
A0_confidence_rank,confidence_rank,1,30,HCC_10147777_20171222.nii.gz,1,blur:1.5,228868,6849020,0.032335635274648666,8984.70703125,0.03925715759396553,0.3630451261997223,3529960.0,0.5153963565826416,0.0025314386002719402,0.18278828263282776
A0_confidence_rank,confidence_rank,1,31,HCC_PA0.nii.gz,0,blur:1.5,0,7077888,0.0,0.0,0.0,0.0,3538944.5,0.5000000596046448,0.0,0.0
A0_confidence_rank,confidence_rank,1,32,HCC_PA0.nii.gz,1,gamma:0.3,1135813,5942075,0.16047343611717224,188333.0,0.1658133864402771,0.004637356381863356,3350611.5,0.5638790130615234,0.0003383023722562939,0.0024878294207155704
A0_confidence_rank,confidence_rank,1,33,CYST_PA37.nii.gz,0,gamma:0.3,0,7077888,0.0,0.0,0.0,0.0,3538944.5,0.5000000596046448,0.0,0.0
A0_confidence_rank,confidence_rank,1,34,CYST_PA37.nii.gz,1,blur:1.5,202150,6875738,0.028560779988765717,6514.08544921875,0.03222401812672615,0.09812929481267929,3532430.5,0.5137529373168945,0.00023036357015371323,0.04917982965707779
A0_confidence_rank,confidence_rank,1,35,ICC_PA18.nii.gz,0,blur:1.5,0,7077888,0.0,0.0,0.0,0.0,3538944.5,0.5000000596046448,0.0,0.0
A0_confidence_rank,confidence_rank,1,36,ICC_PA18.nii.gz,1,gamma:0.3,831496,6246392,0.11747798323631287,121992.3671875,0.14671431481838226,0.004708414897322655,3416952.0,0.5470280647277832,0.00018687626288738102,0.0024476456455886364
A0_confidence_rank,confidence_rank,1,37,HCC_10081574_20140213.nii.gz,0,gamma:0.3,0,7077888,0.0,0.0,0.0,0.0,3538944.5,0.5000000596046448,0.0,0.0
A0_confidence_rank,confidence_rank,1,38,HCC_10081574_20140213.nii.gz,1,blur:1.5,217923,6859965,0.030789269134402275,10461.2939453125,0.04800454527139664,0.012393694370985031,3528483.25,0.5143588185310364,0.0009702483657747507,0.006681971251964569
A0_confidence_rank,confidence_rank,1,39,MET_PA19.nii.gz,0,blur:1.5,0,7077888,0.0,0.0,0.0,0.0,3538944.5,0.5000000596046448,0.0,0.0
A0_confidence_rank,confidence_rank,1,40,MET_PA19.nii.gz,1,gamma:0.3,183634,6894254,0.025944745168089867,4219.3125,0.022976748645305634,0.011361583136022091,3534725.25,0.5127059817314148,1.2582661838678177e-05,0.00568708311766386
A0_confidence_rank,confidence_rank,1,41,HEM_PA24.nii.gz,0,gamma:0.3,0,7077888,0.0,0.0,0.0,0.0,3538944.5,0.5000000596046448,0.0,0.0
A0_confidence_rank,confidence_rank,1,42,HEM_PA24.nii.gz,1,blur:1.5,241542,6836346,0.03412628173828125,6929.01220703125,0.02868657372891903,0.05162074789404869,3532015.5,0.516652524471283,0.0007351309177465737,0.026177939027547836
A0_confidence_rank,confidence_rank,1,43,CYST_PA74.nii.gz,0,blur:1.5,0,7077888,0.0,0.0,0.0,0.0,3538944.5,0.5000000596046448,0.0,0.0
A0_confidence_rank,confidence_rank,1,44,CYST_PA74.nii.gz,1,gamma:0.3,258931,6818957,0.03658308833837509,11661.591796875,0.04503745213150978,0.0019224893767386675,3527283.0,0.5172760486602783,1.6232324924203567e-05,0.0009693608735688031
A0_confidence_rank,confidence_rank,1,45,HEM_PA34.nii.gz,0,gamma:0.3,0,7077888,0.0,0.0,0.0,0.0,3538944.5,0.5000000596046448,0.0,0.0
A0_confidence_rank,confidence_rank,1,46,HEM_PA34.nii.gz,1,blur:1.5,293538,6784350,0.04147254303097725,14137.564453125,0.048162635415792465,0.00885755568742752,3524807.0,0.5195496678352356,0.00038377271266654134,0.004620664287358522
A0_confidence_rank,confidence_rank,1,47,FNH_PA32.nii.gz,0,blur:1.5,82806,6995082,0.011699252761900425,931.338134765625,0.01124723069369793,0.10008838772773743,3538013.0,0.5057857632637024,8.075945515884086e-06,0.050048232078552246
A0_confidence_rank,confidence_rank,1,48,FNH_PA32.nii.gz,1,gamma:0.3,284258,6793630,0.04016141593456268,9376.482421875,0.03298581764101982,0.004058001562952995,3529568.0,0.5195407867431641,4.136554252909264e-06,0.002031069016084075
A0_confidence_rank,confidence_rank,1,49,FNH_PA10.nii.gz,0,gamma:0.3,0,7077888,0.0,0.0,0.0,0.0,3538944.5,0.5000000596046448,0.0,0.0
A0_confidence_rank,confidence_rank,1,50,FNH_PA10.nii.gz,1,blur:1.5,863052,6214836,0.1219363734126091,110851.6875,0.12844149768352509,0.003898399416357279,3428093.0,0.551598310470581,0.0010093707824125886,0.002453885041177273
A0_confidence_rank,confidence_rank,1,51,CYST_PA54.nii.gz,0,blur:1.5,84090,6993798,0.011880663223564625,1204.2921142578125,0.014321466907858849,0.05195856839418411,3537740.25,0.5058396458625793,1.1594024726946373e-05,0.025985080748796463
A0_confidence_rank,confidence_rank,1,52,CYST_PA54.nii.gz,1,gamma:0.3,231321,6846567,0.032682206481695175,7036.67822265625,0.030419539660215378,0.0036305130925029516,3531907.5,0.5158654451370239,7.45602437746129e-06,0.0018189845141023397
A0_confidence_rank,confidence_rank,1,53,CYST_PA53.nii.gz,0,gamma:0.3,256227,6821661,0.036201052367687225,10988.005859375,0.042883869260549545,0.0021541311871260405,3527956.5,0.517169713973999,9.727753422339447e-06,0.0010819294257089496
A0_confidence_rank,confidence_rank,1,54,CYST_PA53.nii.gz,1,blur:1.5,395200,6682688,0.05583586543798447,20415.50390625,0.051658663898706436,0.02482229471206665,3518529.0,0.5265140533447266,4.221632480039261e-05,0.012432255782186985
A0_confidence_rank,confidence_rank,1,55,CYST_PA38.nii.gz,0,blur:1.5,48054,7029834,0.0067893136292696,471.3070068359375,0.009807862341403961,0.06423263251781464,3538473.25,0.5033509135246277,2.79132291325368e-06,0.03211771324276924
A0_confidence_rank,confidence_rank,1,56,CYST_PA38.nii.gz,1,gamma:0.3,227620,6850268,0.03215930983424187,6472.423828125,0.02843521535396576,0.0014783126534894109,3532472.0,0.5156691670417786,6.435529940063134e-06,0.0007423741044476628
A0_confidence_rank,confidence_rank,1,57,HEM_PA66.nii.gz,0,gamma:0.3,50026,7027862,0.007067927625030279,434.0385437011719,0.008676259778439999,0.00397142581641674,3538510.5,0.5034974217414856,2.380935029577813e-06,0.0019869033712893724
A0_confidence_rank,confidence_rank,1,58,HEM_PA66.nii.gz,1,blur:1.5,240303,6837585,0.033951230347156525,6582.3681640625,0.027391953393816948,0.011946005746722221,3532362.0,0.5166096091270447,1.6593068721704185e-05,0.005981299560517073
A0_confidence_rank,confidence_rank,1,59,HEM_PA56.nii.gz,0,blur:1.5,84305,6993583,0.011911039240658283,890.8877563476562,0.010567436926066875,0.025443758815526962,3538053.75,0.5059000253677368,5.3759404181619175e-06,0.012724567204713821
A0_confidence_rank,confidence_rank,1,60,HEM_PA56.nii.gz,1,gamma:0.3,386275,6691613,0.05457489565014839,17199.609375,0.0445268489420414,0.0023184004239737988,3521745.0,0.5262923836708069,9.30031637835782e-06,0.0011638504220172763
A0_confidence_rank,confidence_rank,2,61,HEM_PA99.nii.gz,0,gamma:0.3,0,7077888,0.0,0.0,0.0,0.0,3538944.5,0.5000000596046448,0.0,0.0
A0_confidence_rank,confidence_rank,2,62,HEM_PA99.nii.gz,1,blur:1.5,396016,6681872,0.055951155722141266,19013.6796875,0.04801240190863609,0.05643583834171295,3519931.0,0.5267881751060486,0.0003021491866093129,0.0283689945936203
A0_confidence_rank,confidence_rank,2,63,HCC_10140276_20170721.nii.gz,0,blur:1.5,31095,7046793,0.0043932595290243626,163.19268798828125,0.005248196888715029,0.18945014476776123,3538781.25,0.5021832585334778,4.8412261094199494e-05,0.09474927932024002
A0_confidence_rank,confidence_rank,2,64,HCC_10140276_20170721.nii.gz,1,gamma:0.3,182908,6894980,0.025842173025012016,6179.546875,0.03378500044345856,0.019816160202026367,3532765.0,0.5123677253723145,2.3964608772075735e-05,0.009920062497258186
A0_confidence_rank,confidence_rank,2,65,HEM_PA97.nii.gz,0,gamma:0.3,29498,7048390,0.004167627543210983,102.88675689697266,0.0034879231825470924,4.812928199768066,3538841.75,0.5020779967308044,3.5052786984124396e-07,2.4064643383026123
A0_confidence_rank,confidence_rank,2,66,HEM_PA97.nii.gz,1,blur:1.5,279722,6798166,0.03952054679393768,8251.091796875,0.029497472569346428,0.4006269872188568,3530693.5,0.5193597078323364,0.0004175984358880669,0.2005222886800766
A0_confidence_rank,confidence_rank,2,67,CYST_PA69.nii.gz,0,blur:1.5,0,7077888,0.0,0.0,0.0,0.0,3538944.5,0.5000000596046448,0.0,0.0
A0_confidence_rank,confidence_rank,2,68,CYST_PA69.nii.gz,1,gamma:0.3,435849,6642039,0.061578962951898575,21243.61328125,0.04874076321721077,0.0197161715477705,3517701.0,0.5296115875244141,0.0002961524005513638,0.010006162337958813
A0_confidence_rank,confidence_rank,2,69,HCC_10076307_20130925.nii.gz,0,gamma:0.3,14673,7063215,0.0020730760879814625,24.969104766845703,0.001701704110018909,0.09628207981586456,3538920.0,0.5010352730751038,1.534379589429591e-05,0.048148710280656815
A0_confidence_rank,confidence_rank,2,70,HCC_10076307_20130925.nii.gz,1,blur:1.5,230690,6847198,0.03259305655956268,7284.2744140625,0.03157602995634079,0.12157044559717178,3531660.0,0.5157817602157593,0.00158736074808985,0.0615789033472538
A0_confidence_rank,confidence_rank,2,71,CYST_PA20.nii.gz,0,blur:1.5,7532,7070356,0.001064159208908677,8.132865905761719,0.0010797750437632203,0.3037135601043701,3538935.75,0.5005314946174622,0.0013960781507194042,0.15255482494831085
A0_confidence_rank,confidence_rank,2,72,CYST_PA20.nii.gz,1,gamma:0.3,230686,6847202,0.03259249031543732,10475.728515625,0.04541120305657387,0.002774881897494197,3528468.75,0.5153154134750366,2.582248635008e-05,0.0014003522228449583
A0_confidence_rank,confidence_rank,2,73,CYST_PA56.nii.gz,0,gamma:0.3,0,7077888,0.0,0.0,0.0,0.0,3538944.5,0.5000000596046448,0.0,0.0
A0_confidence_rank,confidence_rank,2,74,CYST_PA56.nii.gz,1,blur:1.5,259412,6818476,0.036651045083999634,12435.20703125,0.047936130315065384,0.04277264326810837,3526509.25,0.5171990394592285,0.0009926415514200926,0.021882642060518265
A0_confidence_rank,confidence_rank,2,75,HCC_10136895_20170421.nii.gz,0,blur:1.5,31005,7046883,0.0043805441819131374,105.49566650390625,0.003402537200599909,0.0736611858010292,3538839.25,0.502185046672821,0.009197546169161797,0.041429366916418076
A0_confidence_rank,confidence_rank,2,76,HCC_10136895_20170421.nii.gz,1,gamma:0.3,257228,6820660,0.03634247928857803,9439.25390625,0.03669605776667595,0.00925484299659729,3529505.25,0.5174726843833923,0.00012917598360218108,0.004692009650170803
A0_confidence_rank,confidence_rank,2,77,MET_PA13.nii.gz,0,gamma:0.3,0,7077888,0.0,0.0,0.0,0.0,3538944.5,0.5000000596046448,0.0,0.0
A0_confidence_rank,confidence_rank,2,78,MET_PA13.nii.gz,1,blur:1.5,213869,6864019,0.030216500163078308,5752.94091796875,0.026899367570877075,0.02832905389368534,3533191.5,0.5147408843040466,0.0013452568091452122,0.014837155118584633
A0_confidence_rank,confidence_rank,2,79,HCC_10074592_20130816.nii.gz,0,blur:1.5,3899,7073989,0.0005508705507963896,14.086027145385742,0.003612728090956807,0.013867947272956371,3538931.0,0.5002737641334534,0.006152197252959013,0.010010072030127048
A0_confidence_rank,confidence_rank,2,80,HCC_10074592_20130816.nii.gz,1,gamma:0.3,253900,6823988,0.035872284322977066,13222.333984375,0.05207693576812744,0.005892119836062193,3525722.25,0.5166659355163574,6.860874418634921e-05,0.002980364253744483
A0_confidence_rank,confidence_rank,2,81,CYST_PA19.nii.gz,0,gamma:0.3,0,7077888,0.0,0.0,0.0,0.0,3538944.5,0.5000000596046448,0.0,0.0
A0_confidence_rank,confidence_rank,2,82,CYST_PA19.nii.gz,1,blur:1.5,217747,6860141,0.030764402821660042,8968.357421875,0.04118705540895462,0.01632079854607582,3529976.0,0.5145632028579712,0.0007563916151411831,0.008538595400750637
A0_confidence_rank,confidence_rank,2,83,HEM_PA13.nii.gz,0,blur:1.5,0,7077888,0.0,0.0,0.0,0.0,3538944.5,0.5000000596046448,0.0,0.0
A0_confidence_rank,confidence_rank,2,84,HEM_PA13.nii.gz,1,gamma:0.3,345692,6732196,0.048841122537851334,14172.2685546875,0.04099680855870247,0.0035775320138782263,3524772.25,0.5235694646835327,0.00014380173524841666,0.001860666903667152
A0_confidence_rank,confidence_rank,2,85,HCC_10142924_20170911.nii.gz,0,gamma:0.3,11022,7066866,0.0015572442207485437,16.235227584838867,0.001472983742132783,0.020080337300896645,3538928.25,0.5007776021957397,7.518314669141546e-05,0.010077760554850101
A0_confidence_rank,confidence_rank,2,86,HCC_10142924_20170911.nii.gz,1,blur:1.5,179460,6898428,0.02535502053797245,11688.35546875,0.06513070315122604,0.017810558900237083,3527256.0,0.5113130211830139,0.0007056269096210599,0.009258093312382698
A0_confidence_rank,confidence_rank,2,87,MET_PA25.nii.gz,0,blur:1.5,0,7077888,0.0,0.0,0.0,0.0,3538944.5,0.5000000596046448,0.0,0.0
A0_confidence_rank,confidence_rank,2,88,MET_PA25.nii.gz,1,gamma:0.3,195115,6882773,0.02756683900952339,6746.33984375,0.03457622602581978,0.0025271729100495577,3532198.25,0.5131940245628357,2.5819079382927157e-05,0.0012764959828928113
A0_confidence_rank,confidence_rank,2,89,HCC_10147777_20171222.nii.gz,0,gamma:0.3,48112,7029776,0.006797507870942354,337.4471435546875,0.007013783324509859,0.03245586156845093,3538607.0,0.5033740997314453,1.5904103065622621e-06,0.016228726133704185
A0_confidence_rank,confidence_rank,2,90,HCC_10147777_20171222.nii.gz,1,blur:1.5,228868,6849020,0.032335635274648666,8984.70703125,0.03925715759396553,0.34517616033554077,3529960.0,0.5153963565826416,0.0034768583718687296,0.17432650923728943
A0_confidence_rank,confidence_rank,2,91,HCC_PA0.nii.gz,0,blur:1.5,0,7077888,0.0,0.0,0.0,0.0,3538944.5,0.5000000596046448,0.0,0.0
A0_confidence_rank,confidence_rank,2,92,HCC_PA0.nii.gz,1,gamma:0.3,1135813,5942075,0.16047343611717224,188333.0,0.1658133864402771,0.0028460875619202852,3350611.5,0.5638790130615234,0.0006657919730059803,0.0017559397965669632
A0_confidence_rank,confidence_rank,2,93,CYST_PA37.nii.gz,0,gamma:0.3,0,7077888,0.0,0.0,0.0,0.0,3538944.5,0.5000000596046448,0.0,0.0
A0_confidence_rank,confidence_rank,2,94,CYST_PA37.nii.gz,1,blur:1.5,202150,6875738,0.028560779988765717,6514.08544921875,0.03222401812672615,0.060152824968099594,3532430.5,0.5137529373168945,0.00031579448841512203,0.030234308913350105
A0_confidence_rank,confidence_rank,2,95,ICC_PA18.nii.gz,0,blur:1.5,0,7077888,0.0,0.0,0.0,0.0,3538944.5,0.5000000596046448,0.0,0.0
A0_confidence_rank,confidence_rank,2,96,ICC_PA18.nii.gz,1,gamma:0.3,831496,6246392,0.11747798323631287,121992.3671875,0.14671431481838226,0.002932157600298524,3416952.0,0.5470280647277832,0.00039477599784731865,0.0016634667990729213
A0_confidence_rank,confidence_rank,2,97,HCC_10081574_20140213.nii.gz,0,gamma:0.3,0,7077888,0.0,0.0,0.0,0.0,3538944.5,0.5000000596046448,1.5164346223173197e-07,1.5164346223173197e-07
A0_confidence_rank,confidence_rank,2,98,HCC_10081574_20140213.nii.gz,1,blur:1.5,217923,6859965,0.030789269134402275,10461.2939453125,0.04800454527139664,0.009403664618730545,3528483.25,0.5143588185310364,0.0013535497710108757,0.00537860719487071
A0_confidence_rank,confidence_rank,2,99,MET_PA19.nii.gz,0,blur:1.5,0,7077888,0.0,0.0,0.0,0.0,3538944.5,0.5000000596046448,0.0,0.0
A0_confidence_rank,confidence_rank,2,100,MET_PA19.nii.gz,1,gamma:0.3,183634,6894254,0.025944745168089867,4219.3125,0.022976748645305634,0.003836469491943717,3534725.25,0.5127059817314148,5.583816528087482e-05,0.0019461538176983595
A0_confidence_rank,confidence_rank,2,101,HEM_PA24.nii.gz,0,gamma:0.3,0,7077888,0.0,0.0,0.0,0.0,3538944.5,0.5000000596046448,0.0,0.0
A0_confidence_rank,confidence_rank,2,102,HEM_PA24.nii.gz,1,blur:1.5,241542,6836346,0.03412628173828125,6929.01220703125,0.02868657372891903,0.03545178845524788,3532015.5,0.516652524471283,0.0010364108020439744,0.018244098871946335
A0_confidence_rank,confidence_rank,2,103,CYST_PA74.nii.gz,0,blur:1.5,0,7077888,0.0,0.0,0.0,0.0,3538944.5,0.5000000596046448,0.0,0.0
A0_confidence_rank,confidence_rank,2,104,CYST_PA74.nii.gz,1,gamma:0.3,258931,6818957,0.03658308833837509,11661.591796875,0.04503745213150978,0.0009217689512297511,3527283.0,0.5172760486602783,5.2913113904651254e-05,0.00048734102165326476
A0_confidence_rank,confidence_rank,2,105,HEM_PA34.nii.gz,0,gamma:0.3,0,7077888,0.0,0.0,0.0,0.0,3538944.5,0.5000000596046448,0.0,0.0
A0_confidence_rank,confidence_rank,2,106,HEM_PA34.nii.gz,1,blur:1.5,293538,6784350,0.04147254303097725,14137.564453125,0.048162635415792465,0.008479547686874866,3524807.0,0.5195496678352356,0.0004944188985973597,0.004486983176320791
A0_confidence_rank,confidence_rank,2,107,FNH_PA32.nii.gz,0,blur:1.5,82806,6995082,0.011699252761900425,931.338134765625,0.01124723069369793,0.06006491929292679,3538013.0,0.5057857632637024,8.988765330286697e-06,0.03003695420920849
A0_confidence_rank,confidence_rank,2,108,FNH_PA32.nii.gz,1,gamma:0.3,284258,6793630,0.04016141593456268,9376.482421875,0.03298581764101982,0.0026488325092941523,3529568.0,0.5195407867431641,1.303509452554863e-05,0.001330933766439557
A0_confidence_rank,confidence_rank,2,109,FNH_PA10.nii.gz,0,gamma:0.3,0,7077888,0.0,0.0,0.0,0.0,3538944.5,0.5000000596046448,0.0,0.0
A0_confidence_rank,confidence_rank,2,110,FNH_PA10.nii.gz,1,blur:1.5,863052,6214836,0.1219363734126091,110851.6875,0.12844149768352509,0.0030206700321286917,3428093.0,0.551598310470581,0.0021257936023175716,0.00257323170080781
A0_confidence_rank,confidence_rank,2,111,CYST_PA54.nii.gz,0,blur:1.5,84090,6993798,0.011880663223564625,1204.2921142578125,0.014321466907858849,0.04090271145105362,3537740.25,0.5058396458625793,1.5423398508573882e-05,0.020459067076444626
A0_confidence_rank,confidence_rank,2,112,CYST_PA54.nii.gz,1,gamma:0.3,231321,6846567,0.032682206481695175,7036.67822265625,0.030419539660215378,0.0017175120301544666,3531907.5,0.5158654451370239,1.955515290319454e-05,0.0008685335633344948
A0_confidence_rank,confidence_rank,2,113,CYST_PA53.nii.gz,0,gamma:0.3,256227,6821661,0.036201052367687225,10988.005859375,0.042883869260549545,0.0009665266843512654,3527956.5,0.517169713973999,2.1298166757333092e-05,0.0004939124337397516
A0_confidence_rank,confidence_rank,2,114,CYST_PA53.nii.gz,1,blur:1.5,395200,6682688,0.05583586543798447,20415.50390625,0.051658663898706436,0.028400782495737076,3518529.0,0.5265140533447266,3.292204928584397e-05,0.014216852374374866
A0_confidence_rank,confidence_rank,2,115,CYST_PA38.nii.gz,0,blur:1.5,48054,7029834,0.0067893136292696,471.3070068359375,0.009807862341403961,0.051687780767679214,3538473.25,0.5033509135246277,3.887374077748973e-06,0.025845834985375404
A0_confidence_rank,confidence_rank,2,116,CYST_PA38.nii.gz,1,gamma:0.3,227620,6850268,0.03215930983424187,6472.423828125,0.02843521535396576,0.0014076374936848879,3532472.0,0.5156691670417786,1.0344074325985275e-05,0.0007089907885529101
A0_confidence_rank,confidence_rank,2,117,HEM_PA66.nii.gz,0,gamma:0.3,50026,7027862,0.007067927625030279,434.0385437011719,0.008676259778439999,0.004548725672066212,3538510.5,0.5034974217414856,2.521011538192397e-06,0.002275623381137848
A0_confidence_rank,confidence_rank,2,118,HEM_PA66.nii.gz,1,blur:1.5,240303,6837585,0.033951230347156525,6582.3681640625,0.027391953393816948,0.013178291730582714,3532362.0,0.5166096091270447,2.1580062821158208e-05,0.006599935702979565
A0_confidence_rank,confidence_rank,2,119,HEM_PA56.nii.gz,0,blur:1.5,84305,6993583,0.011911039240658283,890.8877563476562,0.010567436926066875,0.022674014791846275,3538053.75,0.5059000253677368,8.009599696379155e-06,0.011341012082993984
A0_confidence_rank,confidence_rank,2,120,HEM_PA56.nii.gz,1,gamma:0.3,386275,6691613,0.05457489565014839,17199.609375,0.0445268489420414,0.0019124726532027125,3521745.0,0.5262923836708069,1.684751441644039e-05,0.0009646600810810924
A0_confidence_rank,confidence_rank,3,121,HEM_PA99.nii.gz,0,gamma:0.3,0,7077888,0.0,0.0,0.0,0.0,3538944.5,0.5000000596046448,0.0,0.0
A0_confidence_rank,confidence_rank,3,122,HEM_PA99.nii.gz,1,blur:1.5,396016,6681872,0.055951155722141266,19013.6796875,0.04801240190863609,0.04477648437023163,3519931.0,0.5267881751060486,0.0004168018058408052,0.02259664237499237
A0_confidence_rank,confidence_rank,3,123,HCC_10140276_20170721.nii.gz,0,blur:1.5,31095,7046793,0.0043932595290243626,163.19268798828125,0.005248196888715029,0.09092867374420166,3538781.25,0.5021832585334778,0.0001191037954413332,0.04552388936281204
A0_confidence_rank,confidence_rank,3,124,HCC_10140276_20170721.nii.gz,1,gamma:0.3,182908,6894980,0.025842173025012016,6179.546875,0.03378500044345856,0.00559294642880559,3532765.0,0.5123677253723145,8.535659435437992e-05,0.0028391515370458364
A0_confidence_rank,confidence_rank,3,125,HEM_PA97.nii.gz,0,gamma:0.3,29498,7048390,0.004167627543210983,102.88675689697266,0.0034879231825470924,0.011817608028650284,3538841.75,0.5020779967308044,5.3869876865064725e-05,0.005935738794505596
A0_confidence_rank,confidence_rank,3,126,HEM_PA97.nii.gz,1,blur:1.5,279722,6798166,0.03952054679393768,8251.091796875,0.029497472569346428,0.14700758457183838,3530693.5,0.5193597078323364,0.0013877649325877428,0.0741976723074913
A0_confidence_rank,confidence_rank,3,127,CYST_PA69.nii.gz,0,blur:1.5,0,7077888,0.0,0.0,0.0,0.0,3538944.5,0.5000000596046448,0.0,0.0
A0_confidence_rank,confidence_rank,3,128,CYST_PA69.nii.gz,1,gamma:0.3,435849,6642039,0.061578962951898575,21243.61328125,0.04874076321721077,0.009135776199400425,3517701.0,0.5296115875244141,0.0006401104619726539,0.004887943156063557
A0_confidence_rank,confidence_rank,3,129,HCC_10076307_20130925.nii.gz,0,gamma:0.3,14673,7063215,0.0020730760879814625,24.969104766845703,0.001701704110018909,0.03878020495176315,3538920.0,0.5010352730751038,6.877710984554142e-05,0.01942449063062668
A0_confidence_rank,confidence_rank,3,130,HCC_10076307_20130925.nii.gz,1,blur:1.5,230690,6847198,0.03259305655956268,7284.2744140625,0.03157602995634079,0.11721009761095047,3531660.0,0.5157817602157593,0.001796694821678102,0.05950339511036873
A0_confidence_rank,confidence_rank,3,131,CYST_PA20.nii.gz,0,blur:1.5,7532,7070356,0.001064159208908677,8.132865905761719,0.0010797750437632203,0.2717001140117645,3538935.75,0.5005314946174622,0.0018281714292243123,0.13676413893699646
A0_confidence_rank,confidence_rank,3,132,CYST_PA20.nii.gz,1,gamma:0.3,230686,6847202,0.03259249031543732,10475.728515625,0.04541120305657387,0.0009165661176666617,3528468.75,0.5153154134750366,6.460622535087168e-05,0.0004905861569568515
A0_confidence_rank,confidence_rank,3,133,CYST_PA56.nii.gz,0,gamma:0.3,0,7077888,0.0,0.0,0.0,0.0,3538944.5,0.5000000596046448,0.0,0.0
A0_confidence_rank,confidence_rank,3,134,CYST_PA56.nii.gz,1,blur:1.5,259412,6818476,0.036651045083999634,12435.20703125,0.047936130315065384,0.033219363540410995,3526509.25,0.5171990394592285,0.0013949500862509012,0.017307156696915627
A0_confidence_rank,confidence_rank,3,135,HCC_10136895_20170421.nii.gz,0,blur:1.5,31005,7046883,0.0043805441819131374,105.49566650390625,0.003402537200599909,0.038373589515686035,3538839.25,0.502185046672821,0.012608444318175316,0.02549101784825325
A0_confidence_rank,confidence_rank,3,136,HCC_10136895_20170421.nii.gz,1,gamma:0.3,257228,6820660,0.03634247928857803,9439.25390625,0.03669605776667595,0.006580599118024111,3529505.25,0.5174726843833923,0.00020214323012623936,0.0033913711085915565
A0_confidence_rank,confidence_rank,3,137,MET_PA13.nii.gz,0,gamma:0.3,0,7077888,0.0,0.0,0.0,0.0,3538944.5,0.5000000596046448,0.0,0.0
A0_confidence_rank,confidence_rank,3,138,MET_PA13.nii.gz,1,blur:1.5,213869,6864019,0.030216500163078308,5752.94091796875,0.026899367570877075,0.016626672819256783,3533191.5,0.5147408843040466,0.0025945878587663174,0.009610630571842194
A0_confidence_rank,confidence_rank,3,139,HCC_10074592_20130816.nii.gz,0,blur:1.5,3899,7073989,0.0005508705507963896,14.086027145385742,0.003612728090956807,0.007661850191652775,3538931.0,0.5002737641334534,0.007480389438569546,0.00757111981511116
A0_confidence_rank,confidence_rank,3,140,HCC_10074592_20130816.nii.gz,1,gamma:0.3,253900,6823988,0.035872284322977066,13222.333984375,0.05207693576812744,0.005312247667461634,3525722.25,0.5166659355163574,0.0001383608760079369,0.002725304337218404
A0_confidence_rank,confidence_rank,3,141,CYST_PA19.nii.gz,0,gamma:0.3,0,7077888,0.0,0.0,0.0,0.0,3538944.5,0.5000000596046448,0.0,0.0
A0_confidence_rank,confidence_rank,3,142,CYST_PA19.nii.gz,1,blur:1.5,217747,6860141,0.030764402821660042,8968.357421875,0.04118705540895462,0.011086503975093365,3529976.0,0.5145632028579712,0.0010527352569624782,0.006069619674235582
A0_confidence_rank,confidence_rank,3,143,HEM_PA13.nii.gz,0,blur:1.5,0,7077888,0.0,0.0,0.0,0.0,3538944.5,0.5000000596046448,0.0,0.0
A0_confidence_rank,confidence_rank,3,144,HEM_PA13.nii.gz,1,gamma:0.3,345692,6732196,0.048841122537851334,14172.2685546875,0.04099680855870247,0.002168640960007906,3524772.25,0.5235694646835327,0.00026433210587128997,0.0012164865620434284
A0_confidence_rank,confidence_rank,3,145,HCC_10142924_20170911.nii.gz,0,gamma:0.3,11022,7066866,0.0015572442207485437,16.235227584838867,0.001472983742132783,0.011040653102099895,3538928.25,0.5007776021957397,0.00011079975229222327,0.0055757262744009495
A0_confidence_rank,confidence_rank,3,146,HCC_10142924_20170911.nii.gz,1,blur:1.5,179460,6898428,0.02535502053797245,11688.35546875,0.06513070315122604,0.014641847461462021,3527256.0,0.5113130211830139,0.000942612998187542,0.007792230229824781
A0_confidence_rank,confidence_rank,3,147,MET_PA25.nii.gz,0,blur:1.5,0,7077888,0.0,0.0,0.0,0.0,3538944.5,0.5000000596046448,0.0,0.0
A0_confidence_rank,confidence_rank,3,148,MET_PA25.nii.gz,1,gamma:0.3,195115,6882773,0.02756683900952339,6746.33984375,0.03457622602581978,0.0007352038519456983,3532198.25,0.5131940245628357,6.741317338310182e-05,0.00040130852721631527
A0_confidence_rank,confidence_rank,3,149,HCC_10147777_20171222.nii.gz,0,gamma:0.3,48112,7029776,0.006797507870942354,337.4471435546875,0.007013783324509859,0.004363287705928087,3538607.0,0.5033740997314453,9.110696737479884e-06,0.0021861991845071316
A0_confidence_rank,confidence_rank,3,150,HCC_10147777_20171222.nii.gz,1,blur:1.5,228868,6849020,0.032335635274648666,8984.70703125,0.03925715759396553,0.16822531819343567,3529960.0,0.5153963565826416,0.003598622977733612,0.08591197431087494
A0_confidence_rank,confidence_rank,3,151,HCC_PA0.nii.gz,0,blur:1.5,0,7077888,0.0,0.0,0.0,0.0,3538944.5,0.5000000596046448,0.0,0.0
A0_confidence_rank,confidence_rank,3,152,HCC_PA0.nii.gz,1,gamma:0.3,1135813,5942075,0.16047343611717224,188333.0,0.1658133864402771,0.0034374829847365618,3350611.5,0.5638790130615234,0.0013938971096649766,0.00241569010540843
A0_confidence_rank,confidence_rank,3,153,CYST_PA37.nii.gz,0,gamma:0.3,0,7077888,0.0,0.0,0.0,0.0,3538944.5,0.5000000596046448,0.0,0.0
A0_confidence_rank,confidence_rank,3,154,CYST_PA37.nii.gz,1,blur:1.5,202150,6875738,0.028560779988765717,6514.08544921875,0.03222401812672615,0.036327965557575226,3532430.5,0.5137529373168945,0.0005149639910086989,0.018421465530991554
A0_confidence_rank,confidence_rank,3,155,ICC_PA18.nii.gz,0,blur:1.5,0,7077888,0.0,0.0,0.0,0.0,3538944.5,0.5000000596046448,0.0,0.0
A0_confidence_rank,confidence_rank,3,156,ICC_PA18.nii.gz,1,gamma:0.3,831496,6246392,0.11747798323631287,121992.3671875,0.14671431481838226,0.0031322415452450514,3416952.0,0.5470280647277832,0.00045931970817036927,0.001795780612155795
A0_confidence_rank,confidence_rank,3,157,HCC_10081574_20140213.nii.gz,0,gamma:0.3,0,7077888,0.0,0.0,0.0,0.0,3538944.5,0.5000000596046448,1.1587635365128968e-11,1.1587635365128968e-11
A0_confidence_rank,confidence_rank,3,158,HCC_10081574_20140213.nii.gz,1,blur:1.5,217923,6859965,0.030789269134402275,10461.2939453125,0.04800454527139664,0.005475494544953108,3528483.25,0.5143588185310364,0.0014468120643869042,0.003461153246462345
A0_confidence_rank,confidence_rank,3,159,MET_PA19.nii.gz,0,blur:1.5,0,7077888,0.0,0.0,0.0,0.0,3538944.5,0.5000000596046448,0.0,0.0
A0_confidence_rank,confidence_rank,3,160,MET_PA19.nii.gz,1,gamma:0.3,183634,6894254,0.025944745168089867,4219.3125,0.022976748645305634,0.003637628396973014,3534725.25,0.5127059817314148,7.218754035420716e-05,0.0018549079541116953
A0_confidence_rank,confidence_rank,3,161,HEM_PA24.nii.gz,0,gamma:0.3,0,7077888,0.0,0.0,0.0,0.0,3538944.5,0.5000000596046448,0.0,0.0
A0_confidence_rank,confidence_rank,3,162,HEM_PA24.nii.gz,1,blur:1.5,241542,6836346,0.03412628173828125,6929.01220703125,0.02868657372891903,0.021697964519262314,3532015.5,0.516652524471283,0.0012845888268202543,0.011491276323795319
A0_confidence_rank,confidence_rank,3,163,CYST_PA74.nii.gz,0,blur:1.5,0,7077888,0.0,0.0,0.0,0.0,3538944.5,0.5000000596046448,0.0,0.0
A0_confidence_rank,confidence_rank,3,164,CYST_PA74.nii.gz,1,gamma:0.3,258931,6818957,0.03658308833837509,11661.591796875,0.04503745213150978,0.0006482806638814509,3527283.0,0.5172760486602783,7.533394091296941e-05,0.00036180729512125254
A0_confidence_rank,confidence_rank,3,165,HEM_PA34.nii.gz,0,gamma:0.3,0,7077888,0.0,0.0,0.0,0.0,3538944.5,0.5000000596046448,0.0,0.0
A0_confidence_rank,confidence_rank,3,166,HEM_PA34.nii.gz,1,blur:1.5,293538,6784350,0.04147254303097725,14137.564453125,0.048162635415792465,0.006196803878992796,3524807.0,0.5195496678352356,0.0006759024690836668,0.0034363530576229095
A0_confidence_rank,confidence_rank,3,167,FNH_PA32.nii.gz,0,blur:1.5,82806,6995082,0.011699252761900425,931.338134765625,0.01124723069369793,0.06835146248340607,3538013.0,0.5057857632637024,1.0715857570176013e-05,0.03418108820915222
A0_confidence_rank,confidence_rank,3,168,FNH_PA32.nii.gz,1,gamma:0.3,284258,6793630,0.04016141593456268,9376.482421875,0.03298581764101982,0.0022775577381253242,3529568.0,0.5195407867431641,1.4892622857587412e-05,0.0011462251422926784
A0_confidence_rank,confidence_rank,3,169,FNH_PA10.nii.gz,0,gamma:0.3,0,7077888,0.0,0.0,0.0,0.0,3538944.5,0.5000000596046448,0.0,0.0
A0_confidence_rank,confidence_rank,3,170,FNH_PA10.nii.gz,1,blur:1.5,863052,6214836,0.1219363734126091,110851.6875,0.12844149768352509,0.002374977571889758,3428093.0,0.551598310470581,0.0017189905047416687,0.0020469841547310352
A0_confidence_rank,confidence_rank,3,171,CYST_PA54.nii.gz,0,blur:1.5,84090,6993798,0.011880663223564625,1204.2921142578125,0.014321466907858849,0.030673420056700706,3537740.25,0.5058396458625793,1.6216969015658833e-05,0.015344818122684956
A0_confidence_rank,confidence_rank,3,172,CYST_PA54.nii.gz,1,gamma:0.3,231321,6846567,0.032682206481695175,7036.67822265625,0.030419539660215378,0.001183774322271347,3531907.5,0.5158654451370239,1.9771452571148984e-05,0.0006017728592269123
A0_confidence_rank,confidence_rank,3,173,CYST_PA53.nii.gz,0,gamma:0.3,256227,6821661,0.036201052367687225,10988.005859375,0.042883869260549545,0.0008441623067483306,3527956.5,0.517169713973999,1.961045927600935e-05,0.00043188637937419116
A0_confidence_rank,confidence_rank,3,174,CYST_PA53.nii.gz,1,blur:1.5,395200,6682688,0.05583586543798447,20415.50390625,0.051658663898706436,0.020238542929291725,3518529.0,0.5265140533447266,7.114705658750609e-05,0.01015484519302845
A0_confidence_rank,confidence_rank,3,175,CYST_PA38.nii.gz,0,blur:1.5,48054,7029834,0.0067893136292696,471.3070068359375,0.009807862341403961,0.038929373025894165,3538473.25,0.5033509135246277,4.145749244344188e-06,0.019466759636998177
A0_confidence_rank,confidence_rank,3,176,CYST_PA38.nii.gz,1,gamma:0.3,227620,6850268,0.03215930983424187,6472.423828125,0.02843521535396576,0.0008510570623911917,3532472.0,0.5156691670417786,1.3511823453882243e-05,0.0004322844324633479
A0_confidence_rank,confidence_rank,3,177,HEM_PA66.nii.gz,0,gamma:0.3,50026,7027862,0.007067927625030279,434.0385437011719,0.008676259778439999,0.0020865334663540125,3538510.5,0.5034974217414856,4.185385932942154e-06,0.0010453594150021672
A0_confidence_rank,confidence_rank,3,178,HEM_PA66.nii.gz,1,blur:1.5,240303,6837585,0.033951230347156525,6582.3681640625,0.027391953393816948,0.008007689379155636,3532362.0,0.5166096091270447,3.7175304896663874e-05,0.004022432491183281
A0_confidence_rank,confidence_rank,3,179,HEM_PA56.nii.gz,0,blur:1.5,84305,6993583,0.011911039240658283,890.8877563476562,0.010567436926066875,0.013885791413486004,3538053.75,0.5059000253677368,9.860309546638746e-06,0.006947825662791729
A0_confidence_rank,confidence_rank,3,180,HEM_PA56.nii.gz,1,gamma:0.3,386275,6691613,0.05457489565014839,17199.609375,0.0445268489420414,0.0014370568096637726,3521745.0,0.5262923836708069,2.9043118047411554e-05,0.0007330499356612563
A0_confidence_rank,confidence_rank,4,181,HEM_PA99.nii.gz,0,gamma:0.3,0,7077888,0.0,0.0,0.0,0.0,3538944.5,0.5000000596046448,0.0,0.0
A0_confidence_rank,confidence_rank,4,182,HEM_PA99.nii.gz,1,blur:1.5,396016,6681872,0.055951155722141266,19013.6796875,0.04801240190863609,0.025829805061221123,3519931.0,0.5267881751060486,0.0007231640047393739,0.013276484794914722
A0_confidence_rank,confidence_rank,4,183,HCC_10140276_20170721.nii.gz,0,blur:1.5,31095,7046793,0.0043932595290243626,163.19268798828125,0.005248196888715029,0.0650172159075737,3538781.25,0.5021832585334778,0.00023915842757560313,0.03262818604707718
A0_confidence_rank,confidence_rank,4,184,HCC_10140276_20170721.nii.gz,1,gamma:0.3,182908,6894980,0.025842173025012016,6179.546875,0.03378500044345856,0.002960379933938384,3532765.0,0.5123677253723145,0.00015820378030184656,0.0015592918498441577
A0_confidence_rank,confidence_rank,4,185,HEM_PA97.nii.gz,0,gamma:0.3,29498,7048390,0.004167627543210983,102.88675689697266,0.0034879231825470924,0.010895052924752235,3538841.75,0.5020779967308044,5.0830763939302415e-05,0.005472941789776087
A0_confidence_rank,confidence_rank,4,186,HEM_PA97.nii.gz,1,blur:1.5,279722,6798166,0.03952054679393768,8251.091796875,0.029497472569346428,0.11590301245450974,3530693.5,0.5193597078323364,0.002271033590659499,0.05908702313899994
A0_confidence_rank,confidence_rank,4,187,CYST_PA69.nii.gz,0,blur:1.5,0,7077888,0.0,0.0,0.0,0.0,3538944.5,0.5000000596046448,0.0,0.0
A0_confidence_rank,confidence_rank,4,188,CYST_PA69.nii.gz,1,gamma:0.3,435849,6642039,0.061578962951898575,21243.61328125,0.04874076321721077,0.007806087378412485,3517701.0,0.5296115875244141,0.0006674873875454068,0.004236787557601929
A0_confidence_rank,confidence_rank,4,189,HCC_10076307_20130925.nii.gz,0,gamma:0.3,14673,7063215,0.0020730760879814625,24.969104766845703,0.001701704110018909,0.01944577321410179,3538920.0,0.5010352730751038,0.00027338412473909557,0.009859578683972359
A0_confidence_rank,confidence_rank,4,190,HCC_10076307_20130925.nii.gz,1,blur:1.5,230690,6847198,0.03259305655956268,7284.2744140625,0.03157602995634079,0.07049312442541122,3531660.0,0.5157817602157593,0.002935132011771202,0.03671412914991379
A0_confidence_rank,confidence_rank,4,191,CYST_PA20.nii.gz,0,blur:1.5,7532,7070356,0.001064159208908677,8.132865905761719,0.0010797750437632203,0.1417522132396698,3538935.75,0.5005314946174622,0.0022665346041321754,0.07200937718153
A0_confidence_rank,confidence_rank,4,192,CYST_PA20.nii.gz,1,gamma:0.3,230686,6847202,0.03259249031543732,10475.728515625,0.04541120305657387,0.0004504676617216319,3528468.75,0.5153154134750366,0.00017371766443829983,0.00031209265580400825
A0_confidence_rank,confidence_rank,4,193,CYST_PA56.nii.gz,0,gamma:0.3,0,7077888,0.0,0.0,0.0,0.0,3538944.5,0.5000000596046448,0.0,0.0
A0_confidence_rank,confidence_rank,4,194,CYST_PA56.nii.gz,1,blur:1.5,259412,6818476,0.036651045083999634,12435.20703125,0.047936130315065384,0.012632648460566998,3526509.25,0.5171990394592285,0.00236108829267323,0.007496868260204792
A0_confidence_rank,confidence_rank,4,195,HCC_10136895_20170421.nii.gz,0,blur:1.5,31005,7046883,0.0043805441819131374,105.49566650390625,0.003402537200599909,0.028813226148486137,3538839.25,0.502185046672821,0.013097326271235943,0.020955275744199753
A0_confidence_rank,confidence_rank,4,196,HCC_10136895_20170421.nii.gz,1,gamma:0.3,257228,6820660,0.03634247928857803,9439.25390625,0.03669605776667595,0.004696917254477739,3529505.25,0.5174726843833923,0.0002014009078266099,0.0024491590447723866
A0_confidence_rank,confidence_rank,4,197,MET_PA13.nii.gz,0,gamma:0.3,0,7077888,0.0,0.0,0.0,0.0,3538944.5,0.5000000596046448,0.0,0.0
A0_confidence_rank,confidence_rank,4,198,MET_PA13.nii.gz,1,blur:1.5,213869,6864019,0.030216500163078308,5752.94091796875,0.026899367570877075,0.010776783339679241,3533191.5,0.5147408843040466,0.0037720955442637205,0.007274439558386803
A0_confidence_rank,confidence_rank,4,199,HCC_10074592_20130816.nii.gz,0,blur:1.5,3899,7073989,0.0005508705507963896,14.086027145385742,0.003612728090956807,0.00425010034814477,3538931.0,0.5002737641334534,0.009441271424293518,0.0068456856533885
A0_confidence_rank,confidence_rank,4,200,HCC_10074592_20130816.nii.gz,1,gamma:0.3,253900,6823988,0.035872284322977066,13222.333984375,0.05207693576812744,0.002958624856546521,3525722.25,0.5166659355163574,0.0002004671550821513,0.0015795460203662515
A0_confidence_rank,confidence_rank,4,201,CYST_PA19.nii.gz,0,gamma:0.3,0,7077888,0.0,0.0,0.0,0.0,3538944.5,0.5000000596046448,0.0,0.0
A0_confidence_rank,confidence_rank,4,202,CYST_PA19.nii.gz,1,blur:1.5,217747,6860141,0.030764402821660042,8968.357421875,0.04118705540895462,0.00781377125531435,3529976.0,0.5145632028579712,0.0015488159842789173,0.004681293852627277
A0_confidence_rank,confidence_rank,4,203,HEM_PA13.nii.gz,0,blur:1.5,0,7077888,0.0,0.0,0.0,0.0,3538944.5,0.5000000596046448,0.0,0.0
A0_confidence_rank,confidence_rank,4,204,HEM_PA13.nii.gz,1,gamma:0.3,345692,6732196,0.048841122537851334,14172.2685546875,0.04099680855870247,0.0013690571067854762,3524772.25,0.5235694646835327,0.0005103694275021553,0.0009397132671438158
A0_confidence_rank,confidence_rank,4,205,HCC_10142924_20170911.nii.gz,0,gamma:0.3,11022,7066866,0.0015572442207485437,16.235227584838867,0.001472983742132783,0.003070921404287219,3538928.25,0.5007776021957397,0.00014484986604657024,0.0016078855842351913
A0_confidence_rank,confidence_rank,4,206,HCC_10142924_20170911.nii.gz,1,blur:1.5,179460,6898428,0.02535502053797245,11688.35546875,0.06513070315122604,0.009316335432231426,3527256.0,0.5113130211830139,0.001373535254970193,0.005344935227185488
A0_confidence_rank,confidence_rank,4,207,MET_PA25.nii.gz,0,blur:1.5,0,7077888,0.0,0.0,0.0,0.0,3538944.5,0.5000000596046448,0.0,0.0
A0_confidence_rank,confidence_rank,4,208,MET_PA25.nii.gz,1,gamma:0.3,195115,6882773,0.02756683900952339,6746.33984375,0.03457622602581978,0.0007048731786198914,3532198.25,0.5131940245628357,0.00014120624109636992,0.0004230397171340883
A0_confidence_rank,confidence_rank,4,209,HCC_10147777_20171222.nii.gz,0,gamma:0.3,48112,7029776,0.006797507870942354,337.4471435546875,0.007013783324509859,0.0031633093021810055,3538607.0,0.5033740997314453,2.2233913114177994e-05,0.001592771615833044
A0_confidence_rank,confidence_rank,4,210,HCC_10147777_20171222.nii.gz,1,blur:1.5,228868,6849020,0.032335635274648666,8984.70703125,0.03925715759396553,0.10260114818811417,3529960.0,0.5153963565826416,0.004191594198346138,0.05339637026190758
A0_confidence_rank,confidence_rank,4,211,HCC_PA0.nii.gz,0,blur:1.5,0,7077888,0.0,0.0,0.0,0.0,3538944.5,0.5000000596046448,0.0,0.0
A0_confidence_rank,confidence_rank,4,212,HCC_PA0.nii.gz,1,gamma:0.3,1135813,5942075,0.16047343611717224,188333.0,0.1658133864402771,0.0024123096372932196,3350611.5,0.5638790130615234,0.001648038742132485,0.002030174247920513
A0_confidence_rank,confidence_rank,4,213,CYST_PA37.nii.gz,0,gamma:0.3,0,7077888,0.0,0.0,0.0,0.0,3538944.5,0.5000000596046448,0.0,0.0
A0_confidence_rank,confidence_rank,4,214,CYST_PA37.nii.gz,1,blur:1.5,202150,6875738,0.028560779988765717,6514.08544921875,0.03222401812672615,0.01711752451956272,3532430.5,0.5137529373168945,0.0011093850480392575,0.009113455191254616
A0_confidence_rank,confidence_rank,4,215,ICC_PA18.nii.gz,0,blur:1.5,0,7077888,0.0,0.0,0.0,0.0,3538944.5,0.5000000596046448,0.0,0.0
A0_confidence_rank,confidence_rank,4,216,ICC_PA18.nii.gz,1,gamma:0.3,831496,6246392,0.11747798323631287,121992.3671875,0.14671431481838226,0.002025722526013851,3416952.0,0.5470280647277832,0.0010728467023000121,0.0015492846723645926
A0_confidence_rank,confidence_rank,4,217,HCC_10081574_20140213.nii.gz,0,gamma:0.3,0,7077888,0.0,0.0,0.0,0.0,3538944.5,0.5000000596046448,0.0,0.0
A0_confidence_rank,confidence_rank,4,218,HCC_10081574_20140213.nii.gz,1,blur:1.5,217923,6859965,0.030789269134402275,10461.2939453125,0.04800454527139664,0.0030533948447555304,3528483.25,0.5143588185310364,0.0019472251879051328,0.0025003100745379925
A0_confidence_rank,confidence_rank,4,219,MET_PA19.nii.gz,0,blur:1.5,0,7077888,0.0,0.0,0.0,0.0,3538944.5,0.5000000596046448,0.0,0.0
A0_confidence_rank,confidence_rank,4,220,MET_PA19.nii.gz,1,gamma:0.3,183634,6894254,0.025944745168089867,4219.3125,0.022976748645305634,0.0010676687816157937,3534725.25,0.5127059817314148,0.0002040527033386752,0.0006358607206493616
A0_confidence_rank,confidence_rank,4,221,HEM_PA24.nii.gz,0,gamma:0.3,0,7077888,0.0,0.0,0.0,0.0,3538944.5,0.5000000596046448,0.0,0.0
A0_confidence_rank,confidence_rank,4,222,HEM_PA24.nii.gz,1,blur:1.5,241542,6836346,0.03412628173828125,6929.01220703125,0.02868657372891903,0.024387851357460022,3532015.5,0.516652524471283,0.0012026113690808415,0.01279523130506277
A0_confidence_rank,confidence_rank,4,223,CYST_PA74.nii.gz,0,blur:1.5,0,7077888,0.0,0.0,0.0,0.0,3538944.5,0.5000000596046448,0.0,0.0
A0_confidence_rank,confidence_rank,4,224,CYST_PA74.nii.gz,1,gamma:0.3,258931,6818957,0.03658308833837509,11661.591796875,0.04503745213150978,0.00030983766191639006,3527283.0,0.5172760486602783,0.0001417072198819369,0.00022577244089916348
A0_confidence_rank,confidence_rank,4,225,HEM_PA34.nii.gz,0,gamma:0.3,0,7077888,0.0,0.0,0.0,0.0,3538944.5,0.5000000596046448,0.0,0.0
A0_confidence_rank,confidence_rank,4,226,HEM_PA34.nii.gz,1,blur:1.5,293538,6784350,0.04147254303097725,14137.564453125,0.048162635415792465,0.0020904582925140858,3524807.0,0.5195496678352356,0.0013192732585594058,0.0017048658337444067
A0_confidence_rank,confidence_rank,4,227,FNH_PA32.nii.gz,0,blur:1.5,82806,6995082,0.011699252761900425,931.338134765625,0.01124723069369793,0.04017752408981323,3538013.0,0.5057857632637024,1.929119389387779e-05,0.020098406821489334
A0_confidence_rank,confidence_rank,4,228,FNH_PA32.nii.gz,1,gamma:0.3,284258,6793630,0.04016141593456268,9376.482421875,0.03298581764101982,0.0008465598803013563,3529568.0,0.5195407867431641,5.477451850310899e-05,0.00045066719758324325
A0_confidence_rank,confidence_rank,4,229,FNH_PA10.nii.gz,0,gamma:0.3,0,7077888,0.0,0.0,0.0,0.0,3538944.5,0.5000000596046448,0.0,0.0
A0_confidence_rank,confidence_rank,4,230,FNH_PA10.nii.gz,1,blur:1.5,863052,6214836,0.1219363734126091,110851.6875,0.12844149768352509,0.0014520747354254127,3428093.0,0.551598310470581,0.003309873165562749,0.00238097389228642
A0_confidence_rank,confidence_rank,4,231,CYST_PA54.nii.gz,0,blur:1.5,84090,6993798,0.011880663223564625,1204.2921142578125,0.014321466907858849,0.01489908155053854,3537740.25,0.5058396458625793,3.195148383383639e-05,0.007465516682714224
A0_confidence_rank,confidence_rank,4,232,CYST_PA54.nii.gz,1,gamma:0.3,231321,6846567,0.032682206481695175,7036.67822265625,0.030419539660215378,0.0011660876916721463,3531907.5,0.5158654451370239,3.2754571293480694e-05,0.0005994211533106863
A0_confidence_rank,confidence_rank,4,233,CYST_PA53.nii.gz,0,gamma:0.3,256227,6821661,0.036201052367687225,10988.005859375,0.042883869260549545,0.0006263726390898228,3527956.5,0.517169713973999,4.327869100961834e-05,0.00033482565777376294
A0_confidence_rank,confidence_rank,4,234,CYST_PA53.nii.gz,1,blur:1.5,395200,6682688,0.05583586543798447,20415.50390625,0.051658663898706436,0.010414056479930878,3518529.0,0.5265140533447266,0.00016718657570891082,0.005290621425956488
A0_confidence_rank,confidence_rank,4,235,CYST_PA38.nii.gz,0,blur:1.5,48054,7029834,0.0067893136292696,471.3070068359375,0.009807862341403961,0.019994240254163742,3538473.25,0.5033509135246277,7.914347406767774e-06,0.010001077316701412
A0_confidence_rank,confidence_rank,4,236,CYST_PA38.nii.gz,1,gamma:0.3,227620,6850268,0.03215930983424187,6472.423828125,0.02843521535396576,0.0007662065327167511,3532472.0,0.5156691670417786,2.9506203645723872e-05,0.0003978563763666898
A0_confidence_rank,confidence_rank,4,237,HEM_PA66.nii.gz,0,gamma:0.3,50026,7027862,0.007067927625030279,434.0385437011719,0.008676259778439999,0.001600917661562562,3538510.5,0.5034974217414856,7.958666174090467e-06,0.0008044381393119693
A0_confidence_rank,confidence_rank,4,238,HEM_PA66.nii.gz,1,blur:1.5,240303,6837585,0.033951230347156525,6582.3681640625,0.027391953393816948,0.007474592886865139,3532362.0,0.5166096091270447,5.170141957933083e-05,0.0037631471641361713
A0_confidence_rank,confidence_rank,4,239,HEM_PA56.nii.gz,0,blur:1.5,84305,6993583,0.011911039240658283,890.8877563476562,0.010567436926066875,0.006605891976505518,3538053.75,0.5059000253677368,1.905275166791398e-05,0.003312472254037857
A0_confidence_rank,confidence_rank,4,240,HEM_PA56.nii.gz,1,gamma:0.3,386275,6691613,0.05457489565014839,17199.609375,0.0445268489420414,0.0007551445160061121,3521745.0,0.5262923836708069,7.015862502157688e-05,0.0004126515705138445
A0_confidence_rank,confidence_rank,5,241,HEM_PA99.nii.gz,0,gamma:0.3,0,7077888,0.0,0.0,0.0,0.0,3538944.5,0.5000000596046448,0.0,0.0
A0_confidence_rank,confidence_rank,5,242,HEM_PA99.nii.gz,1,blur:1.5,396016,6681872,0.055951155722141266,19013.6796875,0.04801240190863609,0.01430507842451334,3519931.0,0.5267881751060486,0.0010782986646518111,0.007691688369959593
A0_confidence_rank,confidence_rank,5,243,HCC_10140276_20170721.nii.gz,0,blur:1.5,31095,7046793,0.0043932595290243626,163.19268798828125,0.005248196888715029,0.06641428172588348,3538781.25,0.5021832585334778,0.0003393491206225008,0.03337681666016579
A0_confidence_rank,confidence_rank,5,244,HCC_10140276_20170721.nii.gz,1,gamma:0.3,182908,6894980,0.025842173025012016,6179.546875,0.03378500044345856,0.00220272084698081,3532765.0,0.5123677253723145,0.0002357756602577865,0.0012192482827231288
A0_confidence_rank,confidence_rank,5,245,HEM_PA97.nii.gz,0,gamma:0.3,29498,7048390,0.004167627543210983,102.88675689697266,0.0034879231825470924,0.006090804003179073,3538841.75,0.5020779967308044,0.00010044789814855903,0.003095625899732113
A0_confidence_rank,confidence_rank,5,246,HEM_PA97.nii.gz,1,blur:1.5,279722,6798166,0.03952054679393768,8251.091796875,0.029497472569346428,0.07195873558521271,3530693.5,0.5193597078323364,0.0034153854940086603,0.03768705949187279
A0_confidence_rank,confidence_rank,5,247,CYST_PA69.nii.gz,0,blur:1.5,0,7077888,0.0,0.0,0.0,0.0,3538944.5,0.5000000596046448,0.0,0.0
A0_confidence_rank,confidence_rank,5,248,CYST_PA69.nii.gz,1,gamma:0.3,435849,6642039,0.061578962951898575,21243.61328125,0.04874076321721077,0.003828016808256507,3517701.0,0.5296115875244141,0.0015525410417467356,0.0026902789250016212
A0_confidence_rank,confidence_rank,5,249,HCC_10076307_20130925.nii.gz,0,gamma:0.3,14673,7063215,0.0020730760879814625,24.969104766845703,0.001701704110018909,0.01975352317094803,3538920.0,0.5010352730751038,0.00025320984423160553,0.010003366507589817
A0_confidence_rank,confidence_rank,5,250,HCC_10076307_20130925.nii.gz,1,blur:1.5,230690,6847198,0.03259305655956268,7284.2744140625,0.03157602995634079,0.03011750616133213,3531660.0,0.5157817602157593,0.0033645976800471544,0.016741052269935608
A0_confidence_rank,confidence_rank,5,251,CYST_PA20.nii.gz,0,blur:1.5,7532,7070356,0.001064159208908677,8.132865905761719,0.0010797750437632203,0.11711841076612473,3538935.75,0.5005314946174622,0.0026205910835415125,0.05986950173974037
A0_confidence_rank,confidence_rank,5,252,CYST_PA20.nii.gz,1,gamma:0.3,230686,6847202,0.03259249031543732,10475.728515625,0.04541120305657387,0.00043911358807235956,3528468.75,0.5153154134750366,0.0002070282062049955,0.00032307091169059277
A0_confidence_rank,confidence_rank,5,253,CYST_PA56.nii.gz,0,gamma:0.3,0,7077888,0.0,0.0,0.0,0.0,3538944.5,0.5000000596046448,0.0,0.0
A0_confidence_rank,confidence_rank,5,254,CYST_PA56.nii.gz,1,blur:1.5,259412,6818476,0.036651045083999634,12435.20703125,0.047936130315065384,0.009086685255169868,3526509.25,0.5171990394592285,0.002561293775215745,0.005823989398777485
A0_confidence_rank,confidence_rank,5,255,HCC_10136895_20170421.nii.gz,0,blur:1.5,31005,7046883,0.0043805441819131374,105.49566650390625,0.003402537200599909,0.019015736877918243,3538839.25,0.502185046672821,0.01607379876077175,0.017544768750667572
A0_confidence_rank,confidence_rank,5,256,HCC_10136895_20170421.nii.gz,1,gamma:0.3,257228,6820660,0.03634247928857803,9439.25390625,0.03669605776667595,0.004406859166920185,3529505.25,0.5174726843833923,0.00043234103941358626,0.0024196000304073095
A0_confidence_rank,confidence_rank,5,257,MET_PA13.nii.gz,0,gamma:0.3,0,7077888,0.0,0.0,0.0,0.0,3538944.5,0.5000000596046448,0.0,0.0
A0_confidence_rank,confidence_rank,5,258,MET_PA13.nii.gz,1,blur:1.5,213869,6864019,0.030216500163078308,5752.94091796875,0.026899367570877075,0.004748091567307711,3533191.5,0.5147408843040466,0.01097017340362072,0.007859132252633572
A0_confidence_rank,confidence_rank,5,259,HCC_10074592_20130816.nii.gz,0,blur:1.5,3899,7073989,0.0005508705507963896,14.086027145385742,0.003612728090956807,0.005784442648291588,3538931.0,0.5002737641334534,0.00813206471502781,0.0069582536816596985
A0_confidence_rank,confidence_rank,5,260,HCC_10074592_20130816.nii.gz,1,gamma:0.3,253900,6823988,0.035872284322977066,13222.333984375,0.05207693576812744,0.0021956609562039375,3525722.25,0.5166659355163574,0.0003291902830824256,0.0012624256778508425
A0_confidence_rank,confidence_rank,5,261,CYST_PA19.nii.gz,0,gamma:0.3,0,7077888,0.0,0.0,0.0,0.0,3538944.5,0.5000000596046448,0.0,0.0
A0_confidence_rank,confidence_rank,5,262,CYST_PA19.nii.gz,1,blur:1.5,217747,6860141,0.030764402821660042,8968.357421875,0.04118705540895462,0.004441913217306137,3529976.0,0.5145632028579712,0.0037768648471683264,0.0041093891486525536
A0_confidence_rank,confidence_rank,5,263,HEM_PA13.nii.gz,0,blur:1.5,0,7077888,0.0,0.0,0.0,0.0,3538944.5,0.5000000596046448,0.0,0.0
A0_confidence_rank,confidence_rank,5,264,HEM_PA13.nii.gz,1,gamma:0.3,345692,6732196,0.048841122537851334,14172.2685546875,0.04099680855870247,0.0010551493614912033,3524772.25,0.5235694646835327,0.0011228460352867842,0.0010889976983889937
A0_confidence_rank,confidence_rank,5,265,HCC_10142924_20170911.nii.gz,0,gamma:0.3,11022,7066866,0.0015572442207485437,16.235227584838867,0.001472983742132783,0.0022671136539429426,3538928.25,0.5007776021957397,0.00020012604363728315,0.0012336198706179857
A0_confidence_rank,confidence_rank,5,266,HCC_10142924_20170911.nii.gz,1,blur:1.5,179460,6898428,0.02535502053797245,11688.35546875,0.06513070315122604,0.0038092073518782854,3527256.0,0.5113130211830139,0.0024369838647544384,0.0031230957247316837
A0_confidence_rank,confidence_rank,5,267,MET_PA25.nii.gz,0,blur:1.5,0,7077888,0.0,0.0,0.0,0.0,3538944.5,0.5000000596046448,0.0,0.0
A0_confidence_rank,confidence_rank,5,268,MET_PA25.nii.gz,1,gamma:0.3,195115,6882773,0.02756683900952339,6746.33984375,0.03457622602581978,0.0003911122912541032,3532198.25,0.5131940245628357,0.00013020265032537282,0.00026065745623782277
A0_confidence_rank,confidence_rank,5,269,HCC_10147777_20171222.nii.gz,0,gamma:0.3,48112,7029776,0.006797507870942354,337.4471435546875,0.007013783324509859,0.003736719489097595,3538607.0,0.5033740997314453,2.5391276722075418e-05,0.001881055417470634
A0_confidence_rank,confidence_rank,5,270,HCC_10147777_20171222.nii.gz,1,blur:1.5,228868,6849020,0.032335635274648666,8984.70703125,0.03925715759396553,0.07359077036380768,3529960.0,0.5153963565826416,0.004471070598810911,0.03903092071413994
A0_confidence_rank,confidence_rank,5,271,HCC_PA0.nii.gz,0,blur:1.5,0,7077888,0.0,0.0,0.0,0.0,3538944.5,0.5000000596046448,0.0,0.0
A0_confidence_rank,confidence_rank,5,272,HCC_PA0.nii.gz,1,gamma:0.3,1135813,5942075,0.16047343611717224,188333.0,0.1658133864402771,0.0015753968618810177,3350611.5,0.5638790130615234,0.0027500547003000975,0.0021627256646752357
A0_confidence_rank,confidence_rank,5,273,CYST_PA37.nii.gz,0,gamma:0.3,0,7077888,0.0,0.0,0.0,0.0,3538944.5,0.5000000596046448,0.0,0.0
A0_confidence_rank,confidence_rank,5,274,CYST_PA37.nii.gz,1,blur:1.5,202150,6875738,0.028560779988765717,6514.08544921875,0.03222401812672615,0.009740869514644146,3532430.5,0.5137529373168945,0.002792221959680319,0.006266545504331589
A0_confidence_rank,confidence_rank,5,275,ICC_PA18.nii.gz,0,blur:1.5,0,7077888,0.0,0.0,0.0,0.0,3538944.5,0.5000000596046448,0.0,0.0
A0_confidence_rank,confidence_rank,5,276,ICC_PA18.nii.gz,1,gamma:0.3,831496,6246392,0.11747798323631287,121992.3671875,0.14671431481838226,0.0012800695840269327,3416952.0,0.5470280647277832,0.0024382176343351603,0.0018591436091810465
A0_confidence_rank,confidence_rank,5,277,HCC_10081574_20140213.nii.gz,0,gamma:0.3,0,7077888,0.0,0.0,0.0,0.0,3538944.5,0.5000000596046448,0.0012659616768360138,0.0012659616768360138
A0_confidence_rank,confidence_rank,5,278,HCC_10081574_20140213.nii.gz,1,blur:1.5,217923,6859965,0.030789269134402275,10461.2939453125,0.04800454527139664,0.0023709286469966173,3528483.25,0.5143588185310364,0.0018981685861945152,0.0021345485001802444
A0_confidence_rank,confidence_rank,5,279,MET_PA19.nii.gz,0,blur:1.5,0,7077888,0.0,0.0,0.0,0.0,3538944.5,0.5000000596046448,0.0,0.0
A0_confidence_rank,confidence_rank,5,280,MET_PA19.nii.gz,1,gamma:0.3,183634,6894254,0.025944745168089867,4219.3125,0.022976748645305634,0.0009947188664227724,3534725.25,0.5127059817314148,0.0003682754177134484,0.0006814971566200256
A0_confidence_rank,confidence_rank,5,281,HEM_PA24.nii.gz,0,gamma:0.3,0,7077888,0.0,0.0,0.0,0.0,3538944.5,0.5000000596046448,0.0,0.0
A0_confidence_rank,confidence_rank,5,282,HEM_PA24.nii.gz,1,blur:1.5,241542,6836346,0.03412628173828125,6929.01220703125,0.02868657372891903,0.01113626454025507,3532015.5,0.516652524471283,0.002035717945545912,0.006585991010069847
A0_confidence_rank,confidence_rank,5,283,CYST_PA74.nii.gz,0,blur:1.5,0,7077888,0.0,0.0,0.0,0.0,3538944.5,0.5000000596046448,0.0,0.0
A0_confidence_rank,confidence_rank,5,284,CYST_PA74.nii.gz,1,gamma:0.3,258931,6818957,0.03658308833837509,11661.591796875,0.04503745213150978,0.0002314744342584163,3527283.0,0.5172760486602783,0.0003178958722855896,0.00027468515327200294
A0_confidence_rank,confidence_rank,5,285,HEM_PA34.nii.gz,0,gamma:0.3,0,7077888,0.0,0.0,0.0,0.0,3538944.5,0.5000000596046448,0.0,0.0
A0_confidence_rank,confidence_rank,5,286,HEM_PA34.nii.gz,1,blur:1.5,293538,6784350,0.04147254303097725,14137.564453125,0.048162635415792465,0.0014214235125109553,3524807.0,0.5195496678352356,0.0016999702202156186,0.001560696866363287
A0_confidence_rank,confidence_rank,5,287,FNH_PA32.nii.gz,0,blur:1.5,82806,6995082,0.011699252761900425,931.338134765625,0.01124723069369793,0.03143236041069031,3538013.0,0.5057857632637024,3.835140523733571e-05,0.015735356137156487
A0_confidence_rank,confidence_rank,5,288,FNH_PA32.nii.gz,1,gamma:0.3,284258,6793630,0.04016141593456268,9376.482421875,0.03298581764101982,0.0008532909560017288,3529568.0,0.5195407867431641,7.838111923774704e-05,0.0004658360267058015
A0_confidence_rank,confidence_rank,5,289,FNH_PA10.nii.gz,0,gamma:0.3,0,7077888,0.0,0.0,0.0,0.0,3538944.5,0.5000000596046448,0.0,0.0
A0_confidence_rank,confidence_rank,5,290,FNH_PA10.nii.gz,1,blur:1.5,863052,6214836,0.1219363734126091,110851.6875,0.12844149768352509,0.001223206054419279,3428093.0,0.551598310470581,0.006284612696617842,0.0037539093755185604
A0_confidence_rank,confidence_rank,5,291,CYST_PA54.nii.gz,0,blur:1.5,84090,6993798,0.011880663223564625,1204.2921142578125,0.014321466907858849,0.012250462546944618,3537740.25,0.5058396458625793,4.70480190415401e-05,0.006148755084723234
A0_confidence_rank,confidence_rank,5,292,CYST_PA54.nii.gz,1,gamma:0.3,231321,6846567,0.032682206481695175,7036.67822265625,0.030419539660215378,0.0006423464510589838,3531907.5,0.5158654451370239,9.127886733040214e-05,0.00036681265919469297
A0_confidence_rank,confidence_rank,5,293,CYST_PA53.nii.gz,0,gamma:0.3,256227,6821661,0.036201052367687225,10988.005859375,0.042883869260549545,0.0007141750538721681,3527956.5,0.517169713973999,4.5710712583968416e-05,0.00037994288140907884
A0_confidence_rank,confidence_rank,5,294,CYST_PA53.nii.gz,1,blur:1.5,395200,6682688,0.05583586543798447,20415.50390625,0.051658663898706436,0.010234922170639038,3518529.0,0.5265140533447266,0.00016147208225447685,0.005198196973651648
A0_confidence_rank,confidence_rank,5,295,CYST_PA38.nii.gz,0,blur:1.5,48054,7029834,0.0067893136292696,471.3070068359375,0.009807862341403961,0.019079839810729027,3538473.25,0.5033509135246277,1.55877187353326e-05,0.00954771414399147
A0_confidence_rank,confidence_rank,5,296,CYST_PA38.nii.gz,1,gamma:0.3,227620,6850268,0.03215930983424187,6472.423828125,0.02843521535396576,0.00034810035140253603,3532472.0,0.5156691670417786,6.721054523950443e-05,0.00020765545195899904
A0_confidence_rank,confidence_rank,5,297,HEM_PA66.nii.gz,0,gamma:0.3,50026,7027862,0.007067927625030279,434.0385437011719,0.008676259778439999,0.0009283724939450622,3538510.5,0.5034974217414856,1.803588202164974e-05,0.00047320418525487185
A0_confidence_rank,confidence_rank,5,298,HEM_PA66.nii.gz,1,blur:1.5,240303,6837585,0.033951230347156525,6582.3681640625,0.027391953393816948,0.003823160193860531,3532362.0,0.5166096091270447,8.710458496352658e-05,0.0019551324658095837
A0_confidence_rank,confidence_rank,5,299,HEM_PA56.nii.gz,0,blur:1.5,84305,6993583,0.011911039240658283,890.8877563476562,0.010567436926066875,0.00408976012840867,3538053.75,0.5059000253677368,2.7614421924226917e-05,0.002058687387034297
A0_confidence_rank,confidence_rank,5,300,HEM_PA56.nii.gz,1,gamma:0.3,386275,6691613,0.05457489565014839,17199.609375,0.0445268489420414,0.0005294920993037522,3521745.0,0.5262923836708069,7.398213347187266e-05,0.000301737105473876
A1_world_pairwise,world_pairwise,1,1,HEM_PA99.nii.gz,0,gamma:0.3,0,7077888,0.0,0.0,0.0,0.0,3538943.5,0.4999999403953552,0.0,0.0
A1_world_pairwise,world_pairwise,1,2,HEM_PA99.nii.gz,1,blur:1.5,396016,6681872,0.055951155722141266,46993.02734375,0.1186644658446312,0.05822227522730827,3491950.5,0.5226006507873535,0.0008677967125549912,0.02954503521323204
A1_world_pairwise,world_pairwise,1,3,HCC_10140276_20170721.nii.gz,0,blur:1.5,31095,7046793,0.0043932595290243626,315.52691650390625,0.01014719158411026,2.9249653816223145,3538628.0,0.5021615028381348,7.870499393902719e-05,1.462522029876709
A1_world_pairwise,world_pairwise,1,4,HCC_10140276_20170721.nii.gz,1,gamma:0.3,182908,6894980,0.025842173025012016,4559.4814453125,0.024927731603384018,0.2322780340909958,3534384.0,0.5126025080680847,0.00017326994566246867,0.11622565239667892
A1_world_pairwise,world_pairwise,1,5,HEM_PA97.nii.gz,0,gamma:0.3,29498,7048390,0.004167627543210983,151.93206787109375,0.005150588694959879,24.76461410522461,3538791.5,0.5020709037780762,1.6297465800077434e-16,12.382307052612305
A1_world_pairwise,world_pairwise,1,6,HEM_PA97.nii.gz,1,blur:1.5,279722,6798166,0.03952054679393768,8671.908203125,0.031001882627606392,1.2644225358963013,3530271.5,0.5192975997924805,0.00017493042105343193,0.6322987079620361
A1_world_pairwise,world_pairwise,1,7,CYST_PA69.nii.gz,0,blur:1.5,0,7077888,0.0,0.0,0.0,0.0,3538943.5,0.4999999403953552,0.0,0.0
A1_world_pairwise,world_pairwise,1,8,CYST_PA69.nii.gz,1,gamma:0.3,435849,6642039,0.061578962951898575,36552.5,0.08386505395174026,0.029988598078489304,3502391.0,0.5273066163063049,0.0010115274926647544,0.015500063076615334
A1_world_pairwise,world_pairwise,1,9,HCC_10076307_20130925.nii.gz,0,gamma:0.3,14673,7063215,0.0020730760879814625,39.891441345214844,0.0027186970692127943,0.9642590284347534,3538903.5,0.5010329484939575,2.1555129933403805e-05,0.48214030265808105
A1_world_pairwise,world_pairwise,1,10,HCC_10076307_20130925.nii.gz,1,blur:1.5,230690,6847198,0.03259305655956268,6219.9970703125,0.026962578296661377,0.4262404441833496,3532723.5,0.515937089920044,0.002064424566924572,0.21415244042873383
A1_world_pairwise,world_pairwise,1,11,CYST_PA20.nii.gz,0,blur:1.5,7532,7070356,0.001064159208908677,184.90977478027344,0.02454989030957222,0.7191128134727478,3538758.5,0.5005064010620117,0.0015048555796965957,0.36030882596969604
A1_world_pairwise,world_pairwise,1,12,CYST_PA20.nii.gz,1,gamma:0.3,230686,6847202,0.03259249031543732,13663.71484375,0.05923079326748848,0.016206488013267517,3525279.75,0.5148496627807617,0.00014167060726322234,0.008174079470336437
A1_world_pairwise,world_pairwise,1,13,CYST_PA56.nii.gz,0,gamma:0.3,0,7077888,0.0,0.0,0.0,0.0,3538943.5,0.4999999403953552,0.0,0.0
A1_world_pairwise,world_pairwise,1,14,CYST_PA56.nii.gz,1,blur:1.5,259412,6818476,0.036651045083999634,11297.291015625,0.04354960843920708,0.19145983457565308,3527646.25,0.5173658132553101,0.0009414267842657864,0.09620063006877899
A1_world_pairwise,world_pairwise,1,15,HCC_10136895_20170421.nii.gz,0,blur:1.5,31005,7046883,0.0043805441819131374,1048.1015625,0.0338042750954628,0.5204328298568726,3537895.5,0.5020511150360107,0.00781579315662384,0.2641243040561676
A1_world_pairwise,world_pairwise,1,16,HCC_10136895_20170421.nii.gz,1,gamma:0.3,257228,6820660,0.03634247928857803,12111.0546875,0.04708295315504074,0.07259223610162735,3526832.5,0.5170807838439941,0.00037163557135500014,0.036481935530900955
A1_world_pairwise,world_pairwise,1,17,MET_PA13.nii.gz,0,gamma:0.3,0,7077888,0.0,0.0,0.0,0.0,3538943.5,0.4999999403953552,0.0,0.0
A1_world_pairwise,world_pairwise,1,18,MET_PA13.nii.gz,1,blur:1.5,213869,6864019,0.030216500163078308,8861.8203125,0.041435740888118744,0.16882911324501038,3530081.5,0.5142878293991089,0.0010916772298514843,0.08496039360761642
A1_world_pairwise,world_pairwise,1,19,HCC_10074592_20130816.nii.gz,0,blur:1.5,3899,7073989,0.0005508705507963896,28.816486358642578,0.007390737999230623,0.9030057787895203,3538914.75,0.5002714395523071,0.005559258628636599,0.4542825222015381
A1_world_pairwise,world_pairwise,1,20,HCC_10074592_20130816.nii.gz,1,gamma:0.3,253900,6823988,0.035872284322977066,27101.84765625,0.10674221813678741,0.012406916357576847,3511841.5,0.5146318674087524,0.0002539358101785183,0.006330425851047039
A1_world_pairwise,world_pairwise,1,21,CYST_PA19.nii.gz,0,gamma:0.3,0,7077888,0.0,0.0,0.0,0.0,3538943.5,0.4999999403953552,0.0,0.0
A1_world_pairwise,world_pairwise,1,22,CYST_PA19.nii.gz,1,blur:1.5,217747,6860141,0.030764402821660042,14790.138671875,0.06792350113391876,0.05948420614004135,3524153.5,0.5137144327163696,0.0015855251112952828,0.030534865334630013
A1_world_pairwise,world_pairwise,1,23,HEM_PA13.nii.gz,0,blur:1.5,0,7077888,0.0,0.0,0.0,0.0,3538943.5,0.4999999403953552,0.0,0.0
A1_world_pairwise,world_pairwise,1,24,HEM_PA13.nii.gz,1,gamma:0.3,345692,6732196,0.048841122537851334,14898.2998046875,0.043097034096717834,0.028471479192376137,3524045.25,0.5234614610671997,0.0005099917761981487,0.014490735717117786
A1_world_pairwise,world_pairwise,1,25,HCC_10142924_20170911.nii.gz,0,gamma:0.3,11022,7066866,0.0015572442207485437,60.40468978881836,0.005480374675244093,0.1323893666267395,3538883.0,0.500771164894104,0.00016889272956177592,0.06627912819385529
A1_world_pairwise,world_pairwise,1,26,HCC_10142924_20170911.nii.gz,1,blur:1.5,179460,6898428,0.02535502053797245,7809.24365234375,0.04351523518562317,0.26209864020347595,3531134.25,0.5118752121925354,0.0010391341056674719,0.13156889379024506
A1_world_pairwise,world_pairwise,1,27,MET_PA25.nii.gz,0,blur:1.5,0,7077888,0.0,0.0,0.0,0.0,3538943.5,0.4999999403953552,0.0,0.0
A1_world_pairwise,world_pairwise,1,28,MET_PA25.nii.gz,1,gamma:0.3,195115,6882773,0.02756683900952339,15787.39453125,0.08091328293085098,0.016114341095089912,3523156.0,0.5118802785873413,0.00014605026808567345,0.008130195550620556
A1_world_pairwise,world_pairwise,1,29,HCC_10147777_20171222.nii.gz,0,gamma:0.3,48112,7029776,0.006797507870942354,685.155029296875,0.014240833930671215,0.39132097363471985,3538258.5,0.5033245086669922,4.742442979477346e-05,0.19568419456481934
A1_world_pairwise,world_pairwise,1,30,HCC_10147777_20171222.nii.gz,1,blur:1.5,228868,6849020,0.032335635274648666,6420.3046875,0.0280524343252182,0.7485975623130798,3532523.0,0.5157705545425415,0.0005669254460372031,0.3745822310447693
A1_world_pairwise,world_pairwise,1,31,HCC_PA0.nii.gz,0,blur:1.5,0,7077888,0.0,0.0,0.0,0.0,3538943.5,0.4999999403953552,0.0,0.0
A1_world_pairwise,world_pairwise,1,32,HCC_PA0.nii.gz,1,gamma:0.3,1135813,5942075,0.16047343611717224,233705.40625,0.20576046407222748,0.00836146716028452,3305238.25,0.5562431216239929,0.0008980816346593201,0.004629774484783411
A1_world_pairwise,world_pairwise,1,33,CYST_PA37.nii.gz,0,gamma:0.3,0,7077888,0.0,0.0,0.0,0.0,3538943.5,0.4999999403953552,0.0,0.0
A1_world_pairwise,world_pairwise,1,34,CYST_PA37.nii.gz,1,blur:1.5,202150,6875738,0.028560779988765717,6388.48046875,0.03160267323255539,0.2565633952617645,3532555.0,0.5137709975242615,0.0007111498271115124,0.12863726913928986
A1_world_pairwise,world_pairwise,1,35,ICC_PA18.nii.gz,0,blur:1.5,0,7077888,0.0,0.0,0.0,0.0,3538943.5,0.4999999403953552,0.0,0.0
A1_world_pairwise,world_pairwise,1,36,ICC_PA18.nii.gz,1,gamma:0.3,831496,6246392,0.11747798323631287,111593.1015625,0.134207621216774,0.012137055397033691,3427350.5,0.5486928224563599,0.0007659531547687948,0.0064515043050050735
A1_world_pairwise,world_pairwise,1,37,HCC_10081574_20140213.nii.gz,0,gamma:0.3,0,7077888,0.0,0.0,0.0,0.0,3538943.5,0.4999999403953552,0.0,0.0
A1_world_pairwise,world_pairwise,1,38,HCC_10081574_20140213.nii.gz,1,blur:1.5,217923,6859965,0.030789269134402275,24412.60546875,0.11202400177717209,0.03433341905474663,3514531.0,0.5123249292373657,0.0018450216157361865,0.01808921992778778
A1_world_pairwise,world_pairwise,1,39,MET_PA19.nii.gz,0,blur:1.5,0,7077888,0.0,0.0,0.0,0.0,3538943.5,0.4999999403953552,0.0,0.0
A1_world_pairwise,world_pairwise,1,40,MET_PA19.nii.gz,1,gamma:0.3,183634,6894254,0.025944745168089867,4251.65625,0.023152880370616913,0.07174340635538101,3534692.0,0.512701153755188,0.0001632154599064961,0.03595330938696861
A1_world_pairwise,world_pairwise,1,41,HEM_PA24.nii.gz,0,gamma:0.3,0,7077888,0.0,0.0,0.0,0.0,3538943.5,0.4999999403953552,0.0,0.0
A1_world_pairwise,world_pairwise,1,42,HEM_PA24.nii.gz,1,blur:1.5,241542,6836346,0.03412628173828125,15455.71875,0.06398770958185196,0.11631203442811966,3523487.75,0.5154051184654236,0.0006259895744733512,0.0584690123796463
A1_world_pairwise,world_pairwise,1,43,CYST_PA74.nii.gz,0,blur:1.5,0,7077888,0.0,0.0,0.0,0.0,3538943.5,0.4999999403953552,0.0,0.0
A1_world_pairwise,world_pairwise,1,44,CYST_PA74.nii.gz,1,gamma:0.3,258931,6818957,0.03658308833837509,21137.8515625,0.08163508027791977,0.00966908223927021,3517805.75,0.5158861875534058,0.00020796858007088304,0.00493852561339736
A1_world_pairwise,world_pairwise,1,45,HEM_PA34.nii.gz,0,gamma:0.3,0,7077888,0.0,0.0,0.0,0.0,3538943.5,0.4999999403953552,0.0,0.0
A1_world_pairwise,world_pairwise,1,46,HEM_PA34.nii.gz,1,blur:1.5,293538,6784350,0.04147254303097725,23292.2109375,0.07934989780187607,0.022928236052393913,3515651.25,0.518200159072876,0.00265853526070714,0.012793385423719883
A1_world_pairwise,world_pairwise,1,47,FNH_PA32.nii.gz,0,blur:1.5,82806,6995082,0.011699252761900425,929.2833251953125,0.0112224156036973,0.22789455950260162,3538014.0,0.5057858824729919,9.098552982322872e-05,0.11399277299642563
A1_world_pairwise,world_pairwise,1,48,FNH_PA32.nii.gz,1,gamma:0.3,284258,6793630,0.04016141593456268,9192.279296875,0.03233780339360237,0.022766582667827606,3529751.25,0.5195677876472473,4.638779137167148e-05,0.011406484991312027
A1_world_pairwise,world_pairwise,1,49,FNH_PA10.nii.gz,0,gamma:0.3,0,7077888,0.0,0.0,0.0,0.0,3538943.5,0.4999999403953552,0.0,0.0
A1_world_pairwise,world_pairwise,1,50,FNH_PA10.nii.gz,1,blur:1.5,863052,6214836,0.1219363734126091,102486.40625,0.11874882131814957,0.0073114666156470776,3436457.25,0.5529441237449646,0.002790148602798581,0.005050807725638151
A1_world_pairwise,world_pairwise,1,51,CYST_PA54.nii.gz,0,blur:1.5,84090,6993798,0.011880663223564625,976.3438110351562,0.011610700748860836,0.3890956938266754,3537967.25,0.5058720707893372,4.7438195906579494e-05,0.1945715695619583
A1_world_pairwise,world_pairwise,1,52,CYST_PA54.nii.gz,1,gamma:0.3,231321,6846567,0.032682206481695175,7679.634765625,0.03319903835654259,0.01706625334918499,3531263.75,0.5157714486122131,9.997028246289119e-05,0.008583111688494682
A1_world_pairwise,world_pairwise,1,53,CYST_PA53.nii.gz,0,gamma:0.3,256227,6821661,0.036201052367687225,10742.318359375,0.04192500188946724,0.00731995003297925,3528201.0,0.517205536365509,9.246446279576048e-05,0.0037062072660773993
A1_world_pairwise,world_pairwise,1,54,CYST_PA53.nii.gz,1,blur:1.5,395200,6682688,0.05583586543798447,20610.1484375,0.052151184529066086,0.05327805504202843,3518333.5,0.5264847874641418,0.00022441295732278377,0.026751233264803886
A1_world_pairwise,world_pairwise,1,55,CYST_PA38.nii.gz,0,blur:1.5,48054,7029834,0.0067893136292696,651.4760131835938,0.01355716586112976,0.19322152435779572,3538292.0,0.5033251047134399,2.629223672556691e-05,0.09662390500307083
A1_world_pairwise,world_pairwise,1,56,CYST_PA38.nii.gz,1,gamma:0.3,227620,6850268,0.03215930983424187,6529.5556640625,0.02868621051311493,0.006176568102091551,3532414.0,0.5156607031822205,7.359757728409022e-05,0.0031250829342752695
A1_world_pairwise,world_pairwise,1,57,HEM_PA66.nii.gz,0,gamma:0.3,50026,7027862,0.007067927625030279,479.9033203125,0.009593077935278416,0.02740524709224701,3538463.5,0.5034907460212708,9.058544674189761e-05,0.01374791655689478
A1_world_pairwise,world_pairwise,1,58,HEM_PA66.nii.gz,1,blur:1.5,240303,6837585,0.033951230347156525,6830.3447265625,0.028423884883522987,0.05581467226147652,3532113.25,0.5165732502937317,0.000129373962408863,0.0279720239341259
A1_world_pairwise,world_pairwise,1,59,HEM_PA56.nii.gz,0,blur:1.5,84305,6993583,0.011911039240658283,762.3397827148438,0.009042640216648579,0.13318364322185516,3538181.0,0.5059182047843933,4.996342249796726e-05,0.06661680340766907
A1_world_pairwise,world_pairwise,1,60,HEM_PA56.nii.gz,1,gamma:0.3,386275,6691613,0.05457489565014839,22954.4296875,0.059425096958875656,0.005385632626712322,3515989.0,0.5254321694374084,9.729809244163334e-05,0.0027414653450250626
A1_world_pairwise,world_pairwise,2,61,HEM_PA99.nii.gz,0,gamma:0.3,0,7077888,0.0,0.0,0.0,0.0,3538943.5,0.4999999403953552,0.0,0.0
A1_world_pairwise,world_pairwise,2,62,HEM_PA99.nii.gz,1,blur:1.5,396016,6681872,0.055951155722141266,46993.02734375,0.1186644658446312,0.05227907374501228,3491950.5,0.5226006507873535,0.0011711153201758862,0.02672509476542473
A1_world_pairwise,world_pairwise,2,63,HCC_10140276_20170721.nii.gz,0,blur:1.5,31095,7046793,0.0043932595290243626,315.52691650390625,0.01014719158411026,2.0556418895721436,3538628.0,0.5021615028381348,9.398520342074335e-05,1.0278679132461548
A1_world_pairwise,world_pairwise,2,64,HCC_10140276_20170721.nii.gz,1,gamma:0.3,182908,6894980,0.025842173025012016,4559.4814453125,0.024927731603384018,0.1029580608010292,3534384.0,0.5126025080680847,0.00037294873618520796,0.05166550353169441
A1_world_pairwise,world_pairwise,2,65,HEM_PA97.nii.gz,0,gamma:0.3,29498,7048390,0.004167627543210983,151.93206787109375,0.005150588694959879,4.682348251342773,3538791.5,0.5020709037780762,1.4267592632677406e-05,2.3411812782287598
A1_world_pairwise,world_pairwise,2,66,HEM_PA97.nii.gz,1,blur:1.5,279722,6798166,0.03952054679393768,8671.908203125,0.031001882627606392,0.5448461174964905,3530271.5,0.5192975997924805,0.0008659419836476445,0.2728560268878937
A1_world_pairwise,world_pairwise,2,67,CYST_PA69.nii.gz,0,blur:1.5,0,7077888,0.0,0.0,0.0,0.0,3538943.5,0.4999999403953552,0.0,0.0
A1_world_pairwise,world_pairwise,2,68,CYST_PA69.nii.gz,1,gamma:0.3,435849,6642039,0.061578962951898575,36552.5,0.08386505395174026,0.018362248316407204,3502391.0,0.5273066163063049,0.0018272795714437962,0.010094763711094856
A1_world_pairwise,world_pairwise,2,69,HCC_10076307_20130925.nii.gz,0,gamma:0.3,14673,7063215,0.0020730760879814625,39.891441345214844,0.0027186970692127943,0.14462773501873016,3538903.5,0.5010329484939575,0.0001724174799164757,0.07240007817745209
A1_world_pairwise,world_pairwise,2,70,HCC_10076307_20130925.nii.gz,1,blur:1.5,230690,6847198,0.03259305655956268,6219.9970703125,0.026962578296661377,0.24394544959068298,3532723.5,0.515937089920044,0.0032848322298377752,0.12361513823270798
A1_world_pairwise,world_pairwise,2,71,CYST_PA20.nii.gz,0,blur:1.5,7532,7070356,0.001064159208908677,184.90977478027344,0.02454989030957222,0.270060271024704,3538758.5,0.5005064010620117,0.0024341598618775606,0.13624721765518188
A1_world_pairwise,world_pairwise,2,72,CYST_PA20.nii.gz,1,gamma:0.3,230686,6847202,0.03259249031543732,13663.71484375,0.05923079326748848,0.007719402201473713,3525279.75,0.5148496627807617,0.0003915555716957897,0.004055479075759649
A1_world_pairwise,world_pairwise,2,73,CYST_PA56.nii.gz,0,gamma:0.3,0,7077888,0.0,0.0,0.0,0.0,3538943.5,0.4999999403953552,0.0,0.0
A1_world_pairwise,world_pairwise,2,74,CYST_PA56.nii.gz,1,blur:1.5,259412,6818476,0.036651045083999634,11297.291015625,0.04354960843920708,0.10660099983215332,3527646.25,0.5173658132553101,0.0023264652118086815,0.05446373298764229
A1_world_pairwise,world_pairwise,2,75,HCC_10136895_20170421.nii.gz,0,blur:1.5,31005,7046883,0.0043805441819131374,1048.1015625,0.0338042750954628,0.1998106986284256,3537895.5,0.5020511150360107,0.014891762286424637,0.10735122859477997
A1_world_pairwise,world_pairwise,2,76,HCC_10136895_20170421.nii.gz,1,gamma:0.3,257228,6820660,0.03634247928857803,12111.0546875,0.04708295315504074,0.014703784137964249,3526832.5,0.5170807838439941,0.0017474994529038668,0.008225642144680023
A1_world_pairwise,world_pairwise,2,77,MET_PA13.nii.gz,0,gamma:0.3,0,7077888,0.0,0.0,0.0,0.0,3538943.5,0.4999999403953552,0.0,0.0
A1_world_pairwise,world_pairwise,2,78,MET_PA13.nii.gz,1,blur:1.5,213869,6864019,0.030216500163078308,8861.8203125,0.041435740888118744,0.05327240377664566,3530081.5,0.5142878293991089,0.003977493848651648,0.028624948114156723
A1_world_pairwise,world_pairwise,2,79,HCC_10074592_20130816.nii.gz,0,blur:1.5,3899,7073989,0.0005508705507963896,28.816486358642578,0.007390737999230623,0.9346513748168945,3538914.75,0.5002714395523071,0.007050235755741596,0.47085079550743103
A1_world_pairwise,world_pairwise,2,80,HCC_10074592_20130816.nii.gz,1,gamma:0.3,253900,6823988,0.035872284322977066,27101.84765625,0.10674221813678741,0.005140471737831831,3511841.5,0.5146318674087524,0.0007711004000157118,0.0029557859525084496
A1_world_pairwise,world_pairwise,2,81,CYST_PA19.nii.gz,0,gamma:0.3,0,7077888,0.0,0.0,0.0,0.0,3538943.5,0.4999999403953552,0.0,0.0
A1_world_pairwise,world_pairwise,2,82,CYST_PA19.nii.gz,1,blur:1.5,217747,6860141,0.030764402821660042,14790.138671875,0.06792350113391876,0.01952354796230793,3524153.5,0.5137144327163696,0.004025074187666178,0.01177431084215641
A1_world_pairwise,world_pairwise,2,83,HEM_PA13.nii.gz,0,blur:1.5,0,7077888,0.0,0.0,0.0,0.0,3538943.5,0.4999999403953552,0.0,0.0
A1_world_pairwise,world_pairwise,2,84,HEM_PA13.nii.gz,1,gamma:0.3,345692,6732196,0.048841122537851334,14898.2998046875,0.043097034096717834,0.006201456766575575,3524045.25,0.5234614610671997,0.0020257553551346064,0.0041136061772704124
A1_world_pairwise,world_pairwise,2,85,HCC_10142924_20170911.nii.gz,0,gamma:0.3,11022,7066866,0.0015572442207485437,60.40468978881836,0.005480374675244093,0.06371168047189713,3538883.0,0.500771164894104,0.0006896108388900757,0.0322006456553936
A1_world_pairwise,world_pairwise,2,86,HCC_10142924_20170911.nii.gz,1,blur:1.5,179460,6898428,0.02535502053797245,7809.24365234375,0.04351523518562317,0.07449489086866379,3531134.25,0.5118752121925354,0.004125844221562147,0.03931036591529846
A1_world_pairwise,world_pairwise,2,87,MET_PA25.nii.gz,0,blur:1.5,0,7077888,0.0,0.0,0.0,0.0,3538943.5,0.4999999403953552,0.0,0.0
A1_world_pairwise,world_pairwise,2,88,MET_PA25.nii.gz,1,gamma:0.3,195115,6882773,0.02756683900952339,15787.39453125,0.08091328293085098,0.004329293500632048,3523156.0,0.5118802785873413,0.0006979251047596335,0.0025136093609035015
A1_world_pairwise,world_pairwise,2,89,HCC_10147777_20171222.nii.gz,0,gamma:0.3,48112,7029776,0.006797507870942354,685.155029296875,0.014240833930671215,0.05102648213505745,3538258.5,0.5033245086669922,0.0007738634594716132,0.02590017206966877
A1_world_pairwise,world_pairwise,2,90,HCC_10147777_20171222.nii.gz,1,blur:1.5,228868,6849020,0.032335635274648666,6420.3046875,0.0280524343252182,0.3608776330947876,3532523.0,0.5157705545425415,0.0017603106098249555,0.1813189685344696
A1_world_pairwise,world_pairwise,2,91,HCC_PA0.nii.gz,0,blur:1.5,0,7077888,0.0,0.0,0.0,0.0,3538943.5,0.4999999403953552,0.0,0.0
A1_world_pairwise,world_pairwise,2,92,HCC_PA0.nii.gz,1,gamma:0.3,1135813,5942075,0.16047343611717224,233705.40625,0.20576046407222748,0.0031189089640975,3305238.25,0.5562431216239929,0.003419429762288928,0.0032691694796085358
A1_world_pairwise,world_pairwise,2,93,CYST_PA37.nii.gz,0,gamma:0.3,0,7077888,0.0,0.0,0.0,0.0,3538943.5,0.4999999403953552,0.0,0.0
A1_world_pairwise,world_pairwise,2,94,CYST_PA37.nii.gz,1,blur:1.5,202150,6875738,0.028560779988765717,6388.48046875,0.03160267323255539,0.06825575232505798,3532555.0,0.5137709975242615,0.0031396455597132444,0.03569769859313965
A1_world_pairwise,world_pairwise,2,95,ICC_PA18.nii.gz,0,blur:1.5,0,7077888,0.0,0.0,0.0,0.0,3538943.5,0.4999999403953552,0.0,0.0
A1_world_pairwise,world_pairwise,2,96,ICC_PA18.nii.gz,1,gamma:0.3,831496,6246392,0.11747798323631287,111593.1015625,0.134207621216774,0.0036902737338095903,3427350.5,0.5486928224563599,0.0033852048218250275,0.003537739161401987
A1_world_pairwise,world_pairwise,2,97,HCC_10081574_20140213.nii.gz,0,gamma:0.3,0,7077888,0.0,0.0,0.0,0.0,3538943.5,0.4999999403953552,0.0027284256648272276,0.0027284256648272276
A1_world_pairwise,world_pairwise,2,98,HCC_10081574_20140213.nii.gz,1,blur:1.5,217923,6859965,0.030789269134402275,24412.60546875,0.11202400177717209,0.012527202256023884,3514531.0,0.5123249292373657,0.004137526266276836,0.00833236426115036
A1_world_pairwise,world_pairwise,2,99,MET_PA19.nii.gz,0,blur:1.5,0,7077888,0.0,0.0,0.0,0.0,3538943.5,0.4999999403953552,0.0,0.0
A1_world_pairwise,world_pairwise,2,100,MET_PA19.nii.gz,1,gamma:0.3,183634,6894254,0.025944745168089867,4251.65625,0.023152880370616913,0.007547796703875065,3534692.0,0.512701153755188,0.001413386664353311,0.004480591509491205
A1_world_pairwise,world_pairwise,2,101,HEM_PA24.nii.gz,0,gamma:0.3,0,7077888,0.0,0.0,0.0,0.0,3538943.5,0.4999999403953552,0.0,0.0
A1_world_pairwise,world_pairwise,2,102,HEM_PA24.nii.gz,1,blur:1.5,241542,6836346,0.03412628173828125,15455.71875,0.06398770958185196,0.03914688155055046,3523487.75,0.5154051184654236,0.002213084604591131,0.020679982379078865
A1_world_pairwise,world_pairwise,2,103,CYST_PA74.nii.gz,0,blur:1.5,0,7077888,0.0,0.0,0.0,0.0,3538943.5,0.4999999403953552,0.0,0.0
A1_world_pairwise,world_pairwise,2,104,CYST_PA74.nii.gz,1,gamma:0.3,258931,6818957,0.03658308833837509,21137.8515625,0.08163508027791977,0.0019589096773415804,3517805.75,0.5158861875534058,0.0014903724659234285,0.0017246410716325045
A1_world_pairwise,world_pairwise,2,105,HEM_PA34.nii.gz,0,gamma:0.3,0,7077888,0.0,0.0,0.0,0.0,3538943.5,0.4999999403953552,0.0,0.0
A1_world_pairwise,world_pairwise,2,106,HEM_PA34.nii.gz,1,blur:1.5,293538,6784350,0.04147254303097725,23292.2109375,0.07934989780187607,0.011281391605734825,3515651.25,0.518200159072876,0.004669005051255226,0.007975198328495026
A1_world_pairwise,world_pairwise,2,107,FNH_PA32.nii.gz,0,blur:1.5,82806,6995082,0.011699252761900425,929.2833251953125,0.0112224156036973,0.05681191384792328,3538014.0,0.5057858824729919,0.00023336698359344155,0.028522640466690063
A1_world_pairwise,world_pairwise,2,108,FNH_PA32.nii.gz,1,gamma:0.3,284258,6793630,0.04016141593456268,9192.279296875,0.03233780339360237,0.004635124932974577,3529751.25,0.5195677876472473,0.0003228698333259672,0.002478997455909848
A1_world_pairwise,world_pairwise,2,109,FNH_PA10.nii.gz,0,gamma:0.3,0,7077888,0.0,0.0,0.0,0.0,3538943.5,0.4999999403953552,0.0,0.0
A1_world_pairwise,world_pairwise,2,110,FNH_PA10.nii.gz,1,blur:1.5,863052,6214836,0.1219363734126091,102486.40625,0.11874882131814957,0.0032382647041231394,3436457.25,0.5529441237449646,0.009676164016127586,0.006457214243710041
A1_world_pairwise,world_pairwise,2,111,CYST_PA54.nii.gz,0,blur:1.5,84090,6993798,0.011880663223564625,976.3438110351562,0.011610700748860836,0.1281268149614334,3537967.25,0.5058720707893372,0.00017141446005553007,0.06414911150932312
A1_world_pairwise,world_pairwise,2,112,CYST_PA54.nii.gz,1,gamma:0.3,231321,6846567,0.032682206481695175,7679.634765625,0.03319903835654259,0.004668482579290867,3531263.75,0.5157714486122131,0.0005038321251049638,0.0025861572939902544
A1_world_pairwise,world_pairwise,2,113,CYST_PA53.nii.gz,0,gamma:0.3,256227,6821661,0.036201052367687225,10742.318359375,0.04192500188946724,0.0014733851421624422,3528201.0,0.517205536365509,0.00043634476605802774,0.000954864954110235
A1_world_pairwise,world_pairwise,2,114,CYST_PA53.nii.gz,1,blur:1.5,395200,6682688,0.05583586543798447,20610.1484375,0.052151184529066086,0.03551667183637619,3518333.5,0.5264847874641418,0.0003918431466445327,0.017954258248209953
A1_world_pairwise,world_pairwise,2,115,CYST_PA38.nii.gz,0,blur:1.5,48054,7029834,0.0067893136292696,651.4760131835938,0.01355716586112976,0.11017324775457382,3538292.0,0.5033251047134399,9.516982390778139e-05,0.055134207010269165
A1_world_pairwise,world_pairwise,2,116,CYST_PA38.nii.gz,1,gamma:0.3,227620,6850268,0.03215930983424187,6529.5556640625,0.02868621051311493,0.0029146678280085325,3532414.0,0.5156607031822205,0.0002476121881045401,0.0015811399789527059
A1_world_pairwise,world_pairwise,2,117,HEM_PA66.nii.gz,0,gamma:0.3,50026,7027862,0.007067927625030279,479.9033203125,0.009593077935278416,0.014651036821305752,3538463.5,0.5034907460212708,0.00016603078984189779,0.007408533710986376
A1_world_pairwise,world_pairwise,2,118,HEM_PA66.nii.gz,1,blur:1.5,240303,6837585,0.033951230347156525,6830.3447265625,0.028423884883522987,0.03063935786485672,3532113.25,0.5165732502937317,0.00029559587710537016,0.015467477031052113
A1_world_pairwise,world_pairwise,2,119,HEM_PA56.nii.gz,0,blur:1.5,84305,6993583,0.011911039240658283,762.3397827148438,0.009042640216648579,0.0494748055934906,3538181.0,0.5059182047843933,0.00016098532069008797,0.024817895144224167
A1_world_pairwise,world_pairwise,2,120,HEM_PA56.nii.gz,1,gamma:0.3,386275,6691613,0.05457489565014839,22954.4296875,0.059425096958875656,0.0019793312530964613,3515989.0,0.5254321694374084,0.00035316808498464525,0.0011662496253848076
A1_world_pairwise,world_pairwise,3,121,HEM_PA99.nii.gz,0,gamma:0.3,0,7077888,0.0,0.0,0.0,0.0,3538943.5,0.4999999403953552,0.0,0.0
A1_world_pairwise,world_pairwise,3,122,HEM_PA99.nii.gz,1,blur:1.5,396016,6681872,0.055951155722141266,46993.02734375,0.1186644658446312,0.027518918737769127,3491950.5,0.5226006507873535,0.0025326479226350784,0.015025783330202103
A1_world_pairwise,world_pairwise,3,123,HCC_10140276_20170721.nii.gz,0,blur:1.5,31095,7046793,0.0043932595290243626,315.52691650390625,0.01014719158411026,0.72987961769104,3538628.0,0.5021615028381348,0.0006165906088426709,0.3652481138706207
A1_world_pairwise,world_pairwise,3,124,HCC_10140276_20170721.nii.gz,1,gamma:0.3,182908,6894980,0.025842173025012016,4559.4814453125,0.024927731603384018,0.013233055360615253,3534384.0,0.5126025080680847,0.002571873366832733,0.007902463898062706
A1_world_pairwise,world_pairwise,3,125,HEM_PA97.nii.gz,0,gamma:0.3,29498,7048390,0.004167627543210983,151.93206787109375,0.005150588694959879,0.015530059114098549,3538791.5,0.5020709037780762,0.003033965127542615,0.009282012470066547
A1_world_pairwise,world_pairwise,3,126,HEM_PA97.nii.gz,1,blur:1.5,279722,6798166,0.03952054679393768,8671.908203125,0.031001882627606392,0.13991448283195496,3530271.5,0.5192975997924805,0.004653701558709145,0.07228409498929977
A1_world_pairwise,world_pairwise,3,127,CYST_PA69.nii.gz,0,blur:1.5,0,7077888,0.0,0.0,0.0,0.0,3538943.5,0.4999999403953552,0.0,0.0
A1_world_pairwise,world_pairwise,3,128,CYST_PA69.nii.gz,1,gamma:0.3,435849,6642039,0.061578962951898575,36552.5,0.08386505395174026,0.00614861911162734,3502391.0,0.5273066163063049,0.005434721242636442,0.005791670177131891
A1_world_pairwise,world_pairwise,3,129,HCC_10076307_20130925.nii.gz,0,gamma:0.3,14673,7063215,0.0020730760879814625,39.891441345214844,0.0027186970692127943,0.02548457309603691,3538903.5,0.5010329484939575,0.0006765957805328071,0.013080584816634655
A1_world_pairwise,world_pairwise,3,130,HCC_10076307_20130925.nii.gz,1,blur:1.5,230690,6847198,0.03259305655956268,6219.9970703125,0.026962578296661377,0.11906253546476364,3532723.5,0.515937089920044,0.006591795943677425,0.06282716244459152
A1_world_pairwise,world_pairwise,3,131,CYST_PA20.nii.gz,0,blur:1.5,7532,7070356,0.001064159208908677,184.90977478027344,0.02454989030957222,0.09214350581169128,3538758.5,0.5005064010620117,0.006385440472513437,0.04926447197794914
A1_world_pairwise,world_pairwise,3,132,CYST_PA20.nii.gz,1,gamma:0.3,230686,6847202,0.03259249031543732,13663.71484375,0.05923079326748848,0.0017442223615944386,3525279.75,0.5148496627807617,0.0014137865509837866,0.0015790044562891126
A1_world_pairwise,world_pairwise,3,133,CYST_PA56.nii.gz,0,gamma:0.3,0,7077888,0.0,0.0,0.0,0.0,3538943.5,0.4999999403953552,0.0,0.0
A1_world_pairwise,world_pairwise,3,134,CYST_PA56.nii.gz,1,blur:1.5,259412,6818476,0.036651045083999634,11297.291015625,0.04354960843920708,0.06038903817534447,3527646.25,0.5173658132553101,0.004204851575195789,0.03229694440960884
A1_world_pairwise,world_pairwise,3,135,HCC_10136895_20170421.nii.gz,0,blur:1.5,31005,7046883,0.0043805441819131374,1048.1015625,0.0338042750954628,0.08912691473960876,3537895.5,0.5020511150360107,0.024203287437558174,0.056665100157260895
A1_world_pairwise,world_pairwise,3,136,HCC_10136895_20170421.nii.gz,1,gamma:0.3,257228,6820660,0.03634247928857803,12111.0546875,0.04708295315504074,0.006836746819317341,3526832.5,0.5170807838439941,0.003554520197212696,0.0051956335082650185
A1_world_pairwise,world_pairwise,3,137,MET_PA13.nii.gz,0,gamma:0.3,0,7077888,0.0,0.0,0.0,0.0,3538943.5,0.4999999403953552,0.0,0.0
A1_world_pairwise,world_pairwise,3,138,MET_PA13.nii.gz,1,blur:1.5,213869,6864019,0.030216500163078308,8861.8203125,0.041435740888118744,0.01952301524579525,3530081.5,0.5142878293991089,0.010034535080194473,0.014778775162994862
A1_world_pairwise,world_pairwise,3,139,HCC_10074592_20130816.nii.gz,0,blur:1.5,3899,7073989,0.0005508705507963896,28.816486358642578,0.007390737999230623,0.4576568007469177,3538914.75,0.5002714395523071,0.014039632864296436,0.23584821820259094
A1_world_pairwise,world_pairwise,3,140,HCC_10074592_20130816.nii.gz,1,gamma:0.3,253900,6823988,0.035872284322977066,27101.84765625,0.10674221813678741,0.004065199755132198,3511841.5,0.5146318674087524,0.002187769627198577,0.0031264848075807095
A1_world_pairwise,world_pairwise,3,141,CYST_PA19.nii.gz,0,gamma:0.3,0,7077888,0.0,0.0,0.0,0.0,3538943.5,0.4999999403953552,0.0,0.0
A1_world_pairwise,world_pairwise,3,142,CYST_PA19.nii.gz,1,blur:1.5,217747,6860141,0.030764402821660042,14790.138671875,0.06792350113391876,0.008583204820752144,3524153.5,0.5137144327163696,0.007496821228414774,0.008040012791752815
A1_world_pairwise,world_pairwise,3,143,HEM_PA13.nii.gz,0,blur:1.5,0,7077888,0.0,0.0,0.0,0.0,3538943.5,0.4999999403953552,0.0,0.0
A1_world_pairwise,world_pairwise,3,144,HEM_PA13.nii.gz,1,gamma:0.3,345692,6732196,0.048841122537851334,14898.2998046875,0.043097034096717834,0.0025675201322883368,3524045.25,0.5234614610671997,0.004363971296697855,0.003465745598077774
A1_world_pairwise,world_pairwise,3,145,HCC_10142924_20170911.nii.gz,0,gamma:0.3,11022,7066866,0.0015572442207485437,60.40468978881836,0.005480374675244093,0.02454715594649315,3538883.0,0.500771164894104,0.0022701090201735497,0.013408632948994637
A1_world_pairwise,world_pairwise,3,146,HCC_10142924_20170911.nii.gz,1,blur:1.5,179460,6898428,0.02535502053797245,7809.24365234375,0.04351523518562317,0.045392557978630066,3531134.25,0.5118752121925354,0.0068758209235966206,0.0261341892182827
A1_world_pairwise,world_pairwise,3,147,MET_PA25.nii.gz,0,blur:1.5,0,7077888,0.0,0.0,0.0,0.0,3538943.5,0.4999999403953552,0.0,0.0
A1_world_pairwise,world_pairwise,3,148,MET_PA25.nii.gz,1,gamma:0.3,195115,6882773,0.02756683900952339,15787.39453125,0.08091328293085098,0.0009081221651285887,3523156.0,0.5118802785873413,0.00213659112341702,0.0015223566442728043
A1_world_pairwise,world_pairwise,3,149,HCC_10147777_20171222.nii.gz,0,gamma:0.3,48112,7029776,0.006797507870942354,685.155029296875,0.014240833930671215,0.00823439471423626,3538258.5,0.5033245086669922,0.0036693871952593327,0.005951890721917152
A1_world_pairwise,world_pairwise,3,150,HCC_10147777_20171222.nii.gz,1,blur:1.5,228868,6849020,0.032335635274648666,6420.3046875,0.0280524343252182,0.1459161341190338,3532523.0,0.5157705545425415,0.003992699086666107,0.07495442032814026
A1_world_pairwise,world_pairwise,3,151,HCC_PA0.nii.gz,0,blur:1.5,0,7077888,0.0,0.0,0.0,0.0,3538943.5,0.4999999403953552,0.0,0.0
A1_world_pairwise,world_pairwise,3,152,HCC_PA0.nii.gz,1,gamma:0.3,1135813,5942075,0.16047343611717224,233705.40625,0.20576046407222748,0.0037400478031486273,3305238.25,0.5562431216239929,0.00807239394634962,0.005906220991164446
A1_world_pairwise,world_pairwise,3,153,CYST_PA37.nii.gz,0,gamma:0.3,0,7077888,0.0,0.0,0.0,0.0,3538943.5,0.4999999403953552,0.0,0.0
A1_world_pairwise,world_pairwise,3,154,CYST_PA37.nii.gz,1,blur:1.5,202150,6875738,0.028560779988765717,6388.48046875,0.03160267323255539,0.026556573808193207,3532555.0,0.5137709975242615,0.006411466747522354,0.01648402027785778
A1_world_pairwise,world_pairwise,3,155,ICC_PA18.nii.gz,0,blur:1.5,0,7077888,0.0,0.0,0.0,0.0,3538943.5,0.4999999403953552,0.0,0.0
A1_world_pairwise,world_pairwise,3,156,ICC_PA18.nii.gz,1,gamma:0.3,831496,6246392,0.11747798323631287,111593.1015625,0.134207621216774,0.0034377346746623516,3427350.5,0.5486928224563599,0.005179466679692268,0.004308600910007954
A1_world_pairwise,world_pairwise,3,157,HCC_10081574_20140213.nii.gz,0,gamma:0.3,0,7077888,0.0,0.0,0.0,0.0,3538943.5,0.4999999403953552,0.0031626273412257433,0.0031626273412257433
A1_world_pairwise,world_pairwise,3,158,HCC_10081574_20140213.nii.gz,1,blur:1.5,217923,6859965,0.030789269134402275,24412.60546875,0.11202400177717209,0.004851038102060556,3514531.0,0.5123249292373657,0.007883412763476372,0.0063672251999378204
A1_world_pairwise,world_pairwise,3,159,MET_PA19.nii.gz,0,blur:1.5,0,7077888,0.0,0.0,0.0,0.0,3538943.5,0.4999999403953552,0.0,0.0
A1_world_pairwise,world_pairwise,3,160,MET_PA19.nii.gz,1,gamma:0.3,183634,6894254,0.025944745168089867,4251.65625,0.023152880370616913,0.004466742742806673,3534692.0,0.512701153755188,0.0025348030030727386,0.003500772872939706
A1_world_pairwise,world_pairwise,3,161,HEM_PA24.nii.gz,0,gamma:0.3,0,7077888,0.0,0.0,0.0,0.0,3538943.5,0.4999999403953552,0.0,0.0
A1_world_pairwise,world_pairwise,3,162,HEM_PA24.nii.gz,1,blur:1.5,241542,6836346,0.03412628173828125,15455.71875,0.06398770958185196,0.021950162947177887,3523487.75,0.5154051184654236,0.003942764829844236,0.012946464121341705
A1_world_pairwise,world_pairwise,3,163,CYST_PA74.nii.gz,0,blur:1.5,0,7077888,0.0,0.0,0.0,0.0,3538943.5,0.4999999403953552,0.0,0.0
A1_world_pairwise,world_pairwise,3,164,CYST_PA74.nii.gz,1,gamma:0.3,258931,6818957,0.03658308833837509,21137.8515625,0.08163508027791977,0.0008382162195630372,3517805.75,0.5158861875534058,0.003017301205545664,0.00192775868345052
A1_world_pairwise,world_pairwise,3,165,HEM_PA34.nii.gz,0,gamma:0.3,0,7077888,0.0,0.0,0.0,0.0,3538943.5,0.4999999403953552,0.0,0.0
A1_world_pairwise,world_pairwise,3,166,HEM_PA34.nii.gz,1,blur:1.5,293538,6784350,0.04147254303097725,23292.2109375,0.07934989780187607,0.0046962350606918335,3515651.25,0.518200159072876,0.008683356456458569,0.006689795758575201
A1_world_pairwise,world_pairwise,3,167,FNH_PA32.nii.gz,0,blur:1.5,82806,6995082,0.011699252761900425,929.2833251953125,0.0112224156036973,0.03465260565280914,3538014.0,0.5057858824729919,0.00037105882074683905,0.01751183159649372
A1_world_pairwise,world_pairwise,3,168,FNH_PA32.nii.gz,1,gamma:0.3,284258,6793630,0.04016141593456268,9192.279296875,0.03233780339360237,0.003164321184158325,3529751.25,0.5195677876472473,0.0006627993425354362,0.0019135603215545416
A1_world_pairwise,world_pairwise,3,169,FNH_PA10.nii.gz,0,gamma:0.3,0,7077888,0.0,0.0,0.0,0.0,3538943.5,0.4999999403953552,0.0,0.0
A1_world_pairwise,world_pairwise,3,170,FNH_PA10.nii.gz,1,blur:1.5,863052,6214836,0.1219363734126091,102486.40625,0.11874882131814957,0.00214705360122025,3436457.25,0.5529441237449646,0.010827282443642616,0.006487167906016111
A1_world_pairwise,world_pairwise,3,171,CYST_PA54.nii.gz,0,blur:1.5,84090,6993798,0.011880663223564625,976.3438110351562,0.011610700748860836,0.06251538544893265,3537967.25,0.5058720707893372,0.0003843287122435868,0.03144985809922218
A1_world_pairwise,world_pairwise,3,172,CYST_PA54.nii.gz,1,gamma:0.3,231321,6846567,0.032682206481695175,7679.634765625,0.03319903835654259,0.0016133416211232543,3531263.75,0.5157714486122131,0.0008685625507496297,0.0012409520568326116
A1_world_pairwise,world_pairwise,3,173,CYST_PA53.nii.gz,0,gamma:0.3,256227,6821661,0.036201052367687225,10742.318359375,0.04192500188946724,0.0008690531831234694,3528201.0,0.517205536365509,0.0007764128386043012,0.0008227330399677157
A1_world_pairwise,world_pairwise,3,174,CYST_PA53.nii.gz,1,blur:1.5,395200,6682688,0.05583586543798447,20610.1484375,0.052151184529066086,0.01895131915807724,3518333.5,0.5264847874641418,0.0010141839738935232,0.009982751682400703
A1_world_pairwise,world_pairwise,3,175,CYST_PA38.nii.gz,0,blur:1.5,48054,7029834,0.0067893136292696,651.4760131835938,0.01355716586112976,0.06194277107715607,3538292.0,0.5033251047134399,0.00016494629380758852,0.031053857877850533
A1_world_pairwise,world_pairwise,3,176,CYST_PA38.nii.gz,1,gamma:0.3,227620,6850268,0.03215930983424187,6529.5556640625,0.02868621051311493,0.0013715192908421159,3532414.0,0.5156607031822205,0.0004195818619336933,0.0008955505909398198
A1_world_pairwise,world_pairwise,3,177,HEM_PA66.nii.gz,0,gamma:0.3,50026,7027862,0.007067927625030279,479.9033203125,0.009593077935278416,0.004685321357101202,3538463.5,0.5034907460212708,0.0003772144264075905,0.002531267935410142
A1_world_pairwise,world_pairwise,3,178,HEM_PA66.nii.gz,1,blur:1.5,240303,6837585,0.033951230347156525,6830.3447265625,0.028423884883522987,0.014157205820083618,3532113.25,0.5165732502937317,0.0007304252940230072,0.007443815469741821
A1_world_pairwise,world_pairwise,3,179,HEM_PA56.nii.gz,0,blur:1.5,84305,6993583,0.011911039240658283,762.3397827148438,0.009042640216648579,0.01976783573627472,3538181.0,0.5059182047843933,0.0003508623340167105,0.010059349238872528
A1_world_pairwise,world_pairwise,3,180,HEM_PA56.nii.gz,1,gamma:0.3,386275,6691613,0.05457489565014839,22954.4296875,0.059425096958875656,0.0011308880057185888,3515989.0,0.5254321694374084,0.0007921388023532927,0.0009615133749321103
A1_world_pairwise,world_pairwise,4,181,HEM_PA99.nii.gz,0,gamma:0.3,0,7077888,0.0,0.0,0.0,0.0,3538943.5,0.4999999403953552,0.0,0.0
A1_world_pairwise,world_pairwise,4,182,HEM_PA99.nii.gz,1,blur:1.5,396016,6681872,0.055951155722141266,46993.02734375,0.1186644658446312,0.012099968269467354,3491950.5,0.5226006507873535,0.004319893196225166,0.00820993073284626
A1_world_pairwise,world_pairwise,4,183,HCC_10140276_20170721.nii.gz,0,blur:1.5,31095,7046793,0.0043932595290243626,315.52691650390625,0.01014719158411026,0.24478808045387268,3538628.0,0.5021615028381348,0.0018994549755007029,0.12334376573562622
A1_world_pairwise,world_pairwise,4,184,HCC_10140276_20170721.nii.gz,1,gamma:0.3,182908,6894980,0.025842173025012016,4559.4814453125,0.024927731603384018,0.005267719272524118,3534384.0,0.5126025080680847,0.005224112421274185,0.005245915614068508
A1_world_pairwise,world_pairwise,4,185,HEM_PA97.nii.gz,0,gamma:0.3,29498,7048390,0.004167627543210983,151.93206787109375,0.005150588694959879,0.010609095916152,3538791.5,0.5020709037780762,0.00398981710895896,0.007299456745386124
A1_world_pairwise,world_pairwise,4,186,HEM_PA97.nii.gz,1,blur:1.5,279722,6798166,0.03952054679393768,8671.908203125,0.031001882627606392,0.10690692812204361,3530271.5,0.5192975997924805,0.009003414772450924,0.057955171912908554
A1_world_pairwise,world_pairwise,4,187,CYST_PA69.nii.gz,0,blur:1.5,0,7077888,0.0,0.0,0.0,0.0,3538943.5,0.4999999403953552,0.0,0.0
A1_world_pairwise,world_pairwise,4,188,CYST_PA69.nii.gz,1,gamma:0.3,435849,6642039,0.061578962951898575,36552.5,0.08386505395174026,0.004497780464589596,3502391.0,0.5273066163063049,0.007034285459667444,0.005766033194959164
A1_world_pairwise,world_pairwise,4,189,HCC_10076307_20130925.nii.gz,0,gamma:0.3,14673,7063215,0.0020730760879814625,39.891441345214844,0.0027186970692127943,0.010617283172905445,3538903.5,0.5010329484939575,0.0013543147360906005,0.00598579877987504
A1_world_pairwise,world_pairwise,4,190,HCC_10076307_20130925.nii.gz,1,blur:1.5,230690,6847198,0.03259305655956268,6219.9970703125,0.026962578296661377,0.05024673417210579,3532723.5,0.515937089920044,0.012047321535646915,0.031147027388215065
A1_world_pairwise,world_pairwise,4,191,CYST_PA20.nii.gz,0,blur:1.5,7532,7070356,0.001064159208908677,184.90977478027344,0.02454989030957222,0.019438093528151512,3538758.5,0.5005064010620117,0.01108053419739008,0.015259314328432083
A1_world_pairwise,world_pairwise,4,192,CYST_PA20.nii.gz,1,gamma:0.3,230686,6847202,0.03259249031543732,13663.71484375,0.05923079326748848,0.0005932438652962446,3525279.75,0.5148496627807617,0.0038906605914235115,0.0022419523447752
A1_world_pairwise,world_pairwise,4,193,CYST_PA56.nii.gz,0,gamma:0.3,0,7077888,0.0,0.0,0.0,0.0,3538943.5,0.4999999403953552,0.0,0.0
A1_world_pairwise,world_pairwise,4,194,CYST_PA56.nii.gz,1,blur:1.5,259412,6818476,0.036651045083999634,11297.291015625,0.04354960843920708,0.016003701835870743,3527646.25,0.5173658132553101,0.009780330583453178,0.01289201620966196
A1_world_pairwise,world_pairwise,4,195,HCC_10136895_20170421.nii.gz,0,blur:1.5,31005,7046883,0.0043805441819131374,1048.1015625,0.0338042750954628,0.06732363998889923,3537895.5,0.5020511150360107,0.026264773681759834,0.04679420590400696
A1_world_pairwise,world_pairwise,4,196,HCC_10136895_20170421.nii.gz,1,gamma:0.3,257228,6820660,0.03634247928857803,12111.0546875,0.04708295315504074,0.0043043531477451324,3526832.5,0.5170807838439941,0.004270364064723253,0.004287358373403549
A1_world_pairwise,world_pairwise,4,197,MET_PA13.nii.gz,0,gamma:0.3,0,7077888,0.0,0.0,0.0,0.0,3538943.5,0.4999999403953552,0.0,0.0
A1_world_pairwise,world_pairwise,4,198,MET_PA13.nii.gz,1,blur:1.5,213869,6864019,0.030216500163078308,8861.8203125,0.041435740888118744,0.00982234813272953,3530081.5,0.5142878293991089,0.016779040917754173,0.013300694525241852
A1_world_pairwise,world_pairwise,4,199,HCC_10074592_20130816.nii.gz,0,blur:1.5,3899,7073989,0.0005508705507963896,28.816486358642578,0.007390737999230623,0.1315927505493164,3538914.75,0.5002714395523071,0.023617234081029892,0.0776049941778183
A1_world_pairwise,world_pairwise,4,200,HCC_10074592_20130816.nii.gz,1,gamma:0.3,253900,6823988,0.035872284322977066,27101.84765625,0.10674221813678741,0.0020527385640889406,3511841.5,0.5146318674087524,0.0035719925072044134,0.002812365535646677
A1_world_pairwise,world_pairwise,4,201,CYST_PA19.nii.gz,0,gamma:0.3,0,7077888,0.0,0.0,0.0,0.0,3538943.5,0.4999999403953552,0.0,0.0
A1_world_pairwise,world_pairwise,4,202,CYST_PA19.nii.gz,1,blur:1.5,217747,6860141,0.030764402821660042,14790.138671875,0.06792350113391876,0.00492764450609684,3524153.5,0.5137144327163696,0.010037923231720924,0.007482783868908882
A1_world_pairwise,world_pairwise,4,203,HEM_PA13.nii.gz,0,blur:1.5,0,7077888,0.0,0.0,0.0,0.0,3538943.5,0.4999999403953552,0.0,0.0
A1_world_pairwise,world_pairwise,4,204,HEM_PA13.nii.gz,1,gamma:0.3,345692,6732196,0.048841122537851334,14898.2998046875,0.043097034096717834,0.0015114507405087352,3524045.25,0.5234614610671997,0.007011371199041605,0.004261410795152187
A1_world_pairwise,world_pairwise,4,205,HCC_10142924_20170911.nii.gz,0,gamma:0.3,11022,7066866,0.0015572442207485437,60.40468978881836,0.005480374675244093,0.004985291976481676,3538883.0,0.500771164894104,0.005257805809378624,0.005121548660099506
A1_world_pairwise,world_pairwise,4,206,HCC_10142924_20170911.nii.gz,1,blur:1.5,179460,6898428,0.02535502053797245,7809.24365234375,0.04351523518562317,0.023264378309249878,3531134.25,0.5118752121925354,0.010532671585679054,0.01689852401614189
A1_world_pairwise,world_pairwise,4,207,MET_PA25.nii.gz,0,blur:1.5,0,7077888,0.0,0.0,0.0,0.0,3538943.5,0.4999999403953552,0.0,0.0
A1_world_pairwise,world_pairwise,4,208,MET_PA25.nii.gz,1,gamma:0.3,195115,6882773,0.02756683900952339,15787.39453125,0.08091328293085098,0.0007376635912805796,3523156.0,0.5118802785873413,0.003881563665345311,0.0023096136283129454
A1_world_pairwise,world_pairwise,4,209,HCC_10147777_20171222.nii.gz,0,gamma:0.3,48112,7029776,0.006797507870942354,685.155029296875,0.014240833930671215,0.00445807259529829,3538258.5,0.5033245086669922,0.007951422594487667,0.006204747594892979
A1_world_pairwise,world_pairwise,4,210,HCC_10147777_20171222.nii.gz,1,blur:1.5,228868,6849020,0.032335635274648666,6420.3046875,0.0280524343252182,0.08873441070318222,3532523.0,0.5157705545425415,0.006069166120141745,0.0474017895758152
A1_world_pairwise,world_pairwise,4,211,HCC_PA0.nii.gz,0,blur:1.5,0,7077888,0.0,0.0,0.0,0.0,3538943.5,0.4999999403953552,0.0,0.0
A1_world_pairwise,world_pairwise,4,212,HCC_PA0.nii.gz,1,gamma:0.3,1135813,5942075,0.16047343611717224,233705.40625,0.20576046407222748,0.0025182946119457483,3305238.25,0.5562431216239929,0.0089249974116683,0.005721645895391703
A1_world_pairwise,world_pairwise,4,213,CYST_PA37.nii.gz,0,gamma:0.3,0,7077888,0.0,0.0,0.0,0.0,3538943.5,0.4999999403953552,0.0,0.0
A1_world_pairwise,world_pairwise,4,214,CYST_PA37.nii.gz,1,blur:1.5,202150,6875738,0.028560779988765717,6388.48046875,0.03160267323255539,0.013162166811525822,3532555.0,0.5137709975242615,0.013712813146412373,0.013437489978969097
A1_world_pairwise,world_pairwise,4,215,ICC_PA18.nii.gz,0,blur:1.5,0,7077888,0.0,0.0,0.0,0.0,3538943.5,0.4999999403953552,0.0,0.0
A1_world_pairwise,world_pairwise,4,216,ICC_PA18.nii.gz,1,gamma:0.3,831496,6246392,0.11747798323631287,111593.1015625,0.134207621216774,0.0020890531595796347,3427350.5,0.5486928224563599,0.010650800541043282,0.00636992696672678
A1_world_pairwise,world_pairwise,4,217,HCC_10081574_20140213.nii.gz,0,gamma:0.3,0,7077888,0.0,0.0,0.0,0.0,3538943.5,0.4999999403953552,0.003107449971139431,0.003107449971139431
A1_world_pairwise,world_pairwise,4,218,HCC_10081574_20140213.nii.gz,1,blur:1.5,217923,6859965,0.030789269134402275,24412.60546875,0.11202400177717209,0.002204200252890587,3514531.0,0.5123249292373657,0.01172888744622469,0.006966543849557638
A1_world_pairwise,world_pairwise,4,219,MET_PA19.nii.gz,0,blur:1.5,0,7077888,0.0,0.0,0.0,0.0,3538943.5,0.4999999403953552,0.0,0.0
A1_world_pairwise,world_pairwise,4,220,MET_PA19.nii.gz,1,gamma:0.3,183634,6894254,0.025944745168089867,4251.65625,0.023152880370616913,0.0015585660003125668,3534692.0,0.512701153755188,0.004956160206347704,0.0032573631033301353
A1_world_pairwise,world_pairwise,4,221,HEM_PA24.nii.gz,0,gamma:0.3,0,7077888,0.0,0.0,0.0,0.0,3538943.5,0.4999999403953552,0.0,0.0
A1_world_pairwise,world_pairwise,4,222,HEM_PA24.nii.gz,1,blur:1.5,241542,6836346,0.03412628173828125,15455.71875,0.06398770958185196,0.018618274480104446,3523487.75,0.5154051184654236,0.005154188256710768,0.01188623160123825
A1_world_pairwise,world_pairwise,4,223,CYST_PA74.nii.gz,0,blur:1.5,0,7077888,0.0,0.0,0.0,0.0,3538943.5,0.4999999403953552,0.0,0.0
A1_world_pairwise,world_pairwise,4,224,CYST_PA74.nii.gz,1,gamma:0.3,258931,6818957,0.03658308833837509,21137.8515625,0.08163508027791977,0.00034656384377740324,3517805.75,0.5158861875534058,0.005212320014834404,0.002779441885650158
A1_world_pairwise,world_pairwise,4,225,HEM_PA34.nii.gz,0,gamma:0.3,0,7077888,0.0,0.0,0.0,0.0,3538943.5,0.4999999403953552,0.0,0.0
A1_world_pairwise,world_pairwise,4,226,HEM_PA34.nii.gz,1,blur:1.5,293538,6784350,0.04147254303097725,23292.2109375,0.07934989780187607,0.0011761459754779935,3515651.25,0.518200159072876,0.013654720969498158,0.007415433414280415
A1_world_pairwise,world_pairwise,4,227,FNH_PA32.nii.gz,0,blur:1.5,82806,6995082,0.011699252761900425,929.2833251953125,0.0112224156036973,0.015617864206433296,3538014.0,0.5057858824729919,0.0007777958526276052,0.008197830058634281
A1_world_pairwise,world_pairwise,4,228,FNH_PA32.nii.gz,1,gamma:0.3,284258,6793630,0.04016141593456268,9192.279296875,0.03233780339360237,0.0009636831237003207,3529751.25,0.5195677876472473,0.0017313550924882293,0.001347519108094275
A1_world_pairwise,world_pairwise,4,229,FNH_PA10.nii.gz,0,gamma:0.3,0,7077888,0.0,0.0,0.0,0.0,3538943.5,0.4999999403953552,0.0,0.0
A1_world_pairwise,world_pairwise,4,230,FNH_PA10.nii.gz,1,blur:1.5,863052,6214836,0.1219363734126091,102486.40625,0.11874882131814957,0.0012932396493852139,3436457.25,0.5529441237449646,0.01826423592865467,0.009778738021850586
A1_world_pairwise,world_pairwise,4,231,CYST_PA54.nii.gz,0,blur:1.5,84090,6993798,0.011880663223564625,976.3438110351562,0.011610700748860836,0.02279532700777054,3537967.25,0.5058720707893372,0.0008750733686611056,0.011835199780762196
A1_world_pairwise,world_pairwise,4,232,CYST_PA54.nii.gz,1,gamma:0.3,231321,6846567,0.032682206481695175,7679.634765625,0.03319903835654259,0.0020547814201563597,3531263.75,0.5157714486122131,0.0011912789195775986,0.0016230301698669791
A1_world_pairwise,world_pairwise,4,233,CYST_PA53.nii.gz,0,gamma:0.3,256227,6821661,0.036201052367687225,10742.318359375,0.04192500188946724,0.0006284723058342934,3528201.0,0.517205536365509,0.001491608563810587,0.0010600404348224401
A1_world_pairwise,world_pairwise,4,234,CYST_PA53.nii.gz,1,blur:1.5,395200,6682688,0.05583586543798447,20610.1484375,0.052151184529066086,0.007830854505300522,3518333.5,0.5264847874641418,0.0026702580507844687,0.005250556394457817
A1_world_pairwise,world_pairwise,4,235,CYST_PA38.nii.gz,0,blur:1.5,48054,7029834,0.0067893136292696,651.4760131835938,0.01355716586112976,0.04616133123636246,3538292.0,0.5033251047134399,0.0003255585324950516,0.02324344404041767
A1_world_pairwise,world_pairwise,4,236,CYST_PA38.nii.gz,1,gamma:0.3,227620,6850268,0.03215930983424187,6529.5556640625,0.02868621051311493,0.0010126563720405102,3532414.0,0.5156607031822205,0.0007849524263292551,0.0008988043991848826
A1_world_pairwise,world_pairwise,4,237,HEM_PA66.nii.gz,0,gamma:0.3,50026,7027862,0.007067927625030279,479.9033203125,0.009593077935278416,0.0027378175873309374,3538463.5,0.5034907460212708,0.000848311057779938,0.0017930642934516072
A1_world_pairwise,world_pairwise,4,238,HEM_PA66.nii.gz,1,blur:1.5,240303,6837585,0.033951230347156525,6830.3447265625,0.028423884883522987,0.009444747120141983,3532113.25,0.5165732502937317,0.0011386045953258872,0.005291675683110952
A1_world_pairwise,world_pairwise,4,239,HEM_PA56.nii.gz,0,blur:1.5,84305,6993583,0.011911039240658283,762.3397827148438,0.009042640216648579,0.006251686718314886,3538181.0,0.5059182047843933,0.000872515607625246,0.003562101162970066
A1_world_pairwise,world_pairwise,4,240,HEM_PA56.nii.gz,1,gamma:0.3,386275,6691613,0.05457489565014839,22954.4296875,0.059425096958875656,0.0005931987543590367,3515989.0,0.5254321694374084,0.0016602708492428064,0.001126734772697091
A1_world_pairwise,world_pairwise,5,241,HEM_PA99.nii.gz,0,gamma:0.3,0,7077888,0.0,0.0,0.0,0.0,3538943.5,0.4999999403953552,0.0,0.0
A1_world_pairwise,world_pairwise,5,242,HEM_PA99.nii.gz,1,blur:1.5,396016,6681872,0.055951155722141266,46993.02734375,0.1186644658446312,0.0072909812442958355,3491950.5,0.5226006507873535,0.006289194338023663,0.006790087558329105
A1_world_pairwise,world_pairwise,5,243,HCC_10140276_20170721.nii.gz,0,blur:1.5,31095,7046793,0.0043932595290243626,315.52691650390625,0.01014719158411026,0.36098068952560425,3538628.0,0.5021615028381348,0.0018929002108052373,0.18143679201602936
A1_world_pairwise,world_pairwise,5,244,HCC_10140276_20170721.nii.gz,1,gamma:0.3,182908,6894980,0.025842173025012016,4559.4814453125,0.024927731603384018,0.003697939682751894,3534384.0,0.5126025080680847,0.006407446227967739,0.00505269318819046
A1_world_pairwise,world_pairwise,5,245,HEM_PA97.nii.gz,0,gamma:0.3,29498,7048390,0.004167627543210983,151.93206787109375,0.005150588694959879,0.006689589936286211,3538791.5,0.5020709037780762,0.005531576462090015,0.006110583432018757
A1_world_pairwise,world_pairwise,5,246,HEM_PA97.nii.gz,1,blur:1.5,279722,6798166,0.03952054679393768,8671.908203125,0.031001882627606392,0.05795016139745712,3530271.5,0.5192975997924805,0.012267990037798882,0.03510907664895058
A1_world_pairwise,world_pairwise,5,247,CYST_PA69.nii.gz,0,blur:1.5,0,7077888,0.0,0.0,0.0,0.0,3538943.5,0.4999999403953552,0.0,0.0
A1_world_pairwise,world_pairwise,5,248,CYST_PA69.nii.gz,1,gamma:0.3,435849,6642039,0.061578962951898575,36552.5,0.08386505395174026,0.0024607458617538214,3502391.0,0.5273066163063049,0.011492245830595493,0.006976495962589979
A1_world_pairwise,world_pairwise,5,249,HCC_10076307_20130925.nii.gz,0,gamma:0.3,14673,7063215,0.0020730760879814625,39.891441345214844,0.0027186970692127943,0.003971955273300409,3538903.5,0.5010329484939575,0.0021210620179772377,0.0030465086456388235
A1_world_pairwise,world_pairwise,5,250,HCC_10076307_20130925.nii.gz,1,blur:1.5,230690,6847198,0.03259305655956268,6219.9970703125,0.026962578296661377,0.023570168763399124,3532723.5,0.515937089920044,0.016968581825494766,0.020269375294446945
A1_world_pairwise,world_pairwise,5,251,CYST_PA20.nii.gz,0,blur:1.5,7532,7070356,0.001064159208908677,184.90977478027344,0.02454989030957222,0.009621535427868366,3538758.5,0.5005064010620117,0.015935396775603294,0.012778466567397118
A1_world_pairwise,world_pairwise,5,252,CYST_PA20.nii.gz,1,gamma:0.3,230686,6847202,0.03259249031543732,13663.71484375,0.05923079326748848,0.0004967220011167228,3525279.75,0.5148496627807617,0.005699430592358112,0.003098076209425926
A1_world_pairwise,world_pairwise,5,253,CYST_PA56.nii.gz,0,gamma:0.3,0,7077888,0.0,0.0,0.0,0.0,3538943.5,0.4999999403953552,0.0,0.0
A1_world_pairwise,world_pairwise,5,254,CYST_PA56.nii.gz,1,blur:1.5,259412,6818476,0.036651045083999634,11297.291015625,0.04354960843920708,0.007984568364918232,3527646.25,0.5173658132553101,0.014578813686966896,0.011281691491603851
A1_world_pairwise,world_pairwise,5,255,HCC_10136895_20170421.nii.gz,0,blur:1.5,31005,7046883,0.0043805441819131374,1048.1015625,0.0338042750954628,0.02268429845571518,3537895.5,0.5020511150360107,0.04207272827625275,0.03237851336598396
A1_world_pairwise,world_pairwise,5,256,HCC_10136895_20170421.nii.gz,1,gamma:0.3,257228,6820660,0.03634247928857803,12111.0546875,0.04708295315504074,0.0033591333776712418,3526832.5,0.5170807838439941,0.007494524121284485,0.005426828749477863
A1_world_pairwise,world_pairwise,5,257,MET_PA13.nii.gz,0,gamma:0.3,0,7077888,0.0,0.0,0.0,0.0,3538943.5,0.4999999403953552,0.0,0.0
A1_world_pairwise,world_pairwise,5,258,MET_PA13.nii.gz,1,blur:1.5,213869,6864019,0.030216500163078308,8861.8203125,0.041435740888118744,0.003669337136670947,3530081.5,0.5142878293991089,0.03759632259607315,0.020632829517126083
A1_world_pairwise,world_pairwise,5,259,HCC_10074592_20130816.nii.gz,0,blur:1.5,3899,7073989,0.0005508705507963896,28.816486358642578,0.007390737999230623,0.1472771167755127,3538914.75,0.5002714395523071,0.02531817927956581,0.0862976461648941
A1_world_pairwise,world_pairwise,5,260,HCC_10074592_20130816.nii.gz,1,gamma:0.3,253900,6823988,0.035872284322977066,27101.84765625,0.10674221813678741,0.0011965056182816625,3511841.5,0.5146318674087524,0.006754503585398197,0.003975504543632269
A1_world_pairwise,world_pairwise,5,261,CYST_PA19.nii.gz,0,gamma:0.3,0,7077888,0.0,0.0,0.0,0.0,3538943.5,0.4999999403953552,0.0,0.0
A1_world_pairwise,world_pairwise,5,262,CYST_PA19.nii.gz,1,blur:1.5,217747,6860141,0.030764402821660042,14790.138671875,0.06792350113391876,0.0019029496470466256,3524153.5,0.5137144327163696,0.019429722800850868,0.010666335932910442
A1_world_pairwise,world_pairwise,5,263,HEM_PA13.nii.gz,0,blur:1.5,0,7077888,0.0,0.0,0.0,0.0,3538943.5,0.4999999403953552,0.0,0.0
A1_world_pairwise,world_pairwise,5,264,HEM_PA13.nii.gz,1,gamma:0.3,345692,6732196,0.048841122537851334,14898.2998046875,0.043097034096717834,0.0010989195434376597,3524045.25,0.5234614610671997,0.01286435779184103,0.006981638725847006
A1_world_pairwise,world_pairwise,5,265,HCC_10142924_20170911.nii.gz,0,gamma:0.3,11022,7066866,0.0015572442207485437,60.40468978881836,0.005480374675244093,0.0014855852350592613,3538883.0,0.500771164894104,0.013286828063428402,0.007386206649243832
A1_world_pairwise,world_pairwise,5,266,HCC_10142924_20170911.nii.gz,1,blur:1.5,179460,6898428,0.02535502053797245,7809.24365234375,0.04351523518562317,0.008941258303821087,3531134.25,0.5118752121925354,0.01924143172800541,0.01409134455025196
A1_world_pairwise,world_pairwise,5,267,MET_PA25.nii.gz,0,blur:1.5,0,7077888,0.0,0.0,0.0,0.0,3538943.5,0.4999999403953552,0.0,0.0
A1_world_pairwise,world_pairwise,5,268,MET_PA25.nii.gz,1,gamma:0.3,195115,6882773,0.02756683900952339,15787.39453125,0.08091328293085098,0.0003457661368884146,3523156.0,0.5118802785873413,0.004622530657798052,0.0024841483682394028
A1_world_pairwise,world_pairwise,5,269,HCC_10147777_20171222.nii.gz,0,gamma:0.3,48112,7029776,0.006797507870942354,685.155029296875,0.014240833930671215,0.002631549257785082,3538258.5,0.5033245086669922,0.013217743486166,0.007924646139144897
A1_world_pairwise,world_pairwise,5,270,HCC_10147777_20171222.nii.gz,1,blur:1.5,228868,6849020,0.032335635274648666,6420.3046875,0.0280524343252182,0.07222459465265274,3532523.0,0.5157705545425415,0.00677748816087842,0.039501041173934937
A1_world_pairwise,world_pairwise,5,271,HCC_PA0.nii.gz,0,blur:1.5,0,7077888,0.0,0.0,0.0,0.0,3538943.5,0.4999999403953552,0.0,0.0
A1_world_pairwise,world_pairwise,5,272,HCC_PA0.nii.gz,1,gamma:0.3,1135813,5942075,0.16047343611717224,233705.40625,0.20576046407222748,0.0016405382193624973,3305238.25,0.5562431216239929,0.015682712197303772,0.008661624975502491
A1_world_pairwise,world_pairwise,5,273,CYST_PA37.nii.gz,0,gamma:0.3,0,7077888,0.0,0.0,0.0,0.0,3538943.5,0.4999999403953552,0.0,0.0
A1_world_pairwise,world_pairwise,5,274,CYST_PA37.nii.gz,1,blur:1.5,202150,6875738,0.028560779988765717,6388.48046875,0.03160267323255539,0.005732859950512648,3532555.0,0.5137709975242615,0.03036211058497429,0.018047485500574112
A1_world_pairwise,world_pairwise,5,275,ICC_PA18.nii.gz,0,blur:1.5,0,7077888,0.0,0.0,0.0,0.0,3538943.5,0.4999999403953552,0.0,0.0
A1_world_pairwise,world_pairwise,5,276,ICC_PA18.nii.gz,1,gamma:0.3,831496,6246392,0.11747798323631287,111593.1015625,0.134207621216774,0.0015332582406699657,3427350.5,0.5486928224563599,0.018819035962224007,0.01017614733427763
A1_world_pairwise,world_pairwise,5,277,HCC_10081574_20140213.nii.gz,0,gamma:0.3,0,7077888,0.0,0.0,0.0,0.0,3538943.5,0.4999999403953552,0.010002097114920616,0.010002097114920616
A1_world_pairwise,world_pairwise,5,278,HCC_10081574_20140213.nii.gz,1,blur:1.5,217923,6859965,0.030789269134402275,24412.60546875,0.11202400177717209,0.001032726839184761,3514531.0,0.5123249292373657,0.01663239300251007,0.008832559920847416
A1_world_pairwise,world_pairwise,5,279,MET_PA19.nii.gz,0,blur:1.5,0,7077888,0.0,0.0,0.0,0.0,3538943.5,0.4999999403953552,0.0,0.0
A1_world_pairwise,world_pairwise,5,280,MET_PA19.nii.gz,1,gamma:0.3,183634,6894254,0.025944745168089867,4251.65625,0.023152880370616913,0.0012430102797225118,3534692.0,0.512701153755188,0.007459741085767746,0.004351375624537468
A1_world_pairwise,world_pairwise,5,281,HEM_PA24.nii.gz,0,gamma:0.3,0,7077888,0.0,0.0,0.0,0.0,3538943.5,0.4999999403953552,0.0,0.0
A1_world_pairwise,world_pairwise,5,282,HEM_PA24.nii.gz,1,blur:1.5,241542,6836346,0.03412628173828125,15455.71875,0.06398770958185196,0.00800571870058775,3523487.75,0.5154051184654236,0.010184972546994686,0.009095345623791218
A1_world_pairwise,world_pairwise,5,283,CYST_PA74.nii.gz,0,blur:1.5,0,7077888,0.0,0.0,0.0,0.0,3538943.5,0.4999999403953552,0.0,0.0
A1_world_pairwise,world_pairwise,5,284,CYST_PA74.nii.gz,1,gamma:0.3,258931,6818957,0.03658308833837509,21137.8515625,0.08163508027791977,0.00025452609406784177,3517805.75,0.5158861875534058,0.00876670889556408,0.004510617349296808
A1_world_pairwise,world_pairwise,5,285,HEM_PA34.nii.gz,0,gamma:0.3,0,7077888,0.0,0.0,0.0,0.0,3538943.5,0.4999999403953552,0.0,0.0
A1_world_pairwise,world_pairwise,5,286,HEM_PA34.nii.gz,1,blur:1.5,293538,6784350,0.04147254303097725,23292.2109375,0.07934989780187607,0.0007187668234109879,3515651.25,0.518200159072876,0.015947071835398674,0.008332919329404831
A1_world_pairwise,world_pairwise,5,287,FNH_PA32.nii.gz,0,blur:1.5,82806,6995082,0.011699252761900425,929.2833251953125,0.0112224156036973,0.007106933277100325,3538014.0,0.5057858824729919,0.0017117994138970971,0.00440936628729105
A1_world_pairwise,world_pairwise,5,288,FNH_PA32.nii.gz,1,gamma:0.3,284258,6793630,0.04016141593456268,9192.279296875,0.03233780339360237,0.0010596925858408213,3529751.25,0.5195677876472473,0.0026470564771443605,0.001853374531492591
A1_world_pairwise,world_pairwise,5,289,FNH_PA10.nii.gz,0,gamma:0.3,0,7077888,0.0,0.0,0.0,0.0,3538943.5,0.4999999403953552,0.0,0.0
A1_world_pairwise,world_pairwise,5,290,FNH_PA10.nii.gz,1,blur:1.5,863052,6214836,0.1219363734126091,102486.40625,0.11874882131814957,0.0011303576175123453,3436457.25,0.5529441237449646,0.027564270421862602,0.014347313903272152
A1_world_pairwise,world_pairwise,5,291,CYST_PA54.nii.gz,0,blur:1.5,84090,6993798,0.011880663223564625,976.3438110351562,0.011610700748860836,0.01975577138364315,3537967.25,0.5058720707893372,0.0014106746530160308,0.010583222843706608
A1_world_pairwise,world_pairwise,5,292,CYST_PA54.nii.gz,1,gamma:0.3,231321,6846567,0.032682206481695175,7679.634765625,0.03319903835654259,0.000848610361572355,3531263.75,0.5157714486122131,0.0023105479776859283,0.0015795791987329721
A1_world_pairwise,world_pairwise,5,293,CYST_PA53.nii.gz,0,gamma:0.3,256227,6821661,0.036201052367687225,10742.318359375,0.04192500188946724,0.0006546321092173457,3528201.0,0.517205536365509,0.002012637909501791,0.0013336350675672293
A1_world_pairwise,world_pairwise,5,294,CYST_PA53.nii.gz,1,blur:1.5,395200,6682688,0.05583586543798447,20610.1484375,0.052151184529066086,0.008339540101587772,3518333.5,0.5264847874641418,0.0025093762669712305,0.00542445806786418
A1_world_pairwise,world_pairwise,5,295,CYST_PA38.nii.gz,0,blur:1.5,48054,7029834,0.0067893136292696,651.4760131835938,0.01355716586112976,0.020361725240945816,3538292.0,0.5033251047134399,0.0007826312212273479,0.010572178289294243
A1_world_pairwise,world_pairwise,5,296,CYST_PA38.nii.gz,1,gamma:0.3,227620,6850268,0.03215930983424187,6529.5556640625,0.02868621051311493,0.000474875996587798,3532414.0,0.5156607031822205,0.00165609794203192,0.0010654869256541133
A1_world_pairwise,world_pairwise,5,297,HEM_PA66.nii.gz,0,gamma:0.3,50026,7027862,0.007067927625030279,479.9033203125,0.009593077935278416,0.001292515778914094,3538463.5,0.5034907460212708,0.002017655875533819,0.0016550858272239566
A1_world_pairwise,world_pairwise,5,298,HEM_PA66.nii.gz,1,blur:1.5,240303,6837585,0.033951230347156525,6830.3447265625,0.028423884883522987,0.004910438787192106,3532113.25,0.5165732502937317,0.0017312269192188978,0.00332083273679018
A1_world_pairwise,world_pairwise,5,299,HEM_PA56.nii.gz,0,blur:1.5,84305,6993583,0.011911039240658283,762.3397827148438,0.009042640216648579,0.003797811223194003,3538181.0,0.5059182047843933,0.001277112285606563,0.002537461696192622
A1_world_pairwise,world_pairwise,5,300,HEM_PA56.nii.gz,1,gamma:0.3,386275,6691613,0.05457489565014839,22954.4296875,0.059425096958875656,0.00046496634604409337,3515989.0,0.5254321694374084,0.0017036981880664825,0.0010843322379514575
A2_joint_product,joint_product,1,1,HEM_PA99.nii.gz,0,gamma:0.3,0,7077888,0.0,0.0,0.0,0.0,1769472.0,0.25,0.0,0.0
A2_joint_product,joint_product,1,2,HEM_PA99.nii.gz,1,blur:1.5,396016,6681872,0.055951155722141266,3379.462890625,0.008533651940524578,0.011028069071471691,2005543.625,0.3001469671726227,5.835133197251707e-05,0.005543210078030825
A2_joint_product,joint_product,1,3,HCC_10140276_20170721.nii.gz,0,blur:1.5,31095,7046793,0.0043932595290243626,0.9069969654083252,2.9168579203542322e-05,1.426703929901123,1722289.125,0.244407519698143,8.051437134781736e-07,0.713352382183075
A2_joint_product,joint_product,1,4,HCC_10140276_20170721.nii.gz,1,gamma:0.3,182908,6894980,0.025842173025012016,203.26239013671875,0.0011112821521237493,0.021026253700256348,2011968.875,0.29180198907852173,7.049960458971327e-06,0.010516651906073093
A2_joint_product,joint_product,1,5,HEM_PA97.nii.gz,0,gamma:0.3,29498,7048390,0.004167627543210983,0.5313544273376465,1.8013235603575595e-05,15.706584930419922,1793645.625,0.2544759213924408,1.444647352251708e-20,7.853292465209961
A2_joint_product,joint_product,1,6,HEM_PA97.nii.gz,1,blur:1.5,279722,6798166,0.03952054679393768,258.44677734375,0.0009239415521733463,0.6764878034591675,1919218.375,0.28231412172317505,1.4889793419570196e-05,0.33825135231018066
A2_joint_product,joint_product,1,7,CYST_PA69.nii.gz,0,blur:1.5,0,7077888,0.0,0.0,0.0,0.0,1769472.0,0.25,0.0,0.0
A2_joint_product,joint_product,1,8,CYST_PA69.nii.gz,1,gamma:0.3,435849,6642039,0.061578962951898575,2869.322509765625,0.006583294831216335,0.006521489936858416,1931668.25,0.2908245921134949,0.00010414829012006521,0.0033128191716969013
A2_joint_product,joint_product,1,9,HCC_10076307_20130925.nii.gz,0,gamma:0.3,14673,7063215,0.0020730760879814625,0.05134439468383789,3.499243121041218e-06,0.47763997316360474,1779557.0,0.25194716453552246,7.108214816753389e-08,0.23882001638412476
A2_joint_product,joint_product,1,10,HCC_10076307_20130925.nii.gz,1,blur:1.5,230690,6847198,0.03259305655956268,208.19859313964844,0.0009025037870742381,0.13786651194095612,1981415.25,0.28937605023384094,0.00027640038751997054,0.0690714567899704
A2_joint_product,joint_product,1,11,CYST_PA20.nii.gz,0,blur:1.5,7532,7070356,0.001064159208908677,0.13259020447731018,1.760358463798184e-05,0.44781696796417236,1779917.125,0.2517436444759369,0.0002565913600847125,0.2240367829799652
A2_joint_product,joint_product,1,12,CYST_PA20.nii.gz,1,gamma:0.3,230686,6847202,0.03259249031543732,909.6148681640625,0.003943086601793766,0.0008691358380019665,2023201.75,0.29547861218452454,1.3385742931859568e-05,0.000441260781371966
A2_joint_product,joint_product,1,13,CYST_PA56.nii.gz,0,gamma:0.3,0,7077888,0.0,0.0,0.0,0.0,1769472.0,0.25,0.0,0.0
A2_joint_product,joint_product,1,14,CYST_PA56.nii.gz,1,blur:1.5,259412,6818476,0.036651045083999634,885.6433715820312,0.003414041828364134,0.025577392429113388,2001620.875,0.29355838894844055,0.0001350513775832951,0.01285622175782919
A2_joint_product,joint_product,1,15,HCC_10136895_20170421.nii.gz,0,blur:1.5,31005,7046883,0.0043805441819131374,2.551334857940674,8.228785009123385e-05,0.25715911388397217,1797925.5,0.25513768196105957,0.0019059351179748774,0.12953253090381622
A2_joint_product,joint_product,1,16,HCC_10136895_20170421.nii.gz,1,gamma:0.3,257228,6820660,0.03634247928857803,648.810546875,0.002522316761314869,0.00941540114581585,1953535.375,0.28641441464424133,3.15453035000246e-05,0.004723473452031612
A2_joint_product,joint_product,1,17,MET_PA13.nii.gz,0,gamma:0.3,0,7077888,0.0,0.0,0.0,0.0,1769472.0,0.25,0.0,0.0
A2_joint_product,joint_product,1,18,MET_PA13.nii.gz,1,blur:1.5,213869,6864019,0.030216500163078308,329.48406982421875,0.0015405883314087987,0.030973311513662338,1943334.5,0.2831190228462219,0.00010445564112160355,0.01553888339549303
A2_joint_product,joint_product,1,19,HCC_10074592_20130816.nii.gz,0,blur:1.5,3899,7073989,0.0005508705507963896,0.008260665461421013,2.118662678185501e-06,0.37327179312705994,1770836.75,0.25033071637153625,0.005379099864512682,0.1893254518508911
A2_joint_product,joint_product,1,20,HCC_10074592_20130816.nii.gz,1,gamma:0.3,253900,6823988,0.035872284322977066,2218.395751953125,0.008737281896173954,0.001211945666000247,2115814.0,0.31005534529685974,2.072948518616613e-05,0.0006163375801406801
A2_joint_product,joint_product,1,21,CYST_PA19.nii.gz,0,gamma:0.3,0,7077888,0.0,0.0,0.0,0.0,1769472.0,0.25,0.0,0.0
A2_joint_product,joint_product,1,22,CYST_PA19.nii.gz,1,blur:1.5,217747,6860141,0.030764402821660042,998.0242919921875,0.004583412315696478,0.004634991753846407,1947229.375,0.2838468551635742,9.548922389512882e-05,0.0023652405943721533
A2_joint_product,joint_product,1,23,HEM_PA13.nii.gz,0,blur:1.5,0,7077888,0.0,0.0,0.0,0.0,1769472.0,0.25,0.0,0.0
A2_joint_product,joint_product,1,24,HEM_PA13.nii.gz,1,gamma:0.3,345692,6732196,0.048841122537851334,674.955078125,0.001952475169673562,0.005721068009734154,2005440.125,0.2978879511356354,2.7735650292015634e-05,0.0028744018636643887
A2_joint_product,joint_product,1,25,HCC_10142924_20170911.nii.gz,0,gamma:0.3,11022,7066866,0.0015572442207485437,0.034774214029312134,3.154982096020831e-06,0.07016415148973465,1777510.75,0.25152742862701416,4.085567979927873e-06,0.03508411720395088
A2_joint_product,joint_product,1,26,HCC_10142924_20170911.nii.gz,1,blur:1.5,179460,6898428,0.02535502053797245,741.774658203125,0.004133370704948902,0.016872938722372055,1996459.375,0.289407879114151,0.00010293505329173058,0.008487937040627003
A2_joint_product,joint_product,1,27,MET_PA25.nii.gz,0,blur:1.5,0,7077888,0.0,0.0,0.0,0.0,1769472.0,0.25,0.0,0.0
A2_joint_product,joint_product,1,28,MET_PA25.nii.gz,1,gamma:0.3,195115,6882773,0.02756683900952339,996.4360961914062,0.00510691711679101,0.0007347172359004617,1973038.875,0.28666335344314575,7.609665772179142e-06,0.000371163449017331
A2_joint_product,joint_product,1,29,HCC_10147777_20171222.nii.gz,0,gamma:0.3,48112,7029776,0.006797507870942354,3.157656192779541,6.563136412296444e-05,0.1327473372220993,1724354.375,0.24529294669628143,1.1533001753605276e-07,0.06637372821569443
A2_joint_product,joint_product,1,30,HCC_10147777_20171222.nii.gz,1,blur:1.5,228868,6849020,0.032335635274648666,299.2966613769531,0.001307726139202714,0.27568838000297546,1966444.625,0.2871132791042328,0.00013957459304947406,0.13791397213935852
A2_joint_product,joint_product,1,31,HCC_PA0.nii.gz,0,blur:1.5,0,7077888,0.0,0.0,0.0,0.0,1769472.0,0.25,0.0,0.0
A2_joint_product,joint_product,1,32,HCC_PA0.nii.gz,1,gamma:0.3,1135813,5942075,0.16047343611717224,47472.6171875,0.04179615527391434,0.0018928800709545612,2185431.0,0.36778920888900757,6.580824265256524e-05,0.0009793441276997328
A2_joint_product,joint_product,1,33,CYST_PA37.nii.gz,0,gamma:0.3,0,7077888,0.0,0.0,0.0,0.0,1769472.0,0.25,0.0,0.0
A2_joint_product,joint_product,1,34,CYST_PA37.nii.gz,1,blur:1.5,202150,6875738,0.028560779988765717,229.84429931640625,0.0011369987623766065,0.07378139346837997,2045497.875,0.297495037317276,5.452246477943845e-05,0.03691795840859413
A2_joint_product,joint_product,1,35,ICC_PA18.nii.gz,0,blur:1.5,0,7077888,0.0,0.0,0.0,0.0,1769472.0,0.25,0.0,0.0
A2_joint_product,joint_product,1,36,ICC_PA18.nii.gz,1,gamma:0.3,831496,6246392,0.11747798323631287,20736.501953125,0.024938786402344704,0.0017574018565937877,2178633.75,0.3487827181816101,4.133550828555599e-05,0.0008993686642497778
A2_joint_product,joint_product,1,37,HCC_10081574_20140213.nii.gz,0,gamma:0.3,0,7077888,0.0,0.0,0.0,0.0,1769472.0,0.25,0.0,0.0
A2_joint_product,joint_product,1,38,HCC_10081574_20140213.nii.gz,1,blur:1.5,217923,6859965,0.030789269134402275,2088.486328125,0.009583598002791405,0.0019263479625806212,2046547.625,0.2983320951461792,0.0001150945172412321,0.0010207212762907147
A2_joint_product,joint_product,1,39,MET_PA19.nii.gz,0,blur:1.5,0,7077888,0.0,0.0,0.0,0.0,1769472.0,0.25,0.0,0.0
A2_joint_product,joint_product,1,40,MET_PA19.nii.gz,1,gamma:0.3,183634,6894254,0.025944745168089867,96.25883483886719,0.0005241885082796216,0.014180795289576054,1953373.25,0.28333353996276855,3.4553488603705773e-06,0.0070921252481639385
A2_joint_product,joint_product,1,41,HEM_PA24.nii.gz,0,gamma:0.3,0,7077888,0.0,0.0,0.0,0.0,1769472.0,0.25,0.0,0.0
A2_joint_product,joint_product,1,42,HEM_PA24.nii.gz,1,blur:1.5,241542,6836346,0.03412628173828125,682.2576904296875,0.0028245924040675163,0.018169645220041275,1988087.125,0.29081135988235474,5.366850018617697e-05,0.009111656807363033
A2_joint_product,joint_product,1,43,CYST_PA74.nii.gz,0,blur:1.5,0,7077888,0.0,0.0,0.0,0.0,1769472.0,0.25,0.0,0.0
A2_joint_product,joint_product,1,44,CYST_PA74.nii.gz,1,gamma:0.3,258931,6818957,0.03658308833837509,1753.06982421875,0.006770413368940353,0.0005219466402195394,1934389.875,0.283678263425827,7.8463381214533e-06,0.00026489648735150695
A2_joint_product,joint_product,1,45,HEM_PA34.nii.gz,0,gamma:0.3,0,7077888,0.0,0.0,0.0,0.0,1769472.0,0.25,0.0,0.0
A2_joint_product,joint_product,1,46,HEM_PA34.nii.gz,1,blur:1.5,293538,6784350,0.04147254303097725,1743.401123046875,0.005939268972724676,0.0022794557735323906,1957705.625,0.28856199979782104,0.0001253852533409372,0.0012024205643683672
A2_joint_product,joint_product,1,47,FNH_PA32.nii.gz,0,blur:1.5,82806,6995082,0.011699252761900425,13.787569046020508,0.00016650446923449636,0.041801147162914276,1759979.125,0.2516023516654968,1.0715745020206668e-06,0.020901110023260117
A2_joint_product,joint_product,1,48,FNH_PA32.nii.gz,1,gamma:0.3,284258,6793630,0.04016141593456268,377.1343078613281,0.0013267324538901448,0.002191282343119383,1849202.0,0.2721964716911316,5.644386078529351e-07,0.0010959233622998
A2_joint_product,joint_product,1,49,FNH_PA10.nii.gz,0,gamma:0.3,0,7077888,0.0,0.0,0.0,0.0,1769472.0,0.25,0.0,0.0
A2_joint_product,joint_product,1,50,FNH_PA10.nii.gz,1,blur:1.5,863052,6214836,0.1219363734126091,16670.0625,0.019315246492624283,0.0013142889365553856,2175838.0,0.35010382533073425,0.00022738204279448837,0.0007708354969508946
A2_joint_product,joint_product,1,51,CYST_PA54.nii.gz,0,blur:1.5,84090,6993798,0.011880663223564625,16.072322845458984,0.00019113239250145853,0.06866142153739929,1749976.0,0.2502182424068451,8.251591907537659e-07,0.034331124275922775
A2_joint_product,joint_product,1,52,CYST_PA54.nii.gz,1,gamma:0.3,231321,6846567,0.032682206481695175,300.3991394042969,0.0012986245565116405,0.0017356568714603782,1906823.25,0.27850791811943054,1.8141994360121316e-06,0.0008687355439178646
A2_joint_product,joint_product,1,53,CYST_PA53.nii.gz,0,gamma:0.3,256227,6821661,0.036201052367687225,650.99560546875,0.0025406985078006983,0.0005569194327108562,1919703.25,0.28141286969184875,2.8242116059118416e-06,0.0002798718342091888
A2_joint_product,joint_product,1,54,CYST_PA53.nii.gz,1,blur:1.5,395200,6682688,0.05583586543798447,1338.9393310546875,0.0033880043774843216,0.006356820929795504,1936233.875,0.2897387742996216,5.893076377105899e-06,0.0031813569366931915
A2_joint_product,joint_product,1,55,CYST_PA38.nii.gz,0,blur:1.5,48054,7029834,0.0067893136292696,9.544947624206543,0.0001986296265386045,0.01915529929101467,1779675.125,0.2531603276729584,9.8518091817823e-07,0.009578142315149307
A2_joint_product,joint_product,1,56,CYST_PA38.nii.gz,1,gamma:0.3,227620,6850268,0.03215930983424187,236.86639404296875,0.001040622009895742,0.0006503009935840964,1911252.875,0.2790040969848633,1.0541215260673198e-06,0.00032567756716161966
A2_joint_product,joint_product,1,57,HEM_PA66.nii.gz,0,gamma:0.3,50026,7027862,0.007067927625030279,4.978174209594727,9.951173706213012e-05,0.0028080549091100693,1799394.0,0.256037175655365,3.057377568893571e-07,0.0014041803078725934
A2_joint_product,joint_product,1,58,HEM_PA66.nii.gz,1,blur:1.5,240303,6837585,0.033951230347156525,240.6309814453125,0.0010013649007305503,0.00572295393794775,1842753.75,0.2695035934448242,1.835516400205961e-06,0.0028623947873711586
A2_joint_product,joint_product,1,59,HEM_PA56.nii.gz,0,blur:1.5,84305,6993583,0.011911039240658283,9.464668273925781,0.00011226698552491143,0.021962393075227737,1771196.0,0.25326016545295715,4.5438420670507185e-07,0.010981423780322075
A2_joint_product,joint_product,1,60,HEM_PA56.nii.gz,1,gamma:0.3,386275,6691613,0.05457489565014839,1361.71337890625,0.0035252433735877275,0.0007421685149893165,1922765.25,0.28733956813812256,2.3890609099908033e-06,0.0003722787951119244
A2_joint_product,joint_product,2,61,HEM_PA99.nii.gz,0,gamma:0.3,0,7077888,0.0,0.0,0.0,0.0,1769472.0,0.25,0.0,0.0
A2_joint_product,joint_product,2,62,HEM_PA99.nii.gz,1,blur:1.5,396016,6681872,0.055951155722141266,3379.462890625,0.008533651940524578,0.013508224859833717,2005543.625,0.3001469671726227,7.493889279430732e-05,0.006791581865400076
A2_joint_product,joint_product,2,63,HCC_10140276_20170721.nii.gz,0,blur:1.5,31095,7046793,0.0043932595290243626,0.9069969654083252,2.9168579203542322e-05,1.2109817266464233,1722289.125,0.244407519698143,1.3543848353947396e-06,0.6054915189743042
A2_joint_product,joint_product,2,64,HCC_10140276_20170721.nii.gz,1,gamma:0.3,182908,6894980,0.025842173025012016,203.26239013671875,0.0011112821521237493,0.017995305359363556,2011968.875,0.29180198907852173,6.344798293866916e-06,0.009000824764370918
A2_joint_product,joint_product,2,65,HEM_PA97.nii.gz,0,gamma:0.3,29498,7048390,0.004167627543210983,0.5313544273376465,1.8013235603575595e-05,4.440545082092285,1793645.625,0.2544759213924408,1.3975788304421144e-09,2.2202725410461426
A2_joint_product,joint_product,2,66,HEM_PA97.nii.gz,1,blur:1.5,279722,6798166,0.03952054679393768,258.44677734375,0.0009239415521733463,0.401680052280426,1919218.375,0.28231412172317505,4.350352901383303e-05,0.20086178183555603
A2_joint_product,joint_product,2,67,CYST_PA69.nii.gz,0,blur:1.5,0,7077888,0.0,0.0,0.0,0.0,1769472.0,0.25,0.0,0.0
A2_joint_product,joint_product,2,68,CYST_PA69.nii.gz,1,gamma:0.3,435849,6642039,0.061578962951898575,2869.322509765625,0.006583294831216335,0.006939252372831106,1931668.25,0.2908245921134949,0.0001282730809180066,0.0035337626468390226
A2_joint_product,joint_product,2,69,HCC_10076307_20130925.nii.gz,0,gamma:0.3,14673,7063215,0.0020730760879814625,0.05134439468383789,3.499243121041218e-06,0.1850159615278244,1779557.0,0.25194716453552246,9.607826996216318e-07,0.0925084576010704
A2_joint_product,joint_product,2,70,HCC_10076307_20130925.nii.gz,1,blur:1.5,230690,6847198,0.03259305655956268,208.19859313964844,0.0009025037870742381,0.10419252514839172,1981415.25,0.28937605023384094,0.00026302289916202426,0.052227772772312164
A2_joint_product,joint_product,2,71,CYST_PA20.nii.gz,0,blur:1.5,7532,7070356,0.001064159208908677,0.13259020447731018,1.760358463798184e-05,0.3112659454345703,1779917.125,0.2517436444759369,0.00030524932662956417,0.15578559041023254
A2_joint_product,joint_product,2,72,CYST_PA20.nii.gz,1,gamma:0.3,230686,6847202,0.03259249031543732,909.6148681640625,0.003943086601793766,0.0009205296519212425,2023201.75,0.29547861218452454,1.4515862858388573e-05,0.00046752276830375195
A2_joint_product,joint_product,2,73,CYST_PA56.nii.gz,0,gamma:0.3,0,7077888,0.0,0.0,0.0,0.0,1769472.0,0.25,0.0,0.0
A2_joint_product,joint_product,2,74,CYST_PA56.nii.gz,1,blur:1.5,259412,6818476,0.036651045083999634,885.6433715820312,0.003414041828364134,0.028328213840723038,2001620.875,0.29355838894844055,0.00014649724471382797,0.014237355440855026
A2_joint_product,joint_product,2,75,HCC_10136895_20170421.nii.gz,0,blur:1.5,31005,7046883,0.0043805441819131374,2.551334857940674,8.228785009123385e-05,0.15004822611808777,1797925.5,0.25513768196105957,0.0025917794555425644,0.07631999999284744
A2_joint_product,joint_product,2,76,HCC_10136895_20170421.nii.gz,1,gamma:0.3,257228,6820660,0.03634247928857803,648.810546875,0.002522316761314869,0.004672948736697435,1953535.375,0.28641441464424133,5.647555735777132e-05,0.002364712068811059
A2_joint_product,joint_product,2,77,MET_PA13.nii.gz,0,gamma:0.3,0,7077888,0.0,0.0,0.0,0.0,1769472.0,0.25,0.0,0.0
A2_joint_product,joint_product,2,78,MET_PA13.nii.gz,1,blur:1.5,213869,6864019,0.030216500163078308,329.48406982421875,0.0015405883314087987,0.018529951572418213,1943334.5,0.2831190228462219,0.00024176716397050768,0.009385859593749046
A2_joint_product,joint_product,2,79,HCC_10074592_20130816.nii.gz,0,blur:1.5,3899,7073989,0.0005508705507963896,0.008260665461421013,2.118662678185501e-06,0.47121840715408325,1770836.75,0.25033071637153625,0.00533225666731596,0.23827533423900604
A2_joint_product,joint_product,2,80,HCC_10074592_20130816.nii.gz,1,gamma:0.3,253900,6823988,0.035872284322977066,2218.395751953125,0.008737281896173954,0.0009443342569284141,2115814.0,0.31005534529685974,3.0395254725590348e-05,0.00048736477037891746
A2_joint_product,joint_product,2,81,CYST_PA19.nii.gz,0,gamma:0.3,0,7077888,0.0,0.0,0.0,0.0,1769472.0,0.25,0.0,0.0
A2_joint_product,joint_product,2,82,CYST_PA19.nii.gz,1,blur:1.5,217747,6860141,0.030764402821660042,998.0242919921875,0.004583412315696478,0.0029691215604543686,1947229.375,0.2838468551635742,0.00016374664846807718,0.001566434046253562
A2_joint_product,joint_product,2,83,HEM_PA13.nii.gz,0,blur:1.5,0,7077888,0.0,0.0,0.0,0.0,1769472.0,0.25,0.0,0.0
A2_joint_product,joint_product,2,84,HEM_PA13.nii.gz,1,gamma:0.3,345692,6732196,0.048841122537851334,674.955078125,0.001952475169673562,0.002906263107433915,2005440.125,0.2978879511356354,4.017798346467316e-05,0.001473220530897379
A2_joint_product,joint_product,2,85,HCC_10142924_20170911.nii.gz,0,gamma:0.3,11022,7066866,0.0015572442207485437,0.034774214029312134,3.154982096020831e-06,0.08252410590648651,1777510.75,0.25152742862701416,9.93873254628852e-06,0.041267022490501404
A2_joint_product,joint_product,2,86,HCC_10142924_20170911.nii.gz,1,blur:1.5,179460,6898428,0.02535502053797245,741.774658203125,0.004133370704948902,0.00951689388602972,1996459.375,0.289407879114151,0.00023187915212474763,0.0048743863590061665
A2_joint_product,joint_product,2,87,MET_PA25.nii.gz,0,blur:1.5,0,7077888,0.0,0.0,0.0,0.0,1769472.0,0.25,0.0,0.0
A2_joint_product,joint_product,2,88,MET_PA25.nii.gz,1,gamma:0.3,195115,6882773,0.02756683900952339,996.4360961914062,0.00510691711679101,0.0006800721166655421,1973038.875,0.28666335344314575,1.3437842426355928e-05,0.0003467549686320126
A2_joint_product,joint_product,2,89,HCC_10147777_20171222.nii.gz,0,gamma:0.3,48112,7029776,0.006797507870942354,3.157656192779541,6.563136412296444e-05,0.12052276730537415,1724354.375,0.24529294669628143,5.87796023410192e-07,0.06026167795062065
A2_joint_product,joint_product,2,90,HCC_10147777_20171222.nii.gz,1,blur:1.5,228868,6849020,0.032335635274648666,299.2966613769531,0.001307726139202714,0.2577804923057556,1966444.625,0.2871132791042328,0.00023684219922870398,0.12900866568088531
A2_joint_product,joint_product,2,91,HCC_PA0.nii.gz,0,blur:1.5,0,7077888,0.0,0.0,0.0,0.0,1769472.0,0.25,0.0,0.0
A2_joint_product,joint_product,2,92,HCC_PA0.nii.gz,1,gamma:0.3,1135813,5942075,0.16047343611717224,47472.6171875,0.04179615527391434,0.0014586232136934996,2185431.0,0.36778920888900757,0.000112762616481632,0.0007856929441913962
A2_joint_product,joint_product,2,93,CYST_PA37.nii.gz,0,gamma:0.3,0,7077888,0.0,0.0,0.0,0.0,1769472.0,0.25,0.0,0.0
A2_joint_product,joint_product,2,94,CYST_PA37.nii.gz,1,blur:1.5,202150,6875738,0.028560779988765717,229.84429931640625,0.0011369987623766065,0.04299735277891159,2045497.875,0.297495037317276,7.830061804270372e-05,0.02153782732784748
A2_joint_product,joint_product,2,95,ICC_PA18.nii.gz,0,blur:1.5,0,7077888,0.0,0.0,0.0,0.0,1769472.0,0.25,0.0,0.0
A2_joint_product,joint_product,2,96,ICC_PA18.nii.gz,1,gamma:0.3,831496,6246392,0.11747798323631287,20736.501953125,0.024938786402344704,0.0013535714242607355,2178633.75,0.3487827181816101,7.802545587765053e-05,0.0007157984655350447
A2_joint_product,joint_product,2,97,HCC_10081574_20140213.nii.gz,0,gamma:0.3,0,7077888,0.0,0.0,0.0,0.0,1769472.0,0.25,1.6179102502178466e-08,1.6179102502178466e-08
A2_joint_product,joint_product,2,98,HCC_10081574_20140213.nii.gz,1,blur:1.5,217923,6859965,0.030789269134402275,2088.486328125,0.009583598002791405,0.0014543130528181791,2046547.625,0.2983320951461792,0.00017856567865237594,0.000816439394839108
A2_joint_product,joint_product,2,99,MET_PA19.nii.gz,0,blur:1.5,0,7077888,0.0,0.0,0.0,0.0,1769472.0,0.25,0.0,0.0
A2_joint_product,joint_product,2,100,MET_PA19.nii.gz,1,gamma:0.3,183634,6894254,0.025944745168089867,96.25883483886719,0.0005241885082796216,0.004648303147405386,1953373.25,0.28333353996276855,1.2482575584726874e-05,0.0023303928319364786
A2_joint_product,joint_product,2,101,HEM_PA24.nii.gz,0,gamma:0.3,0,7077888,0.0,0.0,0.0,0.0,1769472.0,0.25,0.0,0.0
A2_joint_product,joint_product,2,102,HEM_PA24.nii.gz,1,blur:1.5,241542,6836346,0.03412628173828125,682.2576904296875,0.0028245924040675163,0.011406974866986275,1988087.125,0.29081135988235474,0.00011042726691812277,0.005758700892329216
A2_joint_product,joint_product,2,103,CYST_PA74.nii.gz,0,blur:1.5,0,7077888,0.0,0.0,0.0,0.0,1769472.0,0.25,0.0,0.0
A2_joint_product,joint_product,2,104,CYST_PA74.nii.gz,1,gamma:0.3,258931,6818957,0.03658308833837509,1753.06982421875,0.006770413368940353,0.00027601339388638735,1934389.875,0.283678263425827,2.148145722458139e-05,0.00014874742191750556
A2_joint_product,joint_product,2,105,HEM_PA34.nii.gz,0,gamma:0.3,0,7077888,0.0,0.0,0.0,0.0,1769472.0,0.25,0.0,0.0
A2_joint_product,joint_product,2,106,HEM_PA34.nii.gz,1,blur:1.5,293538,6784350,0.04147254303097725,1743.401123046875,0.005939268972724676,0.0021830773912370205,1957705.625,0.28856199979782104,0.00013613243936561048,0.0011596048716455698
A2_joint_product,joint_product,2,107,FNH_PA32.nii.gz,0,blur:1.5,82806,6995082,0.011699252761900425,13.787569046020508,0.00016650446923449636,0.020910950377583504,1759979.125,0.2516023516654968,1.7145359834103147e-06,0.010456332005560398
A2_joint_product,joint_product,2,108,FNH_PA32.nii.gz,1,gamma:0.3,284258,6793630,0.04016141593456268,377.1343078613281,0.0013267324538901448,0.001525178668089211,1849202.0,0.2721964716911316,2.60305569099728e-06,0.0007638908573426306
A2_joint_product,joint_product,2,109,FNH_PA10.nii.gz,0,gamma:0.3,0,7077888,0.0,0.0,0.0,0.0,1769472.0,0.25,0.0,0.0
A2_joint_product,joint_product,2,110,FNH_PA10.nii.gz,1,blur:1.5,863052,6214836,0.1219363734126091,16670.0625,0.019315246492624283,0.0010618894593790174,2175838.0,0.35010382533073425,0.0005134958191774786,0.0007876926101744175
A2_joint_product,joint_product,2,111,CYST_PA54.nii.gz,0,blur:1.5,84090,6993798,0.011880663223564625,16.072322845458984,0.00019113239250145853,0.041534826159477234,1749976.0,0.2502182424068451,1.8381789459454012e-06,0.020768331363797188
A2_joint_product,joint_product,2,112,CYST_PA54.nii.gz,1,gamma:0.3,231321,6846567,0.032682206481695175,300.3991394042969,0.0012986245565116405,0.0008943932480178773,1906823.25,0.27850791811943054,5.323172445059754e-06,0.0004498581984080374
A2_joint_product,joint_product,2,113,CYST_PA53.nii.gz,0,gamma:0.3,256227,6821661,0.036201052367687225,650.99560546875,0.0025406985078006983,0.00029752260888926685,1919703.25,0.28141286969184875,5.985474217595765e-06,0.00015175403677858412
A2_joint_product,joint_product,2,114,CYST_PA53.nii.gz,1,blur:1.5,395200,6682688,0.05583586543798447,1338.9393310546875,0.0033880043774843216,0.0071492246352136135,1936233.875,0.2897387742996216,8.848168363329023e-06,0.003579036332666874
A2_joint_product,joint_product,2,115,CYST_PA38.nii.gz,0,blur:1.5,48054,7029834,0.0067893136292696,9.544947624206543,0.0001986296265386045,0.015285325236618519,1779675.125,0.2531603276729584,1.8803519878929364e-06,0.007643602788448334
A2_joint_product,joint_product,2,116,CYST_PA38.nii.gz,1,gamma:0.3,227620,6850268,0.03215930983424187,236.86639404296875,0.001040622009895742,0.0007330267690122128,1911252.875,0.2790040969848633,2.3615066311322153e-06,0.00036769412690773606
A2_joint_product,joint_product,2,117,HEM_PA66.nii.gz,0,gamma:0.3,50026,7027862,0.007067927625030279,4.978174209594727,9.951173706213012e-05,0.0029729981906712055,1799394.0,0.256037175655365,5.5653850949966e-07,0.0014867773279547691
A2_joint_product,joint_product,2,118,HEM_PA66.nii.gz,1,blur:1.5,240303,6837585,0.033951230347156525,240.6309814453125,0.0010013649007305503,0.0062873512506484985,1842753.75,0.2695035934448242,4.543984232441289e-06,0.0031459475867450237
A2_joint_product,joint_product,2,119,HEM_PA56.nii.gz,0,blur:1.5,84305,6993583,0.011911039240658283,9.464668273925781,0.00011226698552491143,0.017163587734103203,1771196.0,0.25326016545295715,8.160188258443668e-07,0.008582201786339283
A2_joint_product,joint_product,2,120,HEM_PA56.nii.gz,1,gamma:0.3,386275,6691613,0.05457489565014839,1361.71337890625,0.0035252433735877275,0.000605206994805485,1922765.25,0.28733956813812256,4.685420208261348e-06,0.0003049462102353573
A2_joint_product,joint_product,3,121,HEM_PA99.nii.gz,0,gamma:0.3,0,7077888,0.0,0.0,0.0,0.0,1769472.0,0.25,0.0,0.0
A2_joint_product,joint_product,3,122,HEM_PA99.nii.gz,1,blur:1.5,396016,6681872,0.055951155722141266,3379.462890625,0.008533651940524578,0.010923336260020733,2005543.625,0.3001469671726227,0.00012753943155985326,0.0055254376493394375
A2_joint_product,joint_product,3,123,HCC_10140276_20170721.nii.gz,0,blur:1.5,31095,7046793,0.0043932595290243626,0.9069969654083252,2.9168579203542322e-05,0.5446811318397522,1722289.125,0.244407519698143,8.647822141938377e-06,0.2723448872566223
A2_joint_product,joint_product,3,124,HCC_10140276_20170721.nii.gz,1,gamma:0.3,182908,6894980,0.025842173025012016,203.26239013671875,0.0011112821521237493,0.004886473994702101,2011968.875,0.29180198907852173,2.5873670892906375e-05,0.0024561737664043903
A2_joint_product,joint_product,3,125,HEM_PA97.nii.gz,0,gamma:0.3,29498,7048390,0.004167627543210983,0.5313544273376465,1.8013235603575595e-05,0.017439913004636765,1793645.625,0.2544759213924408,1.509633057139581e-05,0.00872750487178564
A2_joint_product,joint_product,3,126,HEM_PA97.nii.gz,1,blur:1.5,279722,6798166,0.03952054679393768,258.44677734375,0.0009239415521733463,0.14095273613929749,1919218.375,0.28231412172317505,0.00020004258840344846,0.07057639211416245
A2_joint_product,joint_product,3,127,CYST_PA69.nii.gz,0,blur:1.5,0,7077888,0.0,0.0,0.0,0.0,1769472.0,0.25,0.0,0.0
A2_joint_product,joint_product,3,128,CYST_PA69.nii.gz,1,gamma:0.3,435849,6642039,0.061578962951898575,2869.322509765625,0.006583294831216335,0.003249167697504163,1931668.25,0.2908245921134949,0.00026930661988444626,0.0017592371441423893
A2_joint_product,joint_product,3,129,HCC_10076307_20130925.nii.gz,0,gamma:0.3,14673,7063215,0.0020730760879814625,0.05134439468383789,3.499243121041218e-06,0.02599293179810047,1779557.0,0.25194716453552246,9.844222404353786e-06,0.013001387938857079
A2_joint_product,joint_product,3,130,HCC_10076307_20130925.nii.gz,1,blur:1.5,230690,6847198,0.03259305655956268,208.19859313964844,0.0009025037870742381,0.07955016195774078,1981415.25,0.28937605023384094,0.00038144440623000264,0.039965804666280746
A2_joint_product,joint_product,3,131,CYST_PA20.nii.gz,0,blur:1.5,7532,7070356,0.001064159208908677,0.13259020447731018,1.760358463798184e-05,0.1521105021238327,1779917.125,0.2517436444759369,0.0006195213063620031,0.07636500895023346
A2_joint_product,joint_product,3,132,CYST_PA20.nii.gz,1,gamma:0.3,230686,6847202,0.03259249031543732,909.6148681640625,0.003943086601793766,0.00034891540417447686,2023201.75,0.29547861218452454,3.0782011890551075e-05,0.00018984870985150337
A2_joint_product,joint_product,3,133,CYST_PA56.nii.gz,0,gamma:0.3,0,7077888,0.0,0.0,0.0,0.0,1769472.0,0.25,0.0,0.0
A2_joint_product,joint_product,3,134,CYST_PA56.nii.gz,1,blur:1.5,259412,6818476,0.036651045083999634,885.6433715820312,0.003414041828364134,0.020426273345947266,2001620.875,0.29355838894844055,0.00022132501180749387,0.010323799215257168
A2_joint_product,joint_product,3,135,HCC_10136895_20170421.nii.gz,0,blur:1.5,31005,7046883,0.0043805441819131374,2.551334857940674,8.228785009123385e-05,0.07938431203365326,1797925.5,0.25513768196105957,0.004774588160216808,0.04207944869995117
A2_joint_product,joint_product,3,136,HCC_10136895_20170421.nii.gz,1,gamma:0.3,257228,6820660,0.03634247928857803,648.810546875,0.002522316761314869,0.003185537876561284,1953535.375,0.28641441464424133,9.356228110846132e-05,0.0016395500861108303
A2_joint_product,joint_product,3,137,MET_PA13.nii.gz,0,gamma:0.3,0,7077888,0.0,0.0,0.0,0.0,1769472.0,0.25,0.0,0.0
A2_joint_product,joint_product,3,138,MET_PA13.nii.gz,1,blur:1.5,213869,6864019,0.030216500163078308,329.48406982421875,0.0015405883314087987,0.00977340992540121,1943334.5,0.2831190228462219,0.0007220405386760831,0.005247725173830986
A2_joint_product,joint_product,3,139,HCC_10074592_20130816.nii.gz,0,blur:1.5,3899,7073989,0.0005508705507963896,0.008260665461421013,2.118662678185501e-06,0.31983768939971924,1770836.75,0.25033071637153625,0.007346317637711763,0.16359201073646545
A2_joint_product,joint_product,3,140,HCC_10074592_20130816.nii.gz,1,gamma:0.3,253900,6823988,0.035872284322977066,2218.395751953125,0.008737281896173954,0.0010539385257288814,2115814.0,0.31005534529685974,6.412769289454445e-05,0.0005590331275016069
A2_joint_product,joint_product,3,141,CYST_PA19.nii.gz,0,gamma:0.3,0,7077888,0.0,0.0,0.0,0.0,1769472.0,0.25,0.0,0.0
A2_joint_product,joint_product,3,142,CYST_PA19.nii.gz,1,blur:1.5,217747,6860141,0.030764402821660042,998.0242919921875,0.004583412315696478,0.0018704640679061413,1947229.375,0.2838468551635742,0.00035516690695658326,0.0011128154583275318
A2_joint_product,joint_product,3,143,HEM_PA13.nii.gz,0,blur:1.5,0,7077888,0.0,0.0,0.0,0.0,1769472.0,0.25,0.0,0.0
A2_joint_product,joint_product,3,144,HEM_PA13.nii.gz,1,gamma:0.3,345692,6732196,0.048841122537851334,674.955078125,0.001952475169673562,0.0016275137895718217,2005440.125,0.2978879511356354,7.278184057213366e-05,0.0008501478005200624
A2_joint_product,joint_product,3,145,HCC_10142924_20170911.nii.gz,0,gamma:0.3,11022,7066866,0.0015572442207485437,0.034774214029312134,3.154982096020831e-06,0.03364091366529465,1777510.75,0.25152742862701416,2.4295133698615246e-05,0.016832605004310608
A2_joint_product,joint_product,3,146,HCC_10142924_20170911.nii.gz,1,blur:1.5,179460,6898428,0.02535502053797245,741.774658203125,0.004133370704948902,0.007520147133618593,1996459.375,0.289407879114151,0.0003830555360764265,0.003951601218432188
A2_joint_product,joint_product,3,147,MET_PA25.nii.gz,0,blur:1.5,0,7077888,0.0,0.0,0.0,0.0,1769472.0,0.25,0.0,0.0
A2_joint_product,joint_product,3,148,MET_PA25.nii.gz,1,gamma:0.3,195115,6882773,0.02756683900952339,996.4360961914062,0.00510691711679101,0.0001790431997505948,1973038.875,0.28666335344314575,3.228450441383757e-05,0.00010566385026322678
A2_joint_product,joint_product,3,149,HCC_10147777_20171222.nii.gz,0,gamma:0.3,48112,7029776,0.006797507870942354,3.157656192779541,6.563136412296444e-05,0.005413602571934462,1724354.375,0.24529294669628143,7.101562005118467e-06,0.0027103519532829523
A2_joint_product,joint_product,3,150,HCC_10147777_20171222.nii.gz,1,blur:1.5,228868,6849020,0.032335635274648666,299.2966613769531,0.001307726139202714,0.09714950621128082,1966444.625,0.2871132791042328,0.0003509501984808594,0.04875022917985916
A2_joint_product,joint_product,3,151,HCC_PA0.nii.gz,0,blur:1.5,0,7077888,0.0,0.0,0.0,0.0,1769472.0,0.25,0.0,0.0
A2_joint_product,joint_product,3,152,HCC_PA0.nii.gz,1,gamma:0.3,1135813,5942075,0.16047343611717224,47472.6171875,0.04179615527391434,0.0018168503884226084,2185431.0,0.36778920888900757,0.0002861641114577651,0.0010515071917325258
A2_joint_product,joint_product,3,153,CYST_PA37.nii.gz,0,gamma:0.3,0,7077888,0.0,0.0,0.0,0.0,1769472.0,0.25,0.0,0.0
A2_joint_product,joint_product,3,154,CYST_PA37.nii.gz,1,blur:1.5,202150,6875738,0.028560779988765717,229.84429931640625,0.0011369987623766065,0.022645654156804085,2045497.875,0.297495037317276,0.00011172975791851059,0.011378691531717777
A2_joint_product,joint_product,3,155,ICC_PA18.nii.gz,0,blur:1.5,0,7077888,0.0,0.0,0.0,0.0,1769472.0,0.25,0.0,0.0
A2_joint_product,joint_product,3,156,ICC_PA18.nii.gz,1,gamma:0.3,831496,6246392,0.11747798323631287,20736.501953125,0.024938786402344704,0.0014573893276974559,2178633.75,0.3487827181816101,0.0001071601000148803,0.0007822746993042529
A2_joint_product,joint_product,3,157,HCC_10081574_20140213.nii.gz,0,gamma:0.3,0,7077888,0.0,0.0,0.0,0.0,1769472.0,0.25,3.715863380882034e-11,3.715863380882034e-11
A2_joint_product,joint_product,3,158,HCC_10081574_20140213.nii.gz,1,blur:1.5,217923,6859965,0.030789269134402275,2088.486328125,0.009583598002791405,0.0007703460869379342,2046547.625,0.2983320951461792,0.0002685999497771263,0.0005194729892536998
A2_joint_product,joint_product,3,159,MET_PA19.nii.gz,0,blur:1.5,0,7077888,0.0,0.0,0.0,0.0,1769472.0,0.25,0.0,0.0
A2_joint_product,joint_product,3,160,MET_PA19.nii.gz,1,gamma:0.3,183634,6894254,0.025944745168089867,96.25883483886719,0.0005241885082796216,0.0033272600267082453,1953373.25,0.28333353996276855,3.2025182008510455e-05,0.001679642591625452
A2_joint_product,joint_product,3,161,HEM_PA24.nii.gz,0,gamma:0.3,0,7077888,0.0,0.0,0.0,0.0,1769472.0,0.25,0.0,0.0
A2_joint_product,joint_product,3,162,HEM_PA24.nii.gz,1,blur:1.5,241542,6836346,0.03412628173828125,682.2576904296875,0.0028245924040675163,0.007549084722995758,1988087.125,0.29081135988235474,0.00015920292935334146,0.003854143898934126
A2_joint_product,joint_product,3,163,CYST_PA74.nii.gz,0,blur:1.5,0,7077888,0.0,0.0,0.0,0.0,1769472.0,0.25,0.0,0.0
A2_joint_product,joint_product,3,164,CYST_PA74.nii.gz,1,gamma:0.3,258931,6818957,0.03658308833837509,1753.06982421875,0.006770413368940353,0.00015898807032499462,1934389.875,0.283678263425827,3.696576823131181e-05,9.797691745916381e-05
A2_joint_product,joint_product,3,165,HEM_PA34.nii.gz,0,gamma:0.3,0,7077888,0.0,0.0,0.0,0.0,1769472.0,0.25,0.0,0.0
A2_joint_product,joint_product,3,166,HEM_PA34.nii.gz,1,blur:1.5,293538,6784350,0.04147254303097725,1743.401123046875,0.005939268972724676,0.0012704504188150167,1957705.625,0.28856199979782104,0.0002971944340970367,0.000783822441007942
A2_joint_product,joint_product,3,167,FNH_PA32.nii.gz,0,blur:1.5,82806,6995082,0.011699252761900425,13.787569046020508,0.00016650446923449636,0.022124681621789932,1759979.125,0.2516023516654968,2.747053486018558e-06,0.011063714511692524
A2_joint_product,joint_product,3,168,FNH_PA32.nii.gz,1,gamma:0.3,284258,6793630,0.04016141593456268,377.1343078613281,0.0013267324538901448,0.0011958066606894135,1849202.0,0.2721964716911316,3.181227839377243e-06,0.0005994939710944891
A2_joint_product,joint_product,3,169,FNH_PA10.nii.gz,0,gamma:0.3,0,7077888,0.0,0.0,0.0,0.0,1769472.0,0.25,0.0,0.0
A2_joint_product,joint_product,3,170,FNH_PA10.nii.gz,1,blur:1.5,863052,6214836,0.1219363734126091,16670.0625,0.019315246492624283,0.0007585820276290178,2175838.0,0.35010382533073425,0.0003698626533150673,0.0005642223404720426
A2_joint_product,joint_product,3,171,CYST_PA54.nii.gz,0,blur:1.5,84090,6993798,0.011880663223564625,16.072322845458984,0.00019113239250145853,0.027799835428595543,1749976.0,0.2502182424068451,2.6822599465958774e-06,0.013901258818805218
A2_joint_product,joint_product,3,172,CYST_PA54.nii.gz,1,gamma:0.3,231321,6846567,0.032682206481695175,300.3991394042969,0.0012986245565116405,0.000482185889268294,1906823.25,0.27850791811943054,5.025172413297696e-06,0.00024360553652513772
A2_joint_product,joint_product,3,173,CYST_PA53.nii.gz,0,gamma:0.3,256227,6821661,0.036201052367687225,650.99560546875,0.0025406985078006983,0.0002213158004451543,1919703.25,0.28141286969184875,5.743056590290507e-06,0.00011352942965459079
A2_joint_product,joint_product,3,174,CYST_PA53.nii.gz,1,blur:1.5,395200,6682688,0.05583586543798447,1338.9393310546875,0.0033880043774843216,0.004828045144677162,1936233.875,0.2897387742996216,2.170551124436315e-05,0.0024248752743005753
A2_joint_product,joint_product,3,175,CYST_PA38.nii.gz,0,blur:1.5,48054,7029834,0.0067893136292696,9.544947624206543,0.0001986296265386045,0.010791787877678871,1779675.125,0.2531603276729584,2.1281948647811078e-06,0.005396957974880934
A2_joint_product,joint_product,3,176,CYST_PA38.nii.gz,1,gamma:0.3,227620,6850268,0.03215930983424187,236.86639404296875,0.001040622009895742,0.0004031908174511045,1911252.875,0.2790040969848633,3.7143868212297093e-06,0.00020345259690657258
A2_joint_product,joint_product,3,177,HEM_PA66.nii.gz,0,gamma:0.3,50026,7027862,0.007067927625030279,4.978174209594727,9.951173706213012e-05,0.0013578843791037798,1799394.0,0.256037175655365,8.353562179763685e-07,0.0006793598877266049
A2_joint_product,joint_product,3,178,HEM_PA66.nii.gz,1,blur:1.5,240303,6837585,0.033951230347156525,240.6309814453125,0.0010013649007305503,0.00345594878308475,1842753.75,0.2695035934448242,6.01536839894834e-06,0.0017309820977970958
A2_joint_product,joint_product,3,179,HEM_PA56.nii.gz,0,blur:1.5,84305,6993583,0.011911039240658283,9.464668273925781,0.00011226698552491143,0.009259743615984917,1771196.0,0.25326016545295715,1.6052543969635735e-06,0.004630674608051777
A2_joint_product,joint_product,3,180,HEM_PA56.nii.gz,1,gamma:0.3,386275,6691613,0.05457489565014839,1361.71337890625,0.0035252433735877275,0.0005134199163876474,1922765.25,0.28733956813812256,1.0478594049345702e-05,0.00026194925885647535
A2_joint_product,joint_product,4,181,HEM_PA99.nii.gz,0,gamma:0.3,0,7077888,0.0,0.0,0.0,0.0,1769472.0,0.25,0.0,0.0
A2_joint_product,joint_product,4,182,HEM_PA99.nii.gz,1,blur:1.5,396016,6681872,0.055951155722141266,3379.462890625,0.008533651940524578,0.005341319367289543,2005543.625,0.3001469671726227,0.0002632541873026639,0.0028022867627441883
A2_joint_product,joint_product,4,183,HCC_10140276_20170721.nii.gz,0,blur:1.5,31095,7046793,0.0043932595290243626,0.9069969654083252,2.9168579203542322e-05,0.28717225790023804,1722289.125,0.244407519698143,2.0753834178321995e-05,0.14359650015830994
A2_joint_product,joint_product,4,184,HCC_10140276_20170721.nii.gz,1,gamma:0.3,182908,6894980,0.025842173025012016,203.26239013671875,0.0011112821521237493,0.002150475513190031,2011968.875,0.29180198907852173,5.0714592362055555e-05,0.0011005951091647148
A2_joint_product,joint_product,4,185,HEM_PA97.nii.gz,0,gamma:0.3,29498,7048390,0.004167627543210983,0.5313544273376465,1.8013235603575595e-05,0.015638161450624466,1793645.625,0.2544759213924408,1.2976119251106866e-05,0.007825569249689579
A2_joint_product,joint_product,4,186,HEM_PA97.nii.gz,1,blur:1.5,279722,6798166,0.03952054679393768,258.44677734375,0.0009239415521733463,0.11404174566268921,1919218.375,0.28231412172317505,0.00041634944500401616,0.057229045778512955
A2_joint_product,joint_product,4,187,CYST_PA69.nii.gz,0,blur:1.5,0,7077888,0.0,0.0,0.0,0.0,1769472.0,0.25,0.0,0.0
A2_joint_product,joint_product,4,188,CYST_PA69.nii.gz,1,gamma:0.3,435849,6642039,0.061578962951898575,2869.322509765625,0.006583294831216335,0.0025293033104389906,1931668.25,0.2908245921134949,0.00034212926402688026,0.0014357162872329354
A2_joint_product,joint_product,4,189,HCC_10076307_20130925.nii.gz,0,gamma:0.3,14673,7063215,0.0020730760879814625,0.05134439468383789,3.499243121041218e-06,0.02067641168832779,1779557.0,0.25194716453552246,0.0001083909155568108,0.010392401367425919
A2_joint_product,joint_product,4,190,HCC_10076307_20130925.nii.gz,1,blur:1.5,230690,6847198,0.03259305655956268,208.19859313964844,0.0009025037870742381,0.045777179300785065,1981415.25,0.28937605023384094,0.0007378347800113261,0.023257507011294365
A2_joint_product,joint_product,4,191,CYST_PA20.nii.gz,0,blur:1.5,7532,7070356,0.001064159208908677,0.13259020447731018,1.760358463798184e-05,0.05197396129369736,1779917.125,0.2517436444759369,0.0009654175955802202,0.02646968886256218
A2_joint_product,joint_product,4,192,CYST_PA20.nii.gz,1,gamma:0.3,230686,6847202,0.03259249031543732,909.6148681640625,0.003943086601793766,0.00016087331459857523,2023201.75,0.29547861218452454,9.414524538442492e-05,0.00012750927999150008
A2_joint_product,joint_product,4,193,CYST_PA56.nii.gz,0,gamma:0.3,0,7077888,0.0,0.0,0.0,0.0,1769472.0,0.25,0.0,0.0
A2_joint_product,joint_product,4,194,CYST_PA56.nii.gz,1,blur:1.5,259412,6818476,0.036651045083999634,885.6433715820312,0.003414041828364134,0.007939554750919342,2001620.875,0.29355838894844055,0.0005275940056890249,0.004233574494719505
A2_joint_product,joint_product,4,195,HCC_10136895_20170421.nii.gz,0,blur:1.5,31005,7046883,0.0043805441819131374,2.551334857940674,8.228785009123385e-05,0.059238165616989136,1797925.5,0.25513768196105957,0.005194739438593388,0.032216452062129974
A2_joint_product,joint_product,4,196,HCC_10136895_20170421.nii.gz,1,gamma:0.3,257228,6820660,0.03634247928857803,648.810546875,0.002522316761314869,0.0019831310492008924,1953535.375,0.28641441464424133,8.666252688271925e-05,0.0010348968207836151
A2_joint_product,joint_product,4,197,MET_PA13.nii.gz,0,gamma:0.3,0,7077888,0.0,0.0,0.0,0.0,1769472.0,0.25,0.0,0.0
A2_joint_product,joint_product,4,198,MET_PA13.nii.gz,1,blur:1.5,213869,6864019,0.030216500163078308,329.48406982421875,0.0015405883314087987,0.005650265142321587,1943334.5,0.2831190228462219,0.0012935942504554987,0.003471929579973221
A2_joint_product,joint_product,4,199,HCC_10074592_20130816.nii.gz,0,blur:1.5,3899,7073989,0.0005508705507963896,0.008260665461421013,2.118662678185501e-06,0.13190636038780212,1770836.75,0.25033071637153625,0.010875296778976917,0.07139082998037338
A2_joint_product,joint_product,4,200,HCC_10074592_20130816.nii.gz,1,gamma:0.3,253900,6823988,0.035872284322977066,2218.395751953125,0.008737281896173954,0.0005369431455619633,2115814.0,0.31005534529685974,0.00010341963934479281,0.0003201813960913569
A2_joint_product,joint_product,4,201,CYST_PA19.nii.gz,0,gamma:0.3,0,7077888,0.0,0.0,0.0,0.0,1769472.0,0.25,0.0,0.0
A2_joint_product,joint_product,4,202,CYST_PA19.nii.gz,1,blur:1.5,217747,6860141,0.030764402821660042,998.0242919921875,0.004583412315696478,0.00117042928468436,1947229.375,0.2838468551635742,0.0005238463636487722,0.0008471378241665661
A2_joint_product,joint_product,4,203,HEM_PA13.nii.gz,0,blur:1.5,0,7077888,0.0,0.0,0.0,0.0,1769472.0,0.25,0.0,0.0
A2_joint_product,joint_product,4,204,HEM_PA13.nii.gz,1,gamma:0.3,345692,6732196,0.048841122537851334,674.955078125,0.001952475169673562,0.0010173999471589923,2005440.125,0.2978879511356354,0.0001453054865123704,0.0005813527386635542
A2_joint_product,joint_product,4,205,HCC_10142924_20170911.nii.gz,0,gamma:0.3,11022,7066866,0.0015572442207485437,0.034774214029312134,3.154982096020831e-06,0.008128060027956963,1777510.75,0.25152742862701416,0.00010140291851712391,0.004114731680601835
A2_joint_product,joint_product,4,206,HCC_10142924_20170911.nii.gz,1,blur:1.5,179460,6898428,0.02535502053797245,741.774658203125,0.004133370704948902,0.004507352132350206,1996459.375,0.289407879114151,0.000594386481679976,0.0025508692488074303
A2_joint_product,joint_product,4,207,MET_PA25.nii.gz,0,blur:1.5,0,7077888,0.0,0.0,0.0,0.0,1769472.0,0.25,0.0,0.0
A2_joint_product,joint_product,4,208,MET_PA25.nii.gz,1,gamma:0.3,195115,6882773,0.02756683900952339,996.4360961914062,0.00510691711679101,0.00014804772217758,1973038.875,0.28666335344314575,8.94232071004808e-05,0.0001187354646390304
A2_joint_product,joint_product,4,209,HCC_10147777_20171222.nii.gz,0,gamma:0.3,48112,7029776,0.006797507870942354,3.157656192779541,6.563136412296444e-05,0.002780500566586852,1724354.375,0.24529294669628143,2.6179324777331203e-05,0.0014033399056643248
A2_joint_product,joint_product,4,210,HCC_10147777_20171222.nii.gz,1,blur:1.5,228868,6849020,0.032335635274648666,299.2966613769531,0.001307726139202714,0.05145285278558731,1966444.625,0.2871132791042328,0.0005549241905100644,0.026003887876868248
A2_joint_product,joint_product,4,211,HCC_PA0.nii.gz,0,blur:1.5,0,7077888,0.0,0.0,0.0,0.0,1769472.0,0.25,0.0,0.0
A2_joint_product,joint_product,4,212,HCC_PA0.nii.gz,1,gamma:0.3,1135813,5942075,0.16047343611717224,47472.6171875,0.04179615527391434,0.0013647223822772503,2185431.0,0.36778920888900757,0.00037009501829743385,0.0008674087002873421
A2_joint_product,joint_product,4,213,CYST_PA37.nii.gz,0,gamma:0.3,0,7077888,0.0,0.0,0.0,0.0,1769472.0,0.25,0.0,0.0
A2_joint_product,joint_product,4,214,CYST_PA37.nii.gz,1,blur:1.5,202150,6875738,0.028560779988765717,229.84429931640625,0.0011369987623766065,0.009960580617189407,2045497.875,0.297495037317276,0.00041943712858483195,0.005190008785575628
A2_joint_product,joint_product,4,215,ICC_PA18.nii.gz,0,blur:1.5,0,7077888,0.0,0.0,0.0,0.0,1769472.0,0.25,0.0,0.0
A2_joint_product,joint_product,4,216,ICC_PA18.nii.gz,1,gamma:0.3,831496,6246392,0.11747798323631287,20736.501953125,0.024938786402344704,0.001002020202577114,2178633.75,0.3487827181816101,0.00029548731981776655,0.0006487537757493556
A2_joint_product,joint_product,4,217,HCC_10081574_20140213.nii.gz,0,gamma:0.3,0,7077888,0.0,0.0,0.0,0.0,1769472.0,0.25,0.0,0.0
A2_joint_product,joint_product,4,218,HCC_10081574_20140213.nii.gz,1,blur:1.5,217923,6859965,0.030789269134402275,2088.486328125,0.009583598002791405,0.0004602392727974802,2046547.625,0.2983320951461792,0.0004189181490801275,0.0004395787254907191
A2_joint_product,joint_product,4,219,MET_PA19.nii.gz,0,blur:1.5,0,7077888,0.0,0.0,0.0,0.0,1769472.0,0.25,0.0,0.0
A2_joint_product,joint_product,4,220,MET_PA19.nii.gz,1,gamma:0.3,183634,6894254,0.025944745168089867,96.25883483886719,0.0005241885082796216,0.0010400046594440937,1953373.25,0.28333353996276855,5.2620263886637986e-05,0.0005463124834932387
A2_joint_product,joint_product,4,221,HEM_PA24.nii.gz,0,gamma:0.3,0,7077888,0.0,0.0,0.0,0.0,1769472.0,0.25,0.0,0.0
A2_joint_product,joint_product,4,222,HEM_PA24.nii.gz,1,blur:1.5,241542,6836346,0.03412628173828125,682.2576904296875,0.0028245924040675163,0.007098658476024866,1988087.125,0.29081135988235474,0.0002490982005838305,0.003673878265544772
A2_joint_product,joint_product,4,223,CYST_PA74.nii.gz,0,blur:1.5,0,7077888,0.0,0.0,0.0,0.0,1769472.0,0.25,0.0,0.0
A2_joint_product,joint_product,4,224,CYST_PA74.nii.gz,1,gamma:0.3,258931,6818957,0.03658308833837509,1753.06982421875,0.006770413368940353,7.411443948512897e-05,1934389.875,0.283678263425827,6.316955841612071e-05,6.864199531264603e-05
A2_joint_product,joint_product,4,225,HEM_PA34.nii.gz,0,gamma:0.3,0,7077888,0.0,0.0,0.0,0.0,1769472.0,0.25,0.0,0.0
A2_joint_product,joint_product,4,226,HEM_PA34.nii.gz,1,blur:1.5,293538,6784350,0.04147254303097725,1743.401123046875,0.005939268972724676,0.00040811533108353615,1957705.625,0.28856199979782104,0.0005552148795686662,0.0004816651053261012
A2_joint_product,joint_product,4,227,FNH_PA32.nii.gz,0,blur:1.5,82806,6995082,0.011699252761900425,13.787569046020508,0.00016650446923449636,0.009149307385087013,1759979.125,0.2516023516654968,4.709901986643672e-06,0.004577008541673422
A2_joint_product,joint_product,4,228,FNH_PA32.nii.gz,1,gamma:0.3,284258,6793630,0.04016141593456268,377.1343078613281,0.0013267324538901448,0.00039827899308875203,1849202.0,0.2721964716911316,1.4027188626641873e-05,0.00020615309767890722
A2_joint_product,joint_product,4,229,FNH_PA10.nii.gz,0,gamma:0.3,0,7077888,0.0,0.0,0.0,0.0,1769472.0,0.25,0.0,0.0
A2_joint_product,joint_product,4,230,FNH_PA10.nii.gz,1,blur:1.5,863052,6214836,0.1219363734126091,16670.0625,0.019315246492624283,0.0005935392109677196,2175838.0,0.35010382533073425,0.0008307613315992057,0.0007121502421796322
A2_joint_product,joint_product,4,231,CYST_PA54.nii.gz,0,blur:1.5,84090,6993798,0.011880663223564625,16.072322845458984,0.00019113239250145853,0.01050957478582859,1749976.0,0.2502182424068451,6.242083600227488e-06,0.005257908254861832
A2_joint_product,joint_product,4,232,CYST_PA54.nii.gz,1,gamma:0.3,231321,6846567,0.032682206481695175,300.3991394042969,0.0012986245565116405,0.0005644888733513653,1906823.25,0.27850791811943054,1.053946925821947e-05,0.00028751417994499207
A2_joint_product,joint_product,4,233,CYST_PA53.nii.gz,0,gamma:0.3,256227,6821661,0.036201052367687225,650.99560546875,0.0025406985078006983,0.00018519598233979195,1919703.25,0.28141286969184875,1.2172374226793181e-05,9.868417691905051e-05
A2_joint_product,joint_product,4,234,CYST_PA53.nii.gz,1,blur:1.5,395200,6682688,0.05583586543798447,1338.9393310546875,0.0033880043774843216,0.002354550873860717,1936233.875,0.2897387742996216,6.164293154142797e-05,0.0012080968590453267
A2_joint_product,joint_product,4,235,CYST_PA38.nii.gz,0,blur:1.5,48054,7029834,0.0067893136292696,9.544947624206543,0.0001986296265386045,0.007175532169640064,1779675.125,0.2531603276729584,3.8102048165455926e-06,0.003589671105146408
A2_joint_product,joint_product,4,236,CYST_PA38.nii.gz,1,gamma:0.3,227620,6850268,0.03215930983424187,236.86639404296875,0.001040622009895742,0.00037871921085752547,1911252.875,0.2790040969848633,7.217655365820974e-06,0.00019296843674965203
A2_joint_product,joint_product,4,237,HEM_PA66.nii.gz,0,gamma:0.3,50026,7027862,0.007067927625030279,4.978174209594727,9.951173706213012e-05,0.0009017599513754249,1799394.0,0.256037175655365,2.6035243081423687e-06,0.0004521817318163812
A2_joint_product,joint_product,4,238,HEM_PA66.nii.gz,1,blur:1.5,240303,6837585,0.033951230347156525,240.6309814453125,0.0010013649007305503,0.0029296146240085363,1842753.75,0.2695035934448242,1.5307274225051515e-05,0.0014724609209224582
A2_joint_product,joint_product,4,239,HEM_PA56.nii.gz,0,blur:1.5,84305,6993583,0.011911039240658283,9.464668273925781,0.00011226698552491143,0.0040102507919073105,1771196.0,0.25326016545295715,3.7920838167337934e-06,0.0020070213358849287
A2_joint_product,joint_product,4,240,HEM_PA56.nii.gz,1,gamma:0.3,386275,6691613,0.05457489565014839,1361.71337890625,0.0035252433735877275,0.00026774578145705163,1922765.25,0.28733956813812256,2.7732676244340837e-05,0.00014773922157473862
A2_joint_product,joint_product,5,241,HEM_PA99.nii.gz,0,gamma:0.3,0,7077888,0.0,0.0,0.0,0.0,1769472.0,0.25,0.0,0.0
A2_joint_product,joint_product,5,242,HEM_PA99.nii.gz,1,blur:1.5,396016,6681872,0.055951155722141266,3379.462890625,0.008533651940524578,0.0028455036226660013,2005543.625,0.3001469671726227,0.00046788560575805604,0.001656694570556283
A2_joint_product,joint_product,5,243,HCC_10140276_20170721.nii.gz,0,blur:1.5,31095,7046793,0.0043932595290243626,0.9069969654083252,2.9168579203542322e-05,0.31698092818260193,1722289.125,0.244407519698143,3.537273369147442e-05,0.15850815176963806
A2_joint_product,joint_product,5,244,HCC_10140276_20170721.nii.gz,1,gamma:0.3,182908,6894980,0.025842173025012016,203.26239013671875,0.0011112821521237493,0.0014228178188204765,2011968.875,0.29180198907852173,8.065551082836464e-05,0.0007517366902902722
A2_joint_product,joint_product,5,245,HEM_PA97.nii.gz,0,gamma:0.3,29498,7048390,0.004167627543210983,0.5313544273376465,1.8013235603575595e-05,0.006138906814157963,1793645.625,0.2544759213924408,3.2866799301700667e-05,0.003085886826738715
A2_joint_product,joint_product,5,246,HEM_PA97.nii.gz,1,blur:1.5,279722,6798166,0.03952054679393768,258.44677734375,0.0009239415521733463,0.06018390879034996,1919218.375,0.28231412172317505,0.0007743020541965961,0.030479105189442635
A2_joint_product,joint_product,5,247,CYST_PA69.nii.gz,0,blur:1.5,0,7077888,0.0,0.0,0.0,0.0,1769472.0,0.25,0.0,0.0
A2_joint_product,joint_product,5,248,CYST_PA69.nii.gz,1,gamma:0.3,435849,6642039,0.061578962951898575,2869.322509765625,0.006583294831216335,0.0013571948511525989,1931668.25,0.2908245921134949,0.0008290614350698888,0.0010931281140074134
A2_joint_product,joint_product,5,249,HCC_10076307_20130925.nii.gz,0,gamma:0.3,14673,7063215,0.0020730760879814625,0.05134439468383789,3.499243121041218e-06,0.008974376134574413,1779557.0,0.25194716453552246,0.00018022711446974427,0.004577301442623138
A2_joint_product,joint_product,5,250,HCC_10076307_20130925.nii.gz,1,blur:1.5,230690,6847198,0.03259305655956268,208.19859313964844,0.0009025037870742381,0.01640496589243412,1981415.25,0.28937605023384094,0.001132042845711112,0.008768504485487938
A2_joint_product,joint_product,5,251,CYST_PA20.nii.gz,0,blur:1.5,7532,7070356,0.001064159208908677,0.13259020447731018,1.760358463798184e-05,0.036681290715932846,1779917.125,0.2517436444759369,0.0015359168173745275,0.0191086046397686
A2_joint_product,joint_product,5,252,CYST_PA20.nii.gz,1,gamma:0.3,230686,6847202,0.03259249031543732,909.6148681640625,0.003943086601793766,0.00015109500964172184,2023201.75,0.29547861218452454,0.00012790718756150454,0.00013950109132565558
A2_joint_product,joint_product,5,253,CYST_PA56.nii.gz,0,gamma:0.3,0,7077888,0.0,0.0,0.0,0.0,1769472.0,0.25,0.0,0.0
A2_joint_product,joint_product,5,254,CYST_PA56.nii.gz,1,blur:1.5,259412,6818476,0.036651045083999634,885.6433715820312,0.003414041828364134,0.006357904523611069,2001620.875,0.29355838894844055,0.0006486219353973866,0.0035032632295042276
A2_joint_product,joint_product,5,255,HCC_10136895_20170421.nii.gz,0,blur:1.5,31005,7046883,0.0043805441819131374,2.551334857940674,8.228785009123385e-05,0.0268564336001873,1797925.5,0.25513768196105957,0.009590058587491512,0.018223246559500694
A2_joint_product,joint_product,5,256,HCC_10136895_20170421.nii.gz,1,gamma:0.3,257228,6820660,0.03634247928857803,648.810546875,0.002522316761314869,0.0015110974200069904,1953535.375,0.28641441464424133,0.0002034010540228337,0.0008572492515668273
A2_joint_product,joint_product,5,257,MET_PA13.nii.gz,0,gamma:0.3,0,7077888,0.0,0.0,0.0,0.0,1769472.0,0.25,0.0,0.0
A2_joint_product,joint_product,5,258,MET_PA13.nii.gz,1,blur:1.5,213869,6864019,0.030216500163078308,329.48406982421875,0.0015405883314087987,0.0023005842231214046,1943334.5,0.2831190228462219,0.005441900808364153,0.0038712425157427788
A2_joint_product,joint_product,5,259,HCC_10074592_20130816.nii.gz,0,blur:1.5,3899,7073989,0.0005508705507963896,0.008260665461421013,2.118662678185501e-06,0.1691504865884781,1770836.75,0.25033071637153625,0.01025074440985918,0.0897006168961525
A2_joint_product,joint_product,5,260,HCC_10074592_20130816.nii.gz,1,gamma:0.3,253900,6823988,0.035872284322977066,2218.395751953125,0.008737281896173954,0.00032941505196504295,2115814.0,0.31005534529685974,0.00018979827291332185,0.0002596066624391824
A2_joint_product,joint_product,5,261,CYST_PA19.nii.gz,0,gamma:0.3,0,7077888,0.0,0.0,0.0,0.0,1769472.0,0.25,0.0,0.0
A2_joint_product,joint_product,5,262,CYST_PA19.nii.gz,1,blur:1.5,217747,6860141,0.030764402821660042,998.0242919921875,0.004583412315696478,0.0005645848577842116,1947229.375,0.2838468551635742,0.0015980572206899524,0.001081321039237082
A2_joint_product,joint_product,5,263,HEM_PA13.nii.gz,0,blur:1.5,0,7077888,0.0,0.0,0.0,0.0,1769472.0,0.25,0.0,0.0
A2_joint_product,joint_product,5,264,HEM_PA13.nii.gz,1,gamma:0.3,345692,6732196,0.048841122537851334,674.955078125,0.001952475169673562,0.000756343302782625,2005440.125,0.2978879511356354,0.00046753272181376815,0.0006119380122981966
A2_joint_product,joint_product,5,265,HCC_10142924_20170911.nii.gz,0,gamma:0.3,11022,7066866,0.0015572442207485437,0.034774214029312134,3.154982096020831e-06,0.004815950524061918,1777510.75,0.25152742862701416,0.0006216755136847496,0.002718813018873334
A2_joint_product,joint_product,5,266,HCC_10142924_20170911.nii.gz,1,blur:1.5,179460,6898428,0.02535502053797245,741.774658203125,0.004133370704948902,0.0018058151472359896,1996459.375,0.289407879114151,0.001438172534108162,0.0016219938406720757
A2_joint_product,joint_product,5,267,MET_PA25.nii.gz,0,blur:1.5,0,7077888,0.0,0.0,0.0,0.0,1769472.0,0.25,0.0,0.0
A2_joint_product,joint_product,5,268,MET_PA25.nii.gz,1,gamma:0.3,195115,6882773,0.02756683900952339,996.4360961914062,0.00510691711679101,7.223312422866002e-05,1973038.875,0.28666335344314575,9.661091462476179e-05,8.44220194267109e-05
A2_joint_product,joint_product,5,269,HCC_10147777_20171222.nii.gz,0,gamma:0.3,48112,7029776,0.006797507870942354,3.157656192779541,6.563136412296444e-05,0.002514346269890666,1724354.375,0.24529294669628143,4.7123543481575325e-05,0.0012807348975911736
A2_joint_product,joint_product,5,270,HCC_10147777_20171222.nii.gz,1,blur:1.5,228868,6849020,0.032335635274648666,299.2966613769531,0.001307726139202714,0.03402275592088699,1966444.625,0.2871132791042328,0.0006595640443265438,0.017341159284114838
A2_joint_product,joint_product,5,271,HCC_PA0.nii.gz,0,blur:1.5,0,7077888,0.0,0.0,0.0,0.0,1769472.0,0.25,0.0,0.0
A2_joint_product,joint_product,5,272,HCC_PA0.nii.gz,1,gamma:0.3,1135813,5942075,0.16047343611717224,47472.6171875,0.04179615527391434,0.0008969338377937675,2185431.0,0.36778920888900757,0.0007625460275448859,0.0008297399617731571
A2_joint_product,joint_product,5,273,CYST_PA37.nii.gz,0,gamma:0.3,0,7077888,0.0,0.0,0.0,0.0,1769472.0,0.25,0.0,0.0
A2_joint_product,joint_product,5,274,CYST_PA37.nii.gz,1,blur:1.5,202150,6875738,0.028560779988765717,229.84429931640625,0.0011369987623766065,0.004795399494469166,2045497.875,0.297495037317276,0.0015659931814298034,0.0031806963961571455
A2_joint_product,joint_product,5,275,ICC_PA18.nii.gz,0,blur:1.5,0,7077888,0.0,0.0,0.0,0.0,1769472.0,0.25,0.0,0.0
A2_joint_product,joint_product,5,276,ICC_PA18.nii.gz,1,gamma:0.3,831496,6246392,0.11747798323631287,20736.501953125,0.024938786402344704,0.0007574473274871707,2178633.75,0.3487827181816101,0.0006640094215981662,0.000710728345438838
A2_joint_product,joint_product,5,277,HCC_10081574_20140213.nii.gz,0,gamma:0.3,0,7077888,0.0,0.0,0.0,0.0,1769472.0,0.25,0.002371552400290966,0.002371552400290966
A2_joint_product,joint_product,5,278,HCC_10081574_20140213.nii.gz,1,blur:1.5,217923,6859965,0.030789269134402275,2088.486328125,0.009583598002791405,0.00027410004986450076,2046547.625,0.2983320951461792,0.0005808383575640619,0.0004274692037142813
A2_joint_product,joint_product,5,279,MET_PA19.nii.gz,0,blur:1.5,0,7077888,0.0,0.0,0.0,0.0,1769472.0,0.25,0.0,0.0
A2_joint_product,joint_product,5,280,MET_PA19.nii.gz,1,gamma:0.3,183634,6894254,0.025944745168089867,96.25883483886719,0.0005241885082796216,0.0007697223336435854,1953373.25,0.28333353996276855,0.00012612408318091184,0.000447923201136291
A2_joint_product,joint_product,5,281,HEM_PA24.nii.gz,0,gamma:0.3,0,7077888,0.0,0.0,0.0,0.0,1769472.0,0.25,0.0,0.0
A2_joint_product,joint_product,5,282,HEM_PA24.nii.gz,1,blur:1.5,241542,6836346,0.03412628173828125,682.2576904296875,0.0028245924040675163,0.003234149655327201,1988087.125,0.29081135988235474,0.0006865871837362647,0.001960368361324072
A2_joint_product,joint_product,5,283,CYST_PA74.nii.gz,0,blur:1.5,0,7077888,0.0,0.0,0.0,0.0,1769472.0,0.25,0.0,0.0
A2_joint_product,joint_product,5,284,CYST_PA74.nii.gz,1,gamma:0.3,258931,6818957,0.03658308833837509,1753.06982421875,0.006770413368940353,5.4614763939753175e-05,1934389.875,0.283678263425827,0.00020436348859220743,0.0001294891262659803
A2_joint_product,joint_product,5,285,HEM_PA34.nii.gz,0,gamma:0.3,0,7077888,0.0,0.0,0.0,0.0,1769472.0,0.25,0.0,0.0
A2_joint_product,joint_product,5,286,HEM_PA34.nii.gz,1,blur:1.5,293538,6784350,0.04147254303097725,1743.401123046875,0.005939268972724676,0.00024024207959882915,1957705.625,0.28856199979782104,0.000866072834469378,0.0005531574715860188
A2_joint_product,joint_product,5,287,FNH_PA32.nii.gz,0,blur:1.5,82806,6995082,0.011699252761900425,13.787569046020508,0.00016650446923449636,0.005149695556610823,1759979.125,0.2516023516654968,1.3873966054234188e-05,0.0025817847345024347
A2_joint_product,joint_product,5,288,FNH_PA32.nii.gz,1,gamma:0.3,284258,6793630,0.04016141593456268,377.1343078613281,0.0013267324538901448,0.00041093118488788605,1849202.0,0.2721964716911316,2.6612831788952462e-05,0.00021877200924791396
A2_joint_product,joint_product,5,289,FNH_PA10.nii.gz,0,gamma:0.3,0,7077888,0.0,0.0,0.0,0.0,1769472.0,0.25,0.0,0.0
A2_joint_product,joint_product,5,290,FNH_PA10.nii.gz,1,blur:1.5,863052,6214836,0.1219363734126091,16670.0625,0.019315246492624283,0.0005758386105298996,2175838.0,0.35010382533073425,0.0017849195282906294,0.0011803790694102645
A2_joint_product,joint_product,5,291,CYST_PA54.nii.gz,0,blur:1.5,84090,6993798,0.011880663223564625,16.072322845458984,0.00019113239250145853,0.010056249797344208,1749976.0,0.2502182424068451,1.1483917660370935e-05,0.005033866968005896
A2_joint_product,joint_product,5,292,CYST_PA54.nii.gz,1,gamma:0.3,231321,6846567,0.032682206481695175,300.3991394042969,0.0012986245565116405,0.0002751805877778679,1906823.25,0.27850791811943054,3.627736077760346e-05,0.0001557289797347039
A2_joint_product,joint_product,5,293,CYST_PA53.nii.gz,0,gamma:0.3,256227,6821661,0.036201052367687225,650.99560546875,0.0025406985078006983,0.00016567128477618098,1919703.25,0.28141286969184875,2.113520349666942e-05,9.34032432269305e-05
A2_joint_product,joint_product,5,294,CYST_PA53.nii.gz,1,blur:1.5,395200,6682688,0.05583586543798447,1338.9393310546875,0.0033880043774843216,0.0021316823549568653,1936233.875,0.2897387742996216,5.6430897529935464e-05,0.001094056642614305
A2_joint_product,joint_product,5,295,CYST_PA38.nii.gz,0,blur:1.5,48054,7029834,0.0067893136292696,9.544947624206543,0.0001986296265386045,0.0041575925424695015,1779675.125,0.2531603276729584,1.0891379133681767e-05,0.002084241947159171
A2_joint_product,joint_product,5,296,CYST_PA38.nii.gz,1,gamma:0.3,227620,6850268,0.03215930983424187,236.86639404296875,0.001040622009895742,0.00016300496645271778,1911252.875,0.2790040969848633,1.822204103518743e-05,9.06135028344579e-05
A2_joint_product,joint_product,5,297,HEM_PA66.nii.gz,0,gamma:0.3,50026,7027862,0.007067927625030279,4.978174209594727,9.951173706213012e-05,0.0004140123201068491,1799394.0,0.256037175655365,8.742887075641192e-06,0.00021137759904377162
A2_joint_product,joint_product,5,298,HEM_PA66.nii.gz,1,blur:1.5,240303,6837585,0.033951230347156525,240.6309814453125,0.0010013649007305503,0.0013036389136686921,1842753.75,0.2695035934448242,2.0551618945319206e-05,0.0006620952626690269
A2_joint_product,joint_product,5,299,HEM_PA56.nii.gz,0,blur:1.5,84305,6993583,0.011911039240658283,9.464668273925781,0.00011226698552491143,0.0020644294563680887,1771196.0,0.25326016545295715,6.7740606937150005e-06,0.0010356017155572772
A2_joint_product,joint_product,5,300,HEM_PA56.nii.gz,1,gamma:0.3,386275,6691613,0.05457489565014839,1361.71337890625,0.0035252433735877275,0.0001895826862892136,1922765.25,0.28733956813812256,2.356638287892565e-05,0.00010657453094609082
