variant,reliability_source,epoch,step,step_in_epoch,case,patch_index,patch_kind,augmentation,loss,gradient_norm,update_delta_norm,learning_rate,weight_decay,test_labels_used_in_loss,pseudo_positive_voxels_value,pseudo_negative_voxels_value,positive_fraction_value,positive_weight_sum_value,positive_weight_mean_value,L_pos_value,negative_weight_sum_value,negative_weight_mean_value,L_neg_value,total_loss_value
A0_confidence_rank,confidence_rank,1,1,1,HEM_PA99.nii.gz,0,context,gamma:0.3,0.0,1.4895166492299885e-15,1.489516669728186e-11,0.0001,0.0,False,0,7077888,0.0,0.0,0.0,0.0,3538944.5,0.5000000596046448,0.0,0.0
A0_confidence_rank,confidence_rank,1,2,2,HEM_PA99.nii.gz,1,foreground,blur:1.5,0.024555297568440437,0.030285829678177834,0.028147244825959206,0.0001,0.0,False,396016,6681872,0.055951155722141266,19013.6796875,0.04801240190863609,0.04881446808576584,3519931.0,0.5267881751060486,0.0002961257705464959,0.024555297568440437
A0_confidence_rank,confidence_rank,1,3,3,HCC_10140276_20170721.nii.gz,0,context,blur:1.5,0.12601123750209808,0.24537035822868347,0.034599266946315765,0.0001,0.0,False,31095,7046793,0.0043932595290243626,163.19268798828125,0.005248196888715029,0.2519797086715698,3538781.25,0.5021832585334778,4.2756109905894846e-05,0.12601123750209808
A0_confidence_rank,confidence_rank,1,4,4,HCC_10140276_20170721.nii.gz,1,foreground,gamma:0.3,0.01271862629801035,0.037933047860860825,0.032519105821847916,0.0001,0.0,False,182908,6894980,0.025842173025012016,6179.546875,0.03378500044345856,0.025414008647203445,3532765.0,0.5123677253723145,2.3243384930538014e-05,0.01271862629801035
A0_confidence_rank,confidence_rank,1,5,5,HEM_PA97.nii.gz,0,context,gamma:0.3,11.521600723266602,117.6053237915039,0.02963458001613617,0.0001,0.0,False,29498,7048390,0.004167627543210983,102.88675689697266,0.0034879231825470924,23.043201446533203,3538841.75,0.5020779967308044,1.2107720558624484e-17,11.521600723266602
A0_confidence_rank,confidence_rank,1,6,6,HEM_PA97.nii.gz,1,foreground,blur:1.5,0.3515205979347229,0.8569554090499878,0.026083750650286674,0.0001,0.0,False,279722,6798166,0.03952054679393768,8251.091796875,0.029497472569346428,0.7028982043266296,3530693.5,0.5193597078323364,0.00014300744805950671,0.3515205979347229
A0_confidence_rank,confidence_rank,1,7,7,CYST_PA69.nii.gz,0,context,blur:1.5,0.0,4.483336919487539e-16,0.022779015824198723,0.0001,0.0,False,0,7077888,0.0,0.0,0.0,0.0,3538944.5,0.5000000596046448,0.0,0.0
A0_confidence_rank,confidence_rank,1,8,8,CYST_PA69.nii.gz,1,foreground,gamma:0.3,0.00958331860601902,0.024756817147135735,0.02011239342391491,0.0001,0.0,False,435849,6642039,0.061578962951898575,21243.61328125,0.04874076321721077,0.018899617716670036,3517701.0,0.5296115875244141,0.00026701882597990334,0.00958331860601902
A0_confidence_rank,confidence_rank,1,9,9,HCC_10076307_20130925.nii.gz,0,context,gamma:0.3,0.07518699020147324,0.6602384448051453,0.018247008323669434,0.0001,0.0,False,14673,7063215,0.0020730760879814625,24.969104766845703,0.001701704110018909,0.1503678411245346,3538920.0,0.5010352730751038,6.145308361737989e-06,0.07518699020147324
A0_confidence_rank,confidence_rank,1,10,10,HCC_10076307_20130925.nii.gz,1,foreground,blur:1.5,0.09221421182155609,0.2931177318096161,0.01655704341828823,0.0001,0.0,False,230690,6847198,0.03259305655956268,7284.2744140625,0.03157602995634079,0.18302971124649048,3531660.0,0.5157817602157593,0.0013987062266096473,0.09221421182155609
A0_confidence_rank,confidence_rank,1,11,11,CYST_PA20.nii.gz,0,context,blur:1.5,0.19701863825321198,0.6330782175064087,0.01509069837629795,0.0001,0.0,False,7532,7070356,0.001064159208908677,8.132865905761719,0.0010797750437632203,0.3928429186344147,3538935.75,0.5005314946174622,0.0011943597346544266,0.19701863825321198
A0_confidence_rank,confidence_rank,1,12,12,CYST_PA20.nii.gz,1,foreground,gamma:0.3,0.0011719688773155212,0.0042556836269795895,0.013574371114373207,0.0001,0.0,False,230686,6847202,0.03259249031543732,10475.728515625,0.04541120305657387,0.0023200404830276966,3528468.75,0.5153154134750366,2.3897349819890223e-05,0.0011719688773155212
A0_confidence_rank,confidence_rank,1,13,13,CYST_PA56.nii.gz,0,context,gamma:0.3,0.0,1.9824436877061456e-16,0.012237310409545898,0.0001,0.0,False,0,7077888,0.0,0.0,0.0,0.0,3538944.5,0.5000000596046448,0.0,0.0
A0_confidence_rank,confidence_rank,1,14,14,CYST_PA56.nii.gz,1,foreground,blur:1.5,0.02114342339336872,0.06558214128017426,0.011178391054272652,0.0001,0.0,False,259412,6818476,0.036651045083999634,12435.20703125,0.047936130315065384,0.04122905060648918,3526509.25,0.5171990394592285,0.0010577957145869732,0.02114342339336872
A0_confidence_rank,confidence_rank,1,15,15,HCC_10136895_20170421.nii.gz,0,context,blur:1.5,0.07740101963281631,0.4065524935722351,0.010657453909516335,0.0001,0.0,False,31005,7046883,0.0043805441819131374,105.49566650390625,0.003402537200599909,0.14745329320430756,3538839.25,0.502185046672821,0.007348752114921808,0.07740101963281631
A0_confidence_rank,confidence_rank,1,16,16,HCC_10136895_20170421.nii.gz,1,foreground,gamma:0.3,0.008973097428679466,0.029240265488624573,0.00972751621156931,0.0001,0.0,False,257228,6820660,0.03634247928857803,9439.25390625,0.03669605776667595,0.017873408272862434,3529505.25,0.5174726843833923,7.278667908394709e-05,0.008973097428679466
A0_confidence_rank,confidence_rank,1,17,17,MET_PA13.nii.gz,0,context,gamma:0.3,0.0,6.785060809285027e-17,0.00882571842521429,0.0001,0.0,False,0,7077888,0.0,0.0,0.0,0.0,3538944.5,0.5000000596046448,0.0,0.0
A0_confidence_rank,confidence_rank,1,18,18,MET_PA13.nii.gz,1,foreground,blur:1.5,0.0256759375333786,0.09308769553899765,0.008221850730478764,0.0001,0.0,False,213869,6864019,0.030216500163078308,5752.94091796875,0.026899367570877075,0.050614673644304276,3533191.5,0.5147408843040466,0.0007371999090537429,0.0256759375333786
A0_confidence_rank,confidence_rank,1,19,19,HCC_10074592_20130816.nii.gz,0,context,blur:1.5,0.008448965847492218,0.009891950525343418,0.007483827415853739,0.0001,0.0,False,3899,7073989,0.0005508705507963896,14.086027145385742,0.003612728090956807,0.010447466745972633,3538931.0,0.5002737641334534,0.00645046541467309,0.008448965847492218
A0_confidence_rank,confidence_rank,1,20,20,HCC_10074592_20130816.nii.gz,1,foreground,gamma:0.3,0.00337772024795413,0.014867344871163368,0.006831841077655554,0.0001,0.0,False,253900,6823988,0.035872284322977066,13222.333984375,0.05207693576812744,0.006708498578518629,3525722.25,0.5166659355163574,4.694211747846566e-05,0.00337772024795413
A0_confidence_rank,confidence_rank,1,21,21,CYST_PA19.nii.gz,0,context,gamma:0.3,0.0,2.634379337696016e-17,0.006216040346771479,0.0001,0.0,False,0,7077888,0.0,0.0,0.0,0.0,3538944.5,0.5000000596046448,0.0,0.0
A0_confidence_rank,confidence_rank,1,22,22,CYST_PA19.nii.gz,1,foreground,blur:1.5,0.012862169183790684,0.03017062321305275,0.005746377166360617,0.0001,0.0,False,217747,6860141,0.030764402821660042,8968.357421875,0.04118705540895462,0.02538417838513851,3529976.0,0.5145632028579712,0.0003401601279620081,0.012862169183790684
A0_confidence_rank,confidence_rank,1,23,23,HEM_PA13.nii.gz,0,context,blur:1.5,0.0,5.4951580090477955e-17,0.005232140421867371,0.0001,0.0,False,0,7077888,0.0,0.0,0.0,0.0,3538944.5,0.5000000596046448,0.0,0.0
A0_confidence_rank,confidence_rank,1,24,24,HEM_PA13.nii.gz,1,foreground,gamma:0.3,0.0036737823393195868,0.02095411904156208,0.004819332621991634,0.0001,0.0,False,345692,6732196,0.048841122537851334,14172.2685546875,0.04099680855870247,0.007270749658346176,3524772.25,0.5235694646835327,7.681508577661589e-05,0.0036737823393195868
A0_confidence_rank,confidence_rank,1,25,25,HCC_10142924_20170911.nii.gz,0,context,gamma:0.3,0.010615997016429901,0.14143411815166473,0.004688848741352558,0.0001,0.0,False,11022,7066866,0.0015572442207485437,16.235227584838867,0.001472983742132783,0.02117273397743702,3538928.25,0.5007776021957397,5.926018639001995e-05,0.010615997016429901
A0_confidence_rank,confidence_rank,1,26,26,HCC_10142924_20170911.nii.gz,1,foreground,blur:1.5,0.01659720577299595,0.05158195272088051,0.00442457664757967,0.0001,0.0,False,179460,6898428,0.02535502053797245,11688.35546875,0.06513070315122604,0.03276539221405983,3527256.0,0.5113130211830139,0.0004290189826861024,0.01659720577299595
A0_confidence_rank,confidence_rank,1,27,27,MET_PA25.nii.gz,0,context,blur:1.5,0.0,6.7470589408042585e-16,0.004031146876513958,0.0001,0.0,False,0,7077888,0.0,0.0,0.0,0.0,3538944.5,0.5000000596046448,0.0,0.0
A0_confidence_rank,confidence_rank,1,28,28,MET_PA25.nii.gz,1,foreground,gamma:0.3,0.0015001946594566107,0.006822869181632996,0.0036991441156715155,0.0001,0.0,False,195115,6882773,0.02756683900952339,6746.33984375,0.03457622602581978,0.0029867705889046192,3532198.25,0.5131940245628357,1.361867725790944e-05,0.0015001946594566107
A0_confidence_rank,confidence_rank,1,29,29,HCC_10147777_20171222.nii.gz,0,context,gamma:0.3,0.024387819692492485,0.4658792018890381,0.004671252798289061,0.0001,0.0,False,48112,7029776,0.006797507870942354,337.4471435546875,0.007013783324509859,0.04877495393157005,3538607.0,0.5033740997314453,6.855636911495822e-07,0.024387819692492485
A0_confidence_rank,confidence_rank,1,30,30,HCC_10147777_20171222.nii.gz,1,foreground,blur:1.5,0.18278828263282776,0.6758143305778503,0.0063057830557227135,0.0001,0.0,False,228868,6849020,0.032335635274648666,8984.70703125,0.03925715759396553,0.3630451261997223,3529960.0,0.5153963565826416,0.0025314386002719402,0.18278828263282776
A0_confidence_rank,confidence_rank,1,31,31,HCC_PA0.nii.gz,0,context,blur:1.5,0.0,5.768105376575429e-16,0.005745023023337126,0.0001,0.0,False,0,7077888,0.0,0.0,0.0,0.0,3538944.5,0.5000000596046448,0.0,0.0
A0_confidence_rank,confidence_rank,1,32,32,HCC_PA0.nii.gz,1,foreground,gamma:0.3,0.0024878294207155704,0.007409576792269945,0.005249855574220419,0.0001,0.0,False,1135813,5942075,0.16047343611717224,188333.0,0.1658133864402771,0.004637356381863356,3350611.5,0.5638790130615234,0.0003383023722562939,0.0024878294207155704
A0_confidence_rank,confidence_rank,1,33,33,CYST_PA37.nii.gz,0,context,gamma:0.3,0.0,1.5693385724897308e-16,0.004782320931553841,0.0001,0.0,False,0,7077888,0.0,0.0,0.0,0.0,3538944.5,0.5000000596046448,0.0,0.0
A0_confidence_rank,confidence_rank,1,34,34,CYST_PA37.nii.gz,1,foreground,blur:1.5,0.04917982965707779,0.19337573647499084,0.005210131406784058,0.0001,0.0,False,202150,6875738,0.028560779988765717,6514.08544921875,0.03222401812672615,0.09812929481267929,3532430.5,0.5137529373168945,0.00023036357015371323,0.04917982965707779
A0_confidence_rank,confidence_rank,1,35,35,ICC_PA18.nii.gz,0,context,blur:1.5,0.0,8.47772830533727e-16,0.004745189566165209,0.0001,0.0,False,0,7077888,0.0,0.0,0.0,0.0,3538944.5,0.5000000596046448,0.0,0.0
A0_confidence_rank,confidence_rank,1,36,36,ICC_PA18.nii.gz,1,foreground,gamma:0.3,0.0024476456455886364,0.01180540956556797,0.004364865366369486,0.0001,0.0,False,831496,6246392,0.11747798323631287,121992.3671875,0.14671431481838226,0.004708414897322655,3416952.0,0.5470280647277832,0.00018687626288738102,0.0024476456455886364
A0_confidence_rank,confidence_rank,1,37,37,HCC_10081574_20140213.nii.gz,0,context,gamma:0.3,0.0,1.2425072536533516e-17,0.0039744009263813496,0.0001,0.0,False,0,7077888,0.0,0.0,0.0,0.0,3538944.5,0.5000000596046448,0.0,0.0
A0_confidence_rank,confidence_rank,1,38,38,HCC_10081574_20140213.nii.gz,1,foreground,blur:1.5,0.006681971251964569,0.025426866486668587,0.003737150691449642,0.0001,0.0,False,217923,6859965,0.030789269134402275,10461.2939453125,0.04800454527139664,0.012393694370985031,3528483.25,0.5143588185310364,0.0009702483657747507,0.006681971251964569
A0_confidence_rank,confidence_rank,1,39,39,MET_PA19.nii.gz,0,context,blur:1.5,0.0,1.5581308707596784e-16,0.003401932306587696,0.0001,0.0,False,0,7077888,0.0,0.0,0.0,0.0,3538944.5,0.5000000596046448,0.0,0.0
A0_confidence_rank,confidence_rank,1,40,40,MET_PA19.nii.gz,1,foreground,gamma:0.3,0.00568708311766386,0.04502265527844429,0.003307080827653408,0.0001,0.0,False,183634,6894254,0.025944745168089867,4219.3125,0.022976748645305634,0.011361583136022091,3534725.25,0.5127059817314148,1.2582661838678177e-05,0.00568708311766386
A0_confidence_rank,confidence_rank,1,41,41,HEM_PA24.nii.gz,0,context,gamma:0.3,0.0,6.27366119322167e-18,0.003009586129337549,0.0001,0.0,False,0,7077888,0.0,0.0,0.0,0.0,3538944.5,0.5000000596046448,0.0,0.0
A0_confidence_rank,confidence_rank,1,42,42,HEM_PA24.nii.gz,1,foreground,blur:1.5,0.026177939027547836,0.08530858904123306,0.003247960237786174,0.0001,0.0,False,241542,6836346,0.03412628173828125,6929.01220703125,0.02868657372891903,0.05162074789404869,3532015.5,0.516652524471283,0.0007351309177465737,0.026177939027547836
A0_confidence_rank,confidence_rank,1,43,43,CYST_PA74.nii.gz,0,context,blur:1.5,0.0,1.5959172752344887e-16,0.002954917959868908,0.0001,0.0,False,0,7077888,0.0,0.0,0.0,0.0,3538944.5,0.5000000596046448,0.0,0.0
A0_confidence_rank,confidence_rank,1,44,44,CYST_PA74.nii.gz,1,foreground,gamma:0.3,0.0009693608735688031,0.004878368228673935,0.0027146770153194666,0.0001,0.0,False,258931,6818957,0.03658308833837509,11661.591796875,0.04503745213150978,0.0019224893767386675,3527283.0,0.5172760486602783,1.6232324924203567e-05,0.0009693608735688031
A0_confidence_rank,confidence_rank,1,45,45,HEM_PA34.nii.gz,0,context,gamma:0.3,0.0,2.5258722664831474e-17,0.0024690174032002687,0.0001,0.0,False,0,7077888,0.0,0.0,0.0,0.0,3538944.5,0.5000000596046448,0.0,0.0
A0_confidence_rank,confidence_rank,1,46,46,HEM_PA34.nii.gz,1,foreground,blur:1.5,0.004620664287358522,0.017864292487502098,0.00234425812959671,0.0001,0.0,False,293538,6784350,0.04147254303097725,14137.564453125,0.048162635415792465,0.00885755568742752,3524807.0,0.5195496678352356,0.00038377271266654134,0.004620664287358522
A0_confidence_rank,confidence_rank,1,47,47,FNH_PA32.nii.gz,0,context,blur:1.5,0.050048232078552246,0.23797966539859772,0.0030124527402222157,0.0001,0.0,False,82806,6995082,0.011699252761900425,931.338134765625,0.01124723069369793,0.10008838772773743,3538013.0,0.5057857632637024,8.075945515884086e-06,0.050048232078552246
A0_confidence_rank,confidence_rank,1,48,48,FNH_PA32.nii.gz,1,foreground,gamma:0.3,0.002031069016084075,0.01550019159913063,0.0027938284911215305,0.0001,0.0,False,284258,6793630,0.04016141593456268,9376.482421875,0.03298581764101982,0.004058001562952995,3529568.0,0.5195407867431641,4.136554252909264e-06,0.002031069016084075
A0_confidence_rank,confidence_rank,1,49,49,FNH_PA10.nii.gz,0,context,gamma:0.3,0.0,1.092088115398891e-16,0.002539511537179351,0.0001,0.0,False,0,7077888,0.0,0.0,0.0,0.0,3538944.5,0.5000000596046448,0.0,0.0
A0_confidence_rank,confidence_rank,1,50,50,FNH_PA10.nii.gz,1,foreground,blur:1.5,0.002453885041177273,0.00532228359952569,0.002333259442821145,0.0001,0.0,False,863052,6214836,0.1219363734126091,110851.6875,0.12844149768352509,0.003898399416357279,3428093.0,0.551598310470581,0.0010093707824125886,0.002453885041177273
A0_confidence_rank,confidence_rank,1,51,51,CYST_PA54.nii.gz,0,context,blur:1.5,0.025985080748796463,0.12426406145095825,0.0027696220204234123,0.0001,0.0,False,84090,6993798,0.011880663223564625,1204.2921142578125,0.014321466907858849,0.05195856839418411,3537740.25,0.5058396458625793,1.1594024726946373e-05,0.025985080748796463
A0_confidence_rank,confidence_rank,1,52,52,CYST_PA54.nii.gz,1,foreground,gamma:0.3,0.0018189845141023397,0.012785091996192932,0.0025660584215074778,0.0001,0.0,False,231321,6846567,0.032682206481695175,7036.67822265625,0.030419539660215378,0.0036305130925029516,3531907.5,0.5158654451370239,7.45602437746129e-06,0.0018189845141023397
A0_confidence_rank,confidence_rank,1,53,53,CYST_PA53.nii.gz,0,context,gamma:0.3,0.0010819294257089496,0.006239757407456636,0.002360760932788253,0.0001,0.0,False,256227,6821661,0.036201052367687225,10988.005859375,0.042883869260549545,0.0021541311871260405,3527956.5,0.517169713973999,9.727753422339447e-06,0.0010819294257089496
A0_confidence_rank,confidence_rank,1,54,54,CYST_PA53.nii.gz,1,foreground,blur:1.5,0.012432255782186985,0.0421375073492527,0.0023993714712560177,0.0001,0.0,False,395200,6682688,0.05583586543798447,20415.50390625,0.051658663898706436,0.02482229471206665,3518529.0,0.5265140533447266,4.221632480039261e-05,0.012432255782186985
A0_confidence_rank,confidence_rank,1,55,55,CYST_PA38.nii.gz,0,context,blur:1.5,0.03211771324276924,0.13628335297107697,0.0028002832550555468,0.0001,0.0,False,48054,7029834,0.0067893136292696,471.3070068359375,0.009807862341403961,0.06423263251781464,3538473.25,0.5033509135246277,2.79132291325368e-06,0.03211771324276924
A0_confidence_rank,confidence_rank,1,56,56,CYST_PA38.nii.gz,1,foreground,gamma:0.3,0.0007423741044476628,0.004289759323000908,0.0025640493258833885,0.0001,0.0,False,227620,6850268,0.03215930983424187,6472.423828125,0.02843521535396576,0.0014783126534894109,3532472.0,0.5156691670417786,6.435529940063134e-06,0.0007423741044476628
A0_confidence_rank,confidence_rank,1,57,57,HEM_PA66.nii.gz,0,context,gamma:0.3,0.0019869033712893724,0.01910836435854435,0.0024014576338231564,0.0001,0.0,False,50026,7027862,0.007067927625030279,434.0385437011719,0.008676259778439999,0.00397142581641674,3538510.5,0.5034974217414856,2.380935029577813e-06,0.0019869033712893724
A0_confidence_rank,confidence_rank,1,58,58,HEM_PA66.nii.gz,1,foreground,blur:1.5,0.005981299560517073,0.021291285753250122,0.0023302389308810234,0.0001,0.0,False,240303,6837585,0.033951230347156525,6582.3681640625,0.027391953393816948,0.011946005746722221,3532362.0,0.5166096091270447,1.6593068721704185e-05,0.005981299560517073
A0_confidence_rank,confidence_rank,1,59,59,HEM_PA56.nii.gz,0,context,blur:1.5,0.012724567204713821,0.08846347779035568,0.002656314754858613,0.0001,0.0,False,84305,6993583,0.011911039240658283,890.8877563476562,0.010567436926066875,0.025443758815526962,3538053.75,0.5059000253677368,5.3759404181619175e-06,0.012724567204713821
A0_confidence_rank,confidence_rank,1,60,60,HEM_PA56.nii.gz,1,foreground,gamma:0.3,0.0011638504220172763,0.005664887372404337,0.002449652412906289,0.0001,0.0,False,386275,6691613,0.05457489565014839,17199.609375,0.0445268489420414,0.0023184004239737988,3521745.0,0.5262923836708069,9.30031637835782e-06,0.0011638504220172763
A0_confidence_rank,confidence_rank,2,61,1,HEM_PA99.nii.gz,0,context,gamma:0.3,0.0,3.928391425632623e-15,0.002223140327259898,0.0001,0.0,False,0,7077888,0.0,0.0,0.0,0.0,3538944.5,0.5000000596046448,0.0,0.0
A0_confidence_rank,confidence_rank,2,62,2,HEM_PA99.nii.gz,1,foreground,blur:1.5,0.0283689945936203,0.08963176608085632,0.002494505140930414,0.0001,0.0,False,396016,6681872,0.055951155722141266,19013.6796875,0.04801240190863609,0.05643583834171295,3519931.0,0.5267881751060486,0.0003021491866093129,0.0283689945936203
A0_confidence_rank,confidence_rank,2,63,3,HCC_10140276_20170721.nii.gz,0,context,blur:1.5,0.09474927932024002,0.39005178213119507,0.004243242554366589,0.0001,0.0,False,31095,7046793,0.0043932595290243626,163.19268798828125,0.005248196888715029,0.18945014476776123,3538781.25,0.5021832585334778,4.8412261094199494e-05,0.09474927932024002
A0_confidence_rank,confidence_rank,2,64,4,HCC_10140276_20170721.nii.gz,1,foreground,gamma:0.3,0.009920062497258186,0.0585048608481884,0.004256364423781633,0.0001,0.0,False,182908,6894980,0.025842173025012016,6179.546875,0.03378500044345856,0.019816160202026367,3532765.0,0.5123677253723145,2.3964608772075735e-05,0.009920062497258186
A0_confidence_rank,confidence_rank,2,65,5,HEM_PA97.nii.gz,0,context,gamma:0.3,2.4064643383026123,85.2833023071289,0.03496403619647026,0.0001,0.0,False,29498,7048390,0.004167627543210983,102.88675689697266,0.0034879231825470924,4.812928199768066,3538841.75,0.5020779967308044,3.5052786984124396e-07,2.4064643383026123
A0_confidence_rank,confidence_rank,2,66,6,HEM_PA97.nii.gz,1,foreground,blur:1.5,0.2005222886800766,0.9366388916969299,0.03240925073623657,0.0001,0.0,False,279722,6798166,0.03952054679393768,8251.091796875,0.029497472569346428,0.4006269872188568,3530693.5,0.5193597078323364,0.0004175984358880669,0.2005222886800766
A0_confidence_rank,confidence_rank,2,67,7,CYST_PA69.nii.gz,0,context,blur:1.5,0.0,4.04754058570757e-15,0.029393086209893227,0.0001,0.0,False,0,7077888,0.0,0.0,0.0,0.0,3538944.5,0.5000000596046448,0.0,0.0
A0_confidence_rank,confidence_rank,2,68,8,CYST_PA69.nii.gz,1,foreground,gamma:0.3,0.010006162337958813,0.04837680608034134,0.02669536881148815,0.0001,0.0,False,435849,6642039,0.061578962951898575,21243.61328125,0.04874076321721077,0.0197161715477705,3517701.0,0.5296115875244141,0.0002961524005513638,0.010006162337958813
A0_confidence_rank,confidence_rank,2,69,9,HCC_10076307_20130925.nii.gz,0,context,gamma:0.3,0.048148710280656815,0.5288732647895813,0.02439071424305439,0.0001,0.0,False,14673,7063215,0.0020730760879814625,24.969104766845703,0.001701704110018909,0.09628207981586456,3538920.0,0.5010352730751038,1.534379589429591e-05,0.048148710280656815
A0_confidence_rank,confidence_rank,2,70,10,HCC_10076307_20130925.nii.gz,1,foreground,blur:1.5,0.0615789033472538,0.4000243842601776,0.022345971316099167,0.0001,0.0,False,230690,6847198,0.03259305655956268,7284.2744140625,0.03157602995634079,0.12157044559717178,3531660.0,0.5157817602157593,0.00158736074808985,0.0615789033472538
A0_confidence_rank,confidence_rank,2,71,11,CYST_PA20.nii.gz,0,context,blur:1.5,0.15255482494831085,0.8845261931419373,0.02056220918893814,0.0001,0.0,False,7532,7070356,0.001064159208908677,8.132865905761719,0.0010797750437632203,0.3037135601043701,3538935.75,0.5005314946174622,0.0013960781507194042,0.15255482494831085
A0_confidence_rank,confidence_rank,2,72,12,CYST_PA20.nii.gz,1,foreground,gamma:0.3,0.0014003522228449583,0.011034558527171612,0.018648484721779823,0.0001,0.0,False,230686,6847202,0.03259249031543732,10475.728515625,0.04541120305657387,0.002774881897494197,3528468.75,0.5153154134750366,2.582248635008e-05,0.0014003522228449583
A0_confidence_rank,confidence_rank,2,73,13,CYST_PA56.nii.gz,0,context,gamma:0.3,0.0,1.768820654919631e-16,0.01690320484340191,0.0001,0.0,False,0,7077888,0.0,0.0,0.0,0.0,3538944.5,0.5000000596046448,0.0,0.0
A0_confidence_rank,confidence_rank,2,74,14,CYST_PA56.nii.gz,1,foreground,blur:1.5,0.021882642060518265,0.13086798787117004,0.015437399037182331,0.0001,0.0,False,259412,6818476,0.036651045083999634,12435.20703125,0.047936130315065384,0.04277264326810837,3526509.25,0.5171990394592285,0.0009926415514200926,0.021882642060518265
A0_confidence_rank,confidence_rank,2,75,15,HCC_10136895_20170421.nii.gz,0,context,blur:1.5,0.041429366916418076,0.31223592162132263,0.014252078719437122,0.0001,0.0,False,31005,7046883,0.0043805441819131374,105.49566650390625,0.003402537200599909,0.0736611858010292,3538839.25,0.502185046672821,0.009197546169161797,0.041429366916418076
A0_confidence_rank,confidence_rank,2,76,16,HCC_10136895_20170421.nii.gz,1,foreground,gamma:0.3,0.004692009650170803,0.027378330007195473,0.012947918847203255,0.0001,0.0,False,257228,6820660,0.03634247928857803,9439.25390625,0.03669605776667595,0.00925484299659729,3529505.25,0.5174726843833923,0.00012917598360218108,0.004692009650170803
A0_confidence_rank,confidence_rank,2,77,17,MET_PA13.nii.gz,0,context,gamma:0.3,0.0,1.0856791200128301e-16,0.011732119135558605,0.0001,0.0,False,0,7077888,0.0,0.0,0.0,0.0,3538944.5,0.5000000596046448,0.0,0.0
A0_confidence_rank,confidence_rank,2,78,18,MET_PA13.nii.gz,1,foreground,blur:1.5,0.014837155118584633,0.09390071779489517,0.01073275227099657,0.0001,0.0,False,213869,6864019,0.030216500163078308,5752.94091796875,0.026899367570877075,0.02832905389368534,3533191.5,0.5147408843040466,0.0013452568091452122,0.014837155118584633
A0_confidence_rank,confidence_rank,2,79,19,HCC_10074592_20130816.nii.gz,0,context,blur:1.5,0.010010072030127048,0.02639470435678959,0.009738835506141186,0.0001,0.0,False,3899,7073989,0.0005508705507963896,14.086027145385742,0.003612728090956807,0.013867947272956371,3538931.0,0.5002737641334534,0.006152197252959013,0.010010072030127048
A0_confidence_rank,confidence_rank,2,80,20,HCC_10074592_20130816.nii.gz,1,foreground,gamma:0.3,0.002980364253744483,0.025615520775318146,0.008842387236654758,0.0001,0.0,False,253900,6823988,0.035872284322977066,13222.333984375,0.05207693576812744,0.005892119836062193,3525722.25,0.5166659355163574,6.860874418634921e-05,0.002980364253744483
A0_confidence_rank,confidence_rank,2,81,21,CYST_PA19.nii.gz,0,context,gamma:0.3,0.0,2.3111884572790948e-17,0.008009584620594978,0.0001,0.0,False,0,7077888,0.0,0.0,0.0,0.0,3538944.5,0.5000000596046448,0.0,0.0
A0_confidence_rank,confidence_rank,2,82,22,CYST_PA19.nii.gz,1,foreground,blur:1.5,0.008538595400750637,0.040622785687446594,0.007302429061383009,0.0001,0.0,False,217747,6860141,0.030764402821660042,8968.357421875,0.04118705540895462,0.01632079854607582,3529976.0,0.5145632028579712,0.0007563916151411831,0.008538595400750637
A0_confidence_rank,confidence_rank,2,83,23,HEM_PA13.nii.gz,0,context,blur:1.5,0.0,2.1822537307053107e-16,0.0066137006506323814,0.0001,0.0,False,0,7077888,0.0,0.0,0.0,0.0,3538944.5,0.5000000596046448,0.0,0.0
A0_confidence_rank,confidence_rank,2,84,24,HEM_PA13.nii.gz,1,foreground,gamma:0.3,0.001860666903667152,0.014789370819926262,0.006008544936776161,0.0001,0.0,False,345692,6732196,0.048841122537851334,14172.2685546875,0.04099680855870247,0.0035775320138782263,3524772.25,0.5235694646835327,0.00014380173524841666,0.001860666903667152
A0_confidence_rank,confidence_rank,2,85,25,HCC_10142924_20170911.nii.gz,0,context,gamma:0.3,0.010077760554850101,0.21140849590301514,0.005631777457892895,0.0001,0.0,False,11022,7066866,0.0015572442207485437,16.235227584838867,0.001472983742132783,0.020080337300896645,3538928.25,0.5007776021957397,7.518314669141546e-05,0.010077760554850101
A0_confidence_rank,confidence_rank,2,86,26,HCC_10142924_20170911.nii.gz,1,foreground,blur:1.5,0.009258093312382698,0.0657665878534317,0.0051702349446713924,0.0001,0.0,False,179460,6898428,0.02535502053797245,11688.35546875,0.06513070315122604,0.017810558900237083,3527256.0,0.5113130211830139,0.0007056269096210599,0.009258093312382698
A0_confidence_rank,confidence_rank,2,87,27,MET_PA25.nii.gz,0,context,blur:1.5,0.0,2.390299183883054e-16,0.004681320395320654,0.0001,0.0,False,0,7077888,0.0,0.0,0.0,0.0,3538944.5,0.5000000596046448,0.0,0.0
A0_confidence_rank,confidence_rank,2,88,28,MET_PA25.nii.gz,1,foreground,gamma:0.3,0.0012764959828928113,0.011454235762357712,0.004255733452737331,0.0001,0.0,False,195115,6882773,0.02756683900952339,6746.33984375,0.03457622602581978,0.0025271729100495577,3532198.25,0.5131940245628357,2.5819079382927157e-05,0.0012764959828928113
A0_confidence_rank,confidence_rank,2,89,29,HCC_10147777_20171222.nii.gz,0,context,gamma:0.3,0.016228726133704185,0.4007068872451782,0.0043809134513139725,0.0001,0.0,False,48112,7029776,0.006797507870942354,337.4471435546875,0.007013783324509859,0.03245586156845093,3538607.0,0.5033740997314453,1.5904103065622621e-06,0.016228726133704185
A0_confidence_rank,confidence_rank,2,90,30,HCC_10147777_20171222.nii.gz,1,foreground,blur:1.5,0.17432650923728943,1.4732385873794556,0.006647683680057526,0.0001,0.0,False,228868,6849020,0.032335635274648666,8984.70703125,0.03925715759396553,0.34517616033554077,3529960.0,0.5153963565826416,0.0034768583718687296,0.17432650923728943
A0_confidence_rank,confidence_rank,2,91,31,HCC_PA0.nii.gz,0,context,blur:1.5,0.0,9.286398071619239e-16,0.006017541978508234,0.0001,0.0,False,0,7077888,0.0,0.0,0.0,0.0,3538944.5,0.5000000596046448,0.0,0.0
A0_confidence_rank,confidence_rank,2,92,32,HCC_PA0.nii.gz,1,foreground,gamma:0.3,0.0017559397965669632,0.005800312384963036,0.005451632663607597,0.0001,0.0,False,1135813,5942075,0.16047343611717224,188333.0,0.1658133864402771,0.0028460875619202852,3350611.5,0.5638790130615234,0.0006657919730059803,0.0017559397965669632
A0_confidence_rank,confidence_rank,2,93,33,CYST_PA37.nii.gz,0,context,gamma:0.3,0.0,3.050644415201281e-17,0.004934282973408699,0.0001,0.0,False,0,7077888,0.0,0.0,0.0,0.0,3538944.5,0.5000000596046448,0.0,0.0
A0_confidence_rank,confidence_rank,2,94,34,CYST_PA37.nii.gz,1,foreground,blur:1.5,0.030234308913350105,0.19781233370304108,0.004978268872946501,0.0001,0.0,False,202150,6875738,0.028560779988765717,6514.08544921875,0.03222401812672615,0.060152824968099594,3532430.5,0.5137529373168945,0.00031579448841512203,0.030234308913350105
A0_confidence_rank,confidence_rank,2,95,35,ICC_PA18.nii.gz,0,context,blur:1.5,0.0,1.8608820878001676e-14,0.004505331162363291,0.0001,0.0,False,0,7077888,0.0,0.0,0.0,0.0,3538944.5,0.5000000596046448,0.0,0.0
A0_confidence_rank,confidence_rank,2,96,36,ICC_PA18.nii.gz,1,foreground,gamma:0.3,0.0016634667990729213,0.009105389006435871,0.004092816263437271,0.0001,0.0,False,831496,6246392,0.11747798323631287,121992.3671875,0.14671431481838226,0.002932157600298524,3416952.0,0.5470280647277832,0.00039477599784731865,0.0016634667990729213
A0_confidence_rank,confidence_rank,2,97,37,HCC_10081574_20140213.nii.gz,0,context,gamma:0.3,1.5164346223173197e-07,0.00011161312431795523,0.0037035373970866203,0.0001,0.0,False,0,7077888,0.0,0.0,0.0,0.0,3538944.5,0.5000000596046448,1.5164346223173197e-07,1.5164346223173197e-07
A0_confidence_rank,confidence_rank,2,98,38,HCC_10081574_20140213.nii.gz,1,foreground,blur:1.5,0.00537860719487071,0.03494478017091751,0.0034371695946902037,0.0001,0.0,False,217923,6859965,0.030789269134402275,10461.2939453125,0.04800454527139664,0.009403664618730545,3528483.25,0.5143588185310364,0.0013535497710108757,0.00537860719487071
A0_confidence_rank,confidence_rank,2,99,39,MET_PA19.nii.gz,0,context,blur:1.5,0.0,1.9725790625930832e-16,0.0031099743209779263,0.0001,0.0,False,0,7077888,0.0,0.0,0.0,0.0,3538944.5,0.5000000596046448,0.0,0.0
A0_confidence_rank,confidence_rank,2,100,40,MET_PA19.nii.gz,1,foreground,gamma:0.3,0.0019461538176983595,0.022741541266441345,0.0028661780524998903,0.0001,0.0,False,183634,6894254,0.025944745168089867,4219.3125,0.022976748645305634,0.003836469491943717,3534725.25,0.5127059817314148,5.583816528087482e-05,0.0019461538176983595
A0_confidence_rank,confidence_rank,2,101,41,HEM_PA24.nii.gz,0,context,gamma:0.3,0.0,2.876444148664554e-17,0.002593075856566429,0.0001,0.0,False,0,7077888,0.0,0.0,0.0,0.0,3538944.5,0.5000000596046448,0.0,0.0
A0_confidence_rank,confidence_rank,2,102,42,HEM_PA24.nii.gz,1,foreground,blur:1.5,0.018244098871946335,0.11632424592971802,0.0026444760151207447,0.0001,0.0,False,241542,6836346,0.03412628173828125,6929.01220703125,0.02868657372891903,0.03545178845524788,3532015.5,0.516652524471283,0.0010364108020439744,0.018244098871946335
A0_confidence_rank,confidence_rank,2,103,43,CYST_PA74.nii.gz,0,context,blur:1.5,0.0,4.627675039468816e-16,0.002392268506810069,0.0001,0.0,False,0,7077888,0.0,0.0,0.0,0.0,3538944.5,0.5000000596046448,0.0,0.0
A0_confidence_rank,confidence_rank,2,104,44,CYST_PA74.nii.gz,1,foreground,gamma:0.3,0.00048734102165326476,0.003990692552179098,0.0021751378662884235,0.0001,0.0,False,258931,6818957,0.03658308833837509,11661.591796875,0.04503745213150978,0.0009217689512297511,3527283.0,0.5172760486602783,5.2913113904651254e-05,0.00048734102165326476
A0_confidence_rank,confidence_rank,2,105,45,HEM_PA34.nii.gz,0,context,gamma:0.3,0.0,6.938216939293915e-17,0.0019675102084875107,0.0001,0.0,False,0,7077888,0.0,0.0,0.0,0.0,3538944.5,0.5000000596046448,0.0,0.0
A0_confidence_rank,confidence_rank,2,106,46,HEM_PA34.nii.gz,1,foreground,blur:1.5,0.004486983176320791,0.030816758051514626,0.0018583787605166435,0.0001,0.0,False,293538,6784350,0.04147254303097725,14137.564453125,0.048162635415792465,0.008479547686874866,3524807.0,0.5195496678352356,0.0004944188985973597,0.004486983176320791
A0_confidence_rank,confidence_rank,2,107,47,FNH_PA32.nii.gz,0,context,blur:1.5,0.03003695420920849,0.3175390064716339,0.002411956898868084,0.0001,0.0,False,82806,6995082,0.011699252761900425,931.338134765625,0.01124723069369793,0.06006491929292679,3538013.0,0.5057857632637024,8.988765330286697e-06,0.03003695420920849
A0_confidence_rank,confidence_rank,2,108,48,FNH_PA32.nii.gz,1,foreground,gamma:0.3,0.001330933766439557,0.01933261752128601,0.0022166019771248102,0.0001,0.0,False,284258,6793630,0.04016141593456268,9376.482421875,0.03298581764101982,0.0026488325092941523,3529568.0,0.5195407867431641,1.303509452554863e-05,0.001330933766439557
A0_confidence_rank,confidence_rank,2,109,49,FNH_PA10.nii.gz,0,context,gamma:0.3,0.0,1.1991304615051649e-15,0.0020046632271260023,0.0001,0.0,False,0,7077888,0.0,0.0,0.0,0.0,3538944.5,0.5000000596046448,0.0,0.0
A0_confidence_rank,confidence_rank,2,110,50,FNH_PA10.nii.gz,1,foreground,blur:1.5,0.00257323170080781,0.0072706169448792934,0.001819066354073584,0.0001,0.0,False,863052,6214836,0.1219363734126091,110851.6875,0.12844149768352509,0.0030206700321286917,3428093.0,0.551598310470581,0.0021257936023175716,0.00257323170080781
A0_confidence_rank,confidence_rank,2,111,51,CYST_PA54.nii.gz,0,context,blur:1.5,0.020459067076444626,0.20427006483078003,0.002238701330497861,0.0001,0.0,False,84090,6993798,0.011880663223564625,1204.2921142578125,0.014321466907858849,0.04090271145105362,3537740.25,0.5058396458625793,1.5423398508573882e-05,0.020459067076444626
A0_confidence_rank,confidence_rank,2,112,52,CYST_PA54.nii.gz,1,foreground,gamma:0.3,0.0008685335633344948,0.007243748288601637,0.0020436260383576155,0.0001,0.0,False,231321,6846567,0.032682206481695175,7036.67822265625,0.030419539660215378,0.0017175120301544666,3531907.5,0.5158654451370239,1.955515290319454e-05,0.0008685335633344948
A0_confidence_rank,confidence_rank,2,113,53,CYST_PA53.nii.gz,0,context,gamma:0.3,0.0004939124337397516,0.004251888953149319,0.0018585612997412682,0.0001,0.0,False,256227,6821661,0.036201052367687225,10988.005859375,0.042883869260549545,0.0009665266843512654,3527956.5,0.517169713973999,2.1298166757333092e-05,0.0004939124337397516
A0_confidence_rank,confidence_rank,2,114,54,CYST_PA53.nii.gz,1,foreground,blur:1.5,0.014216852374374866,0.09584847092628479,0.0019871494732797146,0.0001,0.0,False,395200,6682688,0.05583586543798447,20415.50390625,0.051658663898706436,0.028400782495737076,3518529.0,0.5265140533447266,3.292204928584397e-05,0.014216852374374866
A0_confidence_rank,confidence_rank,2,115,55,CYST_PA38.nii.gz,0,context,blur:1.5,0.025845834985375404,0.23408038914203644,0.0023221762385219336,0.0001,0.0,False,48054,7029834,0.0067893136292696,471.3070068359375,0.009807862341403961,0.051687780767679214,3538473.25,0.5033509135246277,3.887374077748973e-06,0.025845834985375404
A0_confidence_rank,confidence_rank,2,116,56,CYST_PA38.nii.gz,1,foreground,gamma:0.3,0.0007089907885529101,0.008100946433842182,0.002120526507496834,0.0001,0.0,False,227620,6850268,0.03215930983424187,6472.423828125,0.02843521535396576,0.0014076374936848879,3532472.0,0.5156691670417786,1.0344074325985275e-05,0.0007089907885529101
A0_confidence_rank,confidence_rank,2,117,57,HEM_PA66.nii.gz,0,context,gamma:0.3,0.002275623381137848,0.02963709831237793,0.0019886931404471397,0.0001,0.0,False,50026,7027862,0.007067927625030279,434.0385437011719,0.008676259778439999,0.004548725672066212,3538510.5,0.5034974217414856,2.521011538192397e-06,0.002275623381137848
A0_confidence_rank,confidence_rank,2,118,58,HEM_PA66.nii.gz,1,foreground,blur:1.5,0.006599935702979565,0.05823475494980812,0.0020047579891979694,0.0001,0.0,False,240303,6837585,0.033951230347156525,6582.3681640625,0.027391953393816948,0.013178291730582714,3532362.0,0.5166096091270447,2.1580062821158208e-05,0.006599935702979565
A0_confidence_rank,confidence_rank,2,119,59,HEM_PA56.nii.gz,0,context,blur:1.5,0.011341012082993984,0.17074283957481384,0.0023354722652584314,0.0001,0.0,False,84305,6993583,0.011911039240658283,890.8877563476562,0.010567436926066875,0.022674014791846275,3538053.75,0.5059000253677368,8.009599696379155e-06,0.011341012082993984
A0_confidence_rank,confidence_rank,2,120,60,HEM_PA56.nii.gz,1,foreground,gamma:0.3,0.0009646600810810924,0.007825221866369247,0.0021446659229695797,0.0001,0.0,False,386275,6691613,0.05457489565014839,17199.609375,0.0445268489420414,0.0019124726532027125,3521745.0,0.5262923836708069,1.684751441644039e-05,0.0009646600810810924
A0_confidence_rank,confidence_rank,3,121,1,HEM_PA99.nii.gz,0,context,gamma:0.3,0.0,2.2356509682798856e-14,0.0019387174397706985,0.0001,0.0,False,0,7077888,0.0,0.0,0.0,0.0,3538944.5,0.5000000596046448,0.0,0.0
A0_confidence_rank,confidence_rank,3,122,2,HEM_PA99.nii.gz,1,foreground,blur:1.5,0.02259664237499237,0.13561062514781952,0.002053076634183526,0.0001,0.0,False,396016,6681872,0.055951155722141266,19013.6796875,0.04801240190863609,0.04477648437023163,3519931.0,0.5267881751060486,0.0004168018058408052,0.02259664237499237
A0_confidence_rank,confidence_rank,3,123,3,HCC_10140276_20170721.nii.gz,0,context,blur:1.5,0.04552388936281204,0.2812149226665497,0.002519425703212619,0.0001,0.0,False,31095,7046793,0.0043932595290243626,163.19268798828125,0.005248196888715029,0.09092867374420166,3538781.25,0.5021832585334778,0.0001191037954413332,0.04552388936281204
A0_confidence_rank,confidence_rank,3,124,4,HCC_10140276_20170721.nii.gz,1,foreground,gamma:0.3,0.0028391515370458364,0.02842852845788002,0.00238588685169816,0.0001,0.0,False,182908,6894980,0.025842173025012016,6179.546875,0.03378500044345856,0.00559294642880559,3532765.0,0.5123677253723145,8.535659435437992e-05,0.0028391515370458364
A0_confidence_rank,confidence_rank,3,125,5,HEM_PA97.nii.gz,0,context,gamma:0.3,0.005935738794505596,0.0777897983789444,0.002327199326828122,0.0001,0.0,False,29498,7048390,0.004167627543210983,102.88675689697266,0.0034879231825470924,0.011817608028650284,3538841.75,0.5020779967308044,5.3869876865064725e-05,0.005935738794505596
A0_confidence_rank,confidence_rank,3,126,6,HEM_PA97.nii.gz,1,foreground,blur:1.5,0.0741976723074913,0.48369884490966797,0.004079332575201988,0.0001,0.0,False,279722,6798166,0.03952054679393768,8251.091796875,0.029497472569346428,0.14700758457183838,3530693.5,0.5193597078323364,0.0013877649325877428,0.0741976723074913
A0_confidence_rank,confidence_rank,3,127,7,CYST_PA69.nii.gz,0,context,blur:1.5,0.0,6.072540558642531e-15,0.003686879063025117,0.0001,0.0,False,0,7077888,0.0,0.0,0.0,0.0,3538944.5,0.5000000596046448,0.0,0.0
A0_confidence_rank,confidence_rank,3,128,8,CYST_PA69.nii.gz,1,foreground,gamma:0.3,0.004887943156063557,0.028690464794635773,0.00345692690461874,0.0001,0.0,False,435849,6642039,0.061578962951898575,21243.61328125,0.04874076321721077,0.009135776199400425,3517701.0,0.5296115875244141,0.0006401104619726539,0.004887943156063557
A0_confidence_rank,confidence_rank,3,129,9,HCC_10076307_20130925.nii.gz,0,context,gamma:0.3,0.01942449063062668,0.3597100079059601,0.003700538305565715,0.0001,0.0,False,14673,7063215,0.0020730760879814625,24.969104766845703,0.001701704110018909,0.03878020495176315,3538920.0,0.5010352730751038,6.877710984554142e-05,0.01942449063062668
A0_confidence_rank,confidence_rank,3,130,10,HCC_10076307_20130925.nii.gz,1,foreground,blur:1.5,0.05950339511036873,0.5158564448356628,0.004902886226773262,0.0001,0.0,False,230690,6847198,0.03259305655956268,7284.2744140625,0.03157602995634079,0.11721009761095047,3531660.0,0.5157817602157593,0.001796694821678102,0.05950339511036873
A0_confidence_rank,confidence_rank,3,131,11,CYST_PA20.nii.gz,0,context,blur:1.5,0.13676413893699646,1.1620336771011353,0.006995349191129208,0.0001,0.0,False,7532,7070356,0.001064159208908677,8.132865905761719,0.0010797750437632203,0.2717001140117645,3538935.75,0.5005314946174622,0.0018281714292243123,0.13676413893699646
A0_confidence_rank,confidence_rank,3,132,12,CYST_PA20.nii.gz,1,foreground,gamma:0.3,0.0004905861569568515,0.003994080703705549,0.0063289133831858635,0.0001,0.0,False,230686,6847202,0.03259249031543732,10475.728515625,0.04541120305657387,0.0009165661176666617,3528468.75,0.5153154134750366,6.460622535087168e-05,0.0004905861569568515
A0_confidence_rank,confidence_rank,3,133,13,CYST_PA56.nii.gz,0,context,gamma:0.3,0.0,1.1195079615649418e-16,0.0057190172374248505,0.0001,0.0,False,0,7077888,0.0,0.0,0.0,0.0,3538944.5,0.5000000596046448,0.0,0.0
A0_confidence_rank,confidence_rank,3,134,14,CYST_PA56.nii.gz,1,foreground,blur:1.5,0.017307156696915627,0.12668679654598236,0.0055837309919297695,0.0001,0.0,False,259412,6818476,0.036651045083999634,12435.20703125,0.047936130315065384,0.033219363540410995,3526509.25,0.5171990394592285,0.0013949500862509012,0.017307156696915627
A0_confidence_rank,confidence_rank,3,135,15,HCC_10136895_20170421.nii.gz,0,context,blur:1.5,0.02549101784825325,0.19196222722530365,0.0055280108936131,0.0001,0.0,False,31005,7046883,0.0043805441819131374,105.49566650390625,0.003402537200599909,0.038373589515686035,3538839.25,0.502185046672821,0.012608444318175316,0.02549101784825325
A0_confidence_rank,confidence_rank,3,136,16,HCC_10136895_20170421.nii.gz,1,foreground,gamma:0.3,0.0033913711085915565,0.024929285049438477,0.005082311108708382,0.0001,0.0,False,257228,6820660,0.03634247928857803,9439.25390625,0.03669605776667595,0.006580599118024111,3529505.25,0.5174726843833923,0.00020214323012623936,0.0033913711085915565
A0_confidence_rank,confidence_rank,3,137,17,MET_PA13.nii.gz,0,context,gamma:0.3,0.0,4.4702560838039726e-17,0.004592037759721279,0.0001,0.0,False,0,7077888,0.0,0.0,0.0,0.0,3538944.5,0.5000000596046448,0.0,0.0
A0_confidence_rank,confidence_rank,3,138,18,MET_PA13.nii.gz,1,foreground,blur:1.5,0.009610630571842194,0.06331522762775421,0.004345035646110773,0.0001,0.0,False,213869,6864019,0.030216500163078308,5752.94091796875,0.026899367570877075,0.016626672819256783,3533191.5,0.5147408843040466,0.0025945878587663174,0.009610630571842194
A0_confidence_rank,confidence_rank,3,139,19,HCC_10074592_20130816.nii.gz,0,context,blur:1.5,0.00757111981511116,0.024062439799308777,0.003962269052863121,0.0001,0.0,False,3899,7073989,0.0005508705507963896,14.086027145385742,0.003612728090956807,0.007661850191652775,3538931.0,0.5002737641334534,0.007480389438569546,0.00757111981511116
A0_confidence_rank,confidence_rank,3,140,20,HCC_10074592_20130816.nii.gz,1,foreground,gamma:0.3,0.002725304337218404,0.030460810288786888,0.0036237118765711784,0.0001,0.0,False,253900,6823988,0.035872284322977066,13222.333984375,0.05207693576812744,0.005312247667461634,3525722.25,0.5166659355163574,0.0001383608760079369,0.002725304337218404
A0_confidence_rank,confidence_rank,3,141,21,CYST_PA19.nii.gz,0,context,gamma:0.3,0.0,3.672312666309999e-17,0.0032738037407398224,0.0001,0.0,False,0,7077888,0.0,0.0,0.0,0.0,3538944.5,0.5000000596046448,0.0,0.0
A0_confidence_rank,confidence_rank,3,142,22,CYST_PA19.nii.gz,1,foreground,blur:1.5,0.006069619674235582,0.03465135768055916,0.0030639581382274628,0.0001,0.0,False,217747,6860141,0.030764402821660042,8968.357421875,0.04118705540895462,0.011086503975093365,3529976.0,0.5145632028579712,0.0010527352569624782,0.006069619674235582
A0_confidence_rank,confidence_rank,3,143,23,HEM_PA13.nii.gz,0,context,blur:1.5,0.0,2.3614177426618463e-16,0.0027679624035954475,0.0001,0.0,False,0,7077888,0.0,0.0,0.0,0.0,3538944.5,0.5000000596046448,0.0,0.0
A0_confidence_rank,confidence_rank,3,144,24,HEM_PA13.nii.gz,1,foreground,gamma:0.3,0.0012164865620434284,0.009476362727582455,0.0025344169698655605,0.0001,0.0,False,345692,6732196,0.048841122537851334,14172.2685546875,0.04099680855870247,0.002168640960007906,3524772.25,0.5235694646835327,0.00026433210587128997,0.0012164865620434284
A0_confidence_rank,confidence_rank,3,145,25,HCC_10142924_20170911.nii.gz,0,context,gamma:0.3,0.0055757262744009495,0.1224433183670044,0.002604817971587181,0.0001,0.0,False,11022,7066866,0.0015572442207485437,16.235227584838867,0.001472983742132783,0.011040653102099895,3538928.25,0.5007776021957397,0.00011079975229222327,0.0055757262744009495
A0_confidence_rank,confidence_rank,3,146,26,HCC_10142924_20170911.nii.gz,1,foreground,blur:1.5,0.007792230229824781,0.06002209335565567,0.0025585477706044912,0.0001,0.0,False,179460,6898428,0.02535502053797245,11688.35546875,0.06513070315122604,0.014641847461462021,3527256.0,0.5113130211830139,0.000942612998187542,0.007792230229824781
A0_confidence_rank,confidence_rank,3,147,27,MET_PA25.nii.gz,0,context,blur:1.5,0.0,5.030451381986853e-16,0.002311157062649727,0.0001,0.0,False,0,7077888,0.0,0.0,0.0,0.0,3538944.5,0.5000000596046448,0.0,0.0
A0_confidence_rank,confidence_rank,3,148,28,MET_PA25.nii.gz,1,foreground,gamma:0.3,0.00040130852721631527,0.003389225108548999,0.002099997363984585,0.0001,0.0,False,195115,6882773,0.02756683900952339,6746.33984375,0.03457622602581978,0.0007352038519456983,3532198.25,0.5131940245628357,6.741317338310182e-05,0.00040130852721631527
A0_confidence_rank,confidence_rank,3,149,29,HCC_10147777_20171222.nii.gz,0,context,gamma:0.3,0.0021861991845071316,0.030430782586336136,0.0019589641597121954,0.0001,0.0,False,48112,7029776,0.006797507870942354,337.4471435546875,0.007013783324509859,0.004363287705928087,3538607.0,0.5033740997314453,9.110696737479884e-06,0.0021861991845071316
A0_confidence_rank,confidence_rank,3,150,30,HCC_10147777_20171222.nii.gz,1,foreground,blur:1.5,0.08591197431087494,0.6752281188964844,0.004701404832303524,0.0001,0.0,False,228868,6849020,0.032335635274648666,8984.70703125,0.03925715759396553,0.16822531819343567,3529960.0,0.5153963565826416,0.003598622977733612,0.08591197431087494
A0_confidence_rank,confidence_rank,3,151,31,HCC_PA0.nii.gz,0,context,blur:1.5,0.0,1.308172400937e-15,0.004246432799845934,0.0001,0.0,False,0,7077888,0.0,0.0,0.0,0.0,3538944.5,0.5000000596046448,0.0,0.0
A0_confidence_rank,confidence_rank,3,152,32,HCC_PA0.nii.gz,1,foreground,gamma:0.3,0.00241569010540843,0.010880935937166214,0.0038310554809868336,0.0001,0.0,False,1135813,5942075,0.16047343611717224,188333.0,0.1658133864402771,0.0034374829847365618,3350611.5,0.5638790130615234,0.0013938971096649766,0.00241569010540843
A0_confidence_rank,confidence_rank,3,153,33,CYST_PA37.nii.gz,0,context,gamma:0.3,0.0,4.24995538736844e-17,0.003460159059613943,0.0001,0.0,False,0,7077888,0.0,0.0,0.0,0.0,3538944.5,0.5000000596046448,0.0,0.0
A0_confidence_rank,confidence_rank,3,154,34,CYST_PA37.nii.gz,1,foreground,blur:1.5,0.018421465530991554,0.1601138710975647,0.003755392972379923,0.0001,0.0,False,202150,6875738,0.028560779988765717,6514.08544921875,0.03222401812672615,0.036327965557575226,3532430.5,0.5137529373168945,0.0005149639910086989,0.018421465530991554
A0_confidence_rank,confidence_rank,3,155,35,ICC_PA18.nii.gz,0,context,blur:1.5,0.0,1.4605728981475987e-15,0.0033916786778718233,0.0001,0.0,False,0,7077888,0.0,0.0,0.0,0.0,3538944.5,0.5000000596046448,0.0,0.0
A0_confidence_rank,confidence_rank,3,156,36,ICC_PA18.nii.gz,1,foreground,gamma:0.3,0.001795780612155795,0.010876554995775223,0.0030907869804650545,0.0001,0.0,False,831496,6246392,0.11747798323631287,121992.3671875,0.14671431481838226,0.0031322415452450514,3416952.0,0.5470280647277832,0.00045931970817036927,0.001795780612155795
A0_confidence_rank,confidence_rank,3,157,37,HCC_10081574_20140213.nii.gz,0,context,gamma:0.3,1.1587635365128968e-11,1.144765704452766e-08,0.002791325794532895,0.0001,0.0,False,0,7077888,0.0,0.0,0.0,0.0,3538944.5,0.5000000596046448,1.1587635365128968e-11,1.1587635365128968e-11
A0_confidence_rank,confidence_rank,3,158,38,HCC_10081574_20140213.nii.gz,1,foreground,blur:1.5,0.003461153246462345,0.020276876166462898,0.002599607454612851,0.0001,0.0,False,217923,6859965,0.030789269134402275,10461.2939453125,0.04800454527139664,0.005475494544953108,3528483.25,0.5143588185310364,0.0014468120643869042,0.003461153246462345
A0_confidence_rank,confidence_rank,3,159,39,MET_PA19.nii.gz,0,context,blur:1.5,0.0,4.377198397240655e-16,0.0023476406931877136,0.0001,0.0,False,0,7077888,0.0,0.0,0.0,0.0,3538944.5,0.5000000596046448,0.0,0.0
A0_confidence_rank,confidence_rank,3,160,40,MET_PA19.nii.gz,1,foreground,gamma:0.3,0.0018549079541116953,0.021349193528294563,0.0021965778432786465,0.0001,0.0,False,183634,6894254,0.025944745168089867,4219.3125,0.022976748645305634,0.003637628396973014,3534725.25,0.5127059817314148,7.218754035420716e-05,0.0018549079541116953
A0_confidence_rank,confidence_rank,3,161,41,HEM_PA24.nii.gz,0,context,gamma:0.3,0.0,1.526084702689292e-17,0.0019835978746414185,0.0001,0.0,False,0,7077888,0.0,0.0,0.0,0.0,3538944.5,0.5000000596046448,0.0,0.0
A0_confidence_rank,confidence_rank,3,162,42,HEM_PA24.nii.gz,1,foreground,blur:1.5,0.011491276323795319,0.077481709420681,0.002116667339578271,0.0001,0.0,False,241542,6836346,0.03412628173828125,6929.01220703125,0.02868657372891903,0.021697964519262314,3532015.5,0.516652524471283,0.0012845888268202543,0.011491276323795319
A0_confidence_rank,confidence_rank,3,163,43,CYST_PA74.nii.gz,0,context,blur:1.5,0.0,1.221392075545784e-15,0.001911361701786518,0.0001,0.0,False,0,7077888,0.0,0.0,0.0,0.0,3538944.5,0.5000000596046448,0.0,0.0
A0_confidence_rank,confidence_rank,3,164,44,CYST_PA74.nii.gz,1,foreground,gamma:0.3,0.00036180729512125254,0.0028481639456003904,0.0017366986721754074,0.0001,0.0,False,258931,6818957,0.03658308833837509,11661.591796875,0.04503745213150978,0.0006482806638814509,3527283.0,0.5172760486602783,7.533394091296941e-05,0.00036180729512125254
A0_confidence_rank,confidence_rank,3,165,45,HEM_PA34.nii.gz,0,context,gamma:0.3,0.0,2.83138100325389e-17,0.0015681898221373558,0.0001,0.0,False,0,7077888,0.0,0.0,0.0,0.0,3538944.5,0.5000000596046448,0.0,0.0
A0_confidence_rank,confidence_rank,3,166,46,HEM_PA34.nii.gz,1,foreground,blur:1.5,0.0034363530576229095,0.024789728224277496,0.0015249541029334068,0.0001,0.0,False,293538,6784350,0.04147254303097725,14137.564453125,0.048162635415792465,0.006196803878992796,3524807.0,0.5195496678352356,0.0006759024690836668,0.0034363530576229095
A0_confidence_rank,confidence_rank,3,167,47,FNH_PA32.nii.gz,0,context,blur:1.5,0.03418108820915222,0.3789382576942444,0.002613753778859973,0.0001,0.0,False,82806,6995082,0.011699252761900425,931.338134765625,0.01124723069369793,0.06835146248340607,3538013.0,0.5057857632637024,1.0715857570176013e-05,0.03418108820915222
A0_confidence_rank,confidence_rank,3,168,48,FNH_PA32.nii.gz,1,foreground,gamma:0.3,0.0011462251422926784,0.015522141940891743,0.002412008121609688,0.0001,0.0,False,284258,6793630,0.04016141593456268,9376.482421875,0.03298581764101982,0.0022775577381253242,3529568.0,0.5195407867431641,1.4892622857587412e-05,0.0011462251422926784
A0_confidence_rank,confidence_rank,3,169,49,FNH_PA10.nii.gz,0,context,gamma:0.3,0.0,7.253300357829408e-16,0.0021778170485049486,0.0001,0.0,False,0,7077888,0.0,0.0,0.0,0.0,3538944.5,0.5000000596046448,0.0,0.0
A0_confidence_rank,confidence_rank,3,170,50,FNH_PA10.nii.gz,1,foreground,blur:1.5,0.0020469841547310352,0.00653479527682066,0.001974651124328375,0.0001,0.0,False,863052,6214836,0.1219363734126091,110851.6875,0.12844149768352509,0.002374977571889758,3428093.0,0.551598310470581,0.0017189905047416687,0.0020469841547310352
A0_confidence_rank,confidence_rank,3,171,51,CYST_PA54.nii.gz,0,context,blur:1.5,0.015344818122684956,0.17018641531467438,0.002563843736425042,0.0001,0.0,False,84090,6993798,0.011880663223564625,1204.2921142578125,0.014321466907858849,0.030673420056700706,3537740.25,0.5058396458625793,1.6216969015658833e-05,0.015344818122684956
A0_confidence_rank,confidence_rank,3,172,52,CYST_PA54.nii.gz,1,foreground,gamma:0.3,0.0006017728592269123,0.006280383560806513,0.002340622479096055,0.0001,0.0,False,231321,6846567,0.032682206481695175,7036.67822265625,0.030419539660215378,0.001183774322271347,3531907.5,0.5158654451370239,1.9771452571148984e-05,0.0006017728592269123
A0_confidence_rank,confidence_rank,3,173,53,CYST_PA53.nii.gz,0,context,gamma:0.3,0.00043188637937419116,0.004698586650192738,0.002131963148713112,0.0001,0.0,False,256227,6821661,0.036201052367687225,10988.005859375,0.042883869260549545,0.0008441623067483306,3527956.5,0.517169713973999,1.961045927600935e-05,0.00043188637937419116
A0_confidence_rank,confidence_rank,3,174,54,CYST_PA53.nii.gz,1,foreground,blur:1.5,0.01015484519302845,0.06766350567340851,0.002285030670464039,0.0001,0.0,False,395200,6682688,0.05583586543798447,20415.50390625,0.051658663898706436,0.020238542929291725,3518529.0,0.5265140533447266,7.114705658750609e-05,0.01015484519302845
A0_confidence_rank,confidence_rank,3,175,55,CYST_PA38.nii.gz,0,context,blur:1.5,0.019466759636998177,0.1958322525024414,0.0027696259785443544,0.0001,0.0,False,48054,7029834,0.0067893136292696,471.3070068359375,0.009807862341403961,0.038929373025894165,3538473.25,0.5033509135246277,4.145749244344188e-06,0.019466759636998177
A0_confidence_rank,confidence_rank,3,176,56,CYST_PA38.nii.gz,1,foreground,gamma:0.3,0.0004322844324633479,0.004993259906768799,0.0025177933275699615,0.0001,0.0,False,227620,6850268,0.03215930983424187,6472.423828125,0.02843521535396576,0.0008510570623911917,3532472.0,0.5156691670417786,1.3511823453882243e-05,0.0004322844324633479
A0_confidence_rank,confidence_rank,3,177,57,HEM_PA66.nii.gz,0,context,gamma:0.3,0.0010453594150021672,0.018767425790429115,0.0023261175956577063,0.0001,0.0,False,50026,7027862,0.007067927625030279,434.0385437011719,0.008676259778439999,0.0020865334663540125,3538510.5,0.5034974217414856,4.185385932942154e-06,0.0010453594150021672
A0_confidence_rank,confidence_rank,3,178,58,HEM_PA66.nii.gz,1,foreground,blur:1.5,0.004022432491183281,0.03400520235300064,0.0022743307054042816,0.0001,0.0,False,240303,6837585,0.033951230347156525,6582.3681640625,0.027391953393816948,0.008007689379155636,3532362.0,0.5166096091270447,3.7175304896663874e-05,0.004022432491183281
A0_confidence_rank,confidence_rank,3,179,59,HEM_PA56.nii.gz,0,context,blur:1.5,0.006947825662791729,0.11611367762088776,0.0025569789577275515,0.0001,0.0,False,84305,6993583,0.011911039240658283,890.8877563476562,0.010567436926066875,0.013885791413486004,3538053.75,0.5059000253677368,9.860309546638746e-06,0.006947825662791729
A0_confidence_rank,confidence_rank,3,180,60,HEM_PA56.nii.gz,1,foreground,gamma:0.3,0.0007330499356612563,0.006891598924994469,0.0023376070894300938,0.0001,0.0,False,386275,6691613,0.05457489565014839,17199.609375,0.0445268489420414,0.0014370568096637726,3521745.0,0.5262923836708069,2.9043118047411554e-05,0.0007330499356612563
A0_confidence_rank,confidence_rank,4,181,1,HEM_PA99.nii.gz,0,context,gamma:0.3,0.0,1.7727410251550113e-14,0.002110225148499012,0.0001,0.0,False,0,7077888,0.0,0.0,0.0,0.0,3538944.5,0.5000000596046448,0.0,0.0
A0_confidence_rank,confidence_rank,4,182,2,HEM_PA99.nii.gz,1,foreground,blur:1.5,0.013276484794914722,0.09282707422971725,0.0021866303868591785,0.0001,0.0,False,396016,6681872,0.055951155722141266,19013.6796875,0.04801240190863609,0.025829805061221123,3519931.0,0.5267881751060486,0.0007231640047393739,0.013276484794914722
A0_confidence_rank,confidence_rank,4,183,3,HCC_10140276_20170721.nii.gz,0,context,blur:1.5,0.03262818604707718,0.31502315402030945,0.003065085271373391,0.0001,0.0,False,31095,7046793,0.0043932595290243626,163.19268798828125,0.005248196888715029,0.0650172159075737,3538781.25,0.5021832585334778,0.00023915842757560313,0.03262818604707718
A0_confidence_rank,confidence_rank,4,184,4,HCC_10140276_20170721.nii.gz,1,foreground,gamma:0.3,0.0015592918498441577,0.01538343820720911,0.0028433187399059534,0.0001,0.0,False,182908,6894980,0.025842173025012016,6179.546875,0.03378500044345856,0.002960379933938384,3532765.0,0.5123677253723145,0.00015820378030184656,0.0015592918498441577
A0_confidence_rank,confidence_rank,4,185,5,HEM_PA97.nii.gz,0,context,gamma:0.3,0.005472941789776087,0.08092762529850006,0.002858041785657406,0.0001,0.0,False,29498,7048390,0.004167627543210983,102.88675689697266,0.0034879231825470924,0.010895052924752235,3538841.75,0.5020779967308044,5.0830763939302415e-05,0.005472941789776087
A0_confidence_rank,confidence_rank,4,186,6,HEM_PA97.nii.gz,1,foreground,blur:1.5,0.05908702313899994,0.428037166595459,0.00515331095084548,0.0001,0.0,False,279722,6798166,0.03952054679393768,8251.091796875,0.029497472569346428,0.11590301245450974,3530693.5,0.5193597078323364,0.002271033590659499,0.05908702313899994
A0_confidence_rank,confidence_rank,4,187,7,CYST_PA69.nii.gz,0,context,blur:1.5,0.0,3.821569983072015e-15,0.004651627968996763,0.0001,0.0,False,0,7077888,0.0,0.0,0.0,0.0,3538944.5,0.5000000596046448,0.0,0.0
A0_confidence_rank,confidence_rank,4,188,8,CYST_PA69.nii.gz,1,foreground,gamma:0.3,0.004236787557601929,0.024576514959335327,0.004350352566689253,0.0001,0.0,False,435849,6642039,0.061578962951898575,21243.61328125,0.04874076321721077,0.007806087378412485,3517701.0,0.5296115875244141,0.0006674873875454068,0.004236787557601929
A0_confidence_rank,confidence_rank,4,189,9,HCC_10076307_20130925.nii.gz,0,context,gamma:0.3,0.009859578683972359,0.16242019832134247,0.004699443932622671,0.0001,0.0,False,14673,7063215,0.0020730760879814625,24.969104766845703,0.001701704110018909,0.01944577321410179,3538920.0,0.5010352730751038,0.00027338412473909557,0.009859578683972359
A0_confidence_rank,confidence_rank,4,190,10,HCC_10076307_20130925.nii.gz,1,foreground,blur:1.5,0.03671412914991379,0.42129093408584595,0.0057148560881614685,0.0001,0.0,False,230690,6847198,0.03259305655956268,7284.2744140625,0.03157602995634079,0.07049312442541122,3531660.0,0.5157817602157593,0.002935132011771202,0.03671412914991379
A0_confidence_rank,confidence_rank,4,191,11,CYST_PA20.nii.gz,0,context,blur:1.5,0.07200937718153,0.8983151316642761,0.008027061820030212,0.0001,0.0,False,7532,7070356,0.001064159208908677,8.132865905761719,0.0010797750437632203,0.1417522132396698,3538935.75,0.5005314946174622,0.0022665346041321754,0.07200937718153
A0_confidence_rank,confidence_rank,4,192,12,CYST_PA20.nii.gz,1,foreground,gamma:0.3,0.00031209265580400825,0.00221455842256546,0.007249526679515839,0.0001,0.0,False,230686,6847202,0.03259249031543732,10475.728515625,0.04541120305657387,0.0004504676617216319,3528468.75,0.5153154134750366,0.00017371766443829983,0.00031209265580400825
A0_confidence_rank,confidence_rank,4,193,13,CYST_PA56.nii.gz,0,context,gamma:0.3,0.0,8.876463903650209e-17,0.006543231196701527,0.0001,0.0,False,0,7077888,0.0,0.0,0.0,0.0,3538944.5,0.5000000596046448,0.0,0.0
A0_confidence_rank,confidence_rank,4,194,14,CYST_PA56.nii.gz,1,foreground,blur:1.5,0.007496868260204792,0.059131164103746414,0.006163499783724546,0.0001,0.0,False,259412,6818476,0.036651045083999634,12435.20703125,0.047936130315065384,0.012632648460566998,3526509.25,0.5171990394592285,0.00236108829267323,0.007496868260204792
A0_confidence_rank,confidence_rank,4,195,15,HCC_10136895_20170421.nii.gz,0,context,blur:1.5,0.020955275744199753,0.15771009027957916,0.006118128541857004,0.0001,0.0,False,31005,7046883,0.0043805441819131374,105.49566650390625,0.003402537200599909,0.028813226148486137,3538839.25,0.502185046672821,0.013097326271235943,0.020955275744199753
A0_confidence_rank,confidence_rank,4,196,16,HCC_10136895_20170421.nii.gz,1,foreground,gamma:0.3,0.0024491590447723866,0.020299648866057396,0.005612942855805159,0.0001,0.0,False,257228,6820660,0.03634247928857803,9439.25390625,0.03669605776667595,0.004696917254477739,3529505.25,0.5174726843833923,0.0002014009078266099,0.0024491590447723866
A0_confidence_rank,confidence_rank,4,197,17,MET_PA13.nii.gz,0,context,gamma:0.3,0.0,1.3707262870175425e-16,0.0050658262334764,0.0001,0.0,False,0,7077888,0.0,0.0,0.0,0.0,3538944.5,0.5000000596046448,0.0,0.0
A0_confidence_rank,confidence_rank,4,198,18,MET_PA13.nii.gz,1,foreground,blur:1.5,0.007274439558386803,0.04239776358008385,0.004775858949869871,0.0001,0.0,False,213869,6864019,0.030216500163078308,5752.94091796875,0.026899367570877075,0.010776783339679241,3533191.5,0.5147408843040466,0.0037720955442637205,0.007274439558386803
A0_confidence_rank,confidence_rank,4,199,19,HCC_10074592_20130816.nii.gz,0,context,blur:1.5,0.0068456856533885,0.017306646332144737,0.004295581951737404,0.0001,0.0,False,3899,7073989,0.0005508705507963896,14.086027145385742,0.003612728090956807,0.00425010034814477,3538931.0,0.5002737641334534,0.009441271424293518,0.0068456856533885
A0_confidence_rank,confidence_rank,4,200,20,HCC_10074592_20130816.nii.gz,1,foreground,gamma:0.3,0.0015795460203662515,0.019084541127085686,0.0039180428721010685,0.0001,0.0,False,253900,6823988,0.035872284322977066,13222.333984375,0.05207693576812744,0.002958624856546521,3525722.25,0.5166659355163574,0.0002004671550821513,0.0015795460203662515
A0_confidence_rank,confidence_rank,4,201,21,CYST_PA19.nii.gz,0,context,gamma:0.3,0.0,2.827328149124625e-17,0.0035359563771635294,0.0001,0.0,False,0,7077888,0.0,0.0,0.0,0.0,3538944.5,0.5000000596046448,0.0,0.0
A0_confidence_rank,confidence_rank,4,202,22,CYST_PA19.nii.gz,1,foreground,blur:1.5,0.004681293852627277,0.024856284260749817,0.003307812148705125,0.0001,0.0,False,217747,6860141,0.030764402821660042,8968.357421875,0.04118705540895462,0.00781377125531435,3529976.0,0.5145632028579712,0.0015488159842789173,0.004681293852627277
A0_confidence_rank,confidence_rank,4,203,23,HEM_PA13.nii.gz,0,context,blur:1.5,0.0,4.0726519362201076e-16,0.002985161729156971,0.0001,0.0,False,0,7077888,0.0,0.0,0.0,0.0,3538944.5,0.5000000596046448,0.0,0.0
A0_confidence_rank,confidence_rank,4,204,24,HEM_PA13.nii.gz,1,foreground,gamma:0.3,0.0009397132671438158,0.005414627958089113,0.002716094022616744,0.0001,0.0,False,345692,6732196,0.048841122537851334,14172.2685546875,0.04099680855870247,0.0013690571067854762,3524772.25,0.5235694646835327,0.0005103694275021553,0.0009397132671438158
A0_confidence_rank,confidence_rank,4,205,25,HCC_10142924_20170911.nii.gz,0,context,gamma:0.3,0.0016078855842351913,0.03084638901054859,0.0025655815843492746,0.0001,0.0,False,11022,7066866,0.0015572442207485437,16.235227584838867,0.001472983742132783,0.003070921404287219,3538928.25,0.5007776021957397,0.00014484986604657024,0.0016078855842351913
A0_confidence_rank,confidence_rank,4,206,26,HCC_10142924_20170911.nii.gz,1,foreground,blur:1.5,0.005344935227185488,0.044065382331609726,0.0025409390218555927,0.0001,0.0,False,179460,6898428,0.02535502053797245,11688.35546875,0.06513070315122604,0.009316335432231426,3527256.0,0.5113130211830139,0.001373535254970193,0.005344935227185488
A0_confidence_rank,confidence_rank,4,207,27,MET_PA25.nii.gz,0,context,blur:1.5,0.0,6.28681988314449e-16,0.0022929818369448185,0.0001,0.0,False,0,7077888,0.0,0.0,0.0,0.0,3538944.5,0.5000000596046448,0.0,0.0
A0_confidence_rank,confidence_rank,4,208,28,MET_PA25.nii.gz,1,foreground,gamma:0.3,0.0004230397171340883,0.0033644908107817173,0.0020858903881162405,0.0001,0.0,False,195115,6882773,0.02756683900952339,6746.33984375,0.03457622602581978,0.0007048731786198914,3532198.25,0.5131940245628357,0.00014120624109636992,0.0004230397171340883
A0_confidence_rank,confidence_rank,4,209,29,HCC_10147777_20171222.nii.gz,0,context,gamma:0.3,0.001592771615833044,0.021517718210816383,0.0019514447776600718,0.0001,0.0,False,48112,7029776,0.006797507870942354,337.4471435546875,0.007013783324509859,0.0031633093021810055,3538607.0,0.5033740997314453,2.2233913114177994e-05,0.001592771615833044
A0_confidence_rank,confidence_rank,4,210,30,HCC_10147777_20171222.nii.gz,1,foreground,blur:1.5,0.05339637026190758,0.47060680389404297,0.0045278011821210384,0.0001,0.0,False,228868,6849020,0.032335635274648666,8984.70703125,0.03925715759396553,0.10260114818811417,3529960.0,0.5153963565826416,0.004191594198346138,0.05339637026190758
A0_confidence_rank,confidence_rank,4,211,31,HCC_PA0.nii.gz,0,context,blur:1.5,0.0,1.6352567146180898e-15,0.004085768014192581,0.0001,0.0,False,0,7077888,0.0,0.0,0.0,0.0,3538944.5,0.5000000596046448,0.0,0.0
A0_confidence_rank,confidence_rank,4,212,32,HCC_PA0.nii.gz,1,foreground,gamma:0.3,0.002030174247920513,0.011122660711407661,0.0036753269378095865,0.0001,0.0,False,1135813,5942075,0.16047343611717224,188333.0,0.1658133864402771,0.0024123096372932196,3350611.5,0.5638790130615234,0.001648038742132485,0.002030174247920513
A0_confidence_rank,confidence_rank,4,213,33,CYST_PA37.nii.gz,0,context,gamma:0.3,0.0,1.6332301353522247e-16,0.003316444344818592,0.0001,0.0,False,0,7077888,0.0,0.0,0.0,0.0,3538944.5,0.5000000596046448,0.0,0.0
A0_confidence_rank,confidence_rank,4,214,34,CYST_PA37.nii.gz,1,foreground,blur:1.5,0.009113455191254616,0.07182392477989197,0.0034058350138366222,0.0001,0.0,False,202150,6875738,0.028560779988765717,6514.08544921875,0.03222401812672615,0.01711752451956272,3532430.5,0.5137529373168945,0.0011093850480392575,0.009113455191254616
A0_confidence_rank,confidence_rank,4,215,35,ICC_PA18.nii.gz,0,context,blur:1.5,0.0,1.744157623064207e-15,0.0030732005834579468,0.0001,0.0,False,0,7077888,0.0,0.0,0.0,0.0,3538944.5,0.5000000596046448,0.0,0.0
A0_confidence_rank,confidence_rank,4,216,36,ICC_PA18.nii.gz,1,foreground,gamma:0.3,0.0015492846723645926,0.007011101581156254,0.002784015843644738,0.0001,0.0,False,831496,6246392,0.11747798323631287,121992.3671875,0.14671431481838226,0.002025722526013851,3416952.0,0.5470280647277832,0.0010728467023000121,0.0015492846723645926
A0_confidence_rank,confidence_rank,4,217,37,HCC_10081574_20140213.nii.gz,0,context,gamma:0.3,0.0,9.092938533204753e-13,0.0025120582431554794,0.0001,0.0,False,0,7077888,0.0,0.0,0.0,0.0,3538944.5,0.5000000596046448,0.0,0.0
A0_confidence_rank,confidence_rank,4,218,38,HCC_10081574_20140213.nii.gz,1,foreground,blur:1.5,0.0025003100745379925,0.013010376133024693,0.0023419996723532677,0.0001,0.0,False,217923,6859965,0.030789269134402275,10461.2939453125,0.04800454527139664,0.0030533948447555304,3528483.25,0.5143588185310364,0.0019472251879051328,0.0025003100745379925
A0_confidence_rank,confidence_rank,4,219,39,MET_PA19.nii.gz,0,context,blur:1.5,0.0,4.2561706239678163e-16,0.0021131758112460375,0.0001,0.0,False,0,7077888,0.0,0.0,0.0,0.0,3538944.5,0.5000000596046448,0.0,0.0
A0_confidence_rank,confidence_rank,4,220,40,MET_PA19.nii.gz,1,foreground,gamma:0.3,0.0006358607206493616,0.00482688145712018,0.0019351935479789972,0.0001,0.0,False,183634,6894254,0.025944745168089867,4219.3125,0.022976748645305634,0.0010676687816157937,3534725.25,0.5127059817314148,0.0002040527033386752,0.0006358607206493616
A0_confidence_rank,confidence_rank,4,221,41,HEM_PA24.nii.gz,0,context,gamma:0.3,0.0,3.8876175227179567e-17,0.0017460802337154746,0.0001,0.0,False,0,7077888,0.0,0.0,0.0,0.0,3538944.5,0.5000000596046448,0.0,0.0
A0_confidence_rank,confidence_rank,4,222,42,HEM_PA24.nii.gz,1,foreground,blur:1.5,0.01279523130506277,0.09570503979921341,0.002106712432578206,0.0001,0.0,False,241542,6836346,0.03412628173828125,6929.01220703125,0.02868657372891903,0.024387851357460022,3532015.5,0.516652524471283,0.0012026113690808415,0.01279523130506277
A0_confidence_rank,confidence_rank,4,223,43,CYST_PA74.nii.gz,0,context,blur:1.5,0.0,2.0490127217149103e-15,0.0019007994560524821,0.0001,0.0,False,0,7077888,0.0,0.0,0.0,0.0,3538944.5,0.5000000596046448,0.0,0.0
A0_confidence_rank,confidence_rank,4,224,44,CYST_PA74.nii.gz,1,foreground,gamma:0.3,0.00022577244089916348,0.0014121653512120247,0.0017192361410707235,0.0001,0.0,False,258931,6818957,0.03658308833837509,11661.591796875,0.04503745213150978,0.00030983766191639006,3527283.0,0.5172760486602783,0.0001417072198819369,0.00022577244089916348
A0_confidence_rank,confidence_rank,4,225,45,HEM_PA34.nii.gz,0,context,gamma:0.3,0.0,7.405470753245929e-17,0.001551164546981454,0.0001,0.0,False,0,7077888,0.0,0.0,0.0,0.0,3538944.5,0.5000000596046448,0.0,0.0
A0_confidence_rank,confidence_rank,4,226,46,HEM_PA34.nii.gz,1,foreground,blur:1.5,0.0017048658337444067,0.00933816283941269,0.001437388826161623,0.0001,0.0,False,293538,6784350,0.04147254303097725,14137.564453125,0.048162635415792465,0.0020904582925140858,3524807.0,0.5195496678352356,0.0013192732585594058,0.0017048658337444067
A0_confidence_rank,confidence_rank,4,227,47,FNH_PA32.nii.gz,0,context,blur:1.5,0.020098406821489334,0.2950165569782257,0.0025406326167285442,0.0001,0.0,False,82806,6995082,0.011699252761900425,931.338134765625,0.01124723069369793,0.04017752408981323,3538013.0,0.5057857632637024,1.929119389387779e-05,0.020098406821489334
A0_confidence_rank,confidence_rank,4,228,48,FNH_PA32.nii.gz,1,foreground,gamma:0.3,0.00045066719758324325,0.004691817797720432,0.0023137973621487617,0.0001,0.0,False,284258,6793630,0.04016141593456268,9376.482421875,0.03298581764101982,0.0008465598803013563,3529568.0,0.5195407867431641,5.477451850310899e-05,0.00045066719758324325
A0_confidence_rank,confidence_rank,4,229,49,FNH_PA10.nii.gz,0,context,gamma:0.3,0.0,2.65953945877747e-16,0.002087520668283105,0.0001,0.0,False,0,7077888,0.0,0.0,0.0,0.0,3538944.5,0.5000000596046448,0.0,0.0
A0_confidence_rank,confidence_rank,4,230,50,FNH_PA10.nii.gz,1,foreground,blur:1.5,0.00238097389228642,0.016977550461888313,0.001841874560341239,0.0001,0.0,False,863052,6214836,0.1219363734126091,110851.6875,0.12844149768352509,0.0014520747354254127,3428093.0,0.551598310470581,0.003309873165562749,0.00238097389228642
A0_confidence_rank,confidence_rank,4,231,51,CYST_PA54.nii.gz,0,context,blur:1.5,0.007465516682714224,0.08732633292675018,0.002280585002154112,0.0001,0.0,False,84090,6993798,0.011880663223564625,1204.2921142578125,0.014321466907858849,0.01489908155053854,3537740.25,0.5058396458625793,3.195148383383639e-05,0.007465516682714224
A0_confidence_rank,confidence_rank,4,232,52,CYST_PA54.nii.gz,1,foreground,gamma:0.3,0.0005994211533106863,0.00611727824434638,0.0020919903181493282,0.0001,0.0,False,231321,6846567,0.032682206481695175,7036.67822265625,0.030419539660215378,0.0011660876916721463,3531907.5,0.5158654451370239,3.2754571293480694e-05,0.0005994211533106863
A0_confidence_rank,confidence_rank,4,233,53,CYST_PA53.nii.gz,0,context,gamma:0.3,0.00033482565777376294,0.003111121477559209,0.0019046526867896318,0.0001,0.0,False,256227,6821661,0.036201052367687225,10988.005859375,0.042883869260549545,0.0006263726390898228,3527956.5,0.517169713973999,4.327869100961834e-05,0.00033482565777376294
A0_confidence_rank,confidence_rank,4,234,54,CYST_PA53.nii.gz,1,foreground,blur:1.5,0.005290621425956488,0.04638790711760521,0.0020289199892431498,0.0001,0.0,False,395200,6682688,0.05583586543798447,20415.50390625,0.051658663898706436,0.010414056479930878,3518529.0,0.5265140533447266,0.00016718657570891082,0.005290621425956488
A0_confidence_rank,confidence_rank,4,235,55,CYST_PA38.nii.gz,0,context,blur:1.5,0.010001077316701412,0.08096160739660263,0.0023638547863811255,0.0001,0.0,False,48054,7029834,0.0067893136292696,471.3070068359375,0.009807862341403961,0.019994240254163742,3538473.25,0.5033509135246277,7.914347406767774e-06,0.010001077316701412
A0_confidence_rank,confidence_rank,4,236,56,CYST_PA38.nii.gz,1,foreground,gamma:0.3,0.0003978563763666898,0.004147544968873262,0.0021560396999120712,0.0001,0.0,False,227620,6850268,0.03215930983424187,6472.423828125,0.02843521535396576,0.0007662065327167511,3532472.0,0.5156691670417786,2.9506203645723872e-05,0.0003978563763666898
A0_confidence_rank,confidence_rank,4,237,57,HEM_PA66.nii.gz,0,context,gamma:0.3,0.0008044381393119693,0.01430584117770195,0.0020128001924604177,0.0001,0.0,False,50026,7027862,0.007067927625030279,434.0385437011719,0.008676259778439999,0.001600917661562562,3538510.5,0.5034974217414856,7.958666174090467e-06,0.0008044381393119693
A0_confidence_rank,confidence_rank,4,238,58,HEM_PA66.nii.gz,1,foreground,blur:1.5,0.0037631471641361713,0.0383342020213604,0.002107163891196251,0.0001,0.0,False,240303,6837585,0.033951230347156525,6582.3681640625,0.027391953393816948,0.007474592886865139,3532362.0,0.5166096091270447,5.170141957933083e-05,0.0037631471641361713
A0_confidence_rank,confidence_rank,4,239,59,HEM_PA56.nii.gz,0,context,blur:1.5,0.003312472254037857,0.06847533583641052,0.002280581509694457,0.0001,0.0,False,84305,6993583,0.011911039240658283,890.8877563476562,0.010567436926066875,0.006605891976505518,3538053.75,0.5059000253677368,1.905275166791398e-05,0.003312472254037857
A0_confidence_rank,confidence_rank,4,240,60,HEM_PA56.nii.gz,1,foreground,gamma:0.3,0.0004126515705138445,0.0029892679303884506,0.002076404634863138,0.0001,0.0,False,386275,6691613,0.05457489565014839,17199.609375,0.0445268489420414,0.0007551445160061121,3521745.0,0.5262923836708069,7.015862502157688e-05,0.0004126515705138445
A0_confidence_rank,confidence_rank,5,241,1,HEM_PA99.nii.gz,0,context,gamma:0.3,0.0,1.0119485680188181e-14,0.0018731399904936552,0.0001,0.0,False,0,7077888,0.0,0.0,0.0,0.0,3538944.5,0.5000000596046448,0.0,0.0
A0_confidence_rank,confidence_rank,5,242,2,HEM_PA99.nii.gz,1,foreground,blur:1.5,0.007691688369959593,0.057132232934236526,0.0019910053815692663,0.0001,0.0,False,396016,6681872,0.055951155722141266,19013.6796875,0.04801240190863609,0.01430507842451334,3519931.0,0.5267881751060486,0.0010782986646518111,0.007691688369959593
A0_confidence_rank,confidence_rank,5,243,3,HCC_10140276_20170721.nii.gz,0,context,blur:1.5,0.03337681666016579,0.2605801224708557,0.0031678348314017057,0.0001,0.0,False,31095,7046793,0.0043932595290243626,163.19268798828125,0.005248196888715029,0.06641428172588348,3538781.25,0.5021832585334778,0.0003393491206225008,0.03337681666016579
A0_confidence_rank,confidence_rank,5,244,4,HCC_10140276_20170721.nii.gz,1,foreground,gamma:0.3,0.0012192482827231288,0.011702379211783409,0.002934896619990468,0.0001,0.0,False,182908,6894980,0.025842173025012016,6179.546875,0.03378500044345856,0.00220272084698081,3532765.0,0.5123677253723145,0.0002357756602577865,0.0012192482827231288
A0_confidence_rank,confidence_rank,5,245,5,HEM_PA97.nii.gz,0,context,gamma:0.3,0.003095625899732113,0.041075728833675385,0.002806025790050626,0.0001,0.0,False,29498,7048390,0.004167627543210983,102.88675689697266,0.0034879231825470924,0.006090804003179073,3538841.75,0.5020779967308044,0.00010044789814855903,0.003095625899732113
A0_confidence_rank,confidence_rank,5,246,6,HEM_PA97.nii.gz,1,foreground,blur:1.5,0.03768705949187279,0.2778450548648834,0.0048434617929160595,0.0001,0.0,False,279722,6798166,0.03952054679393768,8251.091796875,0.029497472569346428,0.07195873558521271,3530693.5,0.5193597078323364,0.0034153854940086603,0.03768705949187279
A0_confidence_rank,confidence_rank,5,247,7,CYST_PA69.nii.gz,0,context,blur:1.5,0.0,1.128820480015072e-14,0.004369103349745274,0.0001,0.0,False,0,7077888,0.0,0.0,0.0,0.0,3538944.5,0.5000000596046448,0.0,0.0
A0_confidence_rank,confidence_rank,5,248,8,CYST_PA69.nii.gz,1,foreground,gamma:0.3,0.0026902789250016212,0.015477020293474197,0.004017372149974108,0.0001,0.0,False,435849,6642039,0.061578962951898575,21243.61328125,0.04874076321721077,0.003828016808256507,3517701.0,0.5296115875244141,0.0015525410417467356,0.0026902789250016212
A0_confidence_rank,confidence_rank,5,249,9,HCC_10076307_20130925.nii.gz,0,context,gamma:0.3,0.010003366507589817,0.23436851799488068,0.004772360436618328,0.0001,0.0,False,14673,7063215,0.0020730760879814625,24.969104766845703,0.001701704110018909,0.01975352317094803,3538920.0,0.5010352730751038,0.00025320984423160553,0.010003366507589817
A0_confidence_rank,confidence_rank,5,250,10,HCC_10076307_20130925.nii.gz,1,foreground,blur:1.5,0.016741052269935608,0.14971940219402313,0.005333823151886463,0.0001,0.0,False,230690,6847198,0.03259305655956268,7284.2744140625,0.03157602995634079,0.03011750616133213,3531660.0,0.5157817602157593,0.0033645976800471544,0.016741052269935608
A0_confidence_rank,confidence_rank,5,251,11,CYST_PA20.nii.gz,0,context,blur:1.5,0.05986950173974037,0.856153130531311,0.00922125019133091,0.0001,0.0,False,7532,7070356,0.001064159208908677,8.132865905761719,0.0010797750437632203,0.11711841076612473,3538935.75,0.5005314946174622,0.0026205910835415125,0.05986950173974037
A0_confidence_rank,confidence_rank,5,252,12,CYST_PA20.nii.gz,1,foreground,gamma:0.3,0.00032307091169059277,0.0026358989998698235,0.00832343753427267,0.0001,0.0,False,230686,6847202,0.03259249031543732,10475.728515625,0.04541120305657387,0.00043911358807235956,3528468.75,0.5153154134750366,0.0002070282062049955,0.00032307091169059277
A0_confidence_rank,confidence_rank,5,253,13,CYST_PA56.nii.gz,0,context,gamma:0.3,0.0,1.8384897765757872e-16,0.007507897913455963,0.0001,0.0,False,0,7077888,0.0,0.0,0.0,0.0,3538944.5,0.5000000596046448,0.0,0.0
A0_confidence_rank,confidence_rank,5,254,14,CYST_PA56.nii.gz,1,foreground,blur:1.5,0.005823989398777485,0.05325257405638695,0.0070107243955135345,0.0001,0.0,False,259412,6818476,0.036651045083999634,12435.20703125,0.047936130315065384,0.009086685255169868,3526509.25,0.5171990394592285,0.002561293775215745,0.005823989398777485
A0_confidence_rank,confidence_rank,5,255,15,HCC_10136895_20170421.nii.gz,0,context,blur:1.5,0.017544768750667572,0.12629100680351257,0.006872605532407761,0.0001,0.0,False,31005,7046883,0.0043805441819131374,105.49566650390625,0.003402537200599909,0.019015736877918243,3538839.25,0.502185046672821,0.01607379876077175,0.017544768750667572
A0_confidence_rank,confidence_rank,5,256,16,HCC_10136895_20170421.nii.gz,1,foreground,gamma:0.3,0.0024196000304073095,0.022111663594841957,0.006285484414547682,0.0001,0.0,False,257228,6820660,0.03634247928857803,9439.25390625,0.03669605776667595,0.004406859166920185,3529505.25,0.5174726843833923,0.00043234103941358626,0.0024196000304073095
A0_confidence_rank,confidence_rank,5,257,17,MET_PA13.nii.gz,0,context,gamma:0.3,0.0,2.9181347132817165e-17,0.005669451784342527,0.0001,0.0,False,0,7077888,0.0,0.0,0.0,0.0,3538944.5,0.5000000596046448,0.0,0.0
A0_confidence_rank,confidence_rank,5,258,18,MET_PA13.nii.gz,1,foreground,blur:1.5,0.007859132252633572,0.05078396201133728,0.005078375805169344,0.0001,0.0,False,213869,6864019,0.030216500163078308,5752.94091796875,0.026899367570877075,0.004748091567307711,3533191.5,0.5147408843040466,0.01097017340362072,0.007859132252633572
A0_confidence_rank,confidence_rank,5,259,19,HCC_10074592_20130816.nii.gz,0,context,blur:1.5,0.0069582536816596985,0.016867857426404953,0.004579250235110521,0.0001,0.0,False,3899,7073989,0.0005508705507963896,14.086027145385742,0.003612728090956807,0.005784442648291588,3538931.0,0.5002737641334534,0.00813206471502781,0.0069582536816596985
A0_confidence_rank,confidence_rank,5,260,20,HCC_10074592_20130816.nii.gz,1,foreground,gamma:0.3,0.0012624256778508425,0.01882150210440159,0.004171361215412617,0.0001,0.0,False,253900,6823988,0.035872284322977066,13222.333984375,0.05207693576812744,0.0021956609562039375,3525722.25,0.5166659355163574,0.0003291902830824256,0.0012624256778508425
A0_confidence_rank,confidence_rank,5,261,21,CYST_PA19.nii.gz,0,context,gamma:0.3,0.0,2.7097028674962376e-16,0.003762418869882822,0.0001,0.0,False,0,7077888,0.0,0.0,0.0,0.0,3538944.5,0.5000000596046448,0.0,0.0
A0_confidence_rank,confidence_rank,5,262,22,CYST_PA19.nii.gz,1,foreground,blur:1.5,0.0041093891486525536,0.018512677401304245,0.003420489141717553,0.0001,0.0,False,217747,6860141,0.030764402821660042,8968.357421875,0.04118705540895462,0.004441913217306137,3529976.0,0.5145632028579712,0.0037768648471683264,0.0041093891486525536
A0_confidence_rank,confidence_rank,5,263,23,HEM_PA13.nii.gz,0,context,blur:1.5,0.0,4.2487601444705252e-16,0.003085114760324359,0.0001,0.0,False,0,7077888,0.0,0.0,0.0,0.0,3538944.5,0.5000000596046448,0.0,0.0
A0_confidence_rank,confidence_rank,5,264,24,HEM_PA13.nii.gz,1,foreground,gamma:0.3,0.0010889976983889937,0.006701129488646984,0.0027832486666738987,0.0001,0.0,False,345692,6732196,0.048841122537851334,14172.2685546875,0.04099680855870247,0.0010551493614912033,3524772.25,0.5235694646835327,0.0011228460352867842,0.0010889976983889937
A0_confidence_rank,confidence_rank,5,265,25,HCC_10142924_20170911.nii.gz,0,context,gamma:0.3,0.0012336198706179857,0.01647389680147171,0.0026226057671010494,0.0001,0.0,False,11022,7066866,0.0015572442207485437,16.235227584838867,0.001472983742132783,0.0022671136539429426,3538928.25,0.5007776021957397,0.00020012604363728315,0.0012336198706179857
A0_confidence_rank,confidence_rank,5,266,26,HCC_10142924_20170911.nii.gz,1,foreground,blur:1.5,0.0031230957247316837,0.02009851671755314,0.00246390956453979,0.0001,0.0,False,179460,6898428,0.02535502053797245,11688.35546875,0.06513070315122604,0.0038092073518782854,3527256.0,0.5113130211830139,0.0024369838647544384,0.0031230957247316837
A0_confidence_rank,confidence_rank,5,267,27,MET_PA25.nii.gz,0,context,blur:1.5,0.0,7.243767531403653e-16,0.0022222630213946104,0.0001,0.0,False,0,7077888,0.0,0.0,0.0,0.0,3538944.5,0.5000000596046448,0.0,0.0
A0_confidence_rank,confidence_rank,5,268,28,MET_PA25.nii.gz,1,foreground,gamma:0.3,0.00026065745623782277,0.0019651446491479874,0.002018448431044817,0.0001,0.0,False,195115,6882773,0.02756683900952339,6746.33984375,0.03457622602581978,0.0003911122912541032,3532198.25,0.5131940245628357,0.00013020265032537282,0.00026065745623782277
A0_confidence_rank,confidence_rank,5,269,29,HCC_10147777_20171222.nii.gz,0,context,gamma:0.3,0.001881055417470634,0.03374071419239044,0.0019756366964429617,0.0001,0.0,False,48112,7029776,0.006797507870942354,337.4471435546875,0.007013783324509859,0.003736719489097595,3538607.0,0.5033740997314453,2.5391276722075418e-05,0.001881055417470634
A0_confidence_rank,confidence_rank,5,270,30,HCC_10147777_20171222.nii.gz,1,foreground,blur:1.5,0.03903092071413994,0.3622051775455475,0.004483561031520367,0.0001,0.0,False,228868,6849020,0.032335635274648666,8984.70703125,0.03925715759396553,0.07359077036380768,3529960.0,0.5153963565826416,0.004471070598810911,0.03903092071413994
A0_confidence_rank,confidence_rank,5,271,31,HCC_PA0.nii.gz,0,context,blur:1.5,0.0,1.543944657079945e-15,0.004043726250529289,0.0001,0.0,False,0,7077888,0.0,0.0,0.0,0.0,3538944.5,0.5000000596046448,0.0,0.0
A0_confidence_rank,confidence_rank,5,272,32,HCC_PA0.nii.gz,1,foreground,gamma:0.3,0.0021627256646752357,0.01943298801779747,0.003579538781195879,0.0001,0.0,False,1135813,5942075,0.16047343611717224,188333.0,0.1658133864402771,0.0015753968618810177,3350611.5,0.5638790130615234,0.0027500547003000975,0.0021627256646752357
A0_confidence_rank,confidence_rank,5,273,33,CYST_PA37.nii.gz,0,context,gamma:0.3,0.0,8.682805040383784e-17,0.0032283447217196226,0.0001,0.0,False,0,7077888,0.0,0.0,0.0,0.0,3538944.5,0.5000000596046448,0.0,0.0
A0_confidence_rank,confidence_rank,5,274,34,CYST_PA37.nii.gz,1,foreground,blur:1.5,0.006266545504331589,0.042735688388347626,0.003207616973668337,0.0001,0.0,False,202150,6875738,0.028560779988765717,6514.08544921875,0.03222401812672615,0.009740869514644146,3532430.5,0.5137529373168945,0.002792221959680319,0.006266545504331589
A0_confidence_rank,confidence_rank,5,275,35,ICC_PA18.nii.gz,0,context,blur:1.5,0.0,3.1008057195725707e-15,0.0028928739484399557,0.0001,0.0,False,0,7077888,0.0,0.0,0.0,0.0,3538944.5,0.5000000596046448,0.0,0.0
A0_confidence_rank,confidence_rank,5,276,36,ICC_PA18.nii.gz,1,foreground,gamma:0.3,0.0018591436091810465,0.01559665147215128,0.0025626232381910086,0.0001,0.0,False,831496,6246392,0.11747798323631287,121992.3671875,0.14671431481838226,0.0012800695840269327,3416952.0,0.5470280647277832,0.0024382176343351603,0.0018591436091810465
A0_confidence_rank,confidence_rank,5,277,37,HCC_10081574_20140213.nii.gz,0,context,gamma:0.3,0.0012659616768360138,0.09224727749824524,0.002239965135231614,0.0001,0.0,False,0,7077888,0.0,0.0,0.0,0.0,3538944.5,0.5000000596046448,0.0012659616768360138,0.0012659616768360138
A0_confidence_rank,confidence_rank,5,278,38,HCC_10081574_20140213.nii.gz,1,foreground,blur:1.5,0.0021345485001802444,0.009372181259095669,0.002102210419252515,0.0001,0.0,False,217923,6859965,0.030789269134402275,10461.2939453125,0.04800454527139664,0.0023709286469966173,3528483.25,0.5143588185310364,0.0018981685861945152,0.0021345485001802444
A0_confidence_rank,confidence_rank,5,279,39,MET_PA19.nii.gz,0,context,blur:1.5,0.0,3.61027226748395e-16,0.0018958841683343053,0.0001,0.0,False,0,7077888,0.0,0.0,0.0,0.0,3538944.5,0.5000000596046448,0.0,0.0
A0_confidence_rank,confidence_rank,5,280,40,MET_PA19.nii.gz,1,foreground,gamma:0.3,0.0006814971566200256,0.004711820278316736,0.0017411225708201528,0.0001,0.0,False,183634,6894254,0.025944745168089867,4219.3125,0.022976748645305634,0.0009947188664227724,3534725.25,0.5127059817314148,0.0003682754177134484,0.0006814971566200256
A0_confidence_rank,confidence_rank,5,281,41,HEM_PA24.nii.gz,0,context,gamma:0.3,0.0,5.414235591466223e-17,0.001570216496475041,0.0001,0.0,False,0,7077888,0.0,0.0,0.0,0.0,3538944.5,0.5000000596046448,0.0,0.0
A0_confidence_rank,confidence_rank,5,282,42,HEM_PA24.nii.gz,1,foreground,blur:1.5,0.006585991010069847,0.05630950629711151,0.0018965252675116062,0.0001,0.0,False,241542,6836346,0.03412628173828125,6929.01220703125,0.02868657372891903,0.01113626454025507,3532015.5,0.516652524471283,0.002035717945545912,0.006585991010069847
A0_confidence_rank,confidence_rank,5,283,43,CYST_PA74.nii.gz,0,context,blur:1.5,0.0,8.05868098929807e-16,0.0017103434074670076,0.0001,0.0,False,0,7077888,0.0,0.0,0.0,0.0,3538944.5,0.5000000596046448,0.0,0.0
A0_confidence_rank,confidence_rank,5,284,44,CYST_PA74.nii.gz,1,foreground,gamma:0.3,0.00027468515327200294,0.0022437183652073145,0.001536975963972509,0.0001,0.0,False,258931,6818957,0.03658308833837509,11661.591796875,0.04503745213150978,0.0002314744342584163,3527283.0,0.5172760486602783,0.0003178958722855896,0.00027468515327200294
A0_confidence_rank,confidence_rank,5,285,45,HEM_PA34.nii.gz,0,context,gamma:0.3,0.0,1.0546915446031646e-16,0.0013860742328688502,0.0001,0.0,False,0,7077888,0.0,0.0,0.0,0.0,3538944.5,0.5000000596046448,0.0,0.0
A0_confidence_rank,confidence_rank,5,286,46,HEM_PA34.nii.gz,1,foreground,blur:1.5,0.001560696866363287,0.006924829911440611,0.0012719639344140887,0.0001,0.0,False,293538,6784350,0.04147254303097725,14137.564453125,0.048162635415792465,0.0014214235125109553,3524807.0,0.5195496678352356,0.0016999702202156186,0.001560696866363287
A0_confidence_rank,confidence_rank,5,287,47,FNH_PA32.nii.gz,0,context,blur:1.5,0.015735356137156487,0.25843295454978943,0.0028038148302584887,0.0001,0.0,False,82806,6995082,0.011699252761900425,931.338134765625,0.01124723069369793,0.03143236041069031,3538013.0,0.5057857632637024,3.835140523733571e-05,0.015735356137156487
A0_confidence_rank,confidence_rank,5,288,48,FNH_PA32.nii.gz,1,foreground,gamma:0.3,0.0004658360267058015,0.004801372066140175,0.0025628828443586826,0.0001,0.0,False,284258,6793630,0.04016141593456268,9376.482421875,0.03298581764101982,0.0008532909560017288,3529568.0,0.5195407867431641,7.838111923774704e-05,0.0004658360267058015
A0_confidence_rank,confidence_rank,5,289,49,FNH_PA10.nii.gz,0,context,gamma:0.3,0.0,2.202354696046382e-15,0.0023112003691494465,0.0001,0.0,False,0,7077888,0.0,0.0,0.0,0.0,3538944.5,0.5000000596046448,0.0,0.0
A0_confidence_rank,confidence_rank,5,290,50,FNH_PA10.nii.gz,1,foreground,blur:1.5,0.0037539093755185604,0.03918331861495972,0.0019370371010154486,0.0001,0.0,False,863052,6214836,0.1219363734126091,110851.6875,0.12844149768352509,0.001223206054419279,3428093.0,0.551598310470581,0.006284612696617842,0.0037539093755185604
A0_confidence_rank,confidence_rank,5,291,51,CYST_PA54.nii.gz,0,context,blur:1.5,0.006148755084723234,0.08294696360826492,0.0026086834259331226,0.0001,0.0,False,84090,6993798,0.011880663223564625,1204.2921142578125,0.014321466907858849,0.012250462546944618,3537740.25,0.5058396458625793,4.70480190415401e-05,0.006148755084723234
A0_confidence_rank,confidence_rank,5,292,52,CYST_PA54.nii.gz,1,foreground,gamma:0.3,0.00036681265919469297,0.003325763624161482,0.0023779815528541803,0.0001,0.0,False,231321,6846567,0.032682206481695175,7036.67822265625,0.030419539660215378,0.0006423464510589838,3531907.5,0.5158654451370239,9.127886733040214e-05,0.00036681265919469297
A0_confidence_rank,confidence_rank,5,293,53,CYST_PA53.nii.gz,0,context,gamma:0.3,0.00037994288140907884,0.003903844626620412,0.0021815502550452948,0.0001,0.0,False,256227,6821661,0.036201052367687225,10988.005859375,0.042883869260549545,0.0007141750538721681,3527956.5,0.517169713973999,4.5710712583968416e-05,0.00037994288140907884
A0_confidence_rank,confidence_rank,5,294,54,CYST_PA53.nii.gz,1,foreground,blur:1.5,0.005198196973651648,0.049377940595149994,0.0025056630838662386,0.0001,0.0,False,395200,6682688,0.05583586543798447,20415.50390625,0.051658663898706436,0.010234922170639038,3518529.0,0.5265140533447266,0.00016147208225447685,0.005198196973651648
A0_confidence_rank,confidence_rank,5,295,55,CYST_PA38.nii.gz,0,context,blur:1.5,0.00954771414399147,0.11482872068881989,0.003280425677075982,0.0001,0.0,False,48054,7029834,0.0067893136292696,471.3070068359375,0.009807862341403961,0.019079839810729027,3538473.25,0.5033509135246277,1.55877187353326e-05,0.00954771414399147
A0_confidence_rank,confidence_rank,5,296,56,CYST_PA38.nii.gz,1,foreground,gamma:0.3,0.00020765545195899904,0.0018091457895934582,0.0029719604644924402,0.0001,0.0,False,227620,6850268,0.03215930983424187,6472.423828125,0.02843521535396576,0.00034810035140253603,3532472.0,0.5156691670417786,6.721054523950443e-05,0.00020765545195899904
A0_confidence_rank,confidence_rank,5,297,57,HEM_PA66.nii.gz,0,context,gamma:0.3,0.00047320418525487185,0.009191698394715786,0.002750875661149621,0.0001,0.0,False,50026,7027862,0.007067927625030279,434.0385437011719,0.008676259778439999,0.0009283724939450622,3538510.5,0.5034974217414856,1.803588202164974e-05,0.00047320418525487185
A0_confidence_rank,confidence_rank,5,298,58,HEM_PA66.nii.gz,1,foreground,blur:1.5,0.0019551324658095837,0.02166810818016529,0.0027145922649651766,0.0001,0.0,False,240303,6837585,0.033951230347156525,6582.3681640625,0.027391953393816948,0.003823160193860531,3532362.0,0.5166096091270447,8.710458496352658e-05,0.0019551324658095837
A0_confidence_rank,confidence_rank,5,299,59,HEM_PA56.nii.gz,0,context,blur:1.5,0.002058687387034297,0.0467042475938797,0.002829296514391899,0.0001,0.0,False,84305,6993583,0.011911039240658283,890.8877563476562,0.010567436926066875,0.00408976012840867,3538053.75,0.5059000253677368,2.7614421924226917e-05,0.002058687387034297
A0_confidence_rank,confidence_rank,5,300,60,HEM_PA56.nii.gz,1,foreground,gamma:0.3,0.000301737105473876,0.002373676048591733,0.002571447752416134,0.0001,0.0,False,386275,6691613,0.05457489565014839,17199.609375,0.0445268489420414,0.0005294920993037522,3521745.0,0.5262923836708069,7.398213347187266e-05,0.000301737105473876
A1_world_pairwise,world_pairwise,1,1,1,HEM_PA99.nii.gz,0,context,gamma:0.3,0.0,1.9500341689711667e-15,1.9500344047851392e-11,0.0001,0.0,False,0,7077888,0.0,0.0,0.0,0.0,3538943.5,0.4999999403953552,0.0,0.0
A1_world_pairwise,world_pairwise,1,2,2,HEM_PA99.nii.gz,1,foreground,blur:1.5,0.02954503521323204,0.03057960793375969,0.028144055977463722,0.0001,0.0,False,396016,6681872,0.055951155722141266,46993.02734375,0.1186644658446312,0.05822227522730827,3491950.5,0.5226006507873535,0.0008677967125549912,0.02954503521323204
A1_world_pairwise,world_pairwise,1,3,3,HCC_10140276_20170721.nii.gz,0,context,blur:1.5,1.462522029876709,1.6772477626800537,0.03474181145429611,0.0001,0.0,False,31095,7046793,0.0043932595290243626,315.52691650390625,0.01014719158411026,2.9249653816223145,3538628.0,0.5021615028381348,7.870499393902719e-05,1.462522029876709
A1_world_pairwise,world_pairwise,1,4,4,HCC_10140276_20170721.nii.gz,1,foreground,gamma:0.3,0.11622565239667892,0.30089178681373596,0.03311162069439888,0.0001,0.0,False,182908,6894980,0.025842173025012016,4559.4814453125,0.024927731603384018,0.2322780340909958,3534384.0,0.5126025080680847,0.00017326994566246867,0.11622565239667892
A1_world_pairwise,world_pairwise,1,5,5,HEM_PA97.nii.gz,0,context,gamma:0.3,12.382307052612305,99.80355072021484,0.029956500977277756,0.0001,0.0,False,29498,7048390,0.004167627543210983,151.93206787109375,0.005150588694959879,24.76461410522461,3538791.5,0.5020709037780762,1.6297465800077434e-16,12.382307052612305
A1_world_pairwise,world_pairwise,1,6,6,HEM_PA97.nii.gz,1,foreground,blur:1.5,0.6322987079620361,1.2454719543457031,0.02676375024020672,0.0001,0.0,False,279722,6798166,0.03952054679393768,8671.908203125,0.031001882627606392,1.2644225358963013,3530271.5,0.5192975997924805,0.00017493042105343193,0.6322987079620361
A1_world_pairwise,world_pairwise,1,7,7,CYST_PA69.nii.gz,0,context,blur:1.5,0.0,6.039871662537235e-16,0.023372871801257133,0.0001,0.0,False,0,7077888,0.0,0.0,0.0,0.0,3538943.5,0.4999999403953552,0.0,0.0
A1_world_pairwise,world_pairwise,1,8,8,CYST_PA69.nii.gz,1,foreground,gamma:0.3,0.015500063076615334,0.04082156717777252,0.020658064633607864,0.0001,0.0,False,435849,6642039,0.061578962951898575,36552.5,0.08386505395174026,0.029988598078489304,3502391.0,0.5273066163063049,0.0010115274926647544,0.015500063076615334
A1_world_pairwise,world_pairwise,1,9,9,HCC_10076307_20130925.nii.gz,0,context,gamma:0.3,0.48214030265808105,4.780659198760986,0.020608054473996162,0.0001,0.0,False,14673,7063215,0.0020730760879814625,39.891441345214844,0.0027186970692127943,0.9642590284347534,3538903.5,0.5010329484939575,2.1555129933403805e-05,0.48214030265808105
A1_world_pairwise,world_pairwise,1,10,10,HCC_10076307_20130925.nii.gz,1,foreground,blur:1.5,0.21415244042873383,0.47215139865875244,0.018874535337090492,0.0001,0.0,False,230690,6847198,0.03259305655956268,6219.9970703125,0.026962578296661377,0.4262404441833496,3532723.5,0.515937089920044,0.002064424566924572,0.21415244042873383
A1_world_pairwise,world_pairwise,1,11,11,CYST_PA20.nii.gz,0,context,blur:1.5,0.36030882596969604,1.3985556364059448,0.01792205683887005,0.0001,0.0,False,7532,7070356,0.001064159208908677,184.90977478027344,0.02454989030957222,0.7191128134727478,3538758.5,0.5005064010620117,0.0015048555796965957,0.36030882596969604
A1_world_pairwise,world_pairwise,1,12,12,CYST_PA20.nii.gz,1,foreground,gamma:0.3,0.008174079470336437,0.032417602837085724,0.016158655285835266,0.0001,0.0,False,230686,6847202,0.03259249031543732,13663.71484375,0.05923079326748848,0.016206488013267517,3525279.75,0.5148496627807617,0.00014167060726322234,0.008174079470336437
A1_world_pairwise,world_pairwise,1,13,13,CYST_PA56.nii.gz,0,context,gamma:0.3,0.0,2.7133533148011077e-16,0.014567052014172077,0.0001,0.0,False,0,7077888,0.0,0.0,0.0,0.0,3538943.5,0.4999999403953552,0.0,0.0
A1_world_pairwise,world_pairwise,1,14,14,CYST_PA56.nii.gz,1,foreground,blur:1.5,0.09620063006877899,0.2533961534500122,0.013568527065217495,0.0001,0.0,False,259412,6818476,0.036651045083999634,11297.291015625,0.04354960843920708,0.19145983457565308,3527646.25,0.5173658132553101,0.0009414267842657864,0.09620063006877899
A1_world_pairwise,world_pairwise,1,15,15,HCC_10136895_20170421.nii.gz,0,context,blur:1.5,0.2641243040561676,0.8383010029792786,0.013333642855286598,0.0001,0.0,False,31005,7046883,0.0043805441819131374,1048.1015625,0.0338042750954628,0.5204328298568726,3537895.5,0.5020511150360107,0.00781579315662384,0.2641243040561676
A1_world_pairwise,world_pairwise,1,16,16,HCC_10136895_20170421.nii.gz,1,foreground,gamma:0.3,0.036481935530900955,0.13546216487884521,0.012355362065136433,0.0001,0.0,False,257228,6820660,0.03634247928857803,12111.0546875,0.04708295315504074,0.07259223610162735,3526832.5,0.5170807838439941,0.00037163557135500014,0.036481935530900955
A1_world_pairwise,world_pairwise,1,17,17,MET_PA13.nii.gz,0,context,gamma:0.3,0.0,9.466203975731115e-17,0.01120995357632637,0.0001,0.0,False,0,7077888,0.0,0.0,0.0,0.0,3538943.5,0.4999999403953552,0.0,0.0
A1_world_pairwise,world_pairwise,1,18,18,MET_PA13.nii.gz,1,foreground,blur:1.5,0.08496039360761642,0.24151279032230377,0.010669438168406487,0.0001,0.0,False,213869,6864019,0.030216500163078308,8861.8203125,0.041435740888118744,0.16882911324501038,3530081.5,0.5142878293991089,0.0010916772298514843,0.08496039360761642
A1_world_pairwise,world_pairwise,1,19,19,HCC_10074592_20130816.nii.gz,0,context,blur:1.5,0.4542825222015381,0.8842447996139526,0.010766128078103065,0.0001,0.0,False,3899,7073989,0.0005508705507963896,28.816486358642578,0.007390737999230623,0.9030057787895203,3538914.75,0.5002714395523071,0.005559258628636599,0.4542825222015381
A1_world_pairwise,world_pairwise,1,20,20,HCC_10074592_20130816.nii.gz,1,foreground,gamma:0.3,0.006330425851047039,0.029791317880153656,0.009837733581662178,0.0001,0.0,False,253900,6823988,0.035872284322977066,27101.84765625,0.10674221813678741,0.012406916357576847,3511841.5,0.5146318674087524,0.0002539358101785183,0.006330425851047039
A1_world_pairwise,world_pairwise,1,21,21,CYST_PA19.nii.gz,0,context,gamma:0.3,0.0,4.044644857993593e-17,0.008950995281338692,0.0001,0.0,False,0,7077888,0.0,0.0,0.0,0.0,3538943.5,0.4999999403953552,0.0,0.0
A1_world_pairwise,world_pairwise,1,22,22,CYST_PA19.nii.gz,1,foreground,blur:1.5,0.030534865334630013,0.07694276422262192,0.008315930142998695,0.0001,0.0,False,217747,6860141,0.030764402821660042,14790.138671875,0.06792350113391876,0.05948420614004135,3524153.5,0.5137144327163696,0.0015855251112952828,0.030534865334630013
A1_world_pairwise,world_pairwise,1,23,23,HEM_PA13.nii.gz,0,context,blur:1.5,0.0,7.842987755048907e-17,0.007571754045784473,0.0001,0.0,False,0,7077888,0.0,0.0,0.0,0.0,3538943.5,0.4999999403953552,0.0,0.0
A1_world_pairwise,world_pairwise,1,24,24,HEM_PA13.nii.gz,1,foreground,gamma:0.3,0.014490735717117786,0.09446313232183456,0.007089235354214907,0.0001,0.0,False,345692,6732196,0.048841122537851334,14898.2998046875,0.043097034096717834,0.028471479192376137,3524045.25,0.5234614610671997,0.0005099917761981487,0.014490735717117786
A1_world_pairwise,world_pairwise,1,25,25,HCC_10142924_20170911.nii.gz,0,context,gamma:0.3,0.06627912819385529,1.7385088205337524,0.008917953819036484,0.0001,0.0,False,11022,7066866,0.0015572442207485437,60.40468978881836,0.005480374675244093,0.1323893666267395,3538883.0,0.500771164894104,0.00016889272956177592,0.06627912819385529
A1_world_pairwise,world_pairwise,1,26,26,HCC_10142924_20170911.nii.gz,1,foreground,blur:1.5,0.13156889379024506,0.37860816717147827,0.008985648863017559,0.0001,0.0,False,179460,6898428,0.02535502053797245,7809.24365234375,0.04351523518562317,0.26209864020347595,3531134.25,0.5118752121925354,0.0010391341056674719,0.13156889379024506
A1_world_pairwise,world_pairwise,1,27,27,MET_PA25.nii.gz,0,context,blur:1.5,0.0,1.0740674232716067e-15,0.008186656050384045,0.0001,0.0,False,0,7077888,0.0,0.0,0.0,0.0,3538943.5,0.4999999403953552,0.0,0.0
A1_world_pairwise,world_pairwise,1,28,28,MET_PA25.nii.gz,1,foreground,gamma:0.3,0.008130195550620556,0.050984401255846024,0.007596626412123442,0.0001,0.0,False,195115,6882773,0.02756683900952339,15787.39453125,0.08091328293085098,0.016114341095089912,3523156.0,0.5118802785873413,0.00014605026808567345,0.008130195550620556
A1_world_pairwise,world_pairwise,1,29,29,HCC_10147777_20171222.nii.gz,0,context,gamma:0.3,0.19568419456481934,2.9176013469696045,0.011397329159080982,0.0001,0.0,False,48112,7029776,0.006797507870942354,685.155029296875,0.014240833930671215,0.39132097363471985,3538258.5,0.5033245086669922,4.742442979477346e-05,0.19568419456481934
A1_world_pairwise,world_pairwise,1,30,30,HCC_10147777_20171222.nii.gz,1,foreground,blur:1.5,0.3745822310447693,1.190315842628479,0.012659520842134953,0.0001,0.0,False,228868,6849020,0.032335635274648666,6420.3046875,0.0280524343252182,0.7485975623130798,3532523.0,0.5157705545425415,0.0005669254460372031,0.3745822310447693
A1_world_pairwise,world_pairwise,1,31,31,HCC_PA0.nii.gz,0,context,blur:1.5,0.0,9.391996610362248e-16,0.011533754877746105,0.0001,0.0,False,0,7077888,0.0,0.0,0.0,0.0,3538943.5,0.4999999403953552,0.0,0.0
A1_world_pairwise,world_pairwise,1,32,32,HCC_PA0.nii.gz,1,foreground,gamma:0.3,0.004629774484783411,0.01735995151102543,0.010531965643167496,0.0001,0.0,False,1135813,5942075,0.16047343611717224,233705.40625,0.20576046407222748,0.00836146716028452,3305238.25,0.5562431216239929,0.0008980816346593201,0.004629774484783411
A1_world_pairwise,world_pairwise,1,33,33,CYST_PA37.nii.gz,0,context,gamma:0.3,0.0,2.68821602390456e-16,0.00959403719753027,0.0001,0.0,False,0,7077888,0.0,0.0,0.0,0.0,3538943.5,0.4999999403953552,0.0,0.0
A1_world_pairwise,world_pairwise,1,34,34,CYST_PA37.nii.gz,1,foreground,blur:1.5,0.12863726913928986,0.6112037301063538,0.010319074615836143,0.0001,0.0,False,202150,6875738,0.028560779988765717,6388.48046875,0.03160267323255539,0.2565633952617645,3532555.0,0.5137709975242615,0.0007111498271115124,0.12863726913928986
A1_world_pairwise,world_pairwise,1,35,35,ICC_PA18.nii.gz,0,context,blur:1.5,0.0,1.1530603395040035e-15,0.009398234076797962,0.0001,0.0,False,0,7077888,0.0,0.0,0.0,0.0,3538943.5,0.4999999403953552,0.0,0.0
A1_world_pairwise,world_pairwise,1,36,36,ICC_PA18.nii.gz,1,foreground,gamma:0.3,0.0064515043050050735,0.03932257741689682,0.008642375469207764,0.0001,0.0,False,831496,6246392,0.11747798323631287,111593.1015625,0.134207621216774,0.012137055397033691,3427350.5,0.5486928224563599,0.0007659531547687948,0.0064515043050050735
A1_world_pairwise,world_pairwise,1,37,37,HCC_10081574_20140213.nii.gz,0,context,gamma:0.3,0.0,2.027533832292003e-17,0.00786927156150341,0.0001,0.0,False,0,7077888,0.0,0.0,0.0,0.0,3538943.5,0.4999999403953552,0.0,0.0
A1_world_pairwise,world_pairwise,1,38,38,HCC_10081574_20140213.nii.gz,1,foreground,blur:1.5,0.01808921992778778,0.07561379671096802,0.007367211859673262,0.0001,0.0,False,217923,6859965,0.030789269134402275,24412.60546875,0.11202400177717209,0.03433341905474663,3514531.0,0.5123249292373657,0.0018450216157361865,0.01808921992778778
A1_world_pairwise,world_pairwise,1,39,39,MET_PA19.nii.gz,0,context,blur:1.5,0.0,3.09818870540291e-16,0.006706391926854849,0.0001,0.0,False,0,7077888,0.0,0.0,0.0,0.0,3538943.5,0.4999999403953552,0.0,0.0
A1_world_pairwise,world_pairwise,1,40,40,MET_PA19.nii.gz,1,foreground,gamma:0.3,0.03595330938696861,0.3633660078048706,0.007103158626705408,0.0001,0.0,False,183634,6894254,0.025944745168089867,4251.65625,0.023152880370616913,0.07174340635538101,3534692.0,0.512701153755188,0.0001632154599064961,0.03595330938696861
A1_world_pairwise,world_pairwise,1,41,41,HEM_PA24.nii.gz,0,context,gamma:0.3,0.0,1.3840583705403659e-17,0.006464189849793911,0.0001,0.0,False,0,7077888,0.0,0.0,0.0,0.0,3538943.5,0.4999999403953552,0.0,0.0
A1_world_pairwise,world_pairwise,1,42,42,HEM_PA24.nii.gz,1,foreground,blur:1.5,0.0584690123796463,0.21179357171058655,0.00662014726549387,0.0001,0.0,False,241542,6836346,0.03412628173828125,15455.71875,0.06398770958185196,0.11631203442811966,3523487.75,0.5154051184654236,0.0006259895744733512,0.0584690123796463
A1_world_pairwise,world_pairwise,1,43,43,CYST_PA74.nii.gz,0,context,blur:1.5,0.0,3.080076758710449e-16,0.006022860761731863,0.0001,0.0,False,0,7077888,0.0,0.0,0.0,0.0,3538943.5,0.4999999403953552,0.0,0.0
A1_world_pairwise,world_pairwise,1,44,44,CYST_PA74.nii.gz,1,foreground,gamma:0.3,0.00493852561339736,0.040523845702409744,0.00560804782435298,0.0001,0.0,False,258931,6818957,0.03658308833837509,21137.8515625,0.08163508027791977,0.00966908223927021,3517805.75,0.5158861875534058,0.00020796858007088304,0.00493852561339736
A1_world_pairwise,world_pairwise,1,45,45,HEM_PA34.nii.gz,0,context,gamma:0.3,0.0,5.000023907113559e-17,0.005100566893815994,0.0001,0.0,False,0,7077888,0.0,0.0,0.0,0.0,3538943.5,0.4999999403953552,0.0,0.0
A1_world_pairwise,world_pairwise,1,46,46,HEM_PA34.nii.gz,1,foreground,blur:1.5,0.012793385423719883,0.059339795261621475,0.0048232004046440125,0.0001,0.0,False,293538,6784350,0.04147254303097725,23292.2109375,0.07934989780187607,0.022928236052393913,3515651.25,0.518200159072876,0.00265853526070714,0.012793385423719883
A1_world_pairwise,world_pairwise,1,47,47,FNH_PA32.nii.gz,0,context,blur:1.5,0.11399277299642563,0.7207956314086914,0.006043401546776295,0.0001,0.0,False,82806,6995082,0.011699252761900425,929.2833251953125,0.0112224156036973,0.22789455950260162,3538014.0,0.5057858824729919,9.098552982322872e-05,0.11399277299642563
A1_world_pairwise,world_pairwise,1,48,48,FNH_PA32.nii.gz,1,foreground,gamma:0.3,0.011406484991312027,0.1269388198852539,0.005785143468528986,0.0001,0.0,False,284258,6793630,0.04016141593456268,9192.279296875,0.03233780339360237,0.022766582667827606,3529751.25,0.5195677876472473,4.638779137167148e-05,0.011406484991312027
A1_world_pairwise,world_pairwise,1,49,49,FNH_PA10.nii.gz,0,context,gamma:0.3,0.0,2.0640734439731246e-16,0.0052585420198738575,0.0001,0.0,False,0,7077888,0.0,0.0,0.0,0.0,3538943.5,0.4999999403953552,0.0,0.0
A1_world_pairwise,world_pairwise,1,50,50,FNH_PA10.nii.gz,1,foreground,blur:1.5,0.005050807725638151,0.012318174354732037,0.00481550395488739,0.0001,0.0,False,863052,6214836,0.1219363734126091,102486.40625,0.11874882131814957,0.0073114666156470776,3436457.25,0.5529441237449646,0.002790148602798581,0.005050807725638151
A1_world_pairwise,world_pairwise,1,51,51,CYST_PA54.nii.gz,0,context,blur:1.5,0.1945715695619583,1.0627367496490479,0.007673873100429773,0.0001,0.0,False,84090,6993798,0.011880663223564625,976.3438110351562,0.011610700748860836,0.3890956938266754,3537967.25,0.5058720707893372,4.7438195906579494e-05,0.1945715695619583
A1_world_pairwise,world_pairwise,1,52,52,CYST_PA54.nii.gz,1,foreground,gamma:0.3,0.008583111688494682,0.0878615602850914,0.007195024285465479,0.0001,0.0,False,231321,6846567,0.032682206481695175,7679.634765625,0.03319903835654259,0.01706625334918499,3531263.75,0.5157714486122131,9.997028246289119e-05,0.008583111688494682
A1_world_pairwise,world_pairwise,1,53,53,CYST_PA53.nii.gz,0,context,gamma:0.3,0.0037062072660773993,0.03428088128566742,0.006627516821026802,0.0001,0.0,False,256227,6821661,0.036201052367687225,10742.318359375,0.04192500188946724,0.00731995003297925,3528201.0,0.517205536365509,9.246446279576048e-05,0.0037062072660773993
A1_world_pairwise,world_pairwise,1,54,54,CYST_PA53.nii.gz,1,foreground,blur:1.5,0.026751233264803886,0.11149469763040543,0.006401451770216227,0.0001,0.0,False,395200,6682688,0.05583586543798447,20610.1484375,0.052151184529066086,0.05327805504202843,3518333.5,0.5264847874641418,0.00022441295732278377,0.026751233264803886
A1_world_pairwise,world_pairwise,1,55,55,CYST_PA38.nii.gz,0,context,blur:1.5,0.09662390500307083,0.2880435585975647,0.006796989124268293,0.0001,0.0,False,48054,7029834,0.0067893136292696,651.4760131835938,0.01355716586112976,0.19322152435779572,3538292.0,0.5033251047134399,2.629223672556691e-05,0.09662390500307083
A1_world_pairwise,world_pairwise,1,56,56,CYST_PA38.nii.gz,1,foreground,gamma:0.3,0.0031250829342752695,0.025487687438726425,0.0062501938082277775,0.0001,0.0,False,227620,6850268,0.03215930983424187,6529.5556640625,0.02868621051311493,0.006176568102091551,3532414.0,0.5156607031822205,7.359757728409022e-05,0.0031250829342752695
A1_world_pairwise,world_pairwise,1,57,57,HEM_PA66.nii.gz,0,context,gamma:0.3,0.01374791655689478,0.18995380401611328,0.006154763046652079,0.0001,0.0,False,50026,7027862,0.007067927625030279,479.9033203125,0.009593077935278416,0.02740524709224701,3538463.5,0.5034907460212708,9.058544674189761e-05,0.01374791655689478
A1_world_pairwise,world_pairwise,1,58,58,HEM_PA66.nii.gz,1,foreground,blur:1.5,0.0279720239341259,0.1311352550983429,0.006128536071628332,0.0001,0.0,False,240303,6837585,0.033951230347156525,6830.3447265625,0.028423884883522987,0.05581467226147652,3532113.25,0.5165732502937317,0.000129373962408863,0.0279720239341259
A1_world_pairwise,world_pairwise,1,59,59,HEM_PA56.nii.gz,0,context,blur:1.5,0.06661680340766907,0.5005492568016052,0.007322262041270733,0.0001,0.0,False,84305,6993583,0.011911039240658283,762.3397827148438,0.009042640216648579,0.13318364322185516,3538181.0,0.5059182047843933,4.996342249796726e-05,0.06661680340766907
A1_world_pairwise,world_pairwise,1,60,60,HEM_PA56.nii.gz,1,foreground,gamma:0.3,0.0027414653450250626,0.021668829023838043,0.006726601626724005,0.0001,0.0,False,386275,6691613,0.05457489565014839,22954.4296875,0.059425096958875656,0.005385632626712322,3515989.0,0.5254321694374084,9.729809244163334e-05,0.0027414653450250626
A1_world_pairwise,world_pairwise,2,61,1,HEM_PA99.nii.gz,0,context,gamma:0.3,0.0,8.846252858929829e-15,0.006104622967541218,0.0001,0.0,False,0,7077888,0.0,0.0,0.0,0.0,3538943.5,0.4999999403953552,0.0,0.0
A1_world_pairwise,world_pairwise,2,62,2,HEM_PA99.nii.gz,1,foreground,blur:1.5,0.02672509476542473,0.11727985739707947,0.0058234455063939095,0.0001,0.0,False,396016,6681872,0.055951155722141266,46993.02734375,0.1186644658446312,0.05227907374501228,3491950.5,0.5226006507873535,0.0011711153201758862,0.02672509476542473
A1_world_pairwise,world_pairwise,2,63,3,HCC_10140276_20170721.nii.gz,0,context,blur:1.5,1.0278679132461548,5.034489631652832,0.015315760858356953,0.0001,0.0,False,31095,7046793,0.0043932595290243626,315.52691650390625,0.01014719158411026,2.0556418895721436,3538628.0,0.5021615028381348,9.398520342074335e-05,1.0278679132461548
A1_world_pairwise,world_pairwise,2,64,4,HCC_10140276_20170721.nii.gz,1,foreground,gamma:0.3,0.05166550353169441,0.4953311085700989,0.015286394394934177,0.0001,0.0,False,182908,6894980,0.025842173025012016,4559.4814453125,0.024927731603384018,0.1029580608010292,3534384.0,0.5126025080680847,0.00037294873618520796,0.05166550353169441
A1_world_pairwise,world_pairwise,2,65,5,HEM_PA97.nii.gz,0,context,gamma:0.3,2.3411812782287598,115.89269256591797,0.03895675390958786,0.0001,0.0,False,29498,7048390,0.004167627543210983,151.93206787109375,0.005150588694959879,4.682348251342773,3538791.5,0.5020709037780762,1.4267592632677406e-05,2.3411812782287598
A1_world_pairwise,world_pairwise,2,66,6,HEM_PA97.nii.gz,1,foreground,blur:1.5,0.2728560268878937,1.568271517753601,0.03622233867645264,0.0001,0.0,False,279722,6798166,0.03952054679393768,8671.908203125,0.031001882627606392,0.5448461174964905,3530271.5,0.5192975997924805,0.0008659419836476445,0.2728560268878937
A1_world_pairwise,world_pairwise,2,67,7,CYST_PA69.nii.gz,0,context,blur:1.5,0.0,1.2032007301024297e-14,0.032851312309503555,0.0001,0.0,False,0,7077888,0.0,0.0,0.0,0.0,3538943.5,0.4999999403953552,0.0,0.0
A1_world_pairwise,world_pairwise,2,68,8,CYST_PA69.nii.gz,1,foreground,gamma:0.3,0.010094763711094856,0.05838777497410774,0.02982158400118351,0.0001,0.0,False,435849,6642039,0.061578962951898575,36552.5,0.08386505395174026,0.018362248316407204,3502391.0,0.5273066163063049,0.0018272795714437962,0.010094763711094856
A1_world_pairwise,world_pairwise,2,69,9,HCC_10076307_20130925.nii.gz,0,context,gamma:0.3,0.07240007817745209,1.6311211585998535,0.027509408071637154,0.0001,0.0,False,14673,7063215,0.0020730760879814625,39.891441345214844,0.0027186970692127943,0.14462773501873016,3538903.5,0.5010329484939575,0.0001724174799164757,0.07240007817745209
A1_world_pairwise,world_pairwise,2,70,10,HCC_10076307_20130925.nii.gz,1,foreground,blur:1.5,0.12361513823270798,0.8271464109420776,0.02537689544260502,0.0001,0.0,False,230690,6847198,0.03259305655956268,6219.9970703125,0.026962578296661377,0.24394544959068298,3532723.5,0.515937089920044,0.0032848322298377752,0.12361513823270798
A1_world_pairwise,world_pairwise,2,71,11,CYST_PA20.nii.gz,0,context,blur:1.5,0.13624721765518188,1.6478849649429321,0.02356625162065029,0.0001,0.0,False,7532,7070356,0.001064159208908677,184.90977478027344,0.02454989030957222,0.270060271024704,3538758.5,0.5005064010620117,0.0024341598618775606,0.13624721765518188
A1_world_pairwise,world_pairwise,2,72,12,CYST_PA20.nii.gz,1,foreground,gamma:0.3,0.004055479075759649,0.04107381030917168,0.021390395238995552,0.0001,0.0,False,230686,6847202,0.03259249031543732,13663.71484375,0.05923079326748848,0.007719402201473713,3525279.75,0.5148496627807617,0.0003915555716957897,0.004055479075759649
A1_world_pairwise,world_pairwise,2,73,13,CYST_PA56.nii.gz,0,context,gamma:0.3,0.0,4.094001931051244e-16,0.019388500601053238,0.0001,0.0,False,0,7077888,0.0,0.0,0.0,0.0,3538943.5,0.4999999403953552,0.0,0.0
A1_world_pairwise,world_pairwise,2,74,14,CYST_PA56.nii.gz,1,foreground,blur:1.5,0.05446373298764229,0.4266676604747772,0.01786021515727043,0.0001,0.0,False,259412,6818476,0.036651045083999634,11297.291015625,0.04354960843920708,0.10660099983215332,3527646.25,0.5173658132553101,0.0023264652118086815,0.05446373298764229
A1_world_pairwise,world_pairwise,2,75,15,HCC_10136895_20170421.nii.gz,0,context,blur:1.5,0.10735122859477997,0.7596879601478577,0.016553714871406555,0.0001,0.0,False,31005,7046883,0.0043805441819131374,1048.1015625,0.0338042750954628,0.1998106986284256,3537895.5,0.5020511150360107,0.014891762286424637,0.10735122859477997
A1_world_pairwise,world_pairwise,2,76,16,HCC_10136895_20170421.nii.gz,1,foreground,gamma:0.3,0.008225642144680023,0.06252309679985046,0.015052152797579765,0.0001,0.0,False,257228,6820660,0.03634247928857803,12111.0546875,0.04708295315504074,0.014703784137964249,3526832.5,0.5170807838439941,0.0017474994529038668,0.008225642144680023
A1_world_pairwise,world_pairwise,2,77,17,MET_PA13.nii.gz,0,context,gamma:0.3,0.0,2.988242240662526e-16,0.013638770207762718,0.0001,0.0,False,0,7077888,0.0,0.0,0.0,0.0,3538943.5,0.4999999403953552,0.0,0.0
A1_world_pairwise,world_pairwise,2,78,18,MET_PA13.nii.gz,1,foreground,blur:1.5,0.028624948114156723,0.25300732254981995,0.012557967565953732,0.0001,0.0,False,213869,6864019,0.030216500163078308,8861.8203125,0.041435740888118744,0.05327240377664566,3530081.5,0.5142878293991089,0.003977493848651648,0.028624948114156723
A1_world_pairwise,world_pairwise,2,79,19,HCC_10074592_20130816.nii.gz,0,context,blur:1.5,0.47085079550743103,2.458688259124756,0.01277824304997921,0.0001,0.0,False,3899,7073989,0.0005508705507963896,28.816486358642578,0.007390737999230623,0.9346513748168945,3538914.75,0.5002714395523071,0.007050235755741596,0.47085079550743103
A1_world_pairwise,world_pairwise,2,80,20,HCC_10074592_20130816.nii.gz,1,foreground,gamma:0.3,0.0029557859525084496,0.030837032943964005,0.011592106893658638,0.0001,0.0,False,253900,6823988,0.035872284322977066,27101.84765625,0.10674221813678741,0.005140471737831831,3511841.5,0.5146318674087524,0.0007711004000157118,0.0029557859525084496
A1_world_pairwise,world_pairwise,2,81,21,CYST_PA19.nii.gz,0,context,gamma:0.3,0.0,5.436012610016784e-17,0.010500329546630383,0.0001,0.0,False,0,7077888,0.0,0.0,0.0,0.0,3538943.5,0.4999999403953552,0.0,0.0
A1_world_pairwise,world_pairwise,2,82,22,CYST_PA19.nii.gz,1,foreground,blur:1.5,0.01177431084215641,0.07573511451482773,0.009572471491992474,0.0001,0.0,False,217747,6860141,0.030764402821660042,14790.138671875,0.06792350113391876,0.01952354796230793,3524153.5,0.5137144327163696,0.004025074187666178,0.01177431084215641
A1_world_pairwise,world_pairwise,2,83,23,HEM_PA13.nii.gz,0,context,blur:1.5,0.0,6.009516119290009e-16,0.008669640868902206,0.0001,0.0,False,0,7077888,0.0,0.0,0.0,0.0,3538943.5,0.4999999403953552,0.0,0.0
A1_world_pairwise,world_pairwise,2,84,24,HEM_PA13.nii.gz,1,foreground,gamma:0.3,0.0041136061772704124,0.027299361303448677,0.0078726289793849,0.0001,0.0,False,345692,6732196,0.048841122537851334,14898.2998046875,0.043097034096717834,0.006201456766575575,3524045.25,0.5234614610671997,0.0020257553551346064,0.0041136061772704124
A1_world_pairwise,world_pairwise,2,85,25,HCC_10142924_20170911.nii.gz,0,context,gamma:0.3,0.0322006456553936,0.9923807978630066,0.007634637877345085,0.0001,0.0,False,11022,7066866,0.0015572442207485437,60.40468978881836,0.005480374675244093,0.06371168047189713,3538883.0,0.500771164894104,0.0006896108388900757,0.0322006456553936
A1_world_pairwise,world_pairwise,2,86,26,HCC_10142924_20170911.nii.gz,1,foreground,blur:1.5,0.03931036591529846,0.33575671911239624,0.007206805050373077,0.0001,0.0,False,179460,6898428,0.02535502053797245,7809.24365234375,0.04351523518562317,0.07449489086866379,3531134.25,0.5118752121925354,0.004125844221562147,0.03931036591529846
A1_world_pairwise,world_pairwise,2,87,27,MET_PA25.nii.gz,0,context,blur:1.5,0.0,6.700806706719437e-16,0.006525301840156317,0.0001,0.0,False,0,7077888,0.0,0.0,0.0,0.0,3538943.5,0.4999999403953552,0.0,0.0
A1_world_pairwise,world_pairwise,2,88,28,MET_PA25.nii.gz,1,foreground,gamma:0.3,0.0025136093609035015,0.02706361748278141,0.0059348600916564465,0.0001,0.0,False,195115,6882773,0.02756683900952339,15787.39453125,0.08091328293085098,0.004329293500632048,3523156.0,0.5118802785873413,0.0006979251047596335,0.0025136093609035015
A1_world_pairwise,world_pairwise,2,89,29,HCC_10147777_20171222.nii.gz,0,context,gamma:0.3,0.02590017206966877,0.6369924545288086,0.0059607126750051975,0.0001,0.0,False,48112,7029776,0.006797507870942354,685.155029296875,0.014240833930671215,0.05102648213505745,3538258.5,0.5033245086669922,0.0007738634594716132,0.02590017206966877
A1_world_pairwise,world_pairwise,2,90,30,HCC_10147777_20171222.nii.gz,1,foreground,blur:1.5,0.1813189685344696,1.5776718854904175,0.007172257639467716,0.0001,0.0,False,228868,6849020,0.032335635274648666,6420.3046875,0.0280524343252182,0.3608776330947876,3532523.0,0.5157705545425415,0.0017603106098249555,0.1813189685344696
A1_world_pairwise,world_pairwise,2,91,31,HCC_PA0.nii.gz,0,context,blur:1.5,0.0,2.067975671821566e-15,0.006492391228675842,0.0001,0.0,False,0,7077888,0.0,0.0,0.0,0.0,3538943.5,0.4999999403953552,0.0,0.0
A1_world_pairwise,world_pairwise,2,92,32,HCC_PA0.nii.gz,1,foreground,gamma:0.3,0.0032691694796085358,0.01601148396730423,0.005868106614798307,0.0001,0.0,False,1135813,5942075,0.16047343611717224,233705.40625,0.20576046407222748,0.0031189089640975,3305238.25,0.5562431216239929,0.003419429762288928,0.0032691694796085358
A1_world_pairwise,world_pairwise,2,93,33,CYST_PA37.nii.gz,0,context,gamma:0.3,0.0,8.860340499150326e-17,0.005311237182468176,0.0001,0.0,False,0,7077888,0.0,0.0,0.0,0.0,3538943.5,0.4999999403953552,0.0,0.0
A1_world_pairwise,world_pairwise,2,94,34,CYST_PA37.nii.gz,1,foreground,blur:1.5,0.03569769859313965,0.2937439978122711,0.005269290413707495,0.0001,0.0,False,202150,6875738,0.028560779988765717,6388.48046875,0.03160267323255539,0.06825575232505798,3532555.0,0.5137709975242615,0.0031396455597132444,0.03569769859313965
A1_world_pairwise,world_pairwise,2,95,35,ICC_PA18.nii.gz,0,context,blur:1.5,0.0,3.863759084812152e-14,0.004768705926835537,0.0001,0.0,False,0,7077888,0.0,0.0,0.0,0.0,3538943.5,0.4999999403953552,0.0,0.0
A1_world_pairwise,world_pairwise,2,96,36,ICC_PA18.nii.gz,1,foreground,gamma:0.3,0.003537739161401987,0.012206303887069225,0.0043087792582809925,0.0001,0.0,False,831496,6246392,0.11747798323631287,111593.1015625,0.134207621216774,0.0036902737338095903,3427350.5,0.5486928224563599,0.0033852048218250275,0.003537739161401987
A1_world_pairwise,world_pairwise,2,97,37,HCC_10081574_20140213.nii.gz,0,context,gamma:0.3,0.0027284256648272276,0.0838136151432991,0.003865035017952323,0.0001,0.0,False,0,7077888,0.0,0.0,0.0,0.0,3538943.5,0.4999999403953552,0.0027284256648272276,0.0027284256648272276
A1_world_pairwise,world_pairwise,2,98,38,HCC_10081574_20140213.nii.gz,1,foreground,blur:1.5,0.00833236426115036,0.057077132165431976,0.003569922875612974,0.0001,0.0,False,217923,6859965,0.030789269134402275,24412.60546875,0.11202400177717209,0.012527202256023884,3514531.0,0.5123249292373657,0.004137526266276836,0.00833236426115036
A1_world_pairwise,world_pairwise,2,99,39,MET_PA19.nii.gz,0,context,blur:1.5,0.0,6.18554968276195e-16,0.003230093978345394,0.0001,0.0,False,0,7077888,0.0,0.0,0.0,0.0,3538943.5,0.4999999403953552,0.0,0.0
A1_world_pairwise,world_pairwise,2,100,40,MET_PA19.nii.gz,1,foreground,gamma:0.3,0.004480591509491205,0.05095575004816055,0.0029979152604937553,0.0001,0.0,False,183634,6894254,0.025944745168089867,4251.65625,0.023152880370616913,0.007547796703875065,3534692.0,0.512701153755188,0.001413386664353311,0.004480591509491205
A1_world_pairwise,world_pairwise,2,101,41,HEM_PA24.nii.gz,0,context,gamma:0.3,0.0,8.71596108631287e-17,0.002712261863052845,0.0001,0.0,False,0,7077888,0.0,0.0,0.0,0.0,3538943.5,0.4999999403953552,0.0,0.0
A1_world_pairwise,world_pairwise,2,102,42,HEM_PA24.nii.gz,1,foreground,blur:1.5,0.020679982379078865,0.16139768064022064,0.0027332683093845844,0.0001,0.0,False,241542,6836346,0.03412628173828125,15455.71875,0.06398770958185196,0.03914688155055046,3523487.75,0.5154051184654236,0.002213084604591131,0.020679982379078865
A1_world_pairwise,world_pairwise,2,103,43,CYST_PA74.nii.gz,0,context,blur:1.5,0.0,1.3706563273900552e-15,0.002472593914717436,0.0001,0.0,False,0,7077888,0.0,0.0,0.0,0.0,3538943.5,0.4999999403953552,0.0,0.0
A1_world_pairwise,world_pairwise,2,104,44,CYST_PA74.nii.gz,1,foreground,gamma:0.3,0.0017246410716325045,0.0115645881742239,0.0022474380675703287,0.0001,0.0,False,258931,6818957,0.03658308833837509,21137.8515625,0.08163508027791977,0.0019589096773415804,3517805.75,0.5158861875534058,0.0014903724659234285,0.0017246410716325045
A1_world_pairwise,world_pairwise,2,105,45,HEM_PA34.nii.gz,0,context,gamma:0.3,0.0,1.8928388515429713e-16,0.002032908145338297,0.0001,0.0,False,0,7077888,0.0,0.0,0.0,0.0,3538943.5,0.4999999403953552,0.0,0.0
A1_world_pairwise,world_pairwise,2,106,46,HEM_PA34.nii.gz,1,foreground,blur:1.5,0.007975198328495026,0.05939241871237755,0.001930380705744028,0.0001,0.0,False,293538,6784350,0.04147254303097725,23292.2109375,0.07934989780187607,0.011281391605734825,3515651.25,0.518200159072876,0.004669005051255226,0.007975198328495026
A1_world_pairwise,world_pairwise,2,107,47,FNH_PA32.nii.gz,0,context,blur:1.5,0.028522640466690063,0.4498347342014313,0.0025236390065401793,0.0001,0.0,False,82806,6995082,0.011699252761900425,929.2833251953125,0.0112224156036973,0.05681191384792328,3538014.0,0.5057858824729919,0.00023336698359344155,0.028522640466690063
A1_world_pairwise,world_pairwise,2,108,48,FNH_PA32.nii.gz,1,foreground,gamma:0.3,0.002478997455909848,0.04491770640015602,0.0023372306022793055,0.0001,0.0,False,284258,6793630,0.04016141593456268,9192.279296875,0.03233780339360237,0.004635124932974577,3529751.25,0.5195677876472473,0.0003228698333259672,0.002478997455909848
A1_world_pairwise,world_pairwise,2,109,49,FNH_PA10.nii.gz,0,context,gamma:0.3,0.0,2.9324682974593824e-15,0.002113757887855172,0.0001,0.0,False,0,7077888,0.0,0.0,0.0,0.0,3538943.5,0.4999999403953552,0.0,0.0
A1_world_pairwise,world_pairwise,2,110,50,FNH_PA10.nii.gz,1,foreground,blur:1.5,0.006457214243710041,0.04269115626811981,0.0018604594515636563,0.0001,0.0,False,863052,6214836,0.1219363734126091,102486.40625,0.11874882131814957,0.0032382647041231394,3436457.25,0.5529441237449646,0.009676164016127586,0.006457214243710041
A1_world_pairwise,world_pairwise,2,111,51,CYST_PA54.nii.gz,0,context,blur:1.5,0.06414911150932312,0.8284637331962585,0.003432466648519039,0.0001,0.0,False,84090,6993798,0.011880663223564625,976.3438110351562,0.011610700748860836,0.1281268149614334,3537967.25,0.5058720707893372,0.00017141446005553007,0.06414911150932312
A1_world_pairwise,world_pairwise,2,112,52,CYST_PA54.nii.gz,1,foreground,gamma:0.3,0.0025861572939902544,0.0331808403134346,0.0031343272421509027,0.0001,0.0,False,231321,6846567,0.032682206481695175,7679.634765625,0.03319903835654259,0.004668482579290867,3531263.75,0.5157714486122131,0.0005038321251049638,0.0025861572939902544
A1_world_pairwise,world_pairwise,2,113,53,CYST_PA53.nii.gz,0,context,gamma:0.3,0.000954864954110235,0.0081719309091568,0.0028434311971068382,0.0001,0.0,False,256227,6821661,0.036201052367687225,10742.318359375,0.04192500188946724,0.0014733851421624422,3528201.0,0.517205536365509,0.00043634476605802774,0.000954864954110235
A1_world_pairwise,world_pairwise,2,114,54,CYST_PA53.nii.gz,1,foreground,blur:1.5,0.017954258248209953,0.15760336816310883,0.002879018196836114,0.0001,0.0,False,395200,6682688,0.05583586543798447,20610.1484375,0.052151184529066086,0.03551667183637619,3518333.5,0.5264847874641418,0.0003918431466445327,0.017954258248209953
A1_world_pairwise,world_pairwise,2,115,55,CYST_PA38.nii.gz,0,context,blur:1.5,0.055134207010269165,0.42208483815193176,0.003347639227285981,0.0001,0.0,False,48054,7029834,0.0067893136292696,651.4760131835938,0.01355716586112976,0.11017324775457382,3538292.0,0.5033251047134399,9.516982390778139e-05,0.055134207010269165
A1_world_pairwise,world_pairwise,2,116,56,CYST_PA38.nii.gz,1,foreground,gamma:0.3,0.0015811399789527059,0.023878995329141617,0.0030627199448645115,0.0001,0.0,False,227620,6850268,0.03215930983424187,6529.5556640625,0.02868621051311493,0.0029146678280085325,3532414.0,0.5156607031822205,0.0002476121881045401,0.0015811399789527059
A1_world_pairwise,world_pairwise,2,117,57,HEM_PA66.nii.gz,0,context,gamma:0.3,0.007408533710986376,0.13624364137649536,0.002982680220156908,0.0001,0.0,False,50026,7027862,0.007067927625030279,479.9033203125,0.009593077935278416,0.014651036821305752,3538463.5,0.5034907460212708,0.00016603078984189779,0.007408533710986376
A1_world_pairwise,world_pairwise,2,118,58,HEM_PA66.nii.gz,1,foreground,blur:1.5,0.015467477031052113,0.17510440945625305,0.0031028790399432182,0.0001,0.0,False,240303,6837585,0.033951230347156525,6830.3447265625,0.028423884883522987,0.03063935786485672,3532113.25,0.5165732502937317,0.00029559587710537016,0.015467477031052113
A1_world_pairwise,world_pairwise,2,119,59,HEM_PA56.nii.gz,0,context,blur:1.5,0.024817895144224167,0.38677167892456055,0.003568896558135748,0.0001,0.0,False,84305,6993583,0.011911039240658283,762.3397827148438,0.009042640216648579,0.0494748055934906,3538181.0,0.5059182047843933,0.00016098532069008797,0.024817895144224167
A1_world_pairwise,world_pairwise,2,120,60,HEM_PA56.nii.gz,1,foreground,gamma:0.3,0.0011662496253848076,0.01080512348562479,0.003246837528422475,0.0001,0.0,False,386275,6691613,0.05457489565014839,22954.4296875,0.059425096958875656,0.0019793312530964613,3515989.0,0.5254321694374084,0.00035316808498464525,0.0011662496253848076
A1_world_pairwise,world_pairwise,3,121,1,HEM_PA99.nii.gz,0,context,gamma:0.3,0.0,8.713326962077675e-14,0.0029350505210459232,0.0001,0.0,False,0,7077888,0.0,0.0,0.0,0.0,3538943.5,0.4999999403953552,0.0,0.0
A1_world_pairwise,world_pairwise,3,122,2,HEM_PA99.nii.gz,1,foreground,blur:1.5,0.015025783330202103,0.11265289038419724,0.0027394050266593695,0.0001,0.0,False,396016,6681872,0.055951155722141266,46993.02734375,0.1186644658446312,0.027518918737769127,3491950.5,0.5226006507873535,0.0025326479226350784,0.015025783330202103
A1_world_pairwise,world_pairwise,3,123,3,HCC_10140276_20170721.nii.gz,0,context,blur:1.5,0.3652481138706207,3.2420337200164795,0.006693187635391951,0.0001,0.0,False,31095,7046793,0.0043932595290243626,315.52691650390625,0.01014719158411026,0.72987961769104,3538628.0,0.5021615028381348,0.0006165906088426709,0.3652481138706207
A1_world_pairwise,world_pairwise,3,124,4,HCC_10140276_20170721.nii.gz,1,foreground,gamma:0.3,0.007902463898062706,0.07832954823970795,0.006152465008199215,0.0001,0.0,False,182908,6894980,0.025842173025012016,4559.4814453125,0.024927731603384018,0.013233055360615253,3534384.0,0.5126025080680847,0.002571873366832733,0.007902463898062706
A1_world_pairwise,world_pairwise,3,125,5,HEM_PA97.nii.gz,0,context,gamma:0.3,0.009282012470066547,0.1593092530965805,0.0056221019476652145,0.0001,0.0,False,29498,7048390,0.004167627543210983,151.93206787109375,0.005150588694959879,0.015530059114098549,3538791.5,0.5020709037780762,0.003033965127542615,0.009282012470066547
A1_world_pairwise,world_pairwise,3,126,6,HEM_PA97.nii.gz,1,foreground,blur:1.5,0.07228409498929977,0.5792530179023743,0.005841224454343319,0.0001,0.0,False,279722,6798166,0.03952054679393768,8671.908203125,0.031001882627606392,0.13991448283195496,3530271.5,0.5192975997924805,0.004653701558709145,0.07228409498929977
A1_world_pairwise,world_pairwise,3,127,7,CYST_PA69.nii.gz,0,context,blur:1.5,0.0,3.886841749064368e-14,0.005279269069433212,0.0001,0.0,False,0,7077888,0.0,0.0,0.0,0.0,3538943.5,0.4999999403953552,0.0,0.0
A1_world_pairwise,world_pairwise,3,128,8,CYST_PA69.nii.gz,1,foreground,gamma:0.3,0.005791670177131891,0.03021833673119545,0.004778692964464426,0.0001,0.0,False,435849,6642039,0.061578962951898575,36552.5,0.08386505395174026,0.00614861911162734,3502391.0,0.5273066163063049,0.005434721242636442,0.005791670177131891
A1_world_pairwise,world_pairwise,3,129,9,HCC_10076307_20130925.nii.gz,0,context,gamma:0.3,0.013080584816634655,0.35599419474601746,0.004669885616749525,0.0001,0.0,False,14673,7063215,0.0020730760879814625,39.891441345214844,0.0027186970692127943,0.02548457309603691,3538903.5,0.5010329484939575,0.0006765957805328071,0.013080584816634655
A1_world_pairwise,world_pairwise,3,130,10,HCC_10076307_20130925.nii.gz,1,foreground,blur:1.5,0.06282716244459152,0.5922417044639587,0.005298469681292772,0.0001,0.0,False,230690,6847198,0.03259305655956268,6219.9970703125,0.026962578296661377,0.11906253546476364,3532723.5,0.515937089920044,0.006591795943677425,0.06282716244459152
A1_world_pairwise,world_pairwise,3,131,11,CYST_PA20.nii.gz,0,context,blur:1.5,0.04926447197794914,1.053807020187378,0.006112663075327873,0.0001,0.0,False,7532,7070356,0.001064159208908677,184.90977478027344,0.02454989030957222,0.09214350581169128,3538758.5,0.5005064010620117,0.006385440472513437,0.04926447197794914
A1_world_pairwise,world_pairwise,3,132,12,CYST_PA20.nii.gz,1,foreground,gamma:0.3,0.0015790044562891126,0.009018165990710258,0.005524975713342428,0.0001,0.0,False,230686,6847202,0.03259249031543732,13663.71484375,0.05923079326748848,0.0017442223615944386,3525279.75,0.5148496627807617,0.0014137865509837866,0.0015790044562891126
A1_world_pairwise,world_pairwise,3,133,13,CYST_PA56.nii.gz,0,context,gamma:0.3,0.0,3.440836296577732e-16,0.00499255396425724,0.0001,0.0,False,0,7077888,0.0,0.0,0.0,0.0,3538943.5,0.4999999403953552,0.0,0.0
A1_world_pairwise,world_pairwise,3,134,14,CYST_PA56.nii.gz,1,foreground,blur:1.5,0.03229694440960884,0.31226110458374023,0.005104050040245056,0.0001,0.0,False,259412,6818476,0.036651045083999634,11297.291015625,0.04354960843920708,0.06038903817534447,3527646.25,0.5173658132553101,0.004204851575195789,0.03229694440960884
A1_world_pairwise,world_pairwise,3,135,15,HCC_10136895_20170421.nii.gz,0,context,blur:1.5,0.056665100157260895,0.4687434136867523,0.005262805614620447,0.0001,0.0,False,31005,7046883,0.0043805441819131374,1048.1015625,0.0338042750954628,0.08912691473960876,3537895.5,0.5020511150360107,0.024203287437558174,0.056665100157260895
A1_world_pairwise,world_pairwise,3,136,16,HCC_10136895_20170421.nii.gz,1,foreground,gamma:0.3,0.0051956335082650185,0.02930397167801857,0.004793182015419006,0.0001,0.0,False,257228,6820660,0.03634247928857803,12111.0546875,0.04708295315504074,0.006836746819317341,3526832.5,0.5170807838439941,0.003554520197212696,0.0051956335082650185
A1_world_pairwise,world_pairwise,3,137,17,MET_PA13.nii.gz,0,context,gamma:0.3,0.0,1.370953133028729e-16,0.004330801777541637,0.0001,0.0,False,0,7077888,0.0,0.0,0.0,0.0,3538943.5,0.4999999403953552,0.0,0.0
A1_world_pairwise,world_pairwise,3,138,18,MET_PA13.nii.gz,1,foreground,blur:1.5,0.014778775162994862,0.10020917654037476,0.004073623567819595,0.0001,0.0,False,213869,6864019,0.030216500163078308,8861.8203125,0.041435740888118744,0.01952301524579525,3530081.5,0.5142878293991089,0.010034535080194473,0.014778775162994862
A1_world_pairwise,world_pairwise,3,139,19,HCC_10074592_20130816.nii.gz,0,context,blur:1.5,0.23584821820259094,3.129214286804199,0.007425030693411827,0.0001,0.0,False,3899,7073989,0.0005508705507963896,28.816486358642578,0.007390737999230623,0.4576568007469177,3538914.75,0.5002714395523071,0.014039632864296436,0.23584821820259094
A1_world_pairwise,world_pairwise,3,140,20,HCC_10074592_20130816.nii.gz,1,foreground,gamma:0.3,0.0031264848075807095,0.03193033114075661,0.006709882523864508,0.0001,0.0,False,253900,6823988,0.035872284322977066,27101.84765625,0.10674221813678741,0.004065199755132198,3511841.5,0.5146318674087524,0.002187769627198577,0.0031264848075807095
A1_world_pairwise,world_pairwise,3,141,21,CYST_PA19.nii.gz,0,context,gamma:0.3,0.0,1.082915608847964e-16,0.006061973981559277,0.0001,0.0,False,0,7077888,0.0,0.0,0.0,0.0,3538943.5,0.4999999403953552,0.0,0.0
A1_world_pairwise,world_pairwise,3,142,22,CYST_PA19.nii.gz,1,foreground,blur:1.5,0.008040012791752815,0.034581366926431656,0.005503977183252573,0.0001,0.0,False,217747,6860141,0.030764402821660042,14790.138671875,0.06792350113391876,0.008583204820752144,3524153.5,0.5137144327163696,0.007496821228414774,0.008040012791752815
A1_world_pairwise,world_pairwise,3,143,23,HEM_PA13.nii.gz,0,context,blur:1.5,0.0,8.377299843946064e-16,0.0049722627736628056,0.0001,0.0,False,0,7077888,0.0,0.0,0.0,0.0,3538943.5,0.4999999403953552,0.0,0.0
A1_world_pairwise,world_pairwise,3,144,24,HEM_PA13.nii.gz,1,foreground,gamma:0.3,0.003465745598077774,0.015524188987910748,0.004482231568545103,0.0001,0.0,False,345692,6732196,0.048841122537851334,14898.2998046875,0.043097034096717834,0.0025675201322883368,3524045.25,0.5234614610671997,0.004363971296697855,0.003465745598077774
A1_world_pairwise,world_pairwise,3,145,25,HCC_10142924_20170911.nii.gz,0,context,gamma:0.3,0.013408632948994637,0.4015728831291199,0.004495010711252689,0.0001,0.0,False,11022,7066866,0.0015572442207485437,60.40468978881836,0.005480374675244093,0.02454715594649315,3538883.0,0.500771164894104,0.0022701090201735497,0.013408632948994637
A1_world_pairwise,world_pairwise,3,146,26,HCC_10142924_20170911.nii.gz,1,foreground,blur:1.5,0.0261341892182827,0.2211233526468277,0.004453498404473066,0.0001,0.0,False,179460,6898428,0.02535502053797245,7809.24365234375,0.04351523518562317,0.045392557978630066,3531134.25,0.5118752121925354,0.0068758209235966206,0.0261341892182827
A1_world_pairwise,world_pairwise,3,147,27,MET_PA25.nii.gz,0,context,blur:1.5,0.0,1.6979374703522633e-15,0.004022881388664246,0.0001,0.0,False,0,7077888,0.0,0.0,0.0,0.0,3538943.5,0.4999999403953552,0.0,0.0
A1_world_pairwise,world_pairwise,3,148,28,MET_PA25.nii.gz,1,foreground,gamma:0.3,0.0015223566442728043,0.008628960698843002,0.003622532356530428,0.0001,0.0,False,195115,6882773,0.02756683900952339,15787.39453125,0.08091328293085098,0.0009081221651285887,3523156.0,0.5118802785873413,0.00213659112341702,0.0015223566442728043
A1_world_pairwise,world_pairwise,3,149,29,HCC_10147777_20171222.nii.gz,0,context,gamma:0.3,0.005951890721917152,0.04921848699450493,0.0033225573133677244,0.0001,0.0,False,48112,7029776,0.006797507870942354,685.155029296875,0.014240833930671215,0.00823439471423626,3538258.5,0.5033245086669922,0.0036693871952593327,0.005951890721917152
A1_world_pairwise,world_pairwise,3,150,30,HCC_10147777_20171222.nii.gz,1,foreground,blur:1.5,0.07495442032814026,0.6827969551086426,0.004529645666480064,0.0001,0.0,False,228868,6849020,0.032335635274648666,6420.3046875,0.0280524343252182,0.1459161341190338,3532523.0,0.5157705545425415,0.003992699086666107,0.07495442032814026
A1_world_pairwise,world_pairwise,3,151,31,HCC_PA0.nii.gz,0,context,blur:1.5,0.0,3.5002452816740174e-15,0.004091296344995499,0.0001,0.0,False,0,7077888,0.0,0.0,0.0,0.0,3538943.5,0.4999999403953552,0.0,0.0
A1_world_pairwise,world_pairwise,3,152,32,HCC_PA0.nii.gz,1,foreground,gamma:0.3,0.005906220991164446,0.046704236418008804,0.00363363279029727,0.0001,0.0,False,1135813,5942075,0.16047343611717224,233705.40625,0.20576046407222748,0.0037400478031486273,3305238.25,0.5562431216239929,0.00807239394634962,0.005906220991164446
A1_world_pairwise,world_pairwise,3,153,33,CYST_PA37.nii.gz,0,context,gamma:0.3,0.0,1.3934726950715667e-16,0.0032818508334457874,0.0001,0.0,False,0,7077888,0.0,0.0,0.0,0.0,3538943.5,0.4999999403953552,0.0,0.0
A1_world_pairwise,world_pairwise,3,154,34,CYST_PA37.nii.gz,1,foreground,blur:1.5,0.01648402027785778,0.1410728096961975,0.0032617507968097925,0.0001,0.0,False,202150,6875738,0.028560779988765717,6388.48046875,0.03160267323255539,0.026556573808193207,3532555.0,0.5137709975242615,0.006411466747522354,0.01648402027785778
A1_world_pairwise,world_pairwise,3,155,35,ICC_PA18.nii.gz,0,context,blur:1.5,0.0,3.306769403993979e-15,0.002945846179500222,0.0001,0.0,False,0,7077888,0.0,0.0,0.0,0.0,3538943.5,0.4999999403953552,0.0,0.0
A1_world_pairwise,world_pairwise,3,156,36,ICC_PA18.nii.gz,1,foreground,gamma:0.3,0.004308600910007954,0.02429056540131569,0.0026238865684717894,0.0001,0.0,False,831496,6246392,0.11747798323631287,111593.1015625,0.134207621216774,0.0034377346746623516,3427350.5,0.5486928224563599,0.005179466679692268,0.004308600910007954
A1_world_pairwise,world_pairwise,3,157,37,HCC_10081574_20140213.nii.gz,0,context,gamma:0.3,0.0031626273412257433,0.12322039157152176,0.002317944075912237,0.0001,0.0,False,0,7077888,0.0,0.0,0.0,0.0,3538943.5,0.4999999403953552,0.0031626273412257433,0.0031626273412257433
A1_world_pairwise,world_pairwise,3,158,38,HCC_10081574_20140213.nii.gz,1,foreground,blur:1.5,0.0063672251999378204,0.013441303744912148,0.002099118661135435,0.0001,0.0,False,217923,6859965,0.030789269134402275,24412.60546875,0.11202400177717209,0.004851038102060556,3514531.0,0.5123249292373657,0.007883412763476372,0.0063672251999378204
A1_world_pairwise,world_pairwise,3,159,39,MET_PA19.nii.gz,0,context,blur:1.5,0.0,1.7873797026593443e-15,0.0018956628628075123,0.0001,0.0,False,0,7077888,0.0,0.0,0.0,0.0,3538943.5,0.4999999403953552,0.0,0.0
A1_world_pairwise,world_pairwise,3,160,40,MET_PA19.nii.gz,1,foreground,gamma:0.3,0.003500772872939706,0.02354264073073864,0.0017478482332080603,0.0001,0.0,False,183634,6894254,0.025944745168089867,4251.65625,0.023152880370616913,0.004466742742806673,3534692.0,0.512701153755188,0.0025348030030727386,0.003500772872939706
A1_world_pairwise,world_pairwise,3,161,41,HEM_PA24.nii.gz,0,context,gamma:0.3,0.0,5.483014005038782e-17,0.0015783763956278563,0.0001,0.0,False,0,7077888,0.0,0.0,0.0,0.0,3538943.5,0.4999999403953552,0.0,0.0
A1_world_pairwise,world_pairwise,3,162,42,HEM_PA24.nii.gz,1,foreground,blur:1.5,0.012946464121341705,0.1020502895116806,0.0016884225187823176,0.0001,0.0,False,241542,6836346,0.03412628173828125,15455.71875,0.06398770958185196,0.021950162947177887,3523487.75,0.5154051184654236,0.003942764829844236,0.012946464121341705
A1_world_pairwise,world_pairwise,3,163,43,CYST_PA74.nii.gz,0,context,blur:1.5,0.0,4.511189903892102e-15,0.0015246551483869553,0.0001,0.0,False,0,7077888,0.0,0.0,0.0,0.0,3538943.5,0.4999999403953552,0.0,0.0
A1_world_pairwise,world_pairwise,3,164,44,CYST_PA74.nii.gz,1,foreground,gamma:0.3,0.00192775868345052,0.015829524025321007,0.0013375524431467056,0.0001,0.0,False,258931,6818957,0.03658308833837509,21137.8515625,0.08163508027791977,0.0008382162195630372,3517805.75,0.5158861875534058,0.003017301205545664,0.00192775868345052
A1_world_pairwise,world_pairwise,3,165,45,HEM_PA34.nii.gz,0,context,gamma:0.3,0.0,9.496619075982445e-17,0.0012077715946361423,0.0001,0.0,False,0,7077888,0.0,0.0,0.0,0.0,3538943.5,0.4999999403953552,0.0,0.0
A1_world_pairwise,world_pairwise,3,166,46,HEM_PA34.nii.gz,1,foreground,blur:1.5,0.006689795758575201,0.025096286088228226,0.0011023666011169553,0.0001,0.0,False,293538,6784350,0.04147254303097725,23292.2109375,0.07934989780187607,0.0046962350606918335,3515651.25,0.518200159072876,0.008683356456458569,0.006689795758575201
A1_world_pairwise,world_pairwise,3,167,47,FNH_PA32.nii.gz,0,context,blur:1.5,0.01751183159649372,0.31098172068595886,0.0018640587804839015,0.0001,0.0,False,82806,6995082,0.011699252761900425,929.2833251953125,0.0112224156036973,0.03465260565280914,3538014.0,0.5057858824729919,0.00037105882074683905,0.01751183159649372
A1_world_pairwise,world_pairwise,3,168,48,FNH_PA32.nii.gz,1,foreground,gamma:0.3,0.0019135603215545416,0.029963482171297073,0.0017218986758962274,0.0001,0.0,False,284258,6793630,0.04016141593456268,9192.279296875,0.03233780339360237,0.003164321184158325,3529751.25,0.5195677876472473,0.0006627993425354362,0.0019135603215545416
A1_world_pairwise,world_pairwise,3,169,49,FNH_PA10.nii.gz,0,context,gamma:0.3,0.0,1.847650332021224e-15,0.0015547143993899226,0.0001,0.0,False,0,7077888,0.0,0.0,0.0,0.0,3538943.5,0.4999999403953552,0.0,0.0
A1_world_pairwise,world_pairwise,3,170,50,FNH_PA10.nii.gz,1,foreground,blur:1.5,0.006487167906016111,0.059374336153268814,0.001306781661696732,0.0001,0.0,False,863052,6214836,0.1219363734126091,102486.40625,0.11874882131814957,0.00214705360122025,3436457.25,0.5529441237449646,0.010827282443642616,0.006487167906016111
A1_world_pairwise,world_pairwise,3,171,51,CYST_PA54.nii.gz,0,context,blur:1.5,0.03144985809922218,0.46262308955192566,0.002728712512180209,0.0001,0.0,False,84090,6993798,0.011880663223564625,976.3438110351562,0.011610700748860836,0.06251538544893265,3537967.25,0.5058720707893372,0.0003843287122435868,0.03144985809922218
A1_world_pairwise,world_pairwise,3,172,52,CYST_PA54.nii.gz,1,foreground,gamma:0.3,0.0012409520568326116,0.011107481084764004,0.002471502171829343,0.0001,0.0,False,231321,6846567,0.032682206481695175,7679.634765625,0.03319903835654259,0.0016133416211232543,3531263.75,0.5157714486122131,0.0008685625507496297,0.0012409520568326116
A1_world_pairwise,world_pairwise,3,173,53,CYST_PA53.nii.gz,0,context,gamma:0.3,0.0008227330399677157,0.006310960743576288,0.0022230586037039757,0.0001,0.0,False,256227,6821661,0.036201052367687225,10742.318359375,0.04192500188946724,0.0008690531831234694,3528201.0,0.517205536365509,0.0007764128386043012,0.0008227330399677157
A1_world_pairwise,world_pairwise,3,174,54,CYST_PA53.nii.gz,1,foreground,blur:1.5,0.009982751682400703,0.09086211025714874,0.002332351403310895,0.0001,0.0,False,395200,6682688,0.05583586543798447,20610.1484375,0.052151184529066086,0.01895131915807724,3518333.5,0.5264847874641418,0.0010141839738935232,0.009982751682400703
A1_world_pairwise,world_pairwise,3,175,55,CYST_PA38.nii.gz,0,context,blur:1.5,0.031053857877850533,0.33318209648132324,0.0032274210825562477,0.0001,0.0,False,48054,7029834,0.0067893136292696,651.4760131835938,0.01355716586112976,0.06194277107715607,3538292.0,0.5033251047134399,0.00016494629380758852,0.031053857877850533
A1_world_pairwise,world_pairwise,3,176,56,CYST_PA38.nii.gz,1,foreground,gamma:0.3,0.0008955505909398198,0.009886431507766247,0.002927134046331048,0.0001,0.0,False,227620,6850268,0.03215930983424187,6529.5556640625,0.02868621051311493,0.0013715192908421159,3532414.0,0.5156607031822205,0.0004195818619336933,0.0008955505909398198
A1_world_pairwise,world_pairwise,3,177,57,HEM_PA66.nii.gz,0,context,gamma:0.3,0.002531267935410142,0.06346715986728668,0.002742598531767726,0.0001,0.0,False,50026,7027862,0.007067927625030279,479.9033203125,0.009593077935278416,0.004685321357101202,3538463.5,0.5034907460212708,0.0003772144264075905,0.002531267935410142
A1_world_pairwise,world_pairwise,3,178,58,HEM_PA66.nii.gz,1,foreground,blur:1.5,0.007443815469741821,0.09226959198713303,0.0028179441578686237,0.0001,0.0,False,240303,6837585,0.033951230347156525,6830.3447265625,0.028423884883522987,0.014157205820083618,3532113.25,0.5165732502937317,0.0007304252940230072,0.007443815469741821
A1_world_pairwise,world_pairwise,3,179,59,HEM_PA56.nii.gz,0,context,blur:1.5,0.010059349238872528,0.19800910353660583,0.003182308981195092,0.0001,0.0,False,84305,6993583,0.011911039240658283,762.3397827148438,0.009042640216648579,0.01976783573627472,3538181.0,0.5059182047843933,0.0003508623340167105,0.010059349238872528
A1_world_pairwise,world_pairwise,3,180,60,HEM_PA56.nii.gz,1,foreground,gamma:0.3,0.0009615133749321103,0.006908719893544912,0.002870970405638218,0.0001,0.0,False,386275,6691613,0.05457489565014839,22954.4296875,0.059425096958875656,0.0011308880057185888,3515989.0,0.5254321694374084,0.0007921388023532927,0.0009615133749321103
A1_world_pairwise,world_pairwise,4,181,1,HEM_PA99.nii.gz,0,context,gamma:0.3,0.0,9.406355766993987e-14,0.0025917079765349627,0.0001,0.0,False,0,7077888,0.0,0.0,0.0,0.0,3538943.5,0.4999999403953552,0.0,0.0
A1_world_pairwise,world_pairwise,4,182,2,HEM_PA99.nii.gz,1,foreground,blur:1.5,0.00820993073284626,0.04885696992278099,0.0023987635504454374,0.0001,0.0,False,396016,6681872,0.055951155722141266,46993.02734375,0.1186644658446312,0.012099968269467354,3491950.5,0.5226006507873535,0.004319893196225166,0.00820993073284626
A1_world_pairwise,world_pairwise,4,183,3,HCC_10140276_20170721.nii.gz,0,context,blur:1.5,0.12334376573562622,1.9064189195632935,0.005951255559921265,0.0001,0.0,False,31095,7046793,0.0043932595290243626,315.52691650390625,0.01014719158411026,0.24478808045387268,3538628.0,0.5021615028381348,0.0018994549755007029,0.12334376573562622
A1_world_pairwise,world_pairwise,4,184,4,HCC_10140276_20170721.nii.gz,1,foreground,gamma:0.3,0.005245915614068508,0.02917509339749813,0.005382813047617674,0.0001,0.0,False,182908,6894980,0.025842173025012016,4559.4814453125,0.024927731603384018,0.005267719272524118,3534384.0,0.5126025080680847,0.005224112421274185,0.005245915614068508
A1_world_pairwise,world_pairwise,4,185,5,HEM_PA97.nii.gz,0,context,gamma:0.3,0.007299456745386124,0.09802479296922684,0.004962428007274866,0.0001,0.0,False,29498,7048390,0.004167627543210983,151.93206787109375,0.005150588694959879,0.010609095916152,3538791.5,0.5020709037780762,0.00398981710895896,0.007299456745386124
A1_world_pairwise,world_pairwise,4,186,6,HEM_PA97.nii.gz,1,foreground,blur:1.5,0.057955171912908554,0.48160433769226074,0.005712738260626793,0.0001,0.0,False,279722,6798166,0.03952054679393768,8671.908203125,0.031001882627606392,0.10690692812204361,3530271.5,0.5192975997924805,0.009003414772450924,0.057955171912908554
A1_world_pairwise,world_pairwise,4,187,7,CYST_PA69.nii.gz,0,context,blur:1.5,0.0,2.873941116012836e-14,0.0051565952599048615,0.0001,0.0,False,0,7077888,0.0,0.0,0.0,0.0,3538943.5,0.4999999403953552,0.0,0.0
A1_world_pairwise,world_pairwise,4,188,8,CYST_PA69.nii.gz,1,foreground,gamma:0.3,0.005766033194959164,0.03668157383799553,0.004652152303606272,0.0001,0.0,False,435849,6642039,0.061578962951898575,36552.5,0.08386505395174026,0.004497780464589596,3502391.0,0.5273066163063049,0.007034285459667444,0.005766033194959164
A1_world_pairwise,world_pairwise,4,189,9,HCC_10076307_20130925.nii.gz,0,context,gamma:0.3,0.00598579877987504,0.09321257472038269,0.004470222629606724,0.0001,0.0,False,14673,7063215,0.0020730760879814625,39.891441345214844,0.0027186970692127943,0.010617283172905445,3538903.5,0.5010329484939575,0.0013543147360906005,0.00598579877987504
A1_world_pairwise,world_pairwise,4,190,10,HCC_10076307_20130925.nii.gz,1,foreground,blur:1.5,0.031147027388215065,0.31516948342323303,0.004904883448034525,0.0001,0.0,False,230690,6847198,0.03259305655956268,6219.9970703125,0.026962578296661377,0.05024673417210579,3532723.5,0.515937089920044,0.012047321535646915,0.031147027388215065
A1_world_pairwise,world_pairwise,4,191,11,CYST_PA20.nii.gz,0,context,blur:1.5,0.015259314328432083,0.21303333342075348,0.004945786669850349,0.0001,0.0,False,7532,7070356,0.001064159208908677,184.90977478027344,0.02454989030957222,0.019438093528151512,3538758.5,0.5005064010620117,0.01108053419739008,0.015259314328432083
A1_world_pairwise,world_pairwise,4,192,12,CYST_PA20.nii.gz,1,foreground,gamma:0.3,0.0022419523447752,0.025761783123016357,0.004395626951009035,0.0001,0.0,False,230686,6847202,0.03259249031543732,13663.71484375,0.05923079326748848,0.0005932438652962446,3525279.75,0.5148496627807617,0.0038906605914235115,0.0022419523447752
A1_world_pairwise,world_pairwise,4,193,13,CYST_PA56.nii.gz,0,context,gamma:0.3,0.0,4.312589371002057e-16,0.003967376425862312,0.0001,0.0,False,0,7077888,0.0,0.0,0.0,0.0,3538943.5,0.4999999403953552,0.0,0.0
A1_world_pairwise,world_pairwise,4,194,14,CYST_PA56.nii.gz,1,foreground,blur:1.5,0.01289201620966196,0.08408906310796738,0.003815799718722701,0.0001,0.0,False,259412,6818476,0.036651045083999634,11297.291015625,0.04354960843920708,0.016003701835870743,3527646.25,0.5173658132553101,0.009780330583453178,0.01289201620966196
A1_world_pairwise,world_pairwise,4,195,15,HCC_10136895_20170421.nii.gz,0,context,blur:1.5,0.04679420590400696,0.398391991853714,0.004236472770571709,0.0001,0.0,False,31005,7046883,0.0043805441819131374,1048.1015625,0.0338042750954628,0.06732363998889923,3537895.5,0.5020511150360107,0.026264773681759834,0.04679420590400696
A1_world_pairwise,world_pairwise,4,196,16,HCC_10136895_20170421.nii.gz,1,foreground,gamma:0.3,0.004287358373403549,0.01981840282678604,0.003828971181064844,0.0001,0.0,False,257228,6820660,0.03634247928857803,12111.0546875,0.04708295315504074,0.0043043531477451324,3526832.5,0.5170807838439941,0.004270364064723253,0.004287358373403549
A1_world_pairwise,world_pairwise,4,197,17,MET_PA13.nii.gz,0,context,gamma:0.3,0.0,5.113282204503259e-16,0.003455745754763484,0.0001,0.0,False,0,7077888,0.0,0.0,0.0,0.0,3538943.5,0.4999999403953552,0.0,0.0
A1_world_pairwise,world_pairwise,4,198,18,MET_PA13.nii.gz,1,foreground,blur:1.5,0.013300694525241852,0.07307716459035873,0.003157825442031026,0.0001,0.0,False,213869,6864019,0.030216500163078308,8861.8203125,0.041435740888118744,0.00982234813272953,3530081.5,0.5142878293991089,0.016779040917754173,0.013300694525241852
A1_world_pairwise,world_pairwise,4,199,19,HCC_10074592_20130816.nii.gz,0,context,blur:1.5,0.0776049941778183,1.0608309507369995,0.004967017099261284,0.0001,0.0,False,3899,7073989,0.0005508705507963896,28.816486358642578,0.007390737999230623,0.1315927505493164,3538914.75,0.5002714395523071,0.023617234081029892,0.0776049941778183
A1_world_pairwise,world_pairwise,4,200,20,HCC_10074592_20130816.nii.gz,1,foreground,gamma:0.3,0.002812365535646677,0.025755636394023895,0.004446783103048801,0.0001,0.0,False,253900,6823988,0.035872284322977066,27101.84765625,0.10674221813678741,0.0020527385640889406,3511841.5,0.5146318674087524,0.0035719925072044134,0.002812365535646677
A1_world_pairwise,world_pairwise,4,201,21,CYST_PA19.nii.gz,0,context,gamma:0.3,0.0,8.378000234314324e-17,0.004013134632259607,0.0001,0.0,False,0,7077888,0.0,0.0,0.0,0.0,3538943.5,0.4999999403953552,0.0,0.0
A1_world_pairwise,world_pairwise,4,202,22,CYST_PA19.nii.gz,1,foreground,blur:1.5,0.007482783868908882,0.027068737894296646,0.0036169197410345078,0.0001,0.0,False,217747,6860141,0.030764402821660042,14790.138671875,0.06792350113391876,0.00492764450609684,3524153.5,0.5137144327163696,0.010037923231720924,0.007482783868908882
A1_world_pairwise,world_pairwise,4,203,23,HEM_PA13.nii.gz,0,context,blur:1.5,0.0,1.4900707146566113e-15,0.003264118218794465,0.0001,0.0,False,0,7077888,0.0,0.0,0.0,0.0,3538943.5,0.4999999403953552,0.0,0.0
A1_world_pairwise,world_pairwise,4,204,24,HEM_PA13.nii.gz,1,foreground,gamma:0.3,0.004261410795152187,0.032005675137043,0.002876067068427801,0.0001,0.0,False,345692,6732196,0.048841122537851334,14898.2998046875,0.043097034096717834,0.0015114507405087352,3524045.25,0.5234614610671997,0.007011371199041605,0.004261410795152187
A1_world_pairwise,world_pairwise,4,205,25,HCC_10142924_20170911.nii.gz,0,context,gamma:0.3,0.005121548660099506,0.05995990335941315,0.0026553485076874495,0.0001,0.0,False,11022,7066866,0.0015572442207485437,60.40468978881836,0.005480374675244093,0.004985291976481676,3538883.0,0.500771164894104,0.005257805809378624,0.005121548660099506
A1_world_pairwise,world_pairwise,4,206,26,HCC_10142924_20170911.nii.gz,1,foreground,blur:1.5,0.01689852401614189,0.1222684383392334,0.0027267939876765013,0.0001,0.0,False,179460,6898428,0.02535502053797245,7809.24365234375,0.04351523518562317,0.023264378309249878,3531134.25,0.5118752121925354,0.010532671585679054,0.01689852401614189
A1_world_pairwise,world_pairwise,4,207,27,MET_PA25.nii.gz,0,context,blur:1.5,0.0,2.2255024124289476e-15,0.0024607006926089525,0.0001,0.0,False,0,7077888,0.0,0.0,0.0,0.0,3538943.5,0.4999999403953552,0.0,0.0
A1_world_pairwise,world_pairwise,4,208,28,MET_PA25.nii.gz,1,foreground,gamma:0.3,0.0023096136283129454,0.02279645949602127,0.00216058106161654,0.0001,0.0,False,195115,6882773,0.02756683900952339,15787.39453125,0.08091328293085098,0.0007376635912805796,3523156.0,0.5118802785873413,0.003881563665345311,0.0023096136283129454
A1_world_pairwise,world_pairwise,4,209,29,HCC_10147777_20171222.nii.gz,0,context,gamma:0.3,0.006204747594892979,0.06170501932501793,0.0018649009289219975,0.0001,0.0,False,48112,7029776,0.006797507870942354,685.155029296875,0.014240833930671215,0.00445807259529829,3538258.5,0.5033245086669922,0.007951422594487667,0.006204747594892979
A1_world_pairwise,world_pairwise,4,210,30,HCC_10147777_20171222.nii.gz,1,foreground,blur:1.5,0.0474017895758152,0.48145386576652527,0.0033863927237689495,0.0001,0.0,False,228868,6849020,0.032335635274648666,6420.3046875,0.0280524343252182,0.08873441070318222,3532523.0,0.5157705545425415,0.006069166120141745,0.0474017895758152
A1_world_pairwise,world_pairwise,4,211,31,HCC_PA0.nii.gz,0,context,blur:1.5,0.0,4.4161384076500665e-15,0.003055791836231947,0.0001,0.0,False,0,7077888,0.0,0.0,0.0,0.0,3538943.5,0.4999999403953552,0.0,0.0
A1_world_pairwise,world_pairwise,4,212,32,HCC_PA0.nii.gz,1,foreground,gamma:0.3,0.005721645895391703,0.05681348964571953,0.0026351057458668947,0.0001,0.0,False,1135813,5942075,0.16047343611717224,233705.40625,0.20576046407222748,0.0025182946119457483,3305238.25,0.5562431216239929,0.0089249974116683,0.005721645895391703
A1_world_pairwise,world_pairwise,4,213,33,CYST_PA37.nii.gz,0,context,gamma:0.3,0.0,5.407529803676378e-16,0.00237779738381505,0.0001,0.0,False,0,7077888,0.0,0.0,0.0,0.0,3538943.5,0.4999999403953552,0.0,0.0
A1_world_pairwise,world_pairwise,4,214,34,CYST_PA37.nii.gz,1,foreground,blur:1.5,0.013437489978969097,0.05459455028176308,0.002199712907895446,0.0001,0.0,False,202150,6875738,0.028560779988765717,6388.48046875,0.03160267323255539,0.013162166811525822,3532555.0,0.5137709975242615,0.013712813146412373,0.013437489978969097
A1_world_pairwise,world_pairwise,4,215,35,ICC_PA18.nii.gz,0,context,blur:1.5,0.0,4.5764681920381495e-15,0.001984875649213791,0.0001,0.0,False,0,7077888,0.0,0.0,0.0,0.0,3538943.5,0.4999999403953552,0.0,0.0
A1_world_pairwise,world_pairwise,4,216,36,ICC_PA18.nii.gz,1,foreground,gamma:0.3,0.00636992696672678,0.06677047163248062,0.0016548549756407738,0.0001,0.0,False,831496,6246392,0.11747798323631287,111593.1015625,0.134207621216774,0.0020890531595796347,3427350.5,0.5486928224563599,0.010650800541043282,0.00636992696672678
A1_world_pairwise,world_pairwise,4,217,37,HCC_10081574_20140213.nii.gz,0,context,gamma:0.3,0.003107449971139431,0.14487424492835999,0.0014398093335330486,0.0001,0.0,False,0,7077888,0.0,0.0,0.0,0.0,3538943.5,0.4999999403953552,0.003107449971139431,0.003107449971139431
A1_world_pairwise,world_pairwise,4,218,38,HCC_10081574_20140213.nii.gz,1,foreground,blur:1.5,0.006966543849557638,0.04129475727677345,0.0012135992292314768,0.0001,0.0,False,217923,6859965,0.030789269134402275,24412.60546875,0.11202400177717209,0.002204200252890587,3514531.0,0.5123249292373657,0.01172888744622469,0.006966543849557638
A1_world_pairwise,world_pairwise,4,219,39,MET_PA19.nii.gz,0,context,blur:1.5,0.0,1.8834567440422683e-15,0.0010950251016765833,0.0001,0.0,False,0,7077888,0.0,0.0,0.0,0.0,3538943.5,0.4999999403953552,0.0,0.0
A1_world_pairwise,world_pairwise,4,220,40,MET_PA19.nii.gz,1,foreground,gamma:0.3,0.0032573631033301353,0.0201355442404747,0.0009639064664952457,0.0001,0.0,False,183634,6894254,0.025944745168089867,4251.65625,0.023152880370616913,0.0015585660003125668,3534692.0,0.512701153755188,0.004956160206347704,0.0032573631033301353
A1_world_pairwise,world_pairwise,4,221,41,HEM_PA24.nii.gz,0,context,gamma:0.3,0.0,1.2840851397274722e-16,0.000869710638653487,0.0001,0.0,False,0,7077888,0.0,0.0,0.0,0.0,3538943.5,0.4999999403953552,0.0,0.0
A1_world_pairwise,world_pairwise,4,222,42,HEM_PA24.nii.gz,1,foreground,blur:1.5,0.01188623160123825,0.07924497127532959,0.0010116543853655457,0.0001,0.0,False,241542,6836346,0.03412628173828125,15455.71875,0.06398770958185196,0.018618274480104446,3523487.75,0.5154051184654236,0.005154188256710768,0.01188623160123825
A1_world_pairwise,world_pairwise,4,223,43,CYST_PA74.nii.gz,0,context,blur:1.5,0.0,7.666086088685149e-15,0.0009127738303504884,0.0001,0.0,False,0,7077888,0.0,0.0,0.0,0.0,3538943.5,0.4999999403953552,0.0,0.0
A1_world_pairwise,world_pairwise,4,224,44,CYST_PA74.nii.gz,1,foreground,gamma:0.3,0.002779441885650158,0.03471310809254646,0.0007329738000407815,0.0001,0.0,False,258931,6818957,0.03658308833837509,21137.8515625,0.08163508027791977,0.00034656384377740324,3517805.75,0.5158861875534058,0.005212320014834404,0.002779441885650158
A1_world_pairwise,world_pairwise,4,225,45,HEM_PA34.nii.gz,0,context,gamma:0.3,0.0,2.081021382107601e-16,0.0006613187142647803,0.0001,0.0,False,0,7077888,0.0,0.0,0.0,0.0,3538943.5,0.4999999403953552,0.0,0.0
A1_world_pairwise,world_pairwise,4,226,46,HEM_PA34.nii.gz,1,foreground,blur:1.5,0.007415433414280415,0.054789699614048004,0.00055109424283728,0.0001,0.0,False,293538,6784350,0.04147254303097725,23292.2109375,0.07934989780187607,0.0011761459754779935,3515651.25,0.518200159072876,0.013654720969498158,0.007415433414280415
A1_world_pairwise,world_pairwise,4,227,47,FNH_PA32.nii.gz,0,context,blur:1.5,0.008197830058634281,0.1643274426460266,0.0010551619343459606,0.0001,0.0,False,82806,6995082,0.011699252761900425,929.2833251953125,0.0112224156036973,0.015617864206433296,3538014.0,0.5057858824729919,0.0007777958526276052,0.008197830058634281
A1_world_pairwise,world_pairwise,4,228,48,FNH_PA32.nii.gz,1,foreground,gamma:0.3,0.001347519108094275,0.010491582565009594,0.0009172930149361491,0.0001,0.0,False,284258,6793630,0.04016141593456268,9192.279296875,0.03233780339360237,0.0009636831237003207,3529751.25,0.5195677876472473,0.0017313550924882293,0.001347519108094275
A1_world_pairwise,world_pairwise,4,229,49,FNH_PA10.nii.gz,0,context,gamma:0.3,0.0,6.030249368256426e-16,0.000827586802188307,0.0001,0.0,False,0,7077888,0.0,0.0,0.0,0.0,3538943.5,0.4999999403953552,0.0,0.0
A1_world_pairwise,world_pairwise,4,230,50,FNH_PA10.nii.gz,1,foreground,blur:1.5,0.009778738021850586,0.10535161942243576,0.0007374575943686068,0.0001,0.0,False,863052,6214836,0.1219363734126091,102486.40625,0.11874882131814957,0.0012932396493852139,3436457.25,0.5529441237449646,0.01826423592865467,0.009778738021850586
A1_world_pairwise,world_pairwise,4,231,51,CYST_PA54.nii.gz,0,context,blur:1.5,0.011835199780762196,0.17036502063274384,0.0013931816210970283,0.0001,0.0,False,84090,6993798,0.011880663223564625,976.3438110351562,0.011610700748860836,0.02279532700777054,3537967.25,0.5058720707893372,0.0008750733686611056,0.011835199780762196
A1_world_pairwise,world_pairwise,4,232,52,CYST_PA54.nii.gz,1,foreground,gamma:0.3,0.0016230301698669791,0.022189026698470116,0.0012636574683710933,0.0001,0.0,False,231321,6846567,0.032682206481695175,7679.634765625,0.03319903835654259,0.0020547814201563597,3531263.75,0.5157714486122131,0.0011912789195775986,0.0016230301698669791
A1_world_pairwise,world_pairwise,4,233,53,CYST_PA53.nii.gz,0,context,gamma:0.3,0.0010600404348224401,0.01285112090408802,0.0010965674882754683,0.0001,0.0,False,256227,6821661,0.036201052367687225,10742.318359375,0.04192500188946724,0.0006284723058342934,3528201.0,0.517205536365509,0.001491608563810587,0.0010600404348224401
A1_world_pairwise,world_pairwise,4,234,54,CYST_PA53.nii.gz,1,foreground,blur:1.5,0.005250556394457817,0.04055055230855942,0.001147457747720182,0.0001,0.0,False,395200,6682688,0.05583586543798447,20610.1484375,0.052151184529066086,0.007830854505300522,3518333.5,0.5264847874641418,0.0026702580507844687,0.005250556394457817
A1_world_pairwise,world_pairwise,4,235,55,CYST_PA38.nii.gz,0,context,blur:1.5,0.02324344404041767,0.2698453962802887,0.0025536937173455954,0.0001,0.0,False,48054,7029834,0.0067893136292696,651.4760131835938,0.01355716586112976,0.04616133123636246,3538292.0,0.5033251047134399,0.0003255585324950516,0.02324344404041767
A1_world_pairwise,world_pairwise,4,236,56,CYST_PA38.nii.gz,1,foreground,gamma:0.3,0.0008988043991848826,0.007606699597090483,0.0022966014221310616,0.0001,0.0,False,227620,6850268,0.03215930983424187,6529.5556640625,0.02868621051311493,0.0010126563720405102,3532414.0,0.5156607031822205,0.0007849524263292551,0.0008988043991848826
A1_world_pairwise,world_pairwise,4,237,57,HEM_PA66.nii.gz,0,context,gamma:0.3,0.0017930642934516072,0.03245890513062477,0.0021443739533424377,0.0001,0.0,False,50026,7027862,0.007067927625030279,479.9033203125,0.009593077935278416,0.0027378175873309374,3538463.5,0.5034907460212708,0.000848311057779938,0.0017930642934516072
A1_world_pairwise,world_pairwise,4,238,58,HEM_PA66.nii.gz,1,foreground,blur:1.5,0.005291675683110952,0.07078398019075394,0.0023134916555136442,0.0001,0.0,False,240303,6837585,0.033951230347156525,6830.3447265625,0.028423884883522987,0.009444747120141983,3532113.25,0.5165732502937317,0.0011386045953258872,0.005291675683110952
A1_world_pairwise,world_pairwise,4,239,59,HEM_PA56.nii.gz,0,context,blur:1.5,0.003562101162970066,0.06891591846942902,0.002415731316432357,0.0001,0.0,False,84305,6993583,0.011911039240658283,762.3397827148438,0.009042640216648579,0.006251686718314886,3538181.0,0.5059182047843933,0.000872515607625246,0.003562101162970066
A1_world_pairwise,world_pairwise,4,240,60,HEM_PA56.nii.gz,1,foreground,gamma:0.3,0.001126734772697091,0.011958574876189232,0.0021283715032041073,0.0001,0.0,False,386275,6691613,0.05457489565014839,22954.4296875,0.059425096958875656,0.0005931987543590367,3515989.0,0.5254321694374084,0.0016602708492428064,0.001126734772697091
A1_world_pairwise,world_pairwise,5,241,1,HEM_PA99.nii.gz,0,context,gamma:0.3,0.0,5.1906656734325776e-14,0.0019200202077627182,0.0001,0.0,False,0,7077888,0.0,0.0,0.0,0.0,3538943.5,0.4999999403953552,0.0,0.0
A1_world_pairwise,world_pairwise,5,242,2,HEM_PA99.nii.gz,1,foreground,blur:1.5,0.006790087558329105,0.03213747218251228,0.0017714834539219737,0.0001,0.0,False,396016,6681872,0.055951155722141266,46993.02734375,0.1186644658446312,0.0072909812442958355,3491950.5,0.5226006507873535,0.006289194338023663,0.006790087558329105
A1_world_pairwise,world_pairwise,5,243,3,HCC_10140276_20170721.nii.gz,0,context,blur:1.5,0.18143679201602936,2.5475544929504395,0.010140780359506607,0.0001,0.0,False,31095,7046793,0.0043932595290243626,315.52691650390625,0.01014719158411026,0.36098068952560425,3538628.0,0.5021615028381348,0.0018929002108052373,0.18143679201602936
A1_world_pairwise,world_pairwise,5,244,4,HCC_10140276_20170721.nii.gz,1,foreground,gamma:0.3,0.00505269318819046,0.027162712067365646,0.009135906584560871,0.0001,0.0,False,182908,6894980,0.025842173025012016,4559.4814453125,0.024927731603384018,0.003697939682751894,3534384.0,0.5126025080680847,0.006407446227967739,0.00505269318819046
A1_world_pairwise,world_pairwise,5,245,5,HEM_PA97.nii.gz,0,context,gamma:0.3,0.006110583432018757,0.05757509171962738,0.008297447115182877,0.0001,0.0,False,29498,7048390,0.004167627543210983,151.93206787109375,0.005150588694959879,0.006689589936286211,3538791.5,0.5020709037780762,0.005531576462090015,0.006110583432018757
A1_world_pairwise,world_pairwise,5,246,6,HEM_PA97.nii.gz,1,foreground,blur:1.5,0.03510907664895058,0.27772364020347595,0.00821545161306858,0.0001,0.0,False,279722,6798166,0.03952054679393768,8671.908203125,0.031001882627606392,0.05795016139745712,3530271.5,0.5192975997924805,0.012267990037798882,0.03510907664895058
A1_world_pairwise,world_pairwise,5,247,7,CYST_PA69.nii.gz,0,context,blur:1.5,0.0,8.5101264685368e-14,0.007410848047584295,0.0001,0.0,False,0,7077888,0.0,0.0,0.0,0.0,3538943.5,0.4999999403953552,0.0,0.0
A1_world_pairwise,world_pairwise,5,248,8,CYST_PA69.nii.gz,1,foreground,gamma:0.3,0.006976495962589979,0.06963181495666504,0.006615737918764353,0.0001,0.0,False,435849,6642039,0.061578962951898575,36552.5,0.08386505395174026,0.0024607458617538214,3502391.0,0.5273066163063049,0.011492245830595493,0.006976495962589979
A1_world_pairwise,world_pairwise,5,249,9,HCC_10076307_20130925.nii.gz,0,context,gamma:0.3,0.0030465086456388235,0.038551006466150284,0.006080226041376591,0.0001,0.0,False,14673,7063215,0.0020730760879814625,39.891441345214844,0.0027186970692127943,0.003971955273300409,3538903.5,0.5010329484939575,0.0021210620179772377,0.0030465086456388235
A1_world_pairwise,world_pairwise,5,250,10,HCC_10076307_20130925.nii.gz,1,foreground,blur:1.5,0.020269375294446945,0.11517557501792908,0.005896018818020821,0.0001,0.0,False,230690,6847198,0.03259305655956268,6219.9970703125,0.026962578296661377,0.023570168763399124,3532723.5,0.515937089920044,0.016968581825494766,0.020269375294446945
A1_world_pairwise,world_pairwise,5,251,11,CYST_PA20.nii.gz,0,context,blur:1.5,0.012778466567397118,0.09545120596885681,0.005488916300237179,0.0001,0.0,False,7532,7070356,0.001064159208908677,184.90977478027344,0.02454989030957222,0.009621535427868366,3538758.5,0.5005064010620117,0.015935396775603294,0.012778466567397118
A1_world_pairwise,world_pairwise,5,252,12,CYST_PA20.nii.gz,1,foreground,gamma:0.3,0.003098076209425926,0.04187559336423874,0.004831147380173206,0.0001,0.0,False,230686,6847202,0.03259249031543732,13663.71484375,0.05923079326748848,0.0004967220011167228,3525279.75,0.5148496627807617,0.005699430592358112,0.003098076209425926
A1_world_pairwise,world_pairwise,5,253,13,CYST_PA56.nii.gz,0,context,gamma:0.3,0.0,8.556824241951876e-16,0.004357787314802408,0.0001,0.0,False,0,7077888,0.0,0.0,0.0,0.0,3538943.5,0.4999999403953552,0.0,0.0
A1_world_pairwise,world_pairwise,5,254,14,CYST_PA56.nii.gz,1,foreground,blur:1.5,0.011281691491603851,0.05236236751079559,0.00391595670953393,0.0001,0.0,False,259412,6818476,0.036651045083999634,11297.291015625,0.04354960843920708,0.007984568364918232,3527646.25,0.5173658132553101,0.014578813686966896,0.011281691491603851
A1_world_pairwise,world_pairwise,5,255,15,HCC_10136895_20170421.nii.gz,0,context,blur:1.5,0.03237851336598396,0.1563934087753296,0.0037979891058057547,0.0001,0.0,False,31005,7046883,0.0043805441819131374,1048.1015625,0.0338042750954628,0.02268429845571518,3537895.5,0.5020511150360107,0.04207272827625275,0.03237851336598396
A1_world_pairwise,world_pairwise,5,256,16,HCC_10136895_20170421.nii.gz,1,foreground,gamma:0.3,0.005426828749477863,0.03519874066114426,0.003350252518430352,0.0001,0.0,False,257228,6820660,0.03634247928857803,12111.0546875,0.04708295315504074,0.0033591333776712418,3526832.5,0.5170807838439941,0.007494524121284485,0.005426828749477863
A1_world_pairwise,world_pairwise,5,257,17,MET_PA13.nii.gz,0,context,gamma:0.3,0.0,1.0688988017576814e-16,0.003021898213773966,0.0001,0.0,False,0,7077888,0.0,0.0,0.0,0.0,3538943.5,0.4999999403953552,0.0,0.0
A1_world_pairwise,world_pairwise,5,258,18,MET_PA13.nii.gz,1,foreground,blur:1.5,0.020632829517126083,0.2066297084093094,0.002484577475115657,0.0001,0.0,False,213869,6864019,0.030216500163078308,8861.8203125,0.041435740888118744,0.003669337136670947,3530081.5,0.5142878293991089,0.03759632259607315,0.020632829517126083
A1_world_pairwise,world_pairwise,5,259,19,HCC_10074592_20130816.nii.gz,0,context,blur:1.5,0.0862976461648941,1.4449280500411987,0.007947721518576145,0.0001,0.0,False,3899,7073989,0.0005508705507963896,28.816486358642578,0.007390737999230623,0.1472771167755127,3538914.75,0.5002714395523071,0.02531817927956581,0.0862976461648941
A1_world_pairwise,world_pairwise,5,260,20,HCC_10074592_20130816.nii.gz,1,foreground,gamma:0.3,0.003975504543632269,0.04986650124192238,0.007078520487993956,0.0001,0.0,False,253900,6823988,0.035872284322977066,27101.84765625,0.10674221813678741,0.0011965056182816625,3511841.5,0.5146318674087524,0.006754503585398197,0.003975504543632269
A1_world_pairwise,world_pairwise,5,261,21,CYST_PA19.nii.gz,0,context,gamma:0.3,0.0,9.326338851455831e-16,0.006384573876857758,0.0001,0.0,False,0,7077888,0.0,0.0,0.0,0.0,3538943.5,0.4999999403953552,0.0,0.0
A1_world_pairwise,world_pairwise,5,262,22,CYST_PA19.nii.gz,1,foreground,blur:1.5,0.010666335932910442,0.0792573094367981,0.0056077418848872185,0.0001,0.0,False,217747,6860141,0.030764402821660042,14790.138671875,0.06792350113391876,0.0019029496470466256,3524153.5,0.5137144327163696,0.019429722800850868,0.010666335932910442
A1_world_pairwise,world_pairwise,5,263,23,HEM_PA13.nii.gz,0,context,blur:1.5,0.0,1.4259303093960818e-15,0.005057910457253456,0.0001,0.0,False,0,7077888,0.0,0.0,0.0,0.0,3538943.5,0.4999999403953552,0.0,0.0
A1_world_pairwise,world_pairwise,5,264,24,HEM_PA13.nii.gz,1,foreground,gamma:0.3,0.006981638725847006,0.07046301662921906,0.004461036063730717,0.0001,0.0,False,345692,6732196,0.048841122537851334,14898.2998046875,0.043097034096717834,0.0010989195434376597,3524045.25,0.5234614610671997,0.01286435779184103,0.006981638725847006
A1_world_pairwise,world_pairwise,5,265,25,HCC_10142924_20170911.nii.gz,0,context,gamma:0.3,0.007386206649243832,0.08970499783754349,0.003702730406075716,0.0001,0.0,False,11022,7066866,0.0015572442207485437,60.40468978881836,0.005480374675244093,0.0014855852350592613,3538883.0,0.500771164894104,0.013286828063428402,0.007386206649243832
A1_world_pairwise,world_pairwise,5,266,26,HCC_10142924_20170911.nii.gz,1,foreground,blur:1.5,0.01409134455025196,0.0837298259139061,0.0033349741715937853,0.0001,0.0,False,179460,6898428,0.02535502053797245,7809.24365234375,0.04351523518562317,0.008941258303821087,3531134.25,0.5118752121925354,0.01924143172800541,0.01409134455025196
A1_world_pairwise,world_pairwise,5,267,27,MET_PA25.nii.gz,0,context,blur:1.5,0.0,2.512324285511725e-15,0.0030078990384936333,0.0001,0.0,False,0,7077888,0.0,0.0,0.0,0.0,3538943.5,0.4999999403953552,0.0,0.0
A1_world_pairwise,world_pairwise,5,268,28,MET_PA25.nii.gz,1,foreground,gamma:0.3,0.0024841483682394028,0.030060600489377975,0.0026962219271808863,0.0001,0.0,False,195115,6882773,0.02756683900952339,15787.39453125,0.08091328293085098,0.0003457661368884146,3523156.0,0.5118802785873413,0.004622530657798052,0.0024841483682394028
A1_world_pairwise,world_pairwise,5,269,29,HCC_10147777_20171222.nii.gz,0,context,gamma:0.3,0.007924646139144897,0.10194988548755646,0.0022906106896698475,0.0001,0.0,False,48112,7029776,0.006797507870942354,685.155029296875,0.014240833930671215,0.002631549257785082,3538258.5,0.5033245086669922,0.013217743486166,0.007924646139144897
A1_world_pairwise,world_pairwise,5,270,30,HCC_10147777_20171222.nii.gz,1,foreground,blur:1.5,0.039501041173934937,0.41624292731285095,0.003066892735660076,0.0001,0.0,False,228868,6849020,0.032335635274648666,6420.3046875,0.0280524343252182,0.07222459465265274,3532523.0,0.5157705545425415,0.00677748816087842,0.039501041173934937
A1_world_pairwise,world_pairwise,5,271,31,HCC_PA0.nii.gz,0,context,blur:1.5,0.0,3.833717282568589e-15,0.0027660327032208443,0.0001,0.0,False,0,7077888,0.0,0.0,0.0,0.0,3538943.5,0.4999999403953552,0.0,0.0
A1_world_pairwise,world_pairwise,5,272,32,HCC_PA0.nii.gz,1,foreground,gamma:0.3,0.008661624975502491,0.11292710900306702,0.0023405023384839296,0.0001,0.0,False,1135813,5942075,0.16047343611717224,233705.40625,0.20576046407222748,0.0016405382193624973,3305238.25,0.5562431216239929,0.015682712197303772,0.008661624975502491
A1_world_pairwise,world_pairwise,5,273,33,CYST_PA37.nii.gz,0,context,gamma:0.3,0.0,2.8268218484152937e-16,0.002110872184857726,0.0001,0.0,False,0,7077888,0.0,0.0,0.0,0.0,3538943.5,0.4999999403953552,0.0,0.0
A1_world_pairwise,world_pairwise,5,274,34,CYST_PA37.nii.gz,1,foreground,blur:1.5,0.018047485500574112,0.16530422866344452,0.0018925097538158298,0.0001,0.0,False,202150,6875738,0.028560779988765717,6388.48046875,0.03160267323255539,0.005732859950512648,3532555.0,0.5137709975242615,0.03036211058497429,0.018047485500574112
A1_world_pairwise,world_pairwise,5,275,35,ICC_PA18.nii.gz,0,context,blur:1.5,0.0,7.306277504119836e-15,0.0017068099696189165,0.0001,0.0,False,0,7077888,0.0,0.0,0.0,0.0,3538943.5,0.4999999403953552,0.0,0.0
A1_world_pairwise,world_pairwise,5,276,36,ICC_PA18.nii.gz,1,foreground,gamma:0.3,0.01017614733427763,0.12048420310020447,0.0018321684328839183,0.0001,0.0,False,831496,6246392,0.11747798323631287,111593.1015625,0.134207621216774,0.0015332582406699657,3427350.5,0.5486928224563599,0.018819035962224007,0.01017614733427763
A1_world_pairwise,world_pairwise,5,277,37,HCC_10081574_20140213.nii.gz,0,context,gamma:0.3,0.010002097114920616,0.24843858182430267,0.002025134628638625,0.0001,0.0,False,0,7077888,0.0,0.0,0.0,0.0,3538943.5,0.4999999403953552,0.010002097114920616,0.010002097114920616
A1_world_pairwise,world_pairwise,5,278,38,HCC_10081574_20140213.nii.gz,1,foreground,blur:1.5,0.008832559920847416,0.0694597139954567,0.002031006384640932,0.0001,0.0,False,217923,6859965,0.030789269134402275,24412.60546875,0.11202400177717209,0.001032726839184761,3514531.0,0.5123249292373657,0.01663239300251007,0.008832559920847416
A1_world_pairwise,world_pairwise,5,279,39,MET_PA19.nii.gz,0,context,blur:1.5,0.0,1.4540574148382002e-15,0.0018316691275686026,0.0001,0.0,False,0,7077888,0.0,0.0,0.0,0.0,3538943.5,0.4999999403953552,0.0,0.0
A1_world_pairwise,world_pairwise,5,280,40,MET_PA19.nii.gz,1,foreground,gamma:0.3,0.004351375624537468,0.03706648200750351,0.0018036069814115763,0.0001,0.0,False,183634,6894254,0.025944745168089867,4251.65625,0.023152880370616913,0.0012430102797225118,3534692.0,0.512701153755188,0.007459741085767746,0.004351375624537468
A1_world_pairwise,world_pairwise,5,281,41,HEM_PA24.nii.gz,0,context,gamma:0.3,0.0,1.9211333254015112e-16,0.0016265675658360124,0.0001,0.0,False,0,7077888,0.0,0.0,0.0,0.0,3538943.5,0.4999999403953552,0.0,0.0
A1_world_pairwise,world_pairwise,5,282,42,HEM_PA24.nii.gz,1,foreground,blur:1.5,0.009095345623791218,0.04220324754714966,0.0014916231157258153,0.0001,0.0,False,241542,6836346,0.03412628173828125,15455.71875,0.06398770958185196,0.00800571870058775,3523487.75,0.5154051184654236,0.010184972546994686,0.009095345623791218
A1_world_pairwise,world_pairwise,5,283,43,CYST_PA74.nii.gz,0,context,blur:1.5,0.0,2.7341641202217578e-15,0.0013451908016577363,0.0001,0.0,False,0,7077888,0.0,0.0,0.0,0.0,3538943.5,0.4999999403953552,0.0,0.0
A1_world_pairwise,world_pairwise,5,284,44,CYST_PA74.nii.gz,1,foreground,gamma:0.3,0.004510617349296808,0.06211738660931587,0.001520818448625505,0.0001,0.0,False,258931,6818957,0.03658308833837509,21137.8515625,0.08163508027791977,0.00025452609406784177,3517805.75,0.5158861875534058,0.00876670889556408,0.004510617349296808
A1_world_pairwise,world_pairwise,5,285,45,HEM_PA34.nii.gz,0,context,gamma:0.3,0.0,3.086567148668785e-16,0.001371503109112382,0.0001,0.0,False,0,7077888,0.0,0.0,0.0,0.0,3538943.5,0.4999999403953552,0.0,0.0
A1_world_pairwise,world_pairwise,5,286,46,HEM_PA34.nii.gz,1,foreground,blur:1.5,0.008332919329404831,0.07379462569952011,0.001626873156055808,0.0001,0.0,False,293538,6784350,0.04147254303097725,23292.2109375,0.07934989780187607,0.0007187668234109879,3515651.25,0.518200159072876,0.015947071835398674,0.008332919329404831
A1_world_pairwise,world_pairwise,5,287,47,FNH_PA32.nii.gz,0,context,blur:1.5,0.00440936628729105,0.0741492286324501,0.001266557490453124,0.0001,0.0,False,82806,6995082,0.011699252761900425,929.2833251953125,0.0112224156036973,0.007106933277100325,3538014.0,0.5057858824729919,0.0017117994138970971,0.00440936628729105
A1_world_pairwise,world_pairwise,5,288,48,FNH_PA32.nii.gz,1,foreground,gamma:0.3,0.001853374531492591,0.017993317916989326,0.0012169304536655545,0.0001,0.0,False,284258,6793630,0.04016141593456268,9192.279296875,0.03233780339360237,0.0010596925858408213,3529751.25,0.5195677876472473,0.0026470564771443605,0.001853374531492591
A1_world_pairwise,world_pairwise,5,289,49,FNH_PA10.nii.gz,0,context,gamma:0.3,0.0,5.5008521880357125e-15,0.00109742465429008,0.0001,0.0,False,0,7077888,0.0,0.0,0.0,0.0,3538943.5,0.4999999403953552,0.0,0.0
A1_world_pairwise,world_pairwise,5,290,50,FNH_PA10.nii.gz,1,foreground,blur:1.5,0.014347313903272152,0.16150419414043427,0.0017302510095760226,0.0001,0.0,False,863052,6214836,0.1219363734126091,102486.40625,0.11874882131814957,0.0011303576175123453,3436457.25,0.5529441237449646,0.027564270421862602,0.014347313903272152
A1_world_pairwise,world_pairwise,5,291,51,CYST_PA54.nii.gz,0,context,blur:1.5,0.010583222843706608,0.1686752289533615,0.001408742624334991,0.0001,0.0,False,84090,6993798,0.011880663223564625,976.3438110351562,0.011610700748860836,0.01975577138364315,3537967.25,0.5058720707893372,0.0014106746530160308,0.010583222843706608
A1_world_pairwise,world_pairwise,5,292,52,CYST_PA54.nii.gz,1,foreground,gamma:0.3,0.0015795791987329721,0.013028119690716267,0.001305744401179254,0.0001,0.0,False,231321,6846567,0.032682206481695175,7679.634765625,0.03319903835654259,0.000848610361572355,3531263.75,0.5157714486122131,0.0023105479776859283,0.0015795791987329721
A1_world_pairwise,world_pairwise,5,293,53,CYST_PA53.nii.gz,0,context,gamma:0.3,0.0013336350675672293,0.01751648634672165,0.0012104578781872988,0.0001,0.0,False,256227,6821661,0.036201052367687225,10742.318359375,0.04192500188946724,0.0006546321092173457,3528201.0,0.517205536365509,0.002012637909501791,0.0013336350675672293
A1_world_pairwise,world_pairwise,5,294,54,CYST_PA53.nii.gz,1,foreground,blur:1.5,0.00542445806786418,0.04962272569537163,0.0011450895108282566,0.0001,0.0,False,395200,6682688,0.05583586543798447,20610.1484375,0.052151184529066086,0.008339540101587772,3518333.5,0.5264847874641418,0.0025093762669712305,0.00542445806786418
A1_world_pairwise,world_pairwise,5,295,55,CYST_PA38.nii.gz,0,context,blur:1.5,0.010572178289294243,0.17262905836105347,0.001993353944271803,0.0001,0.0,False,48054,7029834,0.0067893136292696,651.4760131835938,0.01355716586112976,0.020361725240945816,3538292.0,0.5033251047134399,0.0007826312212273479,0.010572178289294243
A1_world_pairwise,world_pairwise,5,296,56,CYST_PA38.nii.gz,1,foreground,gamma:0.3,0.0010654869256541133,0.011663941666483879,0.0017680585151538253,0.0001,0.0,False,227620,6850268,0.03215930983424187,6529.5556640625,0.02868621051311493,0.000474875996587798,3532414.0,0.5156607031822205,0.00165609794203192,0.0010654869256541133
A1_world_pairwise,world_pairwise,5,297,57,HEM_PA66.nii.gz,0,context,gamma:0.3,0.0016550858272239566,0.018094243481755257,0.0015675972681492567,0.0001,0.0,False,50026,7027862,0.007067927625030279,479.9033203125,0.009593077935278416,0.001292515778914094,3538463.5,0.5034907460212708,0.002017655875533819,0.0016550858272239566
A1_world_pairwise,world_pairwise,5,298,58,HEM_PA66.nii.gz,1,foreground,blur:1.5,0.00332083273679018,0.040034081786870956,0.001620338880456984,0.0001,0.0,False,240303,6837585,0.033951230347156525,6830.3447265625,0.028423884883522987,0.004910438787192106,3532113.25,0.5165732502937317,0.0017312269192188978,0.00332083273679018
A1_world_pairwise,world_pairwise,5,299,59,HEM_PA56.nii.gz,0,context,blur:1.5,0.002537461696192622,0.044110678136348724,0.0016651474870741367,0.0001,0.0,False,84305,6993583,0.011911039240658283,762.3397827148438,0.009042640216648579,0.003797811223194003,3538181.0,0.5059182047843933,0.001277112285606563,0.002537461696192622
A1_world_pairwise,world_pairwise,5,300,60,HEM_PA56.nii.gz,1,foreground,gamma:0.3,0.0010843322379514575,0.01122279092669487,0.0014681158354505897,0.0001,0.0,False,386275,6691613,0.05457489565014839,22954.4296875,0.059425096958875656,0.00046496634604409337,3515989.0,0.5254321694374084,0.0017036981880664825,0.0010843322379514575
A2_joint_product,joint_product,1,1,1,HEM_PA99.nii.gz,0,context,gamma:0.3,0.0,1.9500341689711667e-15,1.9500344047851392e-11,0.0001,0.0,False,0,7077888,0.0,0.0,0.0,0.0,1769472.0,0.25,0.0,0.0
A2_joint_product,joint_product,1,2,2,HEM_PA99.nii.gz,1,foreground,blur:1.5,0.005543210078030825,0.008448567241430283,0.02749812602996826,0.0001,0.0,False,396016,6681872,0.055951155722141266,3379.462890625,0.008533651940524578,0.011028069071471691,2005543.625,0.3001469671726227,5.835133197251707e-05,0.005543210078030825
A2_joint_product,joint_product,1,3,3,HCC_10140276_20170721.nii.gz,0,context,blur:1.5,0.713352382183075,0.9769173264503479,0.03469301760196686,0.0001,0.0,False,31095,7046793,0.0043932595290243626,0.9069969654083252,2.9168579203542322e-05,1.426703929901123,1722289.125,0.244407519698143,8.051437134781736e-07,0.713352382183075
A2_joint_product,joint_product,1,4,4,HCC_10140276_20170721.nii.gz,1,foreground,gamma:0.3,0.010516651906073093,0.031769778579473495,0.030095985159277916,0.0001,0.0,False,182908,6894980,0.025842173025012016,203.26239013671875,0.0011112821521237493,0.021026253700256348,2011968.875,0.29180198907852173,7.049960458971327e-06,0.010516651906073093
A2_joint_product,joint_product,1,5,5,HEM_PA97.nii.gz,0,context,gamma:0.3,7.853292465209961,164.2000274658203,0.029697982594370842,0.0001,0.0,False,29498,7048390,0.004167627543210983,0.5313544273376465,1.8013235603575595e-05,15.706584930419922,1793645.625,0.2544759213924408,1.444647352251708e-20,7.853292465209961
A2_joint_product,joint_product,1,6,6,HEM_PA97.nii.gz,1,foreground,blur:1.5,0.33825135231018066,0.8083076477050781,0.025994153693318367,0.0001,0.0,False,279722,6798166,0.03952054679393768,258.44677734375,0.0009239415521733463,0.6764878034591675,1919218.375,0.28231412172317505,1.4889793419570196e-05,0.33825135231018066
A2_joint_product,joint_product,1,7,7,CYST_PA69.nii.gz,0,context,blur:1.5,0.0,5.817556748222911e-16,0.022700782865285873,0.0001,0.0,False,0,7077888,0.0,0.0,0.0,0.0,1769472.0,0.25,0.0,0.0
A2_joint_product,joint_product,1,8,8,CYST_PA69.nii.gz,1,foreground,gamma:0.3,0.0033128191716969013,0.008012412115931511,0.020018698647618294,0.0001,0.0,False,435849,6642039,0.061578962951898575,2869.322509765625,0.006583294831216335,0.006521489936858416,1931668.25,0.2908245921134949,0.00010414829012006521,0.0033128191716969013
A2_joint_product,joint_product,1,9,9,HCC_10076307_20130925.nii.gz,0,context,gamma:0.3,0.23882001638412476,2.6984474658966064,0.018769264221191406,0.0001,0.0,False,14673,7063215,0.0020730760879814625,0.05134439468383789,3.499243121041218e-06,0.47763997316360474,1779557.0,0.25194716453552246,7.108214816753389e-08,0.23882001638412476
A2_joint_product,joint_product,1,10,10,HCC_10076307_20130925.nii.gz,1,foreground,blur:1.5,0.0690714567899704,0.22954140603542328,0.01689208671450615,0.0001,0.0,False,230690,6847198,0.03259305655956268,208.19859313964844,0.0009025037870742381,0.13786651194095612,1981415.25,0.28937605023384094,0.00027640038751997054,0.0690714567899704
A2_joint_product,joint_product,1,11,11,CYST_PA20.nii.gz,0,context,blur:1.5,0.2240367829799652,0.8974851369857788,0.015638576820492744,0.0001,0.0,False,7532,7070356,0.001064159208908677,0.13259020447731018,1.760358463798184e-05,0.44781696796417236,1779917.125,0.2517436444759369,0.0002565913600847125,0.2240367829799652
A2_joint_product,joint_product,1,12,12,CYST_PA20.nii.gz,1,foreground,gamma:0.3,0.000441260781371966,0.0014935132348909974,0.014062512665987015,0.0001,0.0,False,230686,6847202,0.03259249031543732,909.6148681640625,0.003943086601793766,0.0008691358380019665,2023201.75,0.29547861218452454,1.3385742931859568e-05,0.000441260781371966
A2_joint_product,joint_product,1,13,13,CYST_PA56.nii.gz,0,context,gamma:0.3,0.0,2.5066674818526057e-16,0.012677377089858055,0.0001,0.0,False,0,7077888,0.0,0.0,0.0,0.0,1769472.0,0.25,0.0,0.0
A2_joint_product,joint_product,1,14,14,CYST_PA56.nii.gz,1,foreground,blur:1.5,0.01285622175782919,0.04019666090607643,0.011496354825794697,0.0001,0.0,False,259412,6818476,0.036651045083999634,885.6433715820312,0.003414041828364134,0.025577392429113388,2001620.875,0.29355838894844055,0.0001350513775832951,0.01285622175782919
A2_joint_product,joint_product,1,15,15,HCC_10136895_20170421.nii.gz,0,context,blur:1.5,0.12953253090381622,0.47651171684265137,0.010871603153645992,0.0001,0.0,False,31005,7046883,0.0043805441819131374,2.551334857940674,8.228785009123385e-05,0.25715911388397217,1797925.5,0.25513768196105957,0.0019059351179748774,0.12953253090381622
A2_joint_product,joint_product,1,16,16,HCC_10136895_20170421.nii.gz,1,foreground,gamma:0.3,0.004723473452031612,0.015861444175243378,0.009874632582068443,0.0001,0.0,False,257228,6820660,0.03634247928857803,648.810546875,0.002522316761314869,0.00941540114581585,1953535.375,0.28641441464424133,3.15453035000246e-05,0.004723473452031612
A2_joint_product,joint_product,1,17,17,MET_PA13.nii.gz,0,context,gamma:0.3,0.0,8.471705901082292e-17,0.00895919930189848,0.0001,0.0,False,0,7077888,0.0,0.0,0.0,0.0,1769472.0,0.25,0.0,0.0
A2_joint_product,joint_product,1,18,18,MET_PA13.nii.gz,1,foreground,blur:1.5,0.01553888339549303,0.059362079948186874,0.008210179395973682,0.0001,0.0,False,213869,6864019,0.030216500163078308,329.48406982421875,0.0015405883314087987,0.030973311513662338,1943334.5,0.2831190228462219,0.00010445564112160355,0.01553888339549303
A2_joint_product,joint_product,1,19,19,HCC_10074592_20130816.nii.gz,0,context,blur:1.5,0.1893254518508911,0.3021107614040375,0.0078191002830863,0.0001,0.0,False,3899,7073989,0.0005508705507963896,0.008260665461421013,2.118662678185501e-06,0.37327179312705994,1770836.75,0.25033071637153625,0.005379099864512682,0.1893254518508911
A2_joint_product,joint_product,1,20,20,HCC_10074592_20130816.nii.gz,1,foreground,gamma:0.3,0.0006163375801406801,0.002588027622550726,0.007112753577530384,0.0001,0.0,False,253900,6823988,0.035872284322977066,2218.395751953125,0.008737281896173954,0.001211945666000247,2115814.0,0.31005534529685974,2.072948518616613e-05,0.0006163375801406801
A2_joint_product,joint_product,1,21,21,CYST_PA19.nii.gz,0,context,gamma:0.3,0.0,3.448230761858364e-17,0.006471634842455387,0.0001,0.0,False,0,7077888,0.0,0.0,0.0,0.0,1769472.0,0.25,0.0,0.0
A2_joint_product,joint_product,1,22,22,CYST_PA19.nii.gz,1,foreground,blur:1.5,0.0023652405943721533,0.005849467124789953,0.00589962862432003,0.0001,0.0,False,217747,6860141,0.030764402821660042,998.0242919921875,0.004583412315696478,0.004634991753846407,1947229.375,0.2838468551635742,9.548922389512882e-05,0.0023652405943721533
A2_joint_product,joint_product,1,23,23,HEM_PA13.nii.gz,0,context,blur:1.5,0.0,6.703551755213031e-17,0.005371680948883295,0.0001,0.0,False,0,7077888,0.0,0.0,0.0,0.0,1769472.0,0.25,0.0,0.0
A2_joint_product,joint_product,1,24,24,HEM_PA13.nii.gz,1,foreground,gamma:0.3,0.0028744018636643887,0.016195721924304962,0.004912962671369314,0.0001,0.0,False,345692,6732196,0.048841122537851334,674.955078125,0.001952475169673562,0.005721068009734154,2005440.125,0.2978879511356354,2.7735650292015634e-05,0.0028744018636643887
A2_joint_product,joint_product,1,25,25,HCC_10142924_20170911.nii.gz,0,context,gamma:0.3,0.03508411720395088,0.89163738489151,0.005725876893848181,0.0001,0.0,False,11022,7066866,0.0015572442207485437,0.034774214029312134,3.154982096020831e-06,0.07016415148973465,1777510.75,0.25152742862701416,4.085567979927873e-06,0.03508411720395088
A2_joint_product,joint_product,1,26,26,HCC_10142924_20170911.nii.gz,1,foreground,blur:1.5,0.008487937040627003,0.023688606917858124,0.005256355740129948,0.0001,0.0,False,179460,6898428,0.02535502053797245,741.774658203125,0.004133370704948902,0.016872938722372055,1996459.375,0.289407879114151,0.00010293505329173058,0.008487937040627003
A2_joint_product,joint_product,1,27,27,MET_PA25.nii.gz,0,context,blur:1.5,0.0,8.894177347810767e-16,0.004788965918123722,0.0001,0.0,False,0,7077888,0.0,0.0,0.0,0.0,1769472.0,0.25,0.0,0.0
A2_joint_product,joint_product,1,28,28,MET_PA25.nii.gz,1,foreground,gamma:0.3,0.000371163449017331,0.001838739961385727,0.00436686584725976,0.0001,0.0,False,195115,6882773,0.02756683900952339,996.4360961914062,0.00510691711679101,0.0007347172359004617,1973038.875,0.28666335344314575,7.609665772179142e-06,0.000371163449017331
A2_joint_product,joint_product,1,29,29,HCC_10147777_20171222.nii.gz,0,context,gamma:0.3,0.06637372821569443,1.1069175004959106,0.0059134881012141705,0.0001,0.0,False,48112,7029776,0.006797507870942354,3.157656192779541,6.563136412296444e-05,0.1327473372220993,1724354.375,0.24529294669628143,1.1533001753605276e-07,0.06637372821569443
A2_joint_product,joint_product,1,30,30,HCC_10147777_20171222.nii.gz,1,foreground,blur:1.5,0.13791397213935852,0.6269011497497559,0.00644814595580101,0.0001,0.0,False,228868,6849020,0.032335635274648666,299.2966613769531,0.001307726139202714,0.27568838000297546,1966444.625,0.2871132791042328,0.00013957459304947406,0.13791397213935852
A2_joint_product,joint_product,1,31,31,HCC_PA0.nii.gz,0,context,blur:1.5,0.0,7.507936990619772e-16,0.005874733906239271,0.0001,0.0,False,0,7077888,0.0,0.0,0.0,0.0,1769472.0,0.25,0.0,0.0
A2_joint_product,joint_product,1,32,32,HCC_PA0.nii.gz,1,foreground,gamma:0.3,0.0009793441276997328,0.0027870051562786102,0.0053542922250926495,0.0001,0.0,False,1135813,5942075,0.16047343611717224,47472.6171875,0.04179615527391434,0.0018928800709545612,2185431.0,0.36778920888900757,6.580824265256524e-05,0.0009793441276997328
A2_joint_product,joint_product,1,33,33,CYST_PA37.nii.gz,0,context,gamma:0.3,0.0,2.0606432252345407e-16,0.004877460654824972,0.0001,0.0,False,0,7077888,0.0,0.0,0.0,0.0,1769472.0,0.25,0.0,0.0
A2_joint_product,joint_product,1,34,34,CYST_PA37.nii.gz,1,foreground,blur:1.5,0.03691795840859413,0.15698841214179993,0.0048667010851204395,0.0001,0.0,False,202150,6875738,0.028560779988765717,229.84429931640625,0.0011369987623766065,0.07378139346837997,2045497.875,0.297495037317276,5.452246477943845e-05,0.03691795840859413
A2_joint_product,joint_product,1,35,35,ICC_PA18.nii.gz,0,context,blur:1.5,0.0,8.715043643751875e-16,0.004432409070432186,0.0001,0.0,False,0,7077888,0.0,0.0,0.0,0.0,1769472.0,0.25,0.0,0.0
A2_joint_product,joint_product,1,36,36,ICC_PA18.nii.gz,1,foreground,gamma:0.3,0.0008993686642497778,0.0036266299430280924,0.004042493645101786,0.0001,0.0,False,831496,6246392,0.11747798323631287,20736.501953125,0.024938786402344704,0.0017574018565937877,2178633.75,0.3487827181816101,4.133550828555599e-05,0.0008993686642497778
A2_joint_product,joint_product,1,37,37,HCC_10081574_20140213.nii.gz,0,context,gamma:0.3,0.0,1.7610514768215124e-17,0.0036808697041124105,0.0001,0.0,False,0,7077888,0.0,0.0,0.0,0.0,1769472.0,0.25,0.0,0.0
A2_joint_product,joint_product,1,38,38,HCC_10081574_20140213.nii.gz,1,foreground,blur:1.5,0.0010207212762907147,0.004044676199555397,0.0033614058047533035,0.0001,0.0,False,217923,6859965,0.030789269134402275,2088.486328125,0.009583598002791405,0.0019263479625806212,2046547.625,0.2983320951461792,0.0001150945172412321,0.0010207212762907147
A2_joint_product,joint_product,1,39,39,MET_PA19.nii.gz,0,context,blur:1.5,0.0,2.1366230070455375e-16,0.00305989314801991,0.0001,0.0,False,0,7077888,0.0,0.0,0.0,0.0,1769472.0,0.25,0.0,0.0
A2_joint_product,joint_product,1,40,40,MET_PA19.nii.gz,1,foreground,gamma:0.3,0.0070921252481639385,0.05837535858154297,0.0029382628854364157,0.0001,0.0,False,183634,6894254,0.025944745168089867,96.25883483886719,0.0005241885082796216,0.014180795289576054,1953373.25,0.28333353996276855,3.4553488603705773e-06,0.0070921252481639385
A2_joint_product,joint_product,1,41,41,HEM_PA24.nii.gz,0,context,gamma:0.3,0.0,9.116647044161312e-18,0.0026739484164863825,0.0001,0.0,False,0,7077888,0.0,0.0,0.0,0.0,1769472.0,0.25,0.0,0.0
A2_joint_product,joint_product,1,42,42,HEM_PA24.nii.gz,1,foreground,blur:1.5,0.009111656807363033,0.026901008561253548,0.0025253072381019592,0.0001,0.0,False,241542,6836346,0.03412628173828125,682.2576904296875,0.0028245924040675163,0.018169645220041275,1988087.125,0.29081135988235474,5.366850018617697e-05,0.009111656807363033
A2_joint_product,joint_product,1,43,43,CYST_PA74.nii.gz,0,context,blur:1.5,0.0,2.09123779059157e-16,0.0022974670864641666,0.0001,0.0,False,0,7077888,0.0,0.0,0.0,0.0,1769472.0,0.25,0.0,0.0
A2_joint_product,joint_product,1,44,44,CYST_PA74.nii.gz,1,foreground,gamma:0.3,0.00026489648735150695,0.001354315783828497,0.002093692310154438,0.0001,0.0,False,258931,6818957,0.03658308833837509,1753.06982421875,0.006770413368940353,0.0005219466402195394,1934389.875,0.283678263425827,7.8463381214533e-06,0.00026489648735150695
A2_joint_product,joint_product,1,45,45,HEM_PA34.nii.gz,0,context,gamma:0.3,0.0,3.268064537871659e-17,0.0019042298663407564,0.0001,0.0,False,0,7077888,0.0,0.0,0.0,0.0,1769472.0,0.25,0.0,0.0
A2_joint_product,joint_product,1,46,46,HEM_PA34.nii.gz,1,foreground,blur:1.5,0.0012024205643683672,0.0044701178558170795,0.0017444273689761758,0.0001,0.0,False,293538,6784350,0.04147254303097725,1743.401123046875,0.005939268972724676,0.0022794557735323906,1957705.625,0.28856199979782104,0.0001253852533409372,0.0012024205643683672
A2_joint_product,joint_product,1,47,47,FNH_PA32.nii.gz,0,context,blur:1.5,0.020901110023260117,0.10509635508060455,0.0018217500764876604,0.0001,0.0,False,82806,6995082,0.011699252761900425,13.787569046020508,0.00016650446923449636,0.041801147162914276,1759979.125,0.2516023516654968,1.0715745020206668e-06,0.020901110023260117
A2_joint_product,joint_product,1,48,48,FNH_PA32.nii.gz,1,foreground,gamma:0.3,0.0010959233622998,0.008973817341029644,0.001673022867180407,0.0001,0.0,False,284258,6793630,0.04016141593456268,377.1343078613281,0.0013267324538901448,0.002191282343119383,1849202.0,0.2721964716911316,5.644386078529351e-07,0.0010959233622998
A2_joint_product,joint_product,1,49,49,FNH_PA10.nii.gz,0,context,gamma:0.3,0.0,1.463484203326871e-16,0.001520732999779284,0.0001,0.0,False,0,7077888,0.0,0.0,0.0,0.0,1769472.0,0.25,0.0,0.0
A2_joint_product,joint_product,1,50,50,FNH_PA10.nii.gz,1,foreground,blur:1.5,0.0007708354969508946,0.0020175527315586805,0.0013862730702385306,0.0001,0.0,False,863052,6214836,0.1219363734126091,16670.0625,0.019315246492624283,0.0013142889365553856,2175838.0,0.35010382533073425,0.00022738204279448837,0.0007708354969508946
A2_joint_product,joint_product,1,51,51,CYST_PA54.nii.gz,0,context,blur:1.5,0.034331124275922775,0.15260128676891327,0.0018180471379309893,0.0001,0.0,False,84090,6993798,0.011880663223564625,16.072322845458984,0.00019113239250145853,0.06866142153739929,1749976.0,0.2502182424068451,8.251591907537659e-07,0.034331124275922775
A2_joint_product,joint_product,1,52,52,CYST_PA54.nii.gz,1,foreground,gamma:0.3,0.0008687355439178646,0.006212849169969559,0.0016667606541886926,0.0001,0.0,False,231321,6846567,0.032682206481695175,300.3991394042969,0.0012986245565116405,0.0017356568714603782,1906823.25,0.27850791811943054,1.8141994360121316e-06,0.0008687355439178646
A2_joint_product,joint_product,1,53,53,CYST_PA53.nii.gz,0,context,gamma:0.3,0.0002798718342091888,0.0015500365989282727,0.001518436474725604,0.0001,0.0,False,256227,6821661,0.036201052367687225,650.99560546875,0.0025406985078006983,0.0005569194327108562,1919703.25,0.28141286969184875,2.8242116059118416e-06,0.0002798718342091888
A2_joint_product,joint_product,1,54,54,CYST_PA53.nii.gz,1,foreground,blur:1.5,0.0031813569366931915,0.010354944504797459,0.001419353298842907,0.0001,0.0,False,395200,6682688,0.05583586543798447,1338.9393310546875,0.0033880043774843216,0.006356820929795504,1936233.875,0.2897387742996216,5.893076377105899e-06,0.0031813569366931915
A2_joint_product,joint_product,1,55,55,CYST_PA38.nii.gz,0,context,blur:1.5,0.009578142315149307,0.026507124304771423,0.001382214599289,0.0001,0.0,False,48054,7029834,0.0067893136292696,9.544947624206543,0.0001986296265386045,0.01915529929101467,1779675.125,0.2531603276729584,9.8518091817823e-07,0.009578142315149307
A2_joint_product,joint_product,1,56,56,CYST_PA38.nii.gz,1,foreground,gamma:0.3,0.00032567756716161966,0.001678213942795992,0.0012597328750416636,0.0001,0.0,False,227620,6850268,0.03215930983424187,236.86639404296875,0.001040622009895742,0.0006503009935840964,1911252.875,0.2790040969848633,1.0541215260673198e-06,0.00032567756716161966
A2_joint_product,joint_product,1,57,57,HEM_PA66.nii.gz,0,context,gamma:0.3,0.0014041803078725934,0.012617576867341995,0.001179013168439269,0.0001,0.0,False,50026,7027862,0.007067927625030279,4.978174209594727,9.951173706213012e-05,0.0028080549091100693,1799394.0,0.256037175655365,3.057377568893571e-07,0.0014041803078725934
A2_joint_product,joint_product,1,58,58,HEM_PA66.nii.gz,1,foreground,blur:1.5,0.0028623947873711586,0.010175826959311962,0.0011175364488735795,0.0001,0.0,False,240303,6837585,0.033951230347156525,240.6309814453125,0.0010013649007305503,0.00572295393794775,1842753.75,0.2695035934448242,1.835516400205961e-06,0.0028623947873711586
A2_joint_product,joint_product,1,59,59,HEM_PA56.nii.gz,0,context,blur:1.5,0.010981423780322075,0.06811083853244781,0.0013103559613227844,0.0001,0.0,False,84305,6993583,0.011911039240658283,9.464668273925781,0.00011226698552491143,0.021962393075227737,1771196.0,0.25326016545295715,4.5438420670507185e-07,0.010981423780322075
A2_joint_product,joint_product,1,60,60,HEM_PA56.nii.gz,1,foreground,gamma:0.3,0.0003722787951119244,0.001706844661384821,0.0011957453098148108,0.0001,0.0,False,386275,6691613,0.05457489565014839,1361.71337890625,0.0035252433735877275,0.0007421685149893165,1922765.25,0.28733956813812256,2.3890609099908033e-06,0.0003722787951119244
A2_joint_product,joint_product,2,61,1,HEM_PA99.nii.gz,0,context,gamma:0.3,0.0,4.770509887726954e-15,0.001085179392248392,0.0001,0.0,False,0,7077888,0.0,0.0,0.0,0.0,1769472.0,0.25,0.0,0.0
A2_joint_product,joint_product,2,62,2,HEM_PA99.nii.gz,1,foreground,blur:1.5,0.006791581865400076,0.02655593678355217,0.0010636207880452275,0.0001,0.0,False,396016,6681872,0.055951155722141266,3379.462890625,0.008533651940524578,0.013508224859833717,2005543.625,0.3001469671726227,7.493889279430732e-05,0.006791581865400076
A2_joint_product,joint_product,2,63,3,HCC_10140276_20170721.nii.gz,0,context,blur:1.5,0.6054915189743042,2.027381181716919,0.0076588233932852745,0.0001,0.0,False,31095,7046793,0.0043932595290243626,0.9069969654083252,2.9168579203542322e-05,1.2109817266464233,1722289.125,0.244407519698143,1.3543848353947396e-06,0.6054915189743042
A2_joint_product,joint_product,2,64,4,HCC_10140276_20170721.nii.gz,1,foreground,gamma:0.3,0.009000824764370918,0.05611158162355423,0.007122924085706472,0.0001,0.0,False,182908,6894980,0.025842173025012016,203.26239013671875,0.0011112821521237493,0.017995305359363556,2011968.875,0.29180198907852173,6.344798293866916e-06,0.009000824764370918
A2_joint_product,joint_product,2,65,5,HEM_PA97.nii.gz,0,context,gamma:0.3,2.2202725410461426,61.733421325683594,0.031135687604546547,0.0001,0.0,False,29498,7048390,0.004167627543210983,0.5313544273376465,1.8013235603575595e-05,4.440545082092285,1793645.625,0.2544759213924408,1.3975788304421144e-09,2.2202725410461426
A2_joint_product,joint_product,2,66,6,HEM_PA97.nii.gz,1,foreground,blur:1.5,0.20086178183555603,0.9337975978851318,0.02906280942261219,0.0001,0.0,False,279722,6798166,0.03952054679393768,258.44677734375,0.0009239415521733463,0.401680052280426,1919218.375,0.28231412172317505,4.350352901383303e-05,0.20086178183555603
A2_joint_product,joint_product,2,67,7,CYST_PA69.nii.gz,0,context,blur:1.5,0.0,4.952198454913001e-15,0.02635808102786541,0.0001,0.0,False,0,7077888,0.0,0.0,0.0,0.0,1769472.0,0.25,0.0,0.0
A2_joint_product,joint_product,2,68,8,CYST_PA69.nii.gz,1,foreground,gamma:0.3,0.0035337626468390226,0.016427766531705856,0.02391698956489563,0.0001,0.0,False,435849,6642039,0.061578962951898575,2869.322509765625,0.006583294831216335,0.006939252372831106,1931668.25,0.2908245921134949,0.0001282730809180066,0.0035337626468390226
A2_joint_product,joint_product,2,69,9,HCC_10076307_20130925.nii.gz,0,context,gamma:0.3,0.0925084576010704,1.6222140789031982,0.02246534824371338,0.0001,0.0,False,14673,7063215,0.0020730760879814625,0.05134439468383789,3.499243121041218e-06,0.1850159615278244,1779557.0,0.25194716453552246,9.607826996216318e-07,0.0925084576010704
A2_joint_product,joint_product,2,70,10,HCC_10076307_20130925.nii.gz,1,foreground,blur:1.5,0.052227772772312164,0.3283388018608093,0.020598385483026505,0.0001,0.0,False,230690,6847198,0.03259305655956268,208.19859313964844,0.0009025037870742381,0.10419252514839172,1981415.25,0.28937605023384094,0.00026302289916202426,0.052227772772312164
A2_joint_product,joint_product,2,71,11,CYST_PA20.nii.gz,0,context,blur:1.5,0.15578559041023254,1.2478296756744385,0.019584545865654945,0.0001,0.0,False,7532,7070356,0.001064159208908677,0.13259020447731018,1.760358463798184e-05,0.3112659454345703,1779917.125,0.2517436444759369,0.00030524932662956417,0.15578559041023254
A2_joint_product,joint_product,2,72,12,CYST_PA20.nii.gz,1,foreground,gamma:0.3,0.00046752276830375195,0.003117074491456151,0.017756422981619835,0.0001,0.0,False,230686,6847202,0.03259249031543732,909.6148681640625,0.003943086601793766,0.0009205296519212425,2023201.75,0.29547861218452454,1.4515862858388573e-05,0.00046752276830375195
A2_joint_product,joint_product,2,73,13,CYST_PA56.nii.gz,0,context,gamma:0.3,0.0,2.2888823409215203e-16,0.0160946324467659,0.0001,0.0,False,0,7077888,0.0,0.0,0.0,0.0,1769472.0,0.25,0.0,0.0
A2_joint_product,joint_product,2,74,14,CYST_PA56.nii.gz,1,foreground,blur:1.5,0.014237355440855026,0.08783216029405594,0.014668839983642101,0.0001,0.0,False,259412,6818476,0.036651045083999634,885.6433715820312,0.003414041828364134,0.028328213840723038,2001620.875,0.29355838894844055,0.00014649724471382797,0.014237355440855026
A2_joint_product,joint_product,2,75,15,HCC_10136895_20170421.nii.gz,0,context,blur:1.5,0.07631999999284744,0.5376854538917542,0.013799689710140228,0.0001,0.0,False,31005,7046883,0.0043805441819131374,2.551334857940674,8.228785009123385e-05,0.15004822611808777,1797925.5,0.25513768196105957,0.0025917794555425644,0.07631999999284744
A2_joint_product,joint_product,2,76,16,HCC_10136895_20170421.nii.gz,1,foreground,gamma:0.3,0.002364712068811059,0.013948235660791397,0.012523898854851723,0.0001,0.0,False,257228,6820660,0.03634247928857803,648.810546875,0.002522316761314869,0.004672948736697435,1953535.375,0.28641441464424133,5.647555735777132e-05,0.002364712068811059
A2_joint_product,joint_product,2,77,17,MET_PA13.nii.gz,0,context,gamma:0.3,0.0,1.358724359550541e-16,0.011347917839884758,0.0001,0.0,False,0,7077888,0.0,0.0,0.0,0.0,1769472.0,0.25,0.0,0.0
A2_joint_product,joint_product,2,78,18,MET_PA13.nii.gz,1,foreground,blur:1.5,0.009385859593749046,0.06365875899791718,0.010356195271015167,0.0001,0.0,False,213869,6864019,0.030216500163078308,329.48406982421875,0.0015405883314087987,0.018529951572418213,1943334.5,0.2831190228462219,0.00024176716397050768,0.009385859593749046
A2_joint_product,joint_product,2,79,19,HCC_10074592_20130816.nii.gz,0,context,blur:1.5,0.23827533423900604,0.6799688339233398,0.0100631695240736,0.0001,0.0,False,3899,7073989,0.0005508705507963896,0.008260665461421013,2.118662678185501e-06,0.47121840715408325,1770836.75,0.25033071637153625,0.00533225666731596,0.23827533423900604
A2_joint_product,joint_product,2,80,20,HCC_10074592_20130816.nii.gz,1,foreground,gamma:0.3,0.00048736477037891746,0.003908959683030844,0.009119291789829731,0.0001,0.0,False,253900,6823988,0.035872284322977066,2218.395751953125,0.008737281896173954,0.0009443342569284141,2115814.0,0.31005534529685974,3.0395254725590348e-05,0.00048736477037891746
A2_joint_product,joint_product,2,81,21,CYST_PA19.nii.gz,0,context,gamma:0.3,0.0,3.0627401118625216e-17,0.008260412141680717,0.0001,0.0,False,0,7077888,0.0,0.0,0.0,0.0,1769472.0,0.25,0.0,0.0
A2_joint_product,joint_product,2,82,22,CYST_PA19.nii.gz,1,foreground,blur:1.5,0.001566434046253562,0.008063682354986668,0.007491903379559517,0.0001,0.0,False,217747,6860141,0.030764402821660042,998.0242919921875,0.004583412315696478,0.0029691215604543686,1947229.375,0.2838468551635742,0.00016374664846807718,0.001566434046253562
A2_joint_product,joint_product,2,83,23,HEM_PA13.nii.gz,0,context,blur:1.5,0.0,2.636717744200479e-16,0.006785300560295582,0.0001,0.0,False,0,7077888,0.0,0.0,0.0,0.0,1769472.0,0.25,0.0,0.0
A2_joint_product,joint_product,2,84,24,HEM_PA13.nii.gz,1,foreground,gamma:0.3,0.001473220530897379,0.012452196329832077,0.006160316057503223,0.0001,0.0,False,345692,6732196,0.048841122537851334,674.955078125,0.001952475169673562,0.002906263107433915,2005440.125,0.2978879511356354,4.017798346467316e-05,0.001473220530897379
A2_joint_product,joint_product,2,85,25,HCC_10142924_20170911.nii.gz,0,context,gamma:0.3,0.041267022490501404,1.1949905157089233,0.006807325873523951,0.0001,0.0,False,11022,7066866,0.0015572442207485437,0.034774214029312134,3.154982096020831e-06,0.08252410590648651,1777510.75,0.25152742862701416,9.93873254628852e-06,0.041267022490501404
A2_joint_product,joint_product,2,86,26,HCC_10142924_20170911.nii.gz,1,foreground,blur:1.5,0.0048743863590061665,0.03085244633257389,0.0062023368664085865,0.0001,0.0,False,179460,6898428,0.02535502053797245,741.774658203125,0.004133370704948902,0.00951689388602972,1996459.375,0.289407879114151,0.00023187915212474763,0.0048743863590061665
A2_joint_product,joint_product,2,87,27,MET_PA25.nii.gz,0,context,blur:1.5,0.0,3.3255058786663626e-16,0.005615822970867157,0.0001,0.0,False,0,7077888,0.0,0.0,0.0,0.0,1769472.0,0.25,0.0,0.0
A2_joint_product,joint_product,2,88,28,MET_PA25.nii.gz,1,foreground,gamma:0.3,0.0003467549686320126,0.0032557209488004446,0.005089599639177322,0.0001,0.0,False,195115,6882773,0.02756683900952339,996.4360961914062,0.00510691711679101,0.0006800721166655421,1973038.875,0.28666335344314575,1.3437842426355928e-05,0.0003467549686320126
A2_joint_product,joint_product,2,89,29,HCC_10147777_20171222.nii.gz,0,context,gamma:0.3,0.06026167795062065,1.4500336647033691,0.0067357635125517845,0.0001,0.0,False,48112,7029776,0.006797507870942354,3.157656192779541,6.563136412296444e-05,0.12052276730537415,1724354.375,0.24529294669628143,5.87796023410192e-07,0.06026167795062065
A2_joint_product,joint_product,2,90,30,HCC_10147777_20171222.nii.gz,1,foreground,blur:1.5,0.12900866568088531,1.3918156623840332,0.008076158352196217,0.0001,0.0,False,228868,6849020,0.032335635274648666,299.2966613769531,0.001307726139202714,0.2577804923057556,1966444.625,0.2871132791042328,0.00023684219922870398,0.12900866568088531
A2_joint_product,joint_product,2,91,31,HCC_PA0.nii.gz,0,context,blur:1.5,0.0,1.243399897339582e-15,0.0073106116615235806,0.0001,0.0,False,0,7077888,0.0,0.0,0.0,0.0,1769472.0,0.25,0.0,0.0
A2_joint_product,joint_product,2,92,32,HCC_PA0.nii.gz,1,foreground,gamma:0.3,0.0007856929441913962,0.003584348363801837,0.006620160304009914,0.0001,0.0,False,1135813,5942075,0.16047343611717224,47472.6171875,0.04179615527391434,0.0014586232136934996,2185431.0,0.36778920888900757,0.000112762616481632,0.0007856929441913962
A2_joint_product,joint_product,2,93,33,CYST_PA37.nii.gz,0,context,gamma:0.3,0.0,4.669724732820725e-17,0.005991923622786999,0.0001,0.0,False,0,7077888,0.0,0.0,0.0,0.0,1769472.0,0.25,0.0,0.0
A2_joint_product,joint_product,2,94,34,CYST_PA37.nii.gz,1,foreground,blur:1.5,0.02153782732784748,0.15155728161334991,0.005779809784144163,0.0001,0.0,False,202150,6875738,0.028560779988765717,229.84429931640625,0.0011369987623766065,0.04299735277891159,2045497.875,0.297495037317276,7.830061804270372e-05,0.02153782732784748
A2_joint_product,joint_product,2,95,35,ICC_PA18.nii.gz,0,context,blur:1.5,0.0,1.9055632451744214e-14,0.005230725277215242,0.0001,0.0,False,0,7077888,0.0,0.0,0.0,0.0,1769472.0,0.25,0.0,0.0
A2_joint_product,joint_product,2,96,36,ICC_PA18.nii.gz,1,foreground,gamma:0.3,0.0007157984655350447,0.0040853009559214115,0.004738558083772659,0.0001,0.0,False,831496,6246392,0.11747798323631287,20736.501953125,0.024938786402344704,0.0013535714242607355,2178633.75,0.3487827181816101,7.802545587765053e-05,0.0007157984655350447
A2_joint_product,joint_product,2,97,37,HCC_10081574_20140213.nii.gz,0,context,gamma:0.3,1.6179102502178466e-08,1.3510217286238912e-05,0.00428792042657733,0.0001,0.0,False,0,7077888,0.0,0.0,0.0,0.0,1769472.0,0.25,1.6179102502178466e-08,1.6179102502178466e-08
A2_joint_product,joint_product,2,98,38,HCC_10081574_20140213.nii.gz,1,foreground,blur:1.5,0.000816439394839108,0.006100047845393419,0.0038923530373722315,0.0001,0.0,False,217923,6859965,0.030789269134402275,2088.486328125,0.009583598002791405,0.0014543130528181791,2046547.625,0.2983320951461792,0.00017856567865237594,0.000816439394839108
A2_joint_product,joint_product,2,99,39,MET_PA19.nii.gz,0,context,blur:1.5,0.0,2.640092641099695e-16,0.0035218296106904745,0.0001,0.0,False,0,7077888,0.0,0.0,0.0,0.0,1769472.0,0.25,0.0,0.0
A2_joint_product,joint_product,2,100,40,MET_PA19.nii.gz,1,foreground,gamma:0.3,0.0023303928319364786,0.030241070315241814,0.0032496133353561163,0.0001,0.0,False,183634,6894254,0.025944745168089867,96.25883483886719,0.0005241885082796216,0.004648303147405386,1953373.25,0.28333353996276855,1.2482575584726874e-05,0.0023303928319364786
A2_joint_product,joint_product,2,101,41,HEM_PA24.nii.gz,0,context,gamma:0.3,0.0,4.425646564241233e-17,0.00293997791595757,0.0001,0.0,False,0,7077888,0.0,0.0,0.0,0.0,1769472.0,0.25,0.0,0.0
A2_joint_product,joint_product,2,102,42,HEM_PA24.nii.gz,1,foreground,blur:1.5,0.005758700892329216,0.03463287279009819,0.0027422329876571894,0.0001,0.0,False,241542,6836346,0.03412628173828125,682.2576904296875,0.0028245924040675163,0.011406974866986275,1988087.125,0.29081135988235474,0.00011042726691812277,0.005758700892329216
A2_joint_product,joint_product,2,103,43,CYST_PA74.nii.gz,0,context,blur:1.5,0.0,6.157675946050179e-16,0.0024807017762213945,0.0001,0.0,False,0,7077888,0.0,0.0,0.0,0.0,1769472.0,0.25,0.0,0.0
A2_joint_product,joint_product,2,104,44,CYST_PA74.nii.gz,1,foreground,gamma:0.3,0.00014874742191750556,0.0013187644071877003,0.0022469426039606333,0.0001,0.0,False,258931,6818957,0.03658308833837509,1753.06982421875,0.006770413368940353,0.00027601339388638735,1934389.875,0.283678263425827,2.148145722458139e-05,0.00014874742191750556
A2_joint_product,joint_product,2,105,45,HEM_PA34.nii.gz,0,context,gamma:0.3,0.0,9.594432852544596e-17,0.0020324618089944124,0.0001,0.0,False,0,7077888,0.0,0.0,0.0,0.0,1769472.0,0.25,0.0,0.0
A2_joint_product,joint_product,2,106,46,HEM_PA34.nii.gz,1,foreground,blur:1.5,0.0011596048716455698,0.00836608000099659,0.0018553899135440588,0.0001,0.0,False,293538,6784350,0.04147254303097725,1743.401123046875,0.005939268972724676,0.0021830773912370205,1957705.625,0.28856199979782104,0.00013613243936561048,0.0011596048716455698
A2_joint_product,joint_product,2,107,47,FNH_PA32.nii.gz,0,context,blur:1.5,0.010456332005560398,0.13202005624771118,0.0019298095721751451,0.0001,0.0,False,82806,6995082,0.011699252761900425,13.787569046020508,0.00016650446923449636,0.020910950377583504,1759979.125,0.2516023516654968,1.7145359834103147e-06,0.010456332005560398
A2_joint_product,joint_product,2,108,48,FNH_PA32.nii.gz,1,foreground,gamma:0.3,0.0007638908573426306,0.01237124390900135,0.0017613574163988233,0.0001,0.0,False,284258,6793630,0.04016141593456268,377.1343078613281,0.0013267324538901448,0.001525178668089211,1849202.0,0.2721964716911316,2.60305569099728e-06,0.0007638908573426306
A2_joint_product,joint_product,2,109,49,FNH_PA10.nii.gz,0,context,gamma:0.3,0.0,1.7284157274977227e-15,0.0015929476357996464,0.0001,0.0,False,0,7077888,0.0,0.0,0.0,0.0,1769472.0,0.25,0.0,0.0
A2_joint_product,joint_product,2,110,50,FNH_PA10.nii.gz,1,foreground,blur:1.5,0.0007876926101744175,0.0031926657538861036,0.0014422619715332985,0.0001,0.0,False,863052,6214836,0.1219363734126091,16670.0625,0.019315246492624283,0.0010618894593790174,2175838.0,0.35010382533073425,0.0005134958191774786,0.0007876926101744175
A2_joint_product,joint_product,2,111,51,CYST_PA54.nii.gz,0,context,blur:1.5,0.020768331363797188,0.20385926961898804,0.0018548546358942986,0.0001,0.0,False,84090,6993798,0.011880663223564625,16.072322845458984,0.00019113239250145853,0.041534826159477234,1749976.0,0.2502182424068451,1.8381789459454012e-06,0.020768331363797188
A2_joint_product,joint_product,2,112,52,CYST_PA54.nii.gz,1,foreground,gamma:0.3,0.0004498581984080374,0.004202588927000761,0.0016850985120981932,0.0001,0.0,False,231321,6846567,0.032682206481695175,300.3991394042969,0.0012986245565116405,0.0008943932480178773,1906823.25,0.27850791811943054,5.323172445059754e-06,0.0004498581984080374
A2_joint_product,joint_product,2,113,53,CYST_PA53.nii.gz,0,context,gamma:0.3,0.00015175403677858412,0.001408968004398048,0.0015261353692039847,0.0001,0.0,False,256227,6821661,0.036201052367687225,650.99560546875,0.0025406985078006983,0.00029752260888926685,1919703.25,0.28141286969184875,5.985474217595765e-06,0.00015175403677858412
A2_joint_product,joint_product,2,114,54,CYST_PA53.nii.gz,1,foreground,blur:1.5,0.003579036332666874,0.02507702074944973,0.00144145917147398,0.0001,0.0,False,395200,6682688,0.05583586543798447,1338.9393310546875,0.0033880043774843216,0.0071492246352136135,1936233.875,0.2897387742996216,8.848168363329023e-06,0.003579036332666874
A2_joint_product,joint_product,2,115,55,CYST_PA38.nii.gz,0,context,blur:1.5,0.007643602788448334,0.04835185408592224,0.0014100929256528616,0.0001,0.0,False,48054,7029834,0.0067893136292696,9.544947624206543,0.0001986296265386045,0.015285325236618519,1779675.125,0.2531603276729584,1.8803519878929364e-06,0.007643602788448334
A2_joint_product,joint_product,2,116,56,CYST_PA38.nii.gz,1,foreground,gamma:0.3,0.00036769412690773606,0.004415534902364016,0.001283512800000608,0.0001,0.0,False,227620,6850268,0.03215930983424187,236.86639404296875,0.001040622009895742,0.0007330267690122128,1911252.875,0.2790040969848633,2.3615066311322153e-06,0.00036769412690773606
A2_joint_product,joint_product,2,117,57,HEM_PA66.nii.gz,0,context,gamma:0.3,0.0014867773279547691,0.019128374755382538,0.0012047190684825182,0.0001,0.0,False,50026,7027862,0.007067927625030279,4.978174209594727,9.951173706213012e-05,0.0029729981906712055,1799394.0,0.256037175655365,5.5653850949966e-07,0.0014867773279547691
A2_joint_product,joint_product,2,118,58,HEM_PA66.nii.gz,1,foreground,blur:1.5,0.0031459475867450237,0.028293026611208916,0.0011728695826604962,0.0001,0.0,False,240303,6837585,0.033951230347156525,240.6309814453125,0.0010013649007305503,0.0062873512506484985,1842753.75,0.2695035934448242,4.543984232441289e-06,0.0031459475867450237
A2_joint_product,joint_product,2,119,59,HEM_PA56.nii.gz,0,context,blur:1.5,0.008582201786339283,0.11981793493032455,0.0013947237748652697,0.0001,0.0,False,84305,6993583,0.011911039240658283,9.464668273925781,0.00011226698552491143,0.017163587734103203,1771196.0,0.25326016545295715,8.160188258443668e-07,0.008582201786339283
A2_joint_product,joint_product,2,120,60,HEM_PA56.nii.gz,1,foreground,gamma:0.3,0.0003049462102353573,0.002489276695996523,0.0012681877706199884,0.0001,0.0,False,386275,6691613,0.05457489565014839,1361.71337890625,0.0035252433735877275,0.000605206994805485,1922765.25,0.28733956813812256,4.685420208261348e-06,0.0003049462102353573
A2_joint_product,joint_product,3,121,1,HEM_PA99.nii.gz,0,context,gamma:0.3,0.0,2.7094203820083283e-14,0.001146406400948763,0.0001,0.0,False,0,7077888,0.0,0.0,0.0,0.0,1769472.0,0.25,0.0,0.0
A2_joint_product,joint_product,3,122,2,HEM_PA99.nii.gz,1,foreground,blur:1.5,0.0055254376493394375,0.04461463913321495,0.0011110944906249642,0.0001,0.0,False,396016,6681872,0.055951155722141266,3379.462890625,0.008533651940524578,0.010923336260020733,2005543.625,0.3001469671726227,0.00012753943155985326,0.0055254376493394375
A2_joint_product,joint_product,3,123,3,HCC_10140276_20170721.nii.gz,0,context,blur:1.5,0.2723448872566223,1.9487640857696533,0.0058034928515553474,0.0001,0.0,False,31095,7046793,0.0043932595290243626,0.9069969654083252,2.9168579203542322e-05,0.5446811318397522,1722289.125,0.244407519698143,8.647822141938377e-06,0.2723448872566223
A2_joint_product,joint_product,3,124,4,HCC_10140276_20170721.nii.gz,1,foreground,gamma:0.3,0.0024561737664043903,0.026732556521892548,0.005308245308697224,0.0001,0.0,False,182908,6894980,0.025842173025012016,203.26239013671875,0.0011112821521237493,0.004886473994702101,2011968.875,0.29180198907852173,2.5873670892906375e-05,0.0024561737664043903
A2_joint_product,joint_product,3,125,5,HEM_PA97.nii.gz,0,context,gamma:0.3,0.00872750487178564,0.1478288769721985,0.004968115594238043,0.0001,0.0,False,29498,7048390,0.004167627543210983,0.5313544273376465,1.8013235603575595e-05,0.017439913004636765,1793645.625,0.2544759213924408,1.509633057139581e-05,0.00872750487178564
A2_joint_product,joint_product,3,126,6,HEM_PA97.nii.gz,1,foreground,blur:1.5,0.07057639211416245,0.49087098240852356,0.005858782213181257,0.0001,0.0,False,279722,6798166,0.03952054679393768,258.44677734375,0.0009239415521733463,0.14095273613929749,1919218.375,0.28231412172317505,0.00020004258840344846,0.07057639211416245
A2_joint_product,joint_product,3,127,7,CYST_PA69.nii.gz,0,context,blur:1.5,0.0,7.415456662889126e-15,0.0052951364777982235,0.0001,0.0,False,0,7077888,0.0,0.0,0.0,0.0,1769472.0,0.25,0.0,0.0
A2_joint_product,joint_product,3,128,8,CYST_PA69.nii.gz,1,foreground,gamma:0.3,0.0017592371441423893,0.011126814410090446,0.004812848288565874,0.0001,0.0,False,435849,6642039,0.061578962951898575,2869.322509765625,0.006583294831216335,0.003249167697504163,1931668.25,0.2908245921134949,0.00026930661988444626,0.0017592371441423893
A2_joint_product,joint_product,3,129,9,HCC_10076307_20130925.nii.gz,0,context,gamma:0.3,0.013001387938857079,0.26530736684799194,0.0047452813014388084,0.0001,0.0,False,14673,7063215,0.0020730760879814625,0.05134439468383789,3.499243121041218e-06,0.02599293179810047,1779557.0,0.25194716453552246,9.844222404353786e-06,0.013001387938857079
A2_joint_product,joint_product,3,130,10,HCC_10076307_20130925.nii.gz,1,foreground,blur:1.5,0.039965804666280746,0.38564014434814453,0.005288335029035807,0.0001,0.0,False,230690,6847198,0.03259305655956268,208.19859313964844,0.0009025037870742381,0.07955016195774078,1981415.25,0.28937605023384094,0.00038144440623000264,0.039965804666280746
A2_joint_product,joint_product,3,131,11,CYST_PA20.nii.gz,0,context,blur:1.5,0.07636500895023346,0.9410045146942139,0.0068121664226055145,0.0001,0.0,False,7532,7070356,0.001064159208908677,0.13259020447731018,1.760358463798184e-05,0.1521105021238327,1779917.125,0.2517436444759369,0.0006195213063620031,0.07636500895023346
A2_joint_product,joint_product,3,132,12,CYST_PA20.nii.gz,1,foreground,gamma:0.3,0.00018984870985150337,0.0015978537267073989,0.006158814299851656,0.0001,0.0,False,230686,6847202,0.03259249031543732,909.6148681640625,0.003943086601793766,0.00034891540417447686,2023201.75,0.29547861218452454,3.0782011890551075e-05,0.00018984870985150337
A2_joint_product,joint_product,3,133,13,CYST_PA56.nii.gz,0,context,gamma:0.3,0.0,1.7054089891613158e-16,0.00556531036272645,0.0001,0.0,False,0,7077888,0.0,0.0,0.0,0.0,1769472.0,0.25,0.0,0.0
A2_joint_product,joint_product,3,134,14,CYST_PA56.nii.gz,1,foreground,blur:1.5,0.010323799215257168,0.08722866326570511,0.005231119692325592,0.0001,0.0,False,259412,6818476,0.036651045083999634,885.6433715820312,0.003414041828364134,0.020426273345947266,2001620.875,0.29355838894844055,0.00022132501180749387,0.010323799215257168
A2_joint_product,joint_product,3,135,15,HCC_10136895_20170421.nii.gz,0,context,blur:1.5,0.04207944869995117,0.3843463957309723,0.005626607686281204,0.0001,0.0,False,31005,7046883,0.0043805441819131374,2.551334857940674,8.228785009123385e-05,0.07938431203365326,1797925.5,0.25513768196105957,0.004774588160216808,0.04207944869995117
A2_joint_product,joint_product,3,136,16,HCC_10136895_20170421.nii.gz,1,foreground,gamma:0.3,0.0016395500861108303,0.012477556243538857,0.005126918666064739,0.0001,0.0,False,257228,6820660,0.03634247928857803,648.810546875,0.002522316761314869,0.003185537876561284,1953535.375,0.28641441464424133,9.356228110846132e-05,0.0016395500861108303
A2_joint_product,joint_product,3,137,17,MET_PA13.nii.gz,0,context,gamma:0.3,0.0,6.106535802464109e-17,0.0046323430724442005,0.0001,0.0,False,0,7077888,0.0,0.0,0.0,0.0,1769472.0,0.25,0.0,0.0
A2_joint_product,joint_product,3,138,18,MET_PA13.nii.gz,1,foreground,blur:1.5,0.005247725173830986,0.04082532972097397,0.00430804118514061,0.0001,0.0,False,213869,6864019,0.030216500163078308,329.48406982421875,0.0015405883314087987,0.00977340992540121,1943334.5,0.2831190228462219,0.0007220405386760831,0.005247725173830986
A2_joint_product,joint_product,3,139,19,HCC_10074592_20130816.nii.gz,0,context,blur:1.5,0.16359201073646545,1.2446664571762085,0.006342638283967972,0.0001,0.0,False,3899,7073989,0.0005508705507963896,0.008260665461421013,2.118662678185501e-06,0.31983768939971924,1770836.75,0.25033071637153625,0.007346317637711763,0.16359201073646545
A2_joint_product,joint_product,3,140,20,HCC_10074592_20130816.nii.gz,1,foreground,gamma:0.3,0.0005590331275016069,0.0066864751279354095,0.005735268350690603,0.0001,0.0,False,253900,6823988,0.035872284322977066,2218.395751953125,0.008737281896173954,0.0010539385257288814,2115814.0,0.31005534529685974,6.412769289454445e-05,0.0005590331275016069
A2_joint_product,joint_product,3,141,21,CYST_PA19.nii.gz,0,context,gamma:0.3,0.0,5.792420251419752e-17,0.005181468557566404,0.0001,0.0,False,0,7077888,0.0,0.0,0.0,0.0,1769472.0,0.25,0.0,0.0
A2_joint_product,joint_product,3,142,22,CYST_PA19.nii.gz,1,foreground,blur:1.5,0.0011128154583275318,0.0061137187294662,0.004693552386015654,0.0001,0.0,False,217747,6860141,0.030764402821660042,998.0242919921875,0.004583412315696478,0.0018704640679061413,1947229.375,0.2838468551635742,0.00035516690695658326,0.0011128154583275318
A2_joint_product,joint_product,3,143,23,HEM_PA13.nii.gz,0,context,blur:1.5,0.0,3.2824006366783873e-16,0.004240129142999649,0.0001,0.0,False,0,7077888,0.0,0.0,0.0,0.0,1769472.0,0.25,0.0,0.0
A2_joint_product,joint_product,3,144,24,HEM_PA13.nii.gz,1,foreground,gamma:0.3,0.0008501478005200624,0.008176029659807682,0.0038482765667140484,0.0001,0.0,False,345692,6732196,0.048841122537851334,674.955078125,0.001952475169673562,0.0016275137895718217,2005440.125,0.2978879511356354,7.278184057213366e-05,0.0008501478005200624
A2_joint_product,joint_product,3,145,25,HCC_10142924_20170911.nii.gz,0,context,gamma:0.3,0.016832605004310608,0.4819709062576294,0.004391850903630257,0.0001,0.0,False,11022,7066866,0.0015572442207485437,0.034774214029312134,3.154982096020831e-06,0.03364091366529465,1777510.75,0.25152742862701416,2.4295133698615246e-05,0.016832605004310608
A2_joint_product,joint_product,3,146,26,HCC_10142924_20170911.nii.gz,1,foreground,blur:1.5,0.003951601218432188,0.028350474312901497,0.004042998421937227,0.0001,0.0,False,179460,6898428,0.02535502053797245,741.774658203125,0.004133370704948902,0.007520147133618593,1996459.375,0.289407879114151,0.0003830555360764265,0.003951601218432188
A2_joint_product,joint_product,3,147,27,MET_PA25.nii.gz,0,context,blur:1.5,0.0,8.696454976328788e-16,0.003652073908597231,0.0001,0.0,False,0,7077888,0.0,0.0,0.0,0.0,1769472.0,0.25,0.0,0.0
A2_joint_product,joint_product,3,148,28,MET_PA25.nii.gz,1,foreground,gamma:0.3,0.00010566385026322678,0.0009590244153514504,0.003300792071968317,0.0001,0.0,False,195115,6882773,0.02756683900952339,996.4360961914062,0.00510691711679101,0.0001790431997505948,1973038.875,0.28666335344314575,3.228450441383757e-05,0.00010566385026322678
A2_joint_product,joint_product,3,149,29,HCC_10147777_20171222.nii.gz,0,context,gamma:0.3,0.0027103519532829523,0.04411759972572327,0.0030879289843142033,0.0001,0.0,False,48112,7029776,0.006797507870942354,3.157656192779541,6.563136412296444e-05,0.005413602571934462,1724354.375,0.24529294669628143,7.101562005118467e-06,0.0027103519532829523
A2_joint_product,joint_product,3,150,30,HCC_10147777_20171222.nii.gz,1,foreground,blur:1.5,0.04875022917985916,0.48312145471572876,0.004434661939740181,0.0001,0.0,False,228868,6849020,0.032335635274648666,299.2966613769531,0.001307726139202714,0.09714950621128082,1966444.625,0.2871132791042328,0.0003509501984808594,0.04875022917985916
A2_joint_product,joint_product,3,151,31,HCC_PA0.nii.gz,0,context,blur:1.5,0.0,1.9538011362458434e-15,0.004005504306405783,0.0001,0.0,False,0,7077888,0.0,0.0,0.0,0.0,1769472.0,0.25,0.0,0.0
A2_joint_product,joint_product,3,152,32,HCC_PA0.nii.gz,1,foreground,gamma:0.3,0.0010515071917325258,0.005802169442176819,0.003620580770075321,0.0001,0.0,False,1135813,5942075,0.16047343611717224,47472.6171875,0.04179615527391434,0.0018168503884226084,2185431.0,0.36778920888900757,0.0002861641114577651,0.0010515071917325258
A2_joint_product,joint_product,3,153,33,CYST_PA37.nii.gz,0,context,gamma:0.3,0.0,7.959266849861201e-17,0.0032700621522963047,0.0001,0.0,False,0,7077888,0.0,0.0,0.0,0.0,1769472.0,0.25,0.0,0.0
A2_joint_product,joint_product,3,154,34,CYST_PA37.nii.gz,1,foreground,blur:1.5,0.011378691531717777,0.11616984754800797,0.003354934975504875,0.0001,0.0,False,202150,6875738,0.028560779988765717,229.84429931640625,0.0011369987623766065,0.022645654156804085,2045497.875,0.297495037317276,0.00011172975791851059,0.011378691531717777
A2_joint_product,joint_product,3,155,35,ICC_PA18.nii.gz,0,context,blur:1.5,0.0,1.8369736934793204e-15,0.0030300060752779245,0.0001,0.0,False,0,7077888,0.0,0.0,0.0,0.0,1769472.0,0.25,0.0,0.0
A2_joint_product,joint_product,3,156,36,ICC_PA18.nii.gz,1,foreground,gamma:0.3,0.0007822746993042529,0.005030580330640078,0.002745941514149308,0.0001,0.0,False,831496,6246392,0.11747798323631287,20736.501953125,0.024938786402344704,0.0014573893276974559,2178633.75,0.3487827181816101,0.0001071601000148803,0.0007822746993042529
A2_joint_product,joint_product,3,157,37,HCC_10081574_20140213.nii.gz,0,context,gamma:0.3,3.715863380882034e-11,3.933508097020422e-08,0.0024798912927508354,0.0001,0.0,False,0,7077888,0.0,0.0,0.0,0.0,1769472.0,0.25,3.715863380882034e-11,3.715863380882034e-11
A2_joint_product,joint_product,3,158,38,HCC_10081574_20140213.nii.gz,1,foreground,blur:1.5,0.0005194729892536998,0.0029993276111781597,0.0022489808034151793,0.0001,0.0,False,217923,6859965,0.030789269134402275,2088.486328125,0.009583598002791405,0.0007703460869379342,2046547.625,0.2983320951461792,0.0002685999497771263,0.0005194729892536998
A2_joint_product,joint_product,3,159,39,MET_PA19.nii.gz,0,context,blur:1.5,0.0,6.754492184312007e-16,0.002030998934060335,0.0001,0.0,False,0,7077888,0.0,0.0,0.0,0.0,1769472.0,0.25,0.0,0.0
A2_joint_product,joint_product,3,160,40,MET_PA19.nii.gz,1,foreground,gamma:0.3,0.001679642591625452,0.021576642990112305,0.0019033297430723906,0.0001,0.0,False,183634,6894254,0.025944745168089867,96.25883483886719,0.0005241885082796216,0.0033272600267082453,1953373.25,0.28333353996276855,3.2025182008510455e-05,0.001679642591625452
A2_joint_product,joint_product,3,161,41,HEM_PA24.nii.gz,0,context,gamma:0.3,0.0,2.9516113744162275e-17,0.0017187825869768858,0.0001,0.0,False,0,7077888,0.0,0.0,0.0,0.0,1769472.0,0.25,0.0,0.0
A2_joint_product,joint_product,3,162,42,HEM_PA24.nii.gz,1,foreground,blur:1.5,0.003854143898934126,0.025850258767604828,0.0016480495687574148,0.0001,0.0,False,241542,6836346,0.03412628173828125,682.2576904296875,0.0028245924040675163,0.007549084722995758,1988087.125,0.29081135988235474,0.00015920292935334146,0.003854143898934126
A2_joint_product,joint_product,3,163,43,CYST_PA74.nii.gz,0,context,blur:1.5,0.0,1.8101790767423515e-15,0.001488197478465736,0.0001,0.0,False,0,7077888,0.0,0.0,0.0,0.0,1769472.0,0.25,0.0,0.0
A2_joint_product,joint_product,3,164,44,CYST_PA74.nii.gz,1,foreground,gamma:0.3,9.797691745916381e-05,0.0008109789341688156,0.0013457182794809341,0.0001,0.0,False,258931,6818957,0.03658308833837509,1753.06982421875,0.006770413368940353,0.00015898807032499462,1934389.875,0.283678263425827,3.696576823131181e-05,9.797691745916381e-05
A2_joint_product,joint_product,3,165,45,HEM_PA34.nii.gz,0,context,gamma:0.3,0.0,4.9960636972129e-17,0.0012151453411206603,0.0001,0.0,False,0,7077888,0.0,0.0,0.0,0.0,1769472.0,0.25,0.0,0.0
A2_joint_product,joint_product,3,166,46,HEM_PA34.nii.gz,1,foreground,blur:1.5,0.000783822441007942,0.005575567949563265,0.0011145120952278376,0.0001,0.0,False,293538,6784350,0.04147254303097725,1743.401123046875,0.005939268972724676,0.0012704504188150167,1957705.625,0.28856199979782104,0.0002971944340970367,0.000783822441007942
A2_joint_product,joint_product,3,167,47,FNH_PA32.nii.gz,0,context,blur:1.5,0.011063714511692524,0.16895915567874908,0.0014790701679885387,0.0001,0.0,False,82806,6995082,0.011699252761900425,13.787569046020508,0.00016650446923449636,0.022124681621789932,1759979.125,0.2516023516654968,2.747053486018558e-06,0.011063714511692524
A2_joint_product,joint_product,3,168,48,FNH_PA32.nii.gz,1,foreground,gamma:0.3,0.0005994939710944891,0.009041346609592438,0.00135605048853904,0.0001,0.0,False,284258,6793630,0.04016141593456268,377.1343078613281,0.0013267324538901448,0.0011958066606894135,1849202.0,0.2721964716911316,3.181227839377243e-06,0.0005994939710944891
A2_joint_product,joint_product,3,169,49,FNH_PA10.nii.gz,0,context,gamma:0.3,0.0,1.1342800308765996e-15,0.0012243868550285697,0.0001,0.0,False,0,7077888,0.0,0.0,0.0,0.0,1769472.0,0.25,0.0,0.0
A2_joint_product,joint_product,3,170,50,FNH_PA10.nii.gz,1,foreground,blur:1.5,0.0005642223404720426,0.0027531823143363,0.0011078703682869673,0.0001,0.0,False,863052,6214836,0.1219363734126091,16670.0625,0.019315246492624283,0.0007585820276290178,2175838.0,0.35010382533073425,0.0003698626533150673,0.0005642223404720426
A2_joint_product,joint_product,3,171,51,CYST_PA54.nii.gz,0,context,blur:1.5,0.013901258818805218,0.15953008830547333,0.0016777175478637218,0.0001,0.0,False,84090,6993798,0.011880663223564625,16.072322845458984,0.00019113239250145853,0.027799835428595543,1749976.0,0.2502182424068451,2.6822599465958774e-06,0.013901258818805218
A2_joint_product,joint_product,3,172,52,CYST_PA54.nii.gz,1,foreground,gamma:0.3,0.00024360553652513772,0.002874066587537527,0.001523860963061452,0.0001,0.0,False,231321,6846567,0.032682206481695175,300.3991394042969,0.0012986245565116405,0.000482185889268294,1906823.25,0.27850791811943054,5.025172413297696e-06,0.00024360553652513772
A2_joint_product,joint_product,3,173,53,CYST_PA53.nii.gz,0,context,gamma:0.3,0.00011352942965459079,0.0012864376185461879,0.0013798191212117672,0.0001,0.0,False,256227,6821661,0.036201052367687225,650.99560546875,0.0025406985078006983,0.0002213158004451543,1919703.25,0.28141286969184875,5.743056590290507e-06,0.00011352942965459079
A2_joint_product,joint_product,3,174,54,CYST_PA53.nii.gz,1,foreground,blur:1.5,0.0024248752743005753,0.0173177532851696,0.0013238557148724794,0.0001,0.0,False,395200,6682688,0.05583586543798447,1338.9393310546875,0.0033880043774843216,0.004828045144677162,1936233.875,0.2897387742996216,2.170551124436315e-05,0.0024248752743005753
A2_joint_product,joint_product,3,175,55,CYST_PA38.nii.gz,0,context,blur:1.5,0.005396957974880934,0.0431995764374733,0.0013625272549688816,0.0001,0.0,False,48054,7029834,0.0067893136292696,9.544947624206543,0.0001986296265386045,0.010791787877678871,1779675.125,0.2531603276729584,2.1281948647811078e-06,0.005396957974880934
A2_joint_product,joint_product,3,176,56,CYST_PA38.nii.gz,1,foreground,gamma:0.3,0.00020345259690657258,0.0025287140160799026,0.0012367402669042349,0.0001,0.0,False,227620,6850268,0.03215930983424187,236.86639404296875,0.001040622009895742,0.0004031908174511045,1911252.875,0.2790040969848633,3.7143868212297093e-06,0.00020345259690657258
A2_joint_product,joint_product,3,177,57,HEM_PA66.nii.gz,0,context,gamma:0.3,0.0006793598877266049,0.01282992959022522,0.0011551693314686418,0.0001,0.0,False,50026,7027862,0.007067927625030279,4.978174209594727,9.951173706213012e-05,0.0013578843791037798,1799394.0,0.256037175655365,8.353562179763685e-07,0.0006793598877266049
A2_joint_product,joint_product,3,178,58,HEM_PA66.nii.gz,1,foreground,blur:1.5,0.0017309820977970958,0.01636912301182747,0.0011159229325130582,0.0001,0.0,False,240303,6837585,0.033951230347156525,240.6309814453125,0.0010013649007305503,0.00345594878308475,1842753.75,0.2695035934448242,6.01536839894834e-06,0.0017309820977970958
A2_joint_product,joint_product,3,179,59,HEM_PA56.nii.gz,0,context,blur:1.5,0.004630674608051777,0.07829870283603668,0.0013215781655162573,0.0001,0.0,False,84305,6993583,0.011911039240658283,9.464668273925781,0.00011226698552491143,0.009259743615984917,1771196.0,0.25326016545295715,1.6052543969635735e-06,0.004630674608051777
A2_joint_product,joint_product,3,180,60,HEM_PA56.nii.gz,1,foreground,gamma:0.3,0.00026194925885647535,0.0027421892154961824,0.0012005832977592945,0.0001,0.0,False,386275,6691613,0.05457489565014839,1361.71337890625,0.0035252433735877275,0.0005134199163876474,1922765.25,0.28733956813812256,1.0478594049345702e-05,0.00026194925885647535
A2_joint_product,joint_product,4,181,1,HEM_PA99.nii.gz,0,context,gamma:0.3,0.0,2.36575709245063e-14,0.0010838003363460302,0.0001,0.0,False,0,7077888,0.0,0.0,0.0,0.0,1769472.0,0.25,0.0,0.0
A2_joint_product,joint_product,4,182,2,HEM_PA99.nii.gz,1,foreground,blur:1.5,0.0028022867627441883,0.022201646119356155,0.0010346671333536506,0.0001,0.0,False,396016,6681872,0.055951155722141266,3379.462890625,0.008533651940524578,0.005341319367289543,2005543.625,0.3001469671726227,0.0002632541873026639,0.0028022867627441883
A2_joint_product,joint_product,4,183,3,HCC_10140276_20170721.nii.gz,0,context,blur:1.5,0.14359650015830994,1.653123140335083,0.006582972593605518,0.0001,0.0,False,31095,7046793,0.0043932595290243626,0.9069969654083252,2.9168579203542322e-05,0.28717225790023804,1722289.125,0.244407519698143,2.0753834178321995e-05,0.14359650015830994
A2_joint_product,joint_product,4,184,4,HCC_10140276_20170721.nii.gz,1,foreground,gamma:0.3,0.0011005951091647148,0.012102477252483368,0.005980561953037977,0.0001,0.0,False,182908,6894980,0.025842173025012016,203.26239013671875,0.0011112821521237493,0.002150475513190031,2011968.875,0.29180198907852173,5.0714592362055555e-05,0.0011005951091647148
A2_joint_product,joint_product,4,185,5,HEM_PA97.nii.gz,0,context,gamma:0.3,0.007825569249689579,0.15227091312408447,0.0057161604054272175,0.0001,0.0,False,29498,7048390,0.004167627543210983,0.5313544273376465,1.8013235603575595e-05,0.015638161450624466,1793645.625,0.2544759213924408,1.2976119251106866e-05,0.007825569249689579
A2_joint_product,joint_product,4,186,6,HEM_PA97.nii.gz,1,foreground,blur:1.5,0.057229045778512955,0.45541152358055115,0.007111924700438976,0.0001,0.0,False,279722,6798166,0.03952054679393768,258.44677734375,0.0009239415521733463,0.11404174566268921,1919218.375,0.28231412172317505,0.00041634944500401616,0.057229045778512955
A2_joint_product,joint_product,4,187,7,CYST_PA69.nii.gz,0,context,blur:1.5,0.0,5.764932497034133e-15,0.0064195687882602215,0.0001,0.0,False,0,7077888,0.0,0.0,0.0,0.0,1769472.0,0.25,0.0,0.0
A2_joint_product,joint_product,4,188,8,CYST_PA69.nii.gz,1,foreground,gamma:0.3,0.0014357162872329354,0.009258664213120937,0.005829149391502142,0.0001,0.0,False,435849,6642039,0.061578962951898575,2869.322509765625,0.006583294831216335,0.0025293033104389906,1931668.25,0.2908245921134949,0.00034212926402688026,0.0014357162872329354
A2_joint_product,joint_product,4,189,9,HCC_10076307_20130925.nii.gz,0,context,gamma:0.3,0.010392401367425919,0.2714041471481323,0.006168642081320286,0.0001,0.0,False,14673,7063215,0.0020730760879814625,0.05134439468383789,3.499243121041218e-06,0.02067641168832779,1779557.0,0.25194716453552246,0.0001083909155568108,0.010392401367425919
A2_joint_product,joint_product,4,190,10,HCC_10076307_20130925.nii.gz,1,foreground,blur:1.5,0.023257507011294365,0.2945729196071625,0.006477062590420246,0.0001,0.0,False,230690,6847198,0.03259305655956268,208.19859313964844,0.0009025037870742381,0.045777179300785065,1981415.25,0.28937605023384094,0.0007378347800113261,0.023257507011294365
A2_joint_product,joint_product,4,191,11,CYST_PA20.nii.gz,0,context,blur:1.5,0.02646968886256218,0.5343970060348511,0.007517174817621708,0.0001,0.0,False,7532,7070356,0.001064159208908677,0.13259020447731018,1.760358463798184e-05,0.05197396129369736,1779917.125,0.2517436444759369,0.0009654175955802202,0.02646968886256218
A2_joint_product,joint_product,4,192,12,CYST_PA20.nii.gz,1,foreground,gamma:0.3,0.00012750927999150008,0.0012427631299942732,0.006785495672374964,0.0001,0.0,False,230686,6847202,0.03259249031543732,909.6148681640625,0.003943086601793766,0.00016087331459857523,2023201.75,0.29547861218452454,9.414524538442492e-05,0.00012750927999150008
A2_joint_product,joint_product,4,193,13,CYST_PA56.nii.gz,0,context,gamma:0.3,0.0,1.562525383569152e-16,0.006124408915638924,0.0001,0.0,False,0,7077888,0.0,0.0,0.0,0.0,1769472.0,0.25,0.0,0.0
A2_joint_product,joint_product,4,194,14,CYST_PA56.nii.gz,1,foreground,blur:1.5,0.004233574494719505,0.051260024309158325,0.00568460812792182,0.0001,0.0,False,259412,6818476,0.036651045083999634,885.6433715820312,0.003414041828364134,0.007939554750919342,2001620.875,0.29355838894844055,0.0005275940056890249,0.004233574494719505
A2_joint_product,joint_product,4,195,15,HCC_10136895_20170421.nii.gz,0,context,blur:1.5,0.032216452062129974,0.31737303733825684,0.006157086230814457,0.0001,0.0,False,31005,7046883,0.0043805441819131374,2.551334857940674,8.228785009123385e-05,0.059238165616989136,1797925.5,0.25513768196105957,0.005194739438593388,0.032216452062129974
A2_joint_product,joint_product,4,196,16,HCC_10136895_20170421.nii.gz,1,foreground,gamma:0.3,0.0010348968207836151,0.008237694390118122,0.00559893436729908,0.0001,0.0,False,257228,6820660,0.03634247928857803,648.810546875,0.002522316761314869,0.0019831310492008924,1953535.375,0.28641441464424133,8.666252688271925e-05,0.0010348968207836151
A2_joint_product,joint_product,4,197,17,MET_PA13.nii.gz,0,context,gamma:0.3,0.0,2.234250039312598e-16,0.005053183063864708,0.0001,0.0,False,0,7077888,0.0,0.0,0.0,0.0,1769472.0,0.25,0.0,0.0
A2_joint_product,joint_product,4,198,18,MET_PA13.nii.gz,1,foreground,blur:1.5,0.003471929579973221,0.025601273402571678,0.004670888651162386,0.0001,0.0,False,213869,6864019,0.030216500163078308,329.48406982421875,0.0015405883314087987,0.005650265142321587,1943334.5,0.2831190228462219,0.0012935942504554987,0.003471929579973221
A2_joint_product,joint_product,4,199,19,HCC_10074592_20130816.nii.gz,0,context,blur:1.5,0.07139082998037338,0.7420272827148438,0.0061359768733382225,0.0001,0.0,False,3899,7073989,0.0005508705507963896,0.008260665461421013,2.118662678185501e-06,0.13190636038780212,1770836.75,0.25033071637153625,0.010875296778976917,0.07139082998037338
A2_joint_product,joint_product,4,200,20,HCC_10074592_20130816.nii.gz,1,foreground,gamma:0.3,0.0003201813960913569,0.0036975613329559565,0.005542747676372528,0.0001,0.0,False,253900,6823988,0.035872284322977066,2218.395751953125,0.008737281896173954,0.0005369431455619633,2115814.0,0.31005534529685974,0.00010341963934479281,0.0003201813960913569
A2_joint_product,joint_product,4,201,21,CYST_PA19.nii.gz,0,context,gamma:0.3,0.0,5.3239140860203326e-17,0.005002221092581749,0.0001,0.0,False,0,7077888,0.0,0.0,0.0,0.0,1769472.0,0.25,0.0,0.0
A2_joint_product,joint_product,4,202,22,CYST_PA19.nii.gz,1,foreground,blur:1.5,0.0008471378241665661,0.003701286157593131,0.004526244942098856,0.0001,0.0,False,217747,6860141,0.030764402821660042,998.0242919921875,0.004583412315696478,0.00117042928468436,1947229.375,0.2838468551635742,0.0005238463636487722,0.0008471378241665661
A2_joint_product,joint_product,4,203,23,HEM_PA13.nii.gz,0,context,blur:1.5,0.0,6.389338927728638e-16,0.004084747284650803,0.0001,0.0,False,0,7077888,0.0,0.0,0.0,0.0,1769472.0,0.25,0.0,0.0
A2_joint_product,joint_product,4,204,24,HEM_PA13.nii.gz,1,foreground,gamma:0.3,0.0005813527386635542,0.0053468383848667145,0.003702659159898758,0.0001,0.0,False,345692,6732196,0.048841122537851334,674.955078125,0.001952475169673562,0.0010173999471589923,2005440.125,0.2978879511356354,0.0001453054865123704,0.0005813527386635542
A2_joint_product,joint_product,4,205,25,HCC_10142924_20170911.nii.gz,0,context,gamma:0.3,0.004114731680601835,0.09890996664762497,0.00362270581535995,0.0001,0.0,False,11022,7066866,0.0015572442207485437,0.034774214029312134,3.154982096020831e-06,0.008128060027956963,1777510.75,0.25152742862701416,0.00010140291851712391,0.004114731680601835
A2_joint_product,joint_product,4,206,26,HCC_10142924_20170911.nii.gz,1,foreground,blur:1.5,0.0025508692488074303,0.020292120054364204,0.0033514529932290316,0.0001,0.0,False,179460,6898428,0.02535502053797245,741.774658203125,0.004133370704948902,0.004507352132350206,1996459.375,0.289407879114151,0.000594386481679976,0.0025508692488074303
A2_joint_product,joint_product,4,207,27,MET_PA25.nii.gz,0,context,blur:1.5,0.0,1.1445148358573917e-15,0.003024402307346463,0.0001,0.0,False,0,7077888,0.0,0.0,0.0,0.0,1769472.0,0.25,0.0,0.0
A2_joint_product,joint_product,4,208,28,MET_PA25.nii.gz,1,foreground,gamma:0.3,0.0001187354646390304,0.0011829205323010683,0.0027303877286612988,0.0001,0.0,False,195115,6882773,0.02756683900952339,996.4360961914062,0.00510691711679101,0.00014804772217758,1973038.875,0.28666335344314575,8.94232071004808e-05,0.0001187354646390304
A2_joint_product,joint_product,4,209,29,HCC_10147777_20171222.nii.gz,0,context,gamma:0.3,0.0014033399056643248,0.01789485104382038,0.0025319636333733797,0.0001,0.0,False,48112,7029776,0.006797507870942354,3.157656192779541,6.563136412296444e-05,0.002780500566586852,1724354.375,0.24529294669628143,2.6179324777331203e-05,0.0014033399056643248
A2_joint_product,joint_product,4,210,30,HCC_10147777_20171222.nii.gz,1,foreground,blur:1.5,0.026003887876868248,0.27899983525276184,0.0037190341390669346,0.0001,0.0,False,228868,6849020,0.032335635274648666,299.2966613769531,0.001307726139202714,0.05145285278558731,1966444.625,0.2871132791042328,0.0005549241905100644,0.026003887876868248
A2_joint_product,joint_product,4,211,31,HCC_PA0.nii.gz,0,context,blur:1.5,0.0,2.6249576446399185e-15,0.003355958266183734,0.0001,0.0,False,0,7077888,0.0,0.0,0.0,0.0,1769472.0,0.25,0.0,0.0
A2_joint_product,joint_product,4,212,32,HCC_PA0.nii.gz,1,foreground,gamma:0.3,0.0008674087002873421,0.005761904176324606,0.00302926916629076,0.0001,0.0,False,1135813,5942075,0.16047343611717224,47472.6171875,0.04179615527391434,0.0013647223822772503,2185431.0,0.36778920888900757,0.00037009501829743385,0.0008674087002873421
A2_joint_product,joint_product,4,213,33,CYST_PA37.nii.gz,0,context,gamma:0.3,0.0,3.2962721246786566e-16,0.002733471803367138,0.0001,0.0,False,0,7077888,0.0,0.0,0.0,0.0,1769472.0,0.25,0.0,0.0
A2_joint_product,joint_product,4,214,34,CYST_PA37.nii.gz,1,foreground,blur:1.5,0.005190008785575628,0.04700759798288345,0.0027149568777531385,0.0001,0.0,False,202150,6875738,0.028560779988765717,229.84429931640625,0.0011369987623766065,0.009960580617189407,2045497.875,0.297495037317276,0.00041943712858483195,0.005190008785575628
A2_joint_product,joint_product,4,215,35,ICC_PA18.nii.gz,0,context,blur:1.5,0.0,2.3949102724292286e-15,0.0024497974663972855,0.0001,0.0,False,0,7077888,0.0,0.0,0.0,0.0,1769472.0,0.25,0.0,0.0
A2_joint_product,joint_product,4,216,36,ICC_PA18.nii.gz,1,foreground,gamma:0.3,0.0006487537757493556,0.004351457115262747,0.002216859720647335,0.0001,0.0,False,831496,6246392,0.11747798323631287,20736.501953125,0.024938786402344704,0.001002020202577114,2178633.75,0.3487827181816101,0.00029548731981776655,0.0006487537757493556
A2_joint_product,joint_product,4,217,37,HCC_10081574_20140213.nii.gz,0,context,gamma:0.3,0.0,1.6978814730041203e-13,0.0020003048703074455,0.0001,0.0,False,0,7077888,0.0,0.0,0.0,0.0,1769472.0,0.25,0.0,0.0
A2_joint_product,joint_product,4,218,38,HCC_10081574_20140213.nii.gz,1,foreground,blur:1.5,0.0004395787254907191,0.0028983992524445057,0.0018123273039236665,0.0001,0.0,False,217923,6859965,0.030789269134402275,2088.486328125,0.009583598002791405,0.0004602392727974802,2046547.625,0.2983320951461792,0.0004189181490801275,0.0004395787254907191
A2_joint_product,joint_product,4,219,39,MET_PA19.nii.gz,0,context,blur:1.5,0.0,7.509436238936412e-16,0.00163525459356606,0.0001,0.0,False,0,7077888,0.0,0.0,0.0,0.0,1769472.0,0.25,0.0,0.0
A2_joint_product,joint_product,4,220,40,MET_PA19.nii.gz,1,foreground,gamma:0.3,0.0005463124834932387,0.006174345966428518,0.0015092202229425311,0.0001,0.0,False,183634,6894254,0.025944745168089867,96.25883483886719,0.0005241885082796216,0.0010400046594440937,1953373.25,0.28333353996276855,5.2620263886637986e-05,0.0005463124834932387
A2_joint_product,joint_product,4,221,41,HEM_PA24.nii.gz,0,context,gamma:0.3,0.0,9.321627363035627e-17,0.0013617346994578838,0.0001,0.0,False,0,7077888,0.0,0.0,0.0,0.0,1769472.0,0.25,0.0,0.0
A2_joint_product,joint_product,4,222,42,HEM_PA24.nii.gz,1,foreground,blur:1.5,0.003673878265544772,0.027843788266181946,0.0013678207760676742,0.0001,0.0,False,241542,6836346,0.03412628173828125,682.2576904296875,0.0028245924040675163,0.007098658476024866,1988087.125,0.29081135988235474,0.0002490982005838305,0.003673878265544772
A2_joint_product,joint_product,4,223,43,CYST_PA74.nii.gz,0,context,blur:1.5,0.0,3.575454395851911e-15,0.001234127557836473,0.0001,0.0,False,0,7077888,0.0,0.0,0.0,0.0,1769472.0,0.25,0.0,0.0
A2_joint_product,joint_product,4,224,44,CYST_PA74.nii.gz,1,foreground,gamma:0.3,6.864199531264603e-05,0.0006990188267081976,0.001113234437070787,0.0001,0.0,False,258931,6818957,0.03658308833837509,1753.06982421875,0.006770413368940353,7.411443948512897e-05,1934389.875,0.283678263425827,6.316955841612071e-05,6.864199531264603e-05
A2_joint_product,joint_product,4,225,45,HEM_PA34.nii.gz,0,context,gamma:0.3,0.0,1.2674397511738432e-16,0.0010044057853519917,0.0001,0.0,False,0,7077888,0.0,0.0,0.0,0.0,1769472.0,0.25,0.0,0.0
A2_joint_product,joint_product,4,226,46,HEM_PA34.nii.gz,1,foreground,blur:1.5,0.0004816651053261012,0.002675689058378339,0.0009044675389304757,0.0001,0.0,False,293538,6784350,0.04147254303097725,1743.401123046875,0.005939268972724676,0.00040811533108353615,1957705.625,0.28856199979782104,0.0005552148795686662,0.0004816651053261012
A2_joint_product,joint_product,4,227,47,FNH_PA32.nii.gz,0,context,blur:1.5,0.004577008541673422,0.08614242821931839,0.0011429294245317578,0.0001,0.0,False,82806,6995082,0.011699252761900425,13.787569046020508,0.00016650446923449636,0.009149307385087013,1759979.125,0.2516023516654968,4.709901986643672e-06,0.004577008541673422
A2_joint_product,joint_product,4,228,48,FNH_PA32.nii.gz,1,foreground,gamma:0.3,0.00020615309767890722,0.002767986850813031,0.0010398131562396884,0.0001,0.0,False,284258,6793630,0.04016141593456268,377.1343078613281,0.0013267324538901448,0.00039827899308875203,1849202.0,0.2721964716911316,1.4027188626641873e-05,0.00020615309767890722
A2_joint_product,joint_product,4,229,49,FNH_PA10.nii.gz,0,context,gamma:0.3,0.0,4.4222597559411957e-16,0.0009381248964928091,0.0001,0.0,False,0,7077888,0.0,0.0,0.0,0.0,1769472.0,0.25,0.0,0.0
A2_joint_product,joint_product,4,230,50,FNH_PA10.nii.gz,1,foreground,blur:1.5,0.0007121502421796322,0.00604760367423296,0.000833169266115874,0.0001,0.0,False,863052,6214836,0.1219363734126091,16670.0625,0.019315246492624283,0.0005935392109677196,2175838.0,0.35010382533073425,0.0008307613315992057,0.0007121502421796322
A2_joint_product,joint_product,4,231,51,CYST_PA54.nii.gz,0,context,blur:1.5,0.005257908254861832,0.07026363164186478,0.0012221086071804166,0.0001,0.0,False,84090,6993798,0.011880663223564625,16.072322845458984,0.00019113239250145853,0.01050957478582859,1749976.0,0.2502182424068451,6.242083600227488e-06,0.005257908254861832
A2_joint_product,joint_product,4,232,52,CYST_PA54.nii.gz,1,foreground,gamma:0.3,0.00028751417994499207,0.0036235337611287832,0.0011168249184265733,0.0001,0.0,False,231321,6846567,0.032682206481695175,300.3991394042969,0.0012986245565116405,0.0005644888733513653,1906823.25,0.27850791811943054,1.053946925821947e-05,0.00028751417994499207
A2_joint_product,joint_product,4,233,53,CYST_PA53.nii.gz,0,context,gamma:0.3,9.868417691905051e-05,0.0011093711946159601,0.001011477317661047,0.0001,0.0,False,256227,6821661,0.036201052367687225,650.99560546875,0.0025406985078006983,0.00018519598233979195,1919703.25,0.28141286969184875,1.2172374226793181e-05,9.868417691905051e-05
A2_joint_product,joint_product,4,234,54,CYST_PA53.nii.gz,1,foreground,blur:1.5,0.0012080968590453267,0.011606967076659203,0.0009804278379306197,0.0001,0.0,False,395200,6682688,0.05583586543798447,1338.9393310546875,0.0033880043774843216,0.002354550873860717,1936233.875,0.2897387742996216,6.164293154142797e-05,0.0012080968590453267
A2_joint_product,joint_product,4,235,55,CYST_PA38.nii.gz,0,context,blur:1.5,0.003589671105146408,0.02846442349255085,0.0010572399478405714,0.0001,0.0,False,48054,7029834,0.0067893136292696,9.544947624206543,0.0001986296265386045,0.007175532169640064,1779675.125,0.2531603276729584,3.8102048165455926e-06,0.003589671105146408
A2_joint_product,joint_product,4,236,56,CYST_PA38.nii.gz,1,foreground,gamma:0.3,0.00019296843674965203,0.002387437503784895,0.0009635149617679417,0.0001,0.0,False,227620,6850268,0.03215930983424187,236.86639404296875,0.001040622009895742,0.00037871921085752547,1911252.875,0.2790040969848633,7.217655365820974e-06,0.00019296843674965203
A2_joint_product,joint_product,4,237,57,HEM_PA66.nii.gz,0,context,gamma:0.3,0.0004521817318163812,0.008151177316904068,0.0009057490387931466,0.0001,0.0,False,50026,7027862,0.007067927625030279,4.978174209594727,9.951173706213012e-05,0.0009017599513754249,1799394.0,0.256037175655365,2.6035243081423687e-06,0.0004521817318163812
A2_joint_product,joint_product,4,238,58,HEM_PA66.nii.gz,1,foreground,blur:1.5,0.0014724609209224582,0.017265871167182922,0.0009330188040621579,0.0001,0.0,False,240303,6837585,0.033951230347156525,240.6309814453125,0.0010013649007305503,0.0029296146240085363,1842753.75,0.2695035934448242,1.5307274225051515e-05,0.0014724609209224582
A2_joint_product,joint_product,4,239,59,HEM_PA56.nii.gz,0,context,blur:1.5,0.0020070213358849287,0.04410301148891449,0.001071192673407495,0.0001,0.0,False,84305,6993583,0.011911039240658283,9.464668273925781,0.00011226698552491143,0.0040102507919073105,1771196.0,0.25326016545295715,3.7920838167337934e-06,0.0020070213358849287
A2_joint_product,joint_product,4,240,60,HEM_PA56.nii.gz,1,foreground,gamma:0.3,0.00014773922157473862,0.001414407161064446,0.0009707441786304116,0.0001,0.0,False,386275,6691613,0.05457489565014839,1361.71337890625,0.0035252433735877275,0.00026774578145705163,1922765.25,0.28733956813812256,2.7732676244340837e-05,0.00014773922157473862
A2_joint_product,joint_product,5,241,1,HEM_PA99.nii.gz,0,context,gamma:0.3,0.0,1.5760184701881473e-14,0.0008757159812375903,0.0001,0.0,False,0,7077888,0.0,0.0,0.0,0.0,1769472.0,0.25,0.0,0.0
A2_joint_product,joint_product,5,242,2,HEM_PA99.nii.gz,1,foreground,blur:1.5,0.001656694570556283,0.012193557806313038,0.0008463221020065248,0.0001,0.0,False,396016,6681872,0.055951155722141266,3379.462890625,0.008533651940524578,0.0028455036226660013,2005543.625,0.3001469671726227,0.00046788560575805604,0.001656694570556283
A2_joint_product,joint_product,5,243,3,HCC_10140276_20170721.nii.gz,0,context,blur:1.5,0.15850815176963806,1.6393524408340454,0.008717159740626812,0.0001,0.0,False,31095,7046793,0.0043932595290243626,0.9069969654083252,2.9168579203542322e-05,0.31698092818260193,1722289.125,0.244407519698143,3.537273369147442e-05,0.15850815176963806
A2_joint_product,joint_product,5,244,4,HCC_10140276_20170721.nii.gz,1,foreground,gamma:0.3,0.0007517366902902722,0.008551862090826035,0.007897811941802502,0.0001,0.0,False,182908,6894980,0.025842173025012016,203.26239013671875,0.0011112821521237493,0.0014228178188204765,2011968.875,0.29180198907852173,8.065551082836464e-05,0.0007517366902902722
A2_joint_product,joint_product,5,245,5,HEM_PA97.nii.gz,0,context,gamma:0.3,0.003085886826738715,0.06585484743118286,0.007249102927744389,0.0001,0.0,False,29498,7048390,0.004167627543210983,0.5313544273376465,1.8013235603575595e-05,0.006138906814157963,1793645.625,0.2544759213924408,3.2866799301700667e-05,0.003085886826738715
A2_joint_product,joint_product,5,246,6,HEM_PA97.nii.gz,1,foreground,blur:1.5,0.030479105189442635,0.2691313326358795,0.00790022686123848,0.0001,0.0,False,279722,6798166,0.03952054679393768,258.44677734375,0.0009239415521733463,0.06018390879034996,1919218.375,0.28231412172317505,0.0007743020541965961,0.030479105189442635
A2_joint_product,joint_product,5,247,7,CYST_PA69.nii.gz,0,context,blur:1.5,0.0,1.9257522754722277e-14,0.007126494776457548,0.0001,0.0,False,0,7077888,0.0,0.0,0.0,0.0,1769472.0,0.25,0.0,0.0
A2_joint_product,joint_product,5,248,8,CYST_PA69.nii.gz,1,foreground,gamma:0.3,0.0010931281140074134,0.01066000759601593,0.0064400252886116505,0.0001,0.0,False,435849,6642039,0.061578962951898575,2869.322509765625,0.006583294831216335,0.0013571948511525989,1931668.25,0.2908245921134949,0.0008290614350698888,0.0010931281140074134
A2_joint_product,joint_product,5,249,9,HCC_10076307_20130925.nii.gz,0,context,gamma:0.3,0.004577301442623138,0.11607008427381516,0.0062014199793338776,0.0001,0.0,False,14673,7063215,0.0020730760879814625,0.05134439468383789,3.499243121041218e-06,0.008974376134574413,1779557.0,0.25194716453552246,0.00018022711446974427,0.004577301442623138
A2_joint_product,joint_product,5,250,10,HCC_10076307_20130925.nii.gz,1,foreground,blur:1.5,0.008768504485487938,0.0877959281206131,0.006142779253423214,0.0001,0.0,False,230690,6847198,0.03259305655956268,208.19859313964844,0.0009025037870742381,0.01640496589243412,1981415.25,0.28937605023384094,0.001132042845711112,0.008768504485487938
A2_joint_product,joint_product,5,251,11,CYST_PA20.nii.gz,0,context,blur:1.5,0.0191086046397686,0.40609851479530334,0.00782767590135336,0.0001,0.0,False,7532,7070356,0.001064159208908677,0.13259020447731018,1.760358463798184e-05,0.036681290715932846,1779917.125,0.2517436444759369,0.0015359168173745275,0.0191086046397686
A2_joint_product,joint_product,5,252,12,CYST_PA20.nii.gz,1,foreground,gamma:0.3,0.00013950109132565558,0.0017221353482455015,0.007060088217258453,0.0001,0.0,False,230686,6847202,0.03259249031543732,909.6148681640625,0.003943086601793766,0.00015109500964172184,2023201.75,0.29547861218452454,0.00012790718756150454,0.00013950109132565558
A2_joint_product,joint_product,5,253,13,CYST_PA56.nii.gz,0,context,gamma:0.3,0.0,3.879164994172196e-16,0.006368332076817751,0.0001,0.0,False,0,7077888,0.0,0.0,0.0,0.0,1769472.0,0.25,0.0,0.0
A2_joint_product,joint_product,5,254,14,CYST_PA56.nii.gz,1,foreground,blur:1.5,0.0035032632295042276,0.0577169731259346,0.005921745672821999,0.0001,0.0,False,259412,6818476,0.036651045083999634,885.6433715820312,0.003414041828364134,0.006357904523611069,2001620.875,0.29355838894844055,0.0006486219353973866,0.0035032632295042276
A2_joint_product,joint_product,5,255,15,HCC_10136895_20170421.nii.gz,0,context,blur:1.5,0.018223246559500694,0.1843925565481186,0.0061526051722466946,0.0001,0.0,False,31005,7046883,0.0043805441819131374,2.551334857940674,8.228785009123385e-05,0.0268564336001873,1797925.5,0.25513768196105957,0.009590058587491512,0.018223246559500694
A2_joint_product,joint_product,5,256,16,HCC_10136895_20170421.nii.gz,1,foreground,gamma:0.3,0.0008572492515668273,0.007247093599289656,0.005583734251558781,0.0001,0.0,False,257228,6820660,0.03634247928857803,648.810546875,0.002522316761314869,0.0015110974200069904,1953535.375,0.28641441464424133,0.0002034010540228337,0.0008572492515668273
A2_joint_product,joint_product,5,257,17,MET_PA13.nii.gz,0,context,gamma:0.3,0.0,5.2092910067943695e-17,0.005036479327827692,0.0001,0.0,False,0,7077888,0.0,0.0,0.0,0.0,1769472.0,0.25,0.0,0.0
A2_joint_product,joint_product,5,258,18,MET_PA13.nii.gz,1,foreground,blur:1.5,0.0038712425157427788,0.03321920707821846,0.004510917700827122,0.0001,0.0,False,213869,6864019,0.030216500163078308,329.48406982421875,0.0015405883314087987,0.0023005842231214046,1943334.5,0.2831190228462219,0.005441900808364153,0.0038712425157427788
A2_joint_product,joint_product,5,259,19,HCC_10074592_20130816.nii.gz,0,context,blur:1.5,0.0897006168961525,0.814374566078186,0.007682127878069878,0.0001,0.0,False,3899,7073989,0.0005508705507963896,0.008260665461421013,2.118662678185501e-06,0.1691504865884781,1770836.75,0.25033071637153625,0.01025074440985918,0.0897006168961525
A2_joint_product,joint_product,5,260,20,HCC_10074592_20130816.nii.gz,1,foreground,gamma:0.3,0.0002596066624391824,0.0033903021831065416,0.0069277179427444935,0.0001,0.0,False,253900,6823988,0.035872284322977066,2218.395751953125,0.008737281896173954,0.00032941505196504295,2115814.0,0.31005534529685974,0.00018979827291332185,0.0002596066624391824
A2_joint_product,joint_product,5,261,21,CYST_PA19.nii.gz,0,context,gamma:0.3,0.0,4.675640397689459e-16,0.006248554214835167,0.0001,0.0,False,0,7077888,0.0,0.0,0.0,0.0,1769472.0,0.25,0.0,0.0
A2_joint_product,joint_product,5,262,22,CYST_PA19.nii.gz,1,foreground,blur:1.5,0.001081321039237082,0.00890623964369297,0.005608865059912205,0.0001,0.0,False,217747,6860141,0.030764402821660042,998.0242919921875,0.004583412315696478,0.0005645848577842116,1947229.375,0.2838468551635742,0.0015980572206899524,0.001081321039237082
A2_joint_product,joint_product,5,263,23,HEM_PA13.nii.gz,0,context,blur:1.5,0.0,7.744879105141993e-16,0.005058922804892063,0.0001,0.0,False,0,7077888,0.0,0.0,0.0,0.0,1769472.0,0.25,0.0,0.0
A2_joint_product,joint_product,5,264,24,HEM_PA13.nii.gz,1,foreground,gamma:0.3,0.0006119380122981966,0.005884316749870777,0.004567806143313646,0.0001,0.0,False,345692,6732196,0.048841122537851334,674.955078125,0.001952475169673562,0.000756343302782625,2005440.125,0.2978879511356354,0.00046753272181376815,0.0006119380122981966
A2_joint_product,joint_product,5,265,25,HCC_10142924_20170911.nii.gz,0,context,gamma:0.3,0.002718813018873334,0.046093061566352844,0.004316211212426424,0.0001,0.0,False,11022,7066866,0.0015572442207485437,0.034774214029312134,3.154982096020831e-06,0.004815950524061918,1777510.75,0.25152742862701416,0.0006216755136847496,0.002718813018873334
A2_joint_product,joint_product,5,266,26,HCC_10142924_20170911.nii.gz,1,foreground,blur:1.5,0.0016219938406720757,0.011113449931144714,0.003902185009792447,0.0001,0.0,False,179460,6898428,0.02535502053797245,741.774658203125,0.004133370704948902,0.0018058151472359896,1996459.375,0.289407879114151,0.001438172534108162,0.0016219938406720757
A2_joint_product,joint_product,5,267,27,MET_PA25.nii.gz,0,context,blur:1.5,0.0,1.4980065663394368e-15,0.003519480349496007,0.0001,0.0,False,0,7077888,0.0,0.0,0.0,0.0,1769472.0,0.25,0.0,0.0
A2_joint_product,joint_product,5,268,28,MET_PA25.nii.gz,1,foreground,gamma:0.3,8.44220194267109e-05,0.0011644097976386547,0.00317304371856153,0.0001,0.0,False,195115,6882773,0.02756683900952339,996.4360961914062,0.00510691711679101,7.223312422866002e-05,1973038.875,0.28666335344314575,9.661091462476179e-05,8.44220194267109e-05
A2_joint_product,joint_product,5,269,29,HCC_10147777_20171222.nii.gz,0,context,gamma:0.3,0.0012807348975911736,0.022828232496976852,0.0029595450032502413,0.0001,0.0,False,48112,7029776,0.006797507870942354,3.157656192779541,6.563136412296444e-05,0.002514346269890666,1724354.375,0.24529294669628143,4.7123543481575325e-05,0.0012807348975911736
A2_joint_product,joint_product,5,270,30,HCC_10147777_20171222.nii.gz,1,foreground,blur:1.5,0.017341159284114838,0.18069525063037872,0.0037884716875851154,0.0001,0.0,False,228868,6849020,0.032335635274648666,299.2966613769531,0.001307726139202714,0.03402275592088699,1966444.625,0.2871132791042328,0.0006595640443265438,0.017341159284114838
A2_joint_product,joint_product,5,271,31,HCC_PA0.nii.gz,0,context,blur:1.5,0.0,2.7019393870181783e-15,0.003416824620217085,0.0001,0.0,False,0,7077888,0.0,0.0,0.0,0.0,1769472.0,0.25,0.0,0.0
A2_joint_product,joint_product,5,272,32,HCC_PA0.nii.gz,1,foreground,gamma:0.3,0.0008297399617731571,0.008596277795732021,0.003059066366404295,0.0001,0.0,False,1135813,5942075,0.16047343611717224,47472.6171875,0.04179615527391434,0.0008969338377937675,2185431.0,0.36778920888900757,0.0007625460275448859,0.0008297399617731571
A2_joint_product,joint_product,5,273,33,CYST_PA37.nii.gz,0,context,gamma:0.3,0.0,1.9430983455616933e-16,0.0027589364908635616,0.0001,0.0,False,0,7077888,0.0,0.0,0.0,0.0,1769472.0,0.25,0.0,0.0
A2_joint_product,joint_product,5,274,34,CYST_PA37.nii.gz,1,foreground,blur:1.5,0.0031806963961571455,0.022981280460953712,0.002626265399158001,0.0001,0.0,False,202150,6875738,0.028560779988765717,229.84429931640625,0.0011369987623766065,0.004795399494469166,2045497.875,0.297495037317276,0.0015659931814298034,0.0031806963961571455
A2_joint_product,joint_product,5,275,35,ICC_PA18.nii.gz,0,context,blur:1.5,0.0,4.905019566783884e-15,0.002368567045778036,0.0001,0.0,False,0,7077888,0.0,0.0,0.0,0.0,1769472.0,0.25,0.0,0.0
A2_joint_product,joint_product,5,276,36,ICC_PA18.nii.gz,1,foreground,gamma:0.3,0.000710728345438838,0.006694161798804998,0.0021206350065767765,0.0001,0.0,False,831496,6246392,0.11747798323631287,20736.501953125,0.024938786402344704,0.0007574473274871707,2178633.75,0.3487827181816101,0.0006640094215981662,0.000710728345438838
A2_joint_product,joint_product,5,277,37,HCC_10081574_20140213.nii.gz,0,context,gamma:0.3,0.002371552400290966,0.1218719556927681,0.001795492717064917,0.0001,0.0,False,0,7077888,0.0,0.0,0.0,0.0,1769472.0,0.25,0.002371552400290966,0.002371552400290966
A2_joint_product,joint_product,5,278,38,HCC_10081574_20140213.nii.gz,1,foreground,blur:1.5,0.0004274692037142813,0.003937126137316227,0.001613908912986517,0.0001,0.0,False,217923,6859965,0.030789269134402275,2088.486328125,0.009583598002791405,0.00027410004986450076,2046547.625,0.2983320951461792,0.0005808383575640619,0.0004274692037142813
A2_joint_product,joint_product,5,279,39,MET_PA19.nii.gz,0,context,blur:1.5,0.0,7.527023819294963e-16,0.0014555086381733418,0.0001,0.0,False,0,7077888,0.0,0.0,0.0,0.0,1769472.0,0.25,0.0,0.0
A2_joint_product,joint_product,5,280,40,MET_PA19.nii.gz,1,foreground,gamma:0.3,0.000447923201136291,0.0048957206308841705,0.0013439892791211605,0.0001,0.0,False,183634,6894254,0.025944745168089867,96.25883483886719,0.0005241885082796216,0.0007697223336435854,1953373.25,0.28333353996276855,0.00012612408318091184,0.000447923201136291
A2_joint_product,joint_product,5,281,41,HEM_PA24.nii.gz,0,context,gamma:0.3,0.0,1.3668622285912868e-16,0.0012120649917051196,0.0001,0.0,False,0,7077888,0.0,0.0,0.0,0.0,1769472.0,0.25,0.0,0.0
A2_joint_product,joint_product,5,282,42,HEM_PA24.nii.gz,1,foreground,blur:1.5,0.001960368361324072,0.014970550313591957,0.0011999746784567833,0.0001,0.0,False,241542,6836346,0.03412628173828125,682.2576904296875,0.0028245924040675163,0.003234149655327201,1988087.125,0.29081135988235474,0.0006865871837362647,0.001960368361324072
A2_joint_product,joint_product,5,283,43,CYST_PA74.nii.gz,0,context,blur:1.5,0.0,1.5484576486229158e-15,0.001082173315808177,0.0001,0.0,False,0,7077888,0.0,0.0,0.0,0.0,1769472.0,0.25,0.0,0.0
A2_joint_product,joint_product,5,284,44,CYST_PA74.nii.gz,1,foreground,gamma:0.3,0.0001294891262659803,0.0023245157208293676,0.0009663520031608641,0.0001,0.0,False,258931,6818957,0.03658308833837509,1753.06982421875,0.006770413368940353,5.4614763939753175e-05,1934389.875,0.283678263425827,0.00020436348859220743,0.0001294891262659803
A2_joint_product,joint_product,5,285,45,HEM_PA34.nii.gz,0,context,gamma:0.3,0.0,2.0555660568091392e-16,0.0008714755531400442,0.0001,0.0,False,0,7077888,0.0,0.0,0.0,0.0,1769472.0,0.25,0.0,0.0
A2_joint_product,joint_product,5,286,46,HEM_PA34.nii.gz,1,foreground,blur:1.5,0.0005531574715860188,0.0052746194414794445,0.0007651204359717667,0.0001,0.0,False,293538,6784350,0.04147254303097725,1743.401123046875,0.005939268972724676,0.00024024207959882915,1957705.625,0.28856199979782104,0.000866072834469378,0.0005531574715860188
A2_joint_product,joint_product,5,287,47,FNH_PA32.nii.gz,0,context,blur:1.5,0.0025817847345024347,0.05753183737397194,0.0009922166354954243,0.0001,0.0,False,82806,6995082,0.011699252761900425,13.787569046020508,0.00016650446923449636,0.005149695556610823,1759979.125,0.2516023516654968,1.3873966054234188e-05,0.0025817847345024347
A2_joint_product,joint_product,5,288,48,FNH_PA32.nii.gz,1,foreground,gamma:0.3,0.00021877200924791396,0.002815929241478443,0.0009074801346287131,0.0001,0.0,False,284258,6793630,0.04016141593456268,377.1343078613281,0.0013267324538901448,0.00041093118488788605,1849202.0,0.2721964716911316,2.6612831788952462e-05,0.00021877200924791396
A2_joint_product,joint_product,5,289,49,FNH_PA10.nii.gz,0,context,gamma:0.3,0.0,4.1830264702362105e-15,0.0008183635072782636,0.0001,0.0,False,0,7077888,0.0,0.0,0.0,0.0,1769472.0,0.25,0.0,0.0
A2_joint_product,joint_product,5,290,50,FNH_PA10.nii.gz,1,foreground,blur:1.5,0.0011803790694102645,0.014714115299284458,0.0006810895283706486,0.0001,0.0,False,863052,6214836,0.1219363734126091,16670.0625,0.019315246492624283,0.0005758386105298996,2175838.0,0.35010382533073425,0.0017849195282906294,0.0011803790694102645
A2_joint_product,joint_product,5,291,51,CYST_PA54.nii.gz,0,context,blur:1.5,0.005033866968005896,0.07995931804180145,0.0013932057190686464,0.0001,0.0,False,84090,6993798,0.011880663223564625,16.072322845458984,0.00019113239250145853,0.010056249797344208,1749976.0,0.2502182424068451,1.1483917660370935e-05,0.005033866968005896
A2_joint_product,joint_product,5,292,52,CYST_PA54.nii.gz,1,foreground,gamma:0.3,0.0001557289797347039,0.0018831640481948853,0.0012648683041334152,0.0001,0.0,False,231321,6846567,0.032682206481695175,300.3991394042969,0.0012986245565116405,0.0002751805877778679,1906823.25,0.27850791811943054,3.627736077760346e-05,0.0001557289797347039
A2_joint_product,joint_product,5,293,53,CYST_PA53.nii.gz,0,context,gamma:0.3,9.34032432269305e-05,0.0009128000820055604,0.0011464545968919992,0.0001,0.0,False,256227,6821661,0.036201052367687225,650.99560546875,0.0025406985078006983,0.00016567128477618098,1919703.25,0.28141286969184875,2.113520349666942e-05,9.34032432269305e-05
A2_joint_product,joint_product,5,294,54,CYST_PA53.nii.gz,1,foreground,blur:1.5,0.001094056642614305,0.011670488864183426,0.0011512467171996832,0.0001,0.0,False,395200,6682688,0.05583586543798447,1338.9393310546875,0.0033880043774843216,0.0021316823549568653,1936233.875,0.2897387742996216,5.6430897529935464e-05,0.001094056642614305
A2_joint_product,joint_product,5,295,55,CYST_PA38.nii.gz,0,context,blur:1.5,0.002084241947159171,0.024475758895277977,0.0012900287983939052,0.0001,0.0,False,48054,7029834,0.0067893136292696,9.544947624206543,0.0001986296265386045,0.0041575925424695015,1779675.125,0.2531603276729584,1.0891379133681767e-05,0.002084241947159171
A2_joint_product,joint_product,5,296,56,CYST_PA38.nii.gz,1,foreground,gamma:0.3,9.06135028344579e-05,0.0010485748061910272,0.0011689340462908149,0.0001,0.0,False,227620,6850268,0.03215930983424187,236.86639404296875,0.001040622009895742,0.00016300496645271778,1911252.875,0.2790040969848633,1.822204103518743e-05,9.06135028344579e-05
A2_joint_product,joint_product,5,297,57,HEM_PA66.nii.gz,0,context,gamma:0.3,0.00021137759904377162,0.004012735094875097,0.0010821192990988493,0.0001,0.0,False,50026,7027862,0.007067927625030279,4.978174209594727,9.951173706213012e-05,0.0004140123201068491,1799394.0,0.256037175655365,8.742887075641192e-06,0.00021137759904377162
A2_joint_product,joint_product,5,298,58,HEM_PA66.nii.gz,1,foreground,blur:1.5,0.0006620952626690269,0.00874820165336132,0.0010592350736260414,0.0001,0.0,False,240303,6837585,0.033951230347156525,240.6309814453125,0.0010013649007305503,0.0013036389136686921,1842753.75,0.2695035934448242,2.0551618945319206e-05,0.0006620952626690269
A2_joint_product,joint_product,5,299,59,HEM_PA56.nii.gz,0,context,blur:1.5,0.0010356017155572772,0.02469131536781788,0.001161451218649745,0.0001,0.0,False,84305,6993583,0.011911039240658283,9.464668273925781,0.00011226698552491143,0.0020644294563680887,1771196.0,0.25326016545295715,6.7740606937150005e-06,0.0010356017155572772
A2_joint_product,joint_product,5,300,60,HEM_PA56.nii.gz,1,foreground,gamma:0.3,0.00010657453094609082,0.001161307329311967,0.0010518127819523215,0.0001,0.0,False,386275,6691613,0.05457489565014839,1361.71337890625,0.0035252433735877275,0.0001895826862892136,1922765.25,0.28733956813812256,2.356638287892565e-05,0.00010657453094609082
